"pid","day","daysInStudy","day_zero","time_type","time_time","situation_major","weather_temperature","notification_type","engagement","S1","S2","time_time_simple"
1,0,0,0,"weekday","beforelunch","travelling","freezing","grocery",1,0,0,"midday"
1,2,2,0,"weekday","breakfast","unknown","warm","grocery",0,0,0,"morning"
1,7,7,0,"weekday","dinner","travelling","hot","restaurant",1,0,0,"night"
1,11,11,0,"weekend","breakfast","leisure","freezing","restaurant",0,0,0,"morning"
1,13,13,0,"weekday","afternoon","travelling","freezing","grocery",0,0,0,"midday"
1,15,15,0,"weekday","unknown","unknown","freezing","grocery",0,0,0,"unknown"
1,20,20,0,"weekday","beforelunch","morningrituals","unknown","restaurant",0,0,0,"midday"
1,21,21,0,"weekday","beforelunch","travelling","warm","grocery",1,0,0,"midday"
1,22,22,0,"weekend","beforelunch","travelling","unknown","grocery",0,0,0,"midday"
1,26,26,0,"weekend","breakfast","leisure","cold","grocery",0,0,0,"morning"
1,30,30,0,"weekday","beforelunch","shopping","hot","grocery",0,0,0,"midday"
1,32,32,0,"weekend","night","travelling","warm","grocery",1,0,0,"night"
1,34,34,0,"weekend","afternoon","unknown","unknown","grocery",1,0,0,"midday"
1,38,38,0,"weekday","afternoon","travelling","hot","grocery",0,0,0,"midday"
1,42,42,0,"weekday","afternoon","travelling","unknown","grocery",1,0,0,"midday"
1,44,44,0,"weekend","afternoon","working","freezing","restaurant",0,0,0,"midday"
1,45,45,0,"unknown","afternoon","travelling","warm","grocery",0,0,0,"midday"
1,46,46,0,"weekday","beforelunch","travelling","warm","grocery",0,0,0,"midday"
1,48,48,0,"weekday","afternoon","travelling","unknown","restaurant",0,0,0,"midday"
1,49,49,0,"weekday","beforelunch","travelling","cold","restaurant",1,0,0,"midday"
1,60,60,0,"weekday","afternoon","travelling","freezing","restaurant",0,1,0,"midday"
1,61,61,0,"weekend","beforelunch","travelling","cold","grocery",1,1,0,"midday"
1,63,63,0,"weekday","breakfast","travelling","hot","grocery",1,1,0,"morning"
1,66,66,0,"weekday","afternoon","travelling","cold","grocery",0,1,0,"midday"
1,67,67,0,"weekday","breakfast","shopping","warm","grocery",1,1,0,"morning"
1,68,68,0,"weekday","beforelunch","travelling","cold","grocery",0,1,0,"midday"
1,69,69,0,"weekday","afternoon","travelling","cold","grocery",0,1,0,"midday"
1,74,74,0,"weekday","afternoon","travelling","warm","restaurant",0,1,0,"midday"
1,75,75,0,"weekend","breakfast","travelling","freezing","grocery",0,1,0,"morning"
1,78,78,0,"weekend","afternoon","travelling","cold","restaurant",1,1,0,"midday"
1,82,82,0,"weekday","afternoon","travelling","hot","restaurant",0,1,0,"midday"
1,89,89,0,"weekday","morning","travelling","freezing","grocery",0,1,0,"morning"
1,90,90,0,"weekday","beforelunch","travelling","unknown","grocery",0,1,0,"midday"
1,94,94,0,"weekday","afternoon","travelling","unknown","restaurant",1,1,0,"midday"
1,99,99,0,"weekday","afternoon","travelling","cold","grocery",0,1,0,"midday"
1,100,100,0,"weekday","afternoon","travelling","unknown","grocery",0,1,0,"midday"
1,103,103,0,"weekday","beforelunch","travelling","freezing","grocery",0,1,0,"midday"
1,105,105,0,"weekday","beforelunch","travelling","cold","grocery",0,1,0,"midday"
1,112,112,0,"weekday","lunch","travelling","warm","restaurant",0,1,0,"midday"
1,114,114,0,"weekend","breakfast","travelling","unknown","grocery",0,1,1,"morning"
1,116,116,0,"weekday","breakfast","travelling","hot","restaurant",1,1,1,"morning"
1,117,117,0,"unknown","lunch","travelling","unknown","grocery",0,1,1,"midday"
1,119,119,0,"weekend","lunch","travelling","cold","grocery",0,1,1,"midday"
1,122,122,0,"weekday","beforelunch","travelling","freezing","restaurant",1,1,1,"midday"
1,123,123,0,"weekend","beforelunch","travelling","unknown","restaurant",0,1,1,"midday"
1,125,125,0,"weekday","afternoon","unknown","hot","restaurant",1,1,1,"midday"
1,127,127,0,"weekend","dinner","working","cold","restaurant",0,1,1,"night"
1,129,129,0,"weekday","beforelunch","travelling","freezing","grocery",0,1,1,"midday"
1,130,130,0,"weekday","earlymorning","unknown","freezing","restaurant",0,1,1,"morning"
1,132,132,0,"weekday","afternoon","unknown","cold","grocery",0,1,1,"midday"
1,134,134,0,"unknown","breakfast","travelling","warm","grocery",0,1,1,"morning"
1,138,138,0,"weekday","beforelunch","travelling","warm","restaurant",0,1,1,"midday"
1,139,139,0,"weekend","breakfast","working","cold","grocery",0,1,1,"morning"
1,144,144,0,"weekend","afternoon","working","unknown","grocery",0,1,1,"midday"
1,156,156,0,"weekday","breakfast","leisure","unknown","restaurant",0,1,1,"morning"
1,164,164,0,"weekday","afternoon","leisure","cold","grocery",0,1,1,"midday"
1,165,165,0,"weekday","breakfast","travelling","cold","restaurant",0,1,1,"morning"
1,171,171,0,"weekday","afternoon","travelling","warm","restaurant",0,1,1,"midday"
1,172,172,0,"weekday","morning","shopping","warm","grocery",0,1,1,"morning"
1,173,173,0,"weekday","beforelunch","travelling","cold","restaurant",0,1,1,"midday"
1,181,181,0,"weekday","afternoon","working","freezing","grocery",1,1,1,"midday"
2,20,18,2,"weekday","morning","travelling","freezing","restaurant",0,0,0,"morning"
2,22,20,2,"weekday","beforelunch","travelling","warm","restaurant",0,0,0,"midday"
2,29,27,2,"weekend","afternoon","working","cold","grocery",1,0,0,"midday"
2,30,28,2,"weekday","lunch","shopping","freezing","restaurant",0,0,0,"midday"
2,31,29,2,"weekday","breakfast","travelling","freezing","restaurant",0,0,0,"morning"
2,37,35,2,"weekday","breakfast","travelling","warm","grocery",0,0,0,"morning"
2,40,38,2,"weekday","night","unknown","freezing","grocery",0,0,0,"night"
2,47,45,2,"weekday","beforelunch","travelling","cold","restaurant",1,0,0,"midday"
2,48,46,2,"weekend","beforelunch","travelling","cold","restaurant",0,0,0,"midday"
2,53,51,2,"weekday","lunch","travelling","hot","restaurant",0,0,0,"midday"
2,54,52,2,"weekday","morning","travelling","cold","restaurant",0,0,0,"morning"
2,55,53,2,"weekday","morning","leisure","freezing","grocery",0,0,0,"morning"
2,64,62,2,"weekday","lunch","travelling","cold","restaurant",0,1,0,"midday"
2,69,67,2,"weekday","beforelunch","shopping","cold","restaurant",1,1,0,"midday"
2,71,69,2,"weekday","breakfast","unknown","warm","grocery",0,1,0,"morning"
2,79,77,2,"weekday","afternoon","travelling","cold","restaurant",0,1,0,"midday"
2,85,83,2,"weekday","breakfast","morningrituals","freezing","restaurant",0,1,0,"morning"
2,86,84,2,"weekday","beforelunch","working","hot","grocery",1,1,0,"midday"
2,88,86,2,"weekday","morning","working","unknown","restaurant",0,1,0,"morning"
2,90,88,2,"weekday","morning","working","freezing","grocery",0,1,0,"morning"
2,93,91,2,"weekend","afternoon","unknown","warm","grocery",1,1,0,"midday"
2,94,92,2,"weekday","lunch","travelling","unknown","restaurant",0,1,0,"midday"
2,107,105,2,"weekday","beforelunch","unknown","cold","restaurant",0,1,0,"midday"
2,108,106,2,"weekend","lunch","travelling","freezing","restaurant",0,1,0,"midday"
2,116,114,2,"weekday","breakfast","morningrituals","cold","grocery",0,1,1,"morning"
2,123,121,2,"weekday","morning","travelling","unknown","grocery",0,1,1,"morning"
2,127,125,2,"weekday","afternoon","working","cold","grocery",0,1,1,"midday"
2,128,126,2,"weekday","breakfast","travelling","unknown","grocery",0,1,1,"morning"
2,130,128,2,"weekend","morning","social","unknown","grocery",0,1,1,"morning"
2,132,130,2,"weekday","lunch","unknown","unknown","grocery",0,1,1,"midday"
2,133,131,2,"weekday","breakfast","leisure","hot","grocery",0,1,1,"morning"
2,143,141,2,"weekday","afternoon","unknown","unknown","grocery",1,1,1,"midday"
2,147,145,2,"weekend","afternoon","travelling","freezing","grocery",0,1,1,"midday"
2,153,151,2,"weekday","lunch","unknown","warm","grocery",0,1,1,"midday"
2,155,153,2,"weekend","dinner","travelling","cold","grocery",1,1,1,"night"
2,160,158,2,"weekday","night","unknown","cold","restaurant",1,1,1,"night"
2,165,163,2,"weekday","unknown","unknown","hot","restaurant",1,1,1,"unknown"
2,167,165,2,"weekday","breakfast","travelling","unknown","grocery",0,1,1,"morning"
2,169,167,2,"weekday","morning","travelling","cold","grocery",0,1,1,"morning"
2,170,168,2,"weekday","lunch","working","cold","restaurant",0,1,1,"midday"
2,179,177,2,"weekend","lunch","travelling","freezing","grocery",1,1,1,"midday"
2,183,181,2,"weekday","lunch","travelling","freezing","grocery",0,1,1,"midday"
3,14,0,14,"weekday","lunch","travelling","unknown","restaurant",0,0,0,"midday"
3,15,1,14,"weekday","lunch","shopping","unknown","grocery",0,0,0,"midday"
3,16,2,14,"weekend","afternoon","unknown","cold","restaurant",1,0,0,"midday"
3,19,5,14,"weekend","beforelunch","working","freezing","restaurant",0,0,0,"midday"
3,20,6,14,"weekend","lunch","leisure","cold","restaurant",0,0,0,"midday"
3,22,8,14,"weekday","afternoon","leisure","unknown","restaurant",0,0,0,"midday"
3,24,10,14,"weekday","lunch","travelling","warm","restaurant",1,0,0,"midday"
3,26,12,14,"weekend","afternoon","leisure","unknown","restaurant",1,0,0,"midday"
3,33,19,14,"weekday","lunch","working","unknown","restaurant",0,0,0,"midday"
3,34,20,14,"weekday","evening","working","cold","restaurant",0,0,0,"night"
3,44,30,14,"weekday","beforelunch","travelling","unknown","grocery",0,0,0,"midday"
3,47,33,14,"weekday","afternoon","unknown","cold","grocery",1,0,0,"midday"
3,50,36,14,"weekday","breakfast","travelling","cold","grocery",0,0,0,"morning"
3,53,39,14,"weekend","breakfast","travelling","unknown","grocery",1,0,0,"morning"
3,57,43,14,"weekday","breakfast","travelling","unknown","restaurant",0,0,0,"morning"
3,60,46,14,"weekday","afternoon","morningrituals","unknown","grocery",1,0,0,"midday"
3,64,50,14,"weekend","earlymorning","travelling","freezing","restaurant",0,0,0,"morning"
3,70,56,14,"weekday","afternoon","travelling","freezing","grocery",0,0,0,"midday"
3,72,58,14,"weekday","afternoon","morningrituals","freezing","grocery",0,1,0,"midday"
3,74,60,14,"weekday","dinner","travelling","hot","grocery",0,1,0,"night"
3,81,67,14,"weekday","unknown","travelling","cold","restaurant",0,1,0,"unknown"
3,83,69,14,"weekday","morning","travelling","cold","restaurant",0,1,0,"morning"
3,84,70,14,"weekday","afternoon","shopping","warm","grocery",0,1,0,"midday"
3,88,74,14,"weekday","beforelunch","travelling","warm","grocery",1,1,0,"midday"
3,93,79,14,"weekend","beforelunch","travelling","freezing","grocery",1,1,0,"midday"
3,100,86,14,"weekend","morning","working","cold","grocery",1,1,0,"morning"
3,108,94,14,"weekday","latenight","unknown","unknown","restaurant",0,1,0,"night"
3,113,99,14,"weekday","beforelunch","unknown","cold","grocery",0,1,0,"midday"
3,119,105,14,"weekday","beforelunch","travelling","unknown","restaurant",0,1,0,"midday"
3,120,106,14,"weekend","breakfast","leisure","unknown","restaurant",0,1,0,"morning"
3,125,111,14,"weekend","lunch","travelling","cold","restaurant",1,1,0,"midday"
3,131,117,14,"weekend","afternoon","travelling","cold","grocery",0,1,1,"midday"
3,133,119,14,"weekday","afternoon","travelling","hot","restaurant",0,1,1,"midday"
3,137,123,14,"weekday","afternoon","travelling","cold","grocery",0,1,1,"midday"
3,140,126,14,"weekday","afternoon","travelling","hot","grocery",0,1,1,"midday"
3,152,138,14,"weekday","afternoon","travelling","unknown","restaurant",0,1,1,"midday"
3,158,144,14,"weekday","beforelunch","travelling","warm","grocery",0,1,1,"midday"
3,160,146,14,"weekend","afternoon","travelling","unknown","restaurant",0,1,1,"midday"
3,162,148,14,"weekend","lunch","unknown","freezing","grocery",0,1,1,"midday"
3,165,151,14,"weekday","morning","working","hot","grocery",0,1,1,"morning"
3,176,162,14,"weekend","beforelunch","travelling","unknown","restaurant",1,1,1,"midday"
3,181,167,14,"weekday","beforelunch","unknown","cold","grocery",0,1,1,"midday"
3,182,168,14,"weekend","lunch","travelling","freezing","restaurant",0,1,1,"midday"
3,185,171,14,"weekday","beforelunch","travelling","freezing","restaurant",0,1,1,"midday"
3,197,183,14,"weekday","beforelunch","travelling","warm","grocery",1,1,1,"midday"
4,18,0,18,"weekday","afternoon","travelling","cold","grocery",1,0,0,"midday"
4,20,2,18,"weekday","lunch","unknown","unknown","grocery",0,0,0,"midday"
4,23,5,18,"weekend","lunch","working","freezing","restaurant",0,0,0,"midday"
4,26,8,18,"weekday","afternoon","travelling","cold","grocery",0,0,0,"midday"
4,29,11,18,"weekday","lunch","unknown","freezing","restaurant",1,0,0,"midday"
4,30,12,18,"weekday","lunch","travelling","unknown","grocery",1,0,0,"midday"
4,31,13,18,"weekday","afternoon","working","unknown","restaurant",0,0,0,"midday"
4,33,15,18,"weekday","evening","travelling","cold","grocery",0,0,0,"night"
4,34,16,18,"weekday","earlymorning","leisure","freezing","restaurant",1,0,0,"morning"
4,36,18,18,"weekday","afternoon","travelling","unknown","restaurant",1,0,0,"midday"
4,37,19,18,"weekday","breakfast","travelling","freezing","grocery",1,0,0,"morning"
4,39,21,18,"weekday","lunch","travelling","unknown","restaurant",0,0,0,"midday"
4,42,24,18,"weekday","dinner","travelling","unknown","grocery",0,0,0,"night"
4,45,27,18,"weekday","lunch","unknown","cold","restaurant",1,0,0,"midday"
4,47,29,18,"weekday","beforelunch","travelling","warm","grocery",0,0,0,"midday"
4,48,30,18,"weekend","afternoon","shopping","cold","restaurant",1,0,0,"midday"
4,51,33,18,"weekend","afternoon","working","unknown","grocery",0,0,0,"midday"
4,52,34,18,"weekday","beforelunch","travelling","cold","restaurant",1,0,0,"midday"
4,53,35,18,"weekday","afternoon","leisure","cold","grocery",1,0,0,"midday"
4,56,38,18,"weekend","lunch","leisure","cold","grocery",0,0,0,"midday"
4,58,40,18,"weekday","dinner","travelling","cold","grocery",0,0,0,"night"
4,59,41,18,"weekday","beforelunch","travelling","unknown","restaurant",1,0,0,"midday"
4,62,44,18,"weekday","beforelunch","travelling","cold","restaurant",0,0,0,"midday"
4,64,46,18,"weekend","lunch","travelling","hot","restaurant",1,0,0,"midday"
4,66,48,18,"weekday","afternoon","working","cold","restaurant",1,0,0,"midday"
4,67,49,18,"weekday","dinner","unknown","cold","grocery",0,0,0,"night"
4,69,51,18,"weekday","afternoon","travelling","cold","grocery",0,0,0,"midday"
4,70,52,18,"weekday","afternoon","travelling","cold","restaurant",0,0,0,"midday"
4,71,53,18,"weekday","beforelunch","working","warm","restaurant",1,0,0,"midday"
4,72,54,18,"weekday","lunch","unknown","unknown","grocery",1,0,0,"midday"
4,77,59,18,"weekend","lunch","travelling","unknown","grocery",0,1,0,"midday"
4,78,60,18,"weekday","morning","travelling","cold","restaurant",0,1,0,"morning"
4,79,61,18,"weekend","lunch","unknown","freezing","grocery",0,1,0,"midday"
4,82,64,18,"weekday","lunch","working","freezing","grocery",0,1,0,"midday"
4,84,66,18,"weekday","lunch","unknown","unknown","restaurant",0,1,0,"midday"
4,86,68,18,"weekday","breakfast","travelling","unknown","restaurant",0,1,0,"morning"
4,87,69,18,"weekday","lunch","travelling","hot","grocery",0,1,0,"midday"
4,89,71,18,"weekend","breakfast","unknown","cold","grocery",0,1,0,"morning"
4,90,72,18,"weekday","morning","working","freezing","grocery",0,1,0,"morning"
4,91,73,18,"weekday","latenight","unknown","unknown","grocery",1,1,0,"night"
4,94,76,18,"weekday","lunch","morningrituals","unknown","grocery",1,1,0,"midday"
4,95,77,18,"weekday","afternoon","travelling","unknown","grocery",0,1,0,"midday"
4,96,78,18,"weekend","lunch","unknown","cold","restaurant",0,1,0,"midday"
4,98,80,18,"weekend","breakfast","unknown","cold","restaurant",1,1,0,"morning"
4,99,81,18,"weekday","morning","travelling","unknown","grocery",0,1,0,"morning"
4,100,82,18,"weekday","afternoon","unknown","cold","restaurant",0,1,0,"midday"
4,103,85,18,"weekend","beforelunch","unknown","warm","restaurant",0,1,0,"midday"
4,105,87,18,"weekend","beforelunch","unknown","cold","restaurant",1,1,0,"midday"
4,107,89,18,"weekday","afternoon","travelling","cold","grocery",0,1,0,"midday"
4,112,94,18,"weekend","afternoon","travelling","cold","grocery",0,1,0,"midday"
4,113,95,18,"weekend","afternoon","leisure","freezing","restaurant",0,1,0,"midday"
4,115,97,18,"weekday","breakfast","travelling","unknown","restaurant",0,1,0,"morning"
4,118,100,18,"weekday","afternoon","unknown","cold","restaurant",0,1,0,"midday"
4,121,103,18,"weekday","lunch","travelling","cold","restaurant",0,1,0,"midday"
4,122,104,18,"weekend","morning","shopping","cold","grocery",0,1,0,"morning"
4,123,105,18,"weekend","breakfast","travelling","warm","grocery",0,1,0,"morning"
4,124,106,18,"unknown","lunch","travelling","freezing","restaurant",0,1,0,"midday"
4,125,107,18,"weekday","dinner","travelling","cold","grocery",0,1,0,"night"
4,127,109,18,"weekday","lunch","travelling","unknown","grocery",0,1,0,"midday"
4,128,110,18,"weekday","beforelunch","leisure","cold","grocery",0,1,0,"midday"
4,135,117,18,"weekday","lunch","morningrituals","cold","restaurant",1,1,1,"midday"
4,136,118,18,"weekday","beforelunch","shopping","freezing","restaurant",0,1,1,"midday"
4,139,121,18,"weekend","breakfast","travelling","warm","grocery",0,1,1,"morning"
4,140,122,18,"weekday","afternoon","travelling","freezing","grocery",0,1,1,"midday"
4,141,123,18,"weekday","lunch","travelling","unknown","grocery",1,1,1,"midday"
4,142,124,18,"weekday","lunch","travelling","hot","restaurant",1,1,1,"midday"
4,143,125,18,"weekend","beforelunch","travelling","warm","restaurant",0,1,1,"midday"
4,145,127,18,"weekday","breakfast","travelling","unknown","restaurant",1,1,1,"morning"
4,146,128,18,"weekday","lunch","unknown","unknown","grocery",0,1,1,"midday"
4,147,129,18,"weekday","breakfast","leisure","cold","grocery",0,1,1,"morning"
4,149,131,18,"weekday","evening","working","cold","grocery",0,1,1,"night"
4,151,133,18,"weekday","lunch","travelling","freezing","restaurant",1,1,1,"midday"
4,152,134,18,"weekday","afternoon","travelling","cold","grocery",0,1,1,"midday"
4,154,136,18,"weekday","lunch","unknown","warm","grocery",0,1,1,"midday"
4,155,137,18,"weekday","afternoon","travelling","cold","grocery",0,1,1,"midday"
4,157,139,18,"weekend","afternoon","travelling","freezing","grocery",0,1,1,"midday"
4,158,140,18,"weekday","lunch","working","freezing","grocery",0,1,1,"midday"
4,160,142,18,"weekday","afternoon","shopping","freezing","grocery",1,1,1,"midday"
4,162,144,18,"weekday","morning","working","freezing","restaurant",0,1,1,"morning"
4,164,146,18,"weekday","afternoon","unknown","cold","grocery",1,1,1,"midday"
4,165,147,18,"weekday","unknown","leisure","freezing","grocery",0,1,1,"unknown"
4,167,149,18,"weekday","lunch","travelling","unknown","grocery",0,1,1,"midday"
4,170,152,18,"weekend","afternoon","unknown","freezing","restaurant",1,1,1,"midday"
4,171,153,18,"weekday","beforelunch","travelling","unknown","restaurant",0,1,1,"midday"
4,172,154,18,"weekday","afternoon","travelling","cold","grocery",0,1,1,"midday"
4,175,157,18,"weekend","afternoon","unknown","cold","restaurant",0,1,1,"midday"
4,178,160,18,"weekday","lunch","working","freezing","grocery",0,1,1,"midday"
4,179,161,18,"weekend","unknown","working","cold","restaurant",0,1,1,"unknown"
4,180,162,18,"weekday","morning","travelling","unknown","grocery",1,1,1,"morning"
4,181,163,18,"weekend","afternoon","working","hot","grocery",0,1,1,"midday"
4,182,164,18,"weekday","night","travelling","cold","grocery",0,1,1,"night"
4,190,172,18,"weekday","lunch","travelling","freezing","grocery",0,1,1,"midday"
4,191,173,18,"weekday","afternoon","leisure","unknown","restaurant",0,1,1,"midday"
4,193,175,18,"weekday","beforelunch","travelling","hot","restaurant",1,1,1,"midday"
4,195,177,18,"weekend","morning","unknown","freezing","grocery",0,1,1,"morning"
4,200,182,18,"weekday","breakfast","travelling","unknown","grocery",0,1,1,"morning"
5,23,0,23,"weekday","morning","travelling","cold","grocery",0,0,0,"morning"
5,24,1,23,"weekday","breakfast","travelling","cold","restaurant",1,0,0,"morning"
5,27,4,23,"weekend","afternoon","unknown","warm","grocery",1,0,0,"midday"
5,29,6,23,"weekend","breakfast","travelling","warm","grocery",0,0,0,"morning"
5,38,15,23,"weekend","beforelunch","travelling","unknown","restaurant",1,0,0,"midday"
5,46,23,23,"weekend","breakfast","working","unknown","restaurant",1,0,0,"morning"
5,49,26,23,"weekday","lunch","travelling","cold","restaurant",0,0,0,"midday"
5,50,27,23,"weekend","afternoon","unknown","cold","grocery",0,0,0,"midday"
5,58,35,23,"weekend","lunch","travelling","unknown","grocery",1,0,0,"midday"
5,60,37,23,"weekend","breakfast","travelling","unknown","grocery",0,0,0,"morning"
5,67,44,23,"weekday","afternoon","unknown","cold","grocery",0,0,0,"midday"
5,71,48,23,"weekday","beforelunch","leisure","unknown","restaurant",1,0,0,"midday"
5,74,51,23,"weekday","morning","travelling","unknown","restaurant",0,0,0,"morning"
5,77,54,23,"weekday","afternoon","travelling","warm","restaurant",0,0,0,"midday"
5,78,55,23,"weekday","breakfast","travelling","warm","grocery",0,0,0,"morning"
5,91,68,23,"weekend","lunch","leisure","cold","restaurant",0,1,0,"midday"
5,94,71,23,"weekend","latenight","unknown","unknown","restaurant",0,1,0,"night"
5,95,72,23,"weekday","unknown","travelling","freezing","grocery",1,1,0,"unknown"
5,100,77,23,"weekday","lunch","travelling","freezing","restaurant",0,1,0,"midday"
5,119,96,23,"weekday","afternoon","working","warm","grocery",0,1,0,"midday"
5,121,98,23,"weekday","dinner","travelling","cold","restaurant",0,1,0,"night"
5,123,100,23,"weekend","unknown","travelling","freezing","grocery",0,1,0,"unknown"
5,124,101,23,"unknown","breakfast","leisure","cold","restaurant",0,1,0,"morning"
5,125,102,23,"weekday","breakfast","travelling","freezing","restaurant",0,1,0,"morning"
5,133,110,23,"weekday","breakfast","travelling","freezing","restaurant",1,1,0,"morning"
5,139,116,23,"weekday","beforelunch","travelling","freezing","restaurant",0,1,1,"midday"
5,140,117,23,"weekday","lunch","travelling","cold","grocery",0,1,1,"midday"
5,141,118,23,"weekday","lunch","travelling","freezing","restaurant",0,1,1,"midday"
5,153,130,23,"weekday","beforelunch","travelling","unknown","restaurant",0,1,1,"midday"
5,155,132,23,"weekday","unknown","travelling","cold","restaurant",0,1,1,"unknown"
5,158,135,23,"weekday","beforelunch","travelling","cold","grocery",0,1,1,"midday"
5,164,141,23,"weekday","afternoon","shopping","unknown","restaurant",0,1,1,"midday"
5,166,143,23,"weekday","afternoon","travelling","freezing","grocery",0,1,1,"midday"
5,170,147,23,"weekday","dinner","unknown","cold","restaurant",1,1,1,"night"
5,174,151,23,"weekend","beforelunch","travelling","freezing","restaurant",0,1,1,"midday"
5,176,153,23,"weekday","dinner","travelling","hot","grocery",0,1,1,"night"
5,178,155,23,"weekday","breakfast","unknown","freezing","restaurant",1,1,1,"morning"
5,181,158,23,"weekday","lunch","unknown","unknown","restaurant",1,1,1,"midday"
5,182,159,23,"weekday","afternoon","travelling","warm","grocery",1,1,1,"midday"
5,183,160,23,"weekday","lunch","unknown","warm","grocery",1,1,1,"midday"
5,187,164,23,"weekday","lunch","morningrituals","freezing","grocery",0,1,1,"midday"
5,188,165,23,"weekday","beforelunch","travelling","cold","restaurant",0,1,1,"midday"
5,197,174,23,"weekday","breakfast","travelling","warm","restaurant",0,1,1,"morning"
5,202,179,23,"weekday","breakfast","travelling","hot","restaurant",0,1,1,"morning"
5,205,182,23,"weekend","beforelunch","travelling","cold","restaurant",0,1,1,"midday"
6,24,0,24,"weekday","afternoon","working","freezing","restaurant",0,0,0,"midday"
6,32,8,24,"weekday","night","shopping","unknown","grocery",0,0,0,"night"
6,33,9,24,"weekday","afternoon","morningrituals","freezing","restaurant",0,0,0,"midday"
6,36,12,24,"weekday","afternoon","travelling","unknown","grocery",0,0,0,"midday"
6,46,22,24,"weekday","lunch","travelling","hot","restaurant",1,0,0,"midday"
6,58,34,24,"weekday","beforelunch","travelling","cold","restaurant",0,0,0,"midday"
6,60,36,24,"weekday","dinner","morningrituals","unknown","grocery",1,0,0,"night"
6,63,39,24,"weekend","afternoon","travelling","cold","restaurant",0,0,0,"midday"
6,69,45,24,"weekend","lunch","travelling","cold","grocery",1,0,0,"midday"
6,71,47,24,"weekend","lunch","shopping","cold","restaurant",0,0,0,"midday"
6,73,49,24,"weekday","lunch","travelling","freezing","grocery",0,0,0,"midday"
6,77,53,24,"weekday","afternoon","morningrituals","cold","grocery",0,0,0,"midday"
6,78,54,24,"weekday","morning","travelling","cold","restaurant",0,0,0,"morning"
6,82,58,24,"weekend","breakfast","unknown","cold","grocery",0,1,0,"morning"
6,84,60,24,"weekday","lunch","shopping","cold","grocery",0,1,0,"midday"
6,87,63,24,"weekday","evening","leisure","cold","restaurant",0,1,0,"night"
6,88,64,24,"weekday","afternoon","working","cold","restaurant",0,1,0,"midday"
6,91,67,24,"weekday","beforelunch","travelling","cold","restaurant",1,1,0,"midday"
6,94,70,24,"weekend","lunch","travelling","hot","restaurant",0,1,0,"midday"
6,95,71,24,"weekday","afternoon","travelling","cold","grocery",0,1,0,"midday"
6,96,72,24,"weekday","afternoon","shopping","cold","restaurant",0,1,0,"midday"
6,105,81,24,"weekday","afternoon","travelling","cold","grocery",0,1,0,"midday"
6,107,83,24,"weekday","breakfast","travelling","freezing","grocery",1,1,0,"morning"
6,110,86,24,"weekend","dinner","working","cold","restaurant",0,1,0,"night"
6,124,100,24,"weekday","beforelunch","travelling","cold","grocery",0,1,0,"midday"
6,126,102,24,"weekday","lunch","unknown","warm","restaurant",0,1,0,"midday"
6,127,103,24,"weekday","beforelunch","unknown","cold","restaurant",0,1,0,"midday"
6,129,105,24,"weekday","lunch","working","hot","restaurant",0,1,0,"midday"
6,132,108,24,"weekend","dinner","travelling","freezing","restaurant",0,1,0,"night"
6,133,109,24,"weekday","lunch","travelling","hot","grocery",0,1,0,"midday"
6,134,110,24,"weekend","morning","travelling","cold","grocery",0,1,0,"morning"
6,138,114,24,"weekday","beforelunch","working","hot","restaurant",0,1,1,"midday"
6,140,116,24,"weekday","afternoon","shopping","unknown","restaurant",0,1,1,"midday"
6,142,118,24,"weekend","afternoon","unknown","freezing","restaurant",1,1,1,"midday"
6,144,120,24,"weekday","lunch","shopping","hot","grocery",1,1,1,"midday"
6,147,123,24,"weekday","beforelunch","unknown","freezing","grocery",0,1,1,"midday"
6,148,124,24,"weekday","beforelunch","travelling","hot","grocery",0,1,1,"midday"
6,150,126,24,"weekday","breakfast","travelling","unknown","grocery",0,1,1,"morning"
6,151,127,24,"weekday","afternoon","travelling","unknown","grocery",1,1,1,"midday"
6,152,128,24,"weekday","breakfast","unknown","freezing","restaurant",1,1,1,"morning"
6,161,137,24,"weekday","breakfast","travelling","cold","restaurant",1,1,1,"morning"
6,164,140,24,"weekday","night","travelling","freezing","restaurant",0,1,1,"night"
6,174,150,24,"weekend","lunch","travelling","cold","grocery",0,1,1,"midday"
6,178,154,24,"weekday","evening","travelling","warm","grocery",0,1,1,"night"
6,187,163,24,"weekday","dinner","travelling","freezing","restaurant",0,1,1,"night"
6,189,165,24,"weekday","afternoon","travelling","warm","restaurant",0,1,1,"midday"
6,193,169,24,"weekday","lunch","travelling","freezing","restaurant",0,1,1,"midday"
6,194,170,24,"weekend","morning","travelling","unknown","restaurant",0,1,1,"morning"
6,195,171,24,"weekday","lunch","travelling","cold","grocery",1,1,1,"midday"
6,196,172,24,"weekend","night","unknown","freezing","restaurant",0,1,1,"night"
6,201,177,24,"weekday","afternoon","unknown","warm","grocery",0,1,1,"midday"
6,205,181,24,"weekday","afternoon","travelling","freezing","grocery",0,1,1,"midday"
7,32,3,29,"weekend","afternoon","travelling","cold","grocery",1,0,0,"midday"
7,38,9,29,"weekend","breakfast","travelling","hot","grocery",0,0,0,"morning"
7,47,18,29,"weekday","beforelunch","social","freezing","restaurant",0,0,0,"midday"
7,56,27,29,"weekday","beforelunch","travelling","warm","restaurant",1,0,0,"midday"
7,62,33,29,"weekday","breakfast","travelling","cold","grocery",1,0,0,"morning"
7,67,38,29,"weekday","lunch","travelling","freezing","restaurant",1,0,0,"midday"
7,74,45,29,"weekend","lunch","morningrituals","unknown","restaurant",0,0,0,"midday"
7,78,49,29,"weekday","lunch","leisure","unknown","restaurant",0,0,0,"midday"
7,80,51,29,"weekday","morning","working","warm","restaurant",0,0,0,"morning"
7,81,52,29,"weekday","dinner","travelling","cold","restaurant",0,0,0,"night"
7,93,64,29,"weekday","afternoon","travelling","cold","grocery",0,1,0,"midday"
7,102,73,29,"weekend","unknown","working","cold","grocery",0,1,0,"unknown"
7,113,84,29,"weekday","afternoon","working","cold","grocery",0,1,0,"midday"
7,119,90,29,"weekday","earlymorning","morningrituals","cold","grocery",0,1,0,"morning"
7,124,95,29,"weekday","lunch","working","freezing","restaurant",0,1,0,"midday"
7,128,99,29,"weekday","beforelunch","travelling","unknown","grocery",1,1,0,"midday"
7,130,101,29,"weekday","dinner","leisure","freezing","grocery",1,1,0,"night"
7,142,113,29,"weekend","afternoon","unknown","hot","restaurant",0,1,1,"midday"
7,143,114,29,"weekday","unknown","unknown","cold","grocery",0,1,1,"unknown"
7,145,116,29,"weekend","unknown","travelling","freezing","grocery",0,1,1,"unknown"
7,146,117,29,"weekend","lunch","unknown","cold","restaurant",1,1,1,"midday"
7,148,119,29,"weekday","afternoon","working","unknown","restaurant",0,1,1,"midday"
7,154,125,29,"weekday","afternoon","shopping","freezing","grocery",1,1,1,"midday"
7,157,128,29,"weekend","lunch","working","cold","grocery",0,1,1,"midday"
7,158,129,29,"weekend","afternoon","travelling","cold","restaurant",1,1,1,"midday"
7,163,134,29,"weekday","lunch","travelling","freezing","restaurant",0,1,1,"midday"
7,176,147,29,"weekday","morning","leisure","freezing","restaurant",1,1,1,"morning"
7,189,160,29,"weekday","beforelunch","working","cold","restaurant",1,1,1,"midday"
7,190,161,29,"weekday","afternoon","travelling","unknown","restaurant",0,1,1,"midday"
8,32,1,31,"weekend","morning","unknown","hot","grocery",1,0,0,"morning"
8,89,58,31,"weekday","lunch","working","freezing","grocery",0,1,0,"midday"
8,182,151,31,"weekend","lunch","morningrituals","unknown","restaurant",0,1,1,"midday"
9,35,1,34,"weekday","evening","travelling","warm","grocery",0,0,0,"night"
9,36,2,34,"weekday","breakfast","unknown","cold","grocery",0,0,0,"morning"
9,37,3,34,"weekday","beforelunch","morningrituals","unknown","grocery",0,0,0,"midday"
9,38,4,34,"weekend","breakfast","working","unknown","grocery",0,0,0,"morning"
9,39,5,34,"weekday","afternoon","travelling","cold","restaurant",1,0,0,"midday"
9,40,6,34,"weekday","lunch","morningrituals","freezing","grocery",0,0,0,"midday"
9,41,7,34,"weekend","afternoon","unknown","freezing","restaurant",0,0,0,"midday"
9,42,8,34,"weekday","afternoon","unknown","warm","grocery",1,0,0,"midday"
9,43,9,34,"weekday","breakfast","travelling","freezing","restaurant",0,0,0,"morning"
9,44,10,34,"weekday","afternoon","travelling","warm","grocery",0,0,0,"midday"
9,45,11,34,"unknown","breakfast","leisure","unknown","grocery",1,0,0,"morning"
9,48,14,34,"weekday","dinner","travelling","warm","restaurant",0,0,0,"night"
9,49,15,34,"weekend","afternoon","leisure","hot","restaurant",0,0,0,"midday"
9,51,17,34,"weekday","morning","working","freezing","grocery",0,0,0,"morning"
9,52,18,34,"weekend","breakfast","unknown","unknown","grocery",0,0,0,"morning"
9,55,21,34,"weekday","breakfast","travelling","cold","restaurant",0,0,0,"morning"
9,56,22,34,"weekday","afternoon","travelling","freezing","grocery",0,0,0,"midday"
9,57,23,34,"weekday","beforelunch","unknown","freezing","restaurant",0,0,0,"midday"
9,61,27,34,"weekday","afternoon","travelling","cold","restaurant",0,0,0,"midday"
9,62,28,34,"weekday","morning","travelling","freezing","grocery",0,0,0,"morning"
9,63,29,34,"weekday","lunch","travelling","cold","grocery",0,0,0,"midday"
9,65,31,34,"weekday","lunch","travelling","cold","grocery",0,0,0,"midday"
9,66,32,34,"weekend","breakfast","travelling","hot","restaurant",1,0,0,"morning"
9,67,33,34,"weekday","afternoon","travelling","warm","restaurant",0,0,0,"midday"
9,68,34,34,"weekend","breakfast","travelling","warm","restaurant",0,0,0,"morning"
9,70,36,34,"weekday","lunch","leisure","hot","grocery",0,0,0,"midday"
9,72,38,34,"weekday","afternoon","travelling","freezing","restaurant",0,0,0,"midday"
9,74,40,34,"weekday","afternoon","leisure","warm","grocery",0,0,0,"midday"
9,77,43,34,"weekend","breakfast","working","warm","restaurant",0,0,0,"morning"
9,78,44,34,"weekday","lunch","unknown","unknown","grocery",1,0,0,"midday"
9,79,45,34,"weekday","breakfast","working","unknown","restaurant",0,0,0,"morning"
9,81,47,34,"weekday","afternoon","travelling","cold","restaurant",0,0,0,"midday"
9,83,49,34,"weekday","beforelunch","leisure","freezing","restaurant",0,0,0,"midday"
9,85,51,34,"weekend","breakfast","shopping","unknown","restaurant",0,0,0,"morning"
9,86,52,34,"unknown","afternoon","travelling","freezing","restaurant",0,0,0,"midday"
9,87,53,34,"weekend","lunch","unknown","unknown","restaurant",0,0,0,"midday"
9,88,54,34,"weekend","lunch","workingout","warm","restaurant",0,0,0,"midday"
9,89,55,34,"weekday","afternoon","travelling","unknown","grocery",0,0,0,"midday"
9,91,57,34,"weekday","morning","working","hot","grocery",0,1,0,"morning"
9,92,58,34,"weekday","afternoon","travelling","hot","grocery",1,1,0,"midday"
9,93,59,34,"weekday","afternoon","working","unknown","restaurant",1,1,0,"midday"
9,94,60,34,"weekday","breakfast","working","cold","restaurant",1,1,0,"morning"
9,95,61,34,"weekday","beforelunch","travelling","cold","grocery",0,1,0,"midday"
9,102,68,34,"weekday","dinner","shopping","cold","grocery",1,1,0,"night"
9,104,70,34,"weekend","lunch","travelling","freezing","restaurant",0,1,0,"midday"
9,105,71,34,"weekday","beforelunch","travelling","unknown","restaurant",0,1,0,"midday"
9,106,72,34,"weekday","afternoon","travelling","unknown","restaurant",0,1,0,"midday"
9,108,74,34,"weekday","afternoon","leisure","unknown","grocery",0,1,0,"midday"
9,110,76,34,"weekend","morning","travelling","freezing","grocery",0,1,0,"morning"
9,111,77,34,"weekday","afternoon","leisure","cold","restaurant",0,1,0,"midday"
9,112,78,34,"weekday","beforelunch","working","unknown","grocery",1,1,0,"midday"
9,113,79,34,"weekday","lunch","working","cold","restaurant",0,1,0,"midday"
9,114,80,34,"unknown","dinner","travelling","hot","restaurant",0,1,0,"night"
9,115,81,34,"weekend","afternoon","travelling","freezing","grocery",0,1,0,"midday"
9,117,83,34,"weekday","lunch","unknown","unknown","grocery",0,1,0,"midday"
9,118,84,34,"weekday","beforelunch","shopping","unknown","restaurant",0,1,0,"midday"
9,119,85,34,"weekday","afternoon","travelling","cold","grocery",0,1,0,"midday"
9,120,86,34,"weekend","beforelunch","unknown","cold","grocery",1,1,0,"midday"
9,122,88,34,"weekday","lunch","unknown","freezing","grocery",0,1,0,"midday"
9,123,89,34,"weekday","lunch","leisure","freezing","grocery",1,1,0,"midday"
9,126,92,34,"weekday","afternoon","travelling","freezing","grocery",0,1,0,"midday"
9,127,93,34,"weekday","afternoon","travelling","freezing","restaurant",0,1,0,"midday"
9,129,95,34,"weekend","morning","leisure","freezing","restaurant",0,1,0,"morning"
9,131,97,34,"weekday","lunch","travelling","cold","restaurant",0,1,0,"midday"
9,132,98,34,"weekend","afternoon","travelling","freezing","restaurant",0,1,0,"midday"
9,133,99,34,"weekday","beforelunch","travelling","cold","restaurant",0,1,0,"midday"
9,135,101,34,"weekend","afternoon","morningrituals","warm","restaurant",1,1,0,"midday"
9,136,102,34,"weekday","lunch","travelling","cold","grocery",0,1,0,"midday"
9,140,106,34,"weekday","earlymorning","travelling","unknown","restaurant",0,1,0,"morning"
9,141,107,34,"weekend","lunch","leisure","cold","grocery",0,1,0,"midday"
9,143,109,34,"weekend","lunch","working","freezing","grocery",1,1,0,"midday"
9,145,111,34,"weekday","beforelunch","travelling","cold","grocery",0,1,0,"midday"
9,149,115,34,"weekday","afternoon","travelling","unknown","grocery",1,1,1,"midday"
9,150,116,34,"weekday","beforelunch","unknown","cold","grocery",0,1,1,"midday"
9,152,118,34,"weekend","unknown","leisure","unknown","restaurant",0,1,1,"unknown"
9,155,121,34,"weekday","lunch","travelling","warm","grocery",1,1,1,"midday"
9,156,122,34,"weekday","lunch","leisure","warm","grocery",0,1,1,"midday"
9,157,123,34,"weekend","afternoon","working","warm","restaurant",0,1,1,"midday"
9,158,124,34,"weekday","lunch","travelling","freezing","grocery",1,1,1,"midday"
9,161,127,34,"weekday","afternoon","travelling","unknown","restaurant",0,1,1,"midday"
9,163,129,34,"weekend","lunch","travelling","freezing","grocery",0,1,1,"midday"
9,164,130,34,"weekend","morning","working","freezing","grocery",0,1,1,"morning"
9,166,132,34,"weekend","lunch","travelling","hot","restaurant",1,1,1,"midday"
9,167,133,34,"weekday","night","travelling","hot","restaurant",0,1,1,"night"
9,168,134,34,"weekend","breakfast","unknown","cold","restaurant",0,1,1,"morning"
9,169,135,34,"weekday","morning","unknown","freezing","restaurant",0,1,1,"morning"
9,171,137,34,"weekday","lunch","travelling","unknown","grocery",1,1,1,"midday"
9,172,138,34,"weekday","lunch","travelling","cold","restaurant",0,1,1,"midday"
9,174,140,34,"weekend","afternoon","travelling","unknown","restaurant",0,1,1,"midday"
9,175,141,34,"weekday","breakfast","travelling","hot","grocery",0,1,1,"morning"
9,176,142,34,"weekday","beforelunch","unknown","cold","grocery",1,1,1,"midday"
9,177,143,34,"weekend","beforelunch","shopping","unknown","grocery",0,1,1,"midday"
9,178,144,34,"weekday","afternoon","unknown","freezing","grocery",1,1,1,"midday"
9,180,146,34,"weekday","afternoon","travelling","freezing","restaurant",0,1,1,"midday"
9,181,147,34,"weekday","breakfast","unknown","warm","grocery",0,1,1,"morning"
9,182,148,34,"weekday","lunch","travelling","hot","grocery",0,1,1,"midday"
9,183,149,34,"weekday","afternoon","travelling","warm","grocery",1,1,1,"midday"
9,185,151,34,"weekday","breakfast","travelling","unknown","grocery",1,1,1,"morning"
9,186,152,34,"unknown","beforelunch","travelling","hot","restaurant",0,1,1,"midday"
9,187,153,34,"weekday","lunch","unknown","hot","grocery",0,1,1,"midday"
9,188,154,34,"weekend","beforelunch","travelling","unknown","restaurant",0,1,1,"midday"
9,189,155,34,"weekday","lunch","travelling","unknown","restaurant",1,1,1,"midday"
9,193,159,34,"weekday","afternoon","travelling","cold","restaurant",1,1,1,"midday"
9,196,162,34,"weekday","lunch","travelling","cold","grocery",0,1,1,"midday"
9,197,163,34,"weekday","lunch","shopping","freezing","restaurant",0,1,1,"midday"
9,198,164,34,"weekday","lunch","working","freezing","grocery",0,1,1,"midday"
9,199,165,34,"weekend","lunch","travelling","unknown","grocery",0,1,1,"midday"
9,201,167,34,"weekend","lunch","unknown","freezing","grocery",0,1,1,"midday"
9,202,168,34,"unknown","lunch","travelling","unknown","grocery",1,1,1,"midday"
9,203,169,34,"weekend","morning","shopping","cold","grocery",1,1,1,"morning"
9,204,170,34,"weekday","afternoon","travelling","cold","restaurant",0,1,1,"midday"
9,206,172,34,"weekday","morning","travelling","warm","grocery",0,1,1,"morning"
9,207,173,34,"weekday","beforelunch","working","warm","grocery",0,1,1,"midday"
9,208,174,34,"weekday","breakfast","leisure","warm","grocery",0,1,1,"morning"
9,210,176,34,"weekday","afternoon","working","unknown","restaurant",0,1,1,"midday"
9,211,177,34,"weekday","afternoon","working","cold","grocery",1,1,1,"midday"
9,213,179,34,"weekday","lunch","travelling","cold","grocery",0,1,1,"midday"
9,214,180,34,"weekday","breakfast","working","cold","grocery",0,1,1,"morning"
9,215,181,34,"weekday","dinner","travelling","cold","restaurant",0,1,1,"night"
9,216,182,34,"weekday","breakfast","working","unknown","restaurant",1,1,1,"morning"
10,41,2,39,"weekday","lunch","travelling","warm","grocery",0,0,0,"midday"
10,51,12,39,"weekday","morning","working","freezing","restaurant",1,0,0,"morning"
10,56,17,39,"weekday","afternoon","travelling","warm","grocery",0,0,0,"midday"
10,66,27,39,"weekday","afternoon","travelling","warm","grocery",1,0,0,"midday"
10,68,29,39,"weekday","afternoon","travelling","unknown","grocery",0,0,0,"midday"
10,71,32,39,"weekend","afternoon","travelling","unknown","grocery",1,0,0,"midday"
10,75,36,39,"weekday","afternoon","travelling","warm","grocery",0,0,0,"midday"
10,79,40,39,"weekday","beforelunch","leisure","warm","grocery",1,0,0,"midday"
10,83,44,39,"weekday","dinner","travelling","cold","grocery",0,0,0,"night"
10,93,54,39,"weekday","afternoon","unknown","warm","grocery",1,0,0,"midday"
10,101,62,39,"weekend","afternoon","travelling","cold","grocery",1,1,0,"midday"
10,112,73,39,"weekend","afternoon","travelling","hot","restaurant",0,1,0,"midday"
10,113,74,39,"weekend","lunch","travelling","hot","restaurant",1,1,0,"midday"
10,120,81,39,"weekday","afternoon","travelling","cold","restaurant",0,1,0,"midday"
10,121,82,39,"weekday","lunch","travelling","freezing","grocery",0,1,0,"midday"
10,133,94,39,"weekday","beforelunch","shopping","hot","grocery",0,1,0,"midday"
10,151,112,39,"weekday","lunch","travelling","freezing","restaurant",0,1,0,"midday"
10,152,113,39,"weekday","afternoon","shopping","unknown","grocery",0,1,1,"midday"
10,155,116,39,"weekday","dinner","travelling","freezing","restaurant",0,1,1,"night"
10,159,120,39,"weekend","lunch","leisure","freezing","restaurant",0,1,1,"midday"
10,165,126,39,"weekday","lunch","working","freezing","restaurant",0,1,1,"midday"
10,168,129,39,"weekday","lunch","travelling","warm","grocery",0,1,1,"midday"
10,171,132,39,"weekend","afternoon","working","unknown","restaurant",1,1,1,"midday"
10,175,136,39,"unknown","morning","morningrituals","unknown","restaurant",1,1,1,"morning"
10,191,152,39,"weekday","afternoon","unknown","warm","grocery",0,1,1,"midday"
10,193,154,39,"weekday","afternoon","travelling","cold","restaurant",1,1,1,"midday"
10,197,158,39,"weekday","afternoon","travelling","warm","grocery",0,1,1,"midday"
10,198,159,39,"unknown","lunch","travelling","freezing","grocery",0,1,1,"midday"
10,200,161,39,"weekday","afternoon","travelling","warm","restaurant",1,1,1,"midday"
10,201,162,39,"weekend","beforelunch","travelling","unknown","restaurant",0,1,1,"midday"
10,202,163,39,"weekend","beforelunch","unknown","warm","grocery",0,1,1,"midday"
10,211,172,39,"weekend","afternoon","travelling","unknown","restaurant",0,1,1,"midday"
10,222,183,39,"weekday","morning","travelling","cold","grocery",0,1,1,"morning"
11,47,3,44,"weekday","beforelunch","travelling","cold","grocery",0,0,0,"midday"
11,49,5,44,"weekday","lunch","travelling","unknown","grocery",0,0,0,"midday"
11,52,8,44,"weekday","beforelunch","travelling","unknown","grocery",0,0,0,"midday"
11,61,17,44,"unknown","lunch","travelling","unknown","grocery",0,0,0,"midday"
11,70,26,44,"weekday","lunch","travelling","hot","grocery",0,0,0,"midday"
11,72,28,44,"weekend","dinner","travelling","freezing","restaurant",0,0,0,"night"
11,82,38,44,"weekday","beforelunch","travelling","unknown","grocery",1,0,0,"midday"
11,88,44,44,"weekend","beforelunch","travelling","freezing","restaurant",0,0,0,"midday"
11,89,45,44,"weekday","breakfast","morningrituals","cold","restaurant",0,0,0,"morning"
11,90,46,44,"weekday","beforelunch","unknown","cold","grocery",0,0,0,"midday"
11,93,49,44,"weekday","breakfast","working","freezing","grocery",0,0,0,"morning"
11,96,52,44,"weekend","breakfast","working","unknown","grocery",1,0,0,"morning"
11,98,54,44,"weekend","unknown","unknown","unknown","restaurant",0,0,0,"unknown"
11,100,56,44,"weekend","beforelunch","travelling","unknown","restaurant",1,0,0,"midday"
11,102,58,44,"weekday","evening","travelling","warm","restaurant",0,1,0,"night"
11,105,61,44,"weekend","earlymorning","travelling","cold","grocery",1,1,0,"morning"
11,112,68,44,"weekday","beforelunch","travelling","freezing","grocery",0,1,0,"midday"
11,114,70,44,"weekend","lunch","travelling","warm","grocery",0,1,0,"midday"
11,123,79,44,"weekend","beforelunch","travelling","unknown","restaurant",0,1,0,"midday"
11,128,84,44,"weekday","morning","travelling","freezing","restaurant",0,1,0,"morning"
11,133,89,44,"weekday","afternoon","travelling","freezing","grocery",1,1,0,"midday"
11,138,94,44,"weekday","afternoon","morningrituals","hot","restaurant",0,1,0,"midday"
11,144,100,44,"weekend","lunch","leisure","cold","restaurant",0,1,0,"midday"
11,146,102,44,"weekend","lunch","travelling","warm","restaurant",1,1,0,"midday"
11,148,104,44,"weekday","night","morningrituals","cold","grocery",1,1,0,"night"
11,154,110,44,"weekday","breakfast","travelling","cold","restaurant",1,1,0,"morning"
11,156,112,44,"weekday","lunch","working","freezing","grocery",0,1,0,"midday"
11,172,128,44,"weekend","beforelunch","unknown","unknown","grocery",1,1,1,"midday"
11,179,135,44,"weekday","beforelunch","travelling","unknown","restaurant",0,1,1,"midday"
11,186,142,44,"weekday","lunch","unknown","hot","grocery",1,1,1,"midday"
11,189,145,44,"weekday","dinner","travelling","warm","restaurant",1,1,1,"night"
11,194,150,44,"weekday","beforelunch","working","cold","restaurant",0,1,1,"midday"
11,196,152,44,"weekend","breakfast","working","hot","restaurant",0,1,1,"morning"
11,197,153,44,"weekday","lunch","travelling","warm","grocery",1,1,1,"midday"
11,207,163,44,"weekend","afternoon","travelling","freezing","restaurant",0,1,1,"midday"
11,209,165,44,"weekday","lunch","working","freezing","grocery",0,1,1,"midday"
11,212,168,44,"weekday","lunch","leisure","freezing","grocery",1,1,1,"midday"
11,220,176,44,"weekend","lunch","travelling","freezing","grocery",0,1,1,"midday"
11,224,180,44,"weekday","evening","travelling","warm","restaurant",0,1,1,"night"
12,53,1,52,"weekend","afternoon","leisure","freezing","restaurant",0,0,0,"midday"
12,76,24,52,"weekend","beforelunch","shopping","cold","restaurant",0,0,0,"midday"
12,82,30,52,"weekday","afternoon","travelling","freezing","grocery",1,0,0,"midday"
12,91,39,52,"weekday","afternoon","travelling","unknown","grocery",0,0,0,"midday"
12,147,95,52,"weekday","lunch","travelling","cold","grocery",1,1,0,"midday"
12,152,100,52,"weekend","night","leisure","cold","grocery",0,1,0,"night"
12,169,117,52,"weekend","lunch","leisure","unknown","grocery",0,1,1,"midday"
12,188,136,52,"weekday","beforelunch","travelling","hot","grocery",0,1,1,"midday"
12,190,138,52,"weekday","dinner","unknown","cold","restaurant",0,1,1,"night"
12,208,156,52,"weekend","lunch","leisure","freezing","restaurant",1,1,1,"midday"
12,232,180,52,"weekend","morning","travelling","cold","restaurant",0,1,1,"morning"
13,61,7,54,"weekday","afternoon","unknown","freezing","grocery",1,0,0,"midday"
13,63,9,54,"weekday","breakfast","travelling","unknown","grocery",0,0,0,"morning"
13,64,10,54,"weekend","breakfast","unknown","hot","grocery",0,0,0,"morning"
13,66,12,54,"weekday","beforelunch","travelling","unknown","grocery",0,0,0,"midday"
13,71,17,54,"weekend","afternoon","leisure","cold","grocery",0,0,0,"midday"
13,72,18,54,"weekday","afternoon","travelling","freezing","grocery",0,0,0,"midday"
13,74,20,54,"weekday","evening","travelling","cold","grocery",0,0,0,"night"
13,77,23,54,"weekday","breakfast","working","warm","grocery",0,0,0,"morning"
13,79,25,54,"weekday","morning","unknown","freezing","grocery",0,0,0,"morning"
13,82,28,54,"weekday","afternoon","unknown","unknown","grocery",0,0,0,"midday"
13,93,39,54,"weekday","earlymorning","travelling","unknown","restaurant",0,0,0,"morning"
13,95,41,54,"weekday","lunch","travelling","hot","grocery",1,0,0,"midday"
13,105,51,54,"weekday","lunch","travelling","cold","grocery",0,0,0,"midday"
13,113,59,54,"weekday","afternoon","travelling","cold","grocery",0,1,0,"midday"
13,124,70,54,"weekend","morning","travelling","freezing","restaurant",1,1,0,"morning"
13,131,77,54,"weekday","afternoon","travelling","cold","grocery",0,1,0,"midday"
13,140,86,54,"weekend","breakfast","travelling","cold","restaurant",0,1,0,"morning"
13,144,90,54,"weekday","afternoon","unknown","freezing","restaurant",0,1,0,"midday"
13,146,92,54,"weekday","afternoon","travelling","hot","grocery",1,1,0,"midday"
13,149,95,54,"weekend","afternoon","unknown","freezing","restaurant",0,1,0,"midday"
13,154,100,54,"weekend","lunch","travelling","unknown","restaurant",0,1,0,"midday"
13,156,102,54,"weekday","unknown","travelling","unknown","grocery",0,1,0,"unknown"
13,159,105,54,"weekday","breakfast","working","cold","grocery",0,1,0,"morning"
13,161,107,54,"weekday","afternoon","travelling","warm","grocery",1,1,0,"midday"
13,165,111,54,"weekday","night","shopping","unknown","grocery",1,1,0,"night"
13,172,118,54,"weekday","lunch","leisure","freezing","grocery",1,1,1,"midday"
13,179,125,54,"weekday","afternoon","travelling","unknown","restaurant",0,1,1,"midday"
13,184,130,54,"weekday","afternoon","unknown","cold","grocery",0,1,1,"midday"
13,186,132,54,"weekday","breakfast","working","freezing","grocery",0,1,1,"morning"
13,188,134,54,"weekday","afternoon","unknown","cold","restaurant",1,1,1,"midday"
13,191,137,54,"weekday","unknown","unknown","unknown","restaurant",0,1,1,"unknown"
13,192,138,54,"weekday","morning","morningrituals","cold","grocery",0,1,1,"morning"
13,198,144,54,"weekday","lunch","travelling","unknown","restaurant",1,1,1,"midday"
13,206,152,54,"weekday","breakfast","travelling","unknown","restaurant",0,1,1,"morning"
13,215,161,54,"weekday","lunch","travelling","cold","grocery",1,1,1,"midday"
13,217,163,54,"weekday","breakfast","unknown","freezing","grocery",1,1,1,"morning"
13,219,165,54,"weekend","afternoon","leisure","cold","restaurant",0,1,1,"midday"
13,234,180,54,"weekend","evening","unknown","cold","grocery",1,1,1,"night"
13,237,183,54,"weekday","afternoon","travelling","cold","restaurant",0,1,1,"midday"
14,59,1,58,"weekday","breakfast","shopping","freezing","grocery",1,0,0,"morning"
14,61,3,58,"weekday","afternoon","unknown","freezing","restaurant",0,0,0,"midday"
14,66,8,58,"weekday","afternoon","unknown","cold","grocery",0,0,0,"midday"
14,79,21,58,"weekday","lunch","travelling","unknown","grocery",0,0,0,"midday"
14,81,23,58,"weekday","afternoon","travelling","hot","grocery",0,0,0,"midday"
14,88,30,58,"weekday","beforelunch","travelling","cold","grocery",0,0,0,"midday"
14,89,31,58,"weekend","lunch","shopping","unknown","grocery",1,0,0,"midday"
14,94,36,58,"weekday","breakfast","travelling","unknown","grocery",0,0,0,"morning"
14,99,41,58,"weekend","night","travelling","hot","restaurant",0,0,0,"night"
14,104,46,58,"weekday","breakfast","morningrituals","cold","restaurant",0,0,0,"morning"
14,109,51,58,"weekday","beforelunch","travelling","freezing","grocery",1,0,0,"midday"
14,115,57,58,"weekday","lunch","travelling","unknown","grocery",0,1,0,"midday"
14,128,70,58,"weekday","breakfast","travelling","unknown","restaurant",0,1,0,"morning"
14,141,83,58,"weekday","lunch","travelling","cold","restaurant",0,1,0,"midday"
14,144,86,58,"weekend","afternoon","morningrituals","cold","restaurant",0,1,0,"midday"
14,147,89,58,"weekday","earlymorning","travelling","cold","grocery",0,1,0,"morning"
14,158,100,58,"weekday","beforelunch","travelling","unknown","restaurant",0,1,0,"midday"
14,163,105,58,"weekend","breakfast","unknown","cold","restaurant",0,1,0,"morning"
14,166,108,58,"weekday","afternoon","travelling","cold","grocery",1,1,0,"midday"
14,174,116,58,"weekend","breakfast","travelling","warm","restaurant",0,1,1,"morning"
14,181,123,58,"weekday","breakfast","travelling","cold","grocery",0,1,1,"morning"
14,183,125,58,"weekday","lunch","travelling","cold","grocery",0,1,1,"midday"
14,187,129,58,"weekday","lunch","travelling","cold","grocery",1,1,1,"midday"
14,189,131,58,"weekday","lunch","travelling","cold","restaurant",0,1,1,"midday"
14,190,132,58,"weekend","beforelunch","unknown","unknown","grocery",1,1,1,"midday"
14,192,134,58,"weekend","night","travelling","warm","restaurant",1,1,1,"night"
14,211,153,58,"weekend","breakfast","working","unknown","restaurant",0,1,1,"morning"
14,220,162,58,"weekday","evening","working","cold","restaurant",0,1,1,"night"
14,234,176,58,"weekday","afternoon","travelling","warm","grocery",0,1,1,"midday"
15,72,5,67,"weekday","afternoon","travelling","unknown","grocery",1,0,0,"midday"
15,74,7,67,"weekday","beforelunch","working","hot","restaurant",1,0,0,"midday"
15,75,8,67,"weekday","morning","shopping","cold","restaurant",0,0,0,"morning"
15,77,10,67,"weekday","morning","morningrituals","cold","grocery",1,0,0,"morning"
15,78,11,67,"weekend","afternoon","leisure","unknown","grocery",0,0,0,"midday"
15,79,12,67,"weekday","afternoon","unknown","unknown","restaurant",0,0,0,"midday"
15,85,18,67,"weekday","beforelunch","leisure","warm","grocery",0,0,0,"midday"
15,90,23,67,"weekend","morning","travelling","unknown","grocery",0,0,0,"morning"
15,92,25,67,"weekday","afternoon","unknown","cold","grocery",1,0,0,"midday"
15,93,26,67,"weekday","morning","morningrituals","unknown","restaurant",0,0,0,"morning"
15,96,29,67,"weekday","breakfast","travelling","hot","grocery",0,0,0,"morning"
15,99,32,67,"weekday","morning","shopping","warm","restaurant",1,0,0,"morning"
15,101,34,67,"weekday","breakfast","travelling","unknown","grocery",0,0,0,"morning"
15,104,37,67,"weekday","breakfast","travelling","freezing","grocery",0,0,0,"morning"
15,113,46,67,"weekend","lunch","unknown","unknown","restaurant",1,0,0,"midday"
15,127,60,67,"weekday","morning","travelling","freezing","grocery",1,1,0,"morning"
15,138,71,67,"weekday","morning","working","cold","restaurant",1,1,0,"morning"
15,139,72,67,"weekend","lunch","morningrituals","freezing","grocery",0,1,0,"midday"
15,141,74,67,"weekday","lunch","shopping","cold","restaurant",1,1,0,"midday"
15,144,77,67,"weekend","afternoon","leisure","warm","restaurant",0,1,0,"midday"
15,150,83,67,"weekday","morning","travelling","cold","restaurant",0,1,0,"morning"
15,151,84,67,"weekday","afternoon","travelling","unknown","grocery",0,1,0,"midday"
15,154,87,67,"weekend","afternoon","leisure","hot","restaurant",0,1,0,"midday"
15,155,88,67,"weekday","lunch","travelling","cold","grocery",0,1,0,"midday"
15,157,90,67,"weekday","breakfast","travelling","cold","grocery",0,1,0,"morning"
15,158,91,67,"weekday","lunch","shopping","cold","restaurant",0,1,0,"midday"
15,159,92,67,"weekday","morning","unknown","unknown","grocery",1,1,0,"morning"
15,160,93,67,"weekday","afternoon","travelling","warm","restaurant",1,1,0,"midday"
15,165,98,67,"weekday","evening","unknown","unknown","restaurant",1,1,0,"night"
15,166,99,67,"weekend","breakfast","travelling","hot","restaurant",0,1,0,"morning"
15,167,100,67,"weekday","earlymorning","travelling","cold","restaurant",1,1,0,"morning"
15,173,106,67,"weekday","beforelunch","working","cold","grocery",0,1,0,"midday"
15,178,111,67,"weekday","afternoon","travelling","freezing","grocery",1,1,0,"midday"
15,179,112,67,"weekday","beforelunch","social","cold","restaurant",0,1,0,"midday"
15,180,113,67,"weekday","beforelunch","unknown","cold","restaurant",0,1,1,"midday"
15,181,114,67,"weekday","breakfast","travelling","cold","grocery",0,1,1,"morning"
15,188,121,67,"weekday","breakfast","travelling","warm","grocery",0,1,1,"morning"
15,198,131,67,"weekend","lunch","unknown","freezing","restaurant",0,1,1,"midday"
15,199,132,67,"weekend","beforelunch","unknown","unknown","grocery",0,1,1,"midday"
15,203,136,67,"weekday","beforelunch","travelling","warm","restaurant",0,1,1,"midday"
15,204,137,67,"weekend","lunch","unknown","cold","grocery",0,1,1,"midday"
15,207,140,67,"weekday","earlymorning","leisure","warm","restaurant",0,1,1,"morning"
15,208,141,67,"weekday","afternoon","shopping","freezing","restaurant",0,1,1,"midday"
15,209,142,67,"weekend","breakfast","travelling","freezing","restaurant",1,1,1,"morning"
15,211,144,67,"weekend","afternoon","travelling","hot","restaurant",0,1,1,"midday"
15,217,150,67,"weekday","afternoon","travelling","hot","grocery",0,1,1,"midday"
15,226,159,67,"weekday","lunch","travelling","warm","restaurant",0,1,1,"midday"
15,227,160,67,"weekday","afternoon","travelling","cold","restaurant",0,1,1,"midday"
15,232,165,67,"weekday","lunch","unknown","freezing","grocery",0,1,1,"midday"
15,241,174,67,"weekday","lunch","travelling","unknown","grocery",0,1,1,"midday"
15,242,175,67,"weekend","breakfast","travelling","hot","restaurant",1,1,1,"morning"
15,250,183,67,"weekday","lunch","unknown","freezing","grocery",0,1,1,"midday"
16,79,2,77,"weekday","lunch","housework","freezing","restaurant",0,0,0,"midday"
16,81,4,77,"weekday","afternoon","unknown","freezing","restaurant",0,0,0,"midday"
16,84,7,77,"weekend","lunch","working","freezing","restaurant",1,0,0,"midday"
16,85,8,77,"weekend","breakfast","unknown","unknown","grocery",1,0,0,"morning"
16,91,14,77,"weekday","lunch","travelling","warm","restaurant",1,0,0,"midday"
16,92,15,77,"weekday","morning","travelling","hot","grocery",0,0,0,"morning"
16,93,16,77,"weekday","morning","leisure","freezing","grocery",1,0,0,"morning"
16,94,17,77,"weekday","unknown","unknown","freezing","grocery",0,0,0,"unknown"
16,97,20,77,"weekday","beforelunch","travelling","warm","restaurant",0,0,0,"midday"
16,99,22,77,"weekday","beforelunch","travelling","cold","restaurant",0,0,0,"midday"
16,103,26,77,"weekday","breakfast","unknown","warm","restaurant",1,0,0,"morning"
16,108,31,77,"weekend","lunch","unknown","hot","restaurant",0,0,0,"midday"
16,109,32,77,"weekday","beforelunch","morningrituals","freezing","grocery",0,0,0,"midday"
16,116,39,77,"weekend","breakfast","travelling","freezing","grocery",0,0,0,"morning"
16,118,41,77,"weekend","lunch","unknown","freezing","grocery",1,0,0,"midday"
16,120,43,77,"weekend","lunch","travelling","unknown","restaurant",0,0,0,"midday"
16,122,45,77,"weekday","lunch","shopping","unknown","restaurant",0,0,0,"midday"
16,125,48,77,"unknown","beforelunch","travelling","cold","restaurant",0,0,0,"midday"
16,131,54,77,"weekday","afternoon","unknown","unknown","grocery",0,0,0,"midday"
16,133,56,77,"weekday","afternoon","travelling","freezing","restaurant",1,0,0,"midday"
16,135,58,77,"weekday","beforelunch","travelling","cold","grocery",1,1,0,"midday"
16,141,64,77,"weekday","beforelunch","unknown","unknown","grocery",1,1,0,"midday"
16,142,65,77,"weekday","earlymorning","shopping","freezing","restaurant",0,1,0,"morning"
16,148,71,77,"weekday","earlymorning","travelling","freezing","restaurant",0,1,0,"morning"
16,156,79,77,"weekend","afternoon","travelling","freezing","restaurant",1,1,0,"midday"
16,160,83,77,"weekday","morning","travelling","freezing","restaurant",0,1,0,"morning"
16,163,86,77,"weekend","breakfast","travelling","warm","restaurant",1,1,0,"morning"
16,169,92,77,"weekday","afternoon","working","warm","grocery",0,1,0,"midday"
16,170,93,77,"weekend","lunch","travelling","unknown","restaurant",0,1,0,"midday"
16,171,94,77,"weekday","afternoon","travelling","cold","grocery",1,1,0,"midday"
16,174,97,77,"unknown","earlymorning","unknown","freezing","grocery",0,1,0,"morning"
16,180,103,77,"weekday","morning","morningrituals","unknown","grocery",1,1,0,"morning"
16,182,105,77,"weekend","afternoon","travelling","freezing","restaurant",0,1,0,"midday"
16,194,117,77,"weekday","morning","leisure","cold","restaurant",0,1,1,"morning"
16,196,119,77,"weekend","evening","working","warm","grocery",1,1,1,"night"
16,199,122,77,"weekday","afternoon","travelling","warm","grocery",0,1,1,"midday"
16,202,125,77,"weekend","breakfast","travelling","hot","grocery",0,1,1,"morning"
16,203,126,77,"weekend","beforelunch","travelling","cold","restaurant",0,1,1,"midday"
16,215,138,77,"weekday","afternoon","unknown","hot","restaurant",0,1,1,"midday"
16,217,140,77,"weekday","afternoon","leisure","freezing","restaurant",1,1,1,"midday"
16,218,141,77,"weekday","lunch","travelling","unknown","grocery",0,1,1,"midday"
16,220,143,77,"weekend","afternoon","travelling","hot","grocery",1,1,1,"midday"
16,223,146,77,"weekend","breakfast","travelling","warm","restaurant",1,1,1,"morning"
16,224,147,77,"weekend","afternoon","travelling","cold","restaurant",0,1,1,"midday"
16,230,153,77,"weekday","breakfast","travelling","unknown","grocery",0,1,1,"morning"
16,233,156,77,"weekday","breakfast","travelling","hot","restaurant",0,1,1,"morning"
16,238,161,77,"weekday","lunch","travelling","unknown","grocery",1,1,1,"midday"
16,241,164,77,"weekday","lunch","travelling","warm","grocery",0,1,1,"midday"
16,243,166,77,"weekday","lunch","shopping","freezing","restaurant",1,1,1,"midday"
16,247,170,77,"weekday","beforelunch","travelling","cold","restaurant",0,1,1,"midday"
16,251,174,77,"weekday","dinner","travelling","warm","restaurant",0,1,1,"night"
16,252,175,77,"weekend","breakfast","working","unknown","grocery",0,1,1,"morning"
17,86,5,81,"weekend","afternoon","travelling","freezing","restaurant",0,0,0,"midday"
17,87,6,81,"weekday","unknown","leisure","freezing","grocery",0,0,0,"unknown"
17,88,7,81,"weekday","dinner","travelling","cold","grocery",0,0,0,"night"
17,89,8,81,"weekday","lunch","working","cold","grocery",0,0,0,"midday"
17,94,13,81,"weekday","beforelunch","travelling","warm","restaurant",1,0,0,"midday"
17,100,19,81,"weekday","lunch","working","freezing","restaurant",1,0,0,"midday"
17,104,23,81,"weekday","lunch","shopping","freezing","restaurant",0,0,0,"midday"
17,112,31,81,"weekend","lunch","travelling","freezing","grocery",0,0,0,"midday"
17,132,51,81,"weekday","dinner","travelling","cold","restaurant",1,0,0,"night"
17,136,55,81,"weekday","afternoon","travelling","warm","grocery",0,0,0,"midday"
17,148,67,81,"weekday","beforelunch","travelling","cold","restaurant",0,1,0,"midday"
17,150,69,81,"weekend","beforelunch","leisure","hot","grocery",0,1,0,"midday"
17,151,70,81,"weekday","lunch","travelling","freezing","restaurant",1,1,0,"midday"
17,154,73,81,"weekday","beforelunch","travelling","freezing","grocery",0,1,0,"midday"
17,160,79,81,"weekday","morning","working","hot","restaurant",0,1,0,"morning"
17,163,82,81,"weekday","unknown","unknown","freezing","grocery",0,1,0,"unknown"
17,164,83,81,"weekend","lunch","travelling","hot","grocery",0,1,0,"midday"
17,170,89,81,"weekend","lunch","travelling","freezing","restaurant",0,1,0,"midday"
17,190,109,81,"weekday","breakfast","unknown","freezing","grocery",0,1,0,"morning"
17,191,110,81,"weekday","lunch","leisure","warm","restaurant",0,1,0,"midday"
17,197,116,81,"weekend","morning","travelling","cold","restaurant",0,1,1,"morning"
17,213,132,81,"weekday","beforelunch","leisure","cold","restaurant",0,1,1,"midday"
17,220,139,81,"weekday","morning","working","warm","restaurant",1,1,1,"morning"
17,222,141,81,"weekend","breakfast","travelling","warm","grocery",0,1,1,"morning"
17,224,143,81,"weekday","breakfast","working","cold","grocery",1,1,1,"morning"
17,226,145,81,"weekday","lunch","unknown","hot","grocery",1,1,1,"midday"
17,228,147,81,"weekday","afternoon","leisure","warm","restaurant",0,1,1,"midday"
17,229,148,81,"weekday","beforelunch","travelling","warm","restaurant",0,1,1,"midday"
17,236,155,81,"weekend","lunch","unknown","cold","grocery",1,1,1,"midday"
17,241,160,81,"unknown","beforelunch","unknown","cold","grocery",1,1,1,"midday"
17,258,177,81,"weekday","breakfast","travelling","warm","restaurant",1,1,1,"morning"
17,261,180,81,"weekday","afternoon","shopping","cold","grocery",0,1,1,"midday"
17,264,183,81,"weekday","lunch","working","freezing","restaurant",1,1,1,"midday"
18,88,0,88,"weekday","morning","travelling","cold","grocery",0,0,0,"morning"
18,89,1,88,"weekday","morning","travelling","freezing","restaurant",0,0,0,"morning"
18,90,2,88,"weekday","afternoon","unknown","freezing","grocery",0,0,0,"midday"
18,91,3,88,"weekend","afternoon","unknown","freezing","grocery",0,0,0,"midday"
18,93,5,88,"weekend","lunch","unknown","cold","restaurant",0,0,0,"midday"
18,97,9,88,"weekend","breakfast","travelling","cold","restaurant",0,0,0,"morning"
18,99,11,88,"weekend","lunch","unknown","unknown","grocery",0,0,0,"midday"
18,101,13,88,"weekend","lunch","unknown","freezing","restaurant",0,0,0,"midday"
18,104,16,88,"weekday","dinner","morningrituals","warm","restaurant",0,0,0,"night"
18,105,17,88,"weekday","afternoon","travelling","hot","grocery",1,0,0,"midday"
18,107,19,88,"weekday","beforelunch","morningrituals","unknown","restaurant",1,0,0,"midday"
18,108,20,88,"weekend","breakfast","working","hot","restaurant",0,0,0,"morning"
18,110,22,88,"weekday","afternoon","shopping","freezing","grocery",0,0,0,"midday"
18,111,23,88,"weekday","lunch","travelling","cold","grocery",1,0,0,"midday"
18,112,24,88,"weekday","breakfast","travelling","cold","grocery",1,0,0,"morning"
18,117,29,88,"weekend","afternoon","travelling","cold","restaurant",0,0,0,"midday"
18,118,30,88,"weekday","lunch","travelling","unknown","grocery",0,0,0,"midday"
18,120,32,88,"weekday","dinner","unknown","warm","grocery",0,0,0,"night"
18,124,36,88,"weekend","unknown","leisure","freezing","restaurant",1,0,0,"unknown"
18,130,42,88,"weekday","morning","shopping","cold","restaurant",0,0,0,"morning"
18,131,43,88,"weekend","morning","unknown","warm","grocery",0,0,0,"morning"
18,132,44,88,"weekend","afternoon","travelling","warm","restaurant",1,0,0,"midday"
18,134,46,88,"weekend","lunch","working","unknown","grocery",0,0,0,"midday"
18,135,47,88,"weekend","afternoon","travelling","freezing","grocery",0,0,0,"midday"
18,136,48,88,"weekday","dinner","travelling","unknown","grocery",0,0,0,"night"
18,138,50,88,"weekday","night","travelling","freezing","restaurant",0,0,0,"night"
18,140,52,88,"weekday","beforelunch","travelling","cold","restaurant",0,0,0,"midday"
18,146,58,88,"weekday","lunch","unknown","hot","restaurant",0,1,0,"midday"
18,147,59,88,"weekend","beforelunch","travelling","freezing","grocery",0,1,0,"midday"
18,149,61,88,"weekend","lunch","working","unknown","grocery",0,1,0,"midday"
18,150,62,88,"weekday","breakfast","leisure","warm","grocery",1,1,0,"morning"
18,151,63,88,"weekday","beforelunch","travelling","unknown","grocery",0,1,0,"midday"
18,152,64,88,"weekday","breakfast","leisure","warm","restaurant",1,1,0,"morning"
18,153,65,88,"weekday","afternoon","travelling","cold","grocery",1,1,0,"midday"
18,154,66,88,"weekday","afternoon","working","cold","grocery",1,1,0,"midday"
18,155,67,88,"weekend","afternoon","travelling","freezing","restaurant",0,1,0,"midday"
18,158,70,88,"weekday","night","travelling","warm","grocery",1,1,0,"night"
18,159,71,88,"weekday","breakfast","travelling","freezing","grocery",1,1,0,"morning"
18,161,73,88,"weekend","morning","travelling","warm","grocery",0,1,0,"morning"
18,164,76,88,"weekend","morning","travelling","cold","restaurant",0,1,0,"morning"
18,165,77,88,"weekday","lunch","working","unknown","restaurant",0,1,0,"midday"
18,167,79,88,"weekday","dinner","travelling","freezing","restaurant",1,1,0,"night"
18,168,80,88,"weekend","lunch","travelling","cold","grocery",0,1,0,"midday"
18,170,82,88,"weekday","lunch","leisure","warm","restaurant",0,1,0,"midday"
18,175,87,88,"weekend","night","travelling","cold","grocery",0,1,0,"night"
18,177,89,88,"weekday","afternoon","unknown","freezing","restaurant",0,1,0,"midday"
18,178,90,88,"weekday","afternoon","travelling","cold","restaurant",0,1,0,"midday"
18,180,92,88,"weekend","breakfast","travelling","freezing","restaurant",0,1,0,"morning"
18,182,94,88,"weekday","afternoon","travelling","freezing","grocery",1,1,0,"midday"
18,183,95,88,"weekday","afternoon","leisure","freezing","grocery",0,1,0,"midday"
18,184,96,88,"weekday","beforelunch","unknown","freezing","grocery",1,1,0,"midday"
18,186,98,88,"weekday","lunch","unknown","freezing","restaurant",0,1,0,"midday"
18,187,99,88,"weekend","afternoon","travelling","cold","grocery",0,1,0,"midday"
18,188,100,88,"weekday","afternoon","unknown","hot","restaurant",0,1,0,"midday"
18,189,101,88,"unknown","afternoon","travelling","cold","grocery",0,1,0,"midday"
18,190,102,88,"weekend","lunch","unknown","unknown","grocery",0,1,0,"midday"
18,192,104,88,"weekday","dinner","unknown","cold","grocery",0,1,0,"night"
18,194,106,88,"weekday","dinner","travelling","unknown","grocery",0,1,0,"night"
18,195,107,88,"weekend","breakfast","travelling","freezing","restaurant",0,1,0,"morning"
18,201,113,88,"weekday","afternoon","unknown","freezing","restaurant",1,1,1,"midday"
18,202,114,88,"weekday","afternoon","working","freezing","grocery",1,1,1,"midday"
18,204,116,88,"weekday","afternoon","unknown","unknown","restaurant",0,1,1,"midday"
18,205,117,88,"weekday","beforelunch","travelling","freezing","grocery",0,1,1,"midday"
18,206,118,88,"weekend","dinner","travelling","cold","grocery",0,1,1,"night"
18,209,121,88,"weekday","afternoon","travelling","unknown","restaurant",1,1,1,"midday"
18,210,122,88,"weekday","lunch","working","cold","restaurant",0,1,1,"midday"
18,211,123,88,"weekend","afternoon","unknown","unknown","grocery",0,1,1,"midday"
18,212,124,88,"weekend","lunch","travelling","unknown","grocery",1,1,1,"midday"
18,213,125,88,"weekend","afternoon","unknown","unknown","restaurant",0,1,1,"midday"
18,215,127,88,"weekday","lunch","travelling","freezing","restaurant",0,1,1,"midday"
18,216,128,88,"weekday","beforelunch","travelling","freezing","grocery",1,1,1,"midday"
18,220,132,88,"weekday","afternoon","morningrituals","freezing","grocery",0,1,1,"midday"
18,221,133,88,"weekday","breakfast","travelling","warm","restaurant",0,1,1,"morning"
18,222,134,88,"weekday","evening","travelling","cold","grocery",1,1,1,"night"
18,223,135,88,"weekday","lunch","housework","cold","restaurant",1,1,1,"midday"
18,224,136,88,"weekday","afternoon","travelling","cold","grocery",1,1,1,"midday"
18,227,139,88,"weekday","morning","travelling","warm","restaurant",0,1,1,"morning"
18,228,140,88,"weekend","lunch","unknown","freezing","grocery",0,1,1,"midday"
18,231,143,88,"weekday","lunch","travelling","freezing","grocery",0,1,1,"midday"
18,232,144,88,"weekday","afternoon","unknown","cold","restaurant",0,1,1,"midday"
18,233,145,88,"weekday","breakfast","travelling","cold","restaurant",0,1,1,"morning"
18,234,146,88,"weekday","beforelunch","working","cold","restaurant",0,1,1,"midday"
18,235,147,88,"unknown","breakfast","unknown","freezing","grocery",0,1,1,"morning"
18,236,148,88,"weekday","lunch","travelling","unknown","restaurant",0,1,1,"midday"
18,238,150,88,"weekday","beforelunch","travelling","unknown","grocery",0,1,1,"midday"
18,239,151,88,"weekday","afternoon","travelling","cold","restaurant",0,1,1,"midday"
18,241,153,88,"weekday","beforelunch","travelling","freezing","grocery",1,1,1,"midday"
18,244,156,88,"weekend","breakfast","travelling","unknown","grocery",0,1,1,"morning"
18,247,159,88,"weekday","morning","travelling","freezing","grocery",0,1,1,"morning"
18,248,160,88,"weekday","beforelunch","travelling","freezing","grocery",0,1,1,"midday"
18,249,161,88,"weekend","morning","unknown","freezing","restaurant",1,1,1,"morning"
18,251,163,88,"weekday","morning","shopping","cold","grocery",1,1,1,"morning"
18,252,164,88,"weekday","morning","working","cold","grocery",0,1,1,"morning"
18,255,167,88,"weekday","lunch","travelling","cold","restaurant",1,1,1,"midday"
18,259,171,88,"weekday","afternoon","travelling","freezing","restaurant",1,1,1,"midday"
18,261,173,88,"weekday","breakfast","unknown","warm","grocery",0,1,1,"morning"
18,262,174,88,"weekday","morning","unknown","cold","grocery",0,1,1,"morning"
18,263,175,88,"weekday","breakfast","leisure","freezing","restaurant",0,1,1,"morning"
18,264,176,88,"weekday","earlymorning","travelling","unknown","restaurant",0,1,1,"morning"
18,268,180,88,"weekday","afternoon","travelling","warm","restaurant",0,1,1,"midday"
18,269,181,88,"weekday","afternoon","travelling","cold","restaurant",0,1,1,"midday"
19,98,4,94,"weekday","afternoon","travelling","freezing","restaurant",1,0,0,"midday"
19,100,6,94,"weekday","breakfast","travelling","freezing","restaurant",1,0,0,"morning"
19,101,7,94,"weekend","breakfast","travelling","unknown","grocery",0,0,0,"morning"
19,105,11,94,"weekday","beforelunch","travelling","cold","grocery",1,0,0,"midday"
19,112,18,94,"weekday","morning","travelling","warm","restaurant",0,0,0,"morning"
19,115,21,94,"weekend","breakfast","unknown","unknown","grocery",1,0,0,"morning"
19,116,22,94,"weekend","morning","leisure","hot","grocery",1,0,0,"morning"
19,118,24,94,"weekday","beforelunch","travelling","cold","restaurant",1,0,0,"midday"
19,120,26,94,"weekday","lunch","unknown","cold","grocery",1,0,0,"midday"
19,122,28,94,"weekday","afternoon","unknown","cold","grocery",0,0,0,"midday"
19,125,31,94,"weekday","earlymorning","unknown","cold","grocery",0,0,0,"morning"
19,127,33,94,"weekend","breakfast","leisure","cold","grocery",0,0,0,"morning"
19,128,34,94,"weekday","afternoon","travelling","freezing","grocery",0,0,0,"midday"
19,129,35,94,"weekend","afternoon","leisure","cold","grocery",0,0,0,"midday"
19,130,36,94,"weekend","beforelunch","travelling","cold","restaurant",0,0,0,"midday"
19,136,42,94,"weekend","lunch","travelling","unknown","grocery",1,0,0,"midday"
19,137,43,94,"weekday","lunch","shopping","unknown","grocery",0,0,0,"midday"
19,140,46,94,"weekday","morning","leisure","freezing","restaurant",0,0,0,"morning"
19,144,50,94,"weekday","afternoon","travelling","freezing","restaurant",0,0,0,"midday"
19,152,58,94,"weekday","breakfast","travelling","cold","restaurant",0,1,0,"morning"
19,154,60,94,"weekday","afternoon","travelling","unknown","restaurant",0,1,0,"midday"
19,159,65,94,"weekday","lunch","travelling","freezing","grocery",0,1,0,"midday"
19,160,66,94,"weekday","breakfast","travelling","unknown","restaurant",0,1,0,"morning"
19,163,69,94,"weekend","dinner","shopping","cold","restaurant",0,1,0,"night"
19,165,71,94,"weekday","afternoon","travelling","cold","grocery",0,1,0,"midday"
19,169,75,94,"weekday","lunch","travelling","unknown","grocery",1,1,0,"midday"
19,172,78,94,"weekend","afternoon","unknown","warm","restaurant",0,1,0,"midday"
19,174,80,94,"unknown","lunch","unknown","warm","grocery",0,1,0,"midday"
19,178,84,94,"weekday","lunch","unknown","freezing","grocery",1,1,0,"midday"
19,180,86,94,"weekday","earlymorning","working","unknown","grocery",0,1,0,"morning"
19,183,89,94,"weekday","lunch","leisure","unknown","restaurant",0,1,0,"midday"
19,185,91,94,"weekday","unknown","shopping","warm","restaurant",0,1,0,"unknown"
19,193,99,94,"weekday","dinner","travelling","hot","grocery",0,1,0,"night"
19,195,101,94,"weekday","lunch","travelling","warm","grocery",1,1,0,"midday"
19,200,106,94,"weekend","dinner","travelling","freezing","restaurant",0,1,0,"night"
19,203,109,94,"weekday","breakfast","travelling","cold","restaurant",0,1,0,"morning"
19,204,110,94,"weekday","breakfast","unknown","freezing","restaurant",0,1,0,"morning"
19,212,118,94,"weekday","lunch","unknown","warm","grocery",1,1,1,"midday"
19,214,120,94,"weekend","lunch","travelling","cold","restaurant",0,1,1,"midday"
19,215,121,94,"weekday","lunch","travelling","cold","grocery",1,1,1,"midday"
19,219,125,94,"weekday","lunch","travelling","warm","grocery",0,1,1,"midday"
19,223,129,94,"weekday","breakfast","shopping","cold","restaurant",0,1,1,"morning"
19,225,131,94,"weekday","afternoon","travelling","cold","restaurant",1,1,1,"midday"
19,228,134,94,"unknown","lunch","travelling","unknown","restaurant",0,1,1,"midday"
19,230,136,94,"weekend","afternoon","leisure","cold","grocery",1,1,1,"midday"
19,233,139,94,"weekday","afternoon","unknown","cold","grocery",0,1,1,"midday"
19,235,141,94,"weekend","breakfast","travelling","cold","grocery",1,1,1,"morning"
19,238,144,94,"weekend","lunch","unknown","warm","grocery",0,1,1,"midday"
19,239,145,94,"weekday","afternoon","shopping","cold","restaurant",0,1,1,"midday"
19,241,147,94,"weekday","morning","travelling","hot","grocery",0,1,1,"morning"
19,246,152,94,"weekday","afternoon","unknown","freezing","grocery",0,1,1,"midday"
19,247,153,94,"weekday","afternoon","travelling","freezing","grocery",0,1,1,"midday"
19,256,162,94,"weekday","lunch","travelling","cold","grocery",0,1,1,"midday"
19,261,167,94,"weekday","breakfast","travelling","unknown","restaurant",0,1,1,"morning"
19,262,168,94,"weekend","beforelunch","shopping","freezing","grocery",1,1,1,"midday"
19,264,170,94,"weekday","beforelunch","travelling","warm","restaurant",0,1,1,"midday"
19,266,172,94,"weekday","beforelunch","travelling","cold","restaurant",0,1,1,"midday"
19,267,173,94,"weekday","lunch","travelling","unknown","grocery",0,1,1,"midday"
19,268,174,94,"weekend","lunch","unknown","freezing","restaurant",1,1,1,"midday"
19,270,176,94,"weekday","afternoon","shopping","cold","restaurant",0,1,1,"midday"
19,274,180,94,"weekday","morning","travelling","cold","grocery",0,1,1,"morning"
20,105,0,105,"weekday","morning","working","freezing","restaurant",0,0,0,"morning"
20,107,2,105,"weekday","afternoon","travelling","warm","restaurant",1,0,0,"midday"
20,111,6,105,"weekday","breakfast","unknown","cold","restaurant",0,0,0,"morning"
20,113,8,105,"weekday","breakfast","travelling","cold","restaurant",0,0,0,"morning"
20,114,9,105,"weekday","beforelunch","travelling","warm","restaurant",0,0,0,"midday"
20,115,10,105,"unknown","beforelunch","travelling","unknown","grocery",0,0,0,"midday"
20,116,11,105,"weekday","lunch","travelling","freezing","grocery",1,0,0,"midday"
20,117,12,105,"weekday","lunch","travelling","warm","restaurant",1,0,0,"midday"
20,118,13,105,"weekend","lunch","unknown","warm","grocery",0,0,0,"midday"
20,120,15,105,"weekend","unknown","unknown","cold","grocery",0,0,0,"unknown"
20,121,16,105,"weekday","earlymorning","travelling","hot","grocery",0,0,0,"morning"
20,123,18,105,"weekday","afternoon","working","unknown","grocery",1,0,0,"midday"
20,124,19,105,"weekday","breakfast","leisure","unknown","restaurant",1,0,0,"morning"
20,127,22,105,"weekday","afternoon","working","freezing","restaurant",1,0,0,"midday"
20,129,24,105,"weekend","afternoon","unknown","cold","grocery",1,0,0,"midday"
20,131,26,105,"weekend","unknown","unknown","cold","grocery",1,0,0,"unknown"
20,134,29,105,"weekend","breakfast","travelling","cold","grocery",0,0,0,"morning"
20,135,30,105,"weekday","lunch","unknown","cold","restaurant",0,0,0,"midday"
20,136,31,105,"weekday","afternoon","leisure","unknown","grocery",1,0,0,"midday"
20,137,32,105,"weekday","breakfast","travelling","cold","restaurant",1,0,0,"morning"
20,138,33,105,"weekday","afternoon","working","freezing","restaurant",0,0,0,"midday"
20,140,35,105,"weekday","afternoon","unknown","freezing","grocery",0,0,0,"midday"
20,141,36,105,"weekday","morning","leisure","warm","restaurant",1,0,0,"morning"
20,142,37,105,"weekday","lunch","shopping","cold","grocery",0,0,0,"midday"
20,143,38,105,"weekday","lunch","travelling","hot","grocery",0,0,0,"midday"
20,144,39,105,"weekday","afternoon","working","freezing","restaurant",1,0,0,"midday"
20,146,41,105,"weekday","dinner","travelling","unknown","restaurant",1,0,0,"night"
20,149,44,105,"weekend","afternoon","working","cold","restaurant",0,0,0,"midday"
20,150,45,105,"weekday","lunch","leisure","freezing","restaurant",0,0,0,"midday"
20,151,46,105,"weekend","breakfast","travelling","freezing","restaurant",1,0,0,"morning"
20,152,47,105,"weekday","breakfast","travelling","warm","grocery",0,0,0,"morning"
20,154,49,105,"weekday","afternoon","travelling","cold","grocery",1,0,0,"midday"
20,155,50,105,"weekend","lunch","working","warm","grocery",0,0,0,"midday"
20,157,52,105,"weekday","lunch","travelling","unknown","restaurant",0,0,0,"midday"
20,159,54,105,"weekend","beforelunch","working","cold","restaurant",1,0,0,"midday"
20,161,56,105,"weekday","afternoon","leisure","cold","restaurant",0,0,0,"midday"
20,162,57,105,"weekend","afternoon","travelling","warm","grocery",1,1,0,"midday"
20,163,58,105,"weekday","afternoon","travelling","cold","restaurant",0,1,0,"midday"
20,164,59,105,"weekend","lunch","travelling","unknown","grocery",1,1,0,"midday"
20,166,61,105,"weekday","afternoon","unknown","unknown","restaurant",0,1,0,"midday"
20,168,63,105,"weekday","beforelunch","travelling","cold","restaurant",0,1,0,"midday"
20,169,64,105,"weekday","lunch","leisure","cold","grocery",1,1,0,"midday"
20,170,65,105,"weekend","beforelunch","leisure","cold","grocery",0,1,0,"midday"
20,171,66,105,"weekday","afternoon","shopping","cold","restaurant",1,1,0,"midday"
20,172,67,105,"weekday","lunch","morningrituals","cold","restaurant",0,1,0,"midday"
20,175,70,105,"weekday","lunch","travelling","cold","grocery",1,1,0,"midday"
20,177,72,105,"weekday","lunch","unknown","cold","restaurant",0,1,0,"midday"
20,178,73,105,"weekday","afternoon","unknown","warm","grocery",0,1,0,"midday"
20,179,74,105,"weekend","lunch","travelling","cold","grocery",0,1,0,"midday"
20,181,76,105,"weekday","afternoon","travelling","cold","restaurant",0,1,0,"midday"
20,183,78,105,"weekday","afternoon","working","warm","restaurant",0,1,0,"midday"
20,184,79,105,"weekday","lunch","working","unknown","restaurant",0,1,0,"midday"
20,185,80,105,"unknown","beforelunch","travelling","unknown","restaurant",0,1,0,"midday"
20,186,81,105,"weekday","lunch","travelling","unknown","grocery",1,1,0,"midday"
20,187,82,105,"weekday","unknown","working","unknown","restaurant",1,1,0,"unknown"
20,188,83,105,"weekday","beforelunch","travelling","cold","restaurant",0,1,0,"midday"
20,189,84,105,"weekday","beforelunch","unknown","cold","restaurant",0,1,0,"midday"
20,190,85,105,"weekday","evening","travelling","unknown","grocery",0,1,0,"night"
20,191,86,105,"weekday","beforelunch","unknown","cold","grocery",0,1,0,"midday"
20,192,87,105,"weekend","beforelunch","unknown","warm","grocery",1,1,0,"midday"
20,193,88,105,"weekday","morning","travelling","unknown","restaurant",1,1,0,"morning"
20,195,90,105,"unknown","afternoon","morningrituals","freezing","grocery",0,1,0,"midday"
20,197,92,105,"weekend","afternoon","travelling","cold","grocery",1,1,0,"midday"
20,199,94,105,"weekday","beforelunch","working","freezing","grocery",0,1,0,"midday"
20,200,95,105,"weekday","afternoon","travelling","warm","restaurant",0,1,0,"midday"
20,204,99,105,"weekday","dinner","unknown","cold","restaurant",0,1,0,"night"
20,206,101,105,"weekday","afternoon","travelling","cold","restaurant",0,1,0,"midday"
20,208,103,105,"weekday","afternoon","travelling","unknown","restaurant",0,1,0,"midday"
20,210,105,105,"weekend","lunch","travelling","unknown","grocery",0,1,0,"midday"
20,212,107,105,"weekday","lunch","working","freezing","grocery",0,1,0,"midday"
20,214,109,105,"weekday","afternoon","travelling","unknown","grocery",0,1,0,"midday"
20,215,110,105,"weekday","lunch","unknown","freezing","restaurant",0,1,0,"midday"
20,216,111,105,"weekday","dinner","travelling","hot","restaurant",0,1,0,"night"
20,218,113,105,"weekday","dinner","unknown","cold","grocery",1,1,1,"night"
20,219,114,105,"weekend","morning","travelling","unknown","restaurant",0,1,1,"morning"
20,220,115,105,"weekday","afternoon","leisure","cold","grocery",0,1,1,"midday"
20,221,116,105,"weekday","lunch","travelling","hot","grocery",0,1,1,"midday"
20,222,117,105,"weekday","afternoon","travelling","cold","restaurant",1,1,1,"midday"
20,223,118,105,"weekday","unknown","travelling","cold","restaurant",1,1,1,"unknown"
20,224,119,105,"weekend","breakfast","travelling","warm","grocery",0,1,1,"morning"
20,225,120,105,"weekday","beforelunch","travelling","cold","grocery",1,1,1,"midday"
20,228,123,105,"weekday","afternoon","morningrituals","unknown","grocery",0,1,1,"midday"
20,230,125,105,"weekday","beforelunch","travelling","hot","restaurant",0,1,1,"midday"
20,231,126,105,"weekday","dinner","travelling","cold","grocery",1,1,1,"night"
20,232,127,105,"weekday","afternoon","travelling","unknown","grocery",0,1,1,"midday"
20,234,129,105,"weekday","breakfast","unknown","freezing","restaurant",0,1,1,"morning"
20,235,130,105,"weekday","night","unknown","hot","restaurant",0,1,1,"night"
20,236,131,105,"weekday","afternoon","morningrituals","freezing","grocery",0,1,1,"midday"
20,237,132,105,"weekday","night","travelling","cold","grocery",1,1,1,"night"
20,239,134,105,"weekday","afternoon","travelling","cold","grocery",0,1,1,"midday"
20,240,135,105,"weekday","earlymorning","travelling","freezing","grocery",0,1,1,"morning"
20,242,137,105,"weekday","afternoon","shopping","cold","restaurant",1,1,1,"midday"
20,244,139,105,"weekday","afternoon","travelling","freezing","grocery",0,1,1,"midday"
20,245,140,105,"weekday","afternoon","unknown","cold","grocery",1,1,1,"midday"
20,246,141,105,"weekday","night","travelling","cold","restaurant",1,1,1,"night"
20,247,142,105,"weekday","morning","working","freezing","grocery",0,1,1,"morning"
20,248,143,105,"weekend","afternoon","shopping","unknown","grocery",1,1,1,"midday"
20,252,147,105,"weekend","afternoon","travelling","warm","restaurant",1,1,1,"midday"
20,253,148,105,"weekday","lunch","unknown","cold","grocery",0,1,1,"midday"
20,256,151,105,"weekday","beforelunch","travelling","unknown","restaurant",1,1,1,"midday"
20,257,152,105,"weekend","afternoon","travelling","warm","grocery",0,1,1,"midday"
20,258,153,105,"weekday","dinner","working","hot","grocery",0,1,1,"night"
20,259,154,105,"weekday","afternoon","travelling","cold","grocery",1,1,1,"midday"
20,261,156,105,"weekday","breakfast","travelling","hot","restaurant",0,1,1,"morning"
20,263,158,105,"weekday","breakfast","travelling","unknown","grocery",1,1,1,"morning"
20,266,161,105,"weekday","breakfast","leisure","warm","grocery",1,1,1,"morning"
20,267,162,105,"weekend","afternoon","travelling","cold","restaurant",1,1,1,"midday"
20,268,163,105,"weekday","afternoon","travelling","freezing","grocery",1,1,1,"midday"
20,269,164,105,"weekend","beforelunch","travelling","unknown","grocery",0,1,1,"midday"
20,270,165,105,"weekday","afternoon","travelling","hot","grocery",1,1,1,"midday"
20,271,166,105,"weekday","latenight","travelling","unknown","restaurant",0,1,1,"night"
20,272,167,105,"weekday","afternoon","unknown","freezing","restaurant",0,1,1,"midday"
20,273,168,105,"weekend","beforelunch","travelling","cold","restaurant",0,1,1,"midday"
20,275,170,105,"weekday","afternoon","travelling","hot","grocery",1,1,1,"midday"
20,277,172,105,"weekday","morning","travelling","unknown","grocery",1,1,1,"morning"
20,278,173,105,"weekend","afternoon","working","freezing","grocery",0,1,1,"midday"
20,279,174,105,"weekday","afternoon","shopping","cold","grocery",0,1,1,"midday"
20,280,175,105,"weekend","lunch","shopping","cold","restaurant",1,1,1,"midday"
20,281,176,105,"weekday","breakfast","leisure","hot","grocery",1,1,1,"morning"
20,282,177,105,"weekday","breakfast","shopping","warm","grocery",0,1,1,"morning"
20,283,178,105,"weekday","breakfast","travelling","unknown","grocery",0,1,1,"morning"
20,285,180,105,"weekend","morning","travelling","freezing","grocery",1,1,1,"morning"
20,286,181,105,"weekend","afternoon","shopping","unknown","restaurant",0,1,1,"midday"
20,288,183,105,"weekend","dinner","travelling","cold","restaurant",0,1,1,"night"
21,114,1,113,"weekday","latenight","unknown","unknown","grocery",0,0,0,"night"
21,135,22,113,"weekend","latenight","travelling","warm","restaurant",1,0,0,"night"
21,142,29,113,"weekday","beforelunch","leisure","freezing","restaurant",0,0,0,"midday"
21,143,30,113,"weekday","dinner","shopping","unknown","grocery",1,0,0,"night"
21,145,32,113,"weekday","unknown","unknown","freezing","restaurant",1,0,0,"unknown"
21,146,33,113,"weekend","lunch","travelling","warm","restaurant",1,0,0,"midday"
21,148,35,113,"weekday","lunch","travelling","warm","restaurant",0,0,0,"midday"
21,151,38,113,"weekend","afternoon","shopping","hot","restaurant",1,0,0,"midday"
21,158,45,113,"weekday","breakfast","shopping","cold","grocery",0,0,0,"morning"
21,159,46,113,"weekday","morning","unknown","cold","restaurant",0,0,0,"morning"
21,162,49,113,"weekday","breakfast","travelling","freezing","restaurant",0,0,0,"morning"
21,165,52,113,"weekday","afternoon","travelling","cold","restaurant",0,0,0,"midday"
21,168,55,113,"weekday","afternoon","travelling","unknown","grocery",0,0,0,"midday"
21,171,58,113,"weekday","breakfast","travelling","freezing","grocery",1,1,0,"morning"
21,172,59,113,"weekday","afternoon","travelling","cold","restaurant",0,1,0,"midday"
21,176,63,113,"weekday","afternoon","travelling","cold","grocery",1,1,0,"midday"
21,180,67,113,"weekday","beforelunch","travelling","warm","grocery",1,1,0,"midday"
21,182,69,113,"weekday","lunch","working","unknown","restaurant",1,1,0,"midday"
21,187,74,113,"weekday","afternoon","travelling","warm","restaurant",0,1,0,"midday"
21,190,77,113,"weekday","afternoon","working","cold","grocery",1,1,0,"midday"
21,191,78,113,"weekday","afternoon","travelling","unknown","restaurant",0,1,0,"midday"
21,193,80,113,"weekday","breakfast","unknown","cold","grocery",0,1,0,"morning"
21,205,92,113,"weekday","beforelunch","travelling","freezing","grocery",0,1,0,"midday"
21,206,93,113,"weekend","beforelunch","shopping","hot","grocery",1,1,0,"midday"
21,208,95,113,"weekend","beforelunch","unknown","cold","restaurant",1,1,0,"midday"
21,209,96,113,"weekday","afternoon","travelling","cold","restaurant",0,1,0,"midday"
21,226,113,113,"weekend","afternoon","travelling","freezing","restaurant",0,1,1,"midday"
21,228,115,113,"weekend","afternoon","travelling","unknown","grocery",1,1,1,"midday"
21,229,116,113,"weekend","beforelunch","shopping","freezing","restaurant",0,1,1,"midday"
21,234,121,113,"weekday","lunch","unknown","warm","restaurant",1,1,1,"midday"
21,235,122,113,"weekday","lunch","travelling","hot","grocery",0,1,1,"midday"
21,237,124,113,"weekday","afternoon","working","freezing","restaurant",0,1,1,"midday"
21,238,125,113,"weekday","lunch","unknown","freezing","grocery",0,1,1,"midday"
21,239,126,113,"weekday","breakfast","travelling","unknown","grocery",0,1,1,"morning"
21,241,128,113,"weekday","afternoon","leisure","unknown","restaurant",1,1,1,"midday"
21,244,131,113,"weekday","afternoon","travelling","freezing","grocery",0,1,1,"midday"
21,250,137,113,"weekday","afternoon","leisure","freezing","restaurant",0,1,1,"midday"
21,256,143,113,"weekend","unknown","working","unknown","grocery",0,1,1,"unknown"
21,262,149,113,"weekend","lunch","unknown","warm","grocery",1,1,1,"midday"
21,268,155,113,"weekday","afternoon","travelling","freezing","grocery",0,1,1,"midday"
21,280,167,113,"weekday","evening","unknown","cold","grocery",0,1,1,"night"
21,286,173,113,"weekday","afternoon","travelling","warm","grocery",0,1,1,"midday"
21,291,178,113,"weekday","dinner","working","cold","grocery",1,1,1,"night"
21,292,179,113,"weekday","morning","travelling","freezing","grocery",0,1,1,"morning"
22,128,10,118,"unknown","afternoon","unknown","unknown","grocery",0,0,0,"midday"
22,132,14,118,"weekday","afternoon","leisure","cold","grocery",0,0,0,"midday"
22,150,32,118,"weekday","lunch","unknown","cold","grocery",0,0,0,"midday"
22,151,33,118,"weekend","dinner","travelling","freezing","grocery",0,0,0,"night"
22,154,36,118,"weekday","afternoon","unknown","unknown","restaurant",1,0,0,"midday"
22,156,38,118,"weekend","afternoon","leisure","unknown","grocery",0,0,0,"midday"
22,157,39,118,"weekday","morning","working","warm","restaurant",0,0,0,"morning"
22,160,42,118,"weekday","earlymorning","leisure","freezing","restaurant",0,0,0,"morning"
22,164,46,118,"weekday","morning","travelling","freezing","grocery",0,0,0,"morning"
22,166,48,118,"weekday","breakfast","unknown","warm","restaurant",0,0,0,"morning"
22,170,52,118,"weekday","lunch","leisure","warm","grocery",0,0,0,"midday"
22,173,55,118,"weekend","unknown","shopping","hot","grocery",0,0,0,"unknown"
22,185,67,118,"weekday","morning","working","warm","restaurant",0,1,0,"morning"
22,191,73,118,"weekday","lunch","travelling","unknown","grocery",0,1,0,"midday"
22,192,74,118,"weekday","afternoon","working","unknown","grocery",0,1,0,"midday"
22,193,75,118,"weekend","lunch","travelling","warm","grocery",0,1,0,"midday"
22,199,81,118,"weekend","lunch","travelling","unknown","restaurant",0,1,0,"midday"
22,204,86,118,"weekend","beforelunch","travelling","warm","restaurant",1,1,0,"midday"
22,207,89,118,"weekday","beforelunch","unknown","freezing","grocery",1,1,0,"midday"
22,208,90,118,"weekday","beforelunch","travelling","freezing","grocery",0,1,0,"midday"
22,209,91,118,"weekend","afternoon","travelling","cold","grocery",0,1,0,"midday"
22,223,105,118,"weekday","morning","leisure","warm","restaurant",0,1,0,"morning"
22,225,107,118,"weekend","lunch","travelling","unknown","restaurant",1,1,0,"midday"
22,231,113,118,"weekday","lunch","travelling","freezing","grocery",1,1,1,"midday"
22,246,128,118,"weekday","breakfast","unknown","cold","restaurant",1,1,1,"morning"
22,257,139,118,"weekend","beforelunch","travelling","cold","restaurant",0,1,1,"midday"
22,258,140,118,"weekday","breakfast","travelling","freezing","restaurant",0,1,1,"morning"
22,262,144,118,"weekday","afternoon","travelling","hot","restaurant",1,1,1,"midday"
22,265,147,118,"weekday","afternoon","working","warm","grocery",1,1,1,"midday"
22,267,149,118,"weekend","breakfast","travelling","cold","restaurant",1,1,1,"morning"
22,271,153,118,"weekend","lunch","travelling","unknown","grocery",0,1,1,"midday"
22,278,160,118,"weekday","afternoon","unknown","freezing","restaurant",0,1,1,"midday"
22,279,161,118,"weekday","breakfast","travelling","freezing","restaurant",0,1,1,"morning"
22,285,167,118,"weekday","afternoon","leisure","warm","restaurant",0,1,1,"midday"
22,287,169,118,"weekday","afternoon","leisure","unknown","restaurant",1,1,1,"midday"
22,293,175,118,"weekend","lunch","travelling","cold","restaurant",1,1,1,"midday"
22,297,179,118,"weekday","afternoon","working","unknown","restaurant",0,1,1,"midday"
23,127,8,119,"weekday","afternoon","travelling","warm","grocery",0,0,0,"midday"
23,136,17,119,"weekday","breakfast","working","cold","grocery",0,0,0,"morning"
23,145,26,119,"weekday","afternoon","unknown","warm","grocery",1,0,0,"midday"
23,146,27,119,"weekend","breakfast","travelling","cold","restaurant",1,0,0,"morning"
23,151,32,119,"weekend","beforelunch","travelling","cold","restaurant",0,0,0,"midday"
23,153,34,119,"weekday","breakfast","travelling","warm","grocery",1,0,0,"morning"
23,154,35,119,"weekday","afternoon","working","cold","restaurant",0,0,0,"midday"
23,158,39,119,"weekday","afternoon","shopping","cold","restaurant",0,0,0,"midday"
23,161,42,119,"weekday","beforelunch","travelling","freezing","grocery",1,0,0,"midday"
23,163,44,119,"weekday","beforelunch","travelling","hot","grocery",1,0,0,"midday"
23,173,54,119,"weekend","beforelunch","travelling","cold","restaurant",0,0,0,"midday"
23,176,57,119,"weekend","beforelunch","social","cold","restaurant",0,1,0,"midday"
23,186,67,119,"unknown","afternoon","working","freezing","restaurant",0,1,0,"midday"
23,190,71,119,"weekday","beforelunch","travelling","cold","restaurant",0,1,0,"midday"
23,199,80,119,"weekday","lunch","travelling","warm","grocery",0,1,0,"midday"
23,202,83,119,"weekend","beforelunch","working","warm","restaurant",0,1,0,"midday"
23,209,90,119,"weekday","afternoon","travelling","hot","grocery",0,1,0,"midday"
23,218,99,119,"weekday","breakfast","leisure","unknown","restaurant",0,1,0,"morning"
23,220,101,119,"weekday","beforelunch","travelling","freezing","grocery",0,1,0,"midday"
23,230,111,119,"weekend","afternoon","unknown","unknown","grocery",1,1,0,"midday"
23,236,117,119,"weekend","morning","travelling","cold","grocery",0,1,1,"morning"
23,241,122,119,"weekday","afternoon","travelling","cold","restaurant",0,1,1,"midday"
23,249,130,119,"weekday","earlymorning","travelling","unknown","grocery",0,1,1,"morning"
23,253,134,119,"weekday","unknown","leisure","cold","grocery",0,1,1,"unknown"
23,257,138,119,"weekday","lunch","travelling","cold","grocery",1,1,1,"midday"
23,260,141,119,"weekday","earlymorning","leisure","unknown","grocery",0,1,1,"morning"
23,275,156,119,"weekday","afternoon","travelling","warm","restaurant",1,1,1,"midday"
23,278,159,119,"weekday","beforelunch","leisure","cold","restaurant",0,1,1,"midday"
23,289,170,119,"weekend","lunch","working","unknown","grocery",1,1,1,"midday"
23,291,172,119,"weekday","lunch","shopping","warm","restaurant",1,1,1,"midday"
23,295,176,119,"weekday","lunch","travelling","unknown","restaurant",0,1,1,"midday"
23,297,178,119,"weekday","afternoon","unknown","freezing","restaurant",0,1,1,"midday"
24,121,0,121,"weekday","lunch","working","freezing","restaurant",1,0,0,"midday"
24,123,2,121,"weekend","morning","unknown","freezing","grocery",1,0,0,"morning"
24,124,3,121,"weekday","morning","working","hot","grocery",0,0,0,"morning"
24,125,4,121,"unknown","breakfast","travelling","warm","grocery",0,0,0,"morning"
24,128,7,121,"weekend","afternoon","working","cold","restaurant",0,0,0,"midday"
24,131,10,121,"weekday","lunch","travelling","cold","restaurant",0,0,0,"midday"
24,132,11,121,"weekday","afternoon","travelling","cold","restaurant",0,0,0,"midday"
24,134,13,121,"weekday","beforelunch","travelling","cold","grocery",1,0,0,"midday"
24,137,16,121,"weekend","afternoon","travelling","hot","restaurant",1,0,0,"midday"
24,139,18,121,"weekday","lunch","unknown","unknown","grocery",1,0,0,"midday"
24,140,19,121,"weekend","beforelunch","travelling","warm","restaurant",1,0,0,"midday"
24,141,20,121,"weekday","night","leisure","unknown","restaurant",0,0,0,"night"
24,146,25,121,"weekday","breakfast","travelling","unknown","restaurant",0,0,0,"morning"
24,147,26,121,"weekday","afternoon","unknown","freezing","grocery",1,0,0,"midday"
24,150,29,121,"weekend","earlymorning","travelling","freezing","restaurant",0,0,0,"morning"
24,153,32,121,"weekday","afternoon","unknown","unknown","grocery",1,0,0,"midday"
24,154,33,121,"weekday","lunch","travelling","warm","grocery",0,0,0,"midday"
24,155,34,121,"weekday","beforelunch","travelling","cold","restaurant",0,0,0,"midday"
24,158,37,121,"weekend","night","unknown","freezing","restaurant",0,0,0,"night"
24,159,38,121,"weekday","beforelunch","travelling","freezing","grocery",1,0,0,"midday"
24,163,42,121,"weekday","unknown","working","unknown","restaurant",0,0,0,"unknown"
24,164,43,121,"weekday","lunch","travelling","hot","grocery",0,0,0,"midday"
24,168,47,121,"unknown","afternoon","shopping","warm","grocery",0,0,0,"midday"
24,170,49,121,"weekday","beforelunch","morningrituals","hot","grocery",0,0,0,"midday"
24,171,50,121,"weekday","lunch","travelling","unknown","grocery",0,0,0,"midday"
24,172,51,121,"weekday","beforelunch","travelling","cold","grocery",1,0,0,"midday"
24,173,52,121,"weekday","afternoon","travelling","unknown","grocery",0,0,0,"midday"
24,176,55,121,"weekend","morning","travelling","cold","restaurant",0,0,0,"morning"
24,177,56,121,"weekday","breakfast","shopping","warm","grocery",0,0,0,"morning"
24,178,57,121,"weekday","morning","leisure","cold","restaurant",0,1,0,"morning"
24,180,59,121,"weekday","afternoon","unknown","freezing","grocery",1,1,0,"midday"
24,183,62,121,"weekend","evening","travelling","freezing","grocery",0,1,0,"night"
24,187,66,121,"weekend","afternoon","travelling","freezing","grocery",1,1,0,"midday"
24,193,72,121,"weekday","lunch","working","warm","restaurant",1,1,0,"midday"
24,194,73,121,"weekday","afternoon","unknown","cold","restaurant",0,1,0,"midday"
24,195,74,121,"weekday","afternoon","unknown","freezing","grocery",1,1,0,"midday"
24,196,75,121,"weekday","afternoon","social","unknown","restaurant",0,1,0,"midday"
24,197,76,121,"weekday","morning","travelling","hot","restaurant",0,1,0,"morning"
24,198,77,121,"weekend","afternoon","travelling","unknown","restaurant",0,1,0,"midday"
24,199,78,121,"weekday","afternoon","working","cold","grocery",0,1,0,"midday"
24,200,79,121,"weekday","breakfast","unknown","warm","grocery",1,1,0,"morning"
24,201,80,121,"weekday","lunch","travelling","hot","grocery",1,1,0,"midday"
24,202,81,121,"weekend","morning","travelling","hot","grocery",0,1,0,"morning"
24,204,83,121,"weekend","morning","travelling","cold","grocery",0,1,0,"morning"
24,207,86,121,"weekday","lunch","travelling","unknown","restaurant",0,1,0,"midday"
24,209,88,121,"weekday","earlymorning","working","cold","grocery",1,1,0,"morning"
24,211,90,121,"weekend","afternoon","travelling","unknown","restaurant",0,1,0,"midday"
24,212,91,121,"weekday","afternoon","travelling","cold","restaurant",1,1,0,"midday"
24,213,92,121,"weekend","lunch","housework","unknown","restaurant",0,1,0,"midday"
24,215,94,121,"weekday","lunch","travelling","cold","restaurant",1,1,0,"midday"
24,216,95,121,"weekday","morning","leisure","cold","restaurant",0,1,0,"morning"
24,221,100,121,"weekday","lunch","travelling","cold","restaurant",0,1,0,"midday"
24,224,103,121,"weekend","earlymorning","travelling","freezing","grocery",0,1,0,"morning"
24,225,104,121,"weekend","afternoon","working","cold","restaurant",0,1,0,"midday"
24,226,105,121,"weekday","beforelunch","travelling","freezing","grocery",0,1,0,"midday"
24,228,107,121,"weekend","lunch","travelling","hot","restaurant",0,1,0,"midday"
24,232,111,121,"weekend","lunch","travelling","cold","restaurant",0,1,0,"midday"
24,234,113,121,"weekday","breakfast","morningrituals","cold","grocery",1,1,1,"morning"
24,235,114,121,"weekday","night","travelling","cold","grocery",1,1,1,"night"
24,237,116,121,"weekend","lunch","unknown","cold","grocery",0,1,1,"midday"
24,238,117,121,"weekend","afternoon","travelling","cold","grocery",0,1,1,"midday"
24,239,118,121,"weekday","morning","unknown","cold","restaurant",0,1,1,"morning"
24,241,120,121,"weekday","lunch","unknown","freezing","grocery",1,1,1,"midday"
24,242,121,121,"weekday","beforelunch","leisure","freezing","restaurant",0,1,1,"midday"
24,244,123,121,"weekday","lunch","working","cold","grocery",0,1,1,"midday"
24,246,125,121,"weekday","beforelunch","workingout","hot","restaurant",0,1,1,"midday"
24,250,129,121,"weekend","afternoon","unknown","unknown","restaurant",1,1,1,"midday"
24,251,130,121,"weekday","beforelunch","travelling","unknown","restaurant",1,1,1,"midday"
24,253,132,121,"weekend","morning","travelling","cold","grocery",1,1,1,"morning"
24,256,135,121,"weekend","lunch","unknown","cold","grocery",0,1,1,"midday"
24,257,136,121,"weekend","lunch","travelling","unknown","grocery",0,1,1,"midday"
24,259,138,121,"weekend","afternoon","travelling","cold","grocery",0,1,1,"midday"
24,260,139,121,"unknown","lunch","travelling","cold","grocery",0,1,1,"midday"
24,262,141,121,"weekday","breakfast","travelling","cold","grocery",0,1,1,"morning"
24,264,143,121,"weekday","beforelunch","travelling","warm","restaurant",0,1,1,"midday"
24,265,144,121,"weekday","lunch","travelling","warm","restaurant",1,1,1,"midday"
24,266,145,121,"weekday","breakfast","leisure","cold","restaurant",1,1,1,"morning"
24,267,146,121,"weekend","afternoon","leisure","warm","restaurant",0,1,1,"midday"
24,270,149,121,"weekday","beforelunch","leisure","warm","restaurant",0,1,1,"midday"
24,271,150,121,"weekday","afternoon","travelling","cold","grocery",0,1,1,"midday"
24,272,151,121,"weekend","afternoon","travelling","freezing","grocery",1,1,1,"midday"
24,274,153,121,"weekday","morning","travelling","hot","grocery",1,1,1,"morning"
24,277,156,121,"weekend","afternoon","leisure","cold","restaurant",0,1,1,"midday"
24,278,157,121,"weekend","earlymorning","travelling","unknown","grocery",1,1,1,"morning"
24,280,159,121,"weekday","afternoon","working","hot","grocery",1,1,1,"midday"
24,284,163,121,"weekday","evening","travelling","freezing","restaurant",0,1,1,"night"
24,285,164,121,"weekday","lunch","shopping","warm","restaurant",0,1,1,"midday"
24,286,165,121,"weekend","breakfast","travelling","hot","restaurant",0,1,1,"morning"
24,287,166,121,"weekday","breakfast","travelling","cold","grocery",0,1,1,"morning"
24,292,171,121,"weekday","breakfast","working","cold","grocery",0,1,1,"morning"
24,297,176,121,"weekday","unknown","shopping","cold","grocery",0,1,1,"unknown"
24,298,177,121,"weekday","breakfast","travelling","freezing","restaurant",0,1,1,"morning"
24,299,178,121,"weekday","breakfast","travelling","unknown","restaurant",1,1,1,"morning"
24,300,179,121,"weekday","beforelunch","unknown","hot","restaurant",1,1,1,"midday"
24,302,181,121,"weekday","lunch","morningrituals","warm","grocery",1,1,1,"midday"
24,303,182,121,"weekend","morning","travelling","cold","grocery",0,1,1,"morning"
24,304,183,121,"weekday","lunch","travelling","freezing","restaurant",0,1,1,"midday"
25,130,1,129,"weekday","afternoon","travelling","cold","restaurant",0,0,0,"midday"
25,131,2,129,"weekday","beforelunch","leisure","hot","grocery",0,0,0,"midday"
25,132,3,129,"weekend","unknown","shopping","cold","grocery",0,0,0,"unknown"
25,133,4,129,"weekday","afternoon","travelling","freezing","restaurant",1,0,0,"midday"
25,135,6,129,"weekday","lunch","travelling","warm","restaurant",1,0,0,"midday"
25,136,7,129,"weekday","afternoon","working","freezing","restaurant",0,0,0,"midday"
25,140,11,129,"weekday","beforelunch","travelling","unknown","grocery",0,0,0,"midday"
25,144,15,129,"weekday","beforelunch","working","cold","restaurant",0,0,0,"midday"
25,148,19,129,"weekday","lunch","working","warm","restaurant",0,0,0,"midday"
25,151,22,129,"weekday","afternoon","travelling","warm","grocery",0,0,0,"midday"
25,157,28,129,"weekday","lunch","travelling","cold","grocery",0,0,0,"midday"
25,158,29,129,"weekend","beforelunch","unknown","warm","grocery",0,0,0,"midday"
25,163,34,129,"weekend","lunch","travelling","hot","grocery",0,0,0,"midday"
25,166,37,129,"weekend","beforelunch","working","cold","grocery",1,0,0,"midday"
25,177,48,129,"unknown","lunch","unknown","freezing","grocery",0,0,0,"midday"
25,179,50,129,"weekday","breakfast","travelling","cold","grocery",0,0,0,"morning"
25,182,53,129,"weekday","lunch","travelling","unknown","grocery",0,0,0,"midday"
25,183,54,129,"weekday","afternoon","travelling","unknown","grocery",0,0,0,"midday"
25,187,58,129,"weekend","night","travelling","unknown","restaurant",0,1,0,"night"
25,194,65,129,"weekday","morning","travelling","cold","grocery",0,1,0,"morning"
25,196,67,129,"weekday","lunch","travelling","unknown","restaurant",0,1,0,"midday"
25,200,71,129,"weekday","beforelunch","travelling","cold","grocery",0,1,0,"midday"
25,202,73,129,"weekday","beforelunch","unknown","unknown","grocery",0,1,0,"midday"
25,204,75,129,"weekday","beforelunch","travelling","freezing","restaurant",0,1,0,"midday"
25,206,77,129,"weekday","lunch","travelling","cold","restaurant",0,1,0,"midday"
25,209,80,129,"weekend","beforelunch","travelling","cold","restaurant",0,1,0,"midday"
25,212,83,129,"weekday","breakfast","travelling","warm","restaurant",1,1,0,"morning"
25,216,87,129,"weekday","earlymorning","travelling","freezing","grocery",0,1,0,"morning"
25,217,88,129,"weekday","afternoon","travelling","warm","restaurant",0,1,0,"midday"
25,219,90,129,"weekend","afternoon","travelling","hot","grocery",1,1,0,"midday"
25,226,97,129,"weekday","lunch","travelling","warm","restaurant",1,1,0,"midday"
25,229,100,129,"weekday","beforelunch","leisure","hot","restaurant",0,1,0,"midday"
25,230,101,129,"weekend","beforelunch","working","warm","grocery",0,1,0,"midday"
25,234,105,129,"weekend","beforelunch","travelling","unknown","restaurant",1,1,0,"midday"
25,237,108,129,"weekday","beforelunch","travelling","warm","restaurant",1,1,0,"midday"
25,245,116,129,"weekday","afternoon","unknown","cold","restaurant",0,1,1,"midday"
25,246,117,129,"weekday","beforelunch","travelling","warm","grocery",0,1,1,"midday"
25,251,122,129,"weekday","dinner","travelling","warm","grocery",1,1,1,"night"
25,255,126,129,"weekday","afternoon","travelling","unknown","grocery",0,1,1,"midday"
25,266,137,129,"weekday","night","unknown","cold","grocery",0,1,1,"night"
25,268,139,129,"weekend","night","travelling","warm","restaurant",1,1,1,"night"
25,269,140,129,"weekend","breakfast","shopping","unknown","grocery",0,1,1,"morning"
25,277,148,129,"weekday","afternoon","travelling","unknown","restaurant",0,1,1,"midday"
25,280,151,129,"weekend","night","travelling","warm","restaurant",0,1,1,"night"
25,282,153,129,"weekday","lunch","travelling","cold","restaurant",1,1,1,"midday"
25,289,160,129,"weekday","afternoon","unknown","freezing","grocery",1,1,1,"midday"
25,293,164,129,"weekday","beforelunch","housework","warm","restaurant",0,1,1,"midday"
25,294,165,129,"weekday","lunch","travelling","unknown","grocery",1,1,1,"midday"
25,304,175,129,"weekend","morning","travelling","freezing","grocery",1,1,1,"morning"
25,305,176,129,"weekday","breakfast","leisure","unknown","grocery",0,1,1,"morning"
25,307,178,129,"weekday","afternoon","unknown","cold","grocery",0,1,1,"midday"
25,310,181,129,"weekday","lunch","travelling","unknown","restaurant",0,1,1,"midday"
25,311,182,129,"weekend","afternoon","travelling","freezing","grocery",0,1,1,"midday"
26,209,71,138,"weekday","afternoon","travelling","freezing","grocery",1,1,0,"midday"
26,225,87,138,"weekend","afternoon","travelling","warm","restaurant",1,1,0,"midday"
26,303,165,138,"weekday","afternoon","travelling","cold","grocery",1,1,1,"midday"
27,148,1,147,"weekday","lunch","leisure","freezing","restaurant",0,0,0,"midday"
27,151,4,147,"weekday","afternoon","travelling","freezing","restaurant",1,0,0,"midday"
27,153,6,147,"weekday","earlymorning","travelling","cold","grocery",1,0,0,"morning"
27,156,9,147,"weekend","lunch","travelling","unknown","restaurant",0,0,0,"midday"
27,158,11,147,"weekday","morning","travelling","unknown","restaurant",1,0,0,"morning"
27,160,13,147,"weekday","night","leisure","freezing","restaurant",0,0,0,"night"
27,161,14,147,"weekend","night","working","hot","grocery",0,0,0,"night"
27,174,27,147,"weekday","dinner","travelling","cold","grocery",0,0,0,"night"
27,178,31,147,"weekend","dinner","unknown","cold","grocery",0,0,0,"night"
27,180,33,147,"weekday","beforelunch","unknown","freezing","grocery",1,0,0,"midday"
27,191,44,147,"weekday","evening","travelling","unknown","restaurant",0,0,0,"night"
27,198,51,147,"weekday","latenight","unknown","freezing","grocery",0,0,0,"night"
27,201,54,147,"weekend","morning","shopping","hot","restaurant",0,0,0,"morning"
27,202,55,147,"weekday","unknown","travelling","warm","restaurant",0,0,0,"unknown"
27,203,56,147,"weekend","afternoon","travelling","cold","restaurant",0,0,0,"midday"
27,206,59,147,"weekend","beforelunch","travelling","unknown","restaurant",0,1,0,"midday"
27,207,60,147,"weekday","breakfast","travelling","cold","restaurant",0,1,0,"morning"
27,212,65,147,"weekend","lunch","travelling","unknown","grocery",1,1,0,"midday"
27,219,72,147,"weekend","afternoon","morningrituals","cold","grocery",0,1,0,"midday"
27,220,73,147,"weekend","afternoon","travelling","cold","grocery",0,1,0,"midday"
27,223,76,147,"weekday","afternoon","travelling","unknown","restaurant",0,1,0,"midday"
27,224,77,147,"weekday","lunch","travelling","unknown","restaurant",0,1,0,"midday"
27,225,78,147,"weekend","unknown","travelling","unknown","restaurant",1,1,0,"unknown"
27,230,83,147,"weekday","night","travelling","freezing","grocery",0,1,0,"night"
27,231,84,147,"weekday","earlymorning","shopping","hot","restaurant",0,1,0,"morning"
27,243,96,147,"weekday","breakfast","leisure","unknown","grocery",0,1,0,"morning"
27,244,97,147,"weekday","afternoon","travelling","freezing","grocery",1,1,0,"midday"
27,247,100,147,"weekend","afternoon","travelling","cold","restaurant",0,1,0,"midday"
27,251,104,147,"weekday","lunch","travelling","cold","restaurant",0,1,0,"midday"
27,253,106,147,"weekday","beforelunch","leisure","hot","restaurant",1,1,0,"midday"
27,254,107,147,"weekday","afternoon","travelling","cold","restaurant",0,1,0,"midday"
27,258,111,147,"weekday","breakfast","working","cold","restaurant",0,1,0,"morning"
27,261,114,147,"weekday","lunch","travelling","freezing","restaurant",0,1,1,"midday"
27,264,117,147,"weekday","earlymorning","unknown","freezing","restaurant",0,1,1,"morning"
27,265,118,147,"weekday","lunch","travelling","cold","grocery",0,1,1,"midday"
27,268,121,147,"weekday","lunch","travelling","warm","grocery",0,1,1,"midday"
27,272,125,147,"weekday","lunch","travelling","unknown","restaurant",0,1,1,"midday"
27,279,132,147,"weekday","beforelunch","travelling","unknown","grocery",1,1,1,"midday"
27,282,135,147,"weekend","afternoon","travelling","freezing","restaurant",0,1,1,"midday"
27,286,139,147,"weekday","afternoon","travelling","unknown","grocery",0,1,1,"midday"
27,289,142,147,"weekday","afternoon","travelling","freezing","grocery",0,1,1,"midday"
27,292,145,147,"weekday","lunch","travelling","cold","restaurant",1,1,1,"midday"
27,297,150,147,"weekday","evening","leisure","cold","restaurant",0,1,1,"night"
27,298,151,147,"weekday","beforelunch","travelling","cold","restaurant",0,1,1,"midday"
27,299,152,147,"weekday","breakfast","leisure","unknown","restaurant",0,1,1,"morning"
27,301,154,147,"weekday","morning","working","freezing","restaurant",0,1,1,"morning"
27,303,156,147,"weekday","afternoon","travelling","freezing","grocery",0,1,1,"midday"
27,308,161,147,"weekday","beforelunch","travelling","hot","restaurant",0,1,1,"midday"
27,312,165,147,"weekend","lunch","unknown","freezing","grocery",0,1,1,"midday"
27,315,168,147,"weekday","lunch","travelling","unknown","restaurant",0,1,1,"midday"
27,317,170,147,"weekday","lunch","travelling","cold","restaurant",0,1,1,"midday"
27,321,174,147,"weekday","breakfast","travelling","freezing","grocery",1,1,1,"morning"
27,330,183,147,"weekday","afternoon","leisure","unknown","restaurant",1,1,1,"midday"
28,156,1,155,"weekday","breakfast","travelling","unknown","grocery",1,0,0,"morning"
28,157,2,155,"weekday","lunch","travelling","hot","grocery",0,0,0,"midday"
28,158,3,155,"weekend","lunch","leisure","hot","grocery",0,0,0,"midday"
28,159,4,155,"weekday","afternoon","travelling","freezing","grocery",0,0,0,"midday"
28,160,5,155,"weekend","morning","leisure","freezing","restaurant",0,0,0,"morning"
28,162,7,155,"weekday","dinner","unknown","hot","restaurant",0,0,0,"night"
28,165,10,155,"weekday","breakfast","travelling","warm","restaurant",0,0,0,"morning"
28,166,11,155,"weekday","afternoon","unknown","hot","restaurant",0,0,0,"midday"
28,167,12,155,"weekday","afternoon","working","unknown","grocery",0,0,0,"midday"
28,168,13,155,"weekday","afternoon","shopping","cold","grocery",1,0,0,"midday"
28,169,14,155,"weekend","morning","travelling","warm","restaurant",0,0,0,"morning"
28,174,19,155,"weekday","dinner","travelling","cold","restaurant",0,0,0,"night"
28,176,21,155,"weekday","latenight","travelling","cold","grocery",0,0,0,"night"
28,179,24,155,"weekend","morning","working","freezing","grocery",0,0,0,"morning"
28,180,25,155,"weekday","beforelunch","unknown","unknown","restaurant",0,0,0,"midday"
28,181,26,155,"weekday","afternoon","travelling","warm","grocery",1,0,0,"midday"
28,190,35,155,"weekend","lunch","leisure","unknown","grocery",0,0,0,"midday"
28,191,36,155,"weekday","afternoon","shopping","freezing","restaurant",1,0,0,"midday"
28,192,37,155,"weekday","lunch","travelling","cold","restaurant",0,0,0,"midday"
28,194,39,155,"weekday","breakfast","unknown","unknown","restaurant",1,0,0,"morning"
28,195,40,155,"weekday","lunch","unknown","unknown","restaurant",1,0,0,"midday"
28,196,41,155,"weekday","breakfast","unknown","unknown","restaurant",0,0,0,"morning"
28,197,42,155,"weekday","breakfast","leisure","freezing","restaurant",0,0,0,"morning"
28,199,44,155,"weekday","morning","leisure","freezing","restaurant",1,0,0,"morning"
28,200,45,155,"weekday","afternoon","travelling","freezing","restaurant",0,0,0,"midday"
28,201,46,155,"weekend","morning","morningrituals","warm","restaurant",0,0,0,"morning"
28,202,47,155,"weekday","afternoon","unknown","unknown","grocery",1,0,0,"midday"
28,203,48,155,"weekday","breakfast","travelling","cold","restaurant",0,0,0,"morning"
28,205,50,155,"weekday","breakfast","travelling","unknown","grocery",0,0,0,"morning"
28,206,51,155,"weekday","dinner","travelling","freezing","restaurant",0,0,0,"night"
28,207,52,155,"weekday","lunch","travelling","hot","restaurant",0,0,0,"midday"
28,212,57,155,"weekday","lunch","unknown","unknown","grocery",0,1,0,"midday"
28,213,58,155,"weekday","morning","travelling","unknown","grocery",0,1,0,"morning"
28,214,59,155,"weekday","afternoon","travelling","cold","restaurant",1,1,0,"midday"
28,215,60,155,"weekday","afternoon","shopping","cold","grocery",0,1,0,"midday"
28,217,62,155,"weekday","afternoon","working","cold","grocery",1,1,0,"midday"
28,218,63,155,"weekday","morning","travelling","cold","grocery",0,1,0,"morning"
28,219,64,155,"weekday","breakfast","leisure","cold","grocery",0,1,0,"morning"
28,220,65,155,"weekday","beforelunch","travelling","cold","restaurant",0,1,0,"midday"
28,221,66,155,"weekday","lunch","travelling","freezing","restaurant",0,1,0,"midday"
28,222,67,155,"weekday","lunch","shopping","unknown","grocery",0,1,0,"midday"
28,223,68,155,"weekday","beforelunch","travelling","unknown","grocery",0,1,0,"midday"
28,225,70,155,"weekend","earlymorning","unknown","unknown","restaurant",1,1,0,"morning"
28,227,72,155,"weekend","breakfast","shopping","cold","restaurant",0,1,0,"morning"
28,229,74,155,"weekday","evening","travelling","cold","grocery",1,1,0,"night"
28,232,77,155,"weekday","lunch","travelling","cold","restaurant",0,1,0,"midday"
28,234,79,155,"weekend","afternoon","unknown","hot","grocery",0,1,0,"midday"
28,235,80,155,"weekday","breakfast","leisure","warm","restaurant",1,1,0,"morning"
28,236,81,155,"weekday","afternoon","travelling","freezing","grocery",1,1,0,"midday"
28,237,82,155,"weekday","afternoon","travelling","freezing","grocery",0,1,0,"midday"
28,239,84,155,"weekend","beforelunch","shopping","freezing","restaurant",1,1,0,"midday"
28,240,85,155,"weekday","beforelunch","travelling","freezing","restaurant",0,1,0,"midday"
28,242,87,155,"weekday","morning","travelling","cold","grocery",0,1,0,"morning"
28,244,89,155,"weekday","afternoon","travelling","unknown","grocery",0,1,0,"midday"
28,245,90,155,"weekday","afternoon","travelling","unknown","grocery",1,1,0,"midday"
28,247,92,155,"unknown","beforelunch","shopping","cold","grocery",0,1,0,"midday"
28,248,93,155,"weekday","afternoon","working","unknown","restaurant",0,1,0,"midday"
28,249,94,155,"weekday","afternoon","travelling","unknown","grocery",1,1,0,"midday"
28,250,95,155,"weekday","afternoon","travelling","cold","grocery",0,1,0,"midday"
28,251,96,155,"weekday","lunch","travelling","cold","grocery",0,1,0,"midday"
28,255,100,155,"weekday","night","travelling","unknown","grocery",0,1,0,"night"
28,257,102,155,"weekend","night","travelling","freezing","restaurant",0,1,0,"night"
28,258,103,155,"weekend","afternoon","unknown","cold","grocery",1,1,0,"midday"
28,259,104,155,"weekday","morning","travelling","cold","restaurant",0,1,0,"morning"
28,260,105,155,"weekend","afternoon","travelling","hot","restaurant",0,1,0,"midday"
28,262,107,155,"weekday","lunch","unknown","unknown","restaurant",1,1,0,"midday"
28,264,109,155,"weekend","lunch","shopping","cold","grocery",0,1,0,"midday"
28,265,110,155,"weekend","beforelunch","travelling","cold","grocery",0,1,0,"midday"
28,268,113,155,"weekend","afternoon","travelling","freezing","restaurant",1,1,1,"midday"
28,269,114,155,"weekday","beforelunch","travelling","cold","restaurant",0,1,1,"midday"
28,271,116,155,"weekday","lunch","unknown","freezing","grocery",0,1,1,"midday"
28,272,117,155,"weekend","lunch","travelling","warm","restaurant",0,1,1,"midday"
28,274,119,155,"weekday","morning","travelling","freezing","grocery",0,1,1,"morning"
28,276,121,155,"weekend","breakfast","leisure","freezing","grocery",0,1,1,"morning"
28,277,122,155,"weekday","afternoon","unknown","warm","restaurant",0,1,1,"midday"
28,278,123,155,"weekday","lunch","leisure","unknown","grocery",0,1,1,"midday"
28,280,125,155,"unknown","beforelunch","shopping","freezing","grocery",1,1,1,"midday"
28,281,126,155,"weekday","morning","travelling","warm","restaurant",0,1,1,"morning"
28,283,128,155,"weekday","afternoon","leisure","cold","restaurant",1,1,1,"midday"
28,284,129,155,"weekend","earlymorning","working","unknown","restaurant",1,1,1,"morning"
28,285,130,155,"weekday","lunch","travelling","freezing","restaurant",0,1,1,"midday"
28,286,131,155,"weekday","dinner","working","cold","restaurant",0,1,1,"night"
28,294,139,155,"weekday","unknown","morningrituals","hot","grocery",0,1,1,"unknown"
28,295,140,155,"weekday","evening","travelling","unknown","restaurant",0,1,1,"night"
28,298,143,155,"weekend","afternoon","shopping","freezing","grocery",1,1,1,"midday"
28,300,145,155,"weekend","afternoon","unknown","warm","restaurant",0,1,1,"midday"
28,301,146,155,"weekday","breakfast","working","cold","restaurant",1,1,1,"morning"
28,302,147,155,"weekend","lunch","travelling","cold","grocery",0,1,1,"midday"
28,303,148,155,"weekend","morning","leisure","hot","restaurant",0,1,1,"morning"
28,306,151,155,"weekday","afternoon","shopping","unknown","restaurant",0,1,1,"midday"
28,307,152,155,"weekday","latenight","unknown","unknown","restaurant",1,1,1,"night"
28,308,153,155,"weekend","lunch","unknown","hot","grocery",0,1,1,"midday"
28,309,154,155,"weekend","afternoon","shopping","warm","grocery",0,1,1,"midday"
28,310,155,155,"weekend","afternoon","travelling","freezing","grocery",0,1,1,"midday"
28,311,156,155,"weekend","dinner","unknown","cold","restaurant",0,1,1,"night"
28,313,158,155,"weekend","lunch","travelling","warm","restaurant",0,1,1,"midday"
28,314,159,155,"weekday","beforelunch","shopping","freezing","grocery",1,1,1,"midday"
28,315,160,155,"weekday","lunch","unknown","cold","grocery",0,1,1,"midday"
28,319,164,155,"weekend","morning","travelling","cold","grocery",1,1,1,"morning"
28,321,166,155,"weekday","lunch","travelling","unknown","grocery",0,1,1,"midday"
28,322,167,155,"weekday","beforelunch","working","unknown","restaurant",0,1,1,"midday"
28,324,169,155,"weekday","beforelunch","travelling","freezing","restaurant",1,1,1,"midday"
28,326,171,155,"weekday","afternoon","travelling","unknown","grocery",0,1,1,"midday"
28,328,173,155,"weekend","beforelunch","leisure","cold","restaurant",0,1,1,"midday"
28,329,174,155,"weekday","night","travelling","cold","restaurant",0,1,1,"night"
28,331,176,155,"weekend","lunch","travelling","warm","restaurant",0,1,1,"midday"
28,332,177,155,"weekday","lunch","travelling","warm","restaurant",1,1,1,"midday"
28,334,179,155,"weekend","beforelunch","shopping","warm","restaurant",1,1,1,"midday"
28,338,183,155,"weekday","lunch","morningrituals","cold","grocery",0,1,1,"midday"
29,162,3,159,"weekend","breakfast","working","unknown","grocery",1,0,0,"morning"
29,168,9,159,"weekend","dinner","working","cold","grocery",0,0,0,"night"
29,182,23,159,"weekday","dinner","leisure","cold","grocery",0,0,0,"night"
29,196,37,159,"weekend","lunch","travelling","hot","grocery",0,0,0,"midday"
29,202,43,159,"weekday","afternoon","travelling","cold","restaurant",0,0,0,"midday"
29,203,44,159,"weekday","afternoon","shopping","cold","grocery",0,0,0,"midday"
29,205,46,159,"weekday","afternoon","leisure","warm","grocery",0,0,0,"midday"
29,206,47,159,"weekend","beforelunch","housework","freezing","restaurant",0,0,0,"midday"
29,207,48,159,"weekday","beforelunch","shopping","unknown","restaurant",0,0,0,"midday"
29,213,54,159,"weekend","afternoon","travelling","unknown","restaurant",0,0,0,"midday"
29,214,55,159,"weekend","afternoon","travelling","hot","restaurant",0,0,0,"midday"
29,215,56,159,"weekend","beforelunch","leisure","freezing","grocery",0,0,0,"midday"
29,219,60,159,"weekday","earlymorning","travelling","cold","restaurant",0,1,0,"morning"
29,225,66,159,"weekday","lunch","travelling","freezing","restaurant",0,1,0,"midday"
29,229,70,159,"weekday","evening","travelling","hot","restaurant",1,1,0,"night"
29,231,72,159,"weekend","beforelunch","unknown","cold","grocery",0,1,0,"midday"
29,236,77,159,"weekday","beforelunch","travelling","hot","grocery",0,1,0,"midday"
29,243,84,159,"weekday","lunch","travelling","unknown","grocery",0,1,0,"midday"
29,247,88,159,"weekday","night","travelling","unknown","restaurant",0,1,0,"night"
29,249,90,159,"weekday","unknown","travelling","unknown","grocery",0,1,0,"unknown"
29,267,108,159,"weekday","lunch","unknown","unknown","grocery",0,1,0,"midday"
29,274,115,159,"weekday","afternoon","working","cold","restaurant",0,1,1,"midday"
29,278,119,159,"weekday","lunch","travelling","hot","restaurant",0,1,1,"midday"
29,280,121,159,"weekend","breakfast","travelling","freezing","grocery",0,1,1,"morning"
29,283,124,159,"weekday","dinner","unknown","freezing","restaurant",1,1,1,"night"
29,285,126,159,"weekday","beforelunch","unknown","warm","grocery",0,1,1,"midday"
29,286,127,159,"weekend","morning","working","freezing","grocery",0,1,1,"morning"
29,288,129,159,"weekday","lunch","morningrituals","warm","grocery",1,1,1,"midday"
29,299,140,159,"weekday","breakfast","travelling","warm","grocery",0,1,1,"morning"
29,301,142,159,"weekday","afternoon","travelling","cold","restaurant",0,1,1,"midday"
29,303,144,159,"weekend","afternoon","unknown","cold","grocery",0,1,1,"midday"
29,307,148,159,"weekday","afternoon","travelling","hot","grocery",0,1,1,"midday"
29,311,152,159,"weekday","afternoon","travelling","unknown","grocery",0,1,1,"midday"
29,321,162,159,"weekday","breakfast","unknown","cold","restaurant",1,1,1,"morning"
29,324,165,159,"weekend","breakfast","travelling","hot","grocery",0,1,1,"morning"
29,325,166,159,"weekday","afternoon","leisure","hot","restaurant",0,1,1,"midday"
29,326,167,159,"weekday","beforelunch","working","unknown","restaurant",0,1,1,"midday"
29,334,175,159,"weekday","beforelunch","unknown","warm","restaurant",1,1,1,"midday"
29,337,178,159,"weekday","dinner","leisure","unknown","grocery",0,1,1,"night"
30,165,0,165,"weekday","beforelunch","unknown","freezing","restaurant",0,0,0,"midday"
30,167,2,165,"weekend","breakfast","travelling","cold","grocery",0,0,0,"morning"
30,170,5,165,"weekend","morning","unknown","freezing","restaurant",0,0,0,"morning"
30,176,11,165,"weekday","lunch","travelling","cold","restaurant",1,0,0,"midday"
30,177,12,165,"weekend","afternoon","travelling","cold","restaurant",0,0,0,"midday"
30,183,18,165,"weekday","afternoon","leisure","hot","restaurant",0,0,0,"midday"
30,184,19,165,"weekday","afternoon","unknown","cold","grocery",1,0,0,"midday"
30,186,21,165,"weekday","lunch","travelling","hot","grocery",0,0,0,"midday"
30,187,22,165,"weekday","afternoon","shopping","unknown","grocery",0,0,0,"midday"
30,198,33,165,"weekday","lunch","travelling","cold","restaurant",0,0,0,"midday"
30,203,38,165,"weekday","beforelunch","travelling","cold","grocery",1,0,0,"midday"
30,205,40,165,"weekday","beforelunch","travelling","cold","grocery",0,0,0,"midday"
30,206,41,165,"weekend","afternoon","travelling","cold","grocery",1,0,0,"midday"
30,207,42,165,"weekend","morning","travelling","cold","restaurant",0,0,0,"morning"
30,210,45,165,"weekday","lunch","travelling","warm","restaurant",0,0,0,"midday"
30,212,47,165,"weekday","lunch","travelling","cold","grocery",1,0,0,"midday"
30,214,49,165,"weekday","lunch","travelling","unknown","restaurant",0,0,0,"midday"
30,223,58,165,"weekday","lunch","shopping","warm","grocery",1,1,0,"midday"
30,225,60,165,"weekday","afternoon","working","unknown","restaurant",1,1,0,"midday"
30,226,61,165,"weekday","morning","travelling","cold","grocery",0,1,0,"morning"
30,228,63,165,"weekend","beforelunch","unknown","freezing","restaurant",1,1,0,"midday"
30,229,64,165,"weekday","beforelunch","travelling","warm","grocery",0,1,0,"midday"
30,232,67,165,"weekend","afternoon","unknown","cold","grocery",0,1,0,"midday"
30,235,70,165,"weekday","afternoon","travelling","freezing","grocery",1,1,0,"midday"
30,240,75,165,"weekday","breakfast","travelling","hot","restaurant",0,1,0,"morning"
30,245,80,165,"weekday","lunch","unknown","freezing","restaurant",1,1,0,"midday"
30,246,81,165,"weekday","breakfast","leisure","cold","restaurant",0,1,0,"morning"
30,252,87,165,"weekday","lunch","shopping","cold","restaurant",0,1,0,"midday"
30,258,93,165,"weekday","afternoon","travelling","cold","grocery",0,1,0,"midday"
30,260,95,165,"weekend","beforelunch","travelling","warm","restaurant",0,1,0,"midday"
30,262,97,165,"weekday","afternoon","unknown","unknown","grocery",0,1,0,"midday"
30,263,98,165,"weekday","afternoon","working","unknown","grocery",1,1,0,"midday"
30,267,102,165,"weekday","lunch","unknown","freezing","restaurant",0,1,0,"midday"
30,269,104,165,"weekday","beforelunch","travelling","cold","restaurant",1,1,0,"midday"
30,275,110,165,"weekday","lunch","shopping","cold","restaurant",1,1,0,"midday"
30,276,111,165,"weekday","afternoon","travelling","freezing","restaurant",0,1,0,"midday"
30,277,112,165,"weekday","afternoon","travelling","cold","grocery",0,1,0,"midday"
30,279,114,165,"weekday","afternoon","travelling","unknown","grocery",0,1,1,"midday"
30,280,115,165,"weekday","lunch","unknown","freezing","grocery",0,1,1,"midday"
30,281,116,165,"weekday","afternoon","morningrituals","unknown","restaurant",1,1,1,"midday"
30,285,120,165,"weekday","lunch","travelling","unknown","grocery",1,1,1,"midday"
30,295,130,165,"weekend","afternoon","travelling","warm","grocery",0,1,1,"midday"
30,297,132,165,"weekday","latenight","unknown","hot","restaurant",0,1,1,"night"
30,298,133,165,"weekday","beforelunch","travelling","cold","grocery",0,1,1,"midday"
30,303,138,165,"weekday","lunch","leisure","unknown","grocery",0,1,1,"midday"
30,305,140,165,"weekday","beforelunch","travelling","freezing","restaurant",0,1,1,"midday"
30,320,155,165,"weekday","beforelunch","working","cold","grocery",0,1,1,"midday"
30,339,174,165,"weekend","lunch","travelling","warm","restaurant",0,1,1,"midday"
30,344,179,165,"weekend","lunch","travelling","cold","grocery",0,1,1,"midday"
30,346,181,165,"weekday","lunch","travelling","warm","grocery",1,1,1,"midday"
30,347,182,165,"weekday","afternoon","travelling","cold","restaurant",0,1,1,"midday"
30,348,183,165,"weekday","unknown","travelling","warm","grocery",0,1,1,"unknown"
31,166,0,166,"weekday","lunch","working","hot","grocery",0,0,0,"midday"
31,182,16,166,"weekday","morning","working","cold","grocery",1,0,0,"morning"
31,216,50,166,"weekend","afternoon","shopping","warm","grocery",0,0,0,"midday"
31,220,54,166,"weekday","lunch","working","freezing","restaurant",0,0,0,"midday"
31,229,63,166,"weekday","lunch","travelling","hot","grocery",0,1,0,"midday"
31,236,70,166,"weekday","afternoon","shopping","warm","grocery",1,1,0,"midday"
31,238,72,166,"weekday","beforelunch","unknown","freezing","restaurant",0,1,0,"midday"
31,240,74,166,"weekday","lunch","unknown","freezing","restaurant",0,1,0,"midday"
31,241,75,166,"weekday","lunch","travelling","warm","grocery",0,1,0,"midday"
31,242,76,166,"weekday","lunch","unknown","unknown","restaurant",0,1,0,"midday"
31,252,86,166,"weekday","lunch","leisure","hot","grocery",1,1,0,"midday"
31,270,104,166,"weekday","beforelunch","travelling","cold","grocery",0,1,0,"midday"
31,275,109,166,"weekday","afternoon","unknown","hot","restaurant",0,1,0,"midday"
31,276,110,166,"weekend","afternoon","travelling","cold","restaurant",0,1,0,"midday"
31,281,115,166,"weekday","morning","travelling","cold","grocery",0,1,1,"morning"
31,285,119,166,"weekday","afternoon","travelling","freezing","grocery",1,1,1,"midday"
31,294,128,166,"weekday","beforelunch","travelling","unknown","restaurant",1,1,1,"midday"
31,296,130,166,"weekday","afternoon","shopping","hot","grocery",1,1,1,"midday"
31,297,131,166,"weekday","afternoon","travelling","unknown","restaurant",1,1,1,"midday"
31,307,141,166,"weekday","lunch","leisure","hot","grocery",0,1,1,"midday"
31,312,146,166,"weekday","afternoon","shopping","cold","restaurant",1,1,1,"midday"
31,324,158,166,"weekday","unknown","leisure","cold","restaurant",0,1,1,"unknown"
31,330,164,166,"weekday","lunch","unknown","hot","restaurant",0,1,1,"midday"
31,335,169,166,"weekday","beforelunch","unknown","unknown","grocery",1,1,1,"midday"
31,348,182,166,"weekend","afternoon","travelling","warm","restaurant",0,1,1,"midday"
32,171,0,171,"weekday","lunch","travelling","freezing","grocery",0,0,0,"midday"
32,172,1,171,"unknown","breakfast","leisure","unknown","restaurant",1,0,0,"morning"
32,174,3,171,"weekday","beforelunch","travelling","hot","grocery",0,0,0,"midday"
32,176,5,171,"weekday","lunch","leisure","cold","grocery",0,0,0,"midday"
32,178,7,171,"weekday","dinner","travelling","cold","restaurant",0,0,0,"night"
32,179,8,171,"weekday","earlymorning","shopping","freezing","grocery",1,0,0,"morning"
32,182,11,171,"weekend","afternoon","travelling","cold","restaurant",1,0,0,"midday"
32,185,14,171,"weekend","evening","shopping","freezing","restaurant",0,0,0,"night"
32,186,15,171,"weekday","lunch","leisure","cold","restaurant",0,0,0,"midday"
32,191,20,171,"weekday","afternoon","unknown","hot","restaurant",0,0,0,"midday"
32,192,21,171,"weekday","beforelunch","working","warm","grocery",0,0,0,"midday"
32,195,24,171,"weekday","afternoon","travelling","cold","restaurant",0,0,0,"midday"
32,196,25,171,"weekday","night","unknown","cold","restaurant",0,0,0,"night"
32,197,26,171,"weekday","morning","unknown","unknown","restaurant",0,0,0,"morning"
32,198,27,171,"weekday","lunch","working","unknown","grocery",0,0,0,"midday"
32,199,28,171,"weekend","breakfast","unknown","unknown","grocery",0,0,0,"morning"
32,200,29,171,"weekday","earlymorning","unknown","hot","restaurant",0,0,0,"morning"
32,201,30,171,"weekend","beforelunch","travelling","cold","grocery",0,0,0,"midday"
32,202,31,171,"weekend","breakfast","travelling","freezing","restaurant",0,0,0,"morning"
32,204,33,171,"weekday","beforelunch","leisure","hot","grocery",0,0,0,"midday"
32,205,34,171,"weekday","beforelunch","unknown","unknown","restaurant",0,0,0,"midday"
32,206,35,171,"weekday","dinner","travelling","unknown","restaurant",0,0,0,"night"
32,207,36,171,"weekend","morning","travelling","cold","restaurant",0,0,0,"morning"
32,208,37,171,"weekday","afternoon","shopping","freezing","restaurant",1,0,0,"midday"
32,212,41,171,"weekend","afternoon","travelling","hot","restaurant",0,0,0,"midday"
32,213,42,171,"weekday","evening","travelling","warm","grocery",0,0,0,"night"
32,214,43,171,"weekday","afternoon","leisure","freezing","restaurant",0,0,0,"midday"
32,216,45,171,"weekday","unknown","unknown","unknown","grocery",0,0,0,"unknown"
32,217,46,171,"weekday","beforelunch","working","unknown","restaurant",0,0,0,"midday"
32,218,47,171,"weekend","dinner","travelling","cold","restaurant",1,0,0,"night"
32,219,48,171,"weekday","afternoon","leisure","hot","restaurant",0,0,0,"midday"
32,220,49,171,"weekday","evening","travelling","cold","grocery",0,0,0,"night"
32,221,50,171,"weekend","breakfast","unknown","warm","restaurant",1,0,0,"morning"
32,222,51,171,"weekend","lunch","travelling","warm","restaurant",0,0,0,"midday"
32,223,52,171,"weekend","lunch","travelling","warm","grocery",0,0,0,"midday"
32,224,53,171,"weekday","lunch","travelling","freezing","restaurant",1,0,0,"midday"
32,226,55,171,"weekday","afternoon","travelling","freezing","restaurant",1,0,0,"midday"
32,228,57,171,"weekend","afternoon","travelling","hot","restaurant",0,1,0,"midday"
32,229,58,171,"weekday","lunch","unknown","cold","grocery",0,1,0,"midday"
32,230,59,171,"weekday","beforelunch","leisure","unknown","restaurant",0,1,0,"midday"
32,232,61,171,"weekend","beforelunch","leisure","unknown","grocery",1,1,0,"midday"
32,233,62,171,"weekday","afternoon","travelling","cold","restaurant",0,1,0,"midday"
32,238,67,171,"weekday","morning","shopping","unknown","restaurant",1,1,0,"morning"
32,240,69,171,"weekend","beforelunch","working","freezing","restaurant",0,1,0,"midday"
32,241,70,171,"weekday","lunch","working","unknown","grocery",0,1,0,"midday"
32,243,72,171,"weekday","afternoon","travelling","cold","grocery",1,1,0,"midday"
32,244,73,171,"weekend","lunch","travelling","cold","grocery",0,1,0,"midday"
32,250,79,171,"weekend","beforelunch","travelling","freezing","grocery",1,1,0,"midday"
32,251,80,171,"weekday","breakfast","travelling","unknown","grocery",1,1,0,"morning"
32,253,82,171,"weekday","dinner","unknown","hot","grocery",0,1,0,"night"
32,254,83,171,"weekend","afternoon","travelling","warm","grocery",1,1,0,"midday"
32,256,85,171,"weekday","beforelunch","leisure","hot","restaurant",0,1,0,"midday"
32,257,86,171,"weekend","beforelunch","working","cold","grocery",1,1,0,"midday"
32,258,87,171,"weekend","unknown","unknown","unknown","restaurant",1,1,0,"unknown"
32,259,88,171,"weekday","lunch","travelling","freezing","grocery",0,1,0,"midday"
32,260,89,171,"weekend","afternoon","travelling","cold","restaurant",0,1,0,"midday"
32,263,92,171,"weekday","breakfast","travelling","freezing","grocery",0,1,0,"morning"
32,267,96,171,"weekend","beforelunch","travelling","warm","grocery",0,1,0,"midday"
32,269,98,171,"weekday","afternoon","travelling","unknown","restaurant",0,1,0,"midday"
32,270,99,171,"weekday","afternoon","travelling","cold","restaurant",0,1,0,"midday"
32,271,100,171,"weekday","beforelunch","unknown","warm","grocery",0,1,0,"midday"
32,272,101,171,"weekend","lunch","leisure","unknown","restaurant",1,1,0,"midday"
32,273,102,171,"weekend","evening","leisure","freezing","grocery",0,1,0,"night"
32,275,104,171,"weekday","afternoon","unknown","freezing","grocery",0,1,0,"midday"
32,277,106,171,"weekday","unknown","unknown","warm","restaurant",0,1,0,"unknown"
32,279,108,171,"weekday","beforelunch","travelling","cold","restaurant",0,1,0,"midday"
32,280,109,171,"weekday","earlymorning","travelling","unknown","grocery",1,1,0,"morning"
32,281,110,171,"weekday","afternoon","travelling","freezing","grocery",0,1,0,"midday"
32,283,112,171,"weekday","breakfast","unknown","warm","grocery",0,1,0,"morning"
32,284,113,171,"weekday","morning","working","cold","grocery",0,1,1,"morning"
32,285,114,171,"weekday","beforelunch","travelling","warm","grocery",0,1,1,"midday"
32,286,115,171,"weekend","night","leisure","cold","restaurant",0,1,1,"night"
32,287,116,171,"weekday","lunch","travelling","cold","grocery",0,1,1,"midday"
32,288,117,171,"weekday","breakfast","working","cold","grocery",0,1,1,"morning"
32,292,121,171,"weekday","breakfast","working","unknown","grocery",1,1,1,"morning"
32,294,123,171,"weekday","breakfast","travelling","warm","grocery",0,1,1,"morning"
32,295,124,171,"weekday","afternoon","travelling","cold","grocery",0,1,1,"midday"
32,296,125,171,"weekend","afternoon","travelling","cold","restaurant",1,1,1,"midday"
32,297,126,171,"weekday","lunch","unknown","freezing","restaurant",0,1,1,"midday"
32,298,127,171,"weekday","morning","unknown","freezing","restaurant",0,1,1,"morning"
32,302,131,171,"weekday","beforelunch","unknown","cold","restaurant",0,1,1,"midday"
32,303,132,171,"weekday","lunch","working","cold","restaurant",0,1,1,"midday"
32,304,133,171,"weekday","afternoon","travelling","cold","grocery",0,1,1,"midday"
32,306,135,171,"weekday","beforelunch","unknown","unknown","restaurant",1,1,1,"midday"
32,307,136,171,"weekday","afternoon","travelling","cold","grocery",0,1,1,"midday"
32,308,137,171,"weekday","afternoon","travelling","unknown","grocery",0,1,1,"midday"
32,312,141,171,"weekday","unknown","travelling","freezing","restaurant",0,1,1,"unknown"
32,313,142,171,"weekday","lunch","leisure","unknown","restaurant",0,1,1,"midday"
32,314,143,171,"weekday","lunch","travelling","unknown","grocery",0,1,1,"midday"
32,317,146,171,"weekend","lunch","travelling","cold","restaurant",1,1,1,"midday"
32,318,147,171,"weekend","beforelunch","morningrituals","cold","restaurant",0,1,1,"midday"
32,319,148,171,"weekend","lunch","travelling","unknown","grocery",0,1,1,"midday"
32,320,149,171,"weekday","lunch","working","unknown","grocery",0,1,1,"midday"
32,322,151,171,"weekday","night","travelling","hot","grocery",0,1,1,"night"
32,325,154,171,"weekend","afternoon","travelling","freezing","grocery",0,1,1,"midday"
32,326,155,171,"weekday","afternoon","travelling","unknown","restaurant",0,1,1,"midday"
32,327,156,171,"weekend","dinner","shopping","freezing","restaurant",0,1,1,"night"
32,329,158,171,"weekday","beforelunch","leisure","hot","restaurant",0,1,1,"midday"
32,330,159,171,"weekday","beforelunch","travelling","unknown","grocery",0,1,1,"midday"
32,332,161,171,"weekday","afternoon","travelling","unknown","grocery",0,1,1,"midday"
32,334,163,171,"weekday","unknown","travelling","warm","restaurant",0,1,1,"unknown"
32,335,164,171,"weekday","dinner","leisure","freezing","grocery",0,1,1,"night"
32,336,165,171,"weekend","beforelunch","travelling","cold","grocery",1,1,1,"midday"
32,337,166,171,"weekend","beforelunch","travelling","cold","grocery",0,1,1,"midday"
32,342,171,171,"weekday","breakfast","unknown","cold","grocery",0,1,1,"morning"
32,344,173,171,"weekday","morning","travelling","unknown","grocery",0,1,1,"morning"
32,345,174,171,"weekend","breakfast","travelling","cold","grocery",1,1,1,"morning"
32,346,175,171,"weekday","breakfast","travelling","freezing","restaurant",1,1,1,"morning"
32,347,176,171,"weekday","afternoon","leisure","cold","grocery",0,1,1,"midday"
32,351,180,171,"weekday","breakfast","travelling","freezing","grocery",1,1,1,"morning"
32,352,181,171,"weekday","breakfast","travelling","hot","restaurant",0,1,1,"morning"
32,353,182,171,"weekday","lunch","travelling","warm","grocery",0,1,1,"midday"
33,174,0,174,"weekday","beforelunch","travelling","unknown","grocery",1,0,0,"midday"
33,176,2,174,"weekday","breakfast","travelling","cold","restaurant",0,0,0,"morning"
33,177,3,174,"weekend","afternoon","travelling","unknown","grocery",0,0,0,"midday"
33,179,5,174,"weekend","afternoon","working","freezing","restaurant",0,0,0,"midday"
33,180,6,174,"weekday","dinner","unknown","warm","restaurant",0,0,0,"night"
33,186,12,174,"weekday","breakfast","unknown","freezing","restaurant",0,0,0,"morning"
33,188,14,174,"weekday","lunch","travelling","freezing","grocery",0,0,0,"midday"
33,191,17,174,"weekday","breakfast","unknown","cold","grocery",1,0,0,"morning"
33,192,18,174,"weekday","afternoon","travelling","freezing","restaurant",0,0,0,"midday"
33,193,19,174,"weekday","breakfast","travelling","unknown","grocery",0,0,0,"morning"
33,194,20,174,"weekday","breakfast","travelling","cold","grocery",1,0,0,"morning"
33,195,21,174,"unknown","lunch","unknown","cold","grocery",0,0,0,"midday"
33,198,24,174,"weekday","lunch","leisure","freezing","restaurant",1,0,0,"midday"
33,199,25,174,"weekday","lunch","unknown","cold","grocery",0,0,0,"midday"
33,203,29,174,"weekday","beforelunch","unknown","freezing","restaurant",0,0,0,"midday"
33,205,31,174,"weekend","beforelunch","leisure","cold","grocery",0,0,0,"midday"
33,206,32,174,"weekday","lunch","unknown","hot","restaurant",0,0,0,"midday"
33,207,33,174,"weekday","afternoon","unknown","cold","restaurant",0,0,0,"midday"
33,208,34,174,"weekend","morning","leisure","hot","restaurant",0,0,0,"morning"
33,209,35,174,"weekday","afternoon","working","warm","grocery",0,0,0,"midday"
33,210,36,174,"weekday","afternoon","unknown","freezing","restaurant",0,0,0,"midday"
33,211,37,174,"weekday","lunch","travelling","cold","restaurant",1,0,0,"midday"
33,213,39,174,"weekday","afternoon","travelling","cold","grocery",0,0,0,"midday"
33,215,41,174,"weekend","beforelunch","morningrituals","cold","restaurant",0,0,0,"midday"
33,216,42,174,"weekday","beforelunch","travelling","freezing","grocery",1,0,0,"midday"
33,217,43,174,"weekday","unknown","travelling","freezing","grocery",0,0,0,"unknown"
33,219,45,174,"weekend","afternoon","travelling","cold","restaurant",1,0,0,"midday"
33,222,48,174,"weekend","beforelunch","travelling","cold","grocery",1,0,0,"midday"
33,224,50,174,"weekday","afternoon","travelling","freezing","restaurant",0,0,0,"midday"
33,227,53,174,"weekday","night","travelling","cold","restaurant",0,0,0,"night"
33,230,56,174,"weekday","beforelunch","unknown","unknown","restaurant",0,0,0,"midday"
33,231,57,174,"weekend","afternoon","travelling","cold","restaurant",1,1,0,"midday"
33,232,58,174,"weekday","afternoon","leisure","warm","grocery",1,1,0,"midday"
33,234,60,174,"weekday","lunch","shopping","freezing","grocery",1,1,0,"midday"
33,236,62,174,"weekday","beforelunch","working","warm","grocery",0,1,0,"midday"
33,237,63,174,"weekend","lunch","travelling","freezing","grocery",1,1,0,"midday"
33,239,65,174,"weekend","breakfast","travelling","warm","grocery",0,1,0,"morning"
33,240,66,174,"unknown","beforelunch","travelling","freezing","restaurant",0,1,0,"midday"
33,241,67,174,"weekday","morning","travelling","unknown","restaurant",0,1,0,"morning"
33,243,69,174,"weekend","morning","travelling","cold","restaurant",0,1,0,"morning"
33,247,73,174,"weekend","earlymorning","travelling","freezing","restaurant",1,1,0,"morning"
33,248,74,174,"weekend","lunch","travelling","unknown","restaurant",0,1,0,"midday"
33,249,75,174,"weekday","beforelunch","unknown","cold","grocery",1,1,0,"midday"
33,250,76,174,"weekday","afternoon","travelling","freezing","grocery",1,1,0,"midday"
33,255,81,174,"weekend","afternoon","unknown","warm","grocery",0,1,0,"midday"
33,257,83,174,"weekday","morning","unknown","cold","restaurant",0,1,0,"morning"
33,258,84,174,"weekday","afternoon","travelling","warm","restaurant",0,1,0,"midday"
33,259,85,174,"weekday","afternoon","travelling","cold","grocery",0,1,0,"midday"
33,260,86,174,"weekday","breakfast","shopping","warm","restaurant",0,1,0,"morning"
33,264,90,174,"weekday","afternoon","travelling","cold","grocery",0,1,0,"midday"
33,266,92,174,"weekday","lunch","working","cold","grocery",0,1,0,"midday"
33,270,96,174,"weekday","lunch","leisure","cold","restaurant",0,1,0,"midday"
33,271,97,174,"weekday","afternoon","travelling","freezing","restaurant",0,1,0,"midday"
33,273,99,174,"weekday","lunch","travelling","cold","grocery",0,1,0,"midday"
33,277,103,174,"weekday","afternoon","travelling","hot","restaurant",0,1,0,"midday"
33,278,104,174,"weekend","afternoon","travelling","freezing","restaurant",1,1,0,"midday"
33,282,108,174,"weekend","afternoon","shopping","unknown","restaurant",0,1,0,"midday"
33,284,110,174,"weekday","unknown","unknown","cold","grocery",1,1,0,"unknown"
33,287,113,174,"weekday","dinner","leisure","unknown","restaurant",0,1,1,"night"
33,289,115,174,"weekday","night","travelling","cold","grocery",0,1,1,"night"
33,293,119,174,"weekday","breakfast","travelling","hot","restaurant",0,1,1,"morning"
33,295,121,174,"weekday","lunch","unknown","hot","restaurant",0,1,1,"midday"
33,296,122,174,"unknown","lunch","unknown","cold","restaurant",0,1,1,"midday"
33,299,125,174,"unknown","afternoon","travelling","freezing","restaurant",0,1,1,"midday"
33,302,128,174,"weekday","breakfast","travelling","hot","grocery",0,1,1,"morning"
33,303,129,174,"weekday","afternoon","travelling","freezing","grocery",0,1,1,"midday"
33,305,131,174,"weekday","lunch","travelling","cold","grocery",1,1,1,"midday"
33,307,133,174,"weekday","beforelunch","travelling","warm","restaurant",0,1,1,"midday"
33,308,134,174,"weekday","breakfast","travelling","warm","restaurant",0,1,1,"morning"
33,309,135,174,"weekday","lunch","unknown","unknown","restaurant",1,1,1,"midday"
33,310,136,174,"weekday","beforelunch","travelling","unknown","restaurant",1,1,1,"midday"
33,311,137,174,"weekday","afternoon","travelling","unknown","grocery",0,1,1,"midday"
33,315,141,174,"weekday","beforelunch","travelling","hot","grocery",0,1,1,"midday"
33,316,142,174,"weekday","lunch","shopping","freezing","grocery",0,1,1,"midday"
33,317,143,174,"weekend","afternoon","morningrituals","freezing","grocery",0,1,1,"midday"
33,318,144,174,"weekday","beforelunch","travelling","warm","grocery",0,1,1,"midday"
33,321,147,174,"weekday","afternoon","travelling","warm","restaurant",0,1,1,"midday"
33,322,148,174,"weekday","breakfast","working","freezing","grocery",1,1,1,"morning"
33,326,152,174,"weekday","breakfast","travelling","freezing","restaurant",0,1,1,"morning"
33,330,156,174,"weekday","afternoon","shopping","freezing","restaurant",0,1,1,"midday"
33,331,157,174,"weekend","lunch","unknown","cold","grocery",0,1,1,"midday"
33,333,159,174,"weekday","breakfast","leisure","cold","grocery",1,1,1,"morning"
33,334,160,174,"weekday","dinner","unknown","warm","restaurant",1,1,1,"night"
33,335,161,174,"weekday","beforelunch","unknown","freezing","grocery",0,1,1,"midday"
33,338,164,174,"weekday","beforelunch","working","unknown","restaurant",0,1,1,"midday"
33,340,166,174,"weekend","lunch","travelling","warm","restaurant",1,1,1,"midday"
33,341,167,174,"weekend","unknown","travelling","unknown","restaurant",0,1,1,"unknown"
33,343,169,174,"weekday","beforelunch","shopping","unknown","restaurant",1,1,1,"midday"
33,344,170,174,"weekend","unknown","travelling","cold","grocery",1,1,1,"unknown"
33,346,172,174,"weekend","afternoon","travelling","cold","grocery",0,1,1,"midday"
33,348,174,174,"weekend","unknown","working","cold","restaurant",0,1,1,"unknown"
33,349,175,174,"weekday","beforelunch","travelling","warm","restaurant",0,1,1,"midday"
33,353,179,174,"weekend","beforelunch","unknown","unknown","grocery",0,1,1,"midday"
33,354,180,174,"weekend","beforelunch","travelling","freezing","restaurant",0,1,1,"midday"
33,356,182,174,"weekday","afternoon","travelling","unknown","grocery",1,1,1,"midday"
33,357,183,174,"weekend","beforelunch","travelling","cold","grocery",1,1,1,"midday"
34,186,0,186,"weekday","morning","unknown","cold","grocery",0,0,0,"morning"
34,187,1,186,"weekend","lunch","travelling","unknown","grocery",0,0,0,"midday"
34,193,7,186,"weekend","morning","leisure","warm","restaurant",0,0,0,"morning"
34,196,10,186,"weekday","lunch","travelling","cold","grocery",1,0,0,"midday"
34,197,11,186,"weekend","lunch","morningrituals","unknown","grocery",1,0,0,"midday"
34,199,13,186,"weekday","afternoon","travelling","hot","grocery",0,0,0,"midday"
34,200,14,186,"weekday","lunch","travelling","cold","grocery",0,0,0,"midday"
34,205,19,186,"weekday","afternoon","shopping","cold","restaurant",1,0,0,"midday"
34,217,31,186,"weekday","afternoon","leisure","warm","restaurant",0,0,0,"midday"
34,227,41,186,"weekday","beforelunch","housework","unknown","grocery",1,0,0,"midday"
34,234,48,186,"weekday","morning","travelling","warm","restaurant",0,0,0,"morning"
34,235,49,186,"weekday","afternoon","unknown","freezing","grocery",0,0,0,"midday"
34,237,51,186,"weekday","earlymorning","travelling","unknown","grocery",0,0,0,"morning"
34,239,53,186,"weekday","beforelunch","leisure","cold","restaurant",0,0,0,"midday"
34,257,71,186,"weekday","afternoon","travelling","warm","restaurant",0,1,0,"midday"
34,259,73,186,"weekday","lunch","travelling","freezing","restaurant",0,1,0,"midday"
34,260,74,186,"weekday","afternoon","travelling","hot","restaurant",1,1,0,"midday"
34,261,75,186,"weekday","beforelunch","travelling","unknown","grocery",0,1,0,"midday"
34,262,76,186,"weekend","night","leisure","unknown","grocery",0,1,0,"night"
34,272,86,186,"weekday","afternoon","leisure","freezing","restaurant",0,1,0,"midday"
34,274,88,186,"weekday","afternoon","travelling","freezing","restaurant",0,1,0,"midday"
34,280,94,186,"weekday","afternoon","travelling","cold","restaurant",0,1,0,"midday"
34,284,98,186,"weekday","lunch","shopping","hot","grocery",1,1,0,"midday"
34,287,101,186,"weekday","afternoon","working","unknown","restaurant",0,1,0,"midday"
34,298,112,186,"weekday","afternoon","shopping","hot","grocery",1,1,0,"midday"
34,305,119,186,"weekday","breakfast","leisure","freezing","restaurant",0,1,1,"morning"
34,307,121,186,"weekday","lunch","shopping","freezing","grocery",1,1,1,"midday"
34,315,129,186,"weekend","beforelunch","leisure","cold","restaurant",0,1,1,"midday"
34,316,130,186,"weekday","afternoon","travelling","unknown","grocery",1,1,1,"midday"
34,317,131,186,"weekday","afternoon","travelling","unknown","restaurant",1,1,1,"midday"
34,320,134,186,"weekday","afternoon","travelling","cold","restaurant",1,1,1,"midday"
34,322,136,186,"weekend","earlymorning","unknown","cold","grocery",0,1,1,"morning"
34,330,144,186,"weekday","afternoon","travelling","cold","grocery",1,1,1,"midday"
34,333,147,186,"weekend","lunch","travelling","cold","restaurant",0,1,1,"midday"
34,336,150,186,"weekday","afternoon","unknown","freezing","restaurant",0,1,1,"midday"
34,340,154,186,"weekend","morning","travelling","warm","restaurant",0,1,1,"morning"
34,341,155,186,"weekend","afternoon","travelling","cold","restaurant",0,1,1,"midday"
34,343,157,186,"weekend","morning","travelling","cold","restaurant",0,1,1,"morning"
34,344,158,186,"weekend","afternoon","unknown","unknown","restaurant",1,1,1,"midday"
34,348,162,186,"weekday","earlymorning","travelling","freezing","restaurant",1,1,1,"morning"
34,354,168,186,"weekday","lunch","morningrituals","warm","restaurant",1,1,1,"midday"
34,357,171,186,"weekday","afternoon","working","unknown","grocery",0,1,1,"midday"
34,360,174,186,"weekday","breakfast","unknown","unknown","restaurant",0,1,1,"morning"
34,366,180,186,"weekday","lunch","working","warm","grocery",0,1,1,"midday"
34,369,183,186,"weekend","beforelunch","travelling","cold","restaurant",1,1,1,"midday"
35,192,2,190,"weekday","afternoon","travelling","cold","restaurant",0,0,0,"midday"
35,195,5,190,"weekday","lunch","travelling","cold","grocery",1,0,0,"midday"
35,199,9,190,"weekend","lunch","travelling","warm","grocery",1,0,0,"midday"
35,200,10,190,"weekend","dinner","unknown","freezing","restaurant",0,0,0,"night"
35,202,12,190,"weekday","afternoon","travelling","warm","grocery",0,0,0,"midday"
35,206,16,190,"weekend","afternoon","travelling","cold","restaurant",0,0,0,"midday"
35,215,25,190,"weekday","afternoon","morningrituals","warm","grocery",1,0,0,"midday"
35,218,28,190,"weekday","breakfast","leisure","freezing","grocery",1,0,0,"morning"
35,220,30,190,"weekday","afternoon","travelling","freezing","restaurant",1,0,0,"midday"
35,221,31,190,"unknown","beforelunch","unknown","unknown","grocery",0,0,0,"midday"
35,228,38,190,"weekday","beforelunch","unknown","warm","restaurant",1,0,0,"midday"
35,244,54,190,"weekday","evening","shopping","cold","restaurant",1,0,0,"night"
35,255,65,190,"weekend","lunch","travelling","cold","restaurant",0,1,0,"midday"
35,257,67,190,"weekend","lunch","travelling","freezing","restaurant",0,1,0,"midday"
35,263,73,190,"weekday","lunch","travelling","unknown","restaurant",0,1,0,"midday"
35,271,81,190,"weekday","lunch","travelling","unknown","grocery",1,1,0,"midday"
35,274,84,190,"weekday","beforelunch","leisure","unknown","restaurant",0,1,0,"midday"
35,277,87,190,"weekday","beforelunch","unknown","warm","restaurant",0,1,0,"midday"
35,294,104,190,"weekend","afternoon","travelling","cold","grocery",0,1,0,"midday"
35,295,105,190,"weekend","lunch","morningrituals","unknown","grocery",0,1,0,"midday"
35,297,107,190,"weekday","beforelunch","unknown","freezing","restaurant",0,1,0,"midday"
35,298,108,190,"weekday","afternoon","working","cold","restaurant",1,1,0,"midday"
35,303,113,190,"weekday","afternoon","travelling","hot","grocery",1,1,1,"midday"
35,332,142,190,"weekday","lunch","travelling","unknown","restaurant",0,1,1,"midday"
35,334,144,190,"weekday","night","shopping","unknown","restaurant",0,1,1,"night"
35,336,146,190,"weekday","morning","unknown","cold","restaurant",0,1,1,"morning"
35,338,148,190,"weekday","lunch","working","hot","restaurant",1,1,1,"midday"
35,342,152,190,"weekend","breakfast","travelling","cold","grocery",0,1,1,"morning"
35,348,158,190,"weekday","afternoon","travelling","unknown","restaurant",0,1,1,"midday"
35,350,160,190,"weekday","beforelunch","unknown","warm","restaurant",0,1,1,"midday"
35,356,166,190,"unknown","lunch","travelling","unknown","grocery",1,1,1,"midday"
35,359,169,190,"weekday","afternoon","travelling","unknown","grocery",0,1,1,"midday"
35,362,172,190,"weekend","afternoon","shopping","cold","grocery",0,1,1,"midday"
36,195,0,195,"weekend","evening","shopping","cold","grocery",0,0,0,"night"
36,198,3,195,"unknown","afternoon","travelling","cold","grocery",0,0,0,"midday"
36,203,8,195,"weekday","latenight","travelling","freezing","grocery",1,0,0,"night"
36,204,9,195,"weekday","morning","unknown","freezing","restaurant",0,0,0,"morning"
36,209,14,195,"weekday","lunch","working","hot","grocery",1,0,0,"midday"
36,210,15,195,"weekday","morning","travelling","cold","grocery",0,0,0,"morning"
36,226,31,195,"weekend","morning","unknown","freezing","grocery",0,0,0,"morning"
36,231,36,195,"weekday","breakfast","unknown","warm","restaurant",0,0,0,"morning"
36,235,40,195,"weekday","afternoon","travelling","warm","grocery",0,0,0,"midday"
36,240,45,195,"weekday","dinner","travelling","unknown","restaurant",0,0,0,"night"
36,241,46,195,"weekend","beforelunch","unknown","hot","grocery",0,0,0,"midday"
36,251,56,195,"weekday","afternoon","travelling","unknown","grocery",1,0,0,"midday"
36,257,62,195,"unknown","beforelunch","travelling","warm","grocery",1,1,0,"midday"
36,259,64,195,"weekend","beforelunch","travelling","unknown","restaurant",1,1,0,"midday"
36,261,66,195,"weekday","lunch","travelling","unknown","restaurant",0,1,0,"midday"
36,265,70,195,"weekday","breakfast","travelling","cold","restaurant",1,1,0,"morning"
36,268,73,195,"weekday","lunch","travelling","freezing","restaurant",1,1,0,"midday"
36,275,80,195,"weekday","morning","unknown","hot","restaurant",0,1,0,"morning"
36,284,89,195,"weekday","lunch","travelling","hot","restaurant",1,1,0,"midday"
36,298,103,195,"weekday","lunch","leisure","unknown","grocery",0,1,0,"midday"
36,312,117,195,"weekday","breakfast","shopping","hot","grocery",0,1,1,"morning"
36,318,123,195,"weekday","morning","unknown","freezing","grocery",1,1,1,"morning"
36,320,125,195,"weekday","breakfast","travelling","cold","grocery",0,1,1,"morning"
36,327,132,195,"weekend","afternoon","travelling","cold","grocery",0,1,1,"midday"
36,342,147,195,"weekday","breakfast","unknown","warm","restaurant",0,1,1,"morning"
36,343,148,195,"weekday","afternoon","unknown","unknown","grocery",0,1,1,"midday"
36,348,153,195,"weekday","beforelunch","unknown","cold","grocery",0,1,1,"midday"
36,350,155,195,"weekday","breakfast","travelling","cold","grocery",1,1,1,"morning"
36,354,159,195,"weekday","breakfast","shopping","unknown","restaurant",0,1,1,"morning"
36,359,164,195,"weekday","beforelunch","shopping","unknown","restaurant",0,1,1,"midday"
36,362,167,195,"weekday","afternoon","travelling","freezing","restaurant",0,1,1,"midday"
36,366,171,195,"weekday","afternoon","travelling","hot","restaurant",0,1,1,"midday"
36,370,175,195,"weekday","lunch","unknown","freezing","restaurant",0,1,1,"midday"
36,376,181,195,"weekday","afternoon","travelling","unknown","restaurant",0,1,1,"midday"
37,215,7,208,"weekend","afternoon","travelling","cold","grocery",0,0,0,"midday"
37,226,18,208,"weekday","lunch","unknown","cold","grocery",0,0,0,"midday"
37,234,26,208,"weekday","afternoon","working","freezing","restaurant",0,0,0,"midday"
37,237,29,208,"weekend","morning","travelling","hot","restaurant",0,0,0,"morning"
37,238,30,208,"weekday","breakfast","leisure","unknown","restaurant",0,0,0,"morning"
37,247,39,208,"weekday","breakfast","unknown","warm","grocery",0,0,0,"morning"
37,248,40,208,"weekday","afternoon","leisure","cold","grocery",1,0,0,"midday"
37,251,43,208,"weekday","afternoon","working","cold","restaurant",1,0,0,"midday"
37,253,45,208,"weekday","afternoon","shopping","unknown","restaurant",1,0,0,"midday"
37,257,49,208,"weekday","beforelunch","travelling","freezing","restaurant",0,0,0,"midday"
37,260,52,208,"weekend","evening","working","warm","grocery",0,0,0,"night"
37,262,54,208,"weekday","lunch","travelling","warm","grocery",0,0,0,"midday"
37,266,58,208,"weekend","breakfast","travelling","warm","restaurant",1,1,0,"morning"
37,270,62,208,"weekend","unknown","travelling","cold","restaurant",0,1,0,"unknown"
37,275,67,208,"weekend","afternoon","travelling","cold","grocery",1,1,0,"midday"
37,301,93,208,"weekday","night","leisure","cold","restaurant",0,1,0,"night"
37,312,104,208,"weekday","breakfast","unknown","cold","grocery",0,1,0,"morning"
37,323,115,208,"weekday","breakfast","workingout","warm","restaurant",1,1,1,"morning"
37,324,116,208,"weekend","afternoon","travelling","cold","restaurant",0,1,1,"midday"
37,347,139,208,"weekday","lunch","travelling","hot","grocery",0,1,1,"midday"
37,349,141,208,"weekend","earlymorning","travelling","cold","restaurant",1,1,1,"morning"
37,353,145,208,"weekend","afternoon","travelling","cold","restaurant",0,1,1,"midday"
37,358,150,208,"weekday","lunch","travelling","unknown","grocery",1,1,1,"midday"
37,363,155,208,"weekend","unknown","travelling","cold","grocery",0,1,1,"unknown"
37,376,168,208,"weekday","lunch","shopping","cold","grocery",0,1,1,"midday"
37,380,172,208,"weekday","afternoon","travelling","freezing","grocery",1,1,1,"midday"
37,382,174,208,"weekend","afternoon","travelling","warm","grocery",0,1,1,"midday"
37,383,175,208,"weekend","afternoon","unknown","freezing","grocery",1,1,1,"midday"
37,391,183,208,"weekday","beforelunch","leisure","unknown","grocery",1,1,1,"midday"
38,241,24,217,"weekday","morning","travelling","cold","restaurant",0,0,0,"morning"
38,250,33,217,"weekday","afternoon","travelling","cold","grocery",0,0,0,"midday"
38,292,75,217,"unknown","dinner","unknown","cold","restaurant",1,1,0,"night"
38,294,77,217,"weekday","afternoon","travelling","cold","restaurant",0,1,0,"midday"
38,350,133,217,"weekday","earlymorning","travelling","warm","grocery",0,1,1,"morning"
38,372,155,217,"weekday","afternoon","working","cold","grocery",0,1,1,"midday"
38,389,172,217,"weekday","evening","travelling","warm","restaurant",1,1,1,"night"
39,227,0,227,"weekday","afternoon","travelling","cold","restaurant",0,0,0,"midday"
39,228,1,227,"weekday","lunch","working","unknown","grocery",0,0,0,"midday"
39,229,2,227,"weekend","afternoon","travelling","unknown","restaurant",0,0,0,"midday"
39,231,4,227,"weekday","breakfast","travelling","warm","grocery",0,0,0,"morning"
39,232,5,227,"weekday","afternoon","travelling","unknown","grocery",1,0,0,"midday"
39,234,7,227,"weekday","lunch","unknown","hot","restaurant",0,0,0,"midday"
39,236,9,227,"weekend","afternoon","travelling","cold","restaurant",0,0,0,"midday"
39,237,10,227,"weekend","lunch","travelling","warm","grocery",1,0,0,"midday"
39,239,12,227,"weekend","beforelunch","shopping","warm","grocery",0,0,0,"midday"
39,241,14,227,"weekday","afternoon","unknown","cold","grocery",0,0,0,"midday"
39,242,15,227,"weekend","earlymorning","unknown","cold","grocery",0,0,0,"morning"
39,245,18,227,"weekday","beforelunch","travelling","cold","restaurant",0,0,0,"midday"
39,246,19,227,"unknown","unknown","travelling","freezing","restaurant",1,0,0,"unknown"
39,247,20,227,"weekend","morning","travelling","freezing","grocery",0,0,0,"morning"
39,248,21,227,"weekday","beforelunch","travelling","unknown","restaurant",0,0,0,"midday"
39,252,25,227,"weekday","afternoon","shopping","warm","restaurant",0,0,0,"midday"
39,254,27,227,"weekday","lunch","travelling","warm","restaurant",0,0,0,"midday"
39,255,28,227,"weekday","lunch","travelling","unknown","restaurant",0,0,0,"midday"
39,257,30,227,"weekday","beforelunch","unknown","warm","grocery",0,0,0,"midday"
39,260,33,227,"weekday","beforelunch","shopping","hot","grocery",0,0,0,"midday"
39,262,35,227,"weekday","morning","travelling","unknown","grocery",0,0,0,"morning"
39,265,38,227,"weekday","afternoon","shopping","hot","grocery",1,0,0,"midday"
39,267,40,227,"weekday","lunch","unknown","freezing","grocery",0,0,0,"midday"
39,269,42,227,"weekday","latenight","travelling","freezing","restaurant",0,0,0,"night"
39,270,43,227,"weekday","lunch","travelling","unknown","grocery",0,0,0,"midday"
39,271,44,227,"weekday","lunch","travelling","unknown","grocery",0,0,0,"midday"
39,273,46,227,"weekday","afternoon","travelling","unknown","restaurant",1,0,0,"midday"
39,274,47,227,"weekend","beforelunch","travelling","unknown","grocery",0,0,0,"midday"
39,275,48,227,"weekday","afternoon","working","cold","grocery",0,0,0,"midday"
39,276,49,227,"weekday","lunch","unknown","unknown","grocery",0,0,0,"midday"
39,278,51,227,"weekday","earlymorning","travelling","cold","grocery",0,0,0,"morning"
39,281,54,227,"weekday","lunch","travelling","hot","restaurant",1,0,0,"midday"
39,283,56,227,"weekend","beforelunch","travelling","unknown","grocery",1,0,0,"midday"
39,284,57,227,"weekday","unknown","leisure","freezing","grocery",0,1,0,"unknown"
39,286,59,227,"weekday","beforelunch","travelling","warm","grocery",1,1,0,"midday"
39,287,60,227,"weekday","afternoon","travelling","cold","grocery",0,1,0,"midday"
39,289,62,227,"weekday","lunch","travelling","cold","restaurant",0,1,0,"midday"
39,290,63,227,"weekday","breakfast","travelling","unknown","grocery",1,1,0,"morning"
39,291,64,227,"weekend","afternoon","working","freezing","grocery",0,1,0,"midday"
39,292,65,227,"weekend","lunch","travelling","cold","grocery",0,1,0,"midday"
39,294,67,227,"weekday","beforelunch","travelling","freezing","restaurant",1,1,0,"midday"
39,295,68,227,"weekday","afternoon","travelling","hot","restaurant",1,1,0,"midday"
39,296,69,227,"weekday","lunch","working","cold","grocery",0,1,0,"midday"
39,299,72,227,"weekday","morning","travelling","freezing","restaurant",1,1,0,"morning"
39,300,73,227,"weekday","morning","travelling","warm","grocery",0,1,0,"morning"
39,302,75,227,"weekday","afternoon","travelling","freezing","restaurant",0,1,0,"midday"
39,307,80,227,"weekend","lunch","travelling","cold","grocery",1,1,0,"midday"
39,308,81,227,"weekday","morning","travelling","warm","grocery",1,1,0,"morning"
39,310,83,227,"weekday","lunch","unknown","cold","grocery",0,1,0,"midday"
39,311,84,227,"weekday","morning","travelling","cold","restaurant",0,1,0,"morning"
39,312,85,227,"weekend","beforelunch","shopping","unknown","restaurant",0,1,0,"midday"
39,313,86,227,"weekday","beforelunch","shopping","freezing","restaurant",1,1,0,"midday"
39,314,87,227,"weekday","breakfast","unknown","unknown","restaurant",1,1,0,"morning"
39,315,88,227,"weekday","breakfast","working","cold","restaurant",0,1,0,"morning"
39,317,90,227,"weekday","unknown","travelling","freezing","restaurant",0,1,0,"unknown"
39,319,92,227,"weekend","breakfast","travelling","cold","grocery",0,1,0,"morning"
39,321,94,227,"weekday","afternoon","travelling","unknown","grocery",1,1,0,"midday"
39,322,95,227,"weekday","lunch","unknown","unknown","grocery",0,1,0,"midday"
39,323,96,227,"weekday","lunch","leisure","freezing","restaurant",1,1,0,"midday"
39,324,97,227,"weekend","lunch","travelling","cold","restaurant",0,1,0,"midday"
39,325,98,227,"weekday","morning","travelling","warm","restaurant",1,1,0,"morning"
39,326,99,227,"weekday","lunch","unknown","hot","restaurant",0,1,0,"midday"
39,327,100,227,"weekday","beforelunch","travelling","freezing","grocery",1,1,0,"midday"
39,331,104,227,"weekday","beforelunch","travelling","cold","grocery",0,1,0,"midday"
39,333,106,227,"weekend","breakfast","travelling","cold","restaurant",0,1,0,"morning"
39,334,107,227,"weekday","beforelunch","travelling","warm","restaurant",1,1,0,"midday"
39,335,108,227,"weekday","beforelunch","travelling","warm","grocery",0,1,0,"midday"
39,338,111,227,"weekday","breakfast","travelling","warm","restaurant",0,1,0,"morning"
39,340,113,227,"weekday","lunch","travelling","freezing","restaurant",0,1,1,"midday"
39,345,118,227,"unknown","afternoon","working","unknown","grocery",0,1,1,"midday"
39,346,119,227,"weekday","beforelunch","unknown","unknown","restaurant",1,1,1,"midday"
39,348,121,227,"weekend","lunch","unknown","freezing","restaurant",0,1,1,"midday"
39,349,122,227,"weekday","unknown","working","unknown","grocery",1,1,1,"unknown"
39,350,123,227,"weekend","afternoon","travelling","cold","grocery",1,1,1,"midday"
39,351,124,227,"weekday","lunch","unknown","unknown","grocery",1,1,1,"midday"
39,352,125,227,"weekend","afternoon","travelling","warm","grocery",0,1,1,"midday"
39,353,126,227,"weekday","beforelunch","unknown","hot","grocery",1,1,1,"midday"
39,354,127,227,"weekend","dinner","travelling","freezing","grocery",0,1,1,"night"
39,356,129,227,"weekday","afternoon","working","cold","grocery",0,1,1,"midday"
39,357,130,227,"weekday","lunch","travelling","cold","restaurant",0,1,1,"midday"
39,358,131,227,"weekend","beforelunch","travelling","freezing","restaurant",1,1,1,"midday"
39,362,135,227,"weekday","beforelunch","travelling","freezing","restaurant",0,1,1,"midday"
39,363,136,227,"weekday","morning","travelling","unknown","grocery",0,1,1,"morning"
39,366,139,227,"weekday","lunch","leisure","warm","restaurant",1,1,1,"midday"
39,367,140,227,"weekday","lunch","travelling","cold","restaurant",0,1,1,"midday"
39,368,141,227,"weekday","morning","morningrituals","cold","grocery",0,1,1,"morning"
39,369,142,227,"weekday","lunch","travelling","freezing","grocery",0,1,1,"midday"
39,370,143,227,"weekday","breakfast","travelling","cold","restaurant",0,1,1,"morning"
39,372,145,227,"weekday","breakfast","shopping","freezing","restaurant",0,1,1,"morning"
39,373,146,227,"weekday","lunch","travelling","cold","grocery",0,1,1,"midday"
39,374,147,227,"weekday","lunch","travelling","freezing","restaurant",0,1,1,"midday"
39,377,150,227,"weekday","lunch","travelling","cold","grocery",0,1,1,"midday"
39,379,152,227,"weekday","breakfast","travelling","cold","grocery",0,1,1,"morning"
39,382,155,227,"weekday","breakfast","unknown","hot","grocery",0,1,1,"morning"
39,383,156,227,"weekend","afternoon","working","cold","grocery",1,1,1,"midday"
39,386,159,227,"weekend","unknown","travelling","unknown","grocery",1,1,1,"unknown"
39,388,161,227,"weekday","lunch","travelling","unknown","restaurant",1,1,1,"midday"
39,389,162,227,"weekday","lunch","unknown","cold","grocery",0,1,1,"midday"
39,390,163,227,"weekend","lunch","working","freezing","restaurant",0,1,1,"midday"
39,391,164,227,"weekday","afternoon","leisure","cold","grocery",1,1,1,"midday"
39,392,165,227,"weekday","afternoon","unknown","unknown","restaurant",0,1,1,"midday"
39,394,167,227,"weekday","afternoon","working","freezing","grocery",1,1,1,"midday"
39,395,168,227,"weekday","beforelunch","travelling","freezing","grocery",1,1,1,"midday"
39,396,169,227,"unknown","morning","travelling","hot","grocery",0,1,1,"morning"
39,400,173,227,"weekend","afternoon","travelling","unknown","grocery",0,1,1,"midday"
39,401,174,227,"weekday","afternoon","travelling","cold","grocery",1,1,1,"midday"
39,403,176,227,"weekday","afternoon","morningrituals","unknown","grocery",0,1,1,"midday"
39,404,177,227,"weekday","beforelunch","shopping","unknown","restaurant",0,1,1,"midday"
39,405,178,227,"weekend","unknown","working","warm","grocery",0,1,1,"unknown"
39,407,180,227,"weekday","morning","travelling","freezing","grocery",0,1,1,"morning"
39,408,181,227,"weekend","lunch","leisure","cold","grocery",1,1,1,"midday"
39,410,183,227,"weekday","beforelunch","travelling","cold","restaurant",1,1,1,"midday"
40,230,0,230,"weekday","breakfast","travelling","warm","restaurant",0,0,0,"morning"
40,231,1,230,"weekday","beforelunch","travelling","unknown","grocery",0,0,0,"midday"
40,232,2,230,"weekday","afternoon","travelling","freezing","grocery",0,0,0,"midday"
40,233,3,230,"weekday","lunch","travelling","cold","grocery",1,0,0,"midday"
40,236,6,230,"weekend","morning","travelling","freezing","restaurant",1,0,0,"morning"
40,238,8,230,"weekday","beforelunch","travelling","cold","restaurant",0,0,0,"midday"
40,239,9,230,"weekday","afternoon","travelling","hot","restaurant",0,0,0,"midday"
40,240,10,230,"weekend","lunch","travelling","warm","grocery",0,0,0,"midday"
40,241,11,230,"weekday","evening","shopping","cold","grocery",1,0,0,"night"
40,242,12,230,"weekday","breakfast","shopping","warm","grocery",0,0,0,"morning"
40,246,16,230,"weekday","evening","working","freezing","grocery",0,0,0,"night"
40,248,18,230,"weekend","lunch","travelling","freezing","restaurant",0,0,0,"midday"
40,253,23,230,"weekday","lunch","travelling","warm","restaurant",0,0,0,"midday"
40,254,24,230,"weekday","beforelunch","working","unknown","grocery",0,0,0,"midday"
40,255,25,230,"weekday","beforelunch","travelling","cold","grocery",0,0,0,"midday"
40,256,26,230,"weekday","lunch","travelling","hot","restaurant",0,0,0,"midday"
40,258,28,230,"weekend","lunch","travelling","freezing","restaurant",1,0,0,"midday"
40,259,29,230,"weekday","night","travelling","cold","restaurant",0,0,0,"night"
40,262,32,230,"weekday","afternoon","travelling","cold","grocery",0,0,0,"midday"
40,264,34,230,"weekend","beforelunch","unknown","cold","grocery",1,0,0,"midday"
40,265,35,230,"weekday","afternoon","shopping","unknown","grocery",1,0,0,"midday"
40,266,36,230,"weekday","afternoon","travelling","cold","restaurant",0,0,0,"midday"
40,267,37,230,"weekday","breakfast","working","cold","grocery",0,0,0,"morning"
40,269,39,230,"weekday","lunch","travelling","unknown","restaurant",0,0,0,"midday"
40,270,40,230,"weekend","lunch","leisure","cold","grocery",0,0,0,"midday"
40,274,44,230,"weekend","beforelunch","unknown","cold","grocery",0,0,0,"midday"
40,275,45,230,"weekday","breakfast","travelling","warm","restaurant",1,0,0,"morning"
40,276,46,230,"weekday","morning","leisure","freezing","grocery",0,0,0,"morning"
40,277,47,230,"weekday","afternoon","travelling","cold","restaurant",0,0,0,"midday"
40,278,48,230,"weekday","lunch","leisure","warm","restaurant",0,0,0,"midday"
40,279,49,230,"weekday","afternoon","travelling","cold","restaurant",0,0,0,"midday"
40,280,50,230,"weekend","breakfast","travelling","cold","restaurant",1,0,0,"morning"
40,281,51,230,"weekday","afternoon","travelling","warm","restaurant",0,0,0,"midday"
40,282,52,230,"weekday","beforelunch","unknown","freezing","grocery",1,0,0,"midday"
40,284,54,230,"weekday","lunch","leisure","freezing","restaurant",0,0,0,"midday"
40,287,57,230,"weekend","lunch","travelling","cold","grocery",1,1,0,"midday"
40,290,60,230,"weekday","afternoon","travelling","unknown","grocery",1,1,0,"midday"
40,291,61,230,"weekday","afternoon","shopping","unknown","restaurant",0,1,0,"midday"
40,295,65,230,"weekday","afternoon","leisure","freezing","restaurant",0,1,0,"midday"
40,296,66,230,"weekday","lunch","travelling","freezing","restaurant",1,1,0,"midday"
40,297,67,230,"weekend","afternoon","travelling","freezing","grocery",1,1,0,"midday"
40,298,68,230,"weekday","afternoon","travelling","cold","restaurant",0,1,0,"midday"
40,299,69,230,"weekday","lunch","working","cold","restaurant",0,1,0,"midday"
40,300,70,230,"weekday","lunch","leisure","cold","grocery",0,1,0,"midday"
40,301,71,230,"weekday","afternoon","unknown","warm","grocery",0,1,0,"midday"
40,302,72,230,"weekend","dinner","travelling","cold","restaurant",0,1,0,"night"
40,303,73,230,"weekend","afternoon","unknown","cold","restaurant",0,1,0,"midday"
40,305,75,230,"weekday","afternoon","unknown","freezing","grocery",0,1,0,"midday"
40,306,76,230,"weekday","lunch","travelling","unknown","grocery",1,1,0,"midday"
40,307,77,230,"weekend","morning","travelling","freezing","restaurant",0,1,0,"morning"
40,309,79,230,"weekday","beforelunch","unknown","warm","grocery",1,1,0,"midday"
40,310,80,230,"weekday","morning","travelling","unknown","restaurant",0,1,0,"morning"
40,312,82,230,"weekend","breakfast","shopping","unknown","grocery",0,1,0,"morning"
40,313,83,230,"weekday","morning","shopping","hot","restaurant",1,1,0,"morning"
40,314,84,230,"weekend","beforelunch","travelling","freezing","restaurant",0,1,0,"midday"
40,315,85,230,"weekend","lunch","travelling","cold","grocery",0,1,0,"midday"
40,316,86,230,"weekday","afternoon","morningrituals","freezing","restaurant",0,1,0,"midday"
40,317,87,230,"weekday","breakfast","travelling","warm","restaurant",0,1,0,"morning"
40,320,90,230,"weekday","breakfast","travelling","cold","grocery",1,1,0,"morning"
40,322,92,230,"weekend","beforelunch","travelling","unknown","grocery",0,1,0,"midday"
40,323,93,230,"weekend","lunch","travelling","freezing","restaurant",0,1,0,"midday"
40,324,94,230,"weekday","earlymorning","travelling","cold","grocery",0,1,0,"morning"
40,325,95,230,"weekend","beforelunch","unknown","cold","restaurant",0,1,0,"midday"
40,326,96,230,"weekday","morning","travelling","unknown","grocery",0,1,0,"morning"
40,327,97,230,"weekday","breakfast","morningrituals","freezing","grocery",1,1,0,"morning"
40,328,98,230,"weekday","afternoon","working","cold","grocery",0,1,0,"midday"
40,329,99,230,"weekend","breakfast","travelling","freezing","grocery",0,1,0,"morning"
40,330,100,230,"weekend","lunch","travelling","warm","grocery",1,1,0,"midday"
40,332,102,230,"weekday","morning","morningrituals","warm","restaurant",0,1,0,"morning"
40,334,104,230,"weekend","breakfast","travelling","warm","grocery",0,1,0,"morning"
40,335,105,230,"weekday","lunch","travelling","freezing","restaurant",1,1,0,"midday"
40,337,107,230,"weekend","afternoon","morningrituals","hot","restaurant",1,1,0,"midday"
40,338,108,230,"weekday","morning","travelling","cold","grocery",0,1,0,"morning"
40,339,109,230,"unknown","breakfast","shopping","cold","restaurant",0,1,0,"morning"
40,341,111,230,"weekday","lunch","travelling","cold","restaurant",0,1,0,"midday"
40,343,113,230,"weekend","afternoon","travelling","warm","restaurant",1,1,1,"midday"
40,344,114,230,"weekday","afternoon","travelling","unknown","grocery",0,1,1,"midday"
40,345,115,230,"weekday","afternoon","travelling","warm","grocery",0,1,1,"midday"
40,346,116,230,"weekend","afternoon","leisure","unknown","grocery",0,1,1,"midday"
40,347,117,230,"weekday","breakfast","working","freezing","restaurant",1,1,1,"morning"
40,351,121,230,"weekday","evening","unknown","warm","grocery",0,1,1,"night"
40,352,122,230,"weekend","morning","working","hot","grocery",0,1,1,"morning"
40,353,123,230,"weekday","beforelunch","working","cold","restaurant",1,1,1,"midday"
40,354,124,230,"weekday","afternoon","shopping","cold","grocery",0,1,1,"midday"
40,355,125,230,"weekday","dinner","travelling","hot","grocery",0,1,1,"night"
40,357,127,230,"weekday","afternoon","shopping","cold","grocery",1,1,1,"midday"
40,359,129,230,"weekday","breakfast","travelling","freezing","restaurant",0,1,1,"morning"
40,361,131,230,"weekday","morning","travelling","warm","restaurant",1,1,1,"morning"
40,363,133,230,"weekday","unknown","travelling","unknown","grocery",0,1,1,"unknown"
40,364,134,230,"weekend","breakfast","unknown","warm","grocery",0,1,1,"morning"
40,365,135,230,"weekday","afternoon","travelling","warm","restaurant",0,1,1,"midday"
40,366,136,230,"weekend","afternoon","travelling","hot","grocery",0,1,1,"midday"
40,367,137,230,"weekday","breakfast","travelling","warm","grocery",1,1,1,"morning"
40,368,138,230,"weekend","afternoon","unknown","freezing","grocery",0,1,1,"midday"
40,370,140,230,"weekday","afternoon","working","cold","restaurant",0,1,1,"midday"
40,371,141,230,"weekday","morning","travelling","freezing","restaurant",1,1,1,"morning"
40,372,142,230,"weekday","morning","travelling","unknown","grocery",0,1,1,"morning"
40,374,144,230,"weekend","afternoon","unknown","freezing","grocery",0,1,1,"midday"
40,377,147,230,"weekday","beforelunch","travelling","warm","grocery",1,1,1,"midday"
40,378,148,230,"weekday","breakfast","leisure","unknown","restaurant",1,1,1,"morning"
40,379,149,230,"weekday","lunch","travelling","cold","restaurant",1,1,1,"midday"
40,380,150,230,"weekend","afternoon","travelling","cold","restaurant",1,1,1,"midday"
40,381,151,230,"weekday","breakfast","unknown","warm","restaurant",0,1,1,"morning"
40,382,152,230,"weekday","beforelunch","working","cold","restaurant",1,1,1,"midday"
40,383,153,230,"weekday","evening","unknown","cold","restaurant",1,1,1,"night"
40,384,154,230,"weekday","afternoon","travelling","freezing","grocery",1,1,1,"midday"
40,385,155,230,"weekday","earlymorning","travelling","hot","grocery",0,1,1,"morning"
40,389,159,230,"weekday","beforelunch","morningrituals","freezing","restaurant",0,1,1,"midday"
40,390,160,230,"weekday","evening","travelling","unknown","restaurant",0,1,1,"night"
40,392,162,230,"weekday","afternoon","travelling","unknown","restaurant",0,1,1,"midday"
40,393,163,230,"weekend","afternoon","unknown","unknown","grocery",1,1,1,"midday"
40,394,164,230,"weekend","unknown","travelling","cold","restaurant",0,1,1,"unknown"
40,396,166,230,"unknown","beforelunch","travelling","warm","restaurant",0,1,1,"midday"
40,397,167,230,"weekday","afternoon","travelling","warm","grocery",0,1,1,"midday"
40,398,168,230,"weekday","lunch","working","cold","grocery",0,1,1,"midday"
40,399,169,230,"weekend","afternoon","morningrituals","warm","grocery",1,1,1,"midday"
40,400,170,230,"weekend","beforelunch","travelling","cold","restaurant",0,1,1,"midday"
40,401,171,230,"weekday","afternoon","travelling","freezing","restaurant",0,1,1,"midday"
40,402,172,230,"unknown","afternoon","travelling","warm","grocery",0,1,1,"midday"
40,403,173,230,"unknown","beforelunch","travelling","cold","restaurant",0,1,1,"midday"
40,404,174,230,"weekday","lunch","travelling","unknown","restaurant",0,1,1,"midday"
40,408,178,230,"weekday","beforelunch","travelling","warm","grocery",0,1,1,"midday"
40,409,179,230,"weekday","lunch","unknown","hot","restaurant",1,1,1,"midday"
40,413,183,230,"weekday","earlymorning","travelling","unknown","grocery",0,1,1,"morning"
41,232,1,231,"weekend","afternoon","unknown","hot","restaurant",0,0,0,"midday"
41,235,4,231,"weekday","afternoon","travelling","cold","grocery",0,0,0,"midday"
41,236,5,231,"weekday","morning","working","cold","restaurant",0,0,0,"morning"
41,238,7,231,"weekday","beforelunch","travelling","warm","grocery",0,0,0,"midday"
41,240,9,231,"weekend","earlymorning","travelling","hot","grocery",0,0,0,"morning"
41,242,11,231,"weekend","breakfast","unknown","hot","restaurant",0,0,0,"morning"
41,248,17,231,"weekend","dinner","working","freezing","grocery",0,0,0,"night"
41,249,18,231,"weekend","breakfast","unknown","warm","restaurant",1,0,0,"morning"
41,254,23,231,"weekend","lunch","leisure","unknown","restaurant",1,0,0,"midday"
41,255,24,231,"weekend","lunch","unknown","unknown","restaurant",1,0,0,"midday"
41,257,26,231,"weekday","afternoon","travelling","warm","restaurant",0,0,0,"midday"
41,266,35,231,"weekday","morning","travelling","unknown","restaurant",0,0,0,"morning"
41,270,39,231,"weekday","breakfast","unknown","hot","grocery",1,0,0,"morning"
41,272,41,231,"weekday","beforelunch","working","unknown","grocery",0,0,0,"midday"
41,277,46,231,"weekday","beforelunch","working","cold","restaurant",0,0,0,"midday"
41,281,50,231,"weekday","lunch","travelling","freezing","grocery",0,0,0,"midday"
41,282,51,231,"weekday","afternoon","working","hot","restaurant",0,0,0,"midday"
41,285,54,231,"weekday","afternoon","unknown","cold","restaurant",0,0,0,"midday"
41,293,62,231,"weekday","afternoon","travelling","unknown","restaurant",0,1,0,"midday"
41,294,63,231,"weekday","unknown","unknown","cold","restaurant",0,1,0,"unknown"
41,296,65,231,"weekend","afternoon","travelling","warm","restaurant",0,1,0,"midday"
41,297,66,231,"weekday","lunch","unknown","warm","grocery",0,1,0,"midday"
41,300,69,231,"weekday","lunch","working","unknown","restaurant",1,1,0,"midday"
41,301,70,231,"weekday","afternoon","leisure","unknown","restaurant",0,1,0,"midday"
41,302,71,231,"weekday","afternoon","travelling","cold","restaurant",1,1,0,"midday"
41,305,74,231,"weekday","lunch","travelling","freezing","restaurant",0,1,0,"midday"
41,306,75,231,"weekend","afternoon","travelling","cold","grocery",0,1,0,"midday"
41,308,77,231,"weekday","lunch","unknown","freezing","restaurant",0,1,0,"midday"
41,309,78,231,"weekend","afternoon","unknown","warm","restaurant",1,1,0,"midday"
41,311,80,231,"weekend","breakfast","travelling","warm","restaurant",0,1,0,"morning"
41,312,81,231,"weekday","afternoon","travelling","hot","grocery",1,1,0,"midday"
41,313,82,231,"weekday","lunch","unknown","freezing","restaurant",0,1,0,"midday"
41,316,85,231,"weekday","lunch","travelling","hot","grocery",0,1,0,"midday"
41,317,86,231,"weekday","earlymorning","travelling","freezing","restaurant",0,1,0,"morning"
41,318,87,231,"weekend","lunch","travelling","hot","restaurant",1,1,0,"midday"
41,319,88,231,"weekday","afternoon","unknown","unknown","restaurant",0,1,0,"midday"
41,321,90,231,"weekday","lunch","working","unknown","grocery",0,1,0,"midday"
41,322,91,231,"weekend","beforelunch","leisure","unknown","restaurant",0,1,0,"midday"
41,324,93,231,"weekday","lunch","unknown","warm","restaurant",0,1,0,"midday"
41,325,94,231,"weekday","breakfast","unknown","unknown","grocery",0,1,0,"morning"
41,327,96,231,"unknown","afternoon","travelling","unknown","restaurant",0,1,0,"midday"
41,328,97,231,"weekday","latenight","travelling","freezing","restaurant",0,1,0,"night"
41,330,99,231,"weekday","afternoon","unknown","unknown","restaurant",0,1,0,"midday"
41,332,101,231,"weekend","latenight","working","cold","grocery",0,1,0,"night"
41,336,105,231,"weekday","earlymorning","travelling","freezing","restaurant",1,1,0,"morning"
41,338,107,231,"weekday","beforelunch","working","cold","restaurant",0,1,0,"midday"
41,339,108,231,"weekday","morning","travelling","unknown","restaurant",1,1,0,"morning"
41,341,110,231,"weekday","lunch","travelling","cold","grocery",0,1,0,"midday"
41,342,111,231,"weekend","afternoon","travelling","cold","restaurant",0,1,0,"midday"
41,343,112,231,"weekday","breakfast","working","freezing","grocery",0,1,0,"morning"
41,344,113,231,"weekday","earlymorning","travelling","warm","grocery",0,1,1,"morning"
41,348,117,231,"weekend","afternoon","unknown","freezing","grocery",0,1,1,"midday"
41,350,119,231,"weekday","lunch","travelling","unknown","restaurant",0,1,1,"midday"
41,355,124,231,"weekday","lunch","travelling","cold","grocery",0,1,1,"midday"
41,356,125,231,"weekday","morning","working","unknown","restaurant",0,1,1,"morning"
41,359,128,231,"weekday","afternoon","shopping","freezing","restaurant",0,1,1,"midday"
41,360,129,231,"weekday","unknown","leisure","cold","grocery",1,1,1,"unknown"
41,361,130,231,"weekday","lunch","travelling","freezing","grocery",0,1,1,"midday"
41,362,131,231,"weekday","afternoon","travelling","cold","restaurant",0,1,1,"midday"
41,363,132,231,"weekday","lunch","travelling","cold","restaurant",0,1,1,"midday"
41,364,133,231,"weekend","earlymorning","morningrituals","warm","grocery",0,1,1,"morning"
41,365,134,231,"weekend","afternoon","travelling","freezing","grocery",1,1,1,"midday"
41,367,136,231,"weekday","lunch","travelling","freezing","grocery",0,1,1,"midday"
41,368,137,231,"weekend","afternoon","travelling","hot","restaurant",0,1,1,"midday"
41,369,138,231,"weekend","lunch","travelling","cold","restaurant",0,1,1,"midday"
41,372,141,231,"weekday","afternoon","travelling","unknown","restaurant",1,1,1,"midday"
41,373,142,231,"weekday","beforelunch","travelling","cold","restaurant",1,1,1,"midday"
41,374,143,231,"weekday","afternoon","unknown","cold","restaurant",1,1,1,"midday"
41,376,145,231,"weekday","latenight","unknown","warm","restaurant",0,1,1,"night"
41,379,148,231,"weekday","afternoon","travelling","hot","grocery",1,1,1,"midday"
41,382,151,231,"weekend","afternoon","unknown","warm","grocery",0,1,1,"midday"
41,384,153,231,"weekday","afternoon","morningrituals","cold","grocery",1,1,1,"midday"
41,385,154,231,"weekday","breakfast","unknown","freezing","restaurant",0,1,1,"morning"
41,386,155,231,"weekday","afternoon","travelling","unknown","grocery",0,1,1,"midday"
41,387,156,231,"weekday","latenight","travelling","freezing","grocery",1,1,1,"night"
41,394,163,231,"weekday","morning","travelling","warm","grocery",0,1,1,"morning"
41,395,164,231,"weekday","afternoon","travelling","cold","grocery",0,1,1,"midday"
41,397,166,231,"weekday","beforelunch","working","unknown","restaurant",0,1,1,"midday"
41,400,169,231,"weekend","morning","unknown","cold","grocery",0,1,1,"morning"
41,403,172,231,"weekday","night","morningrituals","freezing","restaurant",0,1,1,"night"
41,404,173,231,"weekday","morning","unknown","cold","grocery",0,1,1,"morning"
41,407,176,231,"weekday","lunch","travelling","warm","restaurant",1,1,1,"midday"
41,409,178,231,"weekday","afternoon","working","hot","grocery",0,1,1,"midday"
41,410,179,231,"weekday","lunch","travelling","cold","restaurant",0,1,1,"midday"
41,412,181,231,"weekday","breakfast","travelling","warm","restaurant",0,1,1,"morning"
42,244,0,244,"weekend","afternoon","shopping","unknown","restaurant",1,0,0,"midday"
42,246,2,244,"weekday","afternoon","travelling","warm","restaurant",0,0,0,"midday"
42,248,4,244,"weekday","morning","travelling","unknown","restaurant",0,0,0,"morning"
42,250,6,244,"weekday","lunch","travelling","unknown","grocery",0,0,0,"midday"
42,251,7,244,"weekend","morning","travelling","freezing","restaurant",1,0,0,"morning"
42,253,9,244,"weekday","beforelunch","travelling","unknown","grocery",0,0,0,"midday"
42,255,11,244,"weekday","breakfast","travelling","hot","restaurant",0,0,0,"morning"
42,256,12,244,"weekday","beforelunch","unknown","cold","grocery",0,0,0,"midday"
42,257,13,244,"weekend","unknown","working","warm","grocery",0,0,0,"unknown"
42,259,15,244,"weekday","lunch","travelling","unknown","grocery",0,0,0,"midday"
42,260,16,244,"weekday","dinner","leisure","unknown","grocery",1,0,0,"night"
42,261,17,244,"weekday","afternoon","unknown","freezing","grocery",0,0,0,"midday"
42,262,18,244,"weekend","afternoon","shopping","cold","restaurant",0,0,0,"midday"
42,263,19,244,"weekday","beforelunch","travelling","cold","grocery",0,0,0,"midday"
42,265,21,244,"weekday","unknown","travelling","warm","restaurant",1,0,0,"unknown"
42,267,23,244,"weekend","lunch","working","unknown","restaurant",0,0,0,"midday"
42,269,25,244,"weekday","dinner","travelling","unknown","restaurant",0,0,0,"night"
42,270,26,244,"weekday","lunch","unknown","hot","restaurant",0,0,0,"midday"
42,271,27,244,"weekday","night","travelling","unknown","restaurant",0,0,0,"night"
42,272,28,244,"weekend","afternoon","leisure","hot","grocery",0,0,0,"midday"
42,273,29,244,"weekend","dinner","travelling","freezing","restaurant",0,0,0,"night"
42,275,31,244,"weekend","beforelunch","working","cold","grocery",1,0,0,"midday"
42,276,32,244,"weekend","beforelunch","leisure","warm","grocery",1,0,0,"midday"
42,278,34,244,"weekday","afternoon","unknown","unknown","grocery",1,0,0,"midday"
42,279,35,244,"weekend","lunch","travelling","cold","restaurant",0,0,0,"midday"
42,280,36,244,"weekday","beforelunch","travelling","cold","restaurant",1,0,0,"midday"
42,282,38,244,"weekday","breakfast","shopping","cold","grocery",0,0,0,"morning"
42,283,39,244,"weekend","morning","travelling","freezing","restaurant",1,0,0,"morning"
42,284,40,244,"weekend","lunch","travelling","cold","restaurant",0,0,0,"midday"
42,285,41,244,"weekday","beforelunch","travelling","warm","restaurant",0,0,0,"midday"
42,286,42,244,"weekday","lunch","travelling","unknown","grocery",0,0,0,"midday"
42,287,43,244,"weekday","lunch","unknown","unknown","grocery",0,0,0,"midday"
42,289,45,244,"weekend","lunch","leisure","warm","restaurant",0,0,0,"midday"
42,292,48,244,"weekend","earlymorning","unknown","unknown","restaurant",1,0,0,"morning"
42,293,49,244,"unknown","evening","unknown","cold","grocery",0,0,0,"night"
42,294,50,244,"weekday","breakfast","travelling","cold","grocery",0,0,0,"morning"
42,297,53,244,"weekday","beforelunch","travelling","cold","restaurant",1,0,0,"midday"
42,298,54,244,"weekday","afternoon","leisure","warm","grocery",0,0,0,"midday"
42,299,55,244,"weekday","lunch","travelling","warm","grocery",1,0,0,"midday"
42,301,57,244,"unknown","morning","travelling","warm","restaurant",0,1,0,"morning"
42,302,58,244,"unknown","lunch","unknown","cold","restaurant",0,1,0,"midday"
42,304,60,244,"weekday","afternoon","unknown","freezing","grocery",0,1,0,"midday"
42,307,63,244,"weekday","breakfast","shopping","hot","restaurant",0,1,0,"morning"
42,308,64,244,"weekday","afternoon","working","freezing","grocery",0,1,0,"midday"
42,310,66,244,"weekend","beforelunch","travelling","cold","grocery",0,1,0,"midday"
42,311,67,244,"weekday","afternoon","travelling","freezing","restaurant",0,1,0,"midday"
42,314,70,244,"weekday","night","travelling","warm","grocery",1,1,0,"night"
42,316,72,244,"weekend","lunch","leisure","warm","grocery",1,1,0,"midday"
42,317,73,244,"weekend","beforelunch","travelling","freezing","grocery",0,1,0,"midday"
42,319,75,244,"weekday","afternoon","unknown","cold","restaurant",0,1,0,"midday"
42,322,78,244,"weekday","lunch","leisure","cold","grocery",0,1,0,"midday"
42,323,79,244,"weekday","earlymorning","travelling","unknown","grocery",0,1,0,"morning"
42,325,81,244,"weekday","beforelunch","unknown","cold","grocery",1,1,0,"midday"
42,326,82,244,"weekend","breakfast","travelling","unknown","restaurant",0,1,0,"morning"
42,328,84,244,"weekday","lunch","leisure","freezing","restaurant",0,1,0,"midday"
42,329,85,244,"weekday","afternoon","working","cold","restaurant",0,1,0,"midday"
42,331,87,244,"weekday","lunch","travelling","freezing","grocery",0,1,0,"midday"
42,336,92,244,"weekday","beforelunch","working","freezing","grocery",1,1,0,"midday"
42,338,94,244,"weekday","afternoon","travelling","freezing","restaurant",0,1,0,"midday"
42,341,97,244,"weekend","dinner","travelling","freezing","grocery",0,1,0,"night"
42,342,98,244,"weekday","lunch","unknown","cold","grocery",1,1,0,"midday"
42,343,99,244,"weekday","afternoon","unknown","unknown","grocery",0,1,0,"midday"
42,348,104,244,"weekday","breakfast","travelling","warm","restaurant",0,1,0,"morning"
42,349,105,244,"weekday","afternoon","leisure","cold","grocery",0,1,0,"midday"
42,350,106,244,"weekday","beforelunch","shopping","cold","grocery",0,1,0,"midday"
42,353,109,244,"weekend","beforelunch","travelling","cold","grocery",0,1,0,"midday"
42,355,111,244,"weekday","afternoon","travelling","cold","grocery",1,1,0,"midday"
42,356,112,244,"weekday","lunch","travelling","cold","restaurant",0,1,0,"midday"
42,357,113,244,"weekday","lunch","travelling","unknown","grocery",0,1,1,"midday"
42,359,115,244,"weekday","earlymorning","travelling","cold","restaurant",0,1,1,"morning"
42,360,116,244,"weekday","afternoon","leisure","freezing","restaurant",0,1,1,"midday"
42,363,119,244,"weekday","lunch","unknown","hot","restaurant",0,1,1,"midday"
42,365,121,244,"weekday","afternoon","travelling","warm","restaurant",1,1,1,"midday"
42,367,123,244,"weekend","dinner","travelling","cold","restaurant",0,1,1,"night"
42,368,124,244,"weekday","morning","leisure","cold","grocery",0,1,1,"morning"
42,370,126,244,"weekday","lunch","travelling","unknown","restaurant",1,1,1,"midday"
42,371,127,244,"weekday","evening","travelling","freezing","grocery",0,1,1,"night"
42,372,128,244,"weekend","lunch","unknown","cold","restaurant",0,1,1,"midday"
42,373,129,244,"weekday","afternoon","unknown","freezing","restaurant",0,1,1,"midday"
42,374,130,244,"weekday","earlymorning","travelling","freezing","restaurant",0,1,1,"morning"
42,376,132,244,"weekend","lunch","travelling","cold","grocery",1,1,1,"midday"
42,379,135,244,"weekday","afternoon","leisure","freezing","grocery",0,1,1,"midday"
42,381,137,244,"weekday","unknown","travelling","cold","grocery",1,1,1,"unknown"
42,382,138,244,"weekday","lunch","shopping","cold","restaurant",0,1,1,"midday"
42,384,140,244,"weekday","beforelunch","travelling","hot","grocery",0,1,1,"midday"
42,386,142,244,"weekend","lunch","travelling","warm","grocery",0,1,1,"midday"
42,388,144,244,"weekday","lunch","leisure","unknown","grocery",0,1,1,"midday"
42,390,146,244,"weekend","breakfast","morningrituals","unknown","restaurant",1,1,1,"morning"
42,391,147,244,"weekend","afternoon","travelling","cold","restaurant",1,1,1,"midday"
42,392,148,244,"weekend","beforelunch","unknown","unknown","restaurant",1,1,1,"midday"
42,394,150,244,"weekday","unknown","morningrituals","cold","grocery",0,1,1,"unknown"
42,395,151,244,"weekday","lunch","travelling","cold","restaurant",0,1,1,"midday"
42,396,152,244,"weekday","afternoon","travelling","unknown","grocery",0,1,1,"midday"
42,397,153,244,"weekday","lunch","travelling","unknown","restaurant",0,1,1,"midday"
42,398,154,244,"weekday","morning","travelling","cold","grocery",1,1,1,"morning"
42,400,156,244,"weekend","afternoon","working","unknown","restaurant",0,1,1,"midday"
42,401,157,244,"weekend","evening","travelling","unknown","grocery",0,1,1,"night"
42,402,158,244,"weekday","breakfast","travelling","unknown","grocery",0,1,1,"morning"
42,404,160,244,"weekday","beforelunch","travelling","hot","grocery",1,1,1,"midday"
42,405,161,244,"weekday","lunch","leisure","cold","restaurant",0,1,1,"midday"
42,406,162,244,"weekday","afternoon","travelling","cold","restaurant",1,1,1,"midday"
42,407,163,244,"weekday","lunch","travelling","cold","grocery",1,1,1,"midday"
42,409,165,244,"weekday","dinner","travelling","hot","grocery",0,1,1,"night"
42,410,166,244,"weekday","afternoon","travelling","cold","grocery",0,1,1,"midday"
42,412,168,244,"weekday","breakfast","leisure","unknown","grocery",1,1,1,"morning"
42,413,169,244,"weekday","dinner","unknown","cold","restaurant",0,1,1,"night"
42,414,170,244,"weekday","afternoon","unknown","cold","restaurant",0,1,1,"midday"
42,415,171,244,"weekend","lunch","travelling","unknown","restaurant",1,1,1,"midday"
42,416,172,244,"weekday","lunch","unknown","warm","grocery",0,1,1,"midday"
42,417,173,244,"weekend","lunch","working","cold","restaurant",0,1,1,"midday"
42,418,174,244,"weekday","breakfast","morningrituals","warm","restaurant",0,1,1,"morning"
42,420,176,244,"weekday","earlymorning","travelling","cold","restaurant",1,1,1,"morning"
42,422,178,244,"weekday","lunch","travelling","unknown","grocery",1,1,1,"midday"
42,423,179,244,"weekend","lunch","travelling","warm","restaurant",1,1,1,"midday"
42,424,180,244,"weekday","breakfast","travelling","warm","restaurant",0,1,1,"morning"
42,425,181,244,"weekend","lunch","travelling","cold","restaurant",0,1,1,"midday"
42,426,182,244,"unknown","lunch","travelling","cold","grocery",0,1,1,"midday"
42,427,183,244,"weekend","breakfast","unknown","cold","grocery",0,1,1,"morning"
43,254,0,254,"weekday","lunch","travelling","freezing","grocery",0,0,0,"midday"
43,255,1,254,"weekend","lunch","unknown","warm","restaurant",0,0,0,"midday"
43,256,2,254,"weekday","breakfast","morningrituals","unknown","grocery",0,0,0,"morning"
43,257,3,254,"weekday","morning","unknown","unknown","restaurant",0,0,0,"morning"
43,259,5,254,"weekday","lunch","working","cold","restaurant",0,0,0,"midday"
43,263,9,254,"unknown","lunch","unknown","cold","grocery",1,0,0,"midday"
43,265,11,254,"weekday","lunch","unknown","hot","restaurant",0,0,0,"midday"
43,266,12,254,"weekday","beforelunch","travelling","warm","grocery",0,0,0,"midday"
43,268,14,254,"weekday","lunch","shopping","cold","grocery",0,0,0,"midday"
43,269,15,254,"weekday","night","travelling","unknown","grocery",1,0,0,"night"
43,270,16,254,"weekend","beforelunch","working","cold","grocery",0,0,0,"midday"
43,272,18,254,"weekday","afternoon","travelling","cold","restaurant",0,0,0,"midday"
43,275,21,254,"weekday","afternoon","travelling","hot","grocery",0,0,0,"midday"
43,279,25,254,"weekday","afternoon","housework","cold","grocery",0,0,0,"midday"
43,280,26,254,"weekend","beforelunch","travelling","cold","restaurant",0,0,0,"midday"
43,281,27,254,"weekday","lunch","shopping","unknown","restaurant",1,0,0,"midday"
43,282,28,254,"weekday","dinner","travelling","hot","restaurant",0,0,0,"night"
43,284,30,254,"weekday","lunch","unknown","cold","restaurant",0,0,0,"midday"
43,287,33,254,"weekday","afternoon","travelling","unknown","grocery",0,0,0,"midday"
43,288,34,254,"weekday","lunch","travelling","cold","restaurant",1,0,0,"midday"
43,290,36,254,"weekend","night","travelling","unknown","grocery",0,0,0,"night"
43,291,37,254,"weekend","breakfast","travelling","freezing","grocery",0,0,0,"morning"
43,292,38,254,"weekday","afternoon","travelling","freezing","restaurant",1,0,0,"midday"
43,293,39,254,"weekday","afternoon","travelling","warm","restaurant",1,0,0,"midday"
43,296,42,254,"weekend","breakfast","leisure","hot","restaurant",0,0,0,"morning"
43,297,43,254,"weekday","beforelunch","travelling","unknown","grocery",0,0,0,"midday"
43,298,44,254,"weekend","afternoon","travelling","freezing","restaurant",0,0,0,"midday"
43,302,48,254,"weekday","earlymorning","working","unknown","grocery",1,0,0,"morning"
43,303,49,254,"weekday","breakfast","social","hot","grocery",0,0,0,"morning"
43,306,52,254,"weekend","afternoon","unknown","cold","grocery",0,0,0,"midday"
43,308,54,254,"weekday","lunch","travelling","hot","grocery",0,0,0,"midday"
43,310,56,254,"weekday","afternoon","travelling","freezing","grocery",0,0,0,"midday"
43,314,60,254,"weekday","night","unknown","cold","restaurant",0,1,0,"night"
43,315,61,254,"weekday","evening","travelling","warm","grocery",0,1,0,"night"
43,316,62,254,"weekday","afternoon","working","freezing","grocery",0,1,0,"midday"
43,318,64,254,"weekday","lunch","unknown","unknown","grocery",1,1,0,"midday"
43,323,69,254,"weekday","lunch","travelling","unknown","restaurant",0,1,0,"midday"
43,325,71,254,"weekday","lunch","travelling","cold","restaurant",0,1,0,"midday"
43,326,72,254,"weekend","breakfast","travelling","hot","grocery",0,1,0,"morning"
43,327,73,254,"weekday","unknown","travelling","cold","restaurant",0,1,0,"unknown"
43,329,75,254,"weekday","afternoon","unknown","warm","grocery",0,1,0,"midday"
43,331,77,254,"weekend","lunch","unknown","cold","restaurant",0,1,0,"midday"
43,334,80,254,"weekday","afternoon","leisure","unknown","restaurant",0,1,0,"midday"
43,337,83,254,"weekday","afternoon","travelling","cold","restaurant",0,1,0,"midday"
43,348,94,254,"weekday","lunch","travelling","freezing","grocery",0,1,0,"midday"
43,352,98,254,"weekend","beforelunch","working","cold","grocery",1,1,0,"midday"
43,353,99,254,"weekend","morning","travelling","cold","restaurant",0,1,0,"morning"
43,357,103,254,"weekday","afternoon","unknown","cold","grocery",0,1,0,"midday"
43,369,115,254,"weekday","breakfast","shopping","hot","grocery",1,1,1,"morning"
43,371,117,254,"weekday","afternoon","unknown","unknown","restaurant",0,1,1,"midday"
43,373,119,254,"weekday","lunch","unknown","cold","grocery",0,1,1,"midday"
43,375,121,254,"weekday","night","travelling","freezing","restaurant",1,1,1,"night"
43,377,123,254,"weekend","morning","unknown","cold","grocery",0,1,1,"morning"
43,380,126,254,"weekday","morning","travelling","warm","grocery",0,1,1,"morning"
43,382,128,254,"weekend","afternoon","leisure","unknown","grocery",0,1,1,"midday"
43,383,129,254,"weekday","afternoon","unknown","unknown","grocery",0,1,1,"midday"
43,387,133,254,"weekday","breakfast","leisure","cold","grocery",0,1,1,"morning"
43,389,135,254,"weekday","afternoon","working","unknown","restaurant",0,1,1,"midday"
43,390,136,254,"weekday","afternoon","travelling","warm","restaurant",0,1,1,"midday"
43,392,138,254,"weekday","lunch","working","cold","restaurant",0,1,1,"midday"
43,393,139,254,"weekend","beforelunch","travelling","unknown","restaurant",0,1,1,"midday"
43,395,141,254,"weekend","beforelunch","travelling","freezing","restaurant",1,1,1,"midday"
43,397,143,254,"weekend","beforelunch","shopping","cold","grocery",1,1,1,"midday"
43,400,146,254,"weekday","afternoon","travelling","unknown","restaurant",0,1,1,"midday"
43,402,148,254,"weekday","beforelunch","travelling","unknown","restaurant",1,1,1,"midday"
43,404,150,254,"weekday","lunch","travelling","cold","restaurant",0,1,1,"midday"
43,406,152,254,"weekday","dinner","leisure","cold","grocery",1,1,1,"night"
43,407,153,254,"weekday","afternoon","travelling","warm","grocery",0,1,1,"midday"
43,408,154,254,"weekday","afternoon","leisure","hot","grocery",0,1,1,"midday"
43,409,155,254,"weekday","morning","shopping","cold","restaurant",0,1,1,"morning"
43,411,157,254,"weekday","lunch","leisure","cold","restaurant",0,1,1,"midday"
43,415,161,254,"weekday","breakfast","leisure","freezing","restaurant",0,1,1,"morning"
43,417,163,254,"weekday","morning","travelling","freezing","grocery",1,1,1,"morning"
43,418,164,254,"weekday","beforelunch","travelling","freezing","restaurant",0,1,1,"midday"
43,419,165,254,"weekday","morning","morningrituals","cold","grocery",0,1,1,"morning"
43,424,170,254,"weekend","lunch","leisure","freezing","grocery",1,1,1,"midday"
43,426,172,254,"weekday","lunch","travelling","unknown","restaurant",0,1,1,"midday"
43,427,173,254,"weekday","lunch","travelling","hot","restaurant",0,1,1,"midday"
43,429,175,254,"weekday","unknown","leisure","unknown","grocery",0,1,1,"unknown"
43,431,177,254,"weekday","afternoon","travelling","cold","restaurant",1,1,1,"midday"
43,432,178,254,"weekday","afternoon","leisure","unknown","restaurant",0,1,1,"midday"
43,434,180,254,"weekday","breakfast","unknown","unknown","restaurant",1,1,1,"morning"
43,435,181,254,"weekday","lunch","travelling","freezing","restaurant",1,1,1,"midday"
44,257,0,257,"weekday","lunch","travelling","warm","restaurant",0,0,0,"midday"
44,258,1,257,"weekend","lunch","morningrituals","unknown","restaurant",1,0,0,"midday"
44,259,2,257,"weekend","lunch","unknown","freezing","grocery",0,0,0,"midday"
44,260,3,257,"weekend","lunch","travelling","freezing","grocery",0,0,0,"midday"
44,261,4,257,"weekend","beforelunch","shopping","freezing","restaurant",0,0,0,"midday"
44,263,6,257,"weekday","beforelunch","travelling","hot","grocery",1,0,0,"midday"
44,264,7,257,"weekday","afternoon","unknown","cold","restaurant",0,0,0,"midday"
44,266,9,257,"weekday","lunch","travelling","hot","grocery",1,0,0,"midday"
44,268,11,257,"weekday","breakfast","unknown","unknown","restaurant",0,0,0,"morning"
44,269,12,257,"weekday","breakfast","working","warm","grocery",0,0,0,"morning"
44,270,13,257,"weekday","lunch","travelling","unknown","restaurant",1,0,0,"midday"
44,272,15,257,"weekend","afternoon","working","warm","grocery",0,0,0,"midday"
44,273,16,257,"weekday","afternoon","travelling","hot","grocery",0,0,0,"midday"
44,274,17,257,"weekend","afternoon","travelling","hot","grocery",1,0,0,"midday"
44,278,21,257,"weekend","afternoon","travelling","warm","grocery",0,0,0,"midday"
44,279,22,257,"weekday","afternoon","travelling","freezing","grocery",0,0,0,"midday"
44,280,23,257,"weekend","lunch","working","hot","restaurant",0,0,0,"midday"
44,281,24,257,"weekday","beforelunch","unknown","freezing","restaurant",0,0,0,"midday"
44,283,26,257,"weekday","night","travelling","freezing","grocery",0,0,0,"night"
44,284,27,257,"weekday","morning","travelling","warm","restaurant",0,0,0,"morning"
44,285,28,257,"weekday","beforelunch","unknown","freezing","restaurant",0,0,0,"midday"
44,286,29,257,"weekday","afternoon","travelling","freezing","restaurant",1,0,0,"midday"
44,288,31,257,"weekday","lunch","travelling","cold","restaurant",0,0,0,"midday"
44,290,33,257,"weekend","lunch","travelling","freezing","restaurant",0,0,0,"midday"
44,293,36,257,"weekday","afternoon","leisure","cold","grocery",1,0,0,"midday"
44,294,37,257,"weekday","beforelunch","travelling","cold","restaurant",0,0,0,"midday"
44,295,38,257,"weekday","night","unknown","warm","grocery",1,0,0,"night"
44,297,40,257,"weekday","afternoon","travelling","freezing","restaurant",0,0,0,"midday"
44,298,41,257,"weekend","breakfast","travelling","warm","grocery",0,0,0,"morning"
44,299,42,257,"weekday","afternoon","travelling","warm","grocery",0,0,0,"midday"
44,300,43,257,"weekday","afternoon","leisure","cold","restaurant",0,0,0,"midday"
44,301,44,257,"weekend","breakfast","travelling","unknown","restaurant",1,0,0,"morning"
44,303,46,257,"weekday","afternoon","travelling","warm","grocery",1,0,0,"midday"
44,304,47,257,"weekday","morning","morningrituals","warm","grocery",0,0,0,"morning"
44,305,48,257,"weekday","beforelunch","unknown","freezing","grocery",0,0,0,"midday"
44,307,50,257,"weekday","beforelunch","unknown","unknown","grocery",0,0,0,"midday"
44,309,52,257,"weekday","lunch","travelling","warm","restaurant",0,0,0,"midday"
44,310,53,257,"weekday","morning","travelling","unknown","restaurant",0,0,0,"morning"
44,313,56,257,"weekend","afternoon","unknown","warm","restaurant",1,0,0,"midday"
44,314,57,257,"weekday","beforelunch","leisure","cold","grocery",1,1,0,"midday"
44,315,58,257,"weekday","latenight","travelling","warm","restaurant",0,1,0,"night"
44,316,59,257,"weekday","lunch","leisure","warm","grocery",0,1,0,"midday"
44,317,60,257,"weekday","afternoon","travelling","cold","restaurant",0,1,0,"midday"
44,318,61,257,"weekday","breakfast","travelling","unknown","grocery",0,1,0,"morning"
44,319,62,257,"weekday","breakfast","travelling","unknown","restaurant",1,1,0,"morning"
44,321,64,257,"weekday","afternoon","unknown","warm","restaurant",0,1,0,"midday"
44,322,65,257,"weekday","evening","morningrituals","cold","restaurant",0,1,0,"night"
44,323,66,257,"weekend","beforelunch","travelling","cold","grocery",1,1,0,"midday"
44,325,68,257,"weekday","afternoon","travelling","cold","grocery",0,1,0,"midday"
44,326,69,257,"weekday","beforelunch","travelling","unknown","grocery",0,1,0,"midday"
44,327,70,257,"weekday","afternoon","travelling","freezing","restaurant",0,1,0,"midday"
44,328,71,257,"weekday","lunch","travelling","warm","grocery",0,1,0,"midday"
44,330,73,257,"weekend","lunch","unknown","cold","restaurant",0,1,0,"midday"
44,333,76,257,"weekday","lunch","travelling","unknown","restaurant",0,1,0,"midday"
44,335,78,257,"weekday","afternoon","travelling","freezing","grocery",1,1,0,"midday"
44,336,79,257,"unknown","breakfast","travelling","warm","restaurant",0,1,0,"morning"
44,339,82,257,"weekday","lunch","travelling","freezing","grocery",1,1,0,"midday"
44,340,83,257,"weekday","morning","shopping","unknown","grocery",1,1,0,"morning"
44,341,84,257,"weekday","morning","travelling","cold","grocery",1,1,0,"morning"
44,342,85,257,"weekday","afternoon","travelling","cold","grocery",0,1,0,"midday"
44,343,86,257,"weekday","beforelunch","travelling","freezing","grocery",1,1,0,"midday"
44,345,88,257,"weekend","latenight","travelling","unknown","grocery",1,1,0,"night"
44,346,89,257,"weekend","beforelunch","unknown","unknown","grocery",0,1,0,"midday"
44,347,90,257,"weekday","morning","unknown","cold","restaurant",0,1,0,"morning"
44,348,91,257,"weekday","breakfast","leisure","hot","grocery",0,1,0,"morning"
44,349,92,257,"weekday","lunch","unknown","unknown","grocery",0,1,0,"midday"
44,350,93,257,"weekday","afternoon","travelling","unknown","restaurant",1,1,0,"midday"
44,351,94,257,"weekday","lunch","travelling","unknown","grocery",0,1,0,"midday"
44,352,95,257,"weekday","lunch","unknown","warm","grocery",0,1,0,"midday"
44,354,97,257,"weekday","lunch","travelling","freezing","grocery",0,1,0,"midday"
44,356,99,257,"weekend","earlymorning","leisure","freezing","restaurant",0,1,0,"morning"
44,357,100,257,"weekday","afternoon","shopping","cold","grocery",0,1,0,"midday"
44,361,104,257,"weekday","morning","shopping","freezing","grocery",0,1,0,"morning"
44,364,107,257,"weekday","earlymorning","working","cold","grocery",0,1,0,"morning"
44,365,108,257,"weekday","afternoon","travelling","cold","restaurant",0,1,0,"midday"
44,367,110,257,"weekend","dinner","leisure","freezing","grocery",0,1,0,"night"
44,368,111,257,"weekday","breakfast","travelling","unknown","grocery",1,1,0,"morning"
44,369,112,257,"weekday","breakfast","working","hot","restaurant",0,1,0,"morning"
44,370,113,257,"weekday","afternoon","travelling","unknown","restaurant",1,1,1,"midday"
44,371,114,257,"weekend","beforelunch","leisure","freezing","grocery",0,1,1,"midday"
44,372,115,257,"weekday","evening","travelling","warm","grocery",0,1,1,"night"
44,373,116,257,"weekday","afternoon","leisure","freezing","grocery",0,1,1,"midday"
44,375,118,257,"weekday","afternoon","travelling","warm","grocery",1,1,1,"midday"
44,376,119,257,"weekday","morning","travelling","warm","restaurant",0,1,1,"morning"
44,377,120,257,"weekend","afternoon","travelling","freezing","grocery",0,1,1,"midday"
44,378,121,257,"weekday","lunch","working","freezing","restaurant",0,1,1,"midday"
44,379,122,257,"weekend","afternoon","travelling","cold","grocery",1,1,1,"midday"
44,380,123,257,"weekday","afternoon","unknown","cold","restaurant",1,1,1,"midday"
44,382,125,257,"weekend","afternoon","travelling","unknown","restaurant",0,1,1,"midday"
44,384,127,257,"weekend","beforelunch","shopping","warm","restaurant",1,1,1,"midday"
44,385,128,257,"weekday","beforelunch","working","cold","restaurant",0,1,1,"midday"
44,388,131,257,"weekend","breakfast","travelling","cold","grocery",1,1,1,"morning"
44,389,132,257,"weekend","morning","travelling","warm","grocery",0,1,1,"morning"
44,392,135,257,"weekend","lunch","travelling","freezing","restaurant",0,1,1,"midday"
44,393,136,257,"weekday","unknown","travelling","freezing","restaurant",1,1,1,"unknown"
44,394,137,257,"weekday","afternoon","travelling","freezing","restaurant",1,1,1,"midday"
44,396,139,257,"weekday","dinner","unknown","unknown","grocery",1,1,1,"night"
44,398,141,257,"weekday","afternoon","travelling","cold","restaurant",0,1,1,"midday"
44,400,143,257,"weekday","afternoon","shopping","unknown","grocery",1,1,1,"midday"
44,401,144,257,"weekday","afternoon","travelling","cold","grocery",1,1,1,"midday"
44,403,146,257,"weekday","beforelunch","travelling","unknown","grocery",0,1,1,"midday"
44,406,149,257,"weekend","lunch","travelling","unknown","restaurant",1,1,1,"midday"
44,409,152,257,"weekday","morning","leisure","unknown","restaurant",0,1,1,"morning"
44,412,155,257,"weekday","beforelunch","travelling","unknown","restaurant",0,1,1,"midday"
44,413,156,257,"weekday","afternoon","travelling","freezing","restaurant",0,1,1,"midday"
44,414,157,257,"weekend","afternoon","unknown","freezing","restaurant",1,1,1,"midday"
44,415,158,257,"weekday","lunch","unknown","warm","grocery",1,1,1,"midday"
44,416,159,257,"weekday","beforelunch","morningrituals","freezing","grocery",1,1,1,"midday"
44,417,160,257,"weekday","beforelunch","travelling","cold","restaurant",1,1,1,"midday"
44,419,162,257,"weekday","lunch","travelling","unknown","grocery",1,1,1,"midday"
44,420,163,257,"unknown","lunch","travelling","warm","restaurant",0,1,1,"midday"
44,421,164,257,"weekday","lunch","shopping","cold","restaurant",1,1,1,"midday"
44,422,165,257,"weekday","lunch","travelling","cold","grocery",0,1,1,"midday"
44,423,166,257,"weekday","afternoon","leisure","unknown","restaurant",0,1,1,"midday"
44,427,170,257,"weekday","afternoon","morningrituals","hot","grocery",0,1,1,"midday"
44,429,172,257,"weekday","lunch","working","hot","restaurant",1,1,1,"midday"
44,430,173,257,"weekend","beforelunch","leisure","unknown","restaurant",0,1,1,"midday"
44,431,174,257,"weekday","afternoon","travelling","warm","restaurant",0,1,1,"midday"
44,432,175,257,"weekday","lunch","travelling","cold","grocery",0,1,1,"midday"
44,433,176,257,"unknown","breakfast","travelling","hot","grocery",1,1,1,"morning"
44,434,177,257,"weekday","beforelunch","travelling","cold","restaurant",1,1,1,"midday"
44,435,178,257,"weekday","lunch","travelling","cold","restaurant",0,1,1,"midday"
44,438,181,257,"weekday","lunch","travelling","warm","grocery",0,1,1,"midday"
44,440,183,257,"weekday","beforelunch","unknown","freezing","grocery",0,1,1,"midday"
45,273,6,267,"weekend","lunch","travelling","freezing","restaurant",0,0,0,"midday"
45,276,9,267,"weekend","unknown","travelling","freezing","restaurant",0,0,0,"unknown"
45,278,11,267,"weekend","afternoon","leisure","freezing","restaurant",0,0,0,"midday"
45,287,20,267,"weekday","beforelunch","travelling","unknown","grocery",0,0,0,"midday"
45,294,27,267,"weekend","afternoon","shopping","unknown","restaurant",1,0,0,"midday"
45,308,41,267,"weekday","afternoon","travelling","freezing","restaurant",0,0,0,"midday"
45,332,65,267,"weekday","afternoon","travelling","cold","grocery",0,1,0,"midday"
45,334,67,267,"weekday","lunch","travelling","cold","restaurant",1,1,0,"midday"
45,335,68,267,"weekday","beforelunch","unknown","hot","grocery",0,1,0,"midday"
45,339,72,267,"weekday","lunch","leisure","freezing","grocery",0,1,0,"midday"
45,343,76,267,"weekend","breakfast","shopping","hot","restaurant",0,1,0,"morning"
45,346,79,267,"weekday","breakfast","travelling","hot","grocery",0,1,0,"morning"
45,349,82,267,"unknown","earlymorning","unknown","unknown","restaurant",1,1,0,"morning"
45,355,88,267,"weekend","breakfast","travelling","freezing","grocery",0,1,0,"morning"
45,357,90,267,"weekday","lunch","travelling","freezing","grocery",0,1,0,"midday"
45,359,92,267,"weekday","lunch","unknown","unknown","restaurant",0,1,0,"midday"
45,367,100,267,"weekday","beforelunch","working","warm","restaurant",1,1,0,"midday"
45,371,104,267,"weekday","lunch","travelling","cold","grocery",0,1,0,"midday"
45,378,111,267,"weekday","latenight","working","warm","grocery",0,1,0,"night"
45,394,127,267,"weekday","lunch","working","unknown","restaurant",0,1,1,"midday"
45,397,130,267,"weekday","lunch","working","unknown","grocery",0,1,1,"midday"
45,400,133,267,"weekday","earlymorning","shopping","warm","restaurant",1,1,1,"morning"
45,413,146,267,"weekday","afternoon","travelling","freezing","grocery",0,1,1,"midday"
45,432,165,267,"weekend","lunch","morningrituals","freezing","grocery",0,1,1,"midday"
45,438,171,267,"weekday","afternoon","travelling","cold","restaurant",1,1,1,"midday"
45,440,173,267,"weekday","beforelunch","travelling","unknown","restaurant",1,1,1,"midday"
45,447,180,267,"weekday","afternoon","working","cold","grocery",0,1,1,"midday"
45,448,181,267,"weekday","morning","unknown","freezing","grocery",0,1,1,"morning"
45,449,182,267,"weekday","breakfast","travelling","cold","restaurant",0,1,1,"morning"
46,278,3,275,"weekday","evening","travelling","freezing","grocery",0,0,0,"night"
46,279,4,275,"weekday","beforelunch","leisure","freezing","restaurant",0,0,0,"midday"
46,280,5,275,"weekday","beforelunch","travelling","unknown","grocery",0,0,0,"midday"
46,285,10,275,"weekday","breakfast","shopping","unknown","grocery",1,0,0,"morning"
46,286,11,275,"weekday","afternoon","unknown","warm","restaurant",0,0,0,"midday"
46,288,13,275,"weekday","beforelunch","shopping","warm","restaurant",1,0,0,"midday"
46,290,15,275,"weekday","beforelunch","shopping","unknown","grocery",0,0,0,"midday"
46,291,16,275,"weekday","afternoon","morningrituals","warm","grocery",1,0,0,"midday"
46,292,17,275,"weekday","beforelunch","travelling","cold","restaurant",1,0,0,"midday"
46,293,18,275,"weekend","dinner","travelling","cold","grocery",0,0,0,"night"
46,294,19,275,"weekday","unknown","unknown","freezing","restaurant",1,0,0,"unknown"
46,295,20,275,"weekday","beforelunch","unknown","cold","restaurant",0,0,0,"midday"
46,298,23,275,"weekend","beforelunch","leisure","unknown","grocery",0,0,0,"midday"
46,299,24,275,"weekend","afternoon","travelling","warm","restaurant",0,0,0,"midday"
46,301,26,275,"weekday","morning","working","freezing","restaurant",1,0,0,"morning"
46,302,27,275,"weekday","beforelunch","unknown","hot","restaurant",0,0,0,"midday"
46,303,28,275,"weekday","afternoon","travelling","unknown","restaurant",1,0,0,"midday"
46,305,30,275,"weekend","beforelunch","travelling","cold","grocery",0,0,0,"midday"
46,306,31,275,"weekday","afternoon","morningrituals","warm","grocery",1,0,0,"midday"
46,309,34,275,"weekday","breakfast","unknown","unknown","grocery",0,0,0,"morning"
46,310,35,275,"weekday","breakfast","travelling","unknown","grocery",0,0,0,"morning"
46,312,37,275,"weekday","afternoon","leisure","freezing","restaurant",0,0,0,"midday"
46,313,38,275,"weekday","lunch","travelling","cold","grocery",0,0,0,"midday"
46,314,39,275,"weekend","lunch","travelling","freezing","grocery",0,0,0,"midday"
46,315,40,275,"weekend","afternoon","travelling","freezing","grocery",0,0,0,"midday"
46,316,41,275,"weekday","afternoon","travelling","unknown","restaurant",0,0,0,"midday"
46,317,42,275,"weekday","afternoon","travelling","freezing","grocery",1,0,0,"midday"
46,318,43,275,"weekday","beforelunch","unknown","warm","restaurant",1,0,0,"midday"
46,319,44,275,"weekend","beforelunch","working","freezing","grocery",0,0,0,"midday"
46,322,47,275,"weekend","breakfast","working","warm","grocery",0,0,0,"morning"
46,323,48,275,"weekday","earlymorning","leisure","warm","restaurant",0,0,0,"morning"
46,324,49,275,"weekday","dinner","travelling","cold","grocery",0,0,0,"night"
46,325,50,275,"weekday","lunch","travelling","cold","restaurant",0,0,0,"midday"
46,326,51,275,"weekend","afternoon","working","warm","restaurant",0,0,0,"midday"
46,328,53,275,"weekday","breakfast","travelling","cold","restaurant",1,0,0,"morning"
46,329,54,275,"weekday","beforelunch","shopping","hot","restaurant",1,0,0,"midday"
46,330,55,275,"weekday","breakfast","travelling","cold","restaurant",0,0,0,"morning"
46,331,56,275,"weekend","breakfast","travelling","cold","grocery",0,0,0,"morning"
46,332,57,275,"weekday","lunch","travelling","freezing","restaurant",0,1,0,"midday"
46,333,58,275,"weekday","breakfast","unknown","unknown","grocery",1,1,0,"morning"
46,334,59,275,"unknown","beforelunch","travelling","cold","grocery",0,1,0,"midday"
46,335,60,275,"weekday","beforelunch","shopping","freezing","grocery",0,1,0,"midday"
46,336,61,275,"weekend","lunch","shopping","freezing","restaurant",0,1,0,"midday"
46,337,62,275,"weekend","afternoon","working","cold","restaurant",0,1,0,"midday"
46,338,63,275,"weekday","lunch","travelling","unknown","grocery",0,1,0,"midday"
46,339,64,275,"weekday","lunch","unknown","cold","restaurant",0,1,0,"midday"
46,340,65,275,"weekend","lunch","travelling","hot","restaurant",0,1,0,"midday"
46,341,66,275,"weekday","afternoon","working","hot","restaurant",0,1,0,"midday"
46,342,67,275,"weekday","afternoon","travelling","warm","grocery",0,1,0,"midday"
46,344,69,275,"weekday","lunch","travelling","unknown","grocery",1,1,0,"midday"
46,345,70,275,"weekday","afternoon","working","cold","grocery",0,1,0,"midday"
46,346,71,275,"weekend","night","unknown","warm","grocery",1,1,0,"night"
46,347,72,275,"weekday","beforelunch","leisure","unknown","restaurant",1,1,0,"midday"
46,348,73,275,"weekday","beforelunch","travelling","cold","grocery",1,1,0,"midday"
46,349,74,275,"weekend","afternoon","travelling","cold","restaurant",0,1,0,"midday"
46,350,75,275,"weekday","breakfast","housework","warm","grocery",0,1,0,"morning"
46,351,76,275,"weekend","morning","leisure","cold","restaurant",1,1,0,"morning"
46,352,77,275,"weekday","afternoon","unknown","unknown","grocery",0,1,0,"midday"
46,354,79,275,"weekend","lunch","travelling","hot","restaurant",1,1,0,"midday"
46,355,80,275,"weekday","beforelunch","unknown","cold","grocery",0,1,0,"midday"
46,356,81,275,"weekday","beforelunch","travelling","unknown","grocery",1,1,0,"midday"
46,359,84,275,"weekday","breakfast","travelling","freezing","restaurant",0,1,0,"morning"
46,360,85,275,"weekday","lunch","leisure","freezing","restaurant",1,1,0,"midday"
46,361,86,275,"weekday","unknown","travelling","cold","restaurant",1,1,0,"unknown"
46,364,89,275,"weekend","afternoon","shopping","freezing","restaurant",1,1,0,"midday"
46,366,91,275,"weekday","dinner","travelling","warm","grocery",0,1,0,"night"
46,367,92,275,"weekend","afternoon","working","warm","grocery",1,1,0,"midday"
46,368,93,275,"weekend","afternoon","travelling","cold","restaurant",1,1,0,"midday"
46,369,94,275,"weekend","morning","morningrituals","freezing","restaurant",0,1,0,"morning"
46,371,96,275,"weekday","lunch","unknown","cold","restaurant",0,1,0,"midday"
46,372,97,275,"weekend","lunch","travelling","freezing","grocery",1,1,0,"midday"
46,373,98,275,"weekend","afternoon","travelling","warm","restaurant",1,1,0,"midday"
46,375,100,275,"weekday","beforelunch","travelling","cold","grocery",1,1,0,"midday"
46,377,102,275,"weekend","lunch","unknown","freezing","restaurant",0,1,0,"midday"
46,378,103,275,"weekday","afternoon","travelling","cold","restaurant",0,1,0,"midday"
46,380,105,275,"weekday","breakfast","travelling","unknown","restaurant",0,1,0,"morning"
46,381,106,275,"weekday","beforelunch","travelling","unknown","restaurant",1,1,0,"midday"
46,383,108,275,"weekend","beforelunch","shopping","freezing","grocery",1,1,0,"midday"
46,386,111,275,"weekend","afternoon","travelling","hot","restaurant",0,1,0,"midday"
46,388,113,275,"weekday","afternoon","travelling","unknown","restaurant",0,1,1,"midday"
46,389,114,275,"weekend","morning","workingout","unknown","restaurant",1,1,1,"morning"
46,390,115,275,"weekend","afternoon","travelling","unknown","grocery",0,1,1,"midday"
46,391,116,275,"weekday","beforelunch","travelling","cold","grocery",0,1,1,"midday"
46,392,117,275,"weekend","lunch","unknown","unknown","grocery",0,1,1,"midday"
46,393,118,275,"weekday","afternoon","working","hot","grocery",0,1,1,"midday"
46,395,120,275,"weekday","unknown","leisure","freezing","grocery",0,1,1,"unknown"
46,396,121,275,"weekday","breakfast","travelling","warm","restaurant",1,1,1,"morning"
46,398,123,275,"weekday","beforelunch","leisure","cold","restaurant",0,1,1,"midday"
46,399,124,275,"unknown","afternoon","shopping","unknown","grocery",0,1,1,"midday"
46,400,125,275,"weekday","morning","travelling","warm","grocery",0,1,1,"morning"
46,401,126,275,"weekday","afternoon","unknown","warm","grocery",0,1,1,"midday"
46,402,127,275,"weekday","afternoon","unknown","cold","grocery",0,1,1,"midday"
46,403,128,275,"weekday","beforelunch","travelling","unknown","restaurant",0,1,1,"midday"
46,404,129,275,"weekend","dinner","leisure","cold","restaurant",0,1,1,"night"
46,405,130,275,"weekday","afternoon","travelling","cold","grocery",0,1,1,"midday"
46,406,131,275,"weekend","earlymorning","travelling","cold","grocery",0,1,1,"morning"
46,408,133,275,"weekday","lunch","unknown","cold","restaurant",0,1,1,"midday"
46,409,134,275,"weekday","breakfast","travelling","freezing","restaurant",0,1,1,"morning"
46,410,135,275,"weekday","afternoon","travelling","unknown","restaurant",1,1,1,"midday"
46,411,136,275,"weekday","afternoon","travelling","hot","grocery",1,1,1,"midday"
46,412,137,275,"weekend","beforelunch","leisure","freezing","restaurant",1,1,1,"midday"
46,413,138,275,"weekday","breakfast","travelling","freezing","restaurant",0,1,1,"morning"
46,415,140,275,"weekday","afternoon","travelling","freezing","restaurant",1,1,1,"midday"
46,416,141,275,"weekday","beforelunch","travelling","freezing","grocery",1,1,1,"midday"
46,417,142,275,"weekday","lunch","travelling","cold","grocery",0,1,1,"midday"
46,418,143,275,"weekday","beforelunch","morningrituals","cold","restaurant",0,1,1,"midday"
46,419,144,275,"weekday","morning","travelling","warm","restaurant",0,1,1,"morning"
46,420,145,275,"weekend","beforelunch","shopping","hot","restaurant",0,1,1,"midday"
46,421,146,275,"weekend","lunch","travelling","cold","grocery",0,1,1,"midday"
46,423,148,275,"weekday","lunch","working","hot","grocery",0,1,1,"midday"
46,424,149,275,"weekday","lunch","unknown","freezing","grocery",0,1,1,"midday"
46,425,150,275,"weekend","afternoon","travelling","freezing","restaurant",0,1,1,"midday"
46,426,151,275,"weekend","breakfast","travelling","cold","grocery",0,1,1,"morning"
46,428,153,275,"weekday","beforelunch","morningrituals","cold","restaurant",0,1,1,"midday"
46,429,154,275,"unknown","breakfast","travelling","freezing","grocery",0,1,1,"morning"
46,430,155,275,"weekend","night","shopping","warm","grocery",0,1,1,"night"
46,431,156,275,"weekday","breakfast","leisure","unknown","grocery",1,1,1,"morning"
46,432,157,275,"weekday","afternoon","unknown","cold","grocery",0,1,1,"midday"
46,433,158,275,"weekday","dinner","unknown","unknown","restaurant",0,1,1,"night"
46,434,159,275,"weekday","breakfast","unknown","cold","grocery",0,1,1,"morning"
46,435,160,275,"weekday","lunch","travelling","freezing","grocery",0,1,1,"midday"
46,436,161,275,"weekday","afternoon","travelling","unknown","grocery",0,1,1,"midday"
46,437,162,275,"weekend","afternoon","travelling","cold","restaurant",0,1,1,"midday"
46,438,163,275,"weekday","beforelunch","morningrituals","cold","grocery",0,1,1,"midday"
46,440,165,275,"weekday","afternoon","morningrituals","cold","restaurant",0,1,1,"midday"
46,441,166,275,"weekend","lunch","travelling","unknown","restaurant",0,1,1,"midday"
46,442,167,275,"weekday","morning","travelling","hot","grocery",1,1,1,"morning"
46,443,168,275,"weekday","lunch","travelling","freezing","restaurant",1,1,1,"midday"
46,444,169,275,"weekend","afternoon","unknown","freezing","restaurant",0,1,1,"midday"
46,446,171,275,"weekday","beforelunch","travelling","hot","grocery",1,1,1,"midday"
46,447,172,275,"weekday","afternoon","travelling","hot","restaurant",1,1,1,"midday"
46,449,174,275,"weekend","beforelunch","working","warm","restaurant",0,1,1,"midday"
46,450,175,275,"weekday","beforelunch","shopping","unknown","grocery",0,1,1,"midday"
46,451,176,275,"weekday","beforelunch","working","cold","grocery",1,1,1,"midday"
46,453,178,275,"weekend","earlymorning","travelling","freezing","restaurant",1,1,1,"morning"
46,455,180,275,"weekend","morning","travelling","cold","restaurant",1,1,1,"morning"
46,456,181,275,"weekend","dinner","travelling","freezing","grocery",1,1,1,"night"
46,458,183,275,"weekday","latenight","leisure","unknown","grocery",0,1,1,"night"
47,283,7,276,"weekday","dinner","travelling","unknown","grocery",0,0,0,"night"
47,299,23,276,"weekday","lunch","travelling","unknown","grocery",0,0,0,"midday"
47,311,35,276,"weekday","breakfast","unknown","cold","grocery",0,0,0,"morning"
47,330,54,276,"weekend","afternoon","travelling","freezing","restaurant",0,0,0,"midday"
47,360,84,276,"weekend","dinner","shopping","cold","grocery",0,1,0,"night"
47,361,85,276,"weekday","beforelunch","travelling","warm","restaurant",0,1,0,"midday"
47,371,95,276,"weekend","afternoon","travelling","unknown","grocery",0,1,0,"midday"
47,400,124,276,"weekday","afternoon","travelling","freezing","restaurant",0,1,1,"midday"
47,402,126,276,"weekend","afternoon","unknown","cold","restaurant",0,1,1,"midday"
47,458,182,276,"weekday","beforelunch","leisure","cold","grocery",0,1,1,"midday"
48,292,8,284,"weekday","lunch","travelling","unknown","restaurant",0,0,0,"midday"
48,296,12,284,"weekday","breakfast","unknown","freezing","grocery",1,0,0,"morning"
48,301,17,284,"weekday","earlymorning","working","cold","restaurant",0,0,0,"morning"
48,323,39,284,"weekend","afternoon","travelling","cold","grocery",1,0,0,"midday"
48,336,52,284,"weekday","morning","unknown","freezing","restaurant",0,0,0,"morning"
48,337,53,284,"weekday","lunch","travelling","cold","restaurant",0,0,0,"midday"
48,354,70,284,"weekday","beforelunch","travelling","cold","grocery",0,1,0,"midday"
48,368,84,284,"weekend","beforelunch","working","warm","restaurant",1,1,0,"midday"
48,369,85,284,"weekday","morning","shopping","cold","grocery",1,1,0,"morning"
48,371,87,284,"weekday","afternoon","working","warm","restaurant",1,1,0,"midday"
48,373,89,284,"weekday","afternoon","travelling","freezing","grocery",0,1,0,"midday"
48,376,92,284,"weekend","beforelunch","unknown","cold","grocery",1,1,0,"midday"
48,387,103,284,"weekday","afternoon","travelling","cold","restaurant",0,1,0,"midday"
48,396,112,284,"weekday","unknown","travelling","freezing","grocery",0,1,0,"unknown"
48,402,118,284,"weekday","breakfast","working","freezing","restaurant",0,1,1,"morning"
48,405,121,284,"weekday","evening","travelling","hot","restaurant",1,1,1,"night"
48,408,124,284,"weekday","lunch","shopping","hot","grocery",1,1,1,"midday"
48,410,126,284,"weekday","afternoon","travelling","cold","grocery",1,1,1,"midday"
48,426,142,284,"weekend","dinner","travelling","unknown","restaurant",0,1,1,"night"
48,428,144,284,"weekday","beforelunch","travelling","freezing","grocery",0,1,1,"midday"
48,437,153,284,"weekday","afternoon","working","unknown","restaurant",0,1,1,"midday"
48,446,162,284,"weekday","evening","leisure","freezing","grocery",0,1,1,"night"
48,457,173,284,"weekday","afternoon","travelling","hot","grocery",1,1,1,"midday"
48,458,174,284,"weekday","afternoon","travelling","freezing","grocery",1,1,1,"midday"
48,463,179,284,"weekend","unknown","travelling","cold","grocery",0,1,1,"unknown"
49,289,4,285,"weekday","lunch","travelling","unknown","grocery",0,0,0,"midday"
49,294,9,285,"weekend","afternoon","travelling","unknown","grocery",1,0,0,"midday"
49,297,12,285,"weekday","afternoon","travelling","warm","restaurant",0,0,0,"midday"
49,298,13,285,"weekday","lunch","travelling","cold","grocery",0,0,0,"midday"
49,306,21,285,"weekday","afternoon","unknown","freezing","grocery",0,0,0,"midday"
49,319,34,285,"weekend","lunch","social","warm","grocery",0,0,0,"midday"
49,325,40,285,"weekday","lunch","shopping","cold","grocery",1,0,0,"midday"
49,326,41,285,"weekday","lunch","travelling","cold","restaurant",1,0,0,"midday"
49,327,42,285,"weekend","afternoon","shopping","freezing","grocery",0,0,0,"midday"
49,329,44,285,"weekday","morning","travelling","unknown","grocery",0,0,0,"morning"
49,330,45,285,"weekday","beforelunch","leisure","cold","restaurant",1,0,0,"midday"
49,331,46,285,"weekday","breakfast","leisure","cold","grocery",0,0,0,"morning"
49,336,51,285,"weekend","lunch","travelling","cold","restaurant",1,0,0,"midday"
49,358,73,285,"weekday","lunch","travelling","warm","grocery",0,1,0,"midday"
49,360,75,285,"weekend","breakfast","travelling","cold","restaurant",0,1,0,"morning"
49,362,77,285,"weekday","lunch","unknown","freezing","restaurant",0,1,0,"midday"
49,380,95,285,"weekday","lunch","travelling","cold","grocery",1,1,0,"midday"
49,384,99,285,"weekday","lunch","unknown","unknown","restaurant",0,1,0,"midday"
49,388,103,285,"weekday","beforelunch","travelling","warm","grocery",0,1,0,"midday"
49,389,104,285,"weekday","afternoon","travelling","cold","restaurant",0,1,0,"midday"
49,392,107,285,"weekday","evening","travelling","hot","grocery",1,1,0,"night"
49,404,119,285,"unknown","unknown","unknown","unknown","grocery",0,1,1,"unknown"
49,405,120,285,"weekday","lunch","leisure","unknown","grocery",0,1,1,"midday"
49,409,124,285,"weekday","afternoon","travelling","warm","grocery",0,1,1,"midday"
49,413,128,285,"weekday","beforelunch","travelling","cold","restaurant",0,1,1,"midday"
49,416,131,285,"weekday","beforelunch","travelling","unknown","grocery",0,1,1,"midday"
49,423,138,285,"weekday","breakfast","travelling","cold","grocery",0,1,1,"morning"
49,435,150,285,"weekday","beforelunch","travelling","cold","restaurant",0,1,1,"midday"
49,440,155,285,"weekday","night","working","cold","grocery",0,1,1,"night"
49,442,157,285,"weekday","breakfast","unknown","warm","grocery",0,1,1,"morning"
49,443,158,285,"weekday","lunch","leisure","cold","grocery",1,1,1,"midday"
49,445,160,285,"weekday","afternoon","unknown","unknown","restaurant",0,1,1,"midday"
49,448,163,285,"weekday","breakfast","unknown","warm","restaurant",0,1,1,"morning"
49,450,165,285,"weekday","afternoon","unknown","freezing","restaurant",1,1,1,"midday"
49,462,177,285,"weekday","lunch","working","cold","restaurant",0,1,1,"midday"
49,467,182,285,"weekday","beforelunch","leisure","freezing","restaurant",1,1,1,"midday"
49,468,183,285,"weekday","unknown","travelling","cold","grocery",0,1,1,"unknown"
50,291,0,291,"weekday","lunch","morningrituals","freezing","restaurant",0,0,0,"midday"
50,292,1,291,"weekend","afternoon","unknown","cold","restaurant",0,0,0,"midday"
50,293,2,291,"weekend","evening","travelling","unknown","grocery",0,0,0,"night"
50,295,4,291,"weekday","afternoon","travelling","cold","grocery",1,0,0,"midday"
50,297,6,291,"weekday","afternoon","unknown","warm","grocery",0,0,0,"midday"
50,298,7,291,"weekday","lunch","travelling","freezing","grocery",0,0,0,"midday"
50,299,8,291,"weekday","morning","travelling","warm","grocery",1,0,0,"morning"
50,302,11,291,"weekday","breakfast","travelling","cold","restaurant",0,0,0,"morning"
50,303,12,291,"weekday","lunch","travelling","freezing","grocery",0,0,0,"midday"
50,306,15,291,"weekday","afternoon","working","freezing","grocery",0,0,0,"midday"
50,307,16,291,"weekday","afternoon","travelling","cold","restaurant",0,0,0,"midday"
50,308,17,291,"weekend","breakfast","travelling","cold","grocery",0,0,0,"morning"
50,311,20,291,"weekend","beforelunch","travelling","freezing","grocery",1,0,0,"midday"
50,312,21,291,"weekday","breakfast","working","unknown","grocery",0,0,0,"morning"
50,314,23,291,"weekday","lunch","unknown","cold","grocery",0,0,0,"midday"
50,315,24,291,"weekend","lunch","travelling","warm","grocery",1,0,0,"midday"
50,317,26,291,"weekday","afternoon","travelling","freezing","grocery",0,0,0,"midday"
50,319,28,291,"weekday","breakfast","travelling","warm","restaurant",1,0,0,"morning"
50,320,29,291,"weekday","lunch","travelling","cold","grocery",0,0,0,"midday"
50,321,30,291,"weekday","earlymorning","travelling","hot","grocery",0,0,0,"morning"
50,322,31,291,"weekday","afternoon","working","cold","grocery",1,0,0,"midday"
50,324,33,291,"weekday","morning","shopping","freezing","restaurant",1,0,0,"morning"
50,325,34,291,"weekday","morning","travelling","cold","grocery",0,0,0,"morning"
50,328,37,291,"weekday","lunch","travelling","cold","restaurant",1,0,0,"midday"
50,329,38,291,"weekday","beforelunch","shopping","freezing","grocery",1,0,0,"midday"
50,331,40,291,"weekend","afternoon","unknown","unknown","grocery",0,0,0,"midday"
50,332,41,291,"weekday","beforelunch","unknown","cold","restaurant",1,0,0,"midday"
50,333,42,291,"weekend","beforelunch","unknown","cold","restaurant",0,0,0,"midday"
50,334,43,291,"weekday","breakfast","travelling","warm","grocery",0,0,0,"morning"
50,335,44,291,"weekday","afternoon","shopping","warm","restaurant",0,0,0,"midday"
50,342,51,291,"weekday","dinner","travelling","unknown","restaurant",0,0,0,"night"
50,343,52,291,"weekday","afternoon","travelling","unknown","grocery",0,0,0,"midday"
50,344,53,291,"weekday","lunch","leisure","freezing","restaurant",0,0,0,"midday"
50,345,54,291,"weekend","beforelunch","working","hot","grocery",1,0,0,"midday"
50,346,55,291,"weekday","afternoon","travelling","warm","grocery",1,0,0,"midday"
50,347,56,291,"weekday","afternoon","travelling","unknown","restaurant",0,0,0,"midday"
50,348,57,291,"weekend","lunch","leisure","warm","restaurant",0,1,0,"midday"
50,349,58,291,"weekend","beforelunch","unknown","cold","restaurant",0,1,0,"midday"
50,351,60,291,"weekday","morning","travelling","freezing","grocery",1,1,0,"morning"
50,352,61,291,"weekday","breakfast","shopping","freezing","grocery",0,1,0,"morning"
50,353,62,291,"weekday","lunch","working","unknown","grocery",1,1,0,"midday"
50,354,63,291,"weekend","afternoon","shopping","unknown","restaurant",0,1,0,"midday"
50,358,67,291,"weekday","lunch","shopping","warm","grocery",1,1,0,"midday"
50,359,68,291,"weekday","breakfast","travelling","cold","restaurant",1,1,0,"morning"
50,362,71,291,"weekend","unknown","shopping","hot","restaurant",0,1,0,"unknown"
50,364,73,291,"weekday","afternoon","travelling","unknown","grocery",0,1,0,"midday"
50,365,74,291,"weekday","breakfast","travelling","cold","grocery",0,1,0,"morning"
50,367,76,291,"weekday","afternoon","social","hot","grocery",0,1,0,"midday"
50,369,78,291,"weekday","afternoon","travelling","unknown","grocery",0,1,0,"midday"
50,371,80,291,"weekday","lunch","working","unknown","grocery",0,1,0,"midday"
50,372,81,291,"weekday","afternoon","unknown","warm","restaurant",0,1,0,"midday"
50,373,82,291,"weekday","earlymorning","travelling","unknown","grocery",0,1,0,"morning"
50,374,83,291,"weekday","afternoon","unknown","freezing","grocery",1,1,0,"midday"
50,375,84,291,"weekday","breakfast","travelling","cold","grocery",1,1,0,"morning"
50,377,86,291,"weekend","breakfast","travelling","cold","grocery",0,1,0,"morning"
50,378,87,291,"weekday","dinner","travelling","unknown","restaurant",1,1,0,"night"
50,380,89,291,"weekday","night","morningrituals","cold","restaurant",0,1,0,"night"
50,381,90,291,"weekday","breakfast","travelling","unknown","grocery",1,1,0,"morning"
50,384,93,291,"weekday","morning","travelling","cold","restaurant",0,1,0,"morning"
50,386,95,291,"weekday","lunch","travelling","cold","restaurant",1,1,0,"midday"
50,387,96,291,"weekend","afternoon","unknown","freezing","grocery",0,1,0,"midday"
50,389,98,291,"weekday","afternoon","shopping","cold","grocery",0,1,0,"midday"
50,390,99,291,"weekday","breakfast","travelling","cold","grocery",1,1,0,"morning"
50,391,100,291,"weekday","earlymorning","travelling","warm","restaurant",0,1,0,"morning"
50,392,101,291,"weekday","beforelunch","working","cold","grocery",0,1,0,"midday"
50,394,103,291,"weekday","beforelunch","travelling","freezing","grocery",0,1,0,"midday"
50,395,104,291,"weekday","afternoon","travelling","warm","grocery",0,1,0,"midday"
50,398,107,291,"weekday","afternoon","travelling","warm","restaurant",0,1,0,"midday"
50,400,109,291,"unknown","lunch","shopping","freezing","restaurant",0,1,0,"midday"
50,401,110,291,"weekday","breakfast","unknown","cold","restaurant",0,1,0,"morning"
50,402,111,291,"weekday","afternoon","working","cold","restaurant",0,1,0,"midday"
50,405,114,291,"weekday","breakfast","travelling","cold","grocery",1,1,1,"morning"
50,406,115,291,"weekend","beforelunch","morningrituals","unknown","grocery",0,1,1,"midday"
50,408,117,291,"unknown","lunch","unknown","unknown","grocery",1,1,1,"midday"
50,409,118,291,"weekday","breakfast","unknown","freezing","restaurant",0,1,1,"morning"
50,410,119,291,"weekday","morning","travelling","cold","restaurant",0,1,1,"morning"
50,411,120,291,"weekend","morning","unknown","warm","restaurant",1,1,1,"morning"
50,413,122,291,"weekday","beforelunch","travelling","cold","restaurant",0,1,1,"midday"
50,414,123,291,"weekday","lunch","travelling","unknown","grocery",0,1,1,"midday"
50,415,124,291,"weekday","evening","unknown","cold","restaurant",0,1,1,"night"
50,416,125,291,"weekday","breakfast","travelling","freezing","grocery",0,1,1,"morning"
50,417,126,291,"weekend","night","travelling","freezing","grocery",0,1,1,"night"
50,418,127,291,"weekend","night","travelling","hot","restaurant",1,1,1,"night"
50,419,128,291,"weekday","beforelunch","unknown","cold","grocery",1,1,1,"midday"
50,420,129,291,"weekday","breakfast","travelling","cold","restaurant",0,1,1,"morning"
50,421,130,291,"weekday","beforelunch","travelling","unknown","restaurant",0,1,1,"midday"
50,422,131,291,"weekend","afternoon","unknown","freezing","grocery",0,1,1,"midday"
50,424,133,291,"weekday","afternoon","travelling","cold","grocery",0,1,1,"midday"
50,425,134,291,"weekday","lunch","travelling","unknown","grocery",0,1,1,"midday"
50,427,136,291,"weekday","night","travelling","cold","grocery",0,1,1,"night"
50,428,137,291,"weekday","beforelunch","working","freezing","restaurant",0,1,1,"midday"
50,429,138,291,"weekday","lunch","travelling","cold","restaurant",0,1,1,"midday"
50,430,139,291,"weekday","lunch","leisure","warm","grocery",0,1,1,"midday"
50,431,140,291,"weekday","lunch","working","cold","restaurant",0,1,1,"midday"
50,432,141,291,"weekend","afternoon","working","freezing","restaurant",1,1,1,"midday"
50,433,142,291,"weekday","afternoon","travelling","cold","restaurant",1,1,1,"midday"
50,434,143,291,"weekday","afternoon","working","freezing","grocery",1,1,1,"midday"
50,435,144,291,"weekday","lunch","shopping","warm","grocery",0,1,1,"midday"
50,437,146,291,"weekday","breakfast","morningrituals","unknown","grocery",0,1,1,"morning"
50,439,148,291,"weekday","morning","shopping","cold","restaurant",0,1,1,"morning"
50,440,149,291,"weekday","morning","travelling","unknown","restaurant",0,1,1,"morning"
50,441,150,291,"weekday","unknown","unknown","unknown","restaurant",1,1,1,"unknown"
50,442,151,291,"weekend","afternoon","travelling","cold","grocery",1,1,1,"midday"
50,443,152,291,"weekday","afternoon","working","freezing","grocery",0,1,1,"midday"
50,445,154,291,"weekday","beforelunch","working","unknown","restaurant",0,1,1,"midday"
50,450,159,291,"weekday","afternoon","travelling","cold","restaurant",1,1,1,"midday"
50,453,162,291,"weekday","breakfast","shopping","freezing","grocery",0,1,1,"morning"
50,454,163,291,"weekday","morning","shopping","freezing","restaurant",0,1,1,"morning"
50,455,164,291,"weekday","morning","travelling","hot","restaurant",1,1,1,"morning"
50,456,165,291,"weekday","morning","working","hot","restaurant",0,1,1,"morning"
50,457,166,291,"weekend","breakfast","unknown","unknown","restaurant",1,1,1,"morning"
50,458,167,291,"weekday","breakfast","travelling","unknown","grocery",0,1,1,"morning"
50,459,168,291,"weekday","afternoon","unknown","hot","restaurant",1,1,1,"midday"
50,461,170,291,"weekend","lunch","shopping","freezing","restaurant",0,1,1,"midday"
50,462,171,291,"weekday","beforelunch","travelling","cold","restaurant",1,1,1,"midday"
50,463,172,291,"weekday","morning","travelling","freezing","restaurant",1,1,1,"morning"
50,464,173,291,"weekday","beforelunch","working","warm","grocery",0,1,1,"midday"
50,465,174,291,"weekday","beforelunch","shopping","unknown","restaurant",0,1,1,"midday"
50,468,177,291,"weekday","afternoon","travelling","unknown","grocery",0,1,1,"midday"
50,470,179,291,"unknown","latenight","travelling","unknown","grocery",0,1,1,"night"
50,471,180,291,"weekday","beforelunch","travelling","cold","grocery",0,1,1,"midday"
50,472,181,291,"weekend","evening","unknown","freezing","restaurant",0,1,1,"night"
50,473,182,291,"weekday","breakfast","travelling","warm","restaurant",0,1,1,"morning"
50,474,183,291,"weekday","beforelunch","travelling","unknown","restaurant",0,1,1,"midday"
51,299,0,299,"weekday","afternoon","unknown","warm","restaurant",0,0,0,"midday"
51,301,2,299,"weekday","afternoon","leisure","freezing","restaurant",0,0,0,"midday"
51,304,5,299,"weekday","beforelunch","leisure","cold","restaurant",0,0,0,"midday"
51,305,6,299,"weekday","dinner","leisure","warm","restaurant",1,0,0,"night"
51,307,8,299,"weekend","unknown","travelling","hot","restaurant",1,0,0,"unknown"
51,309,10,299,"weekend","dinner","shopping","cold","grocery",0,0,0,"night"
51,313,14,299,"weekday","beforelunch","leisure","cold","grocery",0,0,0,"midday"
51,315,16,299,"weekday","lunch","travelling","cold","grocery",0,0,0,"midday"
51,317,18,299,"weekday","lunch","travelling","hot","grocery",0,0,0,"midday"
51,322,23,299,"weekday","morning","leisure","freezing","grocery",0,0,0,"morning"
51,323,24,299,"weekday","lunch","unknown","warm","grocery",1,0,0,"midday"
51,332,33,299,"weekday","morning","working","cold","grocery",0,0,0,"morning"
51,339,40,299,"weekday","afternoon","leisure","unknown","grocery",1,0,0,"midday"
51,342,43,299,"weekday","beforelunch","travelling","freezing","grocery",1,0,0,"midday"
51,344,45,299,"weekday","lunch","working","cold","grocery",0,0,0,"midday"
51,345,46,299,"weekday","latenight","travelling","cold","grocery",0,0,0,"night"
51,349,50,299,"weekday","beforelunch","travelling","warm","restaurant",1,0,0,"midday"
51,350,51,299,"weekday","beforelunch","travelling","cold","grocery",1,0,0,"midday"
51,352,53,299,"weekday","breakfast","travelling","hot","grocery",0,0,0,"morning"
51,354,55,299,"weekend","lunch","travelling","cold","restaurant",0,0,0,"midday"
51,355,56,299,"weekend","lunch","travelling","freezing","grocery",0,0,0,"midday"
51,359,60,299,"weekend","afternoon","travelling","cold","restaurant",0,1,0,"midday"
51,377,78,299,"weekday","morning","leisure","hot","restaurant",0,1,0,"morning"
51,378,79,299,"weekday","dinner","working","cold","grocery",0,1,0,"night"
51,380,81,299,"weekend","afternoon","travelling","freezing","restaurant",0,1,0,"midday"
51,382,83,299,"weekday","lunch","travelling","freezing","grocery",0,1,0,"midday"
51,386,87,299,"weekday","morning","travelling","cold","restaurant",1,1,0,"morning"
51,392,93,299,"weekday","afternoon","travelling","freezing","restaurant",0,1,0,"midday"
51,393,94,299,"weekday","morning","travelling","warm","grocery",1,1,0,"morning"
51,398,99,299,"weekday","beforelunch","travelling","cold","restaurant",0,1,0,"midday"
51,400,101,299,"weekend","beforelunch","leisure","warm","grocery",0,1,0,"midday"
51,402,103,299,"weekday","breakfast","travelling","cold","restaurant",0,1,0,"morning"
51,403,104,299,"weekend","dinner","travelling","freezing","restaurant",0,1,0,"night"
51,410,111,299,"weekday","afternoon","unknown","cold","restaurant",1,1,0,"midday"
51,412,113,299,"weekend","morning","unknown","freezing","restaurant",1,1,1,"morning"
51,419,120,299,"weekday","unknown","travelling","unknown","restaurant",1,1,1,"unknown"
51,421,122,299,"weekday","afternoon","unknown","hot","restaurant",0,1,1,"midday"
51,422,123,299,"weekday","afternoon","travelling","unknown","grocery",1,1,1,"midday"
51,424,125,299,"weekend","afternoon","unknown","warm","restaurant",0,1,1,"midday"
51,426,127,299,"weekend","lunch","travelling","unknown","grocery",0,1,1,"midday"
51,427,128,299,"weekday","beforelunch","unknown","unknown","grocery",0,1,1,"midday"
51,431,132,299,"weekday","afternoon","leisure","unknown","grocery",1,1,1,"midday"
51,435,136,299,"weekend","lunch","unknown","warm","restaurant",1,1,1,"midday"
51,442,143,299,"weekend","afternoon","unknown","cold","restaurant",0,1,1,"midday"
51,444,145,299,"weekday","lunch","travelling","unknown","grocery",0,1,1,"midday"
51,453,154,299,"weekend","lunch","working","unknown","grocery",0,1,1,"midday"
51,458,159,299,"weekend","dinner","travelling","freezing","grocery",0,1,1,"night"
51,466,167,299,"weekday","morning","leisure","unknown","grocery",1,1,1,"morning"
51,469,170,299,"weekend","lunch","unknown","unknown","restaurant",0,1,1,"midday"
51,471,172,299,"weekend","beforelunch","travelling","cold","grocery",1,1,1,"midday"
51,475,176,299,"weekday","night","travelling","cold","restaurant",1,1,1,"night"
51,480,181,299,"unknown","beforelunch","travelling","cold","restaurant",0,1,1,"midday"
52,302,0,302,"weekend","morning","travelling","freezing","restaurant",1,0,0,"morning"
52,303,1,302,"weekday","afternoon","travelling","hot","restaurant",0,0,0,"midday"
52,304,2,302,"weekday","beforelunch","working","unknown","grocery",0,0,0,"midday"
52,305,3,302,"weekend","morning","travelling","cold","restaurant",0,0,0,"morning"
52,306,4,302,"weekday","afternoon","unknown","warm","grocery",1,0,0,"midday"
52,310,8,302,"weekday","afternoon","shopping","warm","grocery",1,0,0,"midday"
52,311,9,302,"weekday","breakfast","travelling","warm","restaurant",0,0,0,"morning"
52,312,10,302,"weekday","morning","travelling","unknown","grocery",1,0,0,"morning"
52,313,11,302,"weekend","beforelunch","travelling","cold","grocery",1,0,0,"midday"
52,314,12,302,"weekday","lunch","working","warm","grocery",0,0,0,"midday"
52,315,13,302,"weekday","earlymorning","unknown","hot","restaurant",0,0,0,"morning"
52,316,14,302,"weekday","beforelunch","travelling","freezing","grocery",0,0,0,"midday"
52,318,16,302,"weekday","breakfast","travelling","cold","restaurant",0,0,0,"morning"
52,319,17,302,"weekday","dinner","shopping","unknown","grocery",1,0,0,"night"
52,322,20,302,"weekday","dinner","travelling","cold","grocery",1,0,0,"night"
52,323,21,302,"weekend","afternoon","travelling","unknown","restaurant",0,0,0,"midday"
52,324,22,302,"weekday","breakfast","leisure","warm","grocery",0,0,0,"morning"
52,325,23,302,"weekday","lunch","travelling","warm","grocery",0,0,0,"midday"
52,326,24,302,"weekday","lunch","working","freezing","grocery",0,0,0,"midday"
52,327,25,302,"weekday","lunch","unknown","freezing","restaurant",0,0,0,"midday"
52,330,28,302,"weekend","evening","travelling","cold","grocery",0,0,0,"night"
52,331,29,302,"weekday","beforelunch","shopping","cold","restaurant",1,0,0,"midday"
52,332,30,302,"weekday","beforelunch","shopping","freezing","restaurant",0,0,0,"midday"
52,333,31,302,"weekend","morning","travelling","cold","grocery",1,0,0,"morning"
52,334,32,302,"weekend","lunch","unknown","unknown","grocery",0,0,0,"midday"
52,336,34,302,"weekday","lunch","unknown","unknown","restaurant",0,0,0,"midday"
52,337,35,302,"weekend","afternoon","travelling","freezing","restaurant",0,0,0,"midday"
52,341,39,302,"weekday","afternoon","travelling","cold","restaurant",0,0,0,"midday"
52,345,43,302,"weekend","night","shopping","freezing","restaurant",0,0,0,"night"
52,347,45,302,"unknown","beforelunch","morningrituals","cold","grocery",0,0,0,"midday"
52,348,46,302,"weekday","beforelunch","travelling","unknown","restaurant",1,0,0,"midday"
52,349,47,302,"weekend","lunch","travelling","cold","restaurant",0,0,0,"midday"
52,351,49,302,"weekend","afternoon","travelling","cold","grocery",0,0,0,"midday"
52,352,50,302,"weekend","afternoon","travelling","cold","restaurant",0,0,0,"midday"
52,353,51,302,"weekend","afternoon","travelling","freezing","grocery",0,0,0,"midday"
52,355,53,302,"weekend","lunch","unknown","freezing","grocery",0,0,0,"midday"
52,356,54,302,"weekend","lunch","unknown","cold","restaurant",0,0,0,"midday"
52,357,55,302,"weekday","afternoon","travelling","unknown","grocery",0,0,0,"midday"
52,359,57,302,"weekday","breakfast","shopping","unknown","grocery",0,1,0,"morning"
52,360,58,302,"weekday","lunch","travelling","unknown","grocery",1,1,0,"midday"
52,361,59,302,"weekday","morning","unknown","warm","restaurant",0,1,0,"morning"
52,362,60,302,"weekday","beforelunch","travelling","freezing","restaurant",0,1,0,"midday"
52,363,61,302,"weekday","beforelunch","working","cold","restaurant",1,1,0,"midday"
52,364,62,302,"weekday","afternoon","leisure","warm","restaurant",0,1,0,"midday"
52,365,63,302,"weekday","afternoon","travelling","unknown","grocery",0,1,0,"midday"
52,366,64,302,"weekday","afternoon","unknown","warm","grocery",1,1,0,"midday"
52,368,66,302,"weekend","breakfast","travelling","unknown","restaurant",1,1,0,"morning"
52,371,69,302,"weekday","morning","travelling","freezing","grocery",0,1,0,"morning"
52,373,71,302,"weekend","breakfast","travelling","cold","restaurant",0,1,0,"morning"
52,374,72,302,"weekend","lunch","travelling","hot","grocery",1,1,0,"midday"
52,376,74,302,"weekday","lunch","travelling","cold","restaurant",0,1,0,"midday"
52,377,75,302,"weekend","beforelunch","travelling","unknown","restaurant",0,1,0,"midday"
52,378,76,302,"weekday","afternoon","shopping","cold","grocery",0,1,0,"midday"
52,379,77,302,"weekend","beforelunch","travelling","unknown","restaurant",1,1,0,"midday"
52,383,81,302,"weekday","lunch","morningrituals","cold","grocery",0,1,0,"midday"
52,384,82,302,"weekday","beforelunch","travelling","warm","grocery",0,1,0,"midday"
52,385,83,302,"weekday","lunch","travelling","cold","restaurant",0,1,0,"midday"
52,386,84,302,"weekday","lunch","travelling","cold","grocery",1,1,0,"midday"
52,387,85,302,"weekday","lunch","travelling","warm","grocery",0,1,0,"midday"
52,389,87,302,"weekday","lunch","working","unknown","grocery",0,1,0,"midday"
52,397,95,302,"weekday","lunch","leisure","freezing","restaurant",0,1,0,"midday"
52,398,96,302,"weekday","breakfast","unknown","warm","grocery",0,1,0,"morning"
52,399,97,302,"weekday","morning","travelling","unknown","grocery",0,1,0,"morning"
52,400,98,302,"weekday","breakfast","travelling","cold","grocery",0,1,0,"morning"
52,401,99,302,"weekend","afternoon","working","freezing","restaurant",0,1,0,"midday"
52,404,102,302,"weekday","afternoon","working","warm","grocery",0,1,0,"midday"
52,405,103,302,"weekend","beforelunch","working","cold","restaurant",0,1,0,"midday"
52,406,104,302,"unknown","earlymorning","unknown","cold","restaurant",1,1,0,"morning"
52,407,105,302,"weekday","afternoon","working","hot","restaurant",0,1,0,"midday"
52,408,106,302,"weekday","lunch","unknown","unknown","restaurant",0,1,0,"midday"
52,409,107,302,"weekday","breakfast","travelling","cold","restaurant",1,1,0,"morning"
52,410,108,302,"weekend","afternoon","travelling","unknown","restaurant",0,1,0,"midday"
52,411,109,302,"weekend","afternoon","leisure","unknown","grocery",0,1,0,"midday"
52,413,111,302,"weekday","lunch","travelling","freezing","grocery",1,1,0,"midday"
52,414,112,302,"weekday","afternoon","unknown","hot","restaurant",0,1,0,"midday"
52,415,113,302,"weekday","night","travelling","unknown","grocery",1,1,1,"night"
52,416,114,302,"weekday","beforelunch","travelling","unknown","grocery",1,1,1,"midday"
52,418,116,302,"weekday","afternoon","travelling","unknown","grocery",1,1,1,"midday"
52,419,117,302,"weekday","lunch","travelling","cold","grocery",0,1,1,"midday"
52,420,118,302,"weekend","dinner","shopping","unknown","restaurant",0,1,1,"night"
52,421,119,302,"weekday","breakfast","unknown","unknown","restaurant",0,1,1,"morning"
52,423,121,302,"weekday","beforelunch","travelling","warm","restaurant",0,1,1,"midday"
52,425,123,302,"weekday","lunch","travelling","freezing","grocery",0,1,1,"midday"
52,426,124,302,"weekday","afternoon","travelling","warm","grocery",0,1,1,"midday"
52,428,126,302,"weekday","lunch","travelling","cold","restaurant",0,1,1,"midday"
52,431,129,302,"weekday","lunch","working","unknown","restaurant",0,1,1,"midday"
52,432,130,302,"weekday","breakfast","unknown","unknown","grocery",0,1,1,"morning"
52,433,131,302,"weekend","lunch","travelling","freezing","grocery",0,1,1,"midday"
52,435,133,302,"weekday","morning","working","hot","restaurant",0,1,1,"morning"
52,439,137,302,"weekend","morning","unknown","freezing","grocery",0,1,1,"morning"
52,442,140,302,"weekday","beforelunch","unknown","freezing","restaurant",1,1,1,"midday"
52,443,141,302,"weekday","latenight","morningrituals","unknown","grocery",0,1,1,"night"
52,444,142,302,"weekday","lunch","travelling","cold","restaurant",1,1,1,"midday"
52,445,143,302,"unknown","beforelunch","travelling","cold","restaurant",1,1,1,"midday"
52,446,144,302,"weekday","morning","unknown","cold","grocery",0,1,1,"morning"
52,447,145,302,"weekday","afternoon","unknown","hot","grocery",1,1,1,"midday"
52,448,146,302,"weekday","breakfast","unknown","freezing","grocery",0,1,1,"morning"
52,449,147,302,"weekend","breakfast","travelling","unknown","grocery",0,1,1,"morning"
52,450,148,302,"weekend","lunch","travelling","freezing","restaurant",1,1,1,"midday"
52,451,149,302,"weekend","afternoon","travelling","cold","grocery",1,1,1,"midday"
52,452,150,302,"weekend","beforelunch","social","freezing","restaurant",0,1,1,"midday"
52,453,151,302,"weekday","morning","travelling","freezing","restaurant",0,1,1,"morning"
52,454,152,302,"weekend","afternoon","travelling","warm","grocery",0,1,1,"midday"
52,456,154,302,"weekend","afternoon","working","cold","grocery",0,1,1,"midday"
52,457,155,302,"weekend","unknown","unknown","cold","grocery",1,1,1,"unknown"
52,458,156,302,"weekday","afternoon","working","freezing","grocery",0,1,1,"midday"
52,460,158,302,"weekday","beforelunch","travelling","cold","grocery",0,1,1,"midday"
52,462,160,302,"weekday","afternoon","travelling","freezing","grocery",1,1,1,"midday"
52,463,161,302,"weekday","afternoon","workingout","cold","restaurant",1,1,1,"midday"
52,464,162,302,"weekday","afternoon","travelling","warm","restaurant",0,1,1,"midday"
52,466,164,302,"weekday","afternoon","travelling","hot","grocery",1,1,1,"midday"
52,467,165,302,"weekend","lunch","shopping","cold","restaurant",0,1,1,"midday"
52,468,166,302,"weekend","breakfast","travelling","unknown","restaurant",0,1,1,"morning"
52,469,167,302,"weekend","afternoon","travelling","unknown","grocery",0,1,1,"midday"
52,470,168,302,"weekday","beforelunch","travelling","unknown","grocery",0,1,1,"midday"
52,471,169,302,"weekday","beforelunch","leisure","cold","restaurant",1,1,1,"midday"
52,472,170,302,"weekday","breakfast","leisure","cold","restaurant",1,1,1,"morning"
52,473,171,302,"weekday","afternoon","unknown","freezing","restaurant",0,1,1,"midday"
52,474,172,302,"weekend","evening","travelling","warm","grocery",0,1,1,"night"
52,475,173,302,"weekend","afternoon","leisure","freezing","restaurant",0,1,1,"midday"
52,476,174,302,"weekend","earlymorning","travelling","hot","grocery",1,1,1,"morning"
52,477,175,302,"weekday","lunch","travelling","unknown","restaurant",1,1,1,"midday"
52,480,178,302,"weekday","lunch","working","hot","restaurant",0,1,1,"midday"
52,481,179,302,"weekday","lunch","unknown","freezing","grocery",0,1,1,"midday"
52,482,180,302,"weekend","earlymorning","leisure","cold","restaurant",0,1,1,"morning"
52,484,182,302,"weekday","lunch","shopping","freezing","grocery",0,1,1,"midday"
53,319,9,310,"weekday","evening","travelling","cold","restaurant",0,0,0,"night"
53,320,10,310,"weekday","lunch","travelling","unknown","restaurant",0,0,0,"midday"
53,322,12,310,"weekday","afternoon","travelling","hot","restaurant",0,0,0,"midday"
53,326,16,310,"weekend","afternoon","unknown","cold","grocery",1,0,0,"midday"
53,328,18,310,"weekend","lunch","unknown","warm","grocery",1,0,0,"midday"
53,336,26,310,"weekday","lunch","travelling","hot","restaurant",0,0,0,"midday"
53,340,30,310,"weekday","afternoon","travelling","unknown","grocery",0,0,0,"midday"
53,341,31,310,"weekday","beforelunch","travelling","freezing","grocery",1,0,0,"midday"
53,343,33,310,"weekday","breakfast","travelling","freezing","grocery",0,0,0,"morning"
53,346,36,310,"weekday","unknown","leisure","freezing","grocery",0,0,0,"unknown"
53,347,37,310,"weekday","afternoon","unknown","cold","grocery",0,0,0,"midday"
53,348,38,310,"weekend","dinner","travelling","warm","restaurant",0,0,0,"night"
53,358,48,310,"weekend","afternoon","leisure","freezing","grocery",1,0,0,"midday"
53,361,51,310,"weekday","beforelunch","travelling","cold","grocery",0,0,0,"midday"
53,362,52,310,"weekday","unknown","travelling","hot","restaurant",1,0,0,"unknown"
53,366,56,310,"weekday","evening","travelling","cold","grocery",0,0,0,"night"
53,377,67,310,"weekday","morning","unknown","warm","grocery",1,1,0,"morning"
53,391,81,310,"weekday","morning","unknown","warm","restaurant",0,1,0,"morning"
53,392,82,310,"weekday","afternoon","unknown","hot","restaurant",1,1,0,"midday"
53,394,84,310,"weekend","evening","travelling","freezing","grocery",0,1,0,"night"
53,406,96,310,"weekend","beforelunch","unknown","unknown","grocery",0,1,0,"midday"
53,407,97,310,"weekday","dinner","working","unknown","restaurant",0,1,0,"night"
53,408,98,310,"weekday","beforelunch","travelling","warm","grocery",0,1,0,"midday"
53,410,100,310,"weekday","beforelunch","leisure","cold","restaurant",0,1,0,"midday"
53,413,103,310,"weekday","afternoon","travelling","hot","restaurant",1,1,0,"midday"
53,416,106,310,"weekday","dinner","travelling","freezing","grocery",0,1,0,"night"
53,426,116,310,"weekday","lunch","unknown","cold","grocery",0,1,1,"midday"
53,431,121,310,"weekday","afternoon","travelling","freezing","restaurant",0,1,1,"midday"
53,433,123,310,"weekend","beforelunch","working","cold","restaurant",0,1,1,"midday"
53,436,126,310,"unknown","unknown","travelling","unknown","restaurant",0,1,1,"unknown"
53,440,130,310,"weekday","afternoon","leisure","unknown","restaurant",0,1,1,"midday"
53,442,132,310,"weekday","beforelunch","working","freezing","grocery",0,1,1,"midday"
53,445,135,310,"weekday","afternoon","unknown","cold","grocery",1,1,1,"midday"
53,446,136,310,"weekday","breakfast","travelling","cold","grocery",1,1,1,"morning"
53,449,139,310,"weekend","lunch","travelling","cold","restaurant",0,1,1,"midday"
53,461,151,310,"weekday","beforelunch","travelling","cold","restaurant",0,1,1,"midday"
53,462,152,310,"weekday","breakfast","travelling","cold","grocery",1,1,1,"morning"
53,464,154,310,"weekday","afternoon","travelling","freezing","restaurant",0,1,1,"midday"
53,471,161,310,"weekday","unknown","travelling","hot","grocery",0,1,1,"unknown"
53,472,162,310,"weekday","lunch","shopping","unknown","grocery",1,1,1,"midday"
53,479,169,310,"weekday","breakfast","working","cold","restaurant",0,1,1,"morning"
53,484,174,310,"weekday","breakfast","unknown","hot","restaurant",0,1,1,"morning"
53,486,176,310,"weekday","morning","leisure","freezing","restaurant",1,1,1,"morning"
53,489,179,310,"weekend","afternoon","working","cold","grocery",1,1,1,"midday"
53,490,180,310,"weekday","morning","unknown","freezing","restaurant",0,1,1,"morning"
54,322,8,314,"weekday","beforelunch","travelling","unknown","grocery",0,0,0,"midday"
54,326,12,314,"weekday","beforelunch","leisure","cold","restaurant",0,0,0,"midday"
54,331,17,314,"weekend","beforelunch","working","freezing","restaurant",1,0,0,"midday"
54,336,22,314,"weekend","beforelunch","leisure","warm","grocery",0,0,0,"midday"
54,339,25,314,"weekend","beforelunch","travelling","freezing","grocery",0,0,0,"midday"
54,342,28,314,"weekday","afternoon","travelling","unknown","restaurant",1,0,0,"midday"
54,344,30,314,"weekday","lunch","travelling","unknown","grocery",0,0,0,"midday"
54,347,33,314,"weekday","breakfast","morningrituals","cold","grocery",1,0,0,"morning"
54,356,42,314,"weekend","afternoon","travelling","cold","restaurant",0,0,0,"midday"
54,357,43,314,"weekday","lunch","unknown","freezing","grocery",0,0,0,"midday"
54,359,45,314,"weekday","beforelunch","travelling","warm","grocery",0,0,0,"midday"
54,364,50,314,"weekday","afternoon","leisure","cold","restaurant",1,0,0,"midday"
54,370,56,314,"weekday","afternoon","travelling","cold","restaurant",0,0,0,"midday"
54,371,57,314,"weekday","earlymorning","leisure","unknown","restaurant",0,1,0,"morning"
54,375,61,314,"weekday","afternoon","leisure","freezing","grocery",0,1,0,"midday"
54,377,63,314,"weekday","latenight","travelling","warm","restaurant",0,1,0,"night"
54,380,66,314,"weekday","dinner","travelling","cold","grocery",0,1,0,"night"
54,381,67,314,"weekday","earlymorning","working","freezing","restaurant",0,1,0,"morning"
54,382,68,314,"weekday","morning","housework","cold","grocery",0,1,0,"morning"
54,384,70,314,"weekend","morning","travelling","freezing","restaurant",0,1,0,"morning"
54,387,73,314,"weekend","breakfast","shopping","unknown","grocery",1,1,0,"morning"
54,389,75,314,"weekday","beforelunch","unknown","cold","restaurant",0,1,0,"midday"
54,391,77,314,"weekday","beforelunch","travelling","freezing","restaurant",0,1,0,"midday"
54,392,78,314,"weekday","beforelunch","travelling","freezing","restaurant",0,1,0,"midday"
54,397,83,314,"weekday","unknown","unknown","warm","restaurant",1,1,0,"unknown"
54,401,87,314,"weekend","lunch","travelling","freezing","restaurant",1,1,0,"midday"
54,404,90,314,"weekday","breakfast","leisure","unknown","grocery",0,1,0,"morning"
54,407,93,314,"weekday","lunch","shopping","cold","grocery",0,1,0,"midday"
54,415,101,314,"weekday","breakfast","working","cold","grocery",0,1,0,"morning"
54,416,102,314,"weekday","unknown","travelling","hot","grocery",0,1,0,"unknown"
54,421,107,314,"weekday","afternoon","travelling","freezing","restaurant",0,1,0,"midday"
54,424,110,314,"weekday","lunch","leisure","unknown","restaurant",0,1,0,"midday"
54,429,115,314,"weekday","night","unknown","unknown","grocery",1,1,1,"night"
54,430,116,314,"weekend","afternoon","travelling","hot","grocery",0,1,1,"midday"
54,436,122,314,"weekday","beforelunch","travelling","cold","restaurant",0,1,1,"midday"
54,441,127,314,"weekend","night","leisure","warm","restaurant",0,1,1,"night"
54,442,128,314,"weekday","beforelunch","travelling","warm","restaurant",0,1,1,"midday"
54,447,133,314,"weekday","breakfast","travelling","cold","restaurant",0,1,1,"morning"
54,452,138,314,"weekday","beforelunch","travelling","freezing","restaurant",1,1,1,"midday"
54,454,140,314,"unknown","lunch","travelling","unknown","grocery",0,1,1,"midday"
54,460,146,314,"weekday","lunch","travelling","freezing","restaurant",0,1,1,"midday"
54,461,147,314,"weekday","afternoon","travelling","unknown","restaurant",0,1,1,"midday"
54,463,149,314,"weekday","morning","unknown","hot","restaurant",0,1,1,"morning"
54,464,150,314,"weekday","beforelunch","working","cold","grocery",0,1,1,"midday"
54,468,154,314,"weekday","lunch","working","unknown","grocery",0,1,1,"midday"
54,472,158,314,"weekday","dinner","travelling","unknown","restaurant",0,1,1,"night"
54,475,161,314,"weekday","afternoon","leisure","freezing","grocery",0,1,1,"midday"
54,481,167,314,"unknown","afternoon","travelling","freezing","grocery",1,1,1,"midday"
54,483,169,314,"weekday","afternoon","travelling","unknown","grocery",0,1,1,"midday"
54,491,177,314,"weekday","earlymorning","leisure","cold","restaurant",0,1,1,"morning"
54,493,179,314,"weekday","beforelunch","travelling","freezing","grocery",0,1,1,"midday"
54,497,183,314,"weekday","lunch","unknown","unknown","grocery",0,1,1,"midday"
55,318,0,318,"weekday","beforelunch","travelling","cold","restaurant",1,0,0,"midday"
55,319,1,318,"weekday","lunch","travelling","freezing","restaurant",0,0,0,"midday"
55,320,2,318,"unknown","lunch","travelling","freezing","restaurant",1,0,0,"midday"
55,321,3,318,"weekday","lunch","travelling","cold","restaurant",0,0,0,"midday"
55,322,4,318,"weekend","beforelunch","unknown","cold","grocery",0,0,0,"midday"
55,324,6,318,"weekday","beforelunch","travelling","cold","restaurant",0,0,0,"midday"
55,325,7,318,"weekend","beforelunch","shopping","freezing","grocery",1,0,0,"midday"
55,326,8,318,"weekday","lunch","working","hot","grocery",0,0,0,"midday"
55,328,10,318,"weekday","morning","travelling","cold","restaurant",0,0,0,"morning"
55,330,12,318,"weekday","lunch","travelling","freezing","grocery",0,0,0,"midday"
55,331,13,318,"weekend","afternoon","working","warm","restaurant",1,0,0,"midday"
55,332,14,318,"weekday","lunch","leisure","cold","grocery",0,0,0,"midday"
55,334,16,318,"weekday","afternoon","travelling","cold","grocery",1,0,0,"midday"
55,335,17,318,"weekday","morning","travelling","warm","restaurant",1,0,0,"morning"
55,336,18,318,"weekday","morning","travelling","unknown","restaurant",0,0,0,"morning"
55,337,19,318,"weekday","breakfast","shopping","warm","grocery",0,0,0,"morning"
55,340,22,318,"weekday","afternoon","shopping","cold","restaurant",1,0,0,"midday"
55,342,24,318,"weekday","afternoon","travelling","cold","grocery",0,0,0,"midday"
55,344,26,318,"weekend","afternoon","travelling","cold","grocery",0,0,0,"midday"
55,345,27,318,"weekday","lunch","unknown","freezing","restaurant",1,0,0,"midday"
55,346,28,318,"weekday","afternoon","travelling","unknown","grocery",0,0,0,"midday"
55,350,32,318,"weekend","breakfast","leisure","cold","restaurant",1,0,0,"morning"
55,351,33,318,"weekday","lunch","travelling","warm","grocery",0,0,0,"midday"
55,352,34,318,"weekday","afternoon","working","unknown","restaurant",0,0,0,"midday"
55,356,38,318,"weekday","lunch","unknown","cold","grocery",1,0,0,"midday"
55,361,43,318,"weekday","breakfast","unknown","freezing","restaurant",0,0,0,"morning"
55,362,44,318,"weekday","breakfast","leisure","unknown","grocery",0,0,0,"morning"
55,367,49,318,"weekday","afternoon","unknown","hot","restaurant",0,0,0,"midday"
55,368,50,318,"weekend","beforelunch","unknown","cold","restaurant",1,0,0,"midday"
55,369,51,318,"weekday","beforelunch","leisure","unknown","restaurant",1,0,0,"midday"
55,370,52,318,"weekday","afternoon","unknown","unknown","grocery",0,0,0,"midday"
55,371,53,318,"weekend","breakfast","unknown","cold","grocery",0,0,0,"morning"
55,372,54,318,"weekend","beforelunch","travelling","cold","restaurant",0,0,0,"midday"
55,373,55,318,"weekday","lunch","leisure","unknown","grocery",1,0,0,"midday"
55,374,56,318,"unknown","afternoon","travelling","unknown","grocery",1,0,0,"midday"
55,375,57,318,"weekday","afternoon","shopping","unknown","grocery",1,1,0,"midday"
55,376,58,318,"weekend","beforelunch","travelling","freezing","restaurant",1,1,0,"midday"
55,377,59,318,"weekday","morning","shopping","hot","restaurant",1,1,0,"morning"
55,378,60,318,"weekday","evening","travelling","freezing","grocery",0,1,0,"night"
55,379,61,318,"weekday","lunch","unknown","unknown","grocery",0,1,0,"midday"
55,381,63,318,"weekday","lunch","unknown","unknown","restaurant",1,1,0,"midday"
55,382,64,318,"weekday","beforelunch","travelling","hot","grocery",0,1,0,"midday"
55,387,69,318,"weekday","dinner","travelling","warm","grocery",0,1,0,"night"
55,388,70,318,"weekday","unknown","shopping","hot","grocery",1,1,0,"unknown"
55,389,71,318,"weekend","lunch","working","freezing","restaurant",0,1,0,"midday"
55,392,74,318,"weekday","dinner","travelling","hot","grocery",1,1,0,"night"
55,393,75,318,"weekday","unknown","working","unknown","grocery",0,1,0,"unknown"
55,394,76,318,"weekday","lunch","travelling","cold","grocery",0,1,0,"midday"
55,397,79,318,"weekday","beforelunch","shopping","cold","restaurant",1,1,0,"midday"
55,400,82,318,"weekday","breakfast","travelling","unknown","grocery",1,1,0,"morning"
55,405,87,318,"weekday","lunch","unknown","hot","grocery",0,1,0,"midday"
55,406,88,318,"weekend","breakfast","travelling","warm","grocery",0,1,0,"morning"
55,408,90,318,"weekend","beforelunch","travelling","cold","grocery",0,1,0,"midday"
55,409,91,318,"weekend","earlymorning","travelling","hot","restaurant",1,1,0,"morning"
55,411,93,318,"weekday","breakfast","travelling","unknown","grocery",0,1,0,"morning"
55,413,95,318,"weekday","breakfast","travelling","unknown","grocery",0,1,0,"morning"
55,416,98,318,"weekday","breakfast","working","cold","grocery",0,1,0,"morning"
55,418,100,318,"weekday","latenight","unknown","freezing","restaurant",0,1,0,"night"
55,420,102,318,"weekday","lunch","travelling","unknown","restaurant",0,1,0,"midday"
55,422,104,318,"weekday","lunch","leisure","hot","grocery",0,1,0,"midday"
55,423,105,318,"weekday","beforelunch","travelling","freezing","restaurant",0,1,0,"midday"
55,425,107,318,"weekday","lunch","travelling","cold","grocery",1,1,0,"midday"
55,426,108,318,"weekend","lunch","morningrituals","unknown","grocery",0,1,0,"midday"
55,429,111,318,"weekend","lunch","unknown","warm","grocery",1,1,0,"midday"
55,430,112,318,"weekday","lunch","leisure","freezing","restaurant",0,1,0,"midday"
55,431,113,318,"weekend","afternoon","morningrituals","unknown","grocery",0,1,1,"midday"
55,433,115,318,"weekday","afternoon","travelling","cold","restaurant",1,1,1,"midday"
55,434,116,318,"weekend","beforelunch","travelling","cold","restaurant",1,1,1,"midday"
55,435,117,318,"weekday","afternoon","unknown","cold","restaurant",0,1,1,"midday"
55,436,118,318,"weekend","afternoon","travelling","warm","grocery",0,1,1,"midday"
55,437,119,318,"weekday","afternoon","travelling","hot","restaurant",0,1,1,"midday"
55,439,121,318,"unknown","breakfast","leisure","hot","restaurant",0,1,1,"morning"
55,440,122,318,"weekend","unknown","unknown","cold","restaurant",0,1,1,"unknown"
55,441,123,318,"weekday","breakfast","working","cold","restaurant",1,1,1,"morning"
55,442,124,318,"weekday","beforelunch","unknown","cold","restaurant",0,1,1,"midday"
55,444,126,318,"weekday","morning","travelling","cold","grocery",0,1,1,"morning"
55,445,127,318,"weekend","afternoon","travelling","unknown","grocery",0,1,1,"midday"
55,448,130,318,"weekday","beforelunch","unknown","cold","grocery",1,1,1,"midday"
55,449,131,318,"weekday","afternoon","unknown","freezing","restaurant",0,1,1,"midday"
55,451,133,318,"weekday","morning","unknown","cold","grocery",0,1,1,"morning"
55,453,135,318,"weekend","afternoon","shopping","unknown","restaurant",0,1,1,"midday"
55,454,136,318,"weekday","beforelunch","travelling","cold","grocery",0,1,1,"midday"
55,455,137,318,"weekday","morning","unknown","cold","grocery",0,1,1,"morning"
55,457,139,318,"weekday","lunch","travelling","cold","restaurant",0,1,1,"midday"
55,458,140,318,"weekend","beforelunch","unknown","freezing","grocery",1,1,1,"midday"
55,459,141,318,"weekday","afternoon","shopping","cold","restaurant",1,1,1,"midday"
55,460,142,318,"weekday","breakfast","shopping","warm","restaurant",1,1,1,"morning"
55,461,143,318,"weekday","lunch","unknown","freezing","restaurant",1,1,1,"midday"
55,462,144,318,"weekday","beforelunch","working","warm","grocery",0,1,1,"midday"
55,463,145,318,"weekend","beforelunch","working","freezing","restaurant",0,1,1,"midday"
55,465,147,318,"weekday","afternoon","working","warm","grocery",0,1,1,"midday"
55,469,151,318,"weekend","lunch","travelling","freezing","grocery",0,1,1,"midday"
55,470,152,318,"weekend","lunch","travelling","freezing","grocery",0,1,1,"midday"
55,472,154,318,"weekday","afternoon","travelling","unknown","restaurant",1,1,1,"midday"
55,476,158,318,"weekend","afternoon","travelling","cold","restaurant",0,1,1,"midday"
55,477,159,318,"weekday","afternoon","travelling","cold","restaurant",0,1,1,"midday"
55,478,160,318,"weekend","breakfast","working","cold","grocery",0,1,1,"morning"
55,479,161,318,"weekday","lunch","unknown","unknown","restaurant",0,1,1,"midday"
55,480,162,318,"weekday","beforelunch","travelling","unknown","restaurant",0,1,1,"midday"
55,481,163,318,"weekday","afternoon","unknown","cold","restaurant",0,1,1,"midday"
55,483,165,318,"weekday","afternoon","shopping","cold","restaurant",0,1,1,"midday"
55,484,166,318,"weekday","lunch","travelling","unknown","grocery",1,1,1,"midday"
55,486,168,318,"weekday","afternoon","working","cold","restaurant",0,1,1,"midday"
55,492,174,318,"weekday","afternoon","leisure","unknown","grocery",1,1,1,"midday"
55,493,175,318,"weekend","afternoon","unknown","freezing","grocery",1,1,1,"midday"
55,495,177,318,"weekday","lunch","travelling","warm","restaurant",0,1,1,"midday"
55,496,178,318,"weekend","lunch","unknown","unknown","grocery",1,1,1,"midday"
55,499,181,318,"unknown","breakfast","shopping","freezing","grocery",0,1,1,"morning"
55,501,183,318,"weekday","night","shopping","warm","restaurant",0,1,1,"night"
56,325,1,324,"weekday","dinner","travelling","freezing","restaurant",0,0,0,"night"
56,326,2,324,"weekday","afternoon","travelling","freezing","grocery",0,0,0,"midday"
56,328,4,324,"weekend","lunch","unknown","unknown","restaurant",0,0,0,"midday"
56,338,14,324,"weekday","beforelunch","unknown","cold","grocery",1,0,0,"midday"
56,342,18,324,"weekday","lunch","travelling","warm","restaurant",0,0,0,"midday"
56,345,21,324,"weekday","lunch","travelling","cold","restaurant",0,0,0,"midday"
56,346,22,324,"weekday","beforelunch","unknown","cold","restaurant",0,0,0,"midday"
56,349,25,324,"weekend","afternoon","travelling","cold","restaurant",0,0,0,"midday"
56,350,26,324,"weekday","lunch","travelling","warm","restaurant",0,0,0,"midday"
56,351,27,324,"weekend","afternoon","travelling","cold","grocery",1,0,0,"midday"
56,352,28,324,"weekday","afternoon","shopping","cold","grocery",0,0,0,"midday"
56,353,29,324,"weekend","lunch","shopping","freezing","restaurant",0,0,0,"midday"
56,354,30,324,"weekday","beforelunch","travelling","unknown","grocery",0,0,0,"midday"
56,358,34,324,"weekday","morning","travelling","unknown","restaurant",0,0,0,"morning"
56,366,42,324,"weekday","lunch","shopping","cold","grocery",1,0,0,"midday"
56,372,48,324,"weekend","morning","travelling","warm","restaurant",1,0,0,"morning"
56,375,51,324,"weekday","beforelunch","travelling","cold","restaurant",0,0,0,"midday"
56,380,56,324,"weekend","afternoon","travelling","unknown","restaurant",1,0,0,"midday"
56,389,65,324,"weekday","lunch","travelling","unknown","grocery",0,1,0,"midday"
56,390,66,324,"weekday","afternoon","leisure","freezing","restaurant",0,1,0,"midday"
56,394,70,324,"weekday","lunch","travelling","unknown","restaurant",0,1,0,"midday"
56,399,75,324,"weekday","afternoon","travelling","hot","grocery",0,1,0,"midday"
56,401,77,324,"weekday","morning","unknown","cold","grocery",0,1,0,"morning"
56,402,78,324,"weekday","earlymorning","shopping","warm","grocery",0,1,0,"morning"
56,405,81,324,"weekday","beforelunch","workingout","freezing","grocery",0,1,0,"midday"
56,407,83,324,"weekday","dinner","leisure","unknown","grocery",1,1,0,"night"
56,417,93,324,"weekday","afternoon","working","freezing","grocery",0,1,0,"midday"
56,421,97,324,"weekday","beforelunch","unknown","freezing","grocery",0,1,0,"midday"
56,425,101,324,"weekend","breakfast","unknown","unknown","restaurant",0,1,0,"morning"
56,428,104,324,"weekday","beforelunch","travelling","warm","restaurant",0,1,0,"midday"
56,429,105,324,"weekday","beforelunch","leisure","cold","restaurant",0,1,0,"midday"
56,430,106,324,"weekday","afternoon","travelling","unknown","grocery",0,1,0,"midday"
56,438,114,324,"weekend","afternoon","travelling","cold","restaurant",0,1,1,"midday"
56,441,117,324,"weekend","morning","travelling","hot","grocery",0,1,1,"morning"
56,449,125,324,"weekday","beforelunch","unknown","cold","grocery",0,1,1,"midday"
56,450,126,324,"weekend","afternoon","working","warm","grocery",0,1,1,"midday"
56,456,132,324,"weekday","beforelunch","leisure","unknown","grocery",1,1,1,"midday"
56,458,134,324,"weekend","afternoon","travelling","unknown","restaurant",0,1,1,"midday"
56,460,136,324,"weekday","afternoon","travelling","cold","restaurant",0,1,1,"midday"
56,463,139,324,"weekend","night","leisure","hot","restaurant",0,1,1,"night"
56,465,141,324,"weekday","breakfast","travelling","warm","restaurant",0,1,1,"morning"
56,468,144,324,"weekend","lunch","travelling","cold","restaurant",0,1,1,"midday"
56,475,151,324,"weekday","unknown","travelling","unknown","restaurant",0,1,1,"unknown"
56,477,153,324,"weekday","afternoon","unknown","cold","grocery",0,1,1,"midday"
56,481,157,324,"weekday","lunch","travelling","freezing","grocery",0,1,1,"midday"
56,483,159,324,"weekday","morning","shopping","freezing","grocery",0,1,1,"morning"
56,490,166,324,"weekday","beforelunch","leisure","unknown","grocery",1,1,1,"midday"
56,493,169,324,"weekday","lunch","travelling","cold","restaurant",1,1,1,"midday"
56,496,172,324,"weekday","afternoon","unknown","cold","restaurant",1,1,1,"midday"
56,501,177,324,"weekday","breakfast","shopping","cold","grocery",1,1,1,"morning"
56,502,178,324,"weekend","lunch","travelling","cold","restaurant",1,1,1,"midday"
56,504,180,324,"weekday","lunch","working","hot","grocery",0,1,1,"midday"
56,505,181,324,"weekday","breakfast","travelling","freezing","restaurant",0,1,1,"morning"
57,332,1,331,"weekend","evening","travelling","warm","grocery",0,0,0,"night"
57,345,14,331,"weekday","night","travelling","warm","grocery",1,0,0,"night"
57,349,18,331,"weekday","lunch","travelling","freezing","restaurant",0,0,0,"midday"
57,355,24,331,"weekday","morning","travelling","cold","restaurant",0,0,0,"morning"
57,363,32,331,"weekday","lunch","working","freezing","grocery",1,0,0,"midday"
57,368,37,331,"weekday","afternoon","working","warm","restaurant",1,0,0,"midday"
57,369,38,331,"weekday","afternoon","travelling","unknown","grocery",1,0,0,"midday"
57,373,42,331,"weekday","beforelunch","travelling","freezing","restaurant",1,0,0,"midday"
57,376,45,331,"weekday","afternoon","working","cold","grocery",0,0,0,"midday"
57,391,60,331,"weekend","beforelunch","travelling","unknown","grocery",0,1,0,"midday"
57,407,76,331,"weekend","afternoon","shopping","freezing","restaurant",0,1,0,"midday"
57,410,79,331,"weekday","lunch","travelling","hot","restaurant",1,1,0,"midday"
57,411,80,331,"weekday","afternoon","travelling","cold","grocery",1,1,0,"midday"
57,426,95,331,"weekday","afternoon","working","warm","restaurant",1,1,0,"midday"
57,443,112,331,"weekday","unknown","travelling","warm","restaurant",1,1,0,"unknown"
57,453,122,331,"weekend","afternoon","shopping","freezing","restaurant",0,1,1,"midday"
57,455,124,331,"weekday","night","working","warm","grocery",0,1,1,"night"
57,459,128,331,"weekday","afternoon","unknown","cold","restaurant",0,1,1,"midday"
57,467,136,331,"weekday","afternoon","shopping","unknown","restaurant",0,1,1,"midday"
57,472,141,331,"weekday","afternoon","travelling","cold","grocery",0,1,1,"midday"
57,485,154,331,"weekday","afternoon","working","cold","restaurant",0,1,1,"midday"
57,498,167,331,"weekday","beforelunch","travelling","warm","grocery",0,1,1,"midday"
57,502,171,331,"weekday","beforelunch","unknown","unknown","restaurant",0,1,1,"midday"
57,503,172,331,"weekday","beforelunch","unknown","cold","grocery",0,1,1,"midday"
57,512,181,331,"weekend","dinner","working","freezing","restaurant",0,1,1,"night"
58,343,1,342,"weekday","lunch","unknown","cold","grocery",0,0,0,"midday"
58,346,4,342,"weekday","breakfast","unknown","warm","restaurant",0,0,0,"morning"
58,348,6,342,"weekday","afternoon","travelling","unknown","grocery",0,0,0,"midday"
58,355,13,342,"weekday","afternoon","travelling","hot","grocery",0,0,0,"midday"
58,356,14,342,"weekday","afternoon","shopping","cold","restaurant",1,0,0,"midday"
58,357,15,342,"weekday","afternoon","leisure","freezing","restaurant",0,0,0,"midday"
58,364,22,342,"weekday","lunch","social","unknown","grocery",0,0,0,"midday"
58,368,26,342,"weekday","beforelunch","travelling","hot","restaurant",0,0,0,"midday"
58,387,45,342,"weekday","earlymorning","unknown","freezing","grocery",1,0,0,"morning"
58,388,46,342,"weekend","breakfast","travelling","freezing","grocery",0,0,0,"morning"
58,389,47,342,"weekday","lunch","morningrituals","cold","restaurant",0,0,0,"midday"
58,394,52,342,"weekend","beforelunch","travelling","cold","grocery",0,0,0,"midday"
58,402,60,342,"weekend","breakfast","shopping","cold","restaurant",0,1,0,"morning"
58,413,71,342,"weekday","morning","travelling","warm","grocery",1,1,0,"morning"
58,418,76,342,"weekday","dinner","travelling","unknown","grocery",0,1,0,"night"
58,424,82,342,"weekday","breakfast","travelling","hot","restaurant",0,1,0,"morning"
58,427,85,342,"weekday","afternoon","travelling","unknown","restaurant",0,1,0,"midday"
58,431,89,342,"weekday","dinner","leisure","cold","grocery",0,1,0,"night"
58,441,99,342,"weekend","afternoon","shopping","freezing","grocery",1,1,0,"midday"
58,444,102,342,"weekend","dinner","unknown","warm","restaurant",0,1,0,"night"
58,457,115,342,"weekday","afternoon","travelling","hot","grocery",0,1,1,"midday"
58,458,116,342,"weekend","afternoon","travelling","unknown","restaurant",0,1,1,"midday"
58,459,117,342,"weekend","night","working","unknown","restaurant",0,1,1,"night"
58,463,121,342,"weekday","beforelunch","leisure","warm","grocery",0,1,1,"midday"
58,484,142,342,"weekend","lunch","unknown","freezing","grocery",1,1,1,"midday"
58,490,148,342,"weekend","afternoon","unknown","freezing","grocery",0,1,1,"midday"
58,493,151,342,"weekday","unknown","travelling","hot","grocery",0,1,1,"unknown"
58,505,163,342,"weekend","unknown","travelling","cold","restaurant",0,1,1,"unknown"
58,508,166,342,"weekday","morning","travelling","freezing","restaurant",0,1,1,"morning"
58,512,170,342,"unknown","morning","unknown","cold","grocery",1,1,1,"morning"
58,515,173,342,"weekend","afternoon","shopping","warm","grocery",0,1,1,"midday"
58,525,183,342,"weekday","lunch","travelling","unknown","grocery",0,1,1,"midday"
59,355,2,353,"weekend","evening","leisure","cold","grocery",1,0,0,"night"
59,356,3,353,"weekday","breakfast","working","warm","grocery",0,0,0,"morning"
59,357,4,353,"weekday","beforelunch","leisure","freezing","grocery",0,0,0,"midday"
59,358,5,353,"weekday","afternoon","travelling","unknown","restaurant",0,0,0,"midday"
59,365,12,353,"weekday","beforelunch","shopping","cold","grocery",1,0,0,"midday"
59,366,13,353,"weekend","afternoon","morningrituals","hot","restaurant",0,0,0,"midday"
59,368,15,353,"weekday","afternoon","leisure","freezing","grocery",1,0,0,"midday"
59,369,16,353,"weekday","beforelunch","leisure","unknown","grocery",0,0,0,"midday"
59,373,20,353,"weekend","lunch","leisure","cold","restaurant",0,0,0,"midday"
59,374,21,353,"weekday","beforelunch","travelling","cold","grocery",1,0,0,"midday"
59,375,22,353,"weekday","afternoon","travelling","cold","restaurant",0,0,0,"midday"
59,376,23,353,"weekend","unknown","travelling","freezing","grocery",0,0,0,"unknown"
59,377,24,353,"weekend","lunch","unknown","freezing","grocery",1,0,0,"midday"
59,379,26,353,"weekend","lunch","travelling","freezing","restaurant",0,0,0,"midday"
59,380,27,353,"weekday","night","shopping","freezing","restaurant",0,0,0,"night"
59,384,31,353,"weekend","lunch","travelling","freezing","grocery",0,0,0,"midday"
59,385,32,353,"weekend","dinner","leisure","cold","grocery",1,0,0,"night"
59,391,38,353,"weekend","lunch","travelling","hot","grocery",0,0,0,"midday"
59,392,39,353,"weekday","morning","travelling","freezing","restaurant",1,0,0,"morning"
59,395,42,353,"weekday","breakfast","travelling","freezing","grocery",1,0,0,"morning"
59,396,43,353,"weekend","afternoon","travelling","freezing","grocery",0,0,0,"midday"
59,397,44,353,"weekday","lunch","travelling","warm","grocery",0,0,0,"midday"
59,398,45,353,"weekend","afternoon","travelling","warm","restaurant",1,0,0,"midday"
59,400,47,353,"weekend","afternoon","travelling","cold","restaurant",0,0,0,"midday"
59,401,48,353,"weekday","breakfast","leisure","cold","restaurant",0,0,0,"morning"
59,404,51,353,"weekday","breakfast","travelling","unknown","restaurant",0,0,0,"morning"
59,406,53,353,"weekday","night","unknown","unknown","restaurant",0,0,0,"night"
59,408,55,353,"weekday","dinner","working","warm","grocery",0,0,0,"night"
59,411,58,353,"weekday","afternoon","leisure","hot","grocery",1,1,0,"midday"
59,413,60,353,"weekday","morning","leisure","cold","restaurant",1,1,0,"morning"
59,414,61,353,"weekday","afternoon","travelling","warm","grocery",1,1,0,"midday"
59,415,62,353,"weekend","beforelunch","travelling","unknown","restaurant",0,1,0,"midday"
59,416,63,353,"weekday","afternoon","workingout","cold","grocery",0,1,0,"midday"
59,417,64,353,"weekday","afternoon","travelling","cold","grocery",0,1,0,"midday"
59,418,65,353,"weekend","afternoon","travelling","unknown","grocery",1,1,0,"midday"
59,420,67,353,"weekday","lunch","travelling","cold","grocery",0,1,0,"midday"
59,421,68,353,"weekday","morning","travelling","warm","restaurant",0,1,0,"morning"
59,422,69,353,"weekday","beforelunch","travelling","cold","grocery",0,1,0,"midday"
59,423,70,353,"weekday","afternoon","travelling","cold","grocery",0,1,0,"midday"
59,424,71,353,"weekday","afternoon","shopping","cold","grocery",1,1,0,"midday"
59,427,74,353,"weekday","afternoon","leisure","warm","restaurant",0,1,0,"midday"
59,428,75,353,"weekday","beforelunch","travelling","freezing","grocery",0,1,0,"midday"
59,430,77,353,"weekday","afternoon","travelling","freezing","restaurant",0,1,0,"midday"
59,431,78,353,"weekend","unknown","travelling","unknown","grocery",0,1,0,"unknown"
59,433,80,353,"weekday","afternoon","morningrituals","cold","restaurant",0,1,0,"midday"
59,434,81,353,"weekday","afternoon","travelling","hot","grocery",0,1,0,"midday"
59,435,82,353,"weekend","lunch","travelling","unknown","grocery",0,1,0,"midday"
59,438,85,353,"weekday","beforelunch","leisure","freezing","grocery",1,1,0,"midday"
59,442,89,353,"weekend","breakfast","travelling","unknown","grocery",0,1,0,"morning"
59,443,90,353,"weekday","lunch","travelling","freezing","restaurant",0,1,0,"midday"
59,444,91,353,"weekday","afternoon","travelling","cold","restaurant",0,1,0,"midday"
59,446,93,353,"weekday","lunch","travelling","warm","restaurant",0,1,0,"midday"
59,447,94,353,"weekend","breakfast","workingout","freezing","restaurant",0,1,0,"morning"
59,450,97,353,"weekday","afternoon","unknown","freezing","grocery",0,1,0,"midday"
59,451,98,353,"unknown","breakfast","unknown","unknown","restaurant",0,1,0,"morning"
59,453,100,353,"weekday","afternoon","unknown","freezing","restaurant",0,1,0,"midday"
59,454,101,353,"weekday","afternoon","travelling","freezing","grocery",0,1,0,"midday"
59,455,102,353,"weekend","lunch","travelling","hot","restaurant",1,1,0,"midday"
59,456,103,353,"weekday","afternoon","leisure","cold","grocery",1,1,0,"midday"
59,457,104,353,"weekday","lunch","travelling","unknown","grocery",1,1,0,"midday"
59,459,106,353,"weekday","lunch","travelling","freezing","grocery",0,1,0,"midday"
59,461,108,353,"weekday","breakfast","travelling","unknown","grocery",1,1,0,"morning"
59,463,110,353,"weekend","dinner","travelling","cold","grocery",1,1,0,"night"
59,465,112,353,"weekend","beforelunch","unknown","freezing","restaurant",1,1,0,"midday"
59,468,115,353,"weekend","breakfast","travelling","unknown","restaurant",0,1,1,"morning"
59,470,117,353,"weekday","afternoon","travelling","unknown","restaurant",0,1,1,"midday"
59,472,119,353,"weekend","dinner","unknown","freezing","restaurant",0,1,1,"night"
59,477,124,353,"weekday","afternoon","unknown","freezing","grocery",0,1,1,"midday"
59,481,128,353,"weekend","morning","working","cold","grocery",0,1,1,"morning"
59,483,130,353,"weekend","night","travelling","warm","restaurant",0,1,1,"night"
59,484,131,353,"weekday","beforelunch","leisure","freezing","restaurant",0,1,1,"midday"
59,486,133,353,"weekday","lunch","travelling","freezing","restaurant",1,1,1,"midday"
59,488,135,353,"weekday","beforelunch","leisure","hot","grocery",1,1,1,"midday"
59,489,136,353,"weekday","afternoon","travelling","freezing","restaurant",0,1,1,"midday"
59,490,137,353,"weekend","afternoon","working","freezing","grocery",0,1,1,"midday"
59,492,139,353,"weekday","afternoon","unknown","unknown","restaurant",0,1,1,"midday"
59,493,140,353,"weekday","afternoon","travelling","warm","restaurant",0,1,1,"midday"
59,495,142,353,"weekday","lunch","travelling","unknown","grocery",0,1,1,"midday"
59,496,143,353,"weekday","afternoon","travelling","freezing","grocery",1,1,1,"midday"
59,497,144,353,"weekend","lunch","travelling","freezing","restaurant",0,1,1,"midday"
59,499,146,353,"weekend","lunch","travelling","cold","grocery",0,1,1,"midday"
59,500,147,353,"weekday","beforelunch","travelling","freezing","restaurant",0,1,1,"midday"
59,501,148,353,"weekend","afternoon","travelling","freezing","restaurant",0,1,1,"midday"
59,502,149,353,"weekend","morning","travelling","cold","restaurant",1,1,1,"morning"
59,504,151,353,"weekday","breakfast","shopping","hot","restaurant",0,1,1,"morning"
59,506,153,353,"weekday","lunch","travelling","cold","restaurant",0,1,1,"midday"
59,513,160,353,"weekend","afternoon","travelling","cold","restaurant",1,1,1,"midday"
59,516,163,353,"weekend","breakfast","travelling","freezing","restaurant",0,1,1,"morning"
59,520,167,353,"weekday","lunch","travelling","freezing","grocery",0,1,1,"midday"
59,521,168,353,"weekday","afternoon","working","cold","restaurant",1,1,1,"midday"
59,523,170,353,"weekday","lunch","shopping","warm","restaurant",1,1,1,"midday"
59,524,171,353,"weekend","morning","unknown","cold","grocery",1,1,1,"morning"
59,525,172,353,"weekday","breakfast","unknown","unknown","grocery",1,1,1,"morning"
59,526,173,353,"weekday","latenight","travelling","warm","grocery",0,1,1,"night"
59,529,176,353,"weekday","beforelunch","working","cold","restaurant",0,1,1,"midday"
59,531,178,353,"weekend","beforelunch","unknown","cold","grocery",1,1,1,"midday"
59,533,180,353,"weekend","dinner","travelling","warm","restaurant",0,1,1,"night"
59,535,182,353,"weekend","morning","travelling","warm","restaurant",0,1,1,"morning"
59,536,183,353,"weekday","afternoon","working","unknown","restaurant",1,1,1,"midday"
60,369,5,364,"weekday","night","travelling","hot","grocery",0,0,0,"night"
60,372,8,364,"weekday","breakfast","travelling","cold","grocery",1,0,0,"morning"
60,374,10,364,"weekday","beforelunch","shopping","cold","grocery",0,0,0,"midday"
60,376,12,364,"unknown","lunch","working","unknown","restaurant",0,0,0,"midday"
60,377,13,364,"weekday","lunch","working","unknown","restaurant",1,0,0,"midday"
60,378,14,364,"weekend","breakfast","leisure","unknown","restaurant",0,0,0,"morning"
60,381,17,364,"weekday","night","shopping","cold","grocery",1,0,0,"night"
60,382,18,364,"weekday","morning","travelling","unknown","grocery",0,0,0,"morning"
60,383,19,364,"weekend","morning","travelling","freezing","grocery",0,0,0,"morning"
60,385,21,364,"weekday","beforelunch","travelling","warm","restaurant",1,0,0,"midday"
60,386,22,364,"weekday","morning","unknown","warm","restaurant",1,0,0,"morning"
60,387,23,364,"weekday","beforelunch","travelling","unknown","grocery",0,0,0,"midday"
60,388,24,364,"weekday","morning","travelling","cold","restaurant",0,0,0,"morning"
60,389,25,364,"weekend","breakfast","travelling","hot","restaurant",0,0,0,"morning"
60,390,26,364,"weekday","afternoon","travelling","warm","restaurant",1,0,0,"midday"
60,392,28,364,"weekday","lunch","travelling","unknown","restaurant",1,0,0,"midday"
60,398,34,364,"weekday","afternoon","working","unknown","grocery",0,0,0,"midday"
60,399,35,364,"weekday","beforelunch","travelling","cold","restaurant",0,0,0,"midday"
60,400,36,364,"unknown","morning","travelling","freezing","grocery",0,0,0,"morning"
60,401,37,364,"weekday","lunch","unknown","warm","grocery",0,0,0,"midday"
60,402,38,364,"weekday","lunch","travelling","unknown","restaurant",0,0,0,"midday"
60,404,40,364,"weekday","afternoon","travelling","hot","restaurant",0,0,0,"midday"
60,405,41,364,"weekday","morning","travelling","cold","restaurant",0,0,0,"morning"
60,406,42,364,"weekday","lunch","working","warm","grocery",0,0,0,"midday"
60,407,43,364,"weekday","night","leisure","cold","restaurant",1,0,0,"night"
60,408,44,364,"weekday","afternoon","working","cold","grocery",0,0,0,"midday"
60,409,45,364,"weekday","dinner","travelling","freezing","grocery",0,0,0,"night"
60,410,46,364,"weekday","beforelunch","leisure","cold","restaurant",0,0,0,"midday"
60,411,47,364,"weekday","breakfast","unknown","unknown","restaurant",0,0,0,"morning"
60,412,48,364,"weekend","beforelunch","working","freezing","grocery",0,0,0,"midday"
60,414,50,364,"weekday","afternoon","leisure","warm","restaurant",1,0,0,"midday"
60,416,52,364,"weekday","afternoon","leisure","freezing","grocery",0,0,0,"midday"
60,417,53,364,"weekday","breakfast","working","unknown","grocery",1,0,0,"morning"
60,419,55,364,"weekday","afternoon","travelling","hot","restaurant",1,0,0,"midday"
60,420,56,364,"weekend","afternoon","travelling","cold","grocery",1,0,0,"midday"
60,423,59,364,"weekend","afternoon","travelling","cold","grocery",0,1,0,"midday"
60,425,61,364,"weekend","lunch","travelling","unknown","grocery",0,1,0,"midday"
60,426,62,364,"weekday","afternoon","unknown","hot","restaurant",0,1,0,"midday"
60,428,64,364,"weekday","lunch","travelling","freezing","grocery",0,1,0,"midday"
60,429,65,364,"weekend","afternoon","unknown","freezing","restaurant",0,1,0,"midday"
60,430,66,364,"weekday","afternoon","travelling","freezing","restaurant",0,1,0,"midday"
60,431,67,364,"weekday","beforelunch","shopping","freezing","grocery",0,1,0,"midday"
60,432,68,364,"weekend","beforelunch","unknown","cold","restaurant",0,1,0,"midday"
60,433,69,364,"weekend","lunch","unknown","freezing","grocery",1,1,0,"midday"
60,434,70,364,"weekday","lunch","unknown","freezing","restaurant",0,1,0,"midday"
60,435,71,364,"weekend","breakfast","travelling","cold","grocery",0,1,0,"morning"
60,436,72,364,"weekend","lunch","unknown","unknown","restaurant",1,1,0,"midday"
60,437,73,364,"weekday","beforelunch","travelling","unknown","restaurant",0,1,0,"midday"
60,438,74,364,"weekday","beforelunch","travelling","hot","grocery",0,1,0,"midday"
60,439,75,364,"weekday","afternoon","leisure","unknown","restaurant",0,1,0,"midday"
60,440,76,364,"weekday","breakfast","travelling","warm","grocery",0,1,0,"morning"
60,448,84,364,"weekday","afternoon","unknown","unknown","restaurant",1,1,0,"midday"
60,449,85,364,"weekday","night","morningrituals","cold","grocery",1,1,0,"night"
60,451,87,364,"weekday","morning","travelling","unknown","grocery",1,1,0,"morning"
60,452,88,364,"weekend","beforelunch","working","freezing","grocery",1,1,0,"midday"
60,453,89,364,"weekday","afternoon","travelling","unknown","grocery",0,1,0,"midday"
60,454,90,364,"weekday","lunch","travelling","freezing","restaurant",0,1,0,"midday"
60,456,92,364,"unknown","beforelunch","travelling","cold","grocery",0,1,0,"midday"
60,457,93,364,"weekend","breakfast","travelling","cold","grocery",0,1,0,"morning"
60,459,95,364,"weekday","morning","travelling","cold","restaurant",1,1,0,"morning"
60,460,96,364,"weekday","afternoon","travelling","warm","restaurant",0,1,0,"midday"
60,461,97,364,"weekend","afternoon","shopping","freezing","grocery",0,1,0,"midday"
60,462,98,364,"weekend","breakfast","shopping","warm","restaurant",0,1,0,"morning"
60,463,99,364,"weekday","breakfast","travelling","freezing","grocery",0,1,0,"morning"
60,464,100,364,"weekend","morning","travelling","unknown","grocery",0,1,0,"morning"
60,467,103,364,"weekday","afternoon","unknown","cold","grocery",0,1,0,"midday"
60,472,108,364,"weekend","beforelunch","unknown","warm","restaurant",0,1,0,"midday"
60,475,111,364,"weekday","breakfast","travelling","unknown","grocery",1,1,0,"morning"
60,476,112,364,"weekday","afternoon","travelling","cold","restaurant",0,1,0,"midday"
60,478,114,364,"weekday","earlymorning","travelling","unknown","restaurant",0,1,1,"morning"
60,483,119,364,"weekday","afternoon","travelling","cold","restaurant",0,1,1,"midday"
60,484,120,364,"weekday","beforelunch","travelling","cold","grocery",0,1,1,"midday"
60,486,122,364,"weekend","morning","travelling","cold","grocery",0,1,1,"morning"
60,492,128,364,"weekday","morning","leisure","freezing","grocery",0,1,1,"morning"
60,498,134,364,"weekday","morning","travelling","cold","grocery",0,1,1,"morning"
60,502,138,364,"weekend","lunch","travelling","cold","restaurant",0,1,1,"midday"
60,503,139,364,"weekday","afternoon","travelling","freezing","grocery",0,1,1,"midday"
60,504,140,364,"weekday","lunch","unknown","hot","restaurant",0,1,1,"midday"
60,505,141,364,"weekend","afternoon","shopping","freezing","restaurant",0,1,1,"midday"
60,509,145,364,"weekday","beforelunch","travelling","freezing","restaurant",0,1,1,"midday"
60,510,146,364,"weekday","breakfast","travelling","unknown","grocery",1,1,1,"morning"
60,511,147,364,"weekend","dinner","unknown","warm","grocery",0,1,1,"night"
60,513,149,364,"weekend","afternoon","travelling","unknown","grocery",0,1,1,"midday"
60,514,150,364,"weekday","beforelunch","leisure","cold","grocery",0,1,1,"midday"
60,515,151,364,"unknown","lunch","working","unknown","restaurant",0,1,1,"midday"
60,516,152,364,"weekday","afternoon","travelling","cold","restaurant",0,1,1,"midday"
60,517,153,364,"weekday","beforelunch","travelling","freezing","restaurant",0,1,1,"midday"
60,519,155,364,"weekday","breakfast","unknown","freezing","grocery",1,1,1,"morning"
60,520,156,364,"weekend","breakfast","travelling","unknown","grocery",1,1,1,"morning"
60,521,157,364,"weekday","evening","travelling","freezing","restaurant",0,1,1,"night"
60,522,158,364,"weekend","earlymorning","shopping","unknown","restaurant",0,1,1,"morning"
60,529,165,364,"weekday","morning","travelling","hot","grocery",1,1,1,"morning"
60,534,170,364,"unknown","afternoon","travelling","cold","grocery",0,1,1,"midday"
60,535,171,364,"weekday","breakfast","travelling","cold","grocery",0,1,1,"morning"
60,536,172,364,"weekend","lunch","travelling","freezing","restaurant",1,1,1,"midday"
60,537,173,364,"weekend","breakfast","travelling","unknown","restaurant",0,1,1,"morning"
60,539,175,364,"weekday","lunch","travelling","freezing","grocery",1,1,1,"midday"
60,542,178,364,"weekday","afternoon","travelling","unknown","restaurant",1,1,1,"midday"
60,544,180,364,"weekday","beforelunch","morningrituals","unknown","grocery",0,1,1,"midday"
60,546,182,364,"weekday","lunch","travelling","freezing","grocery",0,1,1,"midday"
60,547,183,364,"weekday","beforelunch","travelling","cold","grocery",0,1,1,"midday"
61,392,18,374,"weekday","morning","travelling","unknown","restaurant",1,0,0,"morning"
61,407,33,374,"weekday","beforelunch","travelling","warm","restaurant",1,0,0,"midday"
61,409,35,374,"weekday","earlymorning","unknown","cold","restaurant",0,0,0,"morning"
61,414,40,374,"weekday","morning","travelling","cold","restaurant",0,0,0,"morning"
61,428,54,374,"weekday","night","working","warm","grocery",0,0,0,"night"
61,437,63,374,"weekend","lunch","travelling","cold","grocery",0,1,0,"midday"
61,445,71,374,"weekday","lunch","travelling","unknown","restaurant",1,1,0,"midday"
61,473,99,374,"weekday","lunch","travelling","unknown","restaurant",1,1,0,"midday"
61,478,104,374,"weekday","afternoon","unknown","freezing","grocery",1,1,0,"midday"
61,500,126,374,"weekend","afternoon","travelling","warm","restaurant",0,1,1,"midday"
61,502,128,374,"weekend","afternoon","unknown","unknown","restaurant",0,1,1,"midday"
61,517,143,374,"weekend","evening","working","freezing","restaurant",0,1,1,"night"
61,542,168,374,"weekend","beforelunch","travelling","warm","grocery",1,1,1,"midday"
62,425,48,377,"weekend","lunch","travelling","cold","grocery",0,0,0,"midday"
62,441,64,377,"weekday","afternoon","travelling","cold","restaurant",1,1,0,"midday"
62,451,74,377,"weekday","evening","travelling","warm","restaurant",1,1,0,"night"
62,478,101,377,"weekday","breakfast","unknown","freezing","grocery",1,1,0,"morning"
62,480,103,377,"weekend","beforelunch","unknown","unknown","restaurant",0,1,0,"midday"
62,519,142,377,"weekday","lunch","travelling","cold","restaurant",0,1,1,"midday"
62,521,144,377,"weekday","afternoon","travelling","hot","restaurant",0,1,1,"midday"
62,526,149,377,"weekday","afternoon","travelling","freezing","grocery",0,1,1,"midday"
62,531,154,377,"weekday","lunch","travelling","unknown","grocery",1,1,1,"midday"
62,546,169,377,"weekday","morning","unknown","freezing","restaurant",1,1,1,"morning"
63,385,0,385,"weekend","morning","travelling","unknown","restaurant",0,0,0,"morning"
63,386,1,385,"weekday","afternoon","travelling","hot","restaurant",0,0,0,"midday"
63,388,3,385,"weekday","beforelunch","unknown","unknown","restaurant",0,0,0,"midday"
63,389,4,385,"weekend","morning","working","warm","grocery",0,0,0,"morning"
63,391,6,385,"weekday","beforelunch","leisure","unknown","restaurant",0,0,0,"midday"
63,392,7,385,"weekend","morning","travelling","freezing","restaurant",1,0,0,"morning"
63,394,9,385,"weekend","morning","unknown","cold","restaurant",0,0,0,"morning"
63,395,10,385,"weekend","unknown","travelling","freezing","grocery",0,0,0,"unknown"
63,396,11,385,"weekend","afternoon","shopping","cold","restaurant",0,0,0,"midday"
63,399,14,385,"weekday","lunch","travelling","freezing","grocery",1,0,0,"midday"
63,400,15,385,"weekend","dinner","travelling","freezing","restaurant",0,0,0,"night"
63,401,16,385,"weekday","dinner","morningrituals","unknown","restaurant",1,0,0,"night"
63,405,20,385,"weekday","beforelunch","unknown","cold","grocery",0,0,0,"midday"
63,406,21,385,"weekday","beforelunch","unknown","hot","restaurant",1,0,0,"midday"
63,409,24,385,"weekday","afternoon","travelling","freezing","restaurant",0,0,0,"midday"
63,410,25,385,"weekend","afternoon","travelling","freezing","grocery",0,0,0,"midday"
63,413,28,385,"weekend","afternoon","unknown","cold","grocery",1,0,0,"midday"
63,414,29,385,"weekday","lunch","travelling","warm","grocery",0,0,0,"midday"
63,415,30,385,"unknown","earlymorning","travelling","hot","restaurant",0,0,0,"morning"
63,417,32,385,"weekday","evening","working","cold","restaurant",0,0,0,"night"
63,419,34,385,"weekday","afternoon","morningrituals","unknown","restaurant",0,0,0,"midday"
63,420,35,385,"weekday","afternoon","working","unknown","restaurant",1,0,0,"midday"
63,421,36,385,"unknown","afternoon","travelling","cold","restaurant",0,0,0,"midday"
63,422,37,385,"weekend","lunch","travelling","warm","restaurant",0,0,0,"midday"
63,423,38,385,"weekday","breakfast","travelling","freezing","restaurant",0,0,0,"morning"
63,424,39,385,"weekend","beforelunch","unknown","cold","restaurant",0,0,0,"midday"
63,425,40,385,"weekday","afternoon","shopping","cold","grocery",1,0,0,"midday"
63,426,41,385,"weekday","breakfast","travelling","warm","restaurant",0,0,0,"morning"
63,428,43,385,"weekday","afternoon","travelling","warm","grocery",0,0,0,"midday"
63,429,44,385,"weekend","beforelunch","leisure","unknown","grocery",1,0,0,"midday"
63,430,45,385,"weekday","beforelunch","travelling","hot","restaurant",0,0,0,"midday"
63,431,46,385,"weekday","morning","travelling","unknown","grocery",0,0,0,"morning"
63,432,47,385,"weekend","breakfast","travelling","unknown","grocery",0,0,0,"morning"
63,433,48,385,"weekday","afternoon","leisure","cold","restaurant",0,0,0,"midday"
63,434,49,385,"weekday","morning","travelling","cold","restaurant",0,0,0,"morning"
63,436,51,385,"weekday","lunch","unknown","cold","restaurant",0,0,0,"midday"
63,437,52,385,"weekday","lunch","working","freezing","grocery",0,0,0,"midday"
63,438,53,385,"weekend","breakfast","travelling","cold","restaurant",0,0,0,"morning"
63,441,56,385,"weekday","breakfast","unknown","unknown","restaurant",1,0,0,"morning"
63,442,57,385,"weekend","beforelunch","morningrituals","unknown","restaurant",0,1,0,"midday"
63,443,58,385,"weekday","breakfast","unknown","freezing","restaurant",0,1,0,"morning"
63,444,59,385,"weekday","lunch","travelling","hot","restaurant",0,1,0,"midday"
63,445,60,385,"weekend","afternoon","travelling","cold","restaurant",0,1,0,"midday"
63,447,62,385,"weekday","afternoon","travelling","warm","restaurant",1,1,0,"midday"
63,448,63,385,"weekend","afternoon","travelling","unknown","grocery",0,1,0,"midday"
63,449,64,385,"weekend","lunch","travelling","cold","grocery",0,1,0,"midday"
63,450,65,385,"weekday","dinner","travelling","cold","grocery",1,1,0,"night"
63,451,66,385,"weekday","lunch","working","warm","grocery",0,1,0,"midday"
63,452,67,385,"weekday","beforelunch","travelling","warm","restaurant",0,1,0,"midday"
63,454,69,385,"weekday","beforelunch","travelling","cold","restaurant",0,1,0,"midday"
63,455,70,385,"weekend","lunch","travelling","hot","restaurant",0,1,0,"midday"
63,456,71,385,"weekend","lunch","travelling","warm","restaurant",0,1,0,"midday"
63,458,73,385,"weekday","afternoon","leisure","cold","grocery",1,1,0,"midday"
63,460,75,385,"weekday","morning","travelling","unknown","grocery",1,1,0,"morning"
63,461,76,385,"weekday","night","unknown","freezing","restaurant",0,1,0,"night"
63,462,77,385,"weekday","afternoon","working","freezing","restaurant",1,1,0,"midday"
63,463,78,385,"weekday","beforelunch","travelling","cold","restaurant",1,1,0,"midday"
63,464,79,385,"weekday","lunch","unknown","unknown","grocery",1,1,0,"midday"
63,465,80,385,"unknown","breakfast","shopping","unknown","grocery",0,1,0,"morning"
63,467,82,385,"weekday","lunch","travelling","freezing","grocery",0,1,0,"midday"
63,469,84,385,"weekday","beforelunch","travelling","freezing","restaurant",1,1,0,"midday"
63,470,85,385,"weekday","lunch","travelling","warm","grocery",0,1,0,"midday"
63,472,87,385,"weekend","afternoon","leisure","hot","restaurant",1,1,0,"midday"
63,473,88,385,"weekend","lunch","travelling","unknown","restaurant",1,1,0,"midday"
63,474,89,385,"weekend","lunch","working","cold","grocery",1,1,0,"midday"
63,475,90,385,"weekend","lunch","travelling","cold","grocery",0,1,0,"midday"
63,477,92,385,"weekday","afternoon","travelling","freezing","restaurant",1,1,0,"midday"
63,478,93,385,"weekday","breakfast","social","warm","restaurant",1,1,0,"morning"
63,479,94,385,"weekday","beforelunch","travelling","warm","restaurant",1,1,0,"midday"
63,481,96,385,"weekday","afternoon","travelling","freezing","grocery",0,1,0,"midday"
63,482,97,385,"weekday","breakfast","travelling","freezing","restaurant",0,1,0,"morning"
63,484,99,385,"weekday","beforelunch","working","unknown","restaurant",0,1,0,"midday"
63,485,100,385,"weekday","afternoon","travelling","freezing","grocery",0,1,0,"midday"
63,486,101,385,"weekday","breakfast","shopping","unknown","grocery",0,1,0,"morning"
63,487,102,385,"weekday","beforelunch","leisure","unknown","restaurant",0,1,0,"midday"
63,488,103,385,"weekday","evening","travelling","unknown","restaurant",0,1,0,"night"
63,490,105,385,"weekend","afternoon","unknown","cold","restaurant",0,1,0,"midday"
63,492,107,385,"weekday","afternoon","unknown","freezing","grocery",0,1,0,"midday"
63,493,108,385,"weekend","dinner","travelling","cold","grocery",0,1,0,"night"
63,494,109,385,"weekend","unknown","travelling","freezing","grocery",0,1,0,"unknown"
63,496,111,385,"weekday","night","working","cold","grocery",0,1,0,"night"
63,497,112,385,"weekday","lunch","travelling","cold","restaurant",0,1,0,"midday"
63,498,113,385,"weekend","afternoon","travelling","freezing","grocery",0,1,1,"midday"
63,499,114,385,"weekday","afternoon","unknown","hot","restaurant",1,1,1,"midday"
63,500,115,385,"weekend","beforelunch","travelling","cold","restaurant",0,1,1,"midday"
63,503,118,385,"weekday","afternoon","travelling","cold","restaurant",1,1,1,"midday"
63,504,119,385,"weekday","breakfast","morningrituals","freezing","restaurant",0,1,1,"morning"
63,506,121,385,"weekday","lunch","working","warm","grocery",0,1,1,"midday"
63,507,122,385,"weekend","earlymorning","travelling","freezing","restaurant",0,1,1,"morning"
63,509,124,385,"weekday","lunch","shopping","freezing","grocery",0,1,1,"midday"
63,511,126,385,"weekday","lunch","travelling","hot","grocery",0,1,1,"midday"
63,512,127,385,"weekday","beforelunch","travelling","warm","restaurant",0,1,1,"midday"
63,513,128,385,"weekday","afternoon","unknown","freezing","restaurant",0,1,1,"midday"
63,514,129,385,"weekday","breakfast","travelling","hot","restaurant",0,1,1,"morning"
63,516,131,385,"weekday","morning","travelling","cold","restaurant",0,1,1,"morning"
63,517,132,385,"weekend","afternoon","working","cold","grocery",0,1,1,"midday"
63,518,133,385,"weekday","lunch","leisure","cold","grocery",0,1,1,"midday"
63,519,134,385,"weekend","morning","leisure","freezing","grocery",0,1,1,"morning"
63,520,135,385,"weekday","lunch","travelling","unknown","grocery",0,1,1,"midday"
63,521,136,385,"weekday","morning","travelling","unknown","restaurant",0,1,1,"morning"
63,522,137,385,"weekday","beforelunch","unknown","cold","restaurant",0,1,1,"midday"
63,523,138,385,"weekday","lunch","travelling","unknown","grocery",0,1,1,"midday"
63,524,139,385,"weekday","beforelunch","travelling","unknown","grocery",1,1,1,"midday"
63,525,140,385,"weekday","earlymorning","working","cold","grocery",0,1,1,"morning"
63,526,141,385,"weekday","breakfast","travelling","unknown","grocery",0,1,1,"morning"
63,527,142,385,"weekend","lunch","shopping","cold","grocery",0,1,1,"midday"
63,528,143,385,"weekday","afternoon","travelling","cold","grocery",0,1,1,"midday"
63,529,144,385,"weekday","night","leisure","freezing","restaurant",0,1,1,"night"
63,531,146,385,"weekday","lunch","travelling","unknown","restaurant",0,1,1,"midday"
63,532,147,385,"weekday","afternoon","travelling","hot","restaurant",1,1,1,"midday"
63,533,148,385,"weekday","unknown","leisure","unknown","restaurant",0,1,1,"unknown"
63,535,150,385,"weekend","beforelunch","travelling","hot","restaurant",0,1,1,"midday"
63,536,151,385,"weekday","breakfast","working","cold","grocery",1,1,1,"morning"
63,538,153,385,"weekend","beforelunch","travelling","warm","restaurant",0,1,1,"midday"
63,539,154,385,"weekend","breakfast","travelling","hot","grocery",0,1,1,"morning"
63,540,155,385,"weekday","latenight","travelling","freezing","grocery",1,1,1,"night"
63,541,156,385,"weekend","afternoon","travelling","freezing","grocery",1,1,1,"midday"
63,542,157,385,"weekday","afternoon","working","cold","grocery",0,1,1,"midday"
63,544,159,385,"weekday","breakfast","travelling","unknown","grocery",1,1,1,"morning"
63,546,161,385,"weekday","breakfast","leisure","unknown","grocery",1,1,1,"morning"
63,547,162,385,"weekday","breakfast","leisure","unknown","grocery",0,1,1,"morning"
63,548,163,385,"weekday","morning","travelling","freezing","restaurant",0,1,1,"morning"
63,550,165,385,"weekday","afternoon","travelling","warm","restaurant",0,1,1,"midday"
63,551,166,385,"weekday","afternoon","working","unknown","grocery",0,1,1,"midday"
63,552,167,385,"weekend","afternoon","working","unknown","grocery",1,1,1,"midday"
63,553,168,385,"weekday","beforelunch","leisure","cold","grocery",0,1,1,"midday"
63,554,169,385,"weekday","afternoon","travelling","freezing","restaurant",0,1,1,"midday"
63,555,170,385,"weekend","lunch","morningrituals","cold","grocery",1,1,1,"midday"
63,556,171,385,"weekday","afternoon","working","unknown","grocery",0,1,1,"midday"
63,558,173,385,"weekday","morning","travelling","unknown","restaurant",1,1,1,"morning"
63,559,174,385,"weekday","afternoon","unknown","cold","grocery",1,1,1,"midday"
63,560,175,385,"weekday","morning","unknown","freezing","restaurant",0,1,1,"morning"
63,562,177,385,"weekday","beforelunch","travelling","cold","grocery",0,1,1,"midday"
63,563,178,385,"weekday","afternoon","working","unknown","restaurant",1,1,1,"midday"
63,564,179,385,"weekday","beforelunch","travelling","freezing","restaurant",1,1,1,"midday"
63,565,180,385,"weekday","afternoon","travelling","unknown","grocery",0,1,1,"midday"
63,566,181,385,"weekend","beforelunch","shopping","freezing","grocery",0,1,1,"midday"
63,567,182,385,"weekday","lunch","working","cold","restaurant",1,1,1,"midday"
64,390,0,390,"weekday","earlymorning","unknown","warm","grocery",0,0,0,"morning"
64,391,1,390,"weekend","morning","shopping","freezing","grocery",1,0,0,"morning"
64,393,3,390,"weekday","breakfast","unknown","unknown","grocery",0,0,0,"morning"
64,394,4,390,"weekday","afternoon","travelling","cold","restaurant",1,0,0,"midday"
64,402,12,390,"weekend","lunch","travelling","cold","grocery",0,0,0,"midday"
64,408,18,390,"weekday","lunch","travelling","unknown","grocery",1,0,0,"midday"
64,409,19,390,"weekday","afternoon","travelling","unknown","grocery",0,0,0,"midday"
64,410,20,390,"weekday","breakfast","morningrituals","freezing","grocery",0,0,0,"morning"
64,411,21,390,"weekday","afternoon","working","cold","restaurant",0,0,0,"midday"
64,415,25,390,"weekday","afternoon","working","unknown","grocery",0,0,0,"midday"
64,416,26,390,"weekday","afternoon","travelling","freezing","grocery",0,0,0,"midday"
64,419,29,390,"unknown","beforelunch","travelling","cold","grocery",0,0,0,"midday"
64,420,30,390,"weekday","lunch","travelling","unknown","grocery",1,0,0,"midday"
64,421,31,390,"weekday","afternoon","working","freezing","grocery",1,0,0,"midday"
64,423,33,390,"weekday","afternoon","unknown","warm","grocery",0,0,0,"midday"
64,425,35,390,"weekday","afternoon","working","freezing","restaurant",0,0,0,"midday"
64,426,36,390,"weekday","lunch","working","cold","restaurant",0,0,0,"midday"
64,427,37,390,"weekday","lunch","travelling","freezing","grocery",1,0,0,"midday"
64,429,39,390,"weekend","afternoon","working","freezing","restaurant",0,0,0,"midday"
64,431,41,390,"weekend","afternoon","travelling","warm","restaurant",0,0,0,"midday"
64,434,44,390,"weekday","lunch","travelling","freezing","restaurant",1,0,0,"midday"
64,437,47,390,"weekend","beforelunch","travelling","cold","restaurant",0,0,0,"midday"
64,439,49,390,"unknown","breakfast","unknown","unknown","restaurant",0,0,0,"morning"
64,440,50,390,"weekday","afternoon","travelling","unknown","restaurant",1,0,0,"midday"
64,443,53,390,"weekend","beforelunch","travelling","warm","restaurant",1,0,0,"midday"
64,444,54,390,"weekday","afternoon","working","cold","restaurant",1,0,0,"midday"
64,447,57,390,"weekend","lunch","unknown","unknown","restaurant",0,1,0,"midday"
64,448,58,390,"weekday","beforelunch","working","hot","restaurant",0,1,0,"midday"
64,451,61,390,"weekday","lunch","travelling","cold","grocery",1,1,0,"midday"
64,452,62,390,"weekday","lunch","travelling","unknown","grocery",0,1,0,"midday"
64,455,65,390,"weekday","afternoon","travelling","freezing","restaurant",1,1,0,"midday"
64,459,69,390,"unknown","afternoon","travelling","cold","grocery",1,1,0,"midday"
64,462,72,390,"weekday","beforelunch","leisure","warm","restaurant",0,1,0,"midday"
64,463,73,390,"weekday","afternoon","unknown","cold","restaurant",0,1,0,"midday"
64,465,75,390,"weekday","lunch","travelling","cold","restaurant",0,1,0,"midday"
64,468,78,390,"weekday","lunch","working","cold","restaurant",1,1,0,"midday"
64,470,80,390,"weekend","earlymorning","travelling","warm","restaurant",1,1,0,"morning"
64,471,81,390,"weekend","lunch","travelling","cold","grocery",0,1,0,"midday"
64,476,86,390,"weekday","lunch","working","warm","restaurant",0,1,0,"midday"
64,481,91,390,"weekend","breakfast","travelling","warm","restaurant",0,1,0,"morning"
64,483,93,390,"weekday","unknown","working","unknown","restaurant",0,1,0,"unknown"
64,484,94,390,"weekend","lunch","travelling","unknown","grocery",1,1,0,"midday"
64,485,95,390,"weekend","night","travelling","cold","grocery",0,1,0,"night"
64,487,97,390,"weekday","lunch","travelling","freezing","restaurant",0,1,0,"midday"
64,490,100,390,"weekend","dinner","unknown","cold","restaurant",0,1,0,"night"
64,491,101,390,"weekday","earlymorning","working","warm","restaurant",0,1,0,"morning"
64,495,105,390,"weekday","beforelunch","travelling","unknown","grocery",0,1,0,"midday"
64,497,107,390,"weekday","lunch","leisure","warm","grocery",1,1,0,"midday"
64,498,108,390,"weekday","beforelunch","unknown","cold","restaurant",0,1,0,"midday"
64,499,109,390,"weekday","evening","working","unknown","grocery",0,1,0,"night"
64,500,110,390,"weekday","afternoon","travelling","hot","grocery",0,1,0,"midday"
64,501,111,390,"weekend","lunch","unknown","unknown","restaurant",0,1,0,"midday"
64,502,112,390,"weekend","afternoon","unknown","cold","restaurant",0,1,0,"midday"
64,505,115,390,"weekday","earlymorning","unknown","freezing","restaurant",0,1,1,"morning"
64,506,116,390,"weekday","beforelunch","travelling","cold","grocery",0,1,1,"midday"
64,507,117,390,"weekend","beforelunch","travelling","warm","grocery",1,1,1,"midday"
64,508,118,390,"weekday","breakfast","travelling","freezing","restaurant",0,1,1,"morning"
64,512,122,390,"weekday","morning","travelling","freezing","grocery",0,1,1,"morning"
64,513,123,390,"weekend","beforelunch","morningrituals","warm","grocery",0,1,1,"midday"
64,515,125,390,"weekday","lunch","working","hot","restaurant",0,1,1,"midday"
64,518,128,390,"weekend","lunch","travelling","freezing","restaurant",0,1,1,"midday"
64,520,130,390,"weekday","breakfast","travelling","freezing","restaurant",1,1,1,"morning"
64,526,136,390,"weekday","afternoon","travelling","warm","grocery",0,1,1,"midday"
64,527,137,390,"weekend","afternoon","morningrituals","cold","grocery",1,1,1,"midday"
64,528,138,390,"weekend","dinner","working","unknown","grocery",0,1,1,"night"
64,530,140,390,"weekday","beforelunch","working","warm","grocery",1,1,1,"midday"
64,531,141,390,"weekday","afternoon","travelling","cold","grocery",0,1,1,"midday"
64,532,142,390,"weekday","beforelunch","travelling","cold","restaurant",0,1,1,"midday"
64,534,144,390,"weekday","lunch","travelling","cold","restaurant",1,1,1,"midday"
64,535,145,390,"weekday","lunch","travelling","freezing","restaurant",0,1,1,"midday"
64,537,147,390,"weekday","afternoon","working","hot","restaurant",1,1,1,"midday"
64,539,149,390,"weekday","breakfast","leisure","unknown","restaurant",0,1,1,"morning"
64,541,151,390,"weekday","afternoon","travelling","unknown","restaurant",0,1,1,"midday"
64,542,152,390,"weekday","lunch","travelling","freezing","grocery",1,1,1,"midday"
64,543,153,390,"weekday","lunch","shopping","cold","grocery",0,1,1,"midday"
64,546,156,390,"weekend","breakfast","travelling","warm","grocery",0,1,1,"morning"
64,551,161,390,"weekend","lunch","travelling","cold","restaurant",0,1,1,"midday"
64,554,164,390,"weekend","breakfast","unknown","warm","restaurant",1,1,1,"morning"
64,555,165,390,"weekday","beforelunch","travelling","unknown","grocery",0,1,1,"midday"
64,557,167,390,"weekday","breakfast","leisure","warm","restaurant",0,1,1,"morning"
64,558,168,390,"weekday","afternoon","unknown","warm","restaurant",0,1,1,"midday"
64,564,174,390,"weekday","afternoon","travelling","freezing","restaurant",0,1,1,"midday"
64,566,176,390,"weekday","lunch","travelling","warm","grocery",0,1,1,"midday"
64,567,177,390,"weekday","morning","unknown","unknown","restaurant",0,1,1,"morning"
64,568,178,390,"weekday","unknown","travelling","cold","restaurant",0,1,1,"unknown"
65,399,0,399,"weekend","lunch","travelling","freezing","restaurant",0,0,0,"midday"
65,404,5,399,"weekday","lunch","travelling","cold","grocery",1,0,0,"midday"
65,406,7,399,"weekend","afternoon","travelling","hot","grocery",0,0,0,"midday"
65,409,10,399,"weekday","beforelunch","travelling","unknown","restaurant",0,0,0,"midday"
65,415,16,399,"weekday","lunch","travelling","cold","grocery",0,0,0,"midday"
65,419,20,399,"weekday","beforelunch","travelling","cold","restaurant",1,0,0,"midday"
65,420,21,399,"weekend","breakfast","travelling","cold","grocery",0,0,0,"morning"
65,422,23,399,"weekend","afternoon","working","cold","restaurant",1,0,0,"midday"
65,423,24,399,"unknown","beforelunch","unknown","cold","grocery",0,0,0,"midday"
65,424,25,399,"weekend","afternoon","travelling","unknown","grocery",0,0,0,"midday"
65,432,33,399,"weekday","afternoon","travelling","warm","grocery",0,0,0,"midday"
65,435,36,399,"weekday","morning","travelling","warm","restaurant",0,0,0,"morning"
65,437,38,399,"weekday","afternoon","travelling","freezing","restaurant",0,0,0,"midday"
65,440,41,399,"weekday","evening","unknown","freezing","restaurant",0,0,0,"night"
65,441,42,399,"weekday","earlymorning","unknown","unknown","grocery",0,0,0,"morning"
65,447,48,399,"weekday","lunch","leisure","cold","restaurant",1,0,0,"midday"
65,448,49,399,"weekday","unknown","travelling","unknown","restaurant",0,0,0,"unknown"
65,451,52,399,"weekend","lunch","shopping","warm","grocery",1,0,0,"midday"
65,452,53,399,"weekday","beforelunch","working","cold","restaurant",0,0,0,"midday"
65,453,54,399,"weekday","afternoon","leisure","unknown","restaurant",0,0,0,"midday"
65,454,55,399,"weekday","lunch","leisure","cold","restaurant",0,0,0,"midday"
65,455,56,399,"weekday","breakfast","shopping","unknown","grocery",0,0,0,"morning"
65,460,61,399,"weekend","breakfast","unknown","hot","grocery",1,1,0,"morning"
65,461,62,399,"weekday","afternoon","leisure","cold","restaurant",0,1,0,"midday"
65,463,64,399,"weekday","beforelunch","leisure","freezing","restaurant",1,1,0,"midday"
65,467,68,399,"weekday","lunch","travelling","unknown","grocery",0,1,0,"midday"
65,478,79,399,"weekday","afternoon","morningrituals","unknown","restaurant",1,1,0,"midday"
65,480,81,399,"weekday","afternoon","unknown","unknown","restaurant",0,1,0,"midday"
65,484,85,399,"weekday","afternoon","travelling","unknown","grocery",1,1,0,"midday"
65,488,89,399,"weekend","lunch","leisure","freezing","grocery",0,1,0,"midday"
65,489,90,399,"weekend","afternoon","travelling","unknown","restaurant",1,1,0,"midday"
65,491,92,399,"weekday","morning","unknown","cold","restaurant",1,1,0,"morning"
65,493,94,399,"weekday","unknown","travelling","warm","grocery",0,1,0,"unknown"
65,494,95,399,"weekend","dinner","unknown","warm","restaurant",0,1,0,"night"
65,496,97,399,"weekday","breakfast","travelling","warm","restaurant",0,1,0,"morning"
65,503,104,399,"weekday","breakfast","unknown","warm","restaurant",0,1,0,"morning"
65,504,105,399,"weekend","afternoon","unknown","unknown","grocery",0,1,0,"midday"
65,505,106,399,"weekday","beforelunch","unknown","warm","grocery",0,1,0,"midday"
65,507,108,399,"weekday","lunch","travelling","warm","grocery",0,1,0,"midday"
65,508,109,399,"weekend","beforelunch","shopping","hot","restaurant",0,1,0,"midday"
65,510,111,399,"weekday","afternoon","travelling","unknown","restaurant",0,1,0,"midday"
65,517,118,399,"weekday","afternoon","travelling","unknown","grocery",1,1,1,"midday"
65,521,122,399,"weekday","beforelunch","travelling","cold","restaurant",0,1,1,"midday"
65,524,125,399,"weekday","beforelunch","unknown","freezing","restaurant",0,1,1,"midday"
65,526,127,399,"weekday","beforelunch","travelling","warm","restaurant",0,1,1,"midday"
65,531,132,399,"unknown","afternoon","travelling","unknown","grocery",0,1,1,"midday"
65,532,133,399,"weekend","lunch","leisure","cold","restaurant",1,1,1,"midday"
65,534,135,399,"weekday","beforelunch","unknown","freezing","grocery",0,1,1,"midday"
65,537,138,399,"weekday","lunch","travelling","freezing","restaurant",1,1,1,"midday"
65,538,139,399,"weekday","lunch","travelling","cold","grocery",0,1,1,"midday"
65,543,144,399,"weekend","morning","travelling","cold","restaurant",0,1,1,"morning"
65,545,146,399,"weekday","lunch","travelling","cold","grocery",0,1,1,"midday"
65,546,147,399,"weekday","unknown","leisure","freezing","restaurant",0,1,1,"unknown"
65,549,150,399,"unknown","beforelunch","travelling","cold","grocery",0,1,1,"midday"
65,550,151,399,"weekday","breakfast","travelling","cold","grocery",1,1,1,"morning"
65,551,152,399,"weekday","lunch","travelling","freezing","grocery",1,1,1,"midday"
65,552,153,399,"weekend","breakfast","travelling","cold","grocery",0,1,1,"morning"
65,554,155,399,"weekday","beforelunch","unknown","freezing","restaurant",0,1,1,"midday"
65,561,162,399,"weekday","beforelunch","travelling","cold","restaurant",1,1,1,"midday"
65,562,163,399,"weekend","breakfast","working","freezing","grocery",1,1,1,"morning"
65,564,165,399,"weekday","beforelunch","travelling","freezing","restaurant",1,1,1,"midday"
65,565,166,399,"weekend","afternoon","travelling","cold","grocery",0,1,1,"midday"
65,567,168,399,"weekday","afternoon","unknown","warm","grocery",0,1,1,"midday"
65,569,170,399,"weekday","afternoon","travelling","cold","grocery",1,1,1,"midday"
65,572,173,399,"weekday","beforelunch","travelling","unknown","grocery",1,1,1,"midday"
65,573,174,399,"weekday","breakfast","shopping","cold","grocery",0,1,1,"morning"
65,577,178,399,"weekday","afternoon","travelling","unknown","restaurant",1,1,1,"midday"
65,580,181,399,"weekend","breakfast","unknown","cold","restaurant",1,1,1,"morning"
66,413,8,405,"weekend","lunch","travelling","cold","grocery",0,0,0,"midday"
66,419,14,405,"weekday","lunch","travelling","unknown","grocery",0,0,0,"midday"
66,425,20,405,"weekend","lunch","leisure","warm","restaurant",0,0,0,"midday"
66,436,31,405,"weekday","unknown","leisure","cold","grocery",0,0,0,"unknown"
66,449,44,405,"weekend","afternoon","travelling","warm","grocery",0,0,0,"midday"
66,450,45,405,"weekend","afternoon","travelling","warm","grocery",0,0,0,"midday"
66,455,50,405,"weekday","afternoon","travelling","unknown","restaurant",1,0,0,"midday"
66,456,51,405,"weekend","afternoon","unknown","cold","restaurant",0,0,0,"midday"
66,471,66,405,"weekday","afternoon","travelling","unknown","grocery",0,1,0,"midday"
66,475,70,405,"weekday","afternoon","travelling","unknown","restaurant",1,1,0,"midday"
66,480,75,405,"weekday","lunch","travelling","cold","restaurant",0,1,0,"midday"
66,501,96,405,"weekday","afternoon","travelling","unknown","restaurant",0,1,0,"midday"
66,502,97,405,"weekend","afternoon","shopping","unknown","grocery",0,1,0,"midday"
66,507,102,405,"unknown","lunch","travelling","unknown","grocery",0,1,0,"midday"
66,510,105,405,"weekday","dinner","travelling","unknown","restaurant",1,1,0,"night"
66,516,111,405,"weekend","afternoon","travelling","warm","restaurant",1,1,0,"midday"
66,521,116,405,"weekday","lunch","unknown","cold","restaurant",1,1,1,"midday"
66,526,121,405,"weekday","night","travelling","freezing","restaurant",0,1,1,"night"
66,542,137,405,"weekend","morning","working","cold","grocery",0,1,1,"morning"
66,550,145,405,"weekday","afternoon","travelling","warm","restaurant",0,1,1,"midday"
66,555,150,405,"weekday","afternoon","working","cold","grocery",1,1,1,"midday"
66,558,153,405,"weekday","afternoon","travelling","cold","restaurant",1,1,1,"midday"
66,560,155,405,"weekday","lunch","unknown","freezing","grocery",0,1,1,"midday"
66,569,164,405,"weekday","beforelunch","travelling","warm","grocery",1,1,1,"midday"
66,571,166,405,"weekend","afternoon","travelling","freezing","grocery",0,1,1,"midday"
66,573,168,405,"weekday","evening","unknown","cold","grocery",0,1,1,"night"
66,582,177,405,"weekend","lunch","travelling","freezing","grocery",0,1,1,"midday"
66,584,179,405,"weekend","afternoon","travelling","warm","grocery",0,1,1,"midday"
66,586,181,405,"weekday","afternoon","travelling","warm","restaurant",0,1,1,"midday"
67,406,0,406,"weekend","afternoon","leisure","unknown","restaurant",0,0,0,"midday"
67,407,1,406,"weekday","breakfast","travelling","cold","grocery",0,0,0,"morning"
67,408,2,406,"weekday","beforelunch","travelling","hot","restaurant",1,0,0,"midday"
67,409,3,406,"weekday","afternoon","travelling","warm","grocery",0,0,0,"midday"
67,410,4,406,"weekday","lunch","unknown","cold","restaurant",0,0,0,"midday"
67,411,5,406,"weekday","breakfast","travelling","cold","restaurant",1,0,0,"morning"
67,413,7,406,"weekday","afternoon","travelling","freezing","restaurant",1,0,0,"midday"
67,415,9,406,"weekend","lunch","travelling","cold","grocery",1,0,0,"midday"
67,416,10,406,"weekday","breakfast","travelling","freezing","grocery",0,0,0,"morning"
67,417,11,406,"weekday","beforelunch","unknown","warm","restaurant",1,0,0,"midday"
67,418,12,406,"weekday","lunch","travelling","cold","grocery",1,0,0,"midday"
67,419,13,406,"weekend","lunch","travelling","freezing","restaurant",0,0,0,"midday"
67,420,14,406,"weekday","afternoon","unknown","warm","grocery",1,0,0,"midday"
67,421,15,406,"weekend","beforelunch","unknown","cold","restaurant",1,0,0,"midday"
67,422,16,406,"weekday","breakfast","travelling","cold","grocery",0,0,0,"morning"
67,424,18,406,"weekday","afternoon","shopping","freezing","restaurant",1,0,0,"midday"
67,425,19,406,"weekday","breakfast","travelling","cold","restaurant",0,0,0,"morning"
67,426,20,406,"weekday","earlymorning","working","unknown","grocery",0,0,0,"morning"
67,427,21,406,"weekday","beforelunch","working","freezing","grocery",1,0,0,"midday"
67,428,22,406,"weekday","afternoon","leisure","cold","restaurant",0,0,0,"midday"
67,429,23,406,"weekend","morning","morningrituals","cold","grocery",1,0,0,"morning"
67,432,26,406,"weekday","breakfast","travelling","unknown","restaurant",1,0,0,"morning"
67,433,27,406,"weekday","afternoon","travelling","cold","restaurant",0,0,0,"midday"
67,437,31,406,"weekday","lunch","travelling","unknown","grocery",1,0,0,"midday"
67,441,35,406,"weekday","lunch","travelling","unknown","grocery",0,0,0,"midday"
67,444,38,406,"unknown","lunch","travelling","unknown","grocery",0,0,0,"midday"
67,445,39,406,"weekday","dinner","travelling","warm","grocery",0,0,0,"night"
67,448,42,406,"weekend","afternoon","travelling","cold","grocery",0,0,0,"midday"
67,450,44,406,"weekend","evening","travelling","freezing","restaurant",0,0,0,"night"
67,451,45,406,"weekday","afternoon","working","warm","restaurant",0,0,0,"midday"
67,452,46,406,"weekend","afternoon","leisure","cold","grocery",0,0,0,"midday"
67,454,48,406,"weekday","afternoon","travelling","cold","grocery",0,0,0,"midday"
67,455,49,406,"weekday","morning","travelling","cold","grocery",1,0,0,"morning"
67,456,50,406,"weekend","afternoon","travelling","unknown","grocery",0,0,0,"midday"
67,461,55,406,"weekday","morning","travelling","freezing","grocery",1,0,0,"morning"
67,464,58,406,"weekday","breakfast","travelling","warm","grocery",0,1,0,"morning"
67,467,61,406,"weekend","afternoon","unknown","unknown","restaurant",0,1,0,"midday"
67,468,62,406,"weekday","beforelunch","travelling","unknown","grocery",1,1,0,"midday"
67,470,64,406,"weekday","earlymorning","travelling","unknown","grocery",0,1,0,"morning"
67,471,65,406,"weekend","afternoon","travelling","cold","grocery",0,1,0,"midday"
67,474,68,406,"weekend","breakfast","travelling","cold","grocery",1,1,0,"morning"
67,475,69,406,"weekday","lunch","travelling","freezing","grocery",1,1,0,"midday"
67,476,70,406,"weekday","lunch","travelling","cold","restaurant",1,1,0,"midday"
67,479,73,406,"weekday","morning","travelling","warm","grocery",0,1,0,"morning"
67,481,75,406,"weekday","afternoon","travelling","freezing","grocery",0,1,0,"midday"
67,482,76,406,"weekday","beforelunch","travelling","freezing","restaurant",0,1,0,"midday"
67,483,77,406,"weekday","afternoon","unknown","hot","restaurant",0,1,0,"midday"
67,485,79,406,"weekday","lunch","travelling","cold","restaurant",1,1,0,"midday"
67,487,81,406,"weekday","beforelunch","travelling","freezing","restaurant",1,1,0,"midday"
67,488,82,406,"weekday","lunch","unknown","unknown","grocery",0,1,0,"midday"
67,490,84,406,"weekday","lunch","travelling","unknown","grocery",0,1,0,"midday"
67,491,85,406,"weekday","lunch","shopping","cold","restaurant",0,1,0,"midday"
67,492,86,406,"weekday","beforelunch","travelling","cold","grocery",0,1,0,"midday"
67,496,90,406,"weekday","breakfast","travelling","unknown","restaurant",0,1,0,"morning"
67,497,91,406,"weekday","beforelunch","unknown","freezing","grocery",1,1,0,"midday"
67,498,92,406,"weekday","beforelunch","travelling","unknown","grocery",0,1,0,"midday"
67,501,95,406,"weekend","beforelunch","travelling","cold","restaurant",0,1,0,"midday"
67,502,96,406,"weekday","unknown","travelling","unknown","grocery",1,1,0,"unknown"
67,503,97,406,"weekday","breakfast","travelling","unknown","grocery",0,1,0,"morning"
67,504,98,406,"weekday","morning","travelling","unknown","grocery",0,1,0,"morning"
67,505,99,406,"weekday","breakfast","unknown","cold","restaurant",0,1,0,"morning"
67,506,100,406,"weekday","morning","travelling","hot","restaurant",0,1,0,"morning"
67,507,101,406,"weekday","afternoon","travelling","freezing","restaurant",1,1,0,"midday"
67,509,103,406,"weekday","lunch","working","unknown","restaurant",0,1,0,"midday"
67,510,104,406,"weekday","afternoon","travelling","cold","grocery",0,1,0,"midday"
67,511,105,406,"weekday","breakfast","travelling","freezing","grocery",1,1,0,"morning"
67,513,107,406,"weekday","beforelunch","travelling","hot","grocery",0,1,0,"midday"
67,514,108,406,"weekday","breakfast","travelling","unknown","grocery",0,1,0,"morning"
67,515,109,406,"weekday","afternoon","unknown","cold","grocery",0,1,0,"midday"
67,516,110,406,"weekend","morning","travelling","cold","restaurant",0,1,0,"morning"
67,518,112,406,"weekend","afternoon","travelling","warm","restaurant",0,1,0,"midday"
67,520,114,406,"weekday","morning","travelling","freezing","grocery",0,1,1,"morning"
67,523,117,406,"weekday","breakfast","unknown","freezing","restaurant",0,1,1,"morning"
67,526,120,406,"weekday","lunch","travelling","freezing","grocery",1,1,1,"midday"
67,527,121,406,"weekend","lunch","travelling","freezing","grocery",0,1,1,"midday"
67,528,122,406,"weekend","dinner","shopping","unknown","grocery",1,1,1,"night"
67,529,123,406,"weekday","afternoon","travelling","cold","grocery",0,1,1,"midday"
67,530,124,406,"weekday","morning","shopping","hot","grocery",0,1,1,"morning"
67,531,125,406,"weekday","afternoon","travelling","unknown","restaurant",1,1,1,"midday"
67,535,129,406,"weekday","lunch","shopping","freezing","restaurant",1,1,1,"midday"
67,539,133,406,"weekday","morning","travelling","unknown","restaurant",0,1,1,"morning"
67,541,135,406,"weekday","breakfast","travelling","unknown","grocery",1,1,1,"morning"
67,542,136,406,"weekday","lunch","travelling","cold","grocery",0,1,1,"midday"
67,546,140,406,"weekday","lunch","travelling","unknown","restaurant",0,1,1,"midday"
67,547,141,406,"weekday","lunch","travelling","unknown","grocery",0,1,1,"midday"
67,548,142,406,"weekend","dinner","travelling","warm","grocery",0,1,1,"night"
67,549,143,406,"weekday","beforelunch","working","warm","grocery",0,1,1,"midday"
67,550,144,406,"weekend","unknown","leisure","cold","grocery",0,1,1,"unknown"
67,556,150,406,"weekday","lunch","travelling","cold","restaurant",0,1,1,"midday"
67,559,153,406,"weekday","lunch","leisure","freezing","grocery",0,1,1,"midday"
67,560,154,406,"weekday","afternoon","travelling","cold","grocery",0,1,1,"midday"
67,563,157,406,"weekday","afternoon","travelling","hot","restaurant",1,1,1,"midday"
67,564,158,406,"weekend","earlymorning","travelling","freezing","restaurant",1,1,1,"morning"
67,565,159,406,"weekday","afternoon","travelling","cold","grocery",1,1,1,"midday"
67,566,160,406,"unknown","beforelunch","travelling","unknown","grocery",0,1,1,"midday"
67,567,161,406,"weekend","lunch","travelling","freezing","restaurant",0,1,1,"midday"
67,568,162,406,"weekday","afternoon","travelling","cold","grocery",0,1,1,"midday"
67,569,163,406,"weekend","breakfast","travelling","unknown","restaurant",0,1,1,"morning"
67,570,164,406,"weekday","beforelunch","travelling","unknown","grocery",0,1,1,"midday"
67,571,165,406,"weekday","breakfast","workingout","unknown","grocery",0,1,1,"morning"
67,572,166,406,"weekday","lunch","leisure","unknown","grocery",1,1,1,"midday"
67,574,168,406,"weekday","beforelunch","leisure","unknown","grocery",1,1,1,"midday"
67,575,169,406,"weekday","breakfast","leisure","cold","restaurant",1,1,1,"morning"
67,576,170,406,"weekend","afternoon","travelling","warm","restaurant",0,1,1,"midday"
67,577,171,406,"weekend","beforelunch","unknown","warm","grocery",1,1,1,"midday"
67,578,172,406,"weekend","lunch","leisure","cold","restaurant",0,1,1,"midday"
67,579,173,406,"weekday","lunch","travelling","warm","restaurant",0,1,1,"midday"
67,584,178,406,"weekday","breakfast","travelling","unknown","restaurant",0,1,1,"morning"
67,585,179,406,"weekday","lunch","travelling","freezing","restaurant",0,1,1,"midday"
67,586,180,406,"unknown","breakfast","travelling","cold","grocery",0,1,1,"morning"
67,588,182,406,"weekday","afternoon","travelling","warm","grocery",1,1,1,"midday"
67,589,183,406,"weekend","morning","travelling","freezing","grocery",0,1,1,"morning"
68,416,3,413,"weekday","lunch","unknown","warm","restaurant",0,0,0,"midday"
68,431,18,413,"weekday","lunch","travelling","freezing","restaurant",1,0,0,"midday"
68,432,19,413,"weekend","beforelunch","travelling","unknown","restaurant",0,0,0,"midday"
68,440,27,413,"weekday","breakfast","working","freezing","restaurant",0,0,0,"morning"
68,459,46,413,"weekday","lunch","travelling","freezing","grocery",1,0,0,"midday"
68,464,51,413,"weekday","morning","leisure","unknown","restaurant",0,0,0,"morning"
68,476,63,413,"weekday","breakfast","travelling","cold","grocery",0,1,0,"morning"
68,481,68,413,"weekend","lunch","travelling","warm","restaurant",0,1,0,"midday"
68,482,69,413,"weekend","morning","working","warm","restaurant",0,1,0,"morning"
68,493,80,413,"weekend","lunch","travelling","freezing","restaurant",0,1,0,"midday"
68,497,84,413,"weekday","beforelunch","travelling","warm","restaurant",1,1,0,"midday"
68,499,86,413,"weekday","lunch","leisure","cold","restaurant",0,1,0,"midday"
68,506,93,413,"weekday","afternoon","travelling","warm","grocery",1,1,0,"midday"
68,511,98,413,"weekday","lunch","travelling","cold","grocery",0,1,0,"midday"
68,515,102,413,"weekday","breakfast","leisure","cold","restaurant",1,1,0,"morning"
68,520,107,413,"weekday","afternoon","travelling","unknown","grocery",0,1,0,"midday"
68,522,109,413,"weekend","lunch","travelling","hot","grocery",0,1,0,"midday"
68,527,114,413,"weekday","lunch","travelling","freezing","restaurant",1,1,1,"midday"
68,532,119,413,"weekday","earlymorning","unknown","cold","grocery",0,1,1,"morning"
68,536,123,413,"weekend","afternoon","travelling","freezing","grocery",0,1,1,"midday"
68,541,128,413,"weekend","afternoon","travelling","warm","restaurant",1,1,1,"midday"
68,542,129,413,"weekend","breakfast","travelling","cold","restaurant",0,1,1,"morning"
68,546,133,413,"weekday","afternoon","morningrituals","unknown","grocery",0,1,1,"midday"
68,548,135,413,"weekend","beforelunch","morningrituals","cold","grocery",1,1,1,"midday"
68,552,139,413,"weekday","dinner","travelling","cold","grocery",0,1,1,"night"
68,555,142,413,"weekday","beforelunch","unknown","unknown","restaurant",0,1,1,"midday"
68,561,148,413,"weekend","afternoon","travelling","freezing","restaurant",0,1,1,"midday"
68,567,154,413,"weekend","afternoon","unknown","freezing","grocery",0,1,1,"midday"
68,571,158,413,"weekday","breakfast","unknown","freezing","grocery",0,1,1,"morning"
68,576,163,413,"weekday","lunch","travelling","cold","restaurant",0,1,1,"midday"
68,577,164,413,"weekday","breakfast","working","cold","grocery",0,1,1,"morning"
68,578,165,413,"weekday","beforelunch","travelling","cold","restaurant",0,1,1,"midday"
68,587,174,413,"weekday","unknown","travelling","hot","grocery",0,1,1,"unknown"
68,590,177,413,"weekday","breakfast","shopping","freezing","grocery",1,1,1,"morning"
68,591,178,413,"weekend","breakfast","travelling","warm","restaurant",1,1,1,"morning"
68,593,180,413,"weekday","lunch","travelling","cold","restaurant",0,1,1,"midday"
68,595,182,413,"weekday","afternoon","working","freezing","grocery",0,1,1,"midday"
69,422,1,421,"weekend","lunch","working","cold","grocery",1,0,0,"midday"
69,427,6,421,"weekday","afternoon","travelling","cold","restaurant",0,0,0,"midday"
69,428,7,421,"weekday","afternoon","travelling","freezing","grocery",0,0,0,"midday"
69,445,24,421,"weekday","night","unknown","cold","grocery",0,0,0,"night"
69,450,29,421,"weekday","afternoon","shopping","freezing","grocery",0,0,0,"midday"
69,452,31,421,"weekday","afternoon","travelling","unknown","restaurant",1,0,0,"midday"
69,454,33,421,"weekday","afternoon","working","cold","grocery",1,0,0,"midday"
69,455,34,421,"weekday","breakfast","morningrituals","warm","restaurant",0,0,0,"morning"
69,463,42,421,"weekday","lunch","shopping","warm","restaurant",0,0,0,"midday"
69,465,44,421,"weekend","beforelunch","travelling","cold","restaurant",1,0,0,"midday"
69,470,49,421,"unknown","lunch","travelling","cold","restaurant",0,0,0,"midday"
69,475,54,421,"weekday","beforelunch","travelling","cold","grocery",0,0,0,"midday"
69,477,56,421,"weekend","afternoon","unknown","unknown","grocery",0,0,0,"midday"
69,479,58,421,"weekday","morning","travelling","cold","restaurant",0,1,0,"morning"
69,490,69,421,"weekend","beforelunch","travelling","cold","grocery",1,1,0,"midday"
69,493,72,421,"weekend","morning","travelling","unknown","grocery",0,1,0,"morning"
69,494,73,421,"weekday","morning","leisure","unknown","grocery",0,1,0,"morning"
69,503,82,421,"weekday","afternoon","shopping","hot","grocery",0,1,0,"midday"
69,507,86,421,"weekend","afternoon","travelling","cold","restaurant",0,1,0,"midday"
69,524,103,421,"weekday","beforelunch","unknown","unknown","restaurant",0,1,0,"midday"
69,526,105,421,"weekend","afternoon","shopping","warm","grocery",0,1,0,"midday"
69,528,107,421,"weekday","lunch","travelling","hot","grocery",0,1,0,"midday"
69,535,114,421,"weekend","evening","shopping","hot","grocery",0,1,1,"night"
69,545,124,421,"weekday","breakfast","travelling","cold","restaurant",1,1,1,"morning"
69,555,134,421,"weekend","afternoon","unknown","freezing","grocery",0,1,1,"midday"
69,560,139,421,"weekday","lunch","travelling","cold","restaurant",0,1,1,"midday"
69,561,140,421,"weekend","afternoon","travelling","warm","grocery",0,1,1,"midday"
69,566,145,421,"weekday","lunch","leisure","cold","restaurant",0,1,1,"midday"
69,567,146,421,"weekday","breakfast","travelling","freezing","grocery",1,1,1,"morning"
69,569,148,421,"weekday","afternoon","unknown","unknown","restaurant",0,1,1,"midday"
69,573,152,421,"weekday","beforelunch","travelling","unknown","grocery",0,1,1,"midday"
69,574,153,421,"weekday","breakfast","travelling","cold","restaurant",1,1,1,"morning"
69,579,158,421,"weekend","lunch","leisure","warm","restaurant",0,1,1,"midday"
69,583,162,421,"weekday","unknown","travelling","cold","grocery",0,1,1,"unknown"
69,586,165,421,"weekday","unknown","travelling","cold","restaurant",0,1,1,"unknown"
69,592,171,421,"weekend","breakfast","working","warm","grocery",1,1,1,"morning"
70,449,23,426,"weekend","lunch","unknown","freezing","restaurant",0,0,0,"midday"
70,503,77,426,"weekday","afternoon","travelling","cold","grocery",0,1,0,"midday"
70,512,86,426,"weekday","beforelunch","travelling","cold","restaurant",0,1,0,"midday"
70,517,91,426,"weekend","lunch","working","freezing","restaurant",1,1,0,"midday"
70,547,121,426,"weekday","morning","travelling","freezing","restaurant",0,1,1,"morning"
70,564,138,426,"weekday","lunch","travelling","warm","restaurant",1,1,1,"midday"
70,591,165,426,"weekday","breakfast","unknown","freezing","restaurant",1,1,1,"morning"
71,436,0,436,"weekday","afternoon","travelling","hot","grocery",0,0,0,"midday"
71,437,1,436,"weekday","evening","travelling","cold","grocery",1,0,0,"night"
71,438,2,436,"weekday","afternoon","travelling","cold","grocery",1,0,0,"midday"
71,442,6,436,"weekend","dinner","travelling","cold","restaurant",0,0,0,"night"
71,444,8,436,"weekday","beforelunch","working","cold","restaurant",0,0,0,"midday"
71,445,9,436,"weekend","dinner","travelling","freezing","grocery",0,0,0,"night"
71,446,10,436,"weekend","beforelunch","travelling","unknown","restaurant",0,0,0,"midday"
71,447,11,436,"weekday","earlymorning","travelling","freezing","grocery",0,0,0,"morning"
71,448,12,436,"weekday","afternoon","working","cold","grocery",1,0,0,"midday"
71,451,15,436,"weekday","beforelunch","travelling","cold","grocery",1,0,0,"midday"
71,452,16,436,"weekend","morning","travelling","warm","grocery",0,0,0,"morning"
71,454,18,436,"weekday","breakfast","working","hot","restaurant",0,0,0,"morning"
71,456,20,436,"weekday","morning","morningrituals","unknown","grocery",1,0,0,"morning"
71,458,22,436,"weekday","lunch","morningrituals","cold","restaurant",0,0,0,"midday"
71,459,23,436,"weekend","unknown","travelling","cold","restaurant",1,0,0,"unknown"
71,460,24,436,"weekday","lunch","unknown","unknown","grocery",1,0,0,"midday"
71,462,26,436,"weekday","afternoon","travelling","hot","restaurant",0,0,0,"midday"
71,463,27,436,"weekday","beforelunch","working","freezing","grocery",0,0,0,"midday"
71,464,28,436,"weekday","lunch","working","cold","restaurant",0,0,0,"midday"
71,465,29,436,"weekday","beforelunch","travelling","warm","restaurant",0,0,0,"midday"
71,467,31,436,"weekday","afternoon","travelling","freezing","restaurant",1,0,0,"midday"
71,468,32,436,"weekday","earlymorning","shopping","unknown","grocery",0,0,0,"morning"
71,469,33,436,"weekend","lunch","working","unknown","restaurant",0,0,0,"midday"
71,470,34,436,"weekday","dinner","unknown","freezing","grocery",0,0,0,"night"
71,471,35,436,"weekday","lunch","working","warm","restaurant",1,0,0,"midday"
71,472,36,436,"weekday","afternoon","leisure","cold","restaurant",0,0,0,"midday"
71,474,38,436,"weekday","afternoon","travelling","freezing","grocery",0,0,0,"midday"
71,475,39,436,"weekday","lunch","working","warm","grocery",0,0,0,"midday"
71,476,40,436,"weekday","beforelunch","travelling","warm","restaurant",0,0,0,"midday"
71,479,43,436,"weekday","lunch","working","unknown","grocery",0,0,0,"midday"
71,482,46,436,"weekday","beforelunch","working","unknown","restaurant",1,0,0,"midday"
71,483,47,436,"weekday","beforelunch","unknown","freezing","restaurant",1,0,0,"midday"
71,484,48,436,"weekday","beforelunch","travelling","warm","restaurant",0,0,0,"midday"
71,485,49,436,"weekday","breakfast","travelling","unknown","grocery",1,0,0,"morning"
71,486,50,436,"weekday","lunch","travelling","warm","grocery",0,0,0,"midday"
71,487,51,436,"unknown","lunch","unknown","hot","grocery",0,0,0,"midday"
71,488,52,436,"weekend","afternoon","leisure","cold","grocery",0,0,0,"midday"
71,491,55,436,"weekday","beforelunch","travelling","warm","grocery",0,0,0,"midday"
71,492,56,436,"weekday","breakfast","unknown","freezing","grocery",1,0,0,"morning"
71,493,57,436,"weekday","afternoon","leisure","cold","restaurant",0,1,0,"midday"
71,495,59,436,"weekday","lunch","unknown","warm","restaurant",0,1,0,"midday"
71,496,60,436,"weekend","evening","travelling","unknown","grocery",0,1,0,"night"
71,499,63,436,"weekday","breakfast","travelling","hot","restaurant",0,1,0,"morning"
71,500,64,436,"weekend","morning","travelling","cold","grocery",1,1,0,"morning"
71,501,65,436,"weekday","unknown","travelling","hot","restaurant",0,1,0,"unknown"
71,503,67,436,"weekday","lunch","travelling","cold","restaurant",0,1,0,"midday"
71,506,70,436,"weekend","dinner","travelling","hot","restaurant",1,1,0,"night"
71,507,71,436,"weekday","lunch","leisure","hot","grocery",1,1,0,"midday"
71,509,73,436,"weekday","lunch","travelling","cold","restaurant",1,1,0,"midday"
71,514,78,436,"weekday","breakfast","travelling","freezing","grocery",1,1,0,"morning"
71,515,79,436,"weekday","afternoon","leisure","hot","restaurant",0,1,0,"midday"
71,517,81,436,"weekday","morning","shopping","warm","grocery",1,1,0,"morning"
71,518,82,436,"weekday","afternoon","travelling","freezing","restaurant",0,1,0,"midday"
71,520,84,436,"weekday","beforelunch","shopping","warm","restaurant",0,1,0,"midday"
71,521,85,436,"weekday","afternoon","working","hot","grocery",1,1,0,"midday"
71,522,86,436,"weekday","afternoon","travelling","warm","grocery",0,1,0,"midday"
71,523,87,436,"weekend","beforelunch","working","unknown","restaurant",0,1,0,"midday"
71,525,89,436,"weekend","afternoon","working","unknown","grocery",0,1,0,"midday"
71,526,90,436,"weekday","beforelunch","unknown","cold","grocery",0,1,0,"midday"
71,528,92,436,"weekday","lunch","travelling","freezing","restaurant",0,1,0,"midday"
71,529,93,436,"weekday","afternoon","unknown","freezing","grocery",0,1,0,"midday"
71,530,94,436,"weekday","beforelunch","travelling","freezing","restaurant",1,1,0,"midday"
71,531,95,436,"weekday","morning","leisure","freezing","restaurant",1,1,0,"morning"
71,535,99,436,"weekday","beforelunch","travelling","warm","grocery",0,1,0,"midday"
71,537,101,436,"weekday","lunch","unknown","hot","grocery",0,1,0,"midday"
71,538,102,436,"weekday","afternoon","unknown","unknown","grocery",0,1,0,"midday"
71,539,103,436,"weekday","lunch","leisure","cold","grocery",0,1,0,"midday"
71,540,104,436,"weekday","lunch","travelling","cold","grocery",0,1,0,"midday"
71,541,105,436,"weekday","breakfast","shopping","unknown","restaurant",0,1,0,"morning"
71,542,106,436,"weekend","afternoon","morningrituals","freezing","grocery",0,1,0,"midday"
71,544,108,436,"weekday","breakfast","travelling","cold","grocery",0,1,0,"morning"
71,546,110,436,"weekend","beforelunch","travelling","warm","grocery",0,1,0,"midday"
71,548,112,436,"weekday","night","travelling","unknown","grocery",1,1,0,"night"
71,549,113,436,"weekday","afternoon","travelling","unknown","restaurant",0,1,1,"midday"
71,550,114,436,"weekday","afternoon","working","cold","grocery",0,1,1,"midday"
71,551,115,436,"weekday","morning","leisure","cold","grocery",0,1,1,"morning"
71,552,116,436,"weekend","lunch","morningrituals","cold","grocery",0,1,1,"midday"
71,553,117,436,"weekday","afternoon","travelling","hot","grocery",0,1,1,"midday"
71,554,118,436,"weekend","lunch","travelling","cold","restaurant",1,1,1,"midday"
71,556,120,436,"weekday","morning","travelling","hot","restaurant",1,1,1,"morning"
71,557,121,436,"weekday","breakfast","shopping","warm","grocery",0,1,1,"morning"
71,559,123,436,"weekday","beforelunch","travelling","cold","restaurant",0,1,1,"midday"
71,561,125,436,"unknown","lunch","leisure","cold","grocery",0,1,1,"midday"
71,563,127,436,"weekday","beforelunch","travelling","cold","grocery",0,1,1,"midday"
71,565,129,436,"weekday","lunch","unknown","warm","grocery",0,1,1,"midday"
71,567,131,436,"weekday","lunch","unknown","cold","grocery",0,1,1,"midday"
71,569,133,436,"weekday","breakfast","unknown","freezing","restaurant",0,1,1,"morning"
71,570,134,436,"weekday","afternoon","leisure","cold","grocery",1,1,1,"midday"
71,574,138,436,"weekday","lunch","unknown","unknown","grocery",0,1,1,"midday"
71,576,140,436,"weekday","beforelunch","travelling","freezing","restaurant",0,1,1,"midday"
71,578,142,436,"weekday","night","travelling","unknown","restaurant",1,1,1,"night"
71,579,143,436,"weekday","afternoon","leisure","unknown","restaurant",1,1,1,"midday"
71,580,144,436,"weekday","beforelunch","leisure","cold","grocery",0,1,1,"midday"
71,582,146,436,"weekday","afternoon","unknown","unknown","restaurant",1,1,1,"midday"
71,583,147,436,"weekend","afternoon","shopping","hot","restaurant",0,1,1,"midday"
71,584,148,436,"weekday","lunch","unknown","hot","restaurant",0,1,1,"midday"
71,585,149,436,"weekday","lunch","shopping","cold","grocery",1,1,1,"midday"
71,586,150,436,"weekday","beforelunch","leisure","hot","grocery",1,1,1,"midday"
71,589,153,436,"weekday","lunch","travelling","freezing","restaurant",1,1,1,"midday"
71,591,155,436,"weekday","lunch","shopping","freezing","grocery",0,1,1,"midday"
71,593,157,436,"weekend","afternoon","travelling","freezing","restaurant",0,1,1,"midday"
71,595,159,436,"weekday","lunch","working","hot","grocery",0,1,1,"midday"
71,596,160,436,"weekday","dinner","unknown","unknown","grocery",0,1,1,"night"
71,598,162,436,"weekday","afternoon","travelling","cold","grocery",0,1,1,"midday"
71,600,164,436,"unknown","morning","travelling","cold","grocery",0,1,1,"morning"
71,602,166,436,"unknown","dinner","shopping","unknown","grocery",0,1,1,"night"
71,603,167,436,"weekday","afternoon","unknown","cold","restaurant",0,1,1,"midday"
71,605,169,436,"weekday","lunch","travelling","unknown","restaurant",0,1,1,"midday"
71,606,170,436,"weekday","morning","unknown","cold","grocery",1,1,1,"morning"
71,609,173,436,"weekend","afternoon","working","unknown","grocery",0,1,1,"midday"
71,610,174,436,"weekday","lunch","travelling","freezing","grocery",0,1,1,"midday"
71,612,176,436,"weekday","beforelunch","travelling","cold","restaurant",0,1,1,"midday"
71,613,177,436,"weekday","beforelunch","travelling","cold","restaurant",0,1,1,"midday"
71,614,178,436,"weekday","morning","travelling","hot","restaurant",0,1,1,"morning"
71,616,180,436,"weekday","afternoon","travelling","warm","grocery",1,1,1,"midday"
71,617,181,436,"weekday","lunch","leisure","warm","restaurant",0,1,1,"midday"
71,618,182,436,"weekday","lunch","working","unknown","grocery",0,1,1,"midday"
71,619,183,436,"weekday","afternoon","working","cold","grocery",0,1,1,"midday"
72,454,5,449,"weekday","lunch","working","hot","grocery",1,0,0,"midday"
72,456,7,449,"weekday","beforelunch","unknown","cold","grocery",0,0,0,"midday"
72,461,12,449,"weekday","unknown","working","freezing","grocery",0,0,0,"unknown"
72,463,14,449,"weekend","lunch","shopping","freezing","grocery",0,0,0,"midday"
72,479,30,449,"weekday","lunch","unknown","unknown","restaurant",1,0,0,"midday"
72,484,35,449,"weekend","afternoon","travelling","freezing","restaurant",1,0,0,"midday"
72,489,40,449,"weekend","lunch","shopping","freezing","restaurant",1,0,0,"midday"
72,494,45,449,"weekend","breakfast","travelling","cold","grocery",0,0,0,"morning"
72,495,46,449,"weekday","breakfast","unknown","freezing","grocery",0,0,0,"morning"
72,497,48,449,"weekday","dinner","travelling","cold","restaurant",1,0,0,"night"
72,504,55,449,"weekday","beforelunch","travelling","freezing","grocery",0,0,0,"midday"
72,508,59,449,"weekend","earlymorning","travelling","unknown","grocery",1,1,0,"morning"
72,509,60,449,"weekend","beforelunch","travelling","cold","restaurant",0,1,0,"midday"
72,513,64,449,"weekday","lunch","working","hot","grocery",0,1,0,"midday"
72,516,67,449,"weekday","afternoon","travelling","cold","restaurant",0,1,0,"midday"
72,526,77,449,"weekday","afternoon","travelling","cold","grocery",0,1,0,"midday"
72,529,80,449,"weekday","breakfast","leisure","unknown","restaurant",0,1,0,"morning"
72,543,94,449,"weekday","unknown","shopping","freezing","grocery",1,1,0,"unknown"
72,545,96,449,"weekday","afternoon","shopping","cold","restaurant",0,1,0,"midday"
72,547,98,449,"weekend","breakfast","leisure","unknown","restaurant",0,1,0,"morning"
72,591,142,449,"weekday","afternoon","travelling","warm","grocery",0,1,1,"midday"
72,599,150,449,"weekend","afternoon","travelling","hot","restaurant",0,1,1,"midday"
72,600,151,449,"weekday","afternoon","unknown","cold","restaurant",0,1,1,"midday"
72,626,177,449,"weekend","lunch","travelling","cold","restaurant",0,1,1,"midday"
73,466,4,462,"weekend","lunch","travelling","warm","restaurant",0,0,0,"midday"
73,470,8,462,"weekend","beforelunch","travelling","freezing","restaurant",1,0,0,"midday"
73,493,31,462,"unknown","unknown","travelling","cold","grocery",0,0,0,"unknown"
73,494,32,462,"weekday","lunch","travelling","unknown","restaurant",0,0,0,"midday"
73,495,33,462,"weekend","afternoon","leisure","unknown","grocery",0,0,0,"midday"
73,496,34,462,"weekend","evening","leisure","unknown","grocery",0,0,0,"night"
73,498,36,462,"weekday","breakfast","travelling","cold","restaurant",1,0,0,"morning"
73,507,45,462,"weekend","earlymorning","shopping","cold","grocery",0,0,0,"morning"
73,522,60,462,"weekday","lunch","travelling","freezing","grocery",0,1,0,"midday"
73,523,61,462,"weekday","afternoon","travelling","unknown","restaurant",0,1,0,"midday"
73,527,65,462,"weekday","afternoon","shopping","unknown","grocery",0,1,0,"midday"
73,544,82,462,"weekday","lunch","travelling","unknown","restaurant",0,1,0,"midday"
73,551,89,462,"weekday","beforelunch","unknown","cold","grocery",0,1,0,"midday"
73,552,90,462,"weekday","morning","unknown","cold","restaurant",0,1,0,"morning"
73,576,114,462,"weekday","morning","travelling","cold","grocery",1,1,1,"morning"
73,579,117,462,"weekday","beforelunch","leisure","cold","restaurant",0,1,1,"midday"
73,581,119,462,"weekday","afternoon","travelling","unknown","grocery",1,1,1,"midday"
73,583,121,462,"weekday","lunch","unknown","freezing","grocery",1,1,1,"midday"
73,588,126,462,"weekday","afternoon","travelling","freezing","restaurant",0,1,1,"midday"
73,592,130,462,"weekday","lunch","travelling","unknown","grocery",1,1,1,"midday"
73,598,136,462,"weekend","afternoon","unknown","unknown","grocery",1,1,1,"midday"
73,601,139,462,"weekend","lunch","unknown","freezing","grocery",1,1,1,"midday"
73,602,140,462,"weekday","lunch","travelling","freezing","restaurant",1,1,1,"midday"
73,610,148,462,"weekend","lunch","travelling","warm","grocery",1,1,1,"midday"
73,616,154,462,"weekend","morning","unknown","cold","restaurant",0,1,1,"morning"
73,625,163,462,"weekday","afternoon","morningrituals","cold","grocery",0,1,1,"midday"
73,630,168,462,"weekday","beforelunch","leisure","warm","grocery",1,1,1,"midday"
73,631,169,462,"weekday","lunch","travelling","cold","restaurant",0,1,1,"midday"
73,637,175,462,"weekday","afternoon","travelling","hot","restaurant",0,1,1,"midday"
73,640,178,462,"weekday","breakfast","shopping","warm","grocery",0,1,1,"morning"
73,643,181,462,"weekday","lunch","travelling","cold","grocery",1,1,1,"midday"
73,644,182,462,"weekday","lunch","unknown","warm","grocery",0,1,1,"midday"
74,469,1,468,"weekday","lunch","unknown","cold","restaurant",1,0,0,"midday"
74,495,27,468,"weekday","dinner","travelling","freezing","restaurant",0,0,0,"night"
74,540,72,468,"weekday","afternoon","travelling","cold","grocery",0,1,0,"midday"
74,541,73,468,"weekend","afternoon","travelling","cold","grocery",0,1,0,"midday"
74,573,105,468,"weekend","beforelunch","travelling","cold","restaurant",0,1,0,"midday"
74,585,117,468,"weekday","lunch","travelling","unknown","grocery",0,1,1,"midday"
74,622,154,468,"weekend","breakfast","travelling","cold","grocery",0,1,1,"morning"
75,479,1,478,"weekend","evening","working","freezing","restaurant",0,0,0,"night"
75,482,4,478,"weekday","afternoon","shopping","cold","grocery",0,0,0,"midday"
75,492,14,478,"weekday","lunch","leisure","freezing","grocery",1,0,0,"midday"
75,495,17,478,"weekday","afternoon","travelling","cold","restaurant",0,0,0,"midday"
75,501,23,478,"weekday","beforelunch","travelling","freezing","grocery",1,0,0,"midday"
75,503,25,478,"weekday","afternoon","unknown","warm","grocery",1,0,0,"midday"
75,506,28,478,"weekday","afternoon","travelling","cold","restaurant",0,0,0,"midday"
75,509,31,478,"weekday","morning","travelling","unknown","grocery",0,0,0,"morning"
75,517,39,478,"unknown","lunch","leisure","unknown","restaurant",0,0,0,"midday"
75,521,43,478,"weekend","night","travelling","warm","restaurant",0,0,0,"night"
75,522,44,478,"weekday","afternoon","shopping","freezing","restaurant",1,0,0,"midday"
75,524,46,478,"weekday","afternoon","working","warm","grocery",1,0,0,"midday"
75,525,47,478,"weekend","afternoon","shopping","cold","restaurant",0,0,0,"midday"
75,528,50,478,"weekday","breakfast","travelling","cold","grocery",0,0,0,"morning"
75,531,53,478,"weekday","afternoon","travelling","cold","grocery",0,0,0,"midday"
75,534,56,478,"weekday","lunch","leisure","cold","grocery",0,0,0,"midday"
75,536,58,478,"weekday","dinner","unknown","cold","restaurant",0,1,0,"night"
75,538,60,478,"weekday","afternoon","travelling","freezing","restaurant",0,1,0,"midday"
75,541,63,478,"weekday","lunch","shopping","cold","restaurant",0,1,0,"midday"
75,542,64,478,"weekday","lunch","travelling","warm","restaurant",1,1,0,"midday"
75,550,72,478,"weekday","breakfast","morningrituals","cold","restaurant",0,1,0,"morning"
75,556,78,478,"weekend","lunch","travelling","unknown","restaurant",1,1,0,"midday"
75,557,79,478,"weekday","afternoon","travelling","cold","grocery",1,1,0,"midday"
75,564,86,478,"weekday","lunch","travelling","cold","grocery",1,1,0,"midday"
75,565,87,478,"weekend","beforelunch","travelling","warm","restaurant",1,1,0,"midday"
75,566,88,478,"weekday","beforelunch","working","unknown","grocery",0,1,0,"midday"
75,569,91,478,"weekday","lunch","working","hot","restaurant",1,1,0,"midday"
75,571,93,478,"weekend","dinner","travelling","unknown","grocery",0,1,0,"night"
75,575,97,478,"weekday","breakfast","travelling","warm","restaurant",0,1,0,"morning"
75,576,98,478,"weekend","afternoon","travelling","unknown","restaurant",0,1,0,"midday"
75,578,100,478,"weekday","afternoon","travelling","unknown","grocery",1,1,0,"midday"
75,579,101,478,"weekend","afternoon","morningrituals","freezing","restaurant",0,1,0,"midday"
75,590,112,478,"weekend","breakfast","travelling","unknown","restaurant",0,1,0,"morning"
75,592,114,478,"weekend","lunch","working","cold","restaurant",0,1,1,"midday"
75,594,116,478,"weekend","afternoon","morningrituals","warm","restaurant",0,1,1,"midday"
75,596,118,478,"weekday","afternoon","working","warm","restaurant",0,1,1,"midday"
75,606,128,478,"weekend","afternoon","travelling","unknown","grocery",0,1,1,"midday"
75,609,131,478,"weekday","dinner","leisure","freezing","grocery",1,1,1,"night"
75,611,133,478,"weekday","afternoon","travelling","freezing","grocery",0,1,1,"midday"
75,614,136,478,"weekday","afternoon","travelling","warm","grocery",0,1,1,"midday"
75,618,140,478,"weekend","beforelunch","working","cold","restaurant",1,1,1,"midday"
75,620,142,478,"weekend","afternoon","working","hot","restaurant",1,1,1,"midday"
75,624,146,478,"weekday","beforelunch","travelling","hot","grocery",1,1,1,"midday"
75,627,149,478,"weekday","afternoon","travelling","cold","restaurant",1,1,1,"midday"
75,628,150,478,"weekday","beforelunch","morningrituals","freezing","grocery",0,1,1,"midday"
75,629,151,478,"weekday","morning","working","warm","restaurant",0,1,1,"morning"
75,630,152,478,"weekend","earlymorning","unknown","unknown","restaurant",0,1,1,"morning"
75,631,153,478,"weekday","afternoon","travelling","cold","grocery",1,1,1,"midday"
75,634,156,478,"weekday","morning","travelling","freezing","restaurant",1,1,1,"morning"
75,635,157,478,"weekday","morning","travelling","cold","restaurant",0,1,1,"morning"
75,640,162,478,"weekday","lunch","travelling","freezing","restaurant",0,1,1,"midday"
75,643,165,478,"weekday","beforelunch","leisure","freezing","restaurant",0,1,1,"midday"
75,646,168,478,"weekday","lunch","unknown","cold","grocery",0,1,1,"midday"
75,647,169,478,"weekday","afternoon","travelling","unknown","restaurant",0,1,1,"midday"
75,650,172,478,"weekday","beforelunch","shopping","freezing","restaurant",0,1,1,"midday"
75,651,173,478,"weekday","beforelunch","travelling","cold","grocery",0,1,1,"midday"
75,652,174,478,"weekday","beforelunch","unknown","cold","grocery",1,1,1,"midday"
75,653,175,478,"weekday","afternoon","leisure","unknown","grocery",0,1,1,"midday"
75,655,177,478,"weekend","lunch","working","cold","restaurant",0,1,1,"midday"
75,660,182,478,"weekday","lunch","unknown","freezing","grocery",0,1,1,"midday"
76,489,0,489,"weekday","breakfast","travelling","unknown","grocery",0,0,0,"morning"
76,491,2,489,"weekend","lunch","travelling","cold","restaurant",0,0,0,"midday"
76,494,5,489,"weekend","beforelunch","travelling","unknown","grocery",0,0,0,"midday"
76,496,7,489,"weekday","lunch","travelling","cold","restaurant",0,0,0,"midday"
76,497,8,489,"weekend","afternoon","travelling","freezing","grocery",0,0,0,"midday"
76,498,9,489,"weekday","morning","travelling","warm","grocery",0,0,0,"morning"
76,499,10,489,"weekday","afternoon","morningrituals","warm","grocery",1,0,0,"midday"
76,500,11,489,"weekend","lunch","travelling","cold","restaurant",0,0,0,"midday"
76,501,12,489,"weekday","afternoon","travelling","cold","grocery",0,0,0,"midday"
76,503,14,489,"weekday","beforelunch","housework","warm","grocery",0,0,0,"midday"
76,504,15,489,"weekday","afternoon","travelling","freezing","restaurant",0,0,0,"midday"
76,505,16,489,"weekday","unknown","travelling","cold","restaurant",0,0,0,"unknown"
76,506,17,489,"weekday","lunch","leisure","cold","grocery",0,0,0,"midday"
76,507,18,489,"weekday","unknown","working","unknown","grocery",0,0,0,"unknown"
76,510,21,489,"weekend","afternoon","unknown","freezing","grocery",0,0,0,"midday"
76,514,25,489,"weekend","breakfast","travelling","hot","grocery",1,0,0,"morning"
76,515,26,489,"weekend","afternoon","travelling","freezing","grocery",0,0,0,"midday"
76,516,27,489,"weekday","lunch","travelling","cold","grocery",0,0,0,"midday"
76,517,28,489,"weekend","afternoon","travelling","cold","restaurant",0,0,0,"midday"
76,518,29,489,"weekday","lunch","travelling","cold","restaurant",0,0,0,"midday"
76,519,30,489,"weekend","breakfast","travelling","hot","grocery",0,0,0,"morning"
76,520,31,489,"weekday","beforelunch","shopping","warm","restaurant",0,0,0,"midday"
76,521,32,489,"weekday","evening","unknown","unknown","restaurant",0,0,0,"night"
76,523,34,489,"weekday","dinner","travelling","cold","restaurant",1,0,0,"night"
76,526,37,489,"weekend","afternoon","travelling","unknown","grocery",0,0,0,"midday"
76,532,43,489,"weekday","afternoon","travelling","freezing","grocery",1,0,0,"midday"
76,533,44,489,"weekday","breakfast","travelling","cold","restaurant",0,0,0,"morning"
76,534,45,489,"weekend","afternoon","travelling","unknown","grocery",0,0,0,"midday"
76,535,46,489,"weekday","afternoon","leisure","cold","grocery",0,0,0,"midday"
76,536,47,489,"weekday","lunch","travelling","hot","grocery",1,0,0,"midday"
76,543,54,489,"weekend","beforelunch","travelling","unknown","grocery",0,0,0,"midday"
76,544,55,489,"weekday","lunch","unknown","freezing","restaurant",1,0,0,"midday"
76,545,56,489,"weekday","beforelunch","unknown","hot","grocery",1,0,0,"midday"
76,547,58,489,"weekday","morning","shopping","unknown","restaurant",0,1,0,"morning"
76,551,62,489,"weekend","beforelunch","travelling","unknown","grocery",1,1,0,"midday"
76,553,64,489,"weekday","afternoon","working","warm","grocery",1,1,0,"midday"
76,554,65,489,"weekday","afternoon","shopping","warm","grocery",0,1,0,"midday"
76,556,67,489,"weekday","afternoon","travelling","hot","grocery",1,1,0,"midday"
76,557,68,489,"weekday","breakfast","unknown","hot","grocery",0,1,0,"morning"
76,558,69,489,"weekday","lunch","unknown","freezing","grocery",1,1,0,"midday"
76,559,70,489,"weekday","beforelunch","travelling","cold","restaurant",0,1,0,"midday"
76,560,71,489,"weekday","breakfast","working","unknown","grocery",0,1,0,"morning"
76,561,72,489,"weekday","unknown","travelling","warm","grocery",0,1,0,"unknown"
76,562,73,489,"weekday","breakfast","shopping","unknown","grocery",1,1,0,"morning"
76,563,74,489,"weekday","afternoon","travelling","freezing","restaurant",1,1,0,"midday"
76,564,75,489,"weekday","night","unknown","cold","restaurant",0,1,0,"night"
76,565,76,489,"weekday","afternoon","shopping","freezing","restaurant",0,1,0,"midday"
76,566,77,489,"weekday","beforelunch","travelling","cold","restaurant",1,1,0,"midday"
76,570,81,489,"weekend","lunch","travelling","freezing","restaurant",0,1,0,"midday"
76,574,85,489,"weekend","afternoon","travelling","cold","grocery",0,1,0,"midday"
76,575,86,489,"weekday","lunch","travelling","hot","grocery",0,1,0,"midday"
76,577,88,489,"weekday","beforelunch","unknown","cold","grocery",1,1,0,"midday"
76,581,92,489,"weekday","breakfast","travelling","freezing","grocery",0,1,0,"morning"
76,582,93,489,"weekday","breakfast","unknown","unknown","restaurant",1,1,0,"morning"
76,587,98,489,"weekday","beforelunch","leisure","unknown","restaurant",0,1,0,"midday"
76,589,100,489,"weekend","beforelunch","leisure","cold","restaurant",0,1,0,"midday"
76,591,102,489,"weekday","morning","travelling","freezing","grocery",0,1,0,"morning"
76,592,103,489,"weekend","breakfast","leisure","hot","restaurant",0,1,0,"morning"
76,594,105,489,"weekend","afternoon","travelling","cold","grocery",0,1,0,"midday"
76,595,106,489,"weekday","lunch","leisure","freezing","restaurant",1,1,0,"midday"
76,597,108,489,"weekday","beforelunch","travelling","freezing","grocery",0,1,0,"midday"
76,598,109,489,"weekday","afternoon","travelling","cold","grocery",0,1,0,"midday"
76,600,111,489,"weekday","lunch","travelling","cold","restaurant",0,1,0,"midday"
76,601,112,489,"weekend","dinner","working","cold","restaurant",0,1,0,"night"
76,602,113,489,"weekday","beforelunch","morningrituals","warm","grocery",0,1,1,"midday"
76,604,115,489,"weekend","afternoon","shopping","unknown","grocery",1,1,1,"midday"
76,605,116,489,"weekday","lunch","leisure","unknown","grocery",0,1,1,"midday"
76,606,117,489,"weekend","beforelunch","unknown","hot","restaurant",1,1,1,"midday"
76,608,119,489,"weekday","breakfast","leisure","hot","restaurant",0,1,1,"morning"
76,610,121,489,"weekday","dinner","travelling","unknown","restaurant",0,1,1,"night"
76,611,122,489,"weekday","beforelunch","travelling","unknown","grocery",0,1,1,"midday"
76,613,124,489,"weekday","lunch","travelling","unknown","restaurant",1,1,1,"midday"
76,616,127,489,"weekday","afternoon","travelling","cold","restaurant",0,1,1,"midday"
76,617,128,489,"weekday","dinner","unknown","hot","restaurant",0,1,1,"night"
76,618,129,489,"weekday","earlymorning","travelling","unknown","restaurant",0,1,1,"morning"
76,619,130,489,"weekday","unknown","unknown","cold","restaurant",1,1,1,"unknown"
76,620,131,489,"weekday","night","travelling","freezing","restaurant",0,1,1,"night"
76,621,132,489,"weekday","lunch","working","cold","grocery",0,1,1,"midday"
76,622,133,489,"weekend","lunch","unknown","warm","grocery",0,1,1,"midday"
76,624,135,489,"weekend","beforelunch","travelling","freezing","restaurant",0,1,1,"midday"
76,625,136,489,"weekend","afternoon","travelling","hot","grocery",1,1,1,"midday"
76,634,145,489,"weekday","afternoon","unknown","unknown","restaurant",0,1,1,"midday"
76,635,146,489,"weekday","afternoon","leisure","freezing","restaurant",1,1,1,"midday"
76,636,147,489,"unknown","lunch","travelling","unknown","grocery",1,1,1,"midday"
76,638,149,489,"weekday","morning","travelling","cold","grocery",0,1,1,"morning"
76,640,151,489,"weekday","beforelunch","travelling","freezing","grocery",0,1,1,"midday"
76,641,152,489,"weekday","afternoon","travelling","unknown","grocery",0,1,1,"midday"
76,642,153,489,"weekend","night","working","warm","restaurant",1,1,1,"night"
76,644,155,489,"weekday","lunch","travelling","warm","grocery",1,1,1,"midday"
76,645,156,489,"weekday","lunch","travelling","cold","grocery",0,1,1,"midday"
76,648,159,489,"weekend","morning","travelling","cold","grocery",0,1,1,"morning"
76,650,161,489,"weekday","lunch","shopping","freezing","grocery",1,1,1,"midday"
76,651,162,489,"weekday","afternoon","leisure","hot","restaurant",0,1,1,"midday"
76,653,164,489,"weekend","lunch","travelling","freezing","grocery",1,1,1,"midday"
76,656,167,489,"weekday","lunch","travelling","cold","grocery",0,1,1,"midday"
76,657,168,489,"weekday","dinner","leisure","warm","grocery",0,1,1,"night"
76,658,169,489,"weekday","afternoon","unknown","warm","restaurant",0,1,1,"midday"
76,659,170,489,"weekend","evening","travelling","cold","restaurant",1,1,1,"night"
76,660,171,489,"weekday","afternoon","unknown","warm","grocery",1,1,1,"midday"
76,661,172,489,"weekday","dinner","unknown","cold","grocery",1,1,1,"night"
76,662,173,489,"weekday","lunch","unknown","warm","grocery",1,1,1,"midday"
76,664,175,489,"weekday","night","travelling","cold","grocery",1,1,1,"night"
76,665,176,489,"weekday","breakfast","unknown","unknown","grocery",0,1,1,"morning"
76,668,179,489,"weekend","morning","travelling","unknown","restaurant",0,1,1,"morning"
76,669,180,489,"weekend","night","unknown","cold","grocery",0,1,1,"night"
76,670,181,489,"weekday","beforelunch","shopping","cold","grocery",0,1,1,"midday"
76,672,183,489,"weekday","afternoon","travelling","warm","restaurant",1,1,1,"midday"
77,506,8,498,"weekday","night","unknown","warm","grocery",0,0,0,"night"
77,508,10,498,"weekday","lunch","unknown","unknown","grocery",0,0,0,"midday"
77,511,13,498,"weekday","lunch","travelling","cold","grocery",0,0,0,"midday"
77,514,16,498,"weekday","breakfast","shopping","freezing","grocery",0,0,0,"morning"
77,515,17,498,"weekday","lunch","unknown","cold","restaurant",0,0,0,"midday"
77,523,25,498,"weekday","lunch","travelling","freezing","restaurant",1,0,0,"midday"
77,524,26,498,"weekend","lunch","travelling","cold","restaurant",0,0,0,"midday"
77,526,28,498,"weekend","beforelunch","travelling","freezing","grocery",0,0,0,"midday"
77,531,33,498,"weekday","breakfast","working","cold","grocery",0,0,0,"morning"
77,532,34,498,"weekend","lunch","travelling","freezing","grocery",1,0,0,"midday"
77,533,35,498,"weekend","afternoon","shopping","cold","restaurant",0,0,0,"midday"
77,536,38,498,"weekday","morning","leisure","warm","restaurant",1,0,0,"morning"
77,541,43,498,"weekend","unknown","travelling","freezing","restaurant",0,0,0,"unknown"
77,542,44,498,"weekend","lunch","leisure","freezing","grocery",0,0,0,"midday"
77,547,49,498,"weekday","afternoon","working","cold","restaurant",0,0,0,"midday"
77,548,50,498,"weekday","morning","travelling","freezing","grocery",1,0,0,"morning"
77,549,51,498,"weekday","breakfast","travelling","freezing","grocery",0,0,0,"morning"
77,552,54,498,"weekday","afternoon","travelling","cold","grocery",1,0,0,"midday"
77,557,59,498,"weekday","beforelunch","shopping","freezing","restaurant",0,1,0,"midday"
77,560,62,498,"weekday","breakfast","shopping","freezing","restaurant",1,1,0,"morning"
77,567,69,498,"weekday","lunch","unknown","cold","grocery",0,1,0,"midday"
77,568,70,498,"weekday","lunch","travelling","unknown","grocery",0,1,0,"midday"
77,571,73,498,"weekday","beforelunch","travelling","freezing","grocery",1,1,0,"midday"
77,573,75,498,"weekday","afternoon","travelling","unknown","grocery",0,1,0,"midday"
77,579,81,498,"unknown","lunch","leisure","hot","restaurant",1,1,0,"midday"
77,599,101,498,"weekday","beforelunch","morningrituals","cold","grocery",0,1,0,"midday"
77,611,113,498,"weekday","dinner","travelling","freezing","grocery",0,1,1,"night"
77,616,118,498,"weekday","lunch","travelling","unknown","grocery",1,1,1,"midday"
77,617,119,498,"weekday","lunch","working","freezing","grocery",0,1,1,"midday"
77,618,120,498,"weekday","afternoon","travelling","unknown","restaurant",0,1,1,"midday"
77,619,121,498,"weekend","lunch","travelling","cold","grocery",1,1,1,"midday"
77,620,122,498,"weekday","lunch","travelling","unknown","restaurant",0,1,1,"midday"
77,621,123,498,"weekday","morning","working","freezing","grocery",0,1,1,"morning"
77,623,125,498,"weekday","beforelunch","unknown","freezing","restaurant",0,1,1,"midday"
77,624,126,498,"weekday","beforelunch","travelling","cold","grocery",0,1,1,"midday"
77,625,127,498,"weekend","beforelunch","working","cold","grocery",0,1,1,"midday"
77,633,135,498,"weekday","lunch","travelling","hot","restaurant",1,1,1,"midday"
77,634,136,498,"weekend","dinner","travelling","cold","restaurant",0,1,1,"night"
77,635,137,498,"weekday","beforelunch","unknown","freezing","restaurant",0,1,1,"midday"
77,637,139,498,"weekday","afternoon","leisure","cold","grocery",0,1,1,"midday"
77,646,148,498,"weekday","lunch","unknown","unknown","grocery",1,1,1,"midday"
77,650,152,498,"unknown","lunch","travelling","unknown","restaurant",0,1,1,"midday"
77,651,153,498,"weekend","afternoon","unknown","unknown","restaurant",0,1,1,"midday"
77,653,155,498,"weekend","lunch","travelling","cold","grocery",0,1,1,"midday"
77,655,157,498,"weekday","lunch","travelling","cold","grocery",0,1,1,"midday"
77,667,169,498,"weekday","beforelunch","travelling","cold","grocery",1,1,1,"midday"
77,668,170,498,"weekday","lunch","leisure","hot","grocery",1,1,1,"midday"
77,670,172,498,"weekday","lunch","travelling","freezing","restaurant",0,1,1,"midday"
77,672,174,498,"weekday","beforelunch","unknown","cold","grocery",0,1,1,"midday"
77,673,175,498,"weekday","breakfast","shopping","cold","restaurant",1,1,1,"morning"
77,674,176,498,"weekend","morning","travelling","cold","restaurant",0,1,1,"morning"
77,676,178,498,"weekday","lunch","travelling","freezing","restaurant",0,1,1,"midday"
78,501,0,501,"weekday","lunch","leisure","freezing","grocery",0,0,0,"midday"
78,502,1,501,"weekday","breakfast","unknown","hot","grocery",1,0,0,"morning"
78,503,2,501,"weekday","dinner","travelling","cold","restaurant",0,0,0,"night"
78,506,5,501,"weekday","afternoon","travelling","cold","restaurant",1,0,0,"midday"
78,508,7,501,"weekday","afternoon","travelling","freezing","grocery",0,0,0,"midday"
78,509,8,501,"weekend","lunch","travelling","unknown","grocery",0,0,0,"midday"
78,510,9,501,"weekday","afternoon","working","cold","restaurant",0,0,0,"midday"
78,511,10,501,"weekday","lunch","travelling","unknown","grocery",1,0,0,"midday"
78,512,11,501,"weekday","lunch","unknown","warm","restaurant",1,0,0,"midday"
78,515,14,501,"weekend","beforelunch","travelling","hot","restaurant",0,0,0,"midday"
78,516,15,501,"weekday","dinner","working","unknown","restaurant",0,0,0,"night"
78,517,16,501,"weekday","morning","travelling","warm","restaurant",1,0,0,"morning"
78,518,17,501,"weekday","beforelunch","travelling","freezing","restaurant",0,0,0,"midday"
78,519,18,501,"weekday","beforelunch","travelling","freezing","grocery",0,0,0,"midday"
78,522,21,501,"weekday","afternoon","shopping","warm","grocery",0,0,0,"midday"
78,523,22,501,"weekend","afternoon","working","freezing","restaurant",0,0,0,"midday"
78,524,23,501,"weekday","afternoon","unknown","unknown","grocery",1,0,0,"midday"
78,526,25,501,"weekday","beforelunch","travelling","unknown","restaurant",1,0,0,"midday"
78,527,26,501,"weekday","beforelunch","travelling","warm","grocery",0,0,0,"midday"
78,528,27,501,"weekend","afternoon","travelling","cold","restaurant",0,0,0,"midday"
78,529,28,501,"weekday","lunch","travelling","warm","restaurant",0,0,0,"midday"
78,530,29,501,"weekday","lunch","travelling","warm","grocery",1,0,0,"midday"
78,533,32,501,"weekend","afternoon","travelling","hot","restaurant",1,0,0,"midday"
78,534,33,501,"weekday","afternoon","travelling","cold","grocery",0,0,0,"midday"
78,535,34,501,"weekend","afternoon","travelling","warm","restaurant",0,0,0,"midday"
78,536,35,501,"weekday","breakfast","travelling","cold","grocery",0,0,0,"morning"
78,540,39,501,"weekday","unknown","travelling","cold","grocery",0,0,0,"unknown"
78,541,40,501,"weekday","afternoon","travelling","unknown","grocery",0,0,0,"midday"
78,543,42,501,"weekday","afternoon","travelling","unknown","grocery",1,0,0,"midday"
78,546,45,501,"weekday","evening","travelling","unknown","grocery",0,0,0,"night"
78,548,47,501,"weekend","breakfast","travelling","cold","grocery",0,0,0,"morning"
78,549,48,501,"weekday","breakfast","travelling","cold","restaurant",1,0,0,"morning"
78,552,51,501,"weekday","earlymorning","travelling","unknown","grocery",0,0,0,"morning"
78,557,56,501,"weekday","afternoon","unknown","freezing","grocery",0,0,0,"midday"
78,558,57,501,"weekday","lunch","travelling","cold","grocery",1,1,0,"midday"
78,559,58,501,"weekend","lunch","unknown","cold","grocery",0,1,0,"midday"
78,560,59,501,"weekday","afternoon","leisure","warm","restaurant",0,1,0,"midday"
78,561,60,501,"weekday","earlymorning","shopping","freezing","grocery",0,1,0,"morning"
78,562,61,501,"weekend","night","travelling","warm","restaurant",1,1,0,"night"
78,563,62,501,"weekday","afternoon","unknown","cold","restaurant",0,1,0,"midday"
78,565,64,501,"weekday","morning","working","cold","restaurant",1,1,0,"morning"
78,567,66,501,"weekday","earlymorning","travelling","cold","restaurant",0,1,0,"morning"
78,568,67,501,"weekday","lunch","leisure","freezing","grocery",0,1,0,"midday"
78,569,68,501,"weekday","beforelunch","travelling","unknown","restaurant",1,1,0,"midday"
78,570,69,501,"weekend","beforelunch","travelling","warm","grocery",0,1,0,"midday"
78,571,70,501,"weekday","night","travelling","warm","restaurant",0,1,0,"night"
78,575,74,501,"weekday","lunch","travelling","freezing","restaurant",0,1,0,"midday"
78,576,75,501,"weekday","lunch","working","hot","grocery",1,1,0,"midday"
78,577,76,501,"weekday","afternoon","travelling","unknown","restaurant",1,1,0,"midday"
78,578,77,501,"weekday","lunch","travelling","freezing","grocery",0,1,0,"midday"
78,579,78,501,"weekend","afternoon","travelling","warm","grocery",0,1,0,"midday"
78,582,81,501,"weekday","evening","travelling","freezing","restaurant",0,1,0,"night"
78,584,83,501,"weekday","afternoon","unknown","cold","restaurant",0,1,0,"midday"
78,587,86,501,"weekday","afternoon","unknown","cold","grocery",0,1,0,"midday"
78,588,87,501,"weekend","lunch","travelling","unknown","restaurant",1,1,0,"midday"
78,589,88,501,"weekday","breakfast","travelling","unknown","grocery",0,1,0,"morning"
78,591,90,501,"weekday","afternoon","leisure","freezing","restaurant",1,1,0,"midday"
78,592,91,501,"weekend","lunch","travelling","cold","grocery",0,1,0,"midday"
78,593,92,501,"weekday","afternoon","unknown","unknown","restaurant",0,1,0,"midday"
78,594,93,501,"weekday","beforelunch","travelling","warm","grocery",1,1,0,"midday"
78,597,96,501,"weekday","lunch","unknown","warm","grocery",0,1,0,"midday"
78,599,98,501,"weekend","lunch","working","cold","restaurant",1,1,0,"midday"
78,600,99,501,"weekday","morning","working","unknown","grocery",0,1,0,"morning"
78,601,100,501,"weekday","afternoon","travelling","warm","restaurant",0,1,0,"midday"
78,603,102,501,"weekday","lunch","shopping","cold","restaurant",0,1,0,"midday"
78,604,103,501,"weekday","night","travelling","cold","grocery",1,1,0,"night"
78,605,104,501,"weekday","beforelunch","morningrituals","freezing","grocery",0,1,0,"midday"
78,606,105,501,"weekend","breakfast","working","warm","grocery",1,1,0,"morning"
78,607,106,501,"weekend","morning","working","warm","restaurant",0,1,0,"morning"
78,608,107,501,"weekday","evening","travelling","warm","grocery",1,1,0,"night"
78,609,108,501,"weekday","dinner","travelling","cold","restaurant",0,1,0,"night"
78,611,110,501,"weekday","afternoon","unknown","cold","restaurant",0,1,0,"midday"
78,612,111,501,"weekday","night","leisure","hot","restaurant",0,1,0,"night"
78,613,112,501,"weekend","latenight","shopping","cold","restaurant",1,1,0,"night"
78,614,113,501,"weekday","dinner","working","unknown","grocery",0,1,1,"night"
78,615,114,501,"weekday","night","shopping","warm","grocery",0,1,1,"night"
78,616,115,501,"weekday","lunch","travelling","unknown","grocery",0,1,1,"midday"
78,617,116,501,"weekday","evening","travelling","freezing","restaurant",1,1,1,"night"
78,619,118,501,"weekend","lunch","unknown","cold","grocery",0,1,1,"midday"
78,620,119,501,"weekday","lunch","leisure","unknown","grocery",1,1,1,"midday"
78,622,121,501,"weekday","breakfast","travelling","freezing","restaurant",0,1,1,"morning"
78,623,122,501,"weekday","unknown","unknown","warm","restaurant",1,1,1,"unknown"
78,624,123,501,"weekend","afternoon","unknown","unknown","grocery",0,1,1,"midday"
78,626,125,501,"weekend","breakfast","travelling","unknown","grocery",0,1,1,"morning"
78,627,126,501,"weekday","afternoon","travelling","freezing","grocery",0,1,1,"midday"
78,628,127,501,"weekday","breakfast","working","unknown","grocery",0,1,1,"morning"
78,632,131,501,"weekday","night","travelling","unknown","grocery",0,1,1,"night"
78,633,132,501,"weekend","lunch","travelling","freezing","grocery",1,1,1,"midday"
78,634,133,501,"weekday","beforelunch","leisure","cold","grocery",1,1,1,"midday"
78,635,134,501,"weekday","lunch","travelling","unknown","grocery",0,1,1,"midday"
78,637,136,501,"weekday","breakfast","unknown","cold","restaurant",0,1,1,"morning"
78,638,137,501,"weekday","morning","morningrituals","unknown","grocery",1,1,1,"morning"
78,640,139,501,"weekday","afternoon","travelling","warm","grocery",0,1,1,"midday"
78,641,140,501,"weekday","dinner","travelling","warm","restaurant",0,1,1,"night"
78,642,141,501,"weekday","afternoon","morningrituals","unknown","grocery",1,1,1,"midday"
78,644,143,501,"weekday","morning","unknown","cold","grocery",1,1,1,"morning"
78,646,145,501,"weekday","beforelunch","travelling","unknown","grocery",0,1,1,"midday"
78,647,146,501,"weekend","dinner","unknown","unknown","restaurant",0,1,1,"night"
78,648,147,501,"weekday","lunch","morningrituals","cold","grocery",0,1,1,"midday"
78,649,148,501,"weekday","morning","travelling","cold","grocery",0,1,1,"morning"
78,651,150,501,"weekday","morning","working","unknown","restaurant",0,1,1,"morning"
78,653,152,501,"weekday","beforelunch","travelling","cold","grocery",1,1,1,"midday"
78,654,153,501,"weekend","afternoon","travelling","warm","grocery",0,1,1,"midday"
78,655,154,501,"unknown","beforelunch","travelling","cold","grocery",0,1,1,"midday"
78,658,157,501,"weekday","lunch","travelling","freezing","grocery",0,1,1,"midday"
78,660,159,501,"weekend","earlymorning","unknown","cold","grocery",0,1,1,"morning"
78,662,161,501,"weekend","afternoon","working","warm","grocery",1,1,1,"midday"
78,663,162,501,"weekday","lunch","travelling","freezing","restaurant",0,1,1,"midday"
78,665,164,501,"weekend","afternoon","travelling","unknown","restaurant",0,1,1,"midday"
78,666,165,501,"weekend","afternoon","morningrituals","cold","grocery",1,1,1,"midday"
78,667,166,501,"weekend","afternoon","travelling","hot","grocery",0,1,1,"midday"
78,668,167,501,"weekday","lunch","travelling","unknown","restaurant",0,1,1,"midday"
78,669,168,501,"weekday","morning","travelling","hot","restaurant",1,1,1,"morning"
78,670,169,501,"weekend","afternoon","travelling","cold","restaurant",1,1,1,"midday"
78,671,170,501,"weekday","beforelunch","travelling","unknown","grocery",1,1,1,"midday"
78,672,171,501,"weekday","lunch","travelling","unknown","grocery",0,1,1,"midday"
78,673,172,501,"weekend","breakfast","travelling","cold","grocery",0,1,1,"morning"
78,675,174,501,"weekend","beforelunch","travelling","freezing","restaurant",0,1,1,"midday"
78,676,175,501,"weekday","breakfast","leisure","hot","restaurant",0,1,1,"morning"
78,677,176,501,"weekday","morning","unknown","unknown","grocery",1,1,1,"morning"
78,678,177,501,"weekend","lunch","working","unknown","restaurant",0,1,1,"midday"
78,679,178,501,"weekday","afternoon","morningrituals","freezing","restaurant",0,1,1,"midday"
78,680,179,501,"weekday","dinner","leisure","warm","restaurant",0,1,1,"night"
78,681,180,501,"weekend","night","leisure","freezing","restaurant",0,1,1,"night"
78,683,182,501,"weekday","beforelunch","unknown","hot","restaurant",0,1,1,"midday"
78,684,183,501,"weekday","beforelunch","unknown","hot","restaurant",1,1,1,"midday"
79,511,2,509,"weekday","lunch","travelling","unknown","grocery",0,0,0,"midday"
79,512,3,509,"weekday","morning","shopping","cold","restaurant",0,0,0,"morning"
79,513,4,509,"weekday","afternoon","shopping","warm","restaurant",0,0,0,"midday"
79,515,6,509,"weekday","earlymorning","travelling","cold","restaurant",0,0,0,"morning"
79,520,11,509,"weekday","afternoon","travelling","warm","restaurant",0,0,0,"midday"
79,529,20,509,"weekday","beforelunch","travelling","freezing","grocery",0,0,0,"midday"
79,532,23,509,"weekday","beforelunch","leisure","unknown","restaurant",0,0,0,"midday"
79,538,29,509,"unknown","lunch","travelling","cold","restaurant",1,0,0,"midday"
79,539,30,509,"weekday","dinner","travelling","unknown","grocery",0,0,0,"night"
79,540,31,509,"weekday","lunch","travelling","unknown","restaurant",1,0,0,"midday"
79,546,37,509,"weekday","lunch","travelling","hot","grocery",1,0,0,"midday"
79,554,45,509,"weekday","breakfast","working","cold","grocery",1,0,0,"morning"
79,555,46,509,"weekday","beforelunch","morningrituals","unknown","grocery",0,0,0,"midday"
79,556,47,509,"unknown","dinner","morningrituals","cold","restaurant",1,0,0,"night"
79,557,48,509,"weekday","afternoon","travelling","cold","grocery",1,0,0,"midday"
79,561,52,509,"weekday","dinner","travelling","cold","restaurant",0,0,0,"night"
79,564,55,509,"weekday","beforelunch","travelling","cold","grocery",1,0,0,"midday"
79,565,56,509,"weekend","lunch","leisure","cold","restaurant",0,0,0,"midday"
79,566,57,509,"weekend","beforelunch","travelling","freezing","grocery",1,1,0,"midday"
79,569,60,509,"weekend","beforelunch","leisure","freezing","restaurant",0,1,0,"midday"
79,572,63,509,"weekday","breakfast","travelling","unknown","restaurant",0,1,0,"morning"
79,575,66,509,"weekday","afternoon","travelling","unknown","restaurant",0,1,0,"midday"
79,579,70,509,"weekday","breakfast","leisure","warm","grocery",1,1,0,"morning"
79,581,72,509,"weekday","earlymorning","working","cold","grocery",0,1,0,"morning"
79,586,77,509,"weekday","beforelunch","travelling","unknown","grocery",1,1,0,"midday"
79,588,79,509,"weekday","beforelunch","travelling","unknown","grocery",1,1,0,"midday"
79,589,80,509,"weekday","lunch","travelling","warm","grocery",0,1,0,"midday"
79,591,82,509,"weekday","lunch","leisure","warm","grocery",0,1,0,"midday"
79,597,88,509,"weekday","lunch","travelling","unknown","grocery",0,1,0,"midday"
79,598,89,509,"weekday","beforelunch","travelling","freezing","restaurant",0,1,0,"midday"
79,601,92,509,"weekday","lunch","travelling","cold","grocery",1,1,0,"midday"
79,602,93,509,"unknown","beforelunch","travelling","freezing","restaurant",1,1,0,"midday"
79,604,95,509,"weekday","afternoon","working","freezing","restaurant",0,1,0,"midday"
79,606,97,509,"weekday","afternoon","travelling","warm","restaurant",1,1,0,"midday"
79,607,98,509,"weekend","afternoon","travelling","unknown","grocery",0,1,0,"midday"
79,608,99,509,"weekday","lunch","working","freezing","grocery",0,1,0,"midday"
79,610,101,509,"weekday","afternoon","working","hot","restaurant",0,1,0,"midday"
79,613,104,509,"weekday","afternoon","travelling","unknown","grocery",0,1,0,"midday"
79,618,109,509,"weekend","lunch","unknown","freezing","grocery",0,1,0,"midday"
79,621,112,509,"weekend","breakfast","travelling","freezing","grocery",1,1,0,"morning"
79,623,114,509,"weekday","afternoon","unknown","cold","restaurant",0,1,1,"midday"
79,625,116,509,"weekday","lunch","travelling","unknown","restaurant",0,1,1,"midday"
79,626,117,509,"weekend","morning","travelling","unknown","restaurant",0,1,1,"morning"
79,628,119,509,"weekday","lunch","working","unknown","restaurant",0,1,1,"midday"
79,632,123,509,"weekday","morning","travelling","unknown","grocery",1,1,1,"morning"
79,636,127,509,"weekday","lunch","working","freezing","restaurant",0,1,1,"midday"
79,645,136,509,"weekend","afternoon","leisure","freezing","grocery",0,1,1,"midday"
79,646,137,509,"weekday","afternoon","working","unknown","grocery",1,1,1,"midday"
79,649,140,509,"weekday","dinner","travelling","freezing","restaurant",1,1,1,"night"
79,656,147,509,"weekend","beforelunch","travelling","freezing","grocery",0,1,1,"midday"
79,658,149,509,"weekday","lunch","travelling","cold","grocery",1,1,1,"midday"
79,663,154,509,"weekday","afternoon","travelling","unknown","restaurant",0,1,1,"midday"
79,665,156,509,"weekday","lunch","unknown","cold","grocery",1,1,1,"midday"
79,669,160,509,"weekday","afternoon","travelling","cold","grocery",0,1,1,"midday"
79,671,162,509,"weekday","dinner","travelling","cold","grocery",1,1,1,"night"
79,673,164,509,"weekday","afternoon","travelling","hot","restaurant",0,1,1,"midday"
79,675,166,509,"weekday","lunch","working","cold","grocery",0,1,1,"midday"
79,680,171,509,"weekday","afternoon","travelling","freezing","restaurant",0,1,1,"midday"
79,682,173,509,"weekday","afternoon","travelling","unknown","restaurant",0,1,1,"midday"
79,686,177,509,"weekday","lunch","leisure","unknown","restaurant",0,1,1,"midday"
79,688,179,509,"weekday","evening","unknown","cold","restaurant",0,1,1,"night"
80,511,0,511,"weekday","dinner","travelling","warm","grocery",1,0,0,"night"
80,514,3,511,"weekday","lunch","travelling","hot","grocery",0,0,0,"midday"
80,518,7,511,"weekday","lunch","travelling","hot","grocery",0,0,0,"midday"
80,524,13,511,"unknown","lunch","unknown","unknown","restaurant",0,0,0,"midday"
80,526,15,511,"weekday","morning","travelling","cold","grocery",0,0,0,"morning"
80,530,19,511,"weekend","afternoon","unknown","cold","restaurant",0,0,0,"midday"
80,531,20,511,"weekday","afternoon","travelling","freezing","grocery",0,0,0,"midday"
80,532,21,511,"weekday","unknown","travelling","hot","restaurant",0,0,0,"unknown"
80,533,22,511,"weekday","morning","travelling","unknown","restaurant",0,0,0,"morning"
80,550,39,511,"weekday","lunch","travelling","unknown","restaurant",0,0,0,"midday"
80,553,42,511,"weekday","afternoon","morningrituals","hot","grocery",0,0,0,"midday"
80,554,43,511,"weekday","afternoon","shopping","cold","restaurant",1,0,0,"midday"
80,555,44,511,"weekday","afternoon","unknown","freezing","grocery",0,0,0,"midday"
80,562,51,511,"weekend","breakfast","travelling","freezing","restaurant",0,0,0,"morning"
80,565,54,511,"weekday","lunch","morningrituals","freezing","grocery",0,0,0,"midday"
80,567,56,511,"weekday","afternoon","travelling","warm","grocery",0,0,0,"midday"
80,571,60,511,"unknown","afternoon","travelling","freezing","restaurant",1,1,0,"midday"
80,572,61,511,"weekend","lunch","travelling","freezing","grocery",1,1,0,"midday"
80,574,63,511,"weekend","lunch","travelling","freezing","grocery",1,1,0,"midday"
80,576,65,511,"weekday","lunch","leisure","cold","restaurant",0,1,0,"midday"
80,577,66,511,"weekday","beforelunch","working","cold","restaurant",0,1,0,"midday"
80,580,69,511,"unknown","beforelunch","travelling","warm","restaurant",0,1,0,"midday"
80,581,70,511,"weekday","night","leisure","cold","restaurant",0,1,0,"night"
80,586,75,511,"weekday","lunch","travelling","cold","grocery",0,1,0,"midday"
80,588,77,511,"weekend","morning","travelling","freezing","grocery",0,1,0,"morning"
80,597,86,511,"weekday","afternoon","working","freezing","grocery",0,1,0,"midday"
80,613,102,511,"weekday","lunch","travelling","warm","restaurant",0,1,0,"midday"
80,614,103,511,"weekday","afternoon","travelling","cold","grocery",0,1,0,"midday"
80,617,106,511,"weekday","lunch","leisure","freezing","grocery",0,1,0,"midday"
80,627,116,511,"weekday","beforelunch","unknown","unknown","grocery",1,1,1,"midday"
80,629,118,511,"weekend","beforelunch","travelling","cold","grocery",0,1,1,"midday"
80,630,119,511,"weekday","lunch","working","hot","grocery",0,1,1,"midday"
80,636,125,511,"weekday","lunch","shopping","freezing","restaurant",1,1,1,"midday"
80,640,129,511,"weekday","afternoon","travelling","cold","restaurant",0,1,1,"midday"
80,641,130,511,"weekday","unknown","travelling","cold","restaurant",1,1,1,"unknown"
80,642,131,511,"weekday","lunch","travelling","cold","restaurant",1,1,1,"midday"
80,647,136,511,"weekday","afternoon","leisure","warm","restaurant",1,1,1,"midday"
80,648,137,511,"weekday","lunch","travelling","cold","restaurant",0,1,1,"midday"
80,652,141,511,"weekend","afternoon","working","unknown","grocery",1,1,1,"midday"
80,656,145,511,"weekday","lunch","travelling","cold","grocery",1,1,1,"midday"
80,657,146,511,"weekday","afternoon","morningrituals","hot","restaurant",0,1,1,"midday"
80,660,149,511,"weekday","morning","leisure","hot","restaurant",0,1,1,"morning"
80,663,152,511,"weekday","afternoon","unknown","unknown","restaurant",1,1,1,"midday"
80,667,156,511,"weekday","afternoon","unknown","warm","grocery",1,1,1,"midday"
80,669,158,511,"weekday","lunch","travelling","warm","restaurant",0,1,1,"midday"
80,671,160,511,"weekday","breakfast","working","hot","restaurant",0,1,1,"morning"
80,674,163,511,"weekday","dinner","travelling","cold","grocery",0,1,1,"night"
80,682,171,511,"weekday","afternoon","travelling","freezing","grocery",0,1,1,"midday"
80,688,177,511,"weekend","breakfast","shopping","cold","restaurant",1,1,1,"morning"
80,689,178,511,"weekday","dinner","unknown","unknown","restaurant",1,1,1,"night"
80,692,181,511,"weekday","lunch","travelling","cold","grocery",0,1,1,"midday"
80,694,183,511,"weekday","lunch","unknown","unknown","grocery",0,1,1,"midday"
81,522,2,520,"weekend","breakfast","travelling","freezing","restaurant",0,0,0,"morning"
81,525,5,520,"weekend","earlymorning","travelling","unknown","restaurant",1,0,0,"morning"
81,526,6,520,"weekday","lunch","travelling","unknown","grocery",0,0,0,"midday"
81,529,9,520,"weekday","breakfast","working","freezing","restaurant",0,0,0,"morning"
81,532,12,520,"weekday","afternoon","travelling","cold","restaurant",0,0,0,"midday"
81,533,13,520,"weekday","afternoon","leisure","hot","restaurant",0,0,0,"midday"
81,539,19,520,"weekday","beforelunch","unknown","cold","restaurant",1,0,0,"midday"
81,550,30,520,"weekday","morning","morningrituals","warm","grocery",0,0,0,"morning"
81,551,31,520,"weekend","lunch","travelling","freezing","grocery",0,0,0,"midday"
81,553,33,520,"weekend","afternoon","leisure","cold","restaurant",1,0,0,"midday"
81,556,36,520,"weekday","dinner","shopping","hot","restaurant",0,0,0,"night"
81,560,40,520,"weekday","beforelunch","travelling","freezing","restaurant",1,0,0,"midday"
81,565,45,520,"weekend","lunch","unknown","hot","restaurant",0,0,0,"midday"
81,571,51,520,"weekday","beforelunch","travelling","freezing","grocery",1,0,0,"midday"
81,574,54,520,"weekday","afternoon","travelling","cold","grocery",0,0,0,"midday"
81,578,58,520,"weekday","morning","travelling","hot","grocery",0,1,0,"morning"
81,580,60,520,"weekend","afternoon","shopping","unknown","restaurant",1,1,0,"midday"
81,584,64,520,"weekday","breakfast","unknown","freezing","restaurant",0,1,0,"morning"
81,585,65,520,"weekday","breakfast","working","cold","grocery",0,1,0,"morning"
81,592,72,520,"weekday","lunch","leisure","unknown","grocery",1,1,0,"midday"
81,593,73,520,"weekend","afternoon","travelling","warm","restaurant",0,1,0,"midday"
81,594,74,520,"weekend","dinner","travelling","freezing","grocery",0,1,0,"night"
81,598,78,520,"weekday","afternoon","shopping","warm","restaurant",0,1,0,"midday"
81,601,81,520,"weekday","beforelunch","travelling","cold","restaurant",0,1,0,"midday"
81,608,88,520,"weekday","lunch","shopping","unknown","restaurant",1,1,0,"midday"
81,611,91,520,"weekday","afternoon","working","cold","restaurant",0,1,0,"midday"
81,622,102,520,"weekday","dinner","travelling","warm","grocery",1,1,0,"night"
81,623,103,520,"weekend","beforelunch","leisure","cold","grocery",0,1,0,"midday"
81,624,104,520,"weekday","morning","working","freezing","restaurant",0,1,0,"morning"
81,626,106,520,"weekday","beforelunch","travelling","unknown","grocery",0,1,0,"midday"
81,638,118,520,"weekday","beforelunch","working","freezing","grocery",1,1,1,"midday"
81,641,121,520,"weekday","beforelunch","travelling","hot","restaurant",0,1,1,"midday"
81,646,126,520,"weekend","lunch","travelling","freezing","restaurant",0,1,1,"midday"
81,647,127,520,"weekday","dinner","travelling","freezing","restaurant",1,1,1,"night"
81,649,129,520,"weekend","lunch","travelling","cold","restaurant",1,1,1,"midday"
81,651,131,520,"weekday","lunch","travelling","cold","restaurant",0,1,1,"midday"
81,669,149,520,"weekday","lunch","travelling","freezing","restaurant",0,1,1,"midday"
81,678,158,520,"weekend","beforelunch","unknown","cold","restaurant",0,1,1,"midday"
81,679,159,520,"weekend","beforelunch","shopping","freezing","grocery",0,1,1,"midday"
81,680,160,520,"weekday","afternoon","travelling","cold","grocery",0,1,1,"midday"
81,684,164,520,"weekday","breakfast","travelling","unknown","restaurant",0,1,1,"morning"
81,686,166,520,"weekday","lunch","travelling","unknown","restaurant",0,1,1,"midday"
81,688,168,520,"weekday","afternoon","travelling","freezing","restaurant",1,1,1,"midday"
81,696,176,520,"weekday","lunch","working","cold","restaurant",1,1,1,"midday"
81,703,183,520,"weekday","afternoon","working","warm","grocery",1,1,1,"midday"
82,529,2,527,"weekend","afternoon","travelling","warm","restaurant",0,0,0,"midday"
82,534,7,527,"weekend","morning","morningrituals","freezing","grocery",0,0,0,"morning"
82,546,19,527,"weekend","beforelunch","travelling","cold","restaurant",0,0,0,"midday"
82,552,25,527,"weekday","lunch","unknown","unknown","grocery",0,0,0,"midday"
82,557,30,527,"weekday","dinner","leisure","warm","grocery",0,0,0,"night"
82,558,31,527,"weekend","breakfast","travelling","unknown","grocery",0,0,0,"morning"
82,560,33,527,"weekday","afternoon","working","warm","grocery",0,0,0,"midday"
82,562,35,527,"weekday","lunch","travelling","cold","grocery",1,0,0,"midday"
82,563,36,527,"weekday","beforelunch","travelling","unknown","grocery",0,0,0,"midday"
82,580,53,527,"weekday","beforelunch","travelling","cold","grocery",0,0,0,"midday"
82,581,54,527,"weekday","breakfast","travelling","unknown","restaurant",0,0,0,"morning"
82,582,55,527,"weekend","breakfast","travelling","cold","grocery",0,0,0,"morning"
82,586,59,527,"weekday","unknown","travelling","cold","grocery",1,1,0,"unknown"
82,588,61,527,"weekend","beforelunch","travelling","unknown","restaurant",1,1,0,"midday"
82,589,62,527,"weekend","beforelunch","travelling","unknown","grocery",0,1,0,"midday"
82,593,66,527,"weekday","beforelunch","travelling","cold","grocery",0,1,0,"midday"
82,596,69,527,"weekday","lunch","leisure","cold","grocery",1,1,0,"midday"
82,599,72,527,"weekend","lunch","travelling","cold","restaurant",0,1,0,"midday"
82,603,76,527,"weekday","breakfast","unknown","cold","grocery",1,1,0,"morning"
82,606,79,527,"weekday","beforelunch","travelling","hot","grocery",0,1,0,"midday"
82,617,90,527,"weekday","lunch","travelling","warm","restaurant",0,1,0,"midday"
82,618,91,527,"weekend","afternoon","travelling","freezing","grocery",1,1,0,"midday"
82,632,105,527,"weekday","afternoon","unknown","unknown","grocery",0,1,0,"midday"
82,637,110,527,"weekday","morning","travelling","unknown","restaurant",0,1,0,"morning"
82,639,112,527,"weekday","morning","travelling","hot","grocery",1,1,0,"morning"
82,650,123,527,"weekend","evening","travelling","unknown","restaurant",1,1,1,"night"
82,658,131,527,"weekend","afternoon","working","unknown","restaurant",1,1,1,"midday"
82,661,134,527,"unknown","beforelunch","shopping","unknown","grocery",0,1,1,"midday"
82,686,159,527,"weekday","beforelunch","unknown","cold","grocery",0,1,1,"midday"
82,688,161,527,"weekday","breakfast","travelling","cold","restaurant",0,1,1,"morning"
82,690,163,527,"weekday","beforelunch","working","unknown","grocery",0,1,1,"midday"
82,698,171,527,"weekday","dinner","travelling","unknown","restaurant",0,1,1,"night"
82,701,174,527,"weekday","night","travelling","freezing","grocery",0,1,1,"night"
82,703,176,527,"weekday","beforelunch","travelling","cold","restaurant",0,1,1,"midday"
82,707,180,527,"weekend","beforelunch","shopping","cold","restaurant",0,1,1,"midday"
82,709,182,527,"weekday","breakfast","working","unknown","restaurant",0,1,1,"morning"
83,536,0,536,"weekday","lunch","working","unknown","grocery",0,0,0,"midday"
83,537,1,536,"weekend","afternoon","travelling","cold","grocery",1,0,0,"midday"
83,539,3,536,"weekend","afternoon","unknown","cold","grocery",0,0,0,"midday"
83,547,11,536,"unknown","afternoon","unknown","warm","restaurant",0,0,0,"midday"
83,548,12,536,"weekday","afternoon","travelling","cold","grocery",0,0,0,"midday"
83,550,14,536,"weekend","lunch","unknown","cold","restaurant",0,0,0,"midday"
83,551,15,536,"weekend","beforelunch","working","warm","restaurant",0,0,0,"midday"
83,552,16,536,"weekday","lunch","travelling","cold","restaurant",1,0,0,"midday"
83,553,17,536,"weekday","breakfast","travelling","cold","grocery",0,0,0,"morning"
83,555,19,536,"weekday","lunch","travelling","warm","grocery",0,0,0,"midday"
83,558,22,536,"weekend","morning","travelling","cold","grocery",0,0,0,"morning"
83,560,24,536,"weekday","afternoon","travelling","freezing","grocery",1,0,0,"midday"
83,562,26,536,"weekday","lunch","unknown","unknown","restaurant",1,0,0,"midday"
83,567,31,536,"weekend","lunch","working","freezing","grocery",0,0,0,"midday"
83,572,36,536,"weekday","morning","travelling","cold","grocery",0,0,0,"morning"
83,573,37,536,"weekday","lunch","travelling","unknown","grocery",1,0,0,"midday"
83,574,38,536,"weekday","afternoon","travelling","unknown","grocery",0,0,0,"midday"
83,575,39,536,"weekday","morning","travelling","warm","restaurant",1,0,0,"morning"
83,577,41,536,"weekday","lunch","travelling","freezing","restaurant",0,0,0,"midday"
83,580,44,536,"weekend","beforelunch","working","cold","grocery",1,0,0,"midday"
83,583,47,536,"weekday","lunch","unknown","unknown","grocery",1,0,0,"midday"
83,584,48,536,"weekday","afternoon","unknown","freezing","grocery",0,0,0,"midday"
83,585,49,536,"weekend","beforelunch","travelling","unknown","restaurant",0,0,0,"midday"
83,587,51,536,"weekday","afternoon","travelling","hot","restaurant",0,0,0,"midday"
83,588,52,536,"weekday","night","leisure","cold","grocery",0,0,0,"night"
83,590,54,536,"weekday","lunch","travelling","freezing","restaurant",0,0,0,"midday"
83,592,56,536,"weekend","beforelunch","shopping","cold","grocery",0,0,0,"midday"
83,593,57,536,"weekend","breakfast","travelling","cold","grocery",0,1,0,"morning"
83,594,58,536,"weekday","lunch","travelling","cold","restaurant",1,1,0,"midday"
83,596,60,536,"weekday","afternoon","working","warm","grocery",0,1,0,"midday"
83,597,61,536,"weekday","afternoon","travelling","freezing","grocery",0,1,0,"midday"
83,602,66,536,"weekend","unknown","travelling","unknown","grocery",1,1,0,"unknown"
83,603,67,536,"weekday","afternoon","morningrituals","unknown","grocery",1,1,0,"midday"
83,605,69,536,"weekday","afternoon","travelling","freezing","grocery",0,1,0,"midday"
83,606,70,536,"weekend","breakfast","travelling","hot","grocery",0,1,0,"morning"
83,607,71,536,"weekend","morning","travelling","unknown","grocery",0,1,0,"morning"
83,608,72,536,"weekday","beforelunch","unknown","cold","grocery",0,1,0,"midday"
83,609,73,536,"unknown","beforelunch","unknown","cold","restaurant",1,1,0,"midday"
83,610,74,536,"weekend","morning","travelling","cold","restaurant",0,1,0,"morning"
83,611,75,536,"weekday","morning","travelling","freezing","restaurant",0,1,0,"morning"
83,613,77,536,"weekday","afternoon","unknown","warm","restaurant",0,1,0,"midday"
83,614,78,536,"weekend","earlymorning","travelling","unknown","grocery",1,1,0,"morning"
83,617,81,536,"weekend","morning","travelling","warm","restaurant",1,1,0,"morning"
83,621,85,536,"weekday","breakfast","working","cold","grocery",0,1,0,"morning"
83,622,86,536,"weekday","lunch","leisure","cold","restaurant",0,1,0,"midday"
83,623,87,536,"weekday","lunch","social","hot","grocery",1,1,0,"midday"
83,624,88,536,"weekday","beforelunch","leisure","cold","restaurant",0,1,0,"midday"
83,625,89,536,"weekday","dinner","travelling","freezing","restaurant",1,1,0,"night"
83,626,90,536,"weekday","lunch","travelling","hot","grocery",1,1,0,"midday"
83,632,96,536,"weekend","breakfast","travelling","freezing","grocery",0,1,0,"morning"
83,633,97,536,"weekend","morning","unknown","cold","grocery",1,1,0,"morning"
83,639,103,536,"weekday","beforelunch","travelling","warm","grocery",1,1,0,"midday"
83,640,104,536,"weekday","lunch","travelling","hot","restaurant",1,1,0,"midday"
83,641,105,536,"weekend","lunch","travelling","cold","restaurant",1,1,0,"midday"
83,644,108,536,"weekday","unknown","leisure","cold","grocery",0,1,0,"unknown"
83,645,109,536,"weekday","breakfast","unknown","freezing","restaurant",0,1,0,"morning"
83,648,112,536,"weekday","afternoon","travelling","cold","grocery",1,1,0,"midday"
83,649,113,536,"weekend","lunch","unknown","cold","grocery",1,1,1,"midday"
83,650,114,536,"weekday","unknown","working","unknown","restaurant",0,1,1,"unknown"
83,651,115,536,"weekday","lunch","travelling","unknown","restaurant",0,1,1,"midday"
83,654,118,536,"weekday","unknown","travelling","freezing","restaurant",0,1,1,"unknown"
83,655,119,536,"weekend","lunch","shopping","cold","restaurant",0,1,1,"midday"
83,656,120,536,"weekend","afternoon","leisure","unknown","restaurant",0,1,1,"midday"
83,659,123,536,"weekend","lunch","travelling","cold","grocery",0,1,1,"midday"
83,660,124,536,"weekday","afternoon","shopping","warm","restaurant",0,1,1,"midday"
83,663,127,536,"weekend","earlymorning","travelling","hot","restaurant",0,1,1,"morning"
83,664,128,536,"weekday","lunch","unknown","cold","grocery",0,1,1,"midday"
83,665,129,536,"weekday","afternoon","unknown","unknown","restaurant",0,1,1,"midday"
83,667,131,536,"weekday","afternoon","travelling","warm","grocery",1,1,1,"midday"
83,668,132,536,"weekday","afternoon","unknown","unknown","restaurant",0,1,1,"midday"
83,670,134,536,"weekend","afternoon","shopping","warm","restaurant",1,1,1,"midday"
83,671,135,536,"weekday","beforelunch","travelling","unknown","restaurant",0,1,1,"midday"
83,672,136,536,"weekday","morning","leisure","freezing","grocery",0,1,1,"morning"
83,676,140,536,"weekday","afternoon","working","cold","grocery",0,1,1,"midday"
83,677,141,536,"weekday","breakfast","travelling","unknown","grocery",1,1,1,"morning"
83,683,147,536,"weekend","lunch","leisure","warm","grocery",1,1,1,"midday"
83,686,150,536,"weekday","night","travelling","freezing","grocery",1,1,1,"night"
83,688,152,536,"weekday","lunch","leisure","cold","grocery",1,1,1,"midday"
83,691,155,536,"weekday","earlymorning","travelling","warm","grocery",0,1,1,"morning"
83,692,156,536,"weekday","lunch","travelling","hot","restaurant",1,1,1,"midday"
83,694,158,536,"weekday","beforelunch","leisure","cold","restaurant",0,1,1,"midday"
83,695,159,536,"weekday","afternoon","unknown","hot","grocery",0,1,1,"midday"
83,696,160,536,"weekday","afternoon","unknown","unknown","grocery",0,1,1,"midday"
83,697,161,536,"weekend","afternoon","travelling","cold","grocery",0,1,1,"midday"
83,699,163,536,"weekend","lunch","working","freezing","restaurant",0,1,1,"midday"
83,700,164,536,"weekday","afternoon","travelling","freezing","grocery",0,1,1,"midday"
83,701,165,536,"weekend","lunch","travelling","cold","restaurant",0,1,1,"midday"
83,702,166,536,"weekday","beforelunch","travelling","cold","restaurant",0,1,1,"midday"
83,705,169,536,"weekday","breakfast","travelling","freezing","grocery",0,1,1,"morning"
83,707,171,536,"weekday","beforelunch","travelling","unknown","grocery",0,1,1,"midday"
83,710,174,536,"weekday","lunch","working","cold","restaurant",0,1,1,"midday"
83,711,175,536,"weekday","beforelunch","shopping","warm","restaurant",0,1,1,"midday"
83,713,177,536,"weekend","lunch","travelling","cold","grocery",0,1,1,"midday"
83,716,180,536,"weekday","morning","shopping","warm","grocery",1,1,1,"morning"
83,717,181,536,"weekday","afternoon","travelling","freezing","restaurant",1,1,1,"midday"
83,718,182,536,"weekend","morning","travelling","warm","grocery",1,1,1,"morning"
84,537,0,537,"weekend","beforelunch","travelling","cold","grocery",0,0,0,"midday"
84,538,1,537,"weekday","beforelunch","working","warm","grocery",0,0,0,"midday"
84,539,2,537,"weekday","earlymorning","travelling","unknown","restaurant",0,0,0,"morning"
84,540,3,537,"weekend","afternoon","travelling","hot","restaurant",1,0,0,"midday"
84,541,4,537,"weekend","beforelunch","travelling","warm","grocery",0,0,0,"midday"
84,543,6,537,"weekday","dinner","social","cold","grocery",0,0,0,"night"
84,544,7,537,"weekday","afternoon","travelling","unknown","restaurant",0,0,0,"midday"
84,545,8,537,"weekday","earlymorning","travelling","warm","grocery",1,0,0,"morning"
84,546,9,537,"weekday","breakfast","unknown","warm","restaurant",0,0,0,"morning"
84,547,10,537,"weekday","beforelunch","travelling","freezing","grocery",1,0,0,"midday"
84,551,14,537,"weekend","lunch","working","warm","restaurant",0,0,0,"midday"
84,552,15,537,"weekday","lunch","leisure","warm","restaurant",0,0,0,"midday"
84,553,16,537,"weekday","dinner","travelling","cold","restaurant",0,0,0,"night"
84,555,18,537,"weekend","breakfast","working","cold","restaurant",0,0,0,"morning"
84,559,22,537,"weekday","afternoon","travelling","unknown","grocery",1,0,0,"midday"
84,560,23,537,"weekend","afternoon","travelling","cold","grocery",0,0,0,"midday"
84,561,24,537,"weekday","afternoon","unknown","cold","restaurant",0,0,0,"midday"
84,564,27,537,"weekday","lunch","travelling","unknown","grocery",0,0,0,"midday"
84,565,28,537,"weekend","afternoon","working","unknown","restaurant",0,0,0,"midday"
84,567,30,537,"weekday","afternoon","travelling","cold","grocery",0,0,0,"midday"
84,568,31,537,"weekday","lunch","travelling","cold","restaurant",0,0,0,"midday"
84,570,33,537,"weekend","afternoon","shopping","freezing","restaurant",0,0,0,"midday"
84,571,34,537,"weekday","lunch","travelling","cold","grocery",1,0,0,"midday"
84,572,35,537,"unknown","morning","travelling","cold","grocery",1,0,0,"morning"
84,573,36,537,"weekend","afternoon","travelling","cold","grocery",0,0,0,"midday"
84,574,37,537,"weekend","beforelunch","travelling","warm","restaurant",0,0,0,"midday"
84,575,38,537,"weekday","afternoon","travelling","warm","grocery",0,0,0,"midday"
84,576,39,537,"weekday","dinner","working","cold","grocery",0,0,0,"night"
84,578,41,537,"weekend","afternoon","housework","freezing","restaurant",1,0,0,"midday"
84,581,44,537,"weekday","evening","unknown","hot","grocery",0,0,0,"night"
84,582,45,537,"weekend","afternoon","working","unknown","grocery",0,0,0,"midday"
84,583,46,537,"weekday","beforelunch","travelling","freezing","grocery",0,0,0,"midday"
84,584,47,537,"weekday","afternoon","leisure","freezing","grocery",0,0,0,"midday"
84,585,48,537,"weekday","afternoon","leisure","hot","grocery",0,0,0,"midday"
84,586,49,537,"weekday","afternoon","travelling","freezing","restaurant",0,0,0,"midday"
84,587,50,537,"weekday","lunch","unknown","cold","restaurant",1,0,0,"midday"
84,589,52,537,"weekday","afternoon","travelling","cold","restaurant",0,0,0,"midday"
84,592,55,537,"weekday","beforelunch","travelling","cold","restaurant",0,0,0,"midday"
84,593,56,537,"weekend","unknown","travelling","warm","grocery",1,0,0,"unknown"
84,594,57,537,"weekday","dinner","unknown","cold","grocery",0,1,0,"night"
84,595,58,537,"weekday","afternoon","travelling","warm","restaurant",0,1,0,"midday"
84,598,61,537,"weekday","lunch","travelling","cold","grocery",1,1,0,"midday"
84,599,62,537,"weekday","breakfast","morningrituals","warm","grocery",1,1,0,"morning"
84,600,63,537,"weekday","dinner","working","hot","grocery",0,1,0,"night"
84,601,64,537,"weekday","breakfast","travelling","cold","grocery",0,1,0,"morning"
84,602,65,537,"weekday","lunch","unknown","cold","grocery",1,1,0,"midday"
84,603,66,537,"weekday","dinner","working","cold","restaurant",0,1,0,"night"
84,605,68,537,"weekday","afternoon","travelling","cold","grocery",0,1,0,"midday"
84,607,70,537,"weekday","morning","travelling","hot","grocery",0,1,0,"morning"
84,608,71,537,"weekday","lunch","leisure","cold","grocery",0,1,0,"midday"
84,609,72,537,"weekday","lunch","unknown","warm","grocery",0,1,0,"midday"
84,612,75,537,"weekday","afternoon","travelling","cold","grocery",0,1,0,"midday"
84,613,76,537,"weekend","afternoon","unknown","cold","grocery",0,1,0,"midday"
84,614,77,537,"weekday","dinner","unknown","unknown","restaurant",0,1,0,"night"
84,616,79,537,"weekday","lunch","unknown","unknown","grocery",0,1,0,"midday"
84,617,80,537,"weekday","afternoon","shopping","cold","grocery",0,1,0,"midday"
84,618,81,537,"weekend","beforelunch","unknown","cold","grocery",0,1,0,"midday"
84,619,82,537,"weekend","afternoon","travelling","hot","grocery",1,1,0,"midday"
84,620,83,537,"weekday","earlymorning","travelling","unknown","restaurant",1,1,0,"morning"
84,622,85,537,"weekday","beforelunch","travelling","freezing","restaurant",0,1,0,"midday"
84,623,86,537,"weekday","morning","morningrituals","unknown","grocery",0,1,0,"morning"
84,624,87,537,"weekday","afternoon","travelling","unknown","grocery",0,1,0,"midday"
84,626,89,537,"weekend","afternoon","travelling","freezing","restaurant",1,1,0,"midday"
84,628,91,537,"weekend","beforelunch","leisure","warm","restaurant",0,1,0,"midday"
84,629,92,537,"weekend","beforelunch","leisure","unknown","grocery",0,1,0,"midday"
84,630,93,537,"weekday","lunch","travelling","unknown","grocery",0,1,0,"midday"
84,631,94,537,"weekday","afternoon","travelling","freezing","restaurant",0,1,0,"midday"
84,632,95,537,"weekend","morning","travelling","freezing","restaurant",0,1,0,"morning"
84,634,97,537,"weekday","lunch","travelling","unknown","restaurant",0,1,0,"midday"
84,635,98,537,"weekday","breakfast","travelling","freezing","restaurant",0,1,0,"morning"
84,636,99,537,"weekday","unknown","unknown","unknown","grocery",0,1,0,"unknown"
84,637,100,537,"weekday","beforelunch","unknown","cold","grocery",1,1,0,"midday"
84,639,102,537,"weekend","dinner","shopping","unknown","restaurant",0,1,0,"night"
84,642,105,537,"weekend","breakfast","unknown","warm","grocery",0,1,0,"morning"
84,643,106,537,"weekday","beforelunch","working","warm","restaurant",0,1,0,"midday"
84,646,109,537,"weekday","afternoon","shopping","cold","restaurant",1,1,0,"midday"
84,647,110,537,"weekend","afternoon","travelling","hot","grocery",0,1,0,"midday"
84,648,111,537,"weekday","beforelunch","travelling","cold","grocery",1,1,0,"midday"
84,649,112,537,"weekday","afternoon","leisure","unknown","grocery",0,1,0,"midday"
84,650,113,537,"weekday","breakfast","travelling","unknown","grocery",0,1,1,"morning"
84,652,115,537,"weekend","afternoon","morningrituals","freezing","restaurant",1,1,1,"midday"
84,653,116,537,"weekday","beforelunch","travelling","freezing","restaurant",0,1,1,"midday"
84,654,117,537,"weekday","breakfast","travelling","unknown","grocery",0,1,1,"morning"
84,655,118,537,"weekend","beforelunch","unknown","warm","restaurant",0,1,1,"midday"
84,658,121,537,"weekend","afternoon","travelling","cold","restaurant",0,1,1,"midday"
84,659,122,537,"weekend","earlymorning","travelling","cold","restaurant",0,1,1,"morning"
84,662,125,537,"weekday","breakfast","travelling","unknown","grocery",1,1,1,"morning"
84,664,127,537,"weekday","morning","travelling","unknown","restaurant",0,1,1,"morning"
84,666,129,537,"weekday","dinner","unknown","unknown","grocery",1,1,1,"night"
84,667,130,537,"weekday","breakfast","travelling","freezing","restaurant",0,1,1,"morning"
84,670,133,537,"weekend","beforelunch","shopping","warm","grocery",0,1,1,"midday"
84,671,134,537,"weekday","beforelunch","morningrituals","unknown","restaurant",0,1,1,"midday"
84,672,135,537,"weekday","beforelunch","unknown","freezing","restaurant",1,1,1,"midday"
84,673,136,537,"weekend","afternoon","travelling","cold","restaurant",0,1,1,"midday"
84,675,138,537,"weekday","afternoon","travelling","freezing","restaurant",0,1,1,"midday"
84,676,139,537,"weekday","afternoon","unknown","cold","restaurant",0,1,1,"midday"
84,681,144,537,"weekend","latenight","unknown","hot","grocery",0,1,1,"night"
84,682,145,537,"weekend","earlymorning","leisure","warm","grocery",1,1,1,"morning"
84,683,146,537,"weekend","lunch","travelling","unknown","grocery",0,1,1,"midday"
84,686,149,537,"weekend","beforelunch","travelling","unknown","grocery",0,1,1,"midday"
84,689,152,537,"weekend","dinner","travelling","cold","grocery",0,1,1,"night"
84,691,154,537,"weekday","breakfast","travelling","freezing","grocery",0,1,1,"morning"
84,694,157,537,"weekday","lunch","working","cold","restaurant",0,1,1,"midday"
84,698,161,537,"weekday","afternoon","travelling","cold","restaurant",1,1,1,"midday"
84,701,164,537,"weekday","afternoon","travelling","freezing","restaurant",0,1,1,"midday"
84,702,165,537,"weekend","breakfast","unknown","cold","restaurant",0,1,1,"morning"
84,704,167,537,"weekend","breakfast","travelling","unknown","restaurant",0,1,1,"morning"
84,706,169,537,"weekday","breakfast","unknown","cold","restaurant",0,1,1,"morning"
84,708,171,537,"weekday","breakfast","leisure","unknown","restaurant",1,1,1,"morning"
84,709,172,537,"weekday","morning","housework","cold","grocery",1,1,1,"morning"
84,710,173,537,"weekday","lunch","travelling","unknown","restaurant",1,1,1,"midday"
84,712,175,537,"weekday","dinner","leisure","freezing","restaurant",0,1,1,"night"
84,713,176,537,"weekday","beforelunch","travelling","hot","grocery",1,1,1,"midday"
84,714,177,537,"weekday","evening","unknown","cold","restaurant",0,1,1,"night"
84,716,179,537,"weekday","afternoon","travelling","warm","restaurant",0,1,1,"midday"
84,717,180,537,"weekday","lunch","travelling","cold","grocery",0,1,1,"midday"
84,718,181,537,"weekday","night","leisure","warm","restaurant",0,1,1,"night"
84,720,183,537,"weekday","beforelunch","leisure","warm","restaurant",0,1,1,"midday"
85,551,3,548,"weekday","lunch","travelling","unknown","grocery",1,0,0,"midday"
85,552,4,548,"weekday","afternoon","travelling","freezing","grocery",0,0,0,"midday"
85,553,5,548,"weekday","night","shopping","freezing","grocery",0,0,0,"night"
85,554,6,548,"weekend","lunch","shopping","cold","grocery",0,0,0,"midday"
85,555,7,548,"weekday","beforelunch","travelling","cold","grocery",0,0,0,"midday"
85,560,12,548,"weekday","breakfast","travelling","warm","grocery",1,0,0,"morning"
85,561,13,548,"weekday","breakfast","travelling","freezing","restaurant",0,0,0,"morning"
85,565,17,548,"weekend","beforelunch","shopping","freezing","restaurant",0,0,0,"midday"
85,566,18,548,"weekday","lunch","travelling","unknown","restaurant",0,0,0,"midday"
85,567,19,548,"weekday","afternoon","travelling","cold","restaurant",0,0,0,"midday"
85,569,21,548,"weekday","afternoon","travelling","freezing","restaurant",0,0,0,"midday"
85,571,23,548,"weekday","lunch","travelling","warm","grocery",0,0,0,"midday"
85,574,26,548,"weekday","afternoon","shopping","warm","grocery",0,0,0,"midday"
85,575,27,548,"weekend","breakfast","travelling","cold","restaurant",0,0,0,"morning"
85,576,28,548,"weekday","lunch","travelling","cold","grocery",0,0,0,"midday"
85,577,29,548,"weekend","lunch","travelling","freezing","grocery",1,0,0,"midday"
85,578,30,548,"weekday","afternoon","travelling","cold","grocery",0,0,0,"midday"
85,580,32,548,"weekday","lunch","shopping","unknown","grocery",0,0,0,"midday"
85,581,33,548,"weekday","lunch","unknown","cold","grocery",0,0,0,"midday"
85,586,38,548,"weekend","beforelunch","travelling","cold","restaurant",0,0,0,"midday"
85,587,39,548,"weekend","night","shopping","cold","grocery",0,0,0,"night"
85,588,40,548,"weekday","beforelunch","shopping","cold","grocery",0,0,0,"midday"
85,589,41,548,"weekend","night","working","cold","grocery",1,0,0,"night"
85,590,42,548,"weekday","morning","travelling","freezing","grocery",0,0,0,"morning"
85,597,49,548,"weekday","evening","travelling","cold","restaurant",0,0,0,"night"
85,599,51,548,"weekday","beforelunch","travelling","warm","restaurant",0,0,0,"midday"
85,602,54,548,"weekday","lunch","travelling","cold","restaurant",0,0,0,"midday"
85,603,55,548,"weekend","lunch","shopping","freezing","restaurant",0,0,0,"midday"
85,606,58,548,"weekday","afternoon","unknown","cold","grocery",1,1,0,"midday"
85,607,59,548,"weekday","afternoon","travelling","freezing","grocery",0,1,0,"midday"
85,609,61,548,"weekday","lunch","working","cold","grocery",1,1,0,"midday"
85,610,62,548,"weekend","afternoon","travelling","hot","restaurant",0,1,0,"midday"
85,611,63,548,"weekday","lunch","travelling","unknown","grocery",0,1,0,"midday"
85,612,64,548,"weekend","beforelunch","travelling","warm","grocery",1,1,0,"midday"
85,614,66,548,"weekday","breakfast","travelling","freezing","grocery",1,1,0,"morning"
85,615,67,548,"weekday","beforelunch","unknown","cold","grocery",0,1,0,"midday"
85,618,70,548,"weekday","afternoon","working","cold","restaurant",0,1,0,"midday"
85,621,73,548,"weekday","lunch","shopping","hot","restaurant",0,1,0,"midday"
85,624,76,548,"weekday","lunch","morningrituals","freezing","restaurant",0,1,0,"midday"
85,625,77,548,"weekday","morning","leisure","warm","grocery",0,1,0,"morning"
85,626,78,548,"weekday","dinner","travelling","cold","grocery",0,1,0,"night"
85,628,80,548,"weekday","afternoon","unknown","warm","restaurant",1,1,0,"midday"
85,630,82,548,"weekday","breakfast","travelling","freezing","grocery",0,1,0,"morning"
85,633,85,548,"weekday","lunch","leisure","cold","restaurant",0,1,0,"midday"
85,634,86,548,"weekday","beforelunch","unknown","cold","restaurant",0,1,0,"midday"
85,635,87,548,"weekday","afternoon","travelling","freezing","grocery",0,1,0,"midday"
85,636,88,548,"weekday","afternoon","unknown","unknown","grocery",1,1,0,"midday"
85,638,90,548,"weekday","morning","working","unknown","grocery",0,1,0,"morning"
85,640,92,548,"weekday","beforelunch","travelling","warm","grocery",0,1,0,"midday"
85,642,94,548,"weekday","afternoon","unknown","unknown","restaurant",0,1,0,"midday"
85,643,95,548,"weekday","lunch","workingout","unknown","restaurant",0,1,0,"midday"
85,644,96,548,"weekend","night","working","cold","grocery",0,1,0,"night"
85,645,97,548,"weekday","lunch","leisure","freezing","restaurant",0,1,0,"midday"
85,648,100,548,"weekend","afternoon","travelling","cold","grocery",0,1,0,"midday"
85,651,103,548,"weekday","afternoon","unknown","unknown","grocery",1,1,0,"midday"
85,652,104,548,"weekday","afternoon","travelling","warm","restaurant",1,1,0,"midday"
85,653,105,548,"weekend","breakfast","unknown","cold","grocery",0,1,0,"morning"
85,655,107,548,"weekday","breakfast","working","cold","grocery",0,1,0,"morning"
85,656,108,548,"weekday","afternoon","leisure","freezing","grocery",0,1,0,"midday"
85,657,109,548,"weekday","breakfast","travelling","cold","grocery",0,1,0,"morning"
85,658,110,548,"weekday","dinner","travelling","freezing","restaurant",0,1,0,"night"
85,659,111,548,"weekend","beforelunch","unknown","cold","restaurant",0,1,0,"midday"
85,660,112,548,"weekday","beforelunch","travelling","unknown","grocery",0,1,0,"midday"
85,661,113,548,"weekday","morning","unknown","freezing","restaurant",1,1,1,"morning"
85,663,115,548,"weekday","breakfast","leisure","warm","grocery",0,1,1,"morning"
85,667,119,548,"weekday","evening","travelling","cold","grocery",0,1,1,"night"
85,668,120,548,"weekday","beforelunch","travelling","unknown","restaurant",1,1,1,"midday"
85,669,121,548,"weekday","afternoon","travelling","freezing","grocery",1,1,1,"midday"
85,671,123,548,"weekday","morning","travelling","cold","grocery",0,1,1,"morning"
85,673,125,548,"weekday","breakfast","travelling","warm","grocery",0,1,1,"morning"
85,675,127,548,"weekend","morning","travelling","cold","restaurant",0,1,1,"morning"
85,676,128,548,"weekday","breakfast","travelling","freezing","restaurant",1,1,1,"morning"
85,680,132,548,"weekend","afternoon","travelling","cold","grocery",0,1,1,"midday"
85,681,133,548,"weekend","night","leisure","cold","restaurant",1,1,1,"night"
85,682,134,548,"weekend","morning","travelling","hot","restaurant",1,1,1,"morning"
85,684,136,548,"weekday","afternoon","travelling","unknown","restaurant",1,1,1,"midday"
85,685,137,548,"weekday","afternoon","travelling","unknown","grocery",0,1,1,"midday"
85,687,139,548,"weekday","beforelunch","travelling","cold","restaurant",0,1,1,"midday"
85,689,141,548,"weekday","afternoon","morningrituals","unknown","restaurant",0,1,1,"midday"
85,690,142,548,"unknown","beforelunch","travelling","cold","grocery",0,1,1,"midday"
85,695,147,548,"weekday","lunch","travelling","cold","grocery",0,1,1,"midday"
85,696,148,548,"weekday","morning","shopping","freezing","grocery",1,1,1,"morning"
85,697,149,548,"weekday","morning","leisure","cold","restaurant",0,1,1,"morning"
85,700,152,548,"weekday","breakfast","travelling","cold","restaurant",0,1,1,"morning"
85,703,155,548,"weekday","lunch","travelling","unknown","grocery",0,1,1,"midday"
85,709,161,548,"weekend","morning","unknown","hot","grocery",0,1,1,"morning"
85,711,163,548,"weekday","afternoon","leisure","cold","grocery",0,1,1,"midday"
85,713,165,548,"weekday","afternoon","travelling","freezing","restaurant",0,1,1,"midday"
85,714,166,548,"weekday","afternoon","travelling","cold","restaurant",0,1,1,"midday"
85,718,170,548,"weekday","afternoon","travelling","cold","grocery",0,1,1,"midday"
85,719,171,548,"weekday","afternoon","unknown","cold","grocery",1,1,1,"midday"
85,720,172,548,"weekend","morning","travelling","unknown","grocery",0,1,1,"morning"
85,721,173,548,"weekday","afternoon","travelling","cold","restaurant",0,1,1,"midday"
85,722,174,548,"weekend","afternoon","travelling","freezing","restaurant",1,1,1,"midday"
85,724,176,548,"weekday","lunch","unknown","freezing","restaurant",0,1,1,"midday"
85,725,177,548,"unknown","afternoon","working","unknown","grocery",0,1,1,"midday"
85,729,181,548,"weekday","lunch","travelling","cold","grocery",0,1,1,"midday"
85,730,182,548,"weekday","lunch","travelling","unknown","restaurant",0,1,1,"midday"
85,731,183,548,"weekend","morning","unknown","unknown","grocery",1,1,1,"morning"
86,550,0,550,"weekday","lunch","travelling","cold","grocery",0,0,0,"midday"
86,558,8,550,"weekday","lunch","shopping","cold","restaurant",1,0,0,"midday"
86,569,19,550,"weekday","dinner","travelling","warm","restaurant",0,0,0,"night"
86,572,22,550,"weekday","lunch","unknown","hot","grocery",1,0,0,"midday"
86,575,25,550,"weekday","lunch","working","unknown","restaurant",0,0,0,"midday"
86,577,27,550,"weekday","afternoon","travelling","cold","grocery",0,0,0,"midday"
86,591,41,550,"weekday","lunch","leisure","freezing","restaurant",1,0,0,"midday"
86,599,49,550,"weekday","afternoon","travelling","warm","restaurant",0,0,0,"midday"
86,601,51,550,"weekday","afternoon","travelling","warm","grocery",0,0,0,"midday"
86,603,53,550,"weekday","afternoon","travelling","cold","grocery",0,0,0,"midday"
86,605,55,550,"weekday","morning","travelling","warm","restaurant",0,0,0,"morning"
86,610,60,550,"weekday","lunch","working","cold","grocery",1,1,0,"midday"
86,630,80,550,"weekday","morning","travelling","warm","grocery",1,1,0,"morning"
86,632,82,550,"unknown","morning","travelling","unknown","restaurant",0,1,0,"morning"
86,633,83,550,"weekday","beforelunch","shopping","freezing","grocery",0,1,0,"midday"
86,648,98,550,"weekend","afternoon","travelling","cold","grocery",0,1,0,"midday"
86,655,105,550,"weekday","morning","travelling","warm","restaurant",0,1,0,"morning"
86,660,110,550,"weekend","afternoon","travelling","hot","grocery",1,1,0,"midday"
86,664,114,550,"weekday","lunch","travelling","freezing","restaurant",0,1,1,"midday"
86,688,138,550,"weekend","beforelunch","travelling","cold","restaurant",0,1,1,"midday"
86,690,140,550,"weekday","afternoon","unknown","cold","restaurant",1,1,1,"midday"
86,695,145,550,"weekday","afternoon","travelling","warm","restaurant",0,1,1,"midday"
86,700,150,550,"weekend","afternoon","unknown","freezing","restaurant",0,1,1,"midday"
86,701,151,550,"weekday","dinner","travelling","cold","restaurant",0,1,1,"night"
86,708,158,550,"weekend","earlymorning","travelling","warm","grocery",0,1,1,"morning"
86,715,165,550,"weekday","evening","travelling","cold","grocery",0,1,1,"night"
86,721,171,550,"weekday","breakfast","shopping","unknown","restaurant",0,1,1,"morning"
86,722,172,550,"weekend","beforelunch","leisure","cold","grocery",1,1,1,"midday"
86,731,181,550,"weekday","morning","shopping","cold","grocery",0,1,1,"morning"
87,571,19,552,"weekday","afternoon","travelling","freezing","restaurant",0,0,0,"midday"
87,594,42,552,"weekend","afternoon","travelling","unknown","restaurant",0,0,0,"midday"
87,623,71,552,"weekday","lunch","travelling","freezing","restaurant",0,1,0,"midday"
87,653,101,552,"weekday","morning","leisure","cold","restaurant",1,1,0,"morning"
87,719,167,552,"weekend","lunch","travelling","cold","grocery",0,1,1,"midday"
88,584,29,555,"weekday","afternoon","unknown","warm","restaurant",1,0,0,"midday"
88,599,44,555,"weekend","earlymorning","travelling","freezing","grocery",0,0,0,"morning"
88,600,45,555,"weekday","afternoon","morningrituals","cold","grocery",0,0,0,"midday"
88,639,84,555,"weekday","breakfast","travelling","cold","grocery",1,1,0,"morning"
88,665,110,555,"weekday","afternoon","travelling","cold","grocery",0,1,0,"midday"
88,693,138,555,"weekday","lunch","travelling","cold","grocery",0,1,1,"midday"
88,704,149,555,"weekday","morning","travelling","warm","grocery",0,1,1,"morning"
88,705,150,555,"weekday","morning","working","freezing","grocery",0,1,1,"morning"
88,720,165,555,"weekday","evening","travelling","hot","restaurant",0,1,1,"night"
88,723,168,555,"weekday","afternoon","shopping","unknown","grocery",0,1,1,"midday"
89,561,3,558,"weekend","lunch","travelling","warm","grocery",0,0,0,"midday"
89,579,21,558,"weekend","afternoon","unknown","hot","restaurant",0,0,0,"midday"
89,583,25,558,"weekday","afternoon","shopping","freezing","restaurant",1,0,0,"midday"
89,605,47,558,"weekday","lunch","travelling","cold","grocery",0,0,0,"midday"
89,633,75,558,"weekday","afternoon","unknown","unknown","restaurant",0,1,0,"midday"
89,661,103,558,"weekend","latenight","unknown","freezing","restaurant",0,1,0,"night"
89,682,124,558,"weekday","afternoon","travelling","freezing","grocery",0,1,1,"midday"
89,709,151,558,"weekday","lunch","travelling","cold","restaurant",1,1,1,"midday"
89,718,160,558,"weekday","unknown","travelling","unknown","grocery",1,1,1,"unknown"
89,719,161,558,"weekday","afternoon","leisure","freezing","grocery",1,1,1,"midday"
89,731,173,558,"unknown","lunch","travelling","unknown","grocery",1,1,1,"midday"
90,571,1,570,"weekday","breakfast","unknown","unknown","grocery",0,0,0,"morning"
90,573,3,570,"weekend","lunch","travelling","unknown","restaurant",0,0,0,"midday"
90,576,6,570,"weekday","lunch","travelling","warm","restaurant",1,0,0,"midday"
90,578,8,570,"weekday","afternoon","leisure","freezing","grocery",1,0,0,"midday"
90,579,9,570,"weekend","afternoon","travelling","cold","restaurant",0,0,0,"midday"
90,591,21,570,"weekday","lunch","shopping","unknown","restaurant",0,0,0,"midday"
90,596,26,570,"weekday","afternoon","unknown","cold","grocery",0,0,0,"midday"
90,599,29,570,"weekday","earlymorning","travelling","warm","restaurant",0,0,0,"morning"
90,608,38,570,"weekday","beforelunch","working","freezing","restaurant",1,0,0,"midday"
90,609,39,570,"weekday","lunch","leisure","unknown","grocery",0,0,0,"midday"
90,617,47,570,"weekend","evening","travelling","cold","restaurant",0,0,0,"night"
90,618,48,570,"weekday","breakfast","travelling","freezing","grocery",0,0,0,"morning"
90,624,54,570,"weekday","afternoon","travelling","cold","grocery",0,0,0,"midday"
90,625,55,570,"weekday","breakfast","travelling","unknown","restaurant",0,0,0,"morning"
90,633,63,570,"weekday","afternoon","travelling","unknown","restaurant",0,1,0,"midday"
90,659,89,570,"weekday","morning","travelling","unknown","restaurant",0,1,0,"morning"
90,660,90,570,"weekday","breakfast","working","unknown","grocery",0,1,0,"morning"
90,662,92,570,"weekday","lunch","travelling","cold","restaurant",0,1,0,"midday"
90,673,103,570,"weekday","afternoon","travelling","unknown","restaurant",0,1,0,"midday"
90,677,107,570,"weekday","lunch","travelling","freezing","restaurant",0,1,0,"midday"
90,684,114,570,"weekend","afternoon","unknown","cold","grocery",0,1,1,"midday"
90,686,116,570,"weekday","dinner","leisure","cold","grocery",0,1,1,"night"
90,690,120,570,"weekend","lunch","leisure","freezing","restaurant",0,1,1,"midday"
90,694,124,570,"weekday","afternoon","travelling","unknown","restaurant",1,1,1,"midday"
90,700,130,570,"weekday","beforelunch","unknown","cold","grocery",0,1,1,"midday"
90,717,147,570,"weekday","lunch","travelling","cold","restaurant",1,1,1,"midday"
90,721,151,570,"weekend","unknown","morningrituals","unknown","restaurant",0,1,1,"unknown"
90,729,159,570,"weekend","lunch","travelling","freezing","grocery",1,1,1,"midday"
90,732,162,570,"weekday","afternoon","working","unknown","grocery",0,1,1,"midday"
90,735,165,570,"weekend","lunch","travelling","warm","restaurant",0,1,1,"midday"
90,738,168,570,"weekday","afternoon","unknown","cold","grocery",0,1,1,"midday"
90,744,174,570,"weekend","morning","travelling","freezing","grocery",0,1,1,"morning"
91,591,19,572,"weekday","afternoon","leisure","cold","restaurant",0,0,0,"midday"
91,597,25,572,"weekday","beforelunch","travelling","unknown","grocery",1,0,0,"midday"
91,599,27,572,"weekday","lunch","working","warm","restaurant",1,0,0,"midday"
91,600,28,572,"weekday","breakfast","travelling","unknown","restaurant",0,0,0,"morning"
91,612,40,572,"weekday","beforelunch","unknown","cold","grocery",0,0,0,"midday"
91,638,66,572,"weekday","beforelunch","unknown","cold","restaurant",0,1,0,"midday"
91,642,70,572,"weekday","lunch","travelling","warm","grocery",0,1,0,"midday"
91,700,128,572,"weekday","afternoon","travelling","cold","restaurant",0,1,1,"midday"
91,739,167,572,"weekend","afternoon","shopping","warm","restaurant",0,1,1,"midday"
91,745,173,572,"weekday","beforelunch","travelling","unknown","grocery",0,1,1,"midday"
92,585,0,585,"weekday","beforelunch","leisure","warm","restaurant",0,0,0,"midday"
92,587,2,585,"weekday","beforelunch","leisure","unknown","restaurant",1,0,0,"midday"
92,589,4,585,"weekend","morning","travelling","warm","restaurant",1,0,0,"morning"
92,590,5,585,"weekend","beforelunch","unknown","hot","restaurant",0,0,0,"midday"
92,591,6,585,"weekday","beforelunch","travelling","unknown","restaurant",0,0,0,"midday"
92,592,7,585,"weekday","afternoon","morningrituals","freezing","restaurant",0,0,0,"midday"
92,593,8,585,"weekday","beforelunch","travelling","cold","restaurant",1,0,0,"midday"
92,595,10,585,"weekday","morning","travelling","cold","grocery",0,0,0,"morning"
92,596,11,585,"weekday","afternoon","travelling","unknown","grocery",1,0,0,"midday"
92,599,14,585,"weekday","afternoon","unknown","cold","grocery",0,0,0,"midday"
92,601,16,585,"weekday","afternoon","travelling","freezing","restaurant",1,0,0,"midday"
92,602,17,585,"weekday","afternoon","working","hot","restaurant",0,0,0,"midday"
92,603,18,585,"weekday","breakfast","travelling","cold","grocery",0,0,0,"morning"
92,604,19,585,"weekend","beforelunch","unknown","hot","restaurant",0,0,0,"midday"
92,605,20,585,"weekday","beforelunch","travelling","unknown","restaurant",0,0,0,"midday"
92,606,21,585,"weekday","beforelunch","travelling","unknown","restaurant",1,0,0,"midday"
92,607,22,585,"weekend","lunch","travelling","cold","restaurant",0,0,0,"midday"
92,608,23,585,"weekday","beforelunch","travelling","freezing","restaurant",1,0,0,"midday"
92,609,24,585,"weekday","night","travelling","freezing","grocery",1,0,0,"night"
92,610,25,585,"weekend","morning","unknown","freezing","grocery",0,0,0,"morning"
92,612,27,585,"weekday","lunch","shopping","unknown","grocery",0,0,0,"midday"
92,613,28,585,"weekday","breakfast","working","cold","restaurant",0,0,0,"morning"
92,614,29,585,"weekday","unknown","shopping","unknown","restaurant",1,0,0,"unknown"
92,615,30,585,"weekday","beforelunch","shopping","cold","grocery",0,0,0,"midday"
92,616,31,585,"weekday","afternoon","travelling","warm","restaurant",0,0,0,"midday"
92,617,32,585,"weekday","beforelunch","unknown","freezing","grocery",0,0,0,"midday"
92,618,33,585,"weekday","beforelunch","travelling","cold","grocery",0,0,0,"midday"
92,619,34,585,"weekday","afternoon","morningrituals","freezing","restaurant",0,0,0,"midday"
92,620,35,585,"weekday","afternoon","travelling","cold","grocery",0,0,0,"midday"
92,621,36,585,"weekday","lunch","leisure","freezing","grocery",1,0,0,"midday"
92,622,37,585,"weekday","lunch","travelling","freezing","grocery",0,0,0,"midday"
92,623,38,585,"weekday","unknown","travelling","unknown","restaurant",0,0,0,"unknown"
92,624,39,585,"weekend","afternoon","leisure","warm","grocery",1,0,0,"midday"
92,625,40,585,"weekday","beforelunch","travelling","unknown","restaurant",0,0,0,"midday"
92,626,41,585,"weekday","night","travelling","cold","restaurant",1,0,0,"night"
92,627,42,585,"weekday","dinner","leisure","cold","grocery",0,0,0,"night"
92,628,43,585,"weekend","dinner","travelling","freezing","grocery",1,0,0,"night"
92,629,44,585,"weekday","evening","travelling","freezing","restaurant",1,0,0,"night"
92,630,45,585,"weekday","lunch","travelling","freezing","grocery",0,0,0,"midday"
92,632,47,585,"weekday","breakfast","travelling","hot","restaurant",1,0,0,"morning"
92,634,49,585,"weekday","afternoon","travelling","unknown","grocery",0,0,0,"midday"
92,635,50,585,"weekday","night","travelling","unknown","restaurant",0,0,0,"night"
92,636,51,585,"weekday","dinner","working","cold","restaurant",1,0,0,"night"
92,637,52,585,"weekday","lunch","unknown","freezing","grocery",0,0,0,"midday"
92,639,54,585,"weekday","lunch","shopping","unknown","grocery",1,0,0,"midday"
92,641,56,585,"weekend","afternoon","working","cold","grocery",0,0,0,"midday"
92,642,57,585,"weekday","afternoon","leisure","cold","restaurant",0,1,0,"midday"
92,643,58,585,"weekend","lunch","unknown","hot","restaurant",0,1,0,"midday"
92,644,59,585,"weekday","breakfast","travelling","unknown","restaurant",1,1,0,"morning"
92,645,60,585,"weekday","lunch","travelling","cold","restaurant",0,1,0,"midday"
92,646,61,585,"weekday","breakfast","shopping","warm","grocery",0,1,0,"morning"
92,647,62,585,"weekend","breakfast","travelling","unknown","restaurant",0,1,0,"morning"
92,648,63,585,"weekday","breakfast","travelling","warm","grocery",1,1,0,"morning"
92,649,64,585,"weekend","breakfast","travelling","unknown","restaurant",0,1,0,"morning"
92,650,65,585,"weekday","lunch","leisure","freezing","grocery",1,1,0,"midday"
92,651,66,585,"weekday","breakfast","leisure","freezing","restaurant",0,1,0,"morning"
92,652,67,585,"weekday","afternoon","travelling","warm","grocery",0,1,0,"midday"
92,654,69,585,"weekend","lunch","travelling","freezing","restaurant",0,1,0,"midday"
92,655,70,585,"weekday","beforelunch","unknown","warm","grocery",1,1,0,"midday"
92,656,71,585,"weekday","afternoon","unknown","unknown","grocery",1,1,0,"midday"
92,657,72,585,"weekend","breakfast","leisure","unknown","restaurant",0,1,0,"morning"
92,658,73,585,"weekday","beforelunch","travelling","hot","restaurant",0,1,0,"midday"
92,659,74,585,"weekend","afternoon","unknown","hot","grocery",0,1,0,"midday"
92,661,76,585,"weekday","beforelunch","travelling","freezing","restaurant",0,1,0,"midday"
92,662,77,585,"weekend","lunch","travelling","warm","grocery",1,1,0,"midday"
92,663,78,585,"weekend","morning","travelling","freezing","grocery",1,1,0,"morning"
92,664,79,585,"weekend","lunch","shopping","warm","restaurant",0,1,0,"midday"
92,665,80,585,"weekday","breakfast","travelling","hot","grocery",0,1,0,"morning"
92,666,81,585,"weekday","breakfast","travelling","freezing","grocery",0,1,0,"morning"
92,669,84,585,"weekday","afternoon","travelling","warm","grocery",0,1,0,"midday"
92,670,85,585,"weekday","latenight","travelling","cold","restaurant",0,1,0,"night"
92,671,86,585,"weekday","beforelunch","leisure","unknown","restaurant",0,1,0,"midday"
92,672,87,585,"weekday","dinner","travelling","unknown","restaurant",0,1,0,"night"
92,673,88,585,"weekday","beforelunch","travelling","freezing","restaurant",0,1,0,"midday"
92,674,89,585,"weekday","lunch","travelling","cold","grocery",1,1,0,"midday"
92,675,90,585,"weekday","afternoon","unknown","cold","restaurant",0,1,0,"midday"
92,676,91,585,"weekend","afternoon","travelling","unknown","grocery",0,1,0,"midday"
92,677,92,585,"weekday","lunch","travelling","freezing","restaurant",0,1,0,"midday"
92,678,93,585,"weekday","lunch","unknown","cold","grocery",0,1,0,"midday"
92,679,94,585,"weekday","lunch","travelling","cold","grocery",0,1,0,"midday"
92,680,95,585,"weekend","lunch","unknown","cold","grocery",0,1,0,"midday"
92,681,96,585,"weekday","morning","travelling","cold","restaurant",0,1,0,"morning"
92,682,97,585,"weekday","morning","working","warm","restaurant",1,1,0,"morning"
92,683,98,585,"weekday","lunch","travelling","freezing","grocery",1,1,0,"midday"
92,684,99,585,"unknown","lunch","unknown","warm","grocery",0,1,0,"midday"
92,685,100,585,"weekday","afternoon","travelling","warm","grocery",0,1,0,"midday"
92,686,101,585,"weekend","afternoon","travelling","cold","grocery",1,1,0,"midday"
92,687,102,585,"weekend","lunch","travelling","freezing","restaurant",0,1,0,"midday"
92,688,103,585,"weekday","beforelunch","leisure","cold","restaurant",0,1,0,"midday"
92,689,104,585,"weekday","morning","morningrituals","warm","restaurant",1,1,0,"morning"
92,690,105,585,"weekday","lunch","travelling","cold","grocery",1,1,0,"midday"
92,691,106,585,"weekend","afternoon","travelling","cold","restaurant",0,1,0,"midday"
92,692,107,585,"weekday","lunch","travelling","warm","grocery",1,1,0,"midday"
92,693,108,585,"weekend","lunch","shopping","warm","restaurant",0,1,0,"midday"
92,696,111,585,"weekend","lunch","leisure","hot","grocery",0,1,0,"midday"
92,697,112,585,"weekend","morning","travelling","cold","restaurant",0,1,0,"morning"
92,698,113,585,"weekday","beforelunch","travelling","freezing","grocery",0,1,1,"midday"
92,702,117,585,"weekday","breakfast","leisure","cold","grocery",0,1,1,"morning"
92,703,118,585,"weekday","beforelunch","unknown","freezing","grocery",0,1,1,"midday"
92,705,120,585,"weekday","breakfast","leisure","cold","restaurant",1,1,1,"morning"
92,706,121,585,"weekday","beforelunch","travelling","hot","grocery",1,1,1,"midday"
92,707,122,585,"weekend","lunch","travelling","warm","restaurant",0,1,1,"midday"
92,708,123,585,"weekday","beforelunch","working","unknown","grocery",0,1,1,"midday"
92,709,124,585,"weekday","lunch","travelling","unknown","restaurant",0,1,1,"midday"
92,710,125,585,"weekday","breakfast","working","warm","restaurant",0,1,1,"morning"
92,711,126,585,"weekday","beforelunch","working","freezing","grocery",0,1,1,"midday"
92,712,127,585,"weekday","afternoon","travelling","cold","grocery",0,1,1,"midday"
92,713,128,585,"weekday","afternoon","unknown","hot","restaurant",0,1,1,"midday"
92,714,129,585,"weekday","lunch","travelling","cold","grocery",0,1,1,"midday"
92,715,130,585,"weekday","lunch","morningrituals","cold","grocery",0,1,1,"midday"
92,717,132,585,"weekday","afternoon","leisure","freezing","grocery",0,1,1,"midday"
92,718,133,585,"weekend","afternoon","travelling","freezing","restaurant",1,1,1,"midday"
92,720,135,585,"weekend","afternoon","travelling","cold","grocery",0,1,1,"midday"
92,722,137,585,"weekend","lunch","travelling","freezing","grocery",1,1,1,"midday"
92,723,138,585,"weekday","breakfast","travelling","cold","grocery",0,1,1,"morning"
92,724,139,585,"weekend","earlymorning","leisure","hot","grocery",0,1,1,"morning"
92,725,140,585,"weekend","lunch","travelling","cold","restaurant",0,1,1,"midday"
92,726,141,585,"weekday","lunch","travelling","unknown","restaurant",0,1,1,"midday"
92,728,143,585,"weekday","earlymorning","morningrituals","hot","restaurant",0,1,1,"morning"
92,729,144,585,"weekend","lunch","travelling","unknown","grocery",0,1,1,"midday"
92,730,145,585,"weekday","afternoon","shopping","unknown","grocery",1,1,1,"midday"
92,731,146,585,"weekend","lunch","travelling","cold","restaurant",1,1,1,"midday"
92,732,147,585,"unknown","afternoon","working","freezing","grocery",0,1,1,"midday"
92,734,149,585,"weekend","beforelunch","travelling","warm","grocery",0,1,1,"midday"
92,735,150,585,"weekday","lunch","shopping","hot","grocery",0,1,1,"midday"
92,738,153,585,"weekend","breakfast","travelling","cold","grocery",0,1,1,"morning"
92,739,154,585,"weekday","beforelunch","travelling","hot","grocery",1,1,1,"midday"
92,740,155,585,"weekend","lunch","travelling","freezing","restaurant",1,1,1,"midday"
92,741,156,585,"weekday","beforelunch","travelling","cold","grocery",0,1,1,"midday"
92,742,157,585,"weekend","morning","unknown","warm","grocery",1,1,1,"morning"
92,743,158,585,"weekday","afternoon","travelling","freezing","restaurant",0,1,1,"midday"
92,744,159,585,"weekend","beforelunch","leisure","warm","grocery",0,1,1,"midday"
92,746,161,585,"weekday","afternoon","unknown","cold","grocery",0,1,1,"midday"
92,747,162,585,"weekend","night","shopping","cold","restaurant",0,1,1,"night"
92,748,163,585,"weekday","afternoon","working","freezing","restaurant",0,1,1,"midday"
92,750,165,585,"weekday","lunch","travelling","unknown","grocery",1,1,1,"midday"
92,752,167,585,"weekday","unknown","travelling","cold","grocery",1,1,1,"unknown"
92,753,168,585,"weekday","afternoon","travelling","cold","grocery",1,1,1,"midday"
92,754,169,585,"weekday","afternoon","leisure","unknown","grocery",0,1,1,"midday"
92,755,170,585,"weekday","night","travelling","cold","grocery",0,1,1,"night"
92,756,171,585,"weekend","breakfast","travelling","unknown","grocery",1,1,1,"morning"
92,757,172,585,"weekday","beforelunch","leisure","warm","grocery",0,1,1,"midday"
92,759,174,585,"weekday","afternoon","travelling","cold","restaurant",1,1,1,"midday"
92,761,176,585,"weekday","lunch","leisure","cold","restaurant",1,1,1,"midday"
92,762,177,585,"weekend","lunch","travelling","unknown","grocery",0,1,1,"midday"
92,764,179,585,"weekday","morning","travelling","cold","grocery",1,1,1,"morning"
92,765,180,585,"weekday","breakfast","unknown","cold","grocery",0,1,1,"morning"
92,766,181,585,"weekday","beforelunch","travelling","cold","grocery",0,1,1,"midday"
92,767,182,585,"weekday","lunch","unknown","warm","grocery",0,1,1,"midday"
93,596,10,586,"weekend","afternoon","travelling","warm","grocery",1,0,0,"midday"
93,597,11,586,"weekend","afternoon","unknown","unknown","restaurant",0,0,0,"midday"
93,602,16,586,"weekday","afternoon","unknown","cold","restaurant",1,0,0,"midday"
93,603,17,586,"weekend","unknown","unknown","cold","restaurant",1,0,0,"unknown"
93,606,20,586,"weekday","afternoon","travelling","hot","restaurant",1,0,0,"midday"
93,613,27,586,"unknown","lunch","travelling","warm","grocery",0,0,0,"midday"
93,620,34,586,"weekday","dinner","shopping","unknown","grocery",0,0,0,"night"
93,622,36,586,"weekend","breakfast","travelling","freezing","restaurant",0,0,0,"morning"
93,625,39,586,"weekday","lunch","travelling","warm","restaurant",0,0,0,"midday"
93,631,45,586,"weekday","beforelunch","travelling","cold","restaurant",0,0,0,"midday"
93,634,48,586,"weekday","afternoon","travelling","warm","restaurant",0,0,0,"midday"
93,638,52,586,"weekday","afternoon","travelling","unknown","restaurant",0,0,0,"midday"
93,639,53,586,"weekday","morning","travelling","hot","grocery",1,0,0,"morning"
93,650,64,586,"weekday","breakfast","leisure","cold","grocery",0,1,0,"morning"
93,651,65,586,"weekday","afternoon","travelling","freezing","restaurant",0,1,0,"midday"
93,656,70,586,"weekday","lunch","working","freezing","restaurant",0,1,0,"midday"
93,690,104,586,"weekend","lunch","travelling","cold","grocery",0,1,0,"midday"
93,699,113,586,"weekday","unknown","unknown","unknown","restaurant",1,1,1,"unknown"
93,703,117,586,"weekday","breakfast","travelling","unknown","restaurant",0,1,1,"morning"
93,708,122,586,"weekday","beforelunch","morningrituals","freezing","grocery",0,1,1,"midday"
93,712,126,586,"weekend","beforelunch","travelling","freezing","grocery",0,1,1,"midday"
93,718,132,586,"weekday","beforelunch","travelling","unknown","grocery",0,1,1,"midday"
93,725,139,586,"weekday","night","shopping","freezing","grocery",0,1,1,"night"
93,734,148,586,"weekday","unknown","shopping","warm","grocery",1,1,1,"unknown"
93,747,161,586,"weekday","lunch","unknown","warm","restaurant",0,1,1,"midday"
93,753,167,586,"weekday","afternoon","unknown","freezing","grocery",1,1,1,"midday"
93,765,179,586,"weekday","morning","travelling","unknown","grocery",0,1,1,"morning"
94,588,0,588,"weekend","afternoon","travelling","cold","restaurant",0,0,0,"midday"
94,589,1,588,"weekday","afternoon","shopping","freezing","grocery",0,0,0,"midday"
94,590,2,588,"weekday","lunch","travelling","unknown","restaurant",0,0,0,"midday"
94,591,3,588,"weekday","breakfast","travelling","unknown","restaurant",0,0,0,"morning"
94,592,4,588,"weekday","lunch","travelling","hot","restaurant",0,0,0,"midday"
94,593,5,588,"weekday","lunch","travelling","warm","grocery",1,0,0,"midday"
94,594,6,588,"weekend","lunch","leisure","unknown","restaurant",0,0,0,"midday"
94,595,7,588,"weekday","lunch","shopping","cold","restaurant",1,0,0,"midday"
94,596,8,588,"weekday","breakfast","unknown","hot","restaurant",0,0,0,"morning"
94,597,9,588,"weekday","afternoon","travelling","cold","restaurant",1,0,0,"midday"
94,599,11,588,"weekend","breakfast","travelling","cold","grocery",0,0,0,"morning"
94,603,15,588,"weekend","beforelunch","travelling","unknown","grocery",0,0,0,"midday"
94,604,16,588,"weekday","afternoon","leisure","cold","restaurant",0,0,0,"midday"
94,606,18,588,"weekday","breakfast","working","cold","restaurant",0,0,0,"morning"
94,607,19,588,"weekday","afternoon","morningrituals","hot","grocery",0,0,0,"midday"
94,608,20,588,"weekday","lunch","travelling","cold","restaurant",0,0,0,"midday"
94,609,21,588,"weekend","morning","working","freezing","restaurant",0,0,0,"morning"
94,610,22,588,"weekday","beforelunch","working","hot","restaurant",0,0,0,"midday"
94,613,25,588,"weekday","afternoon","travelling","warm","restaurant",1,0,0,"midday"
94,614,26,588,"weekend","beforelunch","working","freezing","grocery",0,0,0,"midday"
94,616,28,588,"weekday","latenight","unknown","cold","grocery",0,0,0,"night"
94,617,29,588,"weekend","lunch","travelling","freezing","grocery",1,0,0,"midday"
94,619,31,588,"weekday","beforelunch","unknown","cold","restaurant",0,0,0,"midday"
94,623,35,588,"weekday","afternoon","travelling","cold","restaurant",0,0,0,"midday"
94,624,36,588,"weekend","earlymorning","unknown","unknown","restaurant",0,0,0,"morning"
94,627,39,588,"weekday","afternoon","travelling","freezing","restaurant",0,0,0,"midday"
94,629,41,588,"weekday","breakfast","travelling","unknown","grocery",0,0,0,"morning"
94,630,42,588,"weekend","breakfast","travelling","hot","grocery",0,0,0,"morning"
94,632,44,588,"weekday","evening","travelling","hot","restaurant",1,0,0,"night"
94,634,46,588,"weekday","afternoon","shopping","freezing","restaurant",0,0,0,"midday"
94,635,47,588,"weekend","afternoon","travelling","warm","restaurant",1,0,0,"midday"
94,636,48,588,"unknown","beforelunch","leisure","cold","restaurant",1,0,0,"midday"
94,637,49,588,"weekday","breakfast","unknown","cold","restaurant",0,0,0,"morning"
94,638,50,588,"weekday","beforelunch","unknown","freezing","grocery",1,0,0,"midday"
94,639,51,588,"unknown","morning","travelling","hot","restaurant",0,0,0,"morning"
94,642,54,588,"weekday","beforelunch","shopping","cold","grocery",1,0,0,"midday"
94,644,56,588,"weekday","dinner","travelling","unknown","restaurant",1,0,0,"night"
94,645,57,588,"weekend","beforelunch","unknown","hot","restaurant",0,1,0,"midday"
94,648,60,588,"weekday","afternoon","travelling","cold","grocery",1,1,0,"midday"
94,649,61,588,"weekend","lunch","shopping","freezing","grocery",0,1,0,"midday"
94,652,64,588,"unknown","afternoon","travelling","unknown","restaurant",1,1,0,"midday"
94,654,66,588,"weekend","breakfast","travelling","unknown","grocery",0,1,0,"morning"
94,656,68,588,"weekend","beforelunch","travelling","hot","restaurant",1,1,0,"midday"
94,659,71,588,"weekday","afternoon","travelling","freezing","grocery",1,1,0,"midday"
94,663,75,588,"weekend","evening","travelling","cold","grocery",0,1,0,"night"
94,666,78,588,"weekend","breakfast","travelling","hot","restaurant",0,1,0,"morning"
94,667,79,588,"weekend","afternoon","working","unknown","grocery",0,1,0,"midday"
94,668,80,588,"weekday","beforelunch","travelling","freezing","grocery",1,1,0,"midday"
94,672,84,588,"weekend","morning","travelling","unknown","restaurant",1,1,0,"morning"
94,673,85,588,"weekday","breakfast","unknown","unknown","grocery",0,1,0,"morning"
94,674,86,588,"weekday","lunch","travelling","unknown","grocery",0,1,0,"midday"
94,679,91,588,"weekend","morning","travelling","cold","restaurant",0,1,0,"morning"
94,682,94,588,"weekday","beforelunch","leisure","hot","restaurant",0,1,0,"midday"
94,684,96,588,"weekday","breakfast","unknown","cold","grocery",0,1,0,"morning"
94,686,98,588,"weekday","lunch","shopping","freezing","grocery",0,1,0,"midday"
94,687,99,588,"weekend","morning","shopping","cold","restaurant",1,1,0,"morning"
94,688,100,588,"unknown","afternoon","leisure","hot","restaurant",0,1,0,"midday"
94,690,102,588,"weekday","beforelunch","travelling","freezing","restaurant",0,1,0,"midday"
94,691,103,588,"weekday","afternoon","travelling","hot","restaurant",1,1,0,"midday"
94,692,104,588,"weekday","afternoon","travelling","freezing","grocery",1,1,0,"midday"
94,693,105,588,"weekday","afternoon","travelling","cold","restaurant",1,1,0,"midday"
94,696,108,588,"weekday","afternoon","housework","cold","restaurant",0,1,0,"midday"
94,698,110,588,"weekend","beforelunch","leisure","cold","grocery",0,1,0,"midday"
94,700,112,588,"weekday","unknown","travelling","cold","grocery",0,1,0,"unknown"
94,701,113,588,"weekday","afternoon","travelling","unknown","grocery",1,1,1,"midday"
94,707,119,588,"weekday","beforelunch","unknown","cold","restaurant",0,1,1,"midday"
94,708,120,588,"weekday","afternoon","travelling","unknown","restaurant",0,1,1,"midday"
94,710,122,588,"weekday","afternoon","working","freezing","grocery",0,1,1,"midday"
94,712,124,588,"weekday","morning","morningrituals","unknown","grocery",0,1,1,"morning"
94,714,126,588,"weekday","morning","travelling","cold","restaurant",0,1,1,"morning"
94,716,128,588,"weekday","beforelunch","travelling","freezing","restaurant",0,1,1,"midday"
94,718,130,588,"weekday","beforelunch","travelling","hot","grocery",0,1,1,"midday"
94,719,131,588,"weekend","lunch","travelling","freezing","grocery",0,1,1,"midday"
94,721,133,588,"weekend","beforelunch","leisure","unknown","grocery",0,1,1,"midday"
94,724,136,588,"weekday","afternoon","travelling","freezing","restaurant",1,1,1,"midday"
94,725,137,588,"weekend","afternoon","travelling","cold","restaurant",0,1,1,"midday"
94,726,138,588,"weekday","lunch","travelling","unknown","grocery",1,1,1,"midday"
94,727,139,588,"weekday","lunch","travelling","hot","restaurant",1,1,1,"midday"
94,732,144,588,"weekend","breakfast","shopping","unknown","restaurant",1,1,1,"morning"
94,733,145,588,"weekday","afternoon","leisure","cold","restaurant",0,1,1,"midday"
94,734,146,588,"weekday","afternoon","unknown","cold","grocery",1,1,1,"midday"
94,735,147,588,"weekday","afternoon","unknown","unknown","restaurant",0,1,1,"midday"
94,736,148,588,"weekend","afternoon","travelling","freezing","grocery",0,1,1,"midday"
94,737,149,588,"weekday","afternoon","working","warm","grocery",0,1,1,"midday"
94,738,150,588,"weekday","lunch","travelling","hot","grocery",1,1,1,"midday"
94,740,152,588,"weekend","breakfast","travelling","warm","restaurant",0,1,1,"morning"
94,744,156,588,"weekday","morning","unknown","unknown","grocery",0,1,1,"morning"
94,745,157,588,"weekday","breakfast","shopping","cold","restaurant",1,1,1,"morning"
94,746,158,588,"weekday","beforelunch","leisure","cold","restaurant",0,1,1,"midday"
94,751,163,588,"weekday","beforelunch","travelling","warm","restaurant",1,1,1,"midday"
94,756,168,588,"weekday","afternoon","unknown","hot","restaurant",0,1,1,"midday"
94,758,170,588,"weekday","afternoon","travelling","cold","restaurant",0,1,1,"midday"
94,763,175,588,"unknown","earlymorning","travelling","freezing","grocery",0,1,1,"morning"
94,765,177,588,"weekday","afternoon","travelling","cold","restaurant",0,1,1,"midday"
94,767,179,588,"weekday","lunch","travelling","cold","grocery",0,1,1,"midday"
94,769,181,588,"weekday","afternoon","travelling","unknown","grocery",0,1,1,"midday"
95,605,10,595,"weekday","lunch","working","freezing","grocery",0,0,0,"midday"
95,610,15,595,"weekday","lunch","unknown","freezing","grocery",1,0,0,"midday"
95,616,21,595,"weekday","breakfast","travelling","freezing","grocery",0,0,0,"morning"
95,685,90,595,"weekend","afternoon","travelling","cold","restaurant",0,1,0,"midday"
95,690,95,595,"weekend","lunch","travelling","cold","grocery",1,1,0,"midday"
95,698,103,595,"weekday","beforelunch","working","freezing","restaurant",1,1,0,"midday"
95,703,108,595,"weekend","afternoon","travelling","unknown","grocery",1,1,0,"midday"
95,723,128,595,"weekend","evening","travelling","warm","restaurant",1,1,1,"night"
95,742,147,595,"weekday","afternoon","travelling","cold","grocery",1,1,1,"midday"
95,778,183,595,"weekend","beforelunch","working","cold","restaurant",0,1,1,"midday"
96,600,4,596,"weekday","afternoon","morningrituals","unknown","grocery",1,0,0,"midday"
96,604,8,596,"weekday","lunch","travelling","freezing","grocery",0,0,0,"midday"
96,608,12,596,"weekday","morning","leisure","freezing","restaurant",0,0,0,"morning"
96,609,13,596,"weekday","afternoon","travelling","hot","restaurant",1,0,0,"midday"
96,613,17,596,"weekend","beforelunch","working","hot","grocery",1,0,0,"midday"
96,614,18,596,"unknown","dinner","shopping","cold","grocery",1,0,0,"night"
96,615,19,596,"weekday","morning","travelling","freezing","restaurant",0,0,0,"morning"
96,619,23,596,"weekday","afternoon","travelling","cold","grocery",1,0,0,"midday"
96,620,24,596,"weekday","afternoon","travelling","freezing","restaurant",0,0,0,"midday"
96,621,25,596,"weekday","lunch","leisure","warm","grocery",1,0,0,"midday"
96,622,26,596,"weekday","afternoon","travelling","cold","grocery",1,0,0,"midday"
96,627,31,596,"weekday","afternoon","travelling","cold","restaurant",0,0,0,"midday"
96,628,32,596,"weekday","breakfast","unknown","cold","grocery",0,0,0,"morning"
96,629,33,596,"weekend","afternoon","travelling","cold","restaurant",1,0,0,"midday"
96,630,34,596,"weekday","morning","travelling","freezing","grocery",0,0,0,"morning"
96,631,35,596,"weekday","afternoon","travelling","unknown","grocery",1,0,0,"midday"
96,632,36,596,"weekend","lunch","morningrituals","warm","grocery",0,0,0,"midday"
96,635,39,596,"weekday","morning","travelling","cold","grocery",0,0,0,"morning"
96,637,41,596,"weekday","breakfast","unknown","freezing","restaurant",0,0,0,"morning"
96,638,42,596,"weekday","breakfast","working","freezing","grocery",0,0,0,"morning"
96,639,43,596,"weekday","lunch","housework","unknown","restaurant",0,0,0,"midday"
96,644,48,596,"weekday","afternoon","travelling","cold","restaurant",1,0,0,"midday"
96,646,50,596,"weekday","afternoon","working","unknown","grocery",0,0,0,"midday"
96,648,52,596,"weekday","unknown","travelling","cold","restaurant",0,0,0,"unknown"
96,652,56,596,"weekday","breakfast","shopping","freezing","grocery",0,0,0,"morning"
96,656,60,596,"weekday","morning","travelling","cold","grocery",1,1,0,"morning"
96,658,62,596,"weekend","beforelunch","working","unknown","restaurant",0,1,0,"midday"
96,660,64,596,"weekend","beforelunch","travelling","cold","restaurant",0,1,0,"midday"
96,661,65,596,"weekend","breakfast","leisure","freezing","grocery",0,1,0,"morning"
96,662,66,596,"weekday","lunch","unknown","cold","grocery",0,1,0,"midday"
96,664,68,596,"weekday","afternoon","unknown","cold","grocery",0,1,0,"midday"
96,665,69,596,"weekday","beforelunch","travelling","cold","grocery",0,1,0,"midday"
96,666,70,596,"weekend","earlymorning","leisure","unknown","restaurant",0,1,0,"morning"
96,667,71,596,"weekday","night","travelling","hot","grocery",0,1,0,"night"
96,670,74,596,"weekday","morning","leisure","cold","grocery",1,1,0,"morning"
96,673,77,596,"weekday","afternoon","travelling","unknown","grocery",0,1,0,"midday"
96,674,78,596,"weekend","lunch","travelling","warm","restaurant",0,1,0,"midday"
96,675,79,596,"weekend","morning","leisure","warm","restaurant",0,1,0,"morning"
96,678,82,596,"unknown","afternoon","travelling","freezing","restaurant",0,1,0,"midday"
96,683,87,596,"weekend","lunch","shopping","cold","restaurant",0,1,0,"midday"
96,684,88,596,"weekday","afternoon","unknown","freezing","grocery",0,1,0,"midday"
96,685,89,596,"weekday","breakfast","working","unknown","restaurant",0,1,0,"morning"
96,689,93,596,"weekday","afternoon","leisure","cold","grocery",1,1,0,"midday"
96,690,94,596,"weekday","breakfast","travelling","unknown","grocery",1,1,0,"morning"
96,696,100,596,"weekday","beforelunch","travelling","freezing","grocery",0,1,0,"midday"
96,698,102,596,"weekend","breakfast","travelling","unknown","restaurant",1,1,0,"morning"
96,708,112,596,"weekday","beforelunch","travelling","unknown","grocery",0,1,0,"midday"
96,709,113,596,"weekday","dinner","working","warm","restaurant",1,1,1,"night"
96,710,114,596,"weekday","afternoon","travelling","freezing","grocery",0,1,1,"midday"
96,711,115,596,"weekday","lunch","travelling","unknown","restaurant",1,1,1,"midday"
96,713,117,596,"weekday","breakfast","travelling","hot","grocery",1,1,1,"morning"
96,714,118,596,"weekday","beforelunch","working","unknown","restaurant",0,1,1,"midday"
96,715,119,596,"weekday","afternoon","travelling","cold","grocery",0,1,1,"midday"
96,716,120,596,"weekend","lunch","unknown","cold","restaurant",0,1,1,"midday"
96,719,123,596,"weekday","morning","working","cold","grocery",0,1,1,"morning"
96,720,124,596,"weekend","afternoon","unknown","cold","restaurant",1,1,1,"midday"
96,721,125,596,"weekend","afternoon","leisure","freezing","restaurant",1,1,1,"midday"
96,722,126,596,"weekday","beforelunch","leisure","cold","restaurant",0,1,1,"midday"
96,723,127,596,"weekday","unknown","unknown","cold","grocery",1,1,1,"unknown"
96,725,129,596,"weekday","night","travelling","freezing","restaurant",0,1,1,"night"
96,726,130,596,"weekend","afternoon","travelling","unknown","grocery",0,1,1,"midday"
96,731,135,596,"weekday","beforelunch","unknown","unknown","grocery",1,1,1,"midday"
96,732,136,596,"weekday","afternoon","unknown","hot","restaurant",1,1,1,"midday"
96,734,138,596,"weekend","unknown","travelling","unknown","restaurant",0,1,1,"unknown"
96,740,144,596,"weekday","afternoon","working","warm","restaurant",0,1,1,"midday"
96,743,147,596,"weekday","lunch","shopping","unknown","restaurant",1,1,1,"midday"
96,745,149,596,"weekday","lunch","working","hot","grocery",0,1,1,"midday"
96,747,151,596,"weekday","afternoon","travelling","freezing","grocery",0,1,1,"midday"
96,749,153,596,"weekend","afternoon","unknown","hot","restaurant",0,1,1,"midday"
96,750,154,596,"weekday","lunch","travelling","warm","grocery",0,1,1,"midday"
96,751,155,596,"weekday","lunch","travelling","unknown","restaurant",0,1,1,"midday"
96,755,159,596,"weekend","dinner","travelling","cold","restaurant",0,1,1,"night"
96,756,160,596,"weekday","afternoon","travelling","unknown","restaurant",0,1,1,"midday"
96,759,163,596,"weekday","morning","travelling","hot","grocery",0,1,1,"morning"
96,761,165,596,"weekday","afternoon","shopping","freezing","grocery",1,1,1,"midday"
96,762,166,596,"weekend","beforelunch","travelling","warm","grocery",0,1,1,"midday"
96,763,167,596,"weekday","beforelunch","working","warm","restaurant",1,1,1,"midday"
96,764,168,596,"weekday","afternoon","working","freezing","restaurant",0,1,1,"midday"
96,766,170,596,"weekend","night","travelling","warm","restaurant",0,1,1,"night"
96,769,173,596,"weekend","morning","travelling","unknown","grocery",0,1,1,"morning"
96,770,174,596,"weekday","dinner","unknown","unknown","restaurant",0,1,1,"night"
96,773,177,596,"weekday","lunch","travelling","hot","restaurant",1,1,1,"midday"
96,774,178,596,"weekday","latenight","travelling","cold","grocery",1,1,1,"night"
96,777,181,596,"weekend","afternoon","travelling","freezing","restaurant",1,1,1,"midday"
96,779,183,596,"weekday","breakfast","working","cold","grocery",0,1,1,"morning"
97,621,21,600,"weekday","earlymorning","unknown","freezing","grocery",0,0,0,"morning"
97,711,111,600,"weekday","breakfast","unknown","unknown","grocery",0,1,0,"morning"
97,712,112,600,"weekday","beforelunch","leisure","freezing","grocery",0,1,0,"midday"
97,729,129,600,"weekday","morning","leisure","unknown","restaurant",1,1,1,"morning"
97,756,156,600,"weekday","afternoon","travelling","warm","restaurant",1,1,1,"midday"
97,775,175,600,"weekday","breakfast","travelling","warm","restaurant",0,1,1,"morning"
97,777,177,600,"weekday","lunch","unknown","freezing","grocery",0,1,1,"midday"
98,610,9,601,"weekday","earlymorning","travelling","hot","restaurant",1,0,0,"morning"
98,616,15,601,"weekend","beforelunch","travelling","cold","restaurant",1,0,0,"midday"
98,618,17,601,"weekday","afternoon","working","unknown","restaurant",0,0,0,"midday"
98,658,57,601,"weekday","earlymorning","travelling","freezing","grocery",0,1,0,"morning"
98,698,97,601,"weekday","lunch","travelling","unknown","grocery",1,1,0,"midday"
98,715,114,601,"weekday","afternoon","travelling","freezing","restaurant",0,1,1,"midday"
98,730,129,601,"weekday","afternoon","leisure","freezing","restaurant",0,1,1,"midday"
98,735,134,601,"weekday","earlymorning","travelling","freezing","grocery",0,1,1,"morning"
98,736,135,601,"weekday","night","travelling","warm","grocery",0,1,1,"night"
98,756,155,601,"weekday","breakfast","unknown","hot","grocery",0,1,1,"morning"
99,609,0,609,"weekend","lunch","travelling","cold","grocery",0,0,0,"midday"
99,610,1,609,"weekday","beforelunch","working","hot","grocery",0,0,0,"midday"
99,611,2,609,"weekday","beforelunch","travelling","hot","grocery",0,0,0,"midday"
99,614,5,609,"weekend","lunch","leisure","unknown","grocery",0,0,0,"midday"
99,615,6,609,"weekend","lunch","travelling","unknown","restaurant",0,0,0,"midday"
99,619,10,609,"weekday","afternoon","unknown","unknown","restaurant",0,0,0,"midday"
99,620,11,609,"weekday","afternoon","travelling","hot","grocery",1,0,0,"midday"
99,622,13,609,"weekday","breakfast","shopping","freezing","grocery",0,0,0,"morning"
99,624,15,609,"weekday","breakfast","workingout","cold","grocery",0,0,0,"morning"
99,625,16,609,"weekday","beforelunch","unknown","unknown","grocery",0,0,0,"midday"
99,628,19,609,"weekend","breakfast","working","cold","grocery",1,0,0,"morning"
99,630,21,609,"weekday","afternoon","travelling","cold","restaurant",0,0,0,"midday"
99,633,24,609,"weekday","lunch","travelling","cold","grocery",1,0,0,"midday"
99,641,32,609,"weekday","afternoon","working","unknown","grocery",1,0,0,"midday"
99,647,38,609,"weekday","evening","workingout","warm","restaurant",1,0,0,"night"
99,654,45,609,"weekend","lunch","leisure","warm","grocery",0,0,0,"midday"
99,655,46,609,"weekday","breakfast","travelling","unknown","grocery",1,0,0,"morning"
99,658,49,609,"weekend","afternoon","travelling","hot","restaurant",1,0,0,"midday"
99,661,52,609,"unknown","afternoon","travelling","warm","restaurant",0,0,0,"midday"
99,664,55,609,"weekday","morning","travelling","warm","grocery",0,0,0,"morning"
99,665,56,609,"weekday","earlymorning","working","unknown","grocery",1,0,0,"morning"
99,666,57,609,"weekday","lunch","working","freezing","restaurant",0,1,0,"midday"
99,668,59,609,"weekday","beforelunch","travelling","freezing","restaurant",1,1,0,"midday"
99,670,61,609,"weekday","unknown","travelling","cold","grocery",1,1,0,"unknown"
99,677,68,609,"weekday","lunch","leisure","unknown","grocery",0,1,0,"midday"
99,686,77,609,"weekday","breakfast","shopping","hot","grocery",0,1,0,"morning"
99,689,80,609,"weekday","lunch","unknown","freezing","grocery",0,1,0,"midday"
99,691,82,609,"weekday","afternoon","leisure","unknown","grocery",1,1,0,"midday"
99,694,85,609,"weekend","earlymorning","travelling","unknown","restaurant",0,1,0,"morning"
99,695,86,609,"weekend","beforelunch","travelling","unknown","restaurant",0,1,0,"midday"
99,698,89,609,"weekday","morning","working","warm","grocery",1,1,0,"morning"
99,699,90,609,"weekend","beforelunch","unknown","hot","grocery",0,1,0,"midday"
99,700,91,609,"weekday","lunch","travelling","unknown","grocery",1,1,0,"midday"
99,701,92,609,"weekend","beforelunch","travelling","unknown","grocery",1,1,0,"midday"
99,703,94,609,"weekend","beforelunch","travelling","freezing","restaurant",0,1,0,"midday"
99,709,100,609,"weekday","unknown","unknown","warm","grocery",0,1,0,"unknown"
99,710,101,609,"weekday","evening","unknown","cold","grocery",0,1,0,"night"
99,712,103,609,"weekday","breakfast","working","unknown","grocery",0,1,0,"morning"
99,713,104,609,"weekday","earlymorning","travelling","cold","restaurant",0,1,0,"morning"
99,716,107,609,"weekday","afternoon","travelling","unknown","restaurant",1,1,0,"midday"
99,721,112,609,"weekend","afternoon","working","cold","grocery",0,1,0,"midday"
99,722,113,609,"weekday","afternoon","travelling","hot","restaurant",0,1,1,"midday"
99,726,117,609,"weekday","afternoon","travelling","cold","grocery",0,1,1,"midday"
99,727,118,609,"weekday","morning","travelling","unknown","restaurant",1,1,1,"morning"
99,735,126,609,"weekday","beforelunch","travelling","freezing","grocery",0,1,1,"midday"
99,736,127,609,"weekend","beforelunch","leisure","cold","grocery",0,1,1,"midday"
99,740,131,609,"weekday","beforelunch","travelling","freezing","restaurant",0,1,1,"midday"
99,749,140,609,"weekday","beforelunch","unknown","freezing","restaurant",1,1,1,"midday"
99,750,141,609,"weekday","breakfast","travelling","hot","grocery",1,1,1,"morning"
99,752,143,609,"weekend","afternoon","working","warm","restaurant",0,1,1,"midday"
99,753,144,609,"weekend","night","travelling","unknown","grocery",0,1,1,"night"
99,755,146,609,"weekday","afternoon","travelling","cold","restaurant",0,1,1,"midday"
99,758,149,609,"weekday","lunch","working","freezing","grocery",0,1,1,"midday"
99,760,151,609,"weekday","beforelunch","working","unknown","grocery",0,1,1,"midday"
99,762,153,609,"weekday","breakfast","travelling","warm","restaurant",1,1,1,"morning"
99,766,157,609,"weekend","afternoon","shopping","warm","grocery",0,1,1,"midday"
99,769,160,609,"weekday","afternoon","unknown","unknown","grocery",0,1,1,"midday"
99,770,161,609,"weekday","dinner","travelling","hot","restaurant",0,1,1,"night"
99,771,162,609,"weekday","dinner","travelling","hot","grocery",0,1,1,"night"
99,772,163,609,"unknown","lunch","travelling","cold","grocery",0,1,1,"midday"
99,775,166,609,"weekend","lunch","travelling","freezing","grocery",1,1,1,"midday"
99,776,167,609,"weekday","afternoon","travelling","hot","grocery",0,1,1,"midday"
99,777,168,609,"weekday","beforelunch","unknown","unknown","grocery",1,1,1,"midday"
99,783,174,609,"weekday","afternoon","leisure","warm","restaurant",0,1,1,"midday"
99,784,175,609,"weekend","lunch","leisure","cold","restaurant",0,1,1,"midday"
99,787,178,609,"weekday","afternoon","working","freezing","grocery",0,1,1,"midday"
99,790,181,609,"weekday","lunch","working","cold","grocery",1,1,1,"midday"
99,791,182,609,"weekday","afternoon","travelling","hot","grocery",1,1,1,"midday"
100,615,1,614,"weekday","beforelunch","travelling","cold","restaurant",1,0,0,"midday"
100,631,17,614,"weekend","breakfast","travelling","cold","grocery",0,0,0,"morning"
100,634,20,614,"weekend","lunch","travelling","cold","restaurant",0,0,0,"midday"
100,635,21,614,"weekday","earlymorning","unknown","cold","grocery",0,0,0,"morning"
100,636,22,614,"weekday","lunch","morningrituals","freezing","grocery",0,0,0,"midday"
100,638,24,614,"weekday","unknown","working","unknown","grocery",1,0,0,"unknown"
100,641,27,614,"weekday","breakfast","travelling","freezing","grocery",0,0,0,"morning"
100,642,28,614,"weekend","beforelunch","travelling","cold","restaurant",0,0,0,"midday"
100,643,29,614,"weekday","breakfast","travelling","cold","grocery",0,0,0,"morning"
100,647,33,614,"weekend","beforelunch","travelling","warm","grocery",0,0,0,"midday"
100,648,34,614,"weekend","beforelunch","unknown","unknown","grocery",0,0,0,"midday"
100,650,36,614,"weekday","night","travelling","freezing","grocery",0,0,0,"night"
100,656,42,614,"weekday","morning","travelling","freezing","restaurant",1,0,0,"morning"
100,663,49,614,"weekday","lunch","leisure","unknown","restaurant",0,0,0,"midday"
100,665,51,614,"weekday","dinner","unknown","cold","restaurant",0,0,0,"night"
100,668,54,614,"weekday","lunch","travelling","unknown","grocery",0,0,0,"midday"
100,676,62,614,"weekday","lunch","unknown","warm","restaurant",0,1,0,"midday"
100,678,64,614,"weekday","lunch","shopping","unknown","grocery",0,1,0,"midday"
100,680,66,614,"weekday","beforelunch","unknown","unknown","grocery",1,1,0,"midday"
100,685,71,614,"weekday","afternoon","shopping","cold","grocery",0,1,0,"midday"
100,689,75,614,"weekend","afternoon","travelling","freezing","restaurant",0,1,0,"midday"
100,694,80,614,"weekday","morning","unknown","cold","restaurant",0,1,0,"morning"
100,706,92,614,"weekday","breakfast","working","hot","restaurant",0,1,0,"morning"
100,707,93,614,"weekday","lunch","travelling","freezing","grocery",1,1,0,"midday"
100,708,94,614,"weekday","beforelunch","leisure","freezing","restaurant",1,1,0,"midday"
100,711,97,614,"weekday","afternoon","unknown","unknown","restaurant",0,1,0,"midday"
100,715,101,614,"weekday","beforelunch","leisure","cold","grocery",1,1,0,"midday"
100,718,104,614,"weekday","lunch","travelling","unknown","grocery",0,1,0,"midday"
100,725,111,614,"weekday","afternoon","unknown","freezing","grocery",0,1,0,"midday"
100,728,114,614,"weekend","dinner","travelling","cold","grocery",1,1,1,"night"
100,730,116,614,"weekday","beforelunch","travelling","cold","restaurant",1,1,1,"midday"
100,732,118,614,"weekday","afternoon","shopping","unknown","restaurant",1,1,1,"midday"
100,736,122,614,"weekday","afternoon","travelling","cold","grocery",0,1,1,"midday"
100,742,128,614,"weekend","afternoon","travelling","unknown","restaurant",0,1,1,"midday"
100,750,136,614,"weekday","breakfast","leisure","warm","restaurant",0,1,1,"morning"
100,754,140,614,"weekday","breakfast","leisure","cold","restaurant",1,1,1,"morning"
100,758,144,614,"weekday","lunch","travelling","cold","restaurant",0,1,1,"midday"
100,759,145,614,"weekday","breakfast","working","cold","grocery",0,1,1,"morning"
100,762,148,614,"weekend","afternoon","travelling","unknown","grocery",1,1,1,"midday"
100,763,149,614,"weekday","lunch","travelling","cold","restaurant",0,1,1,"midday"
100,764,150,614,"weekend","morning","travelling","unknown","restaurant",0,1,1,"morning"
100,766,152,614,"weekday","beforelunch","travelling","warm","grocery",0,1,1,"midday"
100,770,156,614,"weekend","morning","shopping","warm","grocery",0,1,1,"morning"
100,772,158,614,"weekday","lunch","travelling","unknown","grocery",1,1,1,"midday"
100,773,159,614,"weekday","afternoon","travelling","freezing","restaurant",0,1,1,"midday"
100,775,161,614,"weekday","afternoon","travelling","freezing","grocery",0,1,1,"midday"
100,782,168,614,"weekday","earlymorning","travelling","cold","grocery",0,1,1,"morning"
100,783,169,614,"weekday","breakfast","travelling","freezing","restaurant",1,1,1,"morning"
100,790,176,614,"weekday","morning","unknown","cold","grocery",0,1,1,"morning"
100,793,179,614,"weekday","morning","travelling","freezing","restaurant",0,1,1,"morning"
100,796,182,614,"weekend","beforelunch","leisure","hot","restaurant",1,1,1,"midday"
100,797,183,614,"weekday","afternoon","travelling","warm","restaurant",0,1,1,"midday"
