"pid","day","daysInStudy","day_zero","time_type","time_time","situation_major","weather_temperature","notification_type","engagement","S1","S2","time_time_simple"
1,1,1,0,"weekend","afternoon","working","freezing","grocery",0,0,0,"midday"
1,2,2,0,"weekday","afternoon","unknown","unknown","grocery",0,0,0,"midday"
1,5,5,0,"weekday","beforelunch","leisure","unknown","restaurant",1,0,0,"midday"
1,9,9,0,"weekday","afternoon","unknown","unknown","grocery",1,0,0,"midday"
1,10,10,0,"weekend","lunch","working","unknown","grocery",1,0,0,"midday"
1,14,14,0,"weekday","beforelunch","travelling","unknown","restaurant",0,0,0,"midday"
1,16,16,0,"weekday","breakfast","travelling","cold","restaurant",0,0,0,"morning"
1,17,17,0,"weekday","afternoon","leisure","unknown","restaurant",0,0,0,"midday"
1,19,19,0,"weekday","afternoon","travelling","freezing","restaurant",0,0,0,"midday"
1,21,21,0,"weekday","afternoon","travelling","cold","restaurant",1,0,0,"midday"
1,22,22,0,"weekday","lunch","travelling","unknown","grocery",0,0,0,"midday"
1,25,25,0,"weekday","breakfast","travelling","freezing","grocery",0,0,0,"morning"
1,27,27,0,"weekday","afternoon","unknown","hot","grocery",1,0,0,"midday"
1,28,28,0,"weekday","breakfast","travelling","unknown","grocery",1,0,0,"morning"
1,29,29,0,"weekday","beforelunch","working","freezing","grocery",0,0,0,"midday"
1,40,40,0,"weekday","breakfast","travelling","unknown","restaurant",0,0,0,"morning"
1,44,44,0,"weekday","morning","travelling","cold","restaurant",0,0,0,"morning"
1,51,51,0,"weekday","afternoon","travelling","freezing","grocery",0,0,0,"midday"
1,54,54,0,"weekend","beforelunch","workingout","cold","grocery",0,0,0,"midday"
1,55,55,0,"weekend","lunch","travelling","freezing","grocery",0,0,0,"midday"
1,77,77,0,"weekend","beforelunch","travelling","freezing","restaurant",1,1,0,"midday"
1,84,84,0,"weekday","beforelunch","morningrituals","hot","restaurant",0,1,0,"midday"
1,85,85,0,"weekend","afternoon","unknown","cold","grocery",0,1,0,"midday"
1,89,89,0,"weekend","lunch","travelling","cold","restaurant",1,1,0,"midday"
1,96,96,0,"weekday","lunch","unknown","unknown","grocery",1,1,0,"midday"
1,97,97,0,"weekday","afternoon","travelling","unknown","restaurant",0,1,0,"midday"
1,99,99,0,"weekday","breakfast","travelling","freezing","grocery",0,1,0,"morning"
1,102,102,0,"weekday","morning","unknown","freezing","grocery",0,1,0,"morning"
1,103,103,0,"weekday","beforelunch","unknown","cold","restaurant",1,1,0,"midday"
1,107,107,0,"weekday","afternoon","travelling","unknown","grocery",0,1,0,"midday"
1,109,109,0,"weekday","beforelunch","working","cold","restaurant",0,1,0,"midday"
1,111,111,0,"weekday","afternoon","travelling","cold","grocery",0,1,0,"midday"
1,114,114,0,"weekday","breakfast","working","unknown","grocery",0,1,1,"morning"
1,120,120,0,"weekday","afternoon","travelling","cold","grocery",0,1,1,"midday"
1,123,123,0,"weekday","afternoon","working","warm","grocery",0,1,1,"midday"
1,126,126,0,"weekday","afternoon","travelling","unknown","grocery",1,1,1,"midday"
1,130,130,0,"weekday","breakfast","shopping","warm","restaurant",1,1,1,"morning"
1,131,131,0,"weekday","afternoon","travelling","warm","grocery",1,1,1,"midday"
1,133,133,0,"weekend","night","unknown","cold","grocery",0,1,1,"night"
1,137,137,0,"weekend","lunch","travelling","unknown","grocery",0,1,1,"midday"
1,142,142,0,"weekday","lunch","working","warm","grocery",0,1,1,"midday"
1,143,143,0,"weekday","morning","travelling","unknown","grocery",1,1,1,"morning"
1,149,149,0,"weekday","lunch","travelling","freezing","grocery",0,1,1,"midday"
1,150,150,0,"weekday","afternoon","travelling","warm","grocery",0,1,1,"midday"
1,151,151,0,"weekday","evening","travelling","freezing","restaurant",0,1,1,"night"
1,154,154,0,"weekday","afternoon","travelling","cold","grocery",0,1,1,"midday"
1,156,156,0,"weekday","dinner","unknown","freezing","grocery",1,1,1,"night"
1,157,157,0,"weekend","morning","travelling","freezing","restaurant",1,1,1,"morning"
1,163,163,0,"weekday","morning","unknown","unknown","restaurant",1,1,1,"morning"
1,164,164,0,"weekend","beforelunch","working","cold","restaurant",0,1,1,"midday"
1,169,169,0,"weekday","morning","unknown","hot","grocery",0,1,1,"morning"
1,170,170,0,"weekend","beforelunch","travelling","unknown","restaurant",0,1,1,"midday"
1,173,173,0,"weekday","beforelunch","travelling","unknown","restaurant",0,1,1,"midday"
1,174,174,0,"weekday","lunch","travelling","unknown","restaurant",1,1,1,"midday"
1,177,177,0,"weekend","beforelunch","travelling","freezing","grocery",0,1,1,"midday"
1,178,178,0,"weekday","afternoon","travelling","freezing","grocery",0,1,1,"midday"
2,13,0,13,"weekday","morning","unknown","hot","restaurant",0,0,0,"morning"
2,14,1,13,"weekday","afternoon","travelling","warm","restaurant",1,0,0,"midday"
2,15,2,13,"weekend","dinner","travelling","unknown","grocery",0,0,0,"night"
2,17,4,13,"weekday","beforelunch","shopping","freezing","restaurant",0,0,0,"midday"
2,18,5,13,"weekday","dinner","unknown","warm","restaurant",1,0,0,"night"
2,19,6,13,"weekday","afternoon","shopping","freezing","restaurant",0,0,0,"midday"
2,20,7,13,"weekend","afternoon","travelling","freezing","grocery",0,0,0,"midday"
2,21,8,13,"weekend","afternoon","travelling","cold","restaurant",0,0,0,"midday"
2,23,10,13,"weekday","lunch","unknown","unknown","restaurant",1,0,0,"midday"
2,25,12,13,"weekday","lunch","travelling","cold","restaurant",1,0,0,"midday"
2,27,14,13,"weekend","earlymorning","unknown","unknown","restaurant",0,0,0,"morning"
2,29,16,13,"weekday","beforelunch","travelling","hot","grocery",1,0,0,"midday"
2,30,17,13,"weekday","afternoon","shopping","freezing","restaurant",0,0,0,"midday"
2,32,19,13,"weekday","afternoon","unknown","unknown","restaurant",0,0,0,"midday"
2,33,20,13,"weekend","afternoon","travelling","unknown","grocery",0,0,0,"midday"
2,35,22,13,"weekend","afternoon","travelling","warm","restaurant",1,0,0,"midday"
2,36,23,13,"weekend","lunch","travelling","cold","restaurant",1,0,0,"midday"
2,38,25,13,"weekday","lunch","travelling","freezing","restaurant",0,0,0,"midday"
2,39,26,13,"weekend","beforelunch","travelling","unknown","grocery",0,0,0,"midday"
2,41,28,13,"weekday","afternoon","travelling","warm","grocery",0,0,0,"midday"
2,43,30,13,"weekend","lunch","unknown","freezing","restaurant",0,0,0,"midday"
2,44,31,13,"weekend","breakfast","shopping","cold","grocery",1,0,0,"morning"
2,45,32,13,"weekday","afternoon","travelling","warm","grocery",1,0,0,"midday"
2,46,33,13,"weekday","dinner","travelling","cold","grocery",1,0,0,"night"
2,48,35,13,"weekday","beforelunch","travelling","cold","restaurant",0,0,0,"midday"
2,55,42,13,"weekday","afternoon","travelling","freezing","grocery",1,0,0,"midday"
2,58,45,13,"weekday","breakfast","travelling","freezing","grocery",0,0,0,"morning"
2,59,46,13,"weekend","afternoon","travelling","warm","grocery",1,0,0,"midday"
2,60,47,13,"weekend","afternoon","travelling","warm","grocery",1,0,0,"midday"
2,63,50,13,"weekend","morning","unknown","cold","restaurant",1,0,0,"morning"
2,64,51,13,"weekend","afternoon","shopping","cold","grocery",0,0,0,"midday"
2,65,52,13,"weekend","afternoon","travelling","cold","restaurant",0,0,0,"midday"
2,68,55,13,"weekday","afternoon","unknown","warm","restaurant",0,0,0,"midday"
2,69,56,13,"weekend","morning","working","warm","grocery",0,0,0,"morning"
2,70,57,13,"weekday","breakfast","working","cold","restaurant",0,1,0,"morning"
2,71,58,13,"weekday","afternoon","unknown","freezing","grocery",0,1,0,"midday"
2,72,59,13,"weekday","beforelunch","travelling","unknown","grocery",0,1,0,"midday"
2,73,60,13,"weekday","beforelunch","travelling","freezing","grocery",0,1,0,"midday"
2,74,61,13,"weekday","lunch","leisure","cold","restaurant",1,1,0,"midday"
2,75,62,13,"weekday","beforelunch","travelling","warm","restaurant",0,1,0,"midday"
2,78,65,13,"weekday","afternoon","unknown","freezing","restaurant",0,1,0,"midday"
2,79,66,13,"weekend","beforelunch","travelling","cold","restaurant",0,1,0,"midday"
2,80,67,13,"weekday","earlymorning","travelling","warm","restaurant",1,1,0,"morning"
2,84,71,13,"weekend","dinner","travelling","cold","restaurant",1,1,0,"night"
2,85,72,13,"weekday","earlymorning","unknown","hot","grocery",1,1,0,"morning"
2,87,74,13,"weekday","lunch","working","freezing","restaurant",1,1,0,"midday"
2,88,75,13,"weekend","beforelunch","travelling","unknown","restaurant",0,1,0,"midday"
2,89,76,13,"weekday","lunch","unknown","cold","restaurant",0,1,0,"midday"
2,92,79,13,"weekday","afternoon","working","freezing","restaurant",0,1,0,"midday"
2,93,80,13,"weekend","morning","travelling","cold","restaurant",0,1,0,"morning"
2,94,81,13,"weekday","lunch","shopping","unknown","restaurant",0,1,0,"midday"
2,95,82,13,"weekday","beforelunch","working","warm","grocery",0,1,0,"midday"
2,97,84,13,"weekday","afternoon","unknown","freezing","restaurant",1,1,0,"midday"
2,99,86,13,"weekday","breakfast","travelling","cold","restaurant",0,1,0,"morning"
2,100,87,13,"weekend","lunch","unknown","freezing","restaurant",1,1,0,"midday"
2,102,89,13,"weekend","beforelunch","working","unknown","grocery",0,1,0,"midday"
2,103,90,13,"weekday","beforelunch","travelling","cold","grocery",0,1,0,"midday"
2,106,93,13,"weekday","afternoon","unknown","cold","grocery",0,1,0,"midday"
2,109,96,13,"weekday","breakfast","unknown","unknown","grocery",1,1,0,"morning"
2,116,103,13,"weekday","breakfast","travelling","warm","restaurant",1,1,0,"morning"
2,117,104,13,"weekend","lunch","travelling","freezing","grocery",1,1,0,"midday"
2,118,105,13,"weekday","lunch","working","freezing","grocery",1,1,0,"midday"
2,119,106,13,"weekday","earlymorning","unknown","warm","grocery",0,1,0,"morning"
2,120,107,13,"weekday","beforelunch","travelling","cold","restaurant",0,1,0,"midday"
2,122,109,13,"weekday","beforelunch","travelling","unknown","grocery",0,1,0,"midday"
2,124,111,13,"unknown","afternoon","travelling","hot","restaurant",0,1,0,"midday"
2,125,112,13,"weekday","afternoon","working","freezing","grocery",0,1,0,"midday"
2,127,114,13,"weekday","breakfast","travelling","cold","restaurant",0,1,1,"morning"
2,128,115,13,"weekday","breakfast","unknown","warm","grocery",0,1,1,"morning"
2,129,116,13,"weekday","beforelunch","travelling","cold","grocery",0,1,1,"midday"
2,132,119,13,"weekday","night","travelling","unknown","grocery",1,1,1,"night"
2,135,122,13,"weekday","breakfast","shopping","hot","restaurant",0,1,1,"morning"
2,141,128,13,"weekday","afternoon","travelling","cold","grocery",0,1,1,"midday"
2,142,129,13,"weekday","beforelunch","travelling","freezing","grocery",1,1,1,"midday"
2,143,130,13,"weekday","afternoon","shopping","hot","grocery",1,1,1,"midday"
2,145,132,13,"weekday","afternoon","travelling","freezing","grocery",0,1,1,"midday"
2,146,133,13,"weekday","afternoon","travelling","warm","restaurant",0,1,1,"midday"
2,148,135,13,"weekday","lunch","unknown","cold","restaurant",0,1,1,"midday"
2,150,137,13,"weekday","lunch","shopping","cold","restaurant",0,1,1,"midday"
2,154,141,13,"weekday","lunch","working","unknown","grocery",0,1,1,"midday"
2,155,142,13,"weekend","lunch","travelling","hot","restaurant",0,1,1,"midday"
2,156,143,13,"weekend","morning","leisure","unknown","restaurant",0,1,1,"morning"
2,157,144,13,"weekend","breakfast","travelling","cold","grocery",0,1,1,"morning"
2,159,146,13,"weekday","beforelunch","travelling","cold","grocery",0,1,1,"midday"
2,161,148,13,"weekday","morning","leisure","unknown","grocery",0,1,1,"morning"
2,162,149,13,"weekday","afternoon","working","freezing","grocery",1,1,1,"midday"
2,163,150,13,"weekday","afternoon","leisure","unknown","restaurant",0,1,1,"midday"
2,164,151,13,"weekend","dinner","shopping","unknown","restaurant",0,1,1,"night"
2,166,153,13,"weekday","unknown","working","unknown","restaurant",1,1,1,"unknown"
2,167,154,13,"weekday","unknown","shopping","hot","restaurant",1,1,1,"unknown"
2,169,156,13,"weekday","dinner","unknown","warm","grocery",1,1,1,"night"
2,170,157,13,"weekday","breakfast","travelling","unknown","restaurant",0,1,1,"morning"
2,171,158,13,"weekday","morning","working","freezing","restaurant",0,1,1,"morning"
2,175,162,13,"weekend","beforelunch","travelling","hot","restaurant",0,1,1,"midday"
2,178,165,13,"weekday","lunch","travelling","unknown","grocery",0,1,1,"midday"
2,180,167,13,"weekday","afternoon","morningrituals","cold","restaurant",0,1,1,"midday"
2,183,170,13,"weekday","afternoon","travelling","warm","grocery",0,1,1,"midday"
2,184,171,13,"weekday","beforelunch","travelling","cold","grocery",0,1,1,"midday"
2,185,172,13,"weekday","breakfast","leisure","cold","restaurant",1,1,1,"morning"
2,186,173,13,"weekday","morning","morningrituals","freezing","restaurant",1,1,1,"morning"
2,188,175,13,"weekday","afternoon","travelling","freezing","grocery",0,1,1,"midday"
2,189,176,13,"weekend","morning","travelling","warm","grocery",0,1,1,"morning"
2,191,178,13,"weekday","breakfast","travelling","freezing","restaurant",1,1,1,"morning"
2,192,179,13,"weekday","afternoon","unknown","unknown","grocery",0,1,1,"midday"
2,194,181,13,"weekend","afternoon","travelling","freezing","grocery",0,1,1,"midday"
2,195,182,13,"weekday","lunch","travelling","hot","restaurant",0,1,1,"midday"
2,196,183,13,"weekday","beforelunch","travelling","unknown","restaurant",0,1,1,"midday"
3,33,8,25,"weekday","breakfast","working","cold","grocery",0,0,0,"morning"
3,34,9,25,"weekday","afternoon","unknown","unknown","restaurant",0,0,0,"midday"
3,97,72,25,"weekday","lunch","travelling","cold","restaurant",0,1,0,"midday"
3,99,74,25,"weekday","afternoon","travelling","cold","grocery",0,1,0,"midday"
3,117,92,25,"weekday","lunch","travelling","unknown","restaurant",1,1,0,"midday"
3,128,103,25,"weekend","morning","travelling","unknown","restaurant",1,1,0,"morning"
3,156,131,25,"weekend","beforelunch","travelling","warm","grocery",0,1,1,"midday"
3,164,139,25,"weekend","afternoon","travelling","freezing","grocery",1,1,1,"midday"
3,187,162,25,"weekend","afternoon","working","freezing","restaurant",0,1,1,"midday"
3,188,163,25,"weekend","afternoon","leisure","freezing","restaurant",0,1,1,"midday"
4,27,0,27,"weekday","afternoon","unknown","cold","restaurant",1,0,0,"midday"
4,28,1,27,"weekday","morning","travelling","hot","restaurant",1,0,0,"morning"
4,32,5,27,"weekday","morning","leisure","cold","restaurant",0,0,0,"morning"
4,36,9,27,"weekday","beforelunch","unknown","freezing","restaurant",0,0,0,"midday"
4,37,10,27,"weekday","unknown","travelling","cold","restaurant",0,0,0,"unknown"
4,41,14,27,"weekend","afternoon","travelling","warm","restaurant",0,0,0,"midday"
4,45,18,27,"weekday","lunch","travelling","cold","grocery",1,0,0,"midday"
4,54,27,27,"weekend","breakfast","shopping","freezing","grocery",0,0,0,"morning"
4,56,29,27,"weekday","morning","working","hot","restaurant",1,0,0,"morning"
4,61,34,27,"weekday","afternoon","travelling","freezing","restaurant",1,0,0,"midday"
4,72,45,27,"weekday","afternoon","travelling","unknown","restaurant",0,0,0,"midday"
4,75,48,27,"weekday","dinner","travelling","warm","restaurant",0,0,0,"night"
4,76,49,27,"weekend","afternoon","travelling","unknown","restaurant",0,0,0,"midday"
4,78,51,27,"weekday","lunch","working","hot","grocery",1,0,0,"midday"
4,86,59,27,"weekday","breakfast","working","warm","grocery",0,1,0,"morning"
4,88,61,27,"weekday","breakfast","travelling","unknown","grocery",1,1,0,"morning"
4,93,66,27,"weekday","breakfast","shopping","unknown","grocery",1,1,0,"morning"
4,101,74,27,"weekend","lunch","working","unknown","restaurant",0,1,0,"midday"
4,104,77,27,"weekend","beforelunch","travelling","warm","restaurant",0,1,0,"midday"
4,106,79,27,"weekday","afternoon","working","cold","restaurant",0,1,0,"midday"
4,109,82,27,"weekday","beforelunch","travelling","cold","restaurant",0,1,0,"midday"
4,111,84,27,"weekday","morning","travelling","unknown","restaurant",0,1,0,"morning"
4,112,85,27,"weekend","breakfast","travelling","cold","grocery",1,1,0,"morning"
4,124,97,27,"weekend","lunch","unknown","hot","restaurant",0,1,0,"midday"
4,127,100,27,"weekend","morning","travelling","warm","grocery",0,1,0,"morning"
4,135,108,27,"weekday","morning","travelling","hot","restaurant",0,1,0,"morning"
4,138,111,27,"weekday","afternoon","working","freezing","grocery",1,1,0,"midday"
4,143,116,27,"weekend","afternoon","travelling","cold","restaurant",0,1,1,"midday"
4,150,123,27,"weekday","beforelunch","working","freezing","restaurant",0,1,1,"midday"
4,153,126,27,"weekend","beforelunch","travelling","cold","restaurant",1,1,1,"midday"
4,160,133,27,"weekend","afternoon","unknown","cold","restaurant",1,1,1,"midday"
4,162,135,27,"weekday","afternoon","morningrituals","unknown","restaurant",0,1,1,"midday"
4,169,142,27,"weekday","afternoon","leisure","warm","grocery",1,1,1,"midday"
4,172,145,27,"weekend","afternoon","unknown","warm","grocery",0,1,1,"midday"
4,174,147,27,"weekday","afternoon","travelling","cold","restaurant",0,1,1,"midday"
4,178,151,27,"weekday","beforelunch","travelling","cold","grocery",0,1,1,"midday"
4,179,152,27,"weekday","lunch","travelling","unknown","restaurant",0,1,1,"midday"
4,180,153,27,"weekday","lunch","travelling","cold","restaurant",1,1,1,"midday"
4,181,154,27,"weekday","lunch","unknown","cold","restaurant",1,1,1,"midday"
4,185,158,27,"weekday","lunch","travelling","hot","restaurant",0,1,1,"midday"
4,188,161,27,"weekend","beforelunch","travelling","unknown","restaurant",0,1,1,"midday"
4,195,168,27,"weekday","breakfast","unknown","hot","restaurant",0,1,1,"morning"
4,205,178,27,"weekday","lunch","leisure","unknown","grocery",0,1,1,"midday"
4,208,181,27,"weekday","afternoon","unknown","unknown","grocery",0,1,1,"midday"
4,210,183,27,"weekend","afternoon","travelling","cold","grocery",0,1,1,"midday"
5,31,2,29,"weekday","afternoon","travelling","unknown","grocery",0,0,0,"midday"
5,35,6,29,"weekday","beforelunch","travelling","warm","grocery",1,0,0,"midday"
5,43,14,29,"weekend","lunch","travelling","freezing","restaurant",1,0,0,"midday"
5,46,17,29,"weekday","afternoon","travelling","warm","restaurant",1,0,0,"midday"
5,48,19,29,"weekday","afternoon","working","warm","restaurant",0,0,0,"midday"
5,49,20,29,"weekday","lunch","working","unknown","grocery",0,0,0,"midday"
5,50,21,29,"weekday","beforelunch","shopping","freezing","restaurant",0,0,0,"midday"
5,52,23,29,"weekday","afternoon","travelling","warm","restaurant",1,0,0,"midday"
5,53,24,29,"weekend","lunch","unknown","unknown","grocery",0,0,0,"midday"
5,62,33,29,"weekday","afternoon","travelling","cold","grocery",0,0,0,"midday"
5,72,43,29,"weekday","afternoon","leisure","warm","restaurant",0,0,0,"midday"
5,74,45,29,"weekend","afternoon","travelling","freezing","grocery",0,0,0,"midday"
5,81,52,29,"weekday","morning","working","unknown","grocery",0,0,0,"morning"
5,83,54,29,"weekend","dinner","travelling","freezing","grocery",0,0,0,"night"
5,84,55,29,"weekend","lunch","unknown","cold","restaurant",1,0,0,"midday"
5,89,60,29,"weekday","morning","unknown","cold","restaurant",0,1,0,"morning"
5,94,65,29,"weekday","afternoon","working","freezing","restaurant",0,1,0,"midday"
5,98,69,29,"weekday","lunch","shopping","hot","restaurant",0,1,0,"midday"
5,104,75,29,"weekday","dinner","travelling","cold","restaurant",0,1,0,"night"
5,108,79,29,"weekend","beforelunch","unknown","cold","grocery",0,1,0,"midday"
5,109,80,29,"weekend","beforelunch","travelling","warm","restaurant",0,1,0,"midday"
5,110,81,29,"weekend","beforelunch","shopping","cold","restaurant",0,1,0,"midday"
5,114,85,29,"weekday","afternoon","morningrituals","freezing","restaurant",0,1,0,"midday"
5,120,91,29,"weekday","night","unknown","unknown","restaurant",1,1,0,"night"
5,122,93,29,"weekday","afternoon","leisure","cold","restaurant",0,1,0,"midday"
5,132,103,29,"weekday","afternoon","working","unknown","grocery",0,1,0,"midday"
5,133,104,29,"weekday","lunch","unknown","cold","grocery",0,1,0,"midday"
5,142,113,29,"weekend","unknown","morningrituals","cold","restaurant",0,1,1,"unknown"
5,147,118,29,"weekday","earlymorning","travelling","cold","grocery",0,1,1,"morning"
5,151,122,29,"weekday","afternoon","travelling","unknown","restaurant",0,1,1,"midday"
5,157,128,29,"weekday","afternoon","travelling","unknown","restaurant",0,1,1,"midday"
5,159,130,29,"weekday","afternoon","travelling","freezing","restaurant",0,1,1,"midday"
5,162,133,29,"weekday","breakfast","travelling","freezing","restaurant",1,1,1,"morning"
5,179,150,29,"weekend","morning","unknown","cold","restaurant",0,1,1,"morning"
5,184,155,29,"unknown","beforelunch","travelling","freezing","restaurant",0,1,1,"midday"
5,194,165,29,"weekday","morning","travelling","cold","restaurant",0,1,1,"morning"
5,195,166,29,"weekday","morning","travelling","warm","restaurant",0,1,1,"morning"
6,44,2,42,"weekday","beforelunch","travelling","unknown","grocery",0,0,0,"midday"
6,45,3,42,"weekend","afternoon","travelling","unknown","grocery",0,0,0,"midday"
6,48,6,42,"weekend","dinner","travelling","freezing","restaurant",0,0,0,"night"
6,49,7,42,"weekday","lunch","unknown","unknown","restaurant",0,0,0,"midday"
6,50,8,42,"weekend","afternoon","travelling","hot","restaurant",0,0,0,"midday"
6,51,9,42,"weekday","unknown","shopping","cold","restaurant",1,0,0,"unknown"
6,52,10,42,"weekday","evening","leisure","cold","restaurant",1,0,0,"night"
6,53,11,42,"weekday","beforelunch","leisure","cold","grocery",0,0,0,"midday"
6,55,13,42,"weekday","afternoon","travelling","unknown","grocery",0,0,0,"midday"
6,56,14,42,"weekday","earlymorning","travelling","cold","grocery",1,0,0,"morning"
6,57,15,42,"weekday","beforelunch","travelling","unknown","grocery",0,0,0,"midday"
6,58,16,42,"weekday","afternoon","travelling","unknown","restaurant",0,0,0,"midday"
6,60,18,42,"weekday","night","travelling","warm","restaurant",0,0,0,"night"
6,61,19,42,"weekday","breakfast","travelling","freezing","restaurant",0,0,0,"morning"
6,63,21,42,"weekend","morning","travelling","warm","grocery",1,0,0,"morning"
6,64,22,42,"weekday","afternoon","travelling","hot","restaurant",0,0,0,"midday"
6,66,24,42,"weekday","dinner","travelling","freezing","grocery",0,0,0,"night"
6,67,25,42,"weekend","night","travelling","warm","restaurant",0,0,0,"night"
6,68,26,42,"weekday","dinner","shopping","cold","restaurant",0,0,0,"night"
6,71,29,42,"weekday","lunch","unknown","unknown","restaurant",1,0,0,"midday"
6,73,31,42,"weekend","lunch","travelling","freezing","grocery",0,0,0,"midday"
6,74,32,42,"weekday","lunch","shopping","cold","grocery",1,0,0,"midday"
6,76,34,42,"weekday","breakfast","travelling","hot","restaurant",0,0,0,"morning"
6,79,37,42,"weekend","beforelunch","unknown","unknown","grocery",0,0,0,"midday"
6,80,38,42,"weekday","dinner","travelling","warm","grocery",0,0,0,"night"
6,81,39,42,"weekend","beforelunch","working","warm","restaurant",0,0,0,"midday"
6,82,40,42,"weekend","afternoon","working","warm","restaurant",0,0,0,"midday"
6,83,41,42,"weekday","morning","travelling","hot","grocery",0,0,0,"morning"
6,86,44,42,"weekend","night","unknown","freezing","restaurant",0,0,0,"night"
6,89,47,42,"weekday","morning","unknown","freezing","grocery",0,0,0,"morning"
6,90,48,42,"weekend","beforelunch","unknown","hot","grocery",0,0,0,"midday"
6,93,51,42,"weekday","beforelunch","leisure","hot","restaurant",1,0,0,"midday"
6,95,53,42,"weekend","breakfast","travelling","warm","grocery",0,0,0,"morning"
6,98,56,42,"weekday","earlymorning","travelling","unknown","grocery",1,0,0,"morning"
6,99,57,42,"weekday","lunch","unknown","freezing","restaurant",0,1,0,"midday"
6,100,58,42,"weekday","morning","travelling","cold","restaurant",0,1,0,"morning"
6,102,60,42,"weekday","unknown","travelling","unknown","restaurant",0,1,0,"unknown"
6,105,63,42,"weekend","beforelunch","travelling","cold","restaurant",0,1,0,"midday"
6,106,64,42,"weekend","lunch","travelling","hot","grocery",0,1,0,"midday"
6,111,69,42,"weekday","evening","travelling","unknown","grocery",1,1,0,"night"
6,115,73,42,"weekend","lunch","travelling","hot","grocery",0,1,0,"midday"
6,116,74,42,"weekday","afternoon","travelling","cold","grocery",1,1,0,"midday"
6,117,75,42,"weekday","afternoon","leisure","cold","restaurant",0,1,0,"midday"
6,118,76,42,"weekday","night","travelling","unknown","restaurant",0,1,0,"night"
6,120,78,42,"weekend","beforelunch","shopping","cold","grocery",0,1,0,"midday"
6,121,79,42,"weekday","afternoon","travelling","unknown","grocery",0,1,0,"midday"
6,122,80,42,"weekday","breakfast","working","unknown","grocery",0,1,0,"morning"
6,123,81,42,"weekday","afternoon","travelling","cold","restaurant",0,1,0,"midday"
6,125,83,42,"weekday","breakfast","travelling","cold","restaurant",0,1,0,"morning"
6,126,84,42,"weekday","lunch","travelling","cold","restaurant",0,1,0,"midday"
6,131,89,42,"weekend","afternoon","unknown","cold","restaurant",0,1,0,"midday"
6,134,92,42,"weekday","afternoon","travelling","hot","grocery",0,1,0,"midday"
6,135,93,42,"weekend","afternoon","shopping","hot","restaurant",0,1,0,"midday"
6,136,94,42,"weekday","afternoon","unknown","cold","grocery",1,1,0,"midday"
6,140,98,42,"weekday","breakfast","unknown","cold","grocery",1,1,0,"morning"
6,142,100,42,"weekday","morning","shopping","cold","grocery",0,1,0,"morning"
6,146,104,42,"weekend","breakfast","travelling","cold","restaurant",1,1,0,"morning"
6,152,110,42,"weekend","morning","unknown","freezing","restaurant",0,1,0,"morning"
6,153,111,42,"weekend","morning","travelling","cold","restaurant",1,1,0,"morning"
6,155,113,42,"weekday","lunch","travelling","unknown","grocery",0,1,1,"midday"
6,157,115,42,"unknown","lunch","travelling","unknown","grocery",0,1,1,"midday"
6,159,117,42,"weekday","beforelunch","shopping","cold","restaurant",0,1,1,"midday"
6,161,119,42,"weekday","afternoon","travelling","cold","grocery",0,1,1,"midday"
6,162,120,42,"weekday","lunch","unknown","cold","grocery",0,1,1,"midday"
6,163,121,42,"weekend","lunch","morningrituals","warm","grocery",0,1,1,"midday"
6,167,125,42,"weekday","breakfast","unknown","unknown","restaurant",0,1,1,"morning"
6,173,131,42,"weekday","beforelunch","travelling","unknown","restaurant",0,1,1,"midday"
6,175,133,42,"weekend","evening","travelling","hot","restaurant",0,1,1,"night"
6,178,136,42,"weekday","beforelunch","unknown","warm","grocery",0,1,1,"midday"
6,180,138,42,"weekday","afternoon","leisure","unknown","restaurant",0,1,1,"midday"
6,181,139,42,"weekday","afternoon","travelling","cold","restaurant",1,1,1,"midday"
6,182,140,42,"weekday","morning","shopping","freezing","restaurant",0,1,1,"morning"
6,183,141,42,"weekday","afternoon","travelling","freezing","restaurant",0,1,1,"midday"
6,184,142,42,"weekday","breakfast","travelling","cold","grocery",0,1,1,"morning"
6,185,143,42,"weekday","afternoon","leisure","cold","grocery",0,1,1,"midday"
6,187,145,42,"weekday","morning","unknown","cold","grocery",1,1,1,"morning"
6,188,146,42,"weekday","morning","travelling","cold","restaurant",0,1,1,"morning"
6,189,147,42,"weekend","earlymorning","travelling","unknown","grocery",0,1,1,"morning"
6,190,148,42,"weekday","morning","travelling","freezing","restaurant",1,1,1,"morning"
6,191,149,42,"weekday","afternoon","travelling","hot","grocery",0,1,1,"midday"
6,192,150,42,"weekend","morning","morningrituals","unknown","grocery",0,1,1,"morning"
6,193,151,42,"weekday","afternoon","unknown","unknown","restaurant",0,1,1,"midday"
6,194,152,42,"weekday","afternoon","travelling","unknown","restaurant",0,1,1,"midday"
6,195,153,42,"weekday","breakfast","unknown","hot","grocery",0,1,1,"morning"
6,200,158,42,"weekend","breakfast","working","freezing","grocery",0,1,1,"morning"
6,206,164,42,"weekday","lunch","working","cold","restaurant",0,1,1,"midday"
6,209,167,42,"weekend","morning","travelling","cold","restaurant",1,1,1,"morning"
6,210,168,42,"weekday","afternoon","travelling","unknown","restaurant",0,1,1,"midday"
6,212,170,42,"weekend","lunch","travelling","cold","grocery",0,1,1,"midday"
6,213,171,42,"weekday","afternoon","morningrituals","warm","restaurant",0,1,1,"midday"
6,214,172,42,"weekend","night","unknown","cold","grocery",0,1,1,"night"
6,215,173,42,"weekend","afternoon","travelling","unknown","grocery",1,1,1,"midday"
6,216,174,42,"weekday","beforelunch","travelling","cold","restaurant",1,1,1,"midday"
6,221,179,42,"weekday","lunch","unknown","hot","grocery",0,1,1,"midday"
6,222,180,42,"weekday","dinner","morningrituals","freezing","grocery",1,1,1,"night"
6,224,182,42,"weekday","beforelunch","unknown","cold","grocery",0,1,1,"midday"
7,52,0,52,"weekday","lunch","travelling","cold","restaurant",1,0,0,"midday"
7,56,4,52,"weekend","night","leisure","hot","restaurant",0,0,0,"night"
7,74,22,52,"weekday","beforelunch","travelling","cold","grocery",1,0,0,"midday"
7,78,26,52,"weekend","dinner","unknown","unknown","restaurant",1,0,0,"night"
7,79,27,52,"weekday","afternoon","travelling","cold","restaurant",1,0,0,"midday"
7,80,28,52,"weekend","afternoon","travelling","hot","grocery",0,0,0,"midday"
7,90,38,52,"weekday","night","travelling","warm","grocery",0,0,0,"night"
7,92,40,52,"weekday","afternoon","travelling","freezing","grocery",1,0,0,"midday"
7,95,43,52,"weekend","dinner","unknown","warm","restaurant",0,0,0,"night"
7,96,44,52,"weekday","night","unknown","hot","grocery",0,0,0,"night"
7,98,46,52,"weekday","morning","unknown","freezing","restaurant",1,0,0,"morning"
7,101,49,52,"weekday","breakfast","travelling","cold","restaurant",0,0,0,"morning"
7,104,52,52,"weekend","beforelunch","travelling","unknown","restaurant",0,0,0,"midday"
7,107,55,52,"weekday","morning","unknown","freezing","grocery",0,0,0,"morning"
7,113,61,52,"weekday","afternoon","travelling","cold","grocery",0,1,0,"midday"
7,114,62,52,"weekday","lunch","unknown","cold","grocery",0,1,0,"midday"
7,118,66,52,"weekday","morning","travelling","unknown","grocery",0,1,0,"morning"
7,122,70,52,"weekday","beforelunch","travelling","freezing","restaurant",0,1,0,"midday"
7,128,76,52,"unknown","evening","travelling","warm","grocery",0,1,0,"night"
7,130,78,52,"weekday","dinner","housework","cold","restaurant",0,1,0,"night"
7,131,79,52,"weekend","breakfast","travelling","unknown","grocery",0,1,0,"morning"
7,133,81,52,"weekday","afternoon","shopping","freezing","grocery",1,1,0,"midday"
7,134,82,52,"weekend","beforelunch","unknown","unknown","grocery",0,1,0,"midday"
7,139,87,52,"weekday","beforelunch","travelling","hot","grocery",0,1,0,"midday"
7,140,88,52,"weekday","beforelunch","leisure","freezing","grocery",0,1,0,"midday"
7,142,90,52,"weekday","afternoon","working","cold","restaurant",0,1,0,"midday"
7,147,95,52,"weekend","lunch","travelling","freezing","restaurant",1,1,0,"midday"
7,150,98,52,"weekend","afternoon","leisure","freezing","restaurant",0,1,0,"midday"
7,151,99,52,"weekday","beforelunch","travelling","freezing","grocery",1,1,0,"midday"
7,153,101,52,"weekday","afternoon","working","cold","grocery",0,1,0,"midday"
7,155,103,52,"weekend","beforelunch","travelling","cold","restaurant",1,1,0,"midday"
7,156,104,52,"weekend","morning","travelling","unknown","restaurant",0,1,0,"morning"
7,160,108,52,"weekday","breakfast","travelling","cold","restaurant",0,1,0,"morning"
7,163,111,52,"weekend","earlymorning","unknown","freezing","grocery",0,1,0,"morning"
7,164,112,52,"weekend","lunch","unknown","cold","grocery",1,1,0,"midday"
7,166,114,52,"weekday","lunch","travelling","cold","grocery",0,1,1,"midday"
7,172,120,52,"weekend","afternoon","travelling","unknown","restaurant",0,1,1,"midday"
7,173,121,52,"weekday","afternoon","travelling","cold","grocery",1,1,1,"midday"
7,176,124,52,"weekday","afternoon","travelling","unknown","restaurant",0,1,1,"midday"
7,177,125,52,"weekend","evening","unknown","cold","restaurant",1,1,1,"night"
7,179,127,52,"weekday","afternoon","unknown","warm","grocery",0,1,1,"midday"
7,181,129,52,"weekday","afternoon","travelling","hot","restaurant",0,1,1,"midday"
7,182,130,52,"weekend","beforelunch","travelling","cold","grocery",0,1,1,"midday"
7,185,133,52,"weekday","lunch","travelling","warm","restaurant",0,1,1,"midday"
7,186,134,52,"weekday","afternoon","shopping","cold","restaurant",0,1,1,"midday"
7,189,137,52,"weekend","unknown","working","cold","grocery",0,1,1,"unknown"
7,195,143,52,"weekday","afternoon","working","freezing","restaurant",1,1,1,"midday"
7,200,148,52,"weekday","afternoon","travelling","freezing","restaurant",0,1,1,"midday"
7,205,153,52,"weekday","morning","unknown","cold","restaurant",0,1,1,"morning"
7,206,154,52,"weekday","beforelunch","travelling","warm","grocery",1,1,1,"midday"
7,207,155,52,"weekday","beforelunch","travelling","freezing","grocery",0,1,1,"midday"
7,209,157,52,"weekday","beforelunch","working","cold","restaurant",0,1,1,"midday"
7,210,158,52,"weekend","afternoon","travelling","cold","restaurant",0,1,1,"midday"
7,211,159,52,"weekend","lunch","travelling","freezing","grocery",0,1,1,"midday"
7,214,162,52,"weekday","breakfast","working","warm","restaurant",0,1,1,"morning"
7,218,166,52,"weekend","beforelunch","travelling","unknown","grocery",0,1,1,"midday"
7,221,169,52,"weekday","lunch","travelling","unknown","restaurant",0,1,1,"midday"
7,226,174,52,"weekday","lunch","unknown","warm","grocery",0,1,1,"midday"
7,230,178,52,"weekday","afternoon","leisure","freezing","restaurant",1,1,1,"midday"
7,235,183,52,"weekday","lunch","working","cold","grocery",0,1,1,"midday"
8,56,0,56,"weekday","beforelunch","unknown","cold","restaurant",0,0,0,"midday"
8,62,6,56,"weekday","afternoon","travelling","freezing","restaurant",0,0,0,"midday"
8,63,7,56,"weekday","lunch","travelling","cold","grocery",1,0,0,"midday"
8,65,9,56,"weekday","afternoon","working","cold","restaurant",0,0,0,"midday"
8,68,12,56,"weekend","afternoon","travelling","warm","grocery",0,0,0,"midday"
8,78,22,56,"weekday","beforelunch","unknown","cold","restaurant",1,0,0,"midday"
8,79,23,56,"weekday","lunch","travelling","cold","grocery",0,0,0,"midday"
8,86,30,56,"weekend","afternoon","travelling","unknown","grocery",0,0,0,"midday"
8,89,33,56,"weekday","morning","travelling","unknown","restaurant",1,0,0,"morning"
8,95,39,56,"weekday","morning","travelling","cold","restaurant",1,0,0,"morning"
8,96,40,56,"weekday","beforelunch","travelling","freezing","grocery",0,0,0,"midday"
8,97,41,56,"weekend","breakfast","working","cold","restaurant",0,0,0,"morning"
8,98,42,56,"weekday","unknown","shopping","freezing","restaurant",0,0,0,"unknown"
8,107,51,56,"weekday","morning","travelling","warm","grocery",1,0,0,"morning"
8,113,57,56,"weekday","lunch","working","warm","restaurant",0,1,0,"midday"
8,121,65,56,"weekday","lunch","leisure","unknown","grocery",0,1,0,"midday"
8,124,68,56,"weekday","afternoon","travelling","unknown","grocery",0,1,0,"midday"
8,128,72,56,"weekend","evening","travelling","unknown","restaurant",0,1,0,"night"
8,136,80,56,"weekend","earlymorning","travelling","warm","restaurant",1,1,0,"morning"
8,138,82,56,"weekday","beforelunch","travelling","cold","grocery",0,1,0,"midday"
8,143,87,56,"weekday","earlymorning","travelling","unknown","restaurant",1,1,0,"morning"
8,148,92,56,"weekday","afternoon","travelling","unknown","grocery",0,1,0,"midday"
8,165,109,56,"weekday","afternoon","working","unknown","grocery",0,1,0,"midday"
8,166,110,56,"weekday","afternoon","travelling","cold","grocery",0,1,0,"midday"
8,183,127,56,"weekday","afternoon","travelling","cold","restaurant",1,1,1,"midday"
8,185,129,56,"weekend","afternoon","leisure","unknown","restaurant",0,1,1,"midday"
8,190,134,56,"weekend","breakfast","travelling","freezing","restaurant",0,1,1,"morning"
8,197,141,56,"weekday","morning","shopping","unknown","restaurant",0,1,1,"morning"
8,201,145,56,"weekday","morning","travelling","warm","grocery",0,1,1,"morning"
8,202,146,56,"weekend","dinner","unknown","unknown","grocery",0,1,1,"night"
8,205,149,56,"weekday","afternoon","leisure","cold","grocery",1,1,1,"midday"
8,208,152,56,"weekday","afternoon","working","cold","grocery",0,1,1,"midday"
8,211,155,56,"weekday","afternoon","working","freezing","grocery",0,1,1,"midday"
8,213,157,56,"weekday","breakfast","workingout","unknown","grocery",1,1,1,"morning"
8,214,158,56,"weekday","beforelunch","travelling","unknown","grocery",0,1,1,"midday"
8,219,163,56,"weekday","afternoon","travelling","cold","grocery",0,1,1,"midday"
8,220,164,56,"weekend","afternoon","unknown","warm","restaurant",0,1,1,"midday"
8,233,177,56,"weekday","afternoon","working","freezing","restaurant",0,1,1,"midday"
8,235,179,56,"weekday","beforelunch","leisure","cold","restaurant",0,1,1,"midday"
9,62,1,61,"weekday","morning","unknown","freezing","grocery",1,0,0,"morning"
9,63,2,61,"weekend","afternoon","working","unknown","grocery",1,0,0,"midday"
9,64,3,61,"weekday","lunch","travelling","cold","grocery",0,0,0,"midday"
9,65,4,61,"weekday","lunch","unknown","cold","grocery",0,0,0,"midday"
9,69,8,61,"weekday","afternoon","travelling","freezing","restaurant",0,0,0,"midday"
9,71,10,61,"weekend","breakfast","travelling","warm","restaurant",0,0,0,"morning"
9,72,11,61,"weekday","breakfast","travelling","warm","grocery",0,0,0,"morning"
9,73,12,61,"weekend","beforelunch","shopping","warm","grocery",0,0,0,"midday"
9,74,13,61,"weekday","lunch","shopping","freezing","grocery",0,0,0,"midday"
9,76,15,61,"weekday","lunch","travelling","hot","grocery",0,0,0,"midday"
9,79,18,61,"weekday","morning","shopping","unknown","grocery",1,0,0,"morning"
9,80,19,61,"weekday","beforelunch","travelling","cold","restaurant",1,0,0,"midday"
9,81,20,61,"weekday","afternoon","travelling","unknown","restaurant",1,0,0,"midday"
9,82,21,61,"weekday","lunch","leisure","hot","restaurant",0,0,0,"midday"
9,84,23,61,"weekday","afternoon","shopping","freezing","grocery",1,0,0,"midday"
9,85,24,61,"weekend","afternoon","travelling","unknown","grocery",0,0,0,"midday"
9,91,30,61,"weekday","afternoon","housework","unknown","grocery",0,0,0,"midday"
9,95,34,61,"weekday","beforelunch","unknown","freezing","grocery",0,0,0,"midday"
9,96,35,61,"weekday","afternoon","travelling","freezing","grocery",1,0,0,"midday"
9,97,36,61,"weekday","night","travelling","cold","grocery",0,0,0,"night"
9,98,37,61,"weekend","lunch","travelling","freezing","restaurant",0,0,0,"midday"
9,100,39,61,"weekday","lunch","working","cold","grocery",0,0,0,"midday"
9,101,40,61,"weekday","breakfast","travelling","cold","restaurant",1,0,0,"morning"
9,102,41,61,"weekday","unknown","working","unknown","grocery",1,0,0,"unknown"
9,103,42,61,"weekday","afternoon","unknown","warm","restaurant",1,0,0,"midday"
9,104,43,61,"unknown","breakfast","travelling","warm","restaurant",0,0,0,"morning"
9,106,45,61,"weekday","breakfast","unknown","freezing","restaurant",0,0,0,"morning"
9,109,48,61,"weekday","breakfast","travelling","hot","restaurant",0,0,0,"morning"
9,110,49,61,"weekday","afternoon","working","cold","grocery",0,0,0,"midday"
9,111,50,61,"weekday","afternoon","travelling","cold","restaurant",0,0,0,"midday"
9,112,51,61,"weekday","breakfast","travelling","freezing","grocery",0,0,0,"morning"
9,113,52,61,"weekday","afternoon","travelling","warm","restaurant",0,0,0,"midday"
9,114,53,61,"weekday","dinner","travelling","freezing","grocery",0,0,0,"night"
9,115,54,61,"weekday","lunch","shopping","hot","restaurant",0,0,0,"midday"
9,116,55,61,"weekday","night","travelling","cold","grocery",0,0,0,"night"
9,117,56,61,"weekend","lunch","leisure","warm","restaurant",0,0,0,"midday"
9,119,58,61,"weekend","beforelunch","travelling","warm","grocery",0,1,0,"midday"
9,120,59,61,"weekday","afternoon","travelling","freezing","grocery",0,1,0,"midday"
9,122,61,61,"weekday","lunch","travelling","cold","grocery",0,1,0,"midday"
9,123,62,61,"weekday","afternoon","travelling","freezing","restaurant",1,1,0,"midday"
9,124,63,61,"weekday","lunch","travelling","freezing","restaurant",0,1,0,"midday"
9,125,64,61,"weekend","afternoon","travelling","unknown","grocery",0,1,0,"midday"
9,127,66,61,"weekday","dinner","travelling","warm","restaurant",0,1,0,"night"
9,128,67,61,"weekday","lunch","travelling","unknown","grocery",1,1,0,"midday"
9,129,68,61,"weekday","afternoon","travelling","warm","restaurant",1,1,0,"midday"
9,130,69,61,"weekend","afternoon","leisure","cold","restaurant",0,1,0,"midday"
9,132,71,61,"weekday","breakfast","travelling","freezing","restaurant",1,1,0,"morning"
9,133,72,61,"weekend","breakfast","travelling","cold","grocery",1,1,0,"morning"
9,134,73,61,"weekday","afternoon","unknown","unknown","restaurant",0,1,0,"midday"
9,136,75,61,"weekday","lunch","travelling","cold","grocery",0,1,0,"midday"
9,137,76,61,"weekend","beforelunch","travelling","hot","grocery",0,1,0,"midday"
9,138,77,61,"weekday","afternoon","working","cold","restaurant",1,1,0,"midday"
9,140,79,61,"weekday","lunch","leisure","unknown","restaurant",0,1,0,"midday"
9,141,80,61,"weekend","breakfast","unknown","cold","restaurant",1,1,0,"morning"
9,144,83,61,"weekday","beforelunch","leisure","freezing","grocery",0,1,0,"midday"
9,145,84,61,"weekday","lunch","travelling","unknown","restaurant",0,1,0,"midday"
9,146,85,61,"unknown","lunch","travelling","unknown","restaurant",0,1,0,"midday"
9,149,88,61,"weekend","lunch","travelling","cold","grocery",0,1,0,"midday"
9,151,90,61,"weekend","beforelunch","travelling","freezing","grocery",1,1,0,"midday"
9,152,91,61,"weekend","beforelunch","travelling","unknown","grocery",0,1,0,"midday"
9,154,93,61,"weekday","unknown","leisure","cold","restaurant",0,1,0,"unknown"
9,155,94,61,"weekday","morning","travelling","cold","grocery",0,1,0,"morning"
9,156,95,61,"weekday","evening","working","unknown","restaurant",0,1,0,"night"
9,157,96,61,"weekday","morning","travelling","cold","grocery",0,1,0,"morning"
9,158,97,61,"weekend","afternoon","travelling","warm","grocery",1,1,0,"midday"
9,159,98,61,"weekday","beforelunch","working","warm","grocery",1,1,0,"midday"
9,160,99,61,"weekday","breakfast","travelling","unknown","grocery",0,1,0,"morning"
9,162,101,61,"weekend","afternoon","travelling","cold","grocery",1,1,0,"midday"
9,164,103,61,"weekend","afternoon","travelling","freezing","grocery",0,1,0,"midday"
9,166,105,61,"weekday","afternoon","travelling","hot","restaurant",0,1,0,"midday"
9,167,106,61,"weekend","lunch","travelling","cold","grocery",0,1,0,"midday"
9,169,108,61,"weekday","dinner","leisure","cold","grocery",0,1,0,"night"
9,170,109,61,"weekday","afternoon","travelling","freezing","grocery",0,1,0,"midday"
9,171,110,61,"weekday","lunch","travelling","cold","grocery",1,1,0,"midday"
9,172,111,61,"weekday","beforelunch","working","unknown","restaurant",0,1,0,"midday"
9,174,113,61,"weekday","morning","travelling","cold","grocery",1,1,1,"morning"
9,175,114,61,"weekend","night","leisure","freezing","restaurant",1,1,1,"night"
9,176,115,61,"weekday","lunch","travelling","cold","grocery",1,1,1,"midday"
9,177,116,61,"weekday","lunch","shopping","hot","grocery",0,1,1,"midday"
9,178,117,61,"weekday","afternoon","shopping","cold","restaurant",0,1,1,"midday"
9,179,118,61,"weekday","night","travelling","warm","restaurant",0,1,1,"night"
9,180,119,61,"weekday","breakfast","travelling","cold","grocery",0,1,1,"morning"
9,181,120,61,"weekday","beforelunch","travelling","warm","restaurant",0,1,1,"midday"
9,182,121,61,"weekday","beforelunch","travelling","freezing","grocery",1,1,1,"midday"
9,183,122,61,"weekday","afternoon","travelling","freezing","grocery",1,1,1,"midday"
9,184,123,61,"weekend","breakfast","travelling","unknown","grocery",1,1,1,"morning"
9,185,124,61,"weekday","beforelunch","travelling","warm","grocery",1,1,1,"midday"
9,186,125,61,"unknown","afternoon","travelling","unknown","restaurant",0,1,1,"midday"
9,187,126,61,"weekend","afternoon","shopping","cold","restaurant",0,1,1,"midday"
9,188,127,61,"weekday","lunch","travelling","cold","restaurant",0,1,1,"midday"
9,189,128,61,"weekday","afternoon","travelling","freezing","grocery",1,1,1,"midday"
9,190,129,61,"weekday","latenight","travelling","freezing","restaurant",0,1,1,"night"
9,191,130,61,"weekday","breakfast","travelling","freezing","grocery",0,1,1,"morning"
9,193,132,61,"weekday","breakfast","travelling","cold","grocery",0,1,1,"morning"
9,194,133,61,"weekday","afternoon","travelling","freezing","grocery",0,1,1,"midday"
9,195,134,61,"weekend","morning","travelling","freezing","grocery",0,1,1,"morning"
9,198,137,61,"weekend","lunch","travelling","warm","grocery",0,1,1,"midday"
9,200,139,61,"weekday","lunch","unknown","cold","restaurant",0,1,1,"midday"
9,202,141,61,"weekend","lunch","travelling","warm","restaurant",0,1,1,"midday"
9,203,142,61,"weekday","night","travelling","freezing","grocery",0,1,1,"night"
9,204,143,61,"weekday","lunch","working","cold","grocery",1,1,1,"midday"
9,206,145,61,"weekday","afternoon","shopping","cold","grocery",1,1,1,"midday"
9,207,146,61,"weekday","beforelunch","travelling","unknown","grocery",0,1,1,"midday"
9,208,147,61,"weekday","earlymorning","travelling","unknown","grocery",1,1,1,"morning"
9,209,148,61,"weekday","afternoon","unknown","hot","grocery",1,1,1,"midday"
9,210,149,61,"unknown","lunch","travelling","freezing","restaurant",1,1,1,"midday"
9,211,150,61,"weekend","lunch","leisure","cold","restaurant",0,1,1,"midday"
9,212,151,61,"weekend","dinner","travelling","unknown","restaurant",0,1,1,"night"
9,213,152,61,"weekday","lunch","travelling","freezing","grocery",1,1,1,"midday"
9,215,154,61,"weekday","morning","unknown","freezing","grocery",0,1,1,"morning"
9,216,155,61,"weekday","lunch","unknown","unknown","grocery",1,1,1,"midday"
9,217,156,61,"weekday","earlymorning","leisure","freezing","grocery",0,1,1,"morning"
9,219,158,61,"weekday","afternoon","unknown","freezing","grocery",0,1,1,"midday"
9,222,161,61,"weekday","breakfast","travelling","unknown","grocery",0,1,1,"morning"
9,230,169,61,"weekday","beforelunch","unknown","cold","grocery",0,1,1,"midday"
9,231,170,61,"weekday","night","travelling","cold","restaurant",0,1,1,"night"
9,232,171,61,"weekday","beforelunch","working","freezing","grocery",0,1,1,"midday"
9,233,172,61,"weekday","beforelunch","travelling","freezing","grocery",0,1,1,"midday"
9,234,173,61,"weekend","afternoon","travelling","freezing","restaurant",0,1,1,"midday"
9,235,174,61,"weekday","earlymorning","travelling","unknown","restaurant",0,1,1,"morning"
9,236,175,61,"weekday","breakfast","travelling","unknown","grocery",1,1,1,"morning"
9,237,176,61,"weekday","lunch","unknown","hot","restaurant",0,1,1,"midday"
9,238,177,61,"weekday","beforelunch","travelling","unknown","grocery",1,1,1,"midday"
9,241,180,61,"weekday","breakfast","travelling","unknown","grocery",0,1,1,"morning"
10,66,1,65,"weekend","afternoon","shopping","freezing","restaurant",0,0,0,"midday"
10,70,5,65,"weekday","lunch","travelling","warm","restaurant",0,0,0,"midday"
10,73,8,65,"weekend","night","travelling","cold","restaurant",1,0,0,"night"
10,75,10,65,"weekday","dinner","shopping","cold","grocery",1,0,0,"night"
10,80,15,65,"weekday","morning","working","freezing","grocery",0,0,0,"morning"
10,86,21,65,"weekday","morning","travelling","unknown","restaurant",1,0,0,"morning"
10,92,27,65,"weekday","beforelunch","travelling","unknown","restaurant",0,0,0,"midday"
10,97,32,65,"weekend","breakfast","travelling","warm","restaurant",0,0,0,"morning"
10,106,41,65,"weekday","morning","working","unknown","restaurant",0,0,0,"morning"
10,111,46,65,"weekday","breakfast","unknown","cold","grocery",1,0,0,"morning"
10,112,47,65,"weekend","afternoon","working","unknown","restaurant",0,0,0,"midday"
10,117,52,65,"weekday","unknown","leisure","unknown","grocery",1,0,0,"unknown"
10,126,61,65,"weekday","lunch","travelling","freezing","grocery",1,1,0,"midday"
10,128,63,65,"weekday","lunch","morningrituals","unknown","restaurant",0,1,0,"midday"
10,129,64,65,"weekend","afternoon","leisure","warm","restaurant",0,1,0,"midday"
10,134,69,65,"weekday","breakfast","unknown","cold","restaurant",0,1,0,"morning"
10,135,70,65,"weekday","latenight","working","unknown","grocery",0,1,0,"night"
10,144,79,65,"weekday","breakfast","travelling","warm","grocery",0,1,0,"morning"
10,146,81,65,"weekday","beforelunch","shopping","freezing","restaurant",0,1,0,"midday"
10,150,85,65,"weekday","lunch","shopping","freezing","grocery",1,1,0,"midday"
10,155,90,65,"weekend","afternoon","unknown","warm","grocery",0,1,0,"midday"
10,157,92,65,"weekend","lunch","working","freezing","grocery",1,1,0,"midday"
10,164,99,65,"weekday","afternoon","leisure","warm","restaurant",0,1,0,"midday"
10,170,105,65,"weekday","beforelunch","travelling","freezing","grocery",0,1,0,"midday"
10,177,112,65,"weekday","breakfast","travelling","hot","restaurant",0,1,0,"morning"
10,185,120,65,"weekday","afternoon","travelling","cold","grocery",0,1,1,"midday"
10,191,126,65,"weekday","afternoon","travelling","cold","restaurant",0,1,1,"midday"
10,207,142,65,"weekday","lunch","travelling","warm","restaurant",0,1,1,"midday"
10,210,145,65,"weekday","lunch","travelling","unknown","restaurant",0,1,1,"midday"
10,221,156,65,"weekday","beforelunch","travelling","unknown","grocery",0,1,1,"midday"
10,225,160,65,"weekday","morning","travelling","freezing","restaurant",1,1,1,"morning"
10,229,164,65,"weekday","afternoon","unknown","freezing","restaurant",0,1,1,"midday"
10,232,167,65,"weekday","morning","travelling","unknown","restaurant",0,1,1,"morning"
10,236,171,65,"weekday","beforelunch","unknown","freezing","restaurant",1,1,1,"midday"
10,239,174,65,"weekday","beforelunch","unknown","warm","restaurant",0,1,1,"midday"
10,243,178,65,"weekday","lunch","travelling","cold","restaurant",1,1,1,"midday"
10,246,181,65,"weekday","afternoon","morningrituals","cold","grocery",0,1,1,"midday"
11,88,16,72,"weekday","lunch","travelling","cold","restaurant",1,0,0,"midday"
11,92,20,72,"weekday","earlymorning","travelling","warm","grocery",0,0,0,"morning"
11,105,33,72,"unknown","morning","travelling","cold","restaurant",1,0,0,"morning"
11,111,39,72,"weekday","earlymorning","travelling","unknown","restaurant",0,0,0,"morning"
11,114,42,72,"weekday","unknown","travelling","unknown","grocery",1,0,0,"unknown"
11,115,43,72,"weekend","afternoon","unknown","warm","grocery",0,0,0,"midday"
11,127,55,72,"weekend","afternoon","travelling","freezing","grocery",0,0,0,"midday"
11,137,65,72,"weekday","morning","travelling","warm","grocery",0,1,0,"morning"
11,154,82,72,"weekday","afternoon","travelling","hot","restaurant",0,1,0,"midday"
11,156,84,72,"weekday","afternoon","travelling","unknown","restaurant",0,1,0,"midday"
11,161,89,72,"weekday","unknown","working","warm","grocery",0,1,0,"unknown"
11,178,106,72,"weekday","morning","travelling","unknown","restaurant",0,1,0,"morning"
11,191,119,72,"weekday","afternoon","travelling","cold","grocery",1,1,1,"midday"
11,196,124,72,"weekday","afternoon","unknown","freezing","restaurant",1,1,1,"midday"
11,202,130,72,"weekday","afternoon","travelling","cold","grocery",1,1,1,"midday"
11,203,131,72,"weekday","lunch","travelling","cold","grocery",0,1,1,"midday"
11,207,135,72,"weekday","lunch","travelling","unknown","grocery",1,1,1,"midday"
11,219,147,72,"weekday","lunch","working","cold","grocery",0,1,1,"midday"
11,221,149,72,"weekend","morning","working","cold","grocery",0,1,1,"morning"
11,223,151,72,"weekend","afternoon","working","warm","restaurant",0,1,1,"midday"
11,227,155,72,"weekend","afternoon","workingout","warm","grocery",0,1,1,"midday"
11,231,159,72,"weekday","morning","travelling","unknown","restaurant",0,1,1,"morning"
11,244,172,72,"weekend","afternoon","travelling","cold","restaurant",1,1,1,"midday"
11,248,176,72,"weekend","morning","travelling","freezing","grocery",0,1,1,"morning"
11,249,177,72,"weekday","afternoon","travelling","hot","grocery",1,1,1,"midday"
12,82,0,82,"weekday","breakfast","working","cold","grocery",0,0,0,"morning"
12,84,2,82,"weekday","breakfast","travelling","cold","restaurant",0,0,0,"morning"
12,87,5,82,"weekday","beforelunch","travelling","cold","grocery",0,0,0,"midday"
12,91,9,82,"weekday","lunch","travelling","warm","restaurant",1,0,0,"midday"
12,92,10,82,"weekend","lunch","shopping","cold","restaurant",0,0,0,"midday"
12,95,13,82,"weekend","lunch","shopping","freezing","grocery",1,0,0,"midday"
12,104,22,82,"weekday","beforelunch","travelling","cold","grocery",1,0,0,"midday"
12,108,26,82,"weekday","lunch","travelling","freezing","grocery",1,0,0,"midday"
12,110,28,82,"weekday","lunch","travelling","warm","grocery",0,0,0,"midday"
12,111,29,82,"weekend","afternoon","travelling","warm","restaurant",0,0,0,"midday"
12,112,30,82,"weekday","morning","unknown","cold","restaurant",0,0,0,"morning"
12,116,34,82,"weekend","afternoon","leisure","unknown","grocery",0,0,0,"midday"
12,119,37,82,"weekday","afternoon","unknown","warm","restaurant",0,0,0,"midday"
12,126,44,82,"weekday","afternoon","workingout","cold","grocery",0,0,0,"midday"
12,127,45,82,"weekday","lunch","travelling","freezing","grocery",1,0,0,"midday"
12,129,47,82,"weekday","beforelunch","travelling","hot","restaurant",0,0,0,"midday"
12,130,48,82,"weekday","afternoon","travelling","unknown","restaurant",1,0,0,"midday"
12,132,50,82,"weekday","breakfast","shopping","warm","grocery",0,0,0,"morning"
12,133,51,82,"weekday","morning","travelling","freezing","grocery",0,0,0,"morning"
12,134,52,82,"weekday","morning","unknown","cold","grocery",1,0,0,"morning"
12,136,54,82,"weekday","afternoon","travelling","unknown","restaurant",0,0,0,"midday"
12,139,57,82,"weekday","lunch","travelling","cold","grocery",0,1,0,"midday"
12,142,60,82,"weekday","afternoon","travelling","cold","restaurant",1,1,0,"midday"
12,143,61,82,"weekend","morning","travelling","cold","grocery",1,1,0,"morning"
12,144,62,82,"weekend","afternoon","working","unknown","grocery",0,1,0,"midday"
12,145,63,82,"weekday","earlymorning","leisure","cold","restaurant",0,1,0,"morning"
12,147,65,82,"weekday","lunch","shopping","freezing","restaurant",1,1,0,"midday"
12,148,66,82,"weekday","lunch","travelling","warm","grocery",0,1,0,"midday"
12,151,69,82,"weekday","beforelunch","travelling","cold","grocery",0,1,0,"midday"
12,152,70,82,"weekday","lunch","travelling","cold","grocery",0,1,0,"midday"
12,154,72,82,"weekday","breakfast","travelling","cold","restaurant",1,1,0,"morning"
12,159,77,82,"weekday","breakfast","unknown","freezing","restaurant",0,1,0,"morning"
12,161,79,82,"unknown","evening","unknown","freezing","restaurant",1,1,0,"night"
12,162,80,82,"weekday","breakfast","workingout","freezing","grocery",0,1,0,"morning"
12,163,81,82,"weekend","beforelunch","working","cold","grocery",1,1,0,"midday"
12,166,84,82,"weekday","afternoon","leisure","warm","restaurant",0,1,0,"midday"
12,171,89,82,"weekday","lunch","working","cold","grocery",0,1,0,"midday"
12,172,90,82,"weekday","evening","travelling","freezing","grocery",1,1,0,"night"
12,173,91,82,"weekday","afternoon","unknown","cold","grocery",0,1,0,"midday"
12,177,95,82,"weekday","latenight","travelling","cold","grocery",1,1,0,"night"
12,181,99,82,"weekday","morning","travelling","unknown","restaurant",1,1,0,"morning"
12,189,107,82,"weekday","night","travelling","hot","grocery",0,1,0,"night"
12,199,117,82,"weekday","beforelunch","travelling","unknown","restaurant",0,1,1,"midday"
12,202,120,82,"weekend","beforelunch","unknown","unknown","grocery",0,1,1,"midday"
12,204,122,82,"weekday","lunch","travelling","unknown","restaurant",0,1,1,"midday"
12,205,123,82,"weekday","dinner","travelling","unknown","grocery",1,1,1,"night"
12,209,127,82,"weekday","lunch","travelling","warm","grocery",0,1,1,"midday"
12,214,132,82,"weekday","beforelunch","travelling","unknown","grocery",0,1,1,"midday"
12,216,134,82,"weekday","lunch","morningrituals","hot","restaurant",0,1,1,"midday"
12,218,136,82,"weekday","morning","travelling","cold","restaurant",0,1,1,"morning"
12,219,137,82,"weekend","lunch","working","warm","grocery",0,1,1,"midday"
12,220,138,82,"weekday","lunch","travelling","unknown","restaurant",0,1,1,"midday"
12,224,142,82,"weekday","lunch","unknown","warm","grocery",0,1,1,"midday"
12,230,148,82,"weekend","beforelunch","travelling","warm","grocery",0,1,1,"midday"
12,232,150,82,"weekday","lunch","travelling","unknown","restaurant",0,1,1,"midday"
12,234,152,82,"weekday","breakfast","working","warm","grocery",1,1,1,"morning"
12,236,154,82,"weekday","morning","leisure","freezing","grocery",0,1,1,"morning"
12,241,159,82,"weekday","beforelunch","travelling","cold","restaurant",0,1,1,"midday"
12,255,173,82,"unknown","lunch","morningrituals","cold","grocery",0,1,1,"midday"
12,256,174,82,"weekday","morning","travelling","freezing","restaurant",0,1,1,"morning"
12,258,176,82,"weekend","beforelunch","travelling","cold","grocery",1,1,1,"midday"
12,263,181,82,"weekday","lunch","travelling","cold","restaurant",1,1,1,"midday"
12,265,183,82,"weekend","afternoon","unknown","freezing","restaurant",0,1,1,"midday"
13,95,1,94,"weekday","beforelunch","travelling","freezing","restaurant",0,0,0,"midday"
13,96,2,94,"weekday","beforelunch","travelling","cold","restaurant",1,0,0,"midday"
13,100,6,94,"weekday","lunch","travelling","warm","restaurant",0,0,0,"midday"
13,101,7,94,"weekday","lunch","shopping","freezing","grocery",1,0,0,"midday"
13,104,10,94,"weekday","beforelunch","working","cold","restaurant",0,0,0,"midday"
13,109,15,94,"weekend","beforelunch","unknown","unknown","grocery",1,0,0,"midday"
13,110,16,94,"weekday","breakfast","travelling","freezing","grocery",0,0,0,"morning"
13,116,22,94,"weekday","unknown","morningrituals","freezing","restaurant",0,0,0,"unknown"
13,122,28,94,"weekday","afternoon","travelling","cold","grocery",0,0,0,"midday"
13,123,29,94,"weekday","afternoon","travelling","cold","restaurant",1,0,0,"midday"
13,126,32,94,"weekday","breakfast","shopping","hot","grocery",1,0,0,"morning"
13,128,34,94,"weekday","lunch","travelling","hot","grocery",1,0,0,"midday"
13,129,35,94,"weekend","lunch","unknown","unknown","restaurant",0,0,0,"midday"
13,130,36,94,"weekday","dinner","leisure","cold","restaurant",0,0,0,"night"
13,131,37,94,"weekday","beforelunch","morningrituals","freezing","restaurant",1,0,0,"midday"
13,135,41,94,"weekday","breakfast","travelling","freezing","grocery",0,0,0,"morning"
13,141,47,94,"weekday","afternoon","travelling","freezing","grocery",0,0,0,"midday"
13,146,52,94,"weekday","beforelunch","travelling","unknown","grocery",0,0,0,"midday"
13,150,56,94,"weekday","lunch","travelling","cold","restaurant",1,0,0,"midday"
13,151,57,94,"weekend","lunch","shopping","unknown","restaurant",0,1,0,"midday"
13,156,62,94,"weekday","lunch","travelling","unknown","grocery",0,1,0,"midday"
13,159,65,94,"weekend","afternoon","travelling","cold","grocery",0,1,0,"midday"
13,166,72,94,"weekday","lunch","travelling","cold","restaurant",0,1,0,"midday"
13,167,73,94,"weekend","breakfast","travelling","unknown","restaurant",0,1,0,"morning"
13,169,75,94,"weekend","afternoon","travelling","warm","grocery",0,1,0,"midday"
13,170,76,94,"unknown","lunch","unknown","cold","restaurant",0,1,0,"midday"
13,171,77,94,"weekend","afternoon","shopping","freezing","restaurant",0,1,0,"midday"
13,173,79,94,"weekday","lunch","travelling","cold","grocery",0,1,0,"midday"
13,175,81,94,"weekday","lunch","travelling","warm","grocery",0,1,0,"midday"
13,176,82,94,"weekday","lunch","travelling","hot","restaurant",0,1,0,"midday"
13,178,84,94,"weekday","lunch","unknown","unknown","grocery",1,1,0,"midday"
13,180,86,94,"weekday","afternoon","travelling","warm","restaurant",0,1,0,"midday"
13,182,88,94,"weekday","breakfast","travelling","cold","grocery",1,1,0,"morning"
13,184,90,94,"weekday","lunch","travelling","freezing","grocery",0,1,0,"midday"
13,185,91,94,"weekday","morning","working","freezing","restaurant",1,1,0,"morning"
13,186,92,94,"weekday","lunch","shopping","cold","grocery",0,1,0,"midday"
13,187,93,94,"weekend","breakfast","travelling","warm","restaurant",1,1,0,"morning"
13,190,96,94,"weekend","morning","unknown","freezing","restaurant",1,1,0,"morning"
13,191,97,94,"weekday","beforelunch","travelling","freezing","grocery",0,1,0,"midday"
13,193,99,94,"weekday","afternoon","travelling","freezing","restaurant",0,1,0,"midday"
13,196,102,94,"weekday","morning","travelling","freezing","grocery",0,1,0,"morning"
13,199,105,94,"weekday","afternoon","travelling","unknown","restaurant",0,1,0,"midday"
13,200,106,94,"weekend","beforelunch","unknown","unknown","grocery",0,1,0,"midday"
13,202,108,94,"weekend","breakfast","travelling","cold","restaurant",0,1,0,"morning"
13,203,109,94,"weekend","afternoon","unknown","unknown","restaurant",0,1,0,"midday"
13,206,112,94,"weekday","morning","shopping","hot","grocery",0,1,0,"morning"
13,207,113,94,"weekday","afternoon","travelling","freezing","grocery",0,1,1,"midday"
13,208,114,94,"weekday","afternoon","leisure","cold","restaurant",0,1,1,"midday"
13,209,115,94,"weekday","afternoon","unknown","cold","grocery",1,1,1,"midday"
13,210,116,94,"weekday","lunch","travelling","warm","restaurant",1,1,1,"midday"
13,213,119,94,"weekend","beforelunch","travelling","cold","grocery",1,1,1,"midday"
13,214,120,94,"weekday","breakfast","unknown","cold","restaurant",0,1,1,"morning"
13,215,121,94,"unknown","afternoon","travelling","warm","restaurant",1,1,1,"midday"
13,217,123,94,"weekday","dinner","leisure","freezing","restaurant",0,1,1,"night"
13,221,127,94,"weekday","beforelunch","shopping","freezing","grocery",0,1,1,"midday"
13,226,132,94,"weekday","earlymorning","morningrituals","hot","restaurant",0,1,1,"morning"
13,232,138,94,"weekday","afternoon","unknown","cold","grocery",1,1,1,"midday"
13,234,140,94,"weekend","beforelunch","travelling","unknown","restaurant",0,1,1,"midday"
13,235,141,94,"weekday","lunch","shopping","cold","restaurant",0,1,1,"midday"
13,236,142,94,"weekday","beforelunch","unknown","warm","grocery",1,1,1,"midday"
13,237,143,94,"weekend","dinner","travelling","unknown","restaurant",0,1,1,"night"
13,238,144,94,"weekday","night","travelling","warm","grocery",0,1,1,"night"
13,239,145,94,"weekday","morning","travelling","hot","grocery",0,1,1,"morning"
13,241,147,94,"weekday","earlymorning","unknown","unknown","grocery",0,1,1,"morning"
13,242,148,94,"weekday","dinner","unknown","unknown","restaurant",1,1,1,"night"
13,244,150,94,"weekend","morning","travelling","freezing","grocery",0,1,1,"morning"
13,245,151,94,"weekend","beforelunch","unknown","unknown","grocery",0,1,1,"midday"
13,247,153,94,"weekend","afternoon","working","unknown","restaurant",0,1,1,"midday"
13,248,154,94,"weekday","lunch","travelling","warm","restaurant",0,1,1,"midday"
13,251,157,94,"weekend","beforelunch","travelling","unknown","restaurant",0,1,1,"midday"
13,257,163,94,"weekday","morning","travelling","hot","grocery",0,1,1,"morning"
13,258,164,94,"weekend","beforelunch","travelling","warm","grocery",0,1,1,"midday"
13,260,166,94,"weekday","breakfast","leisure","freezing","grocery",0,1,1,"morning"
13,261,167,94,"weekday","lunch","travelling","cold","restaurant",0,1,1,"midday"
13,264,170,94,"weekend","lunch","travelling","freezing","grocery",0,1,1,"midday"
13,265,171,94,"weekday","afternoon","travelling","freezing","restaurant",0,1,1,"midday"
13,266,172,94,"weekday","beforelunch","travelling","warm","grocery",0,1,1,"midday"
13,269,175,94,"weekday","breakfast","travelling","warm","grocery",0,1,1,"morning"
13,270,176,94,"weekday","dinner","travelling","hot","grocery",0,1,1,"night"
13,272,178,94,"weekday","earlymorning","working","warm","restaurant",0,1,1,"morning"
13,273,179,94,"weekday","beforelunch","travelling","freezing","grocery",0,1,1,"midday"
13,275,181,94,"weekday","afternoon","travelling","cold","restaurant",0,1,1,"midday"
13,277,183,94,"weekday","lunch","shopping","cold","grocery",0,1,1,"midday"
14,97,2,95,"weekend","lunch","unknown","cold","restaurant",1,0,0,"midday"
14,112,17,95,"weekday","afternoon","travelling","unknown","grocery",0,0,0,"midday"
14,114,19,95,"weekday","breakfast","travelling","hot","grocery",0,0,0,"morning"
14,116,21,95,"weekday","lunch","travelling","cold","restaurant",1,0,0,"midday"
14,117,22,95,"weekday","afternoon","travelling","cold","grocery",1,0,0,"midday"
14,119,24,95,"weekend","breakfast","travelling","warm","grocery",0,0,0,"morning"
14,120,25,95,"weekday","afternoon","working","unknown","grocery",0,0,0,"midday"
14,122,27,95,"weekday","afternoon","travelling","freezing","grocery",0,0,0,"midday"
14,128,33,95,"weekday","lunch","travelling","freezing","restaurant",0,0,0,"midday"
14,129,34,95,"weekday","beforelunch","travelling","unknown","grocery",1,0,0,"midday"
14,133,38,95,"weekday","lunch","travelling","unknown","grocery",0,0,0,"midday"
14,147,52,95,"weekday","lunch","leisure","unknown","grocery",1,0,0,"midday"
14,148,53,95,"weekday","night","working","unknown","grocery",0,0,0,"night"
14,158,63,95,"weekend","breakfast","travelling","freezing","restaurant",1,1,0,"morning"
14,170,75,95,"weekday","afternoon","travelling","cold","restaurant",0,1,0,"midday"
14,176,81,95,"weekend","unknown","unknown","cold","restaurant",1,1,0,"unknown"
14,180,85,95,"weekday","breakfast","working","unknown","restaurant",0,1,0,"morning"
14,181,86,95,"weekday","lunch","travelling","freezing","restaurant",0,1,0,"midday"
14,191,96,95,"weekday","lunch","travelling","freezing","restaurant",0,1,0,"midday"
14,200,105,95,"weekday","breakfast","morningrituals","cold","restaurant",0,1,0,"morning"
14,211,116,95,"weekday","afternoon","shopping","freezing","restaurant",0,1,1,"midday"
14,220,125,95,"weekday","afternoon","working","cold","restaurant",1,1,1,"midday"
14,248,153,95,"weekend","lunch","travelling","cold","grocery",1,1,1,"midday"
14,269,174,95,"weekday","afternoon","travelling","unknown","restaurant",0,1,1,"midday"
14,271,176,95,"weekday","afternoon","travelling","cold","restaurant",0,1,1,"midday"
14,274,179,95,"weekend","afternoon","travelling","hot","restaurant",0,1,1,"midday"
14,278,183,95,"weekday","afternoon","travelling","hot","restaurant",1,1,1,"midday"
15,111,4,107,"weekday","lunch","travelling","unknown","restaurant",1,0,0,"midday"
15,114,7,107,"weekend","afternoon","travelling","cold","grocery",0,0,0,"midday"
15,115,8,107,"weekday","lunch","travelling","cold","grocery",0,0,0,"midday"
15,118,11,107,"weekend","breakfast","travelling","warm","grocery",1,0,0,"morning"
15,119,12,107,"weekday","afternoon","shopping","freezing","restaurant",0,0,0,"midday"
15,123,16,107,"weekday","afternoon","travelling","unknown","restaurant",0,0,0,"midday"
15,124,17,107,"weekend","lunch","unknown","cold","grocery",0,0,0,"midday"
15,125,18,107,"weekday","lunch","housework","freezing","grocery",0,0,0,"midday"
15,127,20,107,"weekday","afternoon","workingout","warm","grocery",1,0,0,"midday"
15,128,21,107,"weekday","lunch","travelling","freezing","restaurant",0,0,0,"midday"
15,129,22,107,"weekday","breakfast","unknown","freezing","grocery",0,0,0,"morning"
15,132,25,107,"weekday","afternoon","working","cold","grocery",0,0,0,"midday"
15,133,26,107,"weekday","afternoon","travelling","cold","restaurant",0,0,0,"midday"
15,135,28,107,"weekday","afternoon","shopping","warm","grocery",0,0,0,"midday"
15,136,29,107,"weekday","lunch","working","cold","restaurant",0,0,0,"midday"
15,137,30,107,"weekday","breakfast","travelling","warm","grocery",1,0,0,"morning"
15,140,33,107,"weekday","afternoon","travelling","hot","grocery",0,0,0,"midday"
15,141,34,107,"weekday","breakfast","travelling","warm","grocery",0,0,0,"morning"
15,142,35,107,"weekday","morning","shopping","unknown","grocery",1,0,0,"morning"
15,145,38,107,"weekend","lunch","travelling","warm","restaurant",0,0,0,"midday"
15,148,41,107,"weekday","lunch","unknown","cold","restaurant",0,0,0,"midday"
15,149,42,107,"weekday","beforelunch","travelling","cold","grocery",1,0,0,"midday"
15,150,43,107,"weekday","beforelunch","travelling","unknown","restaurant",1,0,0,"midday"
15,152,45,107,"weekday","earlymorning","travelling","warm","restaurant",0,0,0,"morning"
15,153,46,107,"weekend","breakfast","leisure","unknown","grocery",0,0,0,"morning"
15,155,48,107,"weekday","breakfast","travelling","hot","grocery",0,0,0,"morning"
15,156,49,107,"weekend","evening","travelling","cold","restaurant",0,0,0,"night"
15,159,52,107,"weekday","afternoon","travelling","cold","restaurant",0,0,0,"midday"
15,160,53,107,"weekend","breakfast","travelling","unknown","grocery",1,0,0,"morning"
15,163,56,107,"weekday","afternoon","shopping","warm","grocery",1,0,0,"midday"
15,164,57,107,"weekday","unknown","travelling","warm","restaurant",0,1,0,"unknown"
15,165,58,107,"weekend","afternoon","working","hot","restaurant",0,1,0,"midday"
15,166,59,107,"weekday","afternoon","travelling","unknown","grocery",1,1,0,"midday"
15,167,60,107,"weekend","afternoon","unknown","freezing","grocery",0,1,0,"midday"
15,168,61,107,"weekend","night","travelling","unknown","grocery",0,1,0,"night"
15,171,64,107,"weekday","beforelunch","working","hot","grocery",0,1,0,"midday"
15,176,69,107,"weekday","earlymorning","working","warm","grocery",1,1,0,"morning"
15,178,71,107,"weekday","earlymorning","travelling","warm","restaurant",0,1,0,"morning"
15,183,76,107,"weekday","lunch","travelling","hot","grocery",0,1,0,"midday"
15,185,78,107,"weekday","beforelunch","travelling","cold","restaurant",0,1,0,"midday"
15,187,80,107,"weekday","morning","morningrituals","warm","grocery",0,1,0,"morning"
15,190,83,107,"weekday","lunch","travelling","cold","restaurant",0,1,0,"midday"
15,191,84,107,"weekday","beforelunch","workingout","freezing","restaurant",0,1,0,"midday"
15,192,85,107,"weekday","afternoon","shopping","cold","restaurant",1,1,0,"midday"
15,194,87,107,"weekend","dinner","travelling","unknown","restaurant",0,1,0,"night"
15,195,88,107,"weekday","afternoon","travelling","warm","restaurant",1,1,0,"midday"
15,196,89,107,"weekday","afternoon","travelling","cold","grocery",0,1,0,"midday"
15,198,91,107,"weekday","breakfast","unknown","cold","restaurant",0,1,0,"morning"
15,200,93,107,"weekday","beforelunch","travelling","cold","restaurant",1,1,0,"midday"
15,203,96,107,"weekday","beforelunch","working","freezing","grocery",0,1,0,"midday"
15,204,97,107,"weekday","earlymorning","travelling","hot","restaurant",0,1,0,"morning"
15,205,98,107,"weekend","beforelunch","travelling","warm","grocery",0,1,0,"midday"
15,206,99,107,"weekday","afternoon","travelling","freezing","grocery",0,1,0,"midday"
15,207,100,107,"weekday","lunch","travelling","cold","grocery",0,1,0,"midday"
15,210,103,107,"weekend","afternoon","travelling","hot","restaurant",0,1,0,"midday"
15,215,108,107,"weekday","beforelunch","travelling","cold","grocery",0,1,0,"midday"
15,217,110,107,"weekend","afternoon","travelling","cold","grocery",1,1,0,"midday"
15,218,111,107,"weekend","afternoon","shopping","cold","grocery",0,1,0,"midday"
15,222,115,107,"weekday","afternoon","travelling","hot","grocery",0,1,1,"midday"
15,224,117,107,"weekday","afternoon","travelling","cold","restaurant",0,1,1,"midday"
15,227,120,107,"weekend","beforelunch","working","cold","restaurant",0,1,1,"midday"
15,228,121,107,"weekend","breakfast","travelling","freezing","grocery",1,1,1,"morning"
15,229,122,107,"weekday","lunch","shopping","cold","restaurant",0,1,1,"midday"
15,231,124,107,"weekday","afternoon","unknown","unknown","restaurant",0,1,1,"midday"
15,232,125,107,"weekday","lunch","travelling","cold","restaurant",0,1,1,"midday"
15,233,126,107,"weekday","beforelunch","travelling","warm","grocery",0,1,1,"midday"
15,234,127,107,"weekday","lunch","unknown","freezing","restaurant",0,1,1,"midday"
15,238,131,107,"weekday","afternoon","travelling","freezing","restaurant",0,1,1,"midday"
15,239,132,107,"weekday","evening","travelling","warm","grocery",0,1,1,"night"
15,241,134,107,"weekday","afternoon","shopping","cold","restaurant",0,1,1,"midday"
15,243,136,107,"weekday","afternoon","working","cold","grocery",0,1,1,"midday"
15,245,138,107,"weekday","breakfast","unknown","freezing","restaurant",1,1,1,"morning"
15,250,143,107,"weekday","night","travelling","unknown","restaurant",0,1,1,"night"
15,252,145,107,"weekday","lunch","travelling","unknown","restaurant",0,1,1,"midday"
15,255,148,107,"weekend","beforelunch","travelling","warm","restaurant",1,1,1,"midday"
15,256,149,107,"weekday","morning","working","hot","restaurant",0,1,1,"morning"
15,257,150,107,"weekend","lunch","shopping","freezing","grocery",1,1,1,"midday"
15,258,151,107,"weekday","night","leisure","cold","grocery",0,1,1,"night"
15,261,154,107,"weekday","afternoon","travelling","cold","grocery",0,1,1,"midday"
15,262,155,107,"weekend","afternoon","unknown","freezing","grocery",0,1,1,"midday"
15,264,157,107,"weekday","lunch","travelling","warm","grocery",0,1,1,"midday"
15,266,159,107,"weekend","beforelunch","working","freezing","grocery",1,1,1,"midday"
15,267,160,107,"weekday","earlymorning","leisure","hot","grocery",1,1,1,"morning"
15,268,161,107,"weekday","lunch","travelling","freezing","grocery",0,1,1,"midday"
15,269,162,107,"weekend","lunch","travelling","hot","grocery",0,1,1,"midday"
15,271,164,107,"weekend","breakfast","travelling","warm","grocery",0,1,1,"morning"
15,273,166,107,"weekday","afternoon","travelling","freezing","restaurant",0,1,1,"midday"
15,276,169,107,"weekday","dinner","unknown","unknown","restaurant",1,1,1,"night"
15,279,172,107,"weekend","afternoon","unknown","freezing","restaurant",0,1,1,"midday"
15,280,173,107,"weekend","lunch","travelling","cold","grocery",1,1,1,"midday"
15,284,177,107,"weekday","lunch","morningrituals","freezing","restaurant",1,1,1,"midday"
15,285,178,107,"weekday","morning","travelling","warm","grocery",0,1,1,"morning"
15,286,179,107,"weekday","beforelunch","travelling","warm","restaurant",0,1,1,"midday"
15,288,181,107,"weekday","dinner","travelling","freezing","grocery",0,1,1,"night"
15,289,182,107,"weekday","beforelunch","travelling","freezing","restaurant",0,1,1,"midday"
15,290,183,107,"weekday","morning","unknown","hot","restaurant",0,1,1,"morning"
16,112,0,112,"weekday","night","travelling","freezing","restaurant",0,0,0,"night"
16,113,1,112,"weekend","morning","travelling","freezing","restaurant",0,0,0,"morning"
16,115,3,112,"weekend","breakfast","travelling","freezing","restaurant",0,0,0,"morning"
16,116,4,112,"weekday","afternoon","travelling","cold","grocery",0,0,0,"midday"
16,117,5,112,"weekday","beforelunch","travelling","cold","grocery",1,0,0,"midday"
16,119,7,112,"weekend","earlymorning","travelling","hot","restaurant",1,0,0,"morning"
16,121,9,112,"weekday","beforelunch","travelling","cold","grocery",0,0,0,"midday"
16,122,10,112,"weekday","afternoon","travelling","freezing","restaurant",0,0,0,"midday"
16,123,11,112,"weekday","lunch","travelling","cold","restaurant",0,0,0,"midday"
16,125,13,112,"weekday","lunch","travelling","freezing","grocery",0,0,0,"midday"
16,126,14,112,"weekday","lunch","travelling","unknown","restaurant",0,0,0,"midday"
16,127,15,112,"weekday","lunch","travelling","freezing","grocery",0,0,0,"midday"
16,128,16,112,"weekday","lunch","travelling","cold","grocery",1,0,0,"midday"
16,130,18,112,"weekday","beforelunch","travelling","cold","restaurant",0,0,0,"midday"
16,131,19,112,"weekday","afternoon","travelling","freezing","restaurant",0,0,0,"midday"
16,133,21,112,"weekday","dinner","travelling","unknown","restaurant",1,0,0,"night"
16,136,24,112,"weekend","lunch","morningrituals","unknown","grocery",0,0,0,"midday"
16,137,25,112,"weekday","afternoon","shopping","cold","grocery",1,0,0,"midday"
16,139,27,112,"weekday","beforelunch","unknown","unknown","restaurant",0,0,0,"midday"
16,140,28,112,"weekday","morning","working","warm","restaurant",0,0,0,"morning"
16,143,31,112,"weekday","morning","unknown","unknown","restaurant",0,0,0,"morning"
16,144,32,112,"weekday","lunch","unknown","freezing","restaurant",1,0,0,"midday"
16,145,33,112,"weekday","morning","travelling","unknown","restaurant",0,0,0,"morning"
16,146,34,112,"weekday","beforelunch","travelling","cold","restaurant",1,0,0,"midday"
16,147,35,112,"weekday","lunch","travelling","unknown","grocery",1,0,0,"midday"
16,149,37,112,"weekend","breakfast","travelling","cold","grocery",0,0,0,"morning"
16,150,38,112,"weekend","night","working","freezing","grocery",0,0,0,"night"
16,151,39,112,"weekend","breakfast","travelling","freezing","restaurant",0,0,0,"morning"
16,152,40,112,"weekday","beforelunch","leisure","freezing","grocery",1,0,0,"midday"
16,154,42,112,"weekday","afternoon","travelling","warm","grocery",0,0,0,"midday"
16,155,43,112,"weekday","afternoon","travelling","warm","grocery",1,0,0,"midday"
16,156,44,112,"weekday","lunch","leisure","cold","restaurant",1,0,0,"midday"
16,157,45,112,"weekday","beforelunch","unknown","warm","grocery",0,0,0,"midday"
16,158,46,112,"weekday","beforelunch","travelling","unknown","restaurant",0,0,0,"midday"
16,159,47,112,"weekday","afternoon","unknown","freezing","grocery",1,0,0,"midday"
16,160,48,112,"weekday","dinner","travelling","hot","restaurant",0,0,0,"night"
16,161,49,112,"unknown","afternoon","unknown","cold","restaurant",1,0,0,"midday"
16,162,50,112,"weekend","breakfast","unknown","warm","grocery",0,0,0,"morning"
16,165,53,112,"weekend","afternoon","unknown","cold","restaurant",0,0,0,"midday"
16,166,54,112,"weekday","lunch","leisure","warm","grocery",1,0,0,"midday"
16,167,55,112,"weekday","beforelunch","travelling","cold","restaurant",1,0,0,"midday"
16,168,56,112,"weekday","afternoon","travelling","cold","restaurant",0,0,0,"midday"
16,169,57,112,"weekday","breakfast","travelling","unknown","restaurant",1,1,0,"morning"
16,170,58,112,"weekday","beforelunch","travelling","cold","grocery",0,1,0,"midday"
16,171,59,112,"weekday","lunch","unknown","freezing","restaurant",0,1,0,"midday"
16,172,60,112,"weekday","afternoon","unknown","warm","restaurant",0,1,0,"midday"
16,173,61,112,"weekday","dinner","travelling","warm","restaurant",0,1,0,"night"
16,174,62,112,"weekday","lunch","travelling","unknown","grocery",0,1,0,"midday"
16,175,63,112,"weekday","breakfast","unknown","warm","grocery",1,1,0,"morning"
16,176,64,112,"weekend","morning","travelling","cold","restaurant",1,1,0,"morning"
16,178,66,112,"weekday","afternoon","unknown","freezing","restaurant",0,1,0,"midday"
16,180,68,112,"weekday","afternoon","working","hot","grocery",0,1,0,"midday"
16,181,69,112,"weekday","lunch","unknown","unknown","restaurant",0,1,0,"midday"
16,183,71,112,"weekday","breakfast","travelling","warm","grocery",0,1,0,"morning"
16,184,72,112,"weekday","morning","travelling","warm","grocery",1,1,0,"morning"
16,185,73,112,"weekday","lunch","unknown","cold","grocery",0,1,0,"midday"
16,186,74,112,"weekday","beforelunch","travelling","unknown","grocery",1,1,0,"midday"
16,187,75,112,"weekday","morning","travelling","freezing","grocery",0,1,0,"morning"
16,188,76,112,"weekend","dinner","travelling","hot","restaurant",0,1,0,"night"
16,189,77,112,"weekday","afternoon","travelling","cold","restaurant",0,1,0,"midday"
16,190,78,112,"weekend","beforelunch","unknown","cold","grocery",0,1,0,"midday"
16,191,79,112,"weekday","lunch","shopping","cold","grocery",1,1,0,"midday"
16,193,81,112,"weekday","afternoon","working","cold","restaurant",1,1,0,"midday"
16,195,83,112,"weekday","afternoon","travelling","freezing","grocery",1,1,0,"midday"
16,196,84,112,"weekday","lunch","working","hot","restaurant",0,1,0,"midday"
16,198,86,112,"weekend","breakfast","travelling","warm","restaurant",0,1,0,"morning"
16,199,87,112,"weekend","afternoon","travelling","hot","restaurant",1,1,0,"midday"
16,204,92,112,"weekend","afternoon","travelling","cold","grocery",1,1,0,"midday"
16,205,93,112,"weekday","evening","leisure","freezing","grocery",0,1,0,"night"
16,206,94,112,"weekday","morning","working","unknown","grocery",0,1,0,"morning"
16,207,95,112,"weekday","lunch","travelling","warm","restaurant",0,1,0,"midday"
16,208,96,112,"weekend","afternoon","travelling","freezing","restaurant",1,1,0,"midday"
16,211,99,112,"weekday","lunch","travelling","warm","grocery",0,1,0,"midday"
16,212,100,112,"weekday","evening","travelling","hot","grocery",0,1,0,"night"
16,213,101,112,"weekday","beforelunch","travelling","hot","restaurant",0,1,0,"midday"
16,216,104,112,"weekday","beforelunch","travelling","cold","restaurant",1,1,0,"midday"
16,217,105,112,"weekday","beforelunch","travelling","cold","restaurant",0,1,0,"midday"
16,218,106,112,"weekday","afternoon","travelling","freezing","grocery",1,1,0,"midday"
16,219,107,112,"weekday","lunch","morningrituals","warm","restaurant",0,1,0,"midday"
16,221,109,112,"weekday","beforelunch","leisure","freezing","grocery",0,1,0,"midday"
16,223,111,112,"weekday","beforelunch","unknown","cold","grocery",0,1,0,"midday"
16,225,113,112,"weekend","night","travelling","unknown","grocery",0,1,1,"night"
16,226,114,112,"weekday","afternoon","unknown","warm","restaurant",1,1,1,"midday"
16,228,116,112,"weekday","lunch","morningrituals","hot","grocery",0,1,1,"midday"
16,229,117,112,"weekday","lunch","working","freezing","grocery",0,1,1,"midday"
16,232,120,112,"weekday","afternoon","travelling","cold","restaurant",0,1,1,"midday"
16,233,121,112,"unknown","morning","travelling","warm","restaurant",1,1,1,"morning"
16,234,122,112,"weekend","afternoon","travelling","cold","grocery",1,1,1,"midday"
16,235,123,112,"weekday","lunch","travelling","warm","grocery",0,1,1,"midday"
16,236,124,112,"weekday","earlymorning","unknown","freezing","grocery",0,1,1,"morning"
16,238,126,112,"weekday","dinner","unknown","unknown","grocery",1,1,1,"night"
16,240,128,112,"weekday","morning","travelling","unknown","grocery",0,1,1,"morning"
16,241,129,112,"weekend","afternoon","working","unknown","grocery",1,1,1,"midday"
16,244,132,112,"weekday","evening","unknown","unknown","grocery",0,1,1,"night"
16,245,133,112,"weekday","afternoon","travelling","freezing","grocery",0,1,1,"midday"
16,253,141,112,"weekday","beforelunch","leisure","unknown","grocery",0,1,1,"midday"
16,255,143,112,"weekend","afternoon","travelling","cold","grocery",1,1,1,"midday"
16,258,146,112,"weekday","lunch","shopping","unknown","restaurant",0,1,1,"midday"
16,259,147,112,"weekday","afternoon","working","freezing","grocery",1,1,1,"midday"
16,260,148,112,"unknown","morning","working","cold","restaurant",1,1,1,"morning"
16,261,149,112,"weekday","lunch","travelling","hot","restaurant",0,1,1,"midday"
16,264,152,112,"weekday","afternoon","travelling","hot","grocery",0,1,1,"midday"
16,265,153,112,"weekend","afternoon","shopping","hot","restaurant",0,1,1,"midday"
16,267,155,112,"weekday","beforelunch","travelling","hot","grocery",0,1,1,"midday"
16,270,158,112,"weekend","beforelunch","travelling","cold","restaurant",1,1,1,"midday"
16,273,161,112,"weekday","dinner","travelling","cold","grocery",1,1,1,"night"
16,274,162,112,"weekday","unknown","travelling","unknown","restaurant",0,1,1,"unknown"
16,275,163,112,"weekend","afternoon","shopping","freezing","grocery",0,1,1,"midday"
16,276,164,112,"weekend","breakfast","working","freezing","restaurant",0,1,1,"morning"
16,277,165,112,"weekday","beforelunch","leisure","hot","restaurant",0,1,1,"midday"
16,278,166,112,"weekend","lunch","unknown","warm","grocery",1,1,1,"midday"
16,279,167,112,"weekend","beforelunch","travelling","unknown","grocery",0,1,1,"midday"
16,280,168,112,"weekday","afternoon","unknown","unknown","restaurant",1,1,1,"midday"
16,281,169,112,"weekday","afternoon","unknown","cold","grocery",1,1,1,"midday"
16,282,170,112,"weekday","lunch","travelling","warm","grocery",1,1,1,"midday"
16,283,171,112,"weekend","morning","morningrituals","freezing","grocery",0,1,1,"morning"
16,284,172,112,"weekday","morning","travelling","freezing","grocery",1,1,1,"morning"
16,285,173,112,"weekday","breakfast","travelling","freezing","restaurant",0,1,1,"morning"
16,289,177,112,"weekday","dinner","travelling","freezing","grocery",0,1,1,"night"
16,290,178,112,"weekday","lunch","leisure","unknown","grocery",0,1,1,"midday"
16,291,179,112,"weekday","breakfast","travelling","unknown","restaurant",1,1,1,"morning"
16,292,180,112,"weekday","afternoon","travelling","cold","grocery",0,1,1,"midday"
16,293,181,112,"weekend","lunch","travelling","unknown","restaurant",0,1,1,"midday"
16,294,182,112,"weekend","beforelunch","travelling","cold","grocery",0,1,1,"midday"
17,115,2,113,"weekend","breakfast","unknown","warm","grocery",1,0,0,"morning"
17,117,4,113,"weekday","morning","working","cold","restaurant",0,0,0,"morning"
17,119,6,113,"weekend","lunch","travelling","cold","restaurant",1,0,0,"midday"
17,129,16,113,"weekday","morning","travelling","cold","grocery",0,0,0,"morning"
17,138,25,113,"weekday","lunch","travelling","cold","grocery",0,0,0,"midday"
17,141,28,113,"weekend","morning","working","unknown","grocery",0,0,0,"morning"
17,143,30,113,"weekend","evening","travelling","cold","grocery",1,0,0,"night"
17,145,32,113,"weekday","afternoon","working","warm","grocery",1,0,0,"midday"
17,149,36,113,"weekday","beforelunch","travelling","freezing","restaurant",0,0,0,"midday"
17,150,37,113,"weekend","lunch","unknown","cold","grocery",1,0,0,"midday"
17,154,41,113,"weekday","afternoon","travelling","cold","restaurant",1,0,0,"midday"
17,155,42,113,"weekday","morning","unknown","unknown","restaurant",1,0,0,"morning"
17,157,44,113,"weekday","beforelunch","travelling","cold","grocery",0,0,0,"midday"
17,158,45,113,"weekday","afternoon","travelling","cold","restaurant",0,0,0,"midday"
17,159,46,113,"weekday","lunch","housework","warm","grocery",0,0,0,"midday"
17,163,50,113,"weekday","night","travelling","unknown","restaurant",0,0,0,"night"
17,166,53,113,"weekday","afternoon","working","cold","grocery",0,0,0,"midday"
17,170,57,113,"weekend","lunch","travelling","warm","grocery",0,1,0,"midday"
17,179,66,113,"weekday","afternoon","travelling","unknown","restaurant",1,1,0,"midday"
17,181,68,113,"weekday","beforelunch","travelling","unknown","restaurant",0,1,0,"midday"
17,184,71,113,"weekday","breakfast","leisure","warm","restaurant",0,1,0,"morning"
17,188,75,113,"weekday","unknown","travelling","hot","restaurant",0,1,0,"unknown"
17,196,83,113,"weekday","dinner","travelling","warm","restaurant",0,1,0,"night"
17,197,84,113,"weekday","lunch","travelling","unknown","restaurant",1,1,0,"midday"
17,199,86,113,"weekend","beforelunch","travelling","cold","restaurant",0,1,0,"midday"
17,203,90,113,"weekday","breakfast","travelling","unknown","restaurant",0,1,0,"morning"
17,204,91,113,"weekday","dinner","travelling","hot","restaurant",0,1,0,"night"
17,206,93,113,"weekday","afternoon","unknown","unknown","grocery",0,1,0,"midday"
17,207,94,113,"weekday","lunch","travelling","warm","restaurant",1,1,0,"midday"
17,208,95,113,"weekday","lunch","working","hot","restaurant",0,1,0,"midday"
17,222,109,113,"weekend","afternoon","unknown","cold","restaurant",0,1,0,"midday"
17,227,114,113,"weekday","afternoon","travelling","unknown","restaurant",0,1,1,"midday"
17,228,115,113,"weekend","afternoon","unknown","warm","restaurant",0,1,1,"midday"
17,229,116,113,"weekday","breakfast","travelling","unknown","restaurant",0,1,1,"morning"
17,234,121,113,"unknown","beforelunch","shopping","cold","grocery",1,1,1,"midday"
17,239,126,113,"weekday","lunch","working","warm","grocery",0,1,1,"midday"
17,245,132,113,"weekday","morning","travelling","unknown","grocery",0,1,1,"morning"
17,254,141,113,"weekday","breakfast","shopping","warm","restaurant",0,1,1,"morning"
17,257,144,113,"unknown","breakfast","unknown","warm","restaurant",0,1,1,"morning"
17,264,151,113,"weekday","earlymorning","unknown","unknown","grocery",0,1,1,"morning"
17,265,152,113,"weekday","morning","travelling","freezing","restaurant",0,1,1,"morning"
17,266,153,113,"weekday","afternoon","leisure","cold","restaurant",0,1,1,"midday"
17,268,155,113,"weekday","beforelunch","leisure","warm","grocery",0,1,1,"midday"
17,271,158,113,"weekend","earlymorning","working","cold","grocery",0,1,1,"morning"
17,272,159,113,"weekend","afternoon","travelling","freezing","grocery",0,1,1,"midday"
17,274,161,113,"weekend","afternoon","travelling","freezing","restaurant",0,1,1,"midday"
17,281,168,113,"weekday","unknown","unknown","warm","restaurant",0,1,1,"unknown"
17,284,171,113,"weekend","afternoon","leisure","warm","grocery",1,1,1,"midday"
17,293,180,113,"weekend","evening","travelling","warm","restaurant",0,1,1,"night"
17,295,182,113,"weekend","afternoon","travelling","freezing","grocery",0,1,1,"midday"
18,115,0,115,"weekday","lunch","travelling","freezing","restaurant",0,0,0,"midday"
18,130,15,115,"weekend","afternoon","travelling","cold","grocery",0,0,0,"midday"
18,132,17,115,"weekday","afternoon","unknown","hot","grocery",0,0,0,"midday"
18,145,30,115,"weekend","afternoon","travelling","cold","restaurant",0,0,0,"midday"
18,149,34,115,"weekday","breakfast","shopping","freezing","restaurant",1,0,0,"morning"
18,154,39,115,"weekend","lunch","travelling","freezing","grocery",1,0,0,"midday"
18,155,40,115,"weekend","earlymorning","travelling","cold","restaurant",1,0,0,"morning"
18,157,42,115,"weekday","earlymorning","working","cold","grocery",0,0,0,"morning"
18,159,44,115,"weekday","afternoon","travelling","freezing","grocery",0,0,0,"midday"
18,165,50,115,"weekend","afternoon","travelling","unknown","restaurant",1,0,0,"midday"
18,168,53,115,"weekday","lunch","shopping","cold","restaurant",0,0,0,"midday"
18,170,55,115,"weekday","afternoon","unknown","cold","grocery",1,0,0,"midday"
18,171,56,115,"weekday","beforelunch","travelling","unknown","restaurant",0,0,0,"midday"
18,172,57,115,"weekday","night","travelling","unknown","restaurant",0,1,0,"night"
18,176,61,115,"weekday","lunch","travelling","freezing","restaurant",1,1,0,"midday"
18,182,67,115,"weekday","dinner","travelling","unknown","restaurant",0,1,0,"night"
18,185,70,115,"unknown","afternoon","working","cold","restaurant",0,1,0,"midday"
18,186,71,115,"weekday","lunch","travelling","unknown","grocery",0,1,0,"midday"
18,187,72,115,"weekday","dinner","working","hot","restaurant",0,1,0,"night"
18,189,74,115,"weekend","afternoon","travelling","freezing","grocery",0,1,0,"midday"
18,190,75,115,"weekday","lunch","travelling","cold","restaurant",0,1,0,"midday"
18,197,82,115,"weekday","lunch","shopping","hot","grocery",0,1,0,"midday"
18,198,83,115,"weekday","beforelunch","travelling","freezing","grocery",0,1,0,"midday"
18,204,89,115,"weekday","breakfast","travelling","warm","restaurant",1,1,0,"morning"
18,205,90,115,"weekday","afternoon","travelling","unknown","grocery",1,1,0,"midday"
18,219,104,115,"weekday","morning","travelling","unknown","grocery",0,1,0,"morning"
18,220,105,115,"weekday","night","unknown","cold","restaurant",0,1,0,"night"
18,222,107,115,"weekday","afternoon","travelling","freezing","grocery",1,1,0,"midday"
18,223,108,115,"weekend","breakfast","travelling","freezing","restaurant",0,1,0,"morning"
18,224,109,115,"weekend","afternoon","travelling","unknown","grocery",1,1,0,"midday"
18,228,113,115,"weekday","earlymorning","travelling","cold","grocery",1,1,1,"morning"
18,230,115,115,"weekday","beforelunch","morningrituals","freezing","restaurant",0,1,1,"midday"
18,232,117,115,"weekday","lunch","unknown","freezing","grocery",0,1,1,"midday"
18,247,132,115,"weekday","lunch","unknown","warm","grocery",0,1,1,"midday"
18,248,133,115,"weekday","dinner","travelling","warm","restaurant",0,1,1,"night"
18,249,134,115,"weekday","afternoon","travelling","freezing","grocery",0,1,1,"midday"
18,251,136,115,"weekday","lunch","travelling","cold","grocery",1,1,1,"midday"
18,252,137,115,"weekday","lunch","travelling","unknown","restaurant",0,1,1,"midday"
18,254,139,115,"weekend","afternoon","travelling","freezing","grocery",0,1,1,"midday"
18,256,141,115,"weekday","afternoon","travelling","warm","grocery",0,1,1,"midday"
18,262,147,115,"weekday","afternoon","travelling","freezing","grocery",0,1,1,"midday"
18,264,149,115,"weekday","afternoon","travelling","warm","grocery",0,1,1,"midday"
18,267,152,115,"weekend","breakfast","shopping","hot","grocery",0,1,1,"morning"
18,276,161,115,"weekday","afternoon","unknown","freezing","grocery",1,1,1,"midday"
18,281,166,115,"weekday","lunch","unknown","unknown","restaurant",0,1,1,"midday"
18,282,167,115,"weekday","lunch","travelling","unknown","grocery",0,1,1,"midday"
18,286,171,115,"weekday","afternoon","travelling","hot","restaurant",1,1,1,"midday"
18,291,176,115,"weekday","breakfast","shopping","freezing","restaurant",0,1,1,"morning"
18,294,179,115,"weekday","breakfast","travelling","cold","grocery",0,1,1,"morning"
18,296,181,115,"weekday","afternoon","travelling","hot","restaurant",0,1,1,"midday"
19,126,3,123,"weekend","lunch","travelling","cold","grocery",0,0,0,"midday"
19,142,19,123,"weekday","beforelunch","working","freezing","grocery",0,0,0,"midday"
19,152,29,123,"weekend","breakfast","working","warm","restaurant",1,0,0,"morning"
19,214,91,123,"unknown","lunch","working","freezing","restaurant",0,1,0,"midday"
19,220,97,123,"weekend","dinner","travelling","freezing","grocery",1,1,0,"night"
19,235,112,123,"weekday","afternoon","unknown","warm","grocery",0,1,0,"midday"
19,272,149,123,"weekday","beforelunch","travelling","unknown","restaurant",0,1,1,"midday"
20,134,0,134,"weekday","earlymorning","unknown","warm","restaurant",1,0,0,"morning"
20,135,1,134,"weekend","afternoon","travelling","freezing","grocery",1,0,0,"midday"
20,138,4,134,"weekday","unknown","travelling","warm","restaurant",0,0,0,"unknown"
20,139,5,134,"weekday","lunch","working","freezing","grocery",0,0,0,"midday"
20,140,6,134,"weekday","lunch","travelling","unknown","restaurant",0,0,0,"midday"
20,146,12,134,"weekday","breakfast","travelling","warm","restaurant",0,0,0,"morning"
20,148,14,134,"weekday","beforelunch","travelling","warm","restaurant",0,0,0,"midday"
20,150,16,134,"weekend","morning","unknown","cold","restaurant",0,0,0,"morning"
20,155,21,134,"weekday","afternoon","travelling","unknown","restaurant",0,0,0,"midday"
20,161,27,134,"weekday","lunch","travelling","warm","grocery",0,0,0,"midday"
20,164,30,134,"weekday","beforelunch","travelling","freezing","restaurant",0,0,0,"midday"
20,165,31,134,"weekday","afternoon","travelling","freezing","grocery",0,0,0,"midday"
20,166,32,134,"weekend","unknown","leisure","unknown","restaurant",0,0,0,"unknown"
20,169,35,134,"weekday","lunch","unknown","unknown","restaurant",0,0,0,"midday"
20,173,39,134,"weekday","afternoon","travelling","freezing","grocery",1,0,0,"midday"
20,174,40,134,"weekday","lunch","unknown","freezing","restaurant",0,0,0,"midday"
20,180,46,134,"weekday","lunch","working","cold","restaurant",0,0,0,"midday"
20,182,48,134,"weekend","earlymorning","shopping","hot","restaurant",1,0,0,"morning"
20,187,53,134,"weekday","breakfast","leisure","unknown","grocery",0,0,0,"morning"
20,189,55,134,"weekday","lunch","travelling","warm","restaurant",0,0,0,"midday"
20,190,56,134,"weekday","beforelunch","working","cold","grocery",0,0,0,"midday"
20,197,63,134,"weekday","lunch","unknown","cold","restaurant",1,1,0,"midday"
20,199,65,134,"weekend","beforelunch","working","freezing","restaurant",0,1,0,"midday"
20,202,68,134,"weekend","night","travelling","hot","restaurant",0,1,0,"night"
20,204,70,134,"weekday","morning","travelling","freezing","grocery",0,1,0,"morning"
20,205,71,134,"weekday","afternoon","working","cold","grocery",0,1,0,"midday"
20,206,72,134,"weekday","afternoon","travelling","freezing","grocery",0,1,0,"midday"
20,207,73,134,"weekday","breakfast","leisure","unknown","grocery",1,1,0,"morning"
20,209,75,134,"weekday","afternoon","travelling","cold","grocery",1,1,0,"midday"
20,211,77,134,"weekday","lunch","working","warm","grocery",0,1,0,"midday"
20,212,78,134,"unknown","breakfast","travelling","unknown","grocery",1,1,0,"morning"
20,225,91,134,"weekday","beforelunch","unknown","unknown","grocery",0,1,0,"midday"
20,226,92,134,"weekend","breakfast","travelling","freezing","grocery",0,1,0,"morning"
20,232,98,134,"weekday","afternoon","working","cold","restaurant",0,1,0,"midday"
20,234,100,134,"weekday","afternoon","travelling","hot","restaurant",0,1,0,"midday"
20,239,105,134,"weekend","breakfast","unknown","freezing","restaurant",1,1,0,"morning"
20,243,109,134,"weekend","lunch","travelling","cold","restaurant",0,1,0,"midday"
20,245,111,134,"weekday","lunch","shopping","unknown","restaurant",0,1,0,"midday"
20,246,112,134,"weekend","lunch","travelling","freezing","grocery",0,1,0,"midday"
20,250,116,134,"weekday","afternoon","travelling","unknown","grocery",0,1,1,"midday"
20,253,119,134,"weekday","afternoon","leisure","warm","restaurant",0,1,1,"midday"
20,257,123,134,"weekday","afternoon","travelling","cold","grocery",1,1,1,"midday"
20,258,124,134,"weekday","afternoon","travelling","cold","grocery",0,1,1,"midday"
20,262,128,134,"weekday","afternoon","travelling","warm","grocery",1,1,1,"midday"
20,264,130,134,"weekday","beforelunch","unknown","freezing","restaurant",0,1,1,"midday"
20,266,132,134,"weekday","breakfast","travelling","cold","restaurant",1,1,1,"morning"
20,269,135,134,"weekday","evening","travelling","unknown","grocery",0,1,1,"night"
20,271,137,134,"weekday","afternoon","travelling","hot","restaurant",0,1,1,"midday"
20,272,138,134,"weekend","lunch","unknown","cold","grocery",0,1,1,"midday"
20,278,144,134,"weekday","afternoon","travelling","warm","grocery",0,1,1,"midday"
20,279,145,134,"weekday","afternoon","leisure","freezing","restaurant",1,1,1,"midday"
20,280,146,134,"weekend","afternoon","travelling","cold","grocery",1,1,1,"midday"
20,282,148,134,"weekday","breakfast","travelling","freezing","restaurant",0,1,1,"morning"
20,283,149,134,"weekend","lunch","travelling","hot","restaurant",0,1,1,"midday"
20,289,155,134,"weekday","lunch","working","freezing","grocery",1,1,1,"midday"
20,294,160,134,"weekday","breakfast","travelling","freezing","restaurant",0,1,1,"morning"
20,299,165,134,"weekday","lunch","travelling","cold","restaurant",1,1,1,"midday"
20,306,172,134,"weekday","evening","travelling","freezing","restaurant",0,1,1,"night"
20,307,173,134,"weekday","breakfast","unknown","freezing","restaurant",0,1,1,"morning"
20,316,182,134,"weekday","afternoon","travelling","freezing","grocery",0,1,1,"midday"
21,146,7,139,"weekday","lunch","travelling","freezing","restaurant",0,0,0,"midday"
21,167,28,139,"weekend","morning","working","cold","restaurant",0,0,0,"morning"
21,171,32,139,"weekday","lunch","shopping","freezing","grocery",0,0,0,"midday"
21,174,35,139,"weekday","beforelunch","travelling","unknown","restaurant",1,0,0,"midday"
21,175,36,139,"weekday","lunch","unknown","warm","grocery",0,0,0,"midday"
21,176,37,139,"weekend","lunch","unknown","unknown","grocery",0,0,0,"midday"
21,180,41,139,"weekend","beforelunch","travelling","hot","grocery",0,0,0,"midday"
21,181,42,139,"weekday","morning","travelling","cold","grocery",0,0,0,"morning"
21,182,43,139,"weekday","breakfast","travelling","freezing","restaurant",0,0,0,"morning"
21,185,46,139,"weekend","lunch","travelling","freezing","restaurant",1,0,0,"midday"
21,198,59,139,"weekend","afternoon","unknown","unknown","restaurant",0,1,0,"midday"
21,212,73,139,"weekday","breakfast","unknown","freezing","restaurant",0,1,0,"morning"
21,223,84,139,"weekend","beforelunch","travelling","warm","grocery",0,1,0,"midday"
21,236,97,139,"weekday","afternoon","travelling","cold","restaurant",0,1,0,"midday"
21,245,106,139,"weekday","afternoon","morningrituals","unknown","grocery",0,1,0,"midday"
21,247,108,139,"weekend","afternoon","leisure","cold","grocery",1,1,0,"midday"
21,251,112,139,"weekend","lunch","travelling","freezing","grocery",0,1,0,"midday"
21,258,119,139,"weekend","lunch","working","hot","restaurant",0,1,1,"midday"
21,260,121,139,"weekend","breakfast","travelling","freezing","grocery",0,1,1,"morning"
21,270,131,139,"weekday","afternoon","working","cold","restaurant",0,1,1,"midday"
21,278,139,139,"weekday","beforelunch","travelling","unknown","grocery",0,1,1,"midday"
21,296,157,139,"weekday","lunch","travelling","cold","grocery",1,1,1,"midday"
21,308,169,139,"weekday","breakfast","shopping","unknown","restaurant",0,1,1,"morning"
21,309,170,139,"weekday","beforelunch","travelling","warm","restaurant",1,1,1,"midday"
21,318,179,139,"weekday","afternoon","travelling","cold","restaurant",0,1,1,"midday"
21,320,181,139,"weekday","dinner","shopping","cold","restaurant",1,1,1,"night"
22,147,0,147,"weekday","afternoon","housework","cold","restaurant",0,0,0,"midday"
22,148,1,147,"weekend","morning","morningrituals","freezing","grocery",0,0,0,"morning"
22,149,2,147,"weekend","breakfast","travelling","warm","grocery",0,0,0,"morning"
22,150,3,147,"weekend","afternoon","travelling","cold","grocery",0,0,0,"midday"
22,152,5,147,"unknown","lunch","travelling","cold","grocery",0,0,0,"midday"
22,153,6,147,"unknown","lunch","travelling","freezing","grocery",1,0,0,"midday"
22,154,7,147,"weekday","afternoon","shopping","cold","restaurant",1,0,0,"midday"
22,156,9,147,"weekday","afternoon","travelling","unknown","restaurant",0,0,0,"midday"
22,157,10,147,"weekday","lunch","unknown","cold","restaurant",0,0,0,"midday"
22,158,11,147,"weekend","lunch","travelling","cold","grocery",0,0,0,"midday"
22,164,17,147,"weekday","lunch","travelling","cold","restaurant",0,0,0,"midday"
22,165,18,147,"weekend","afternoon","working","cold","grocery",0,0,0,"midday"
22,166,19,147,"weekend","breakfast","unknown","freezing","restaurant",0,0,0,"morning"
22,169,22,147,"weekend","afternoon","travelling","cold","restaurant",1,0,0,"midday"
22,170,23,147,"weekday","lunch","shopping","freezing","restaurant",1,0,0,"midday"
22,171,24,147,"weekday","lunch","unknown","cold","restaurant",0,0,0,"midday"
22,172,25,147,"weekday","afternoon","travelling","cold","grocery",0,0,0,"midday"
22,173,26,147,"weekend","lunch","travelling","unknown","grocery",1,0,0,"midday"
22,174,27,147,"weekday","beforelunch","working","hot","restaurant",1,0,0,"midday"
22,175,28,147,"weekend","afternoon","travelling","freezing","restaurant",1,0,0,"midday"
22,176,29,147,"weekday","afternoon","leisure","unknown","restaurant",0,0,0,"midday"
22,177,30,147,"weekday","lunch","travelling","warm","grocery",1,0,0,"midday"
22,178,31,147,"weekend","breakfast","leisure","warm","grocery",0,0,0,"morning"
22,179,32,147,"weekday","morning","travelling","cold","restaurant",0,0,0,"morning"
22,180,33,147,"weekday","breakfast","travelling","freezing","grocery",0,0,0,"morning"
22,181,34,147,"weekend","earlymorning","travelling","freezing","restaurant",0,0,0,"morning"
22,182,35,147,"weekend","lunch","travelling","freezing","restaurant",0,0,0,"midday"
22,183,36,147,"weekday","beforelunch","travelling","cold","restaurant",1,0,0,"midday"
22,184,37,147,"weekday","morning","travelling","warm","grocery",1,0,0,"morning"
22,186,39,147,"weekday","lunch","unknown","warm","grocery",0,0,0,"midday"
22,187,40,147,"weekday","beforelunch","unknown","cold","restaurant",1,0,0,"midday"
22,188,41,147,"weekend","beforelunch","leisure","cold","restaurant",0,0,0,"midday"
22,190,43,147,"weekend","unknown","travelling","cold","grocery",0,0,0,"unknown"
22,191,44,147,"weekday","lunch","morningrituals","warm","restaurant",1,0,0,"midday"
22,193,46,147,"weekday","breakfast","unknown","cold","restaurant",0,0,0,"morning"
22,194,47,147,"weekend","lunch","travelling","freezing","restaurant",0,0,0,"midday"
22,195,48,147,"weekday","lunch","shopping","freezing","restaurant",0,0,0,"midday"
22,196,49,147,"weekday","beforelunch","morningrituals","warm","grocery",0,0,0,"midday"
22,198,51,147,"weekend","beforelunch","travelling","cold","grocery",0,0,0,"midday"
22,199,52,147,"weekday","afternoon","shopping","cold","restaurant",0,0,0,"midday"
22,201,54,147,"weekday","morning","morningrituals","freezing","restaurant",1,0,0,"morning"
22,202,55,147,"weekday","morning","working","unknown","grocery",1,0,0,"morning"
22,203,56,147,"weekday","breakfast","working","freezing","grocery",0,0,0,"morning"
22,204,57,147,"weekday","lunch","travelling","cold","grocery",1,1,0,"midday"
22,205,58,147,"unknown","breakfast","travelling","cold","restaurant",0,1,0,"morning"
22,206,59,147,"weekend","breakfast","travelling","warm","restaurant",1,1,0,"morning"
22,207,60,147,"weekday","evening","unknown","freezing","restaurant",0,1,0,"night"
22,210,63,147,"weekday","lunch","unknown","hot","restaurant",0,1,0,"midday"
22,211,64,147,"weekday","lunch","travelling","cold","grocery",1,1,0,"midday"
22,212,65,147,"weekday","afternoon","travelling","unknown","restaurant",0,1,0,"midday"
22,213,66,147,"weekday","morning","unknown","freezing","restaurant",0,1,0,"morning"
22,214,67,147,"weekday","afternoon","shopping","cold","grocery",0,1,0,"midday"
22,215,68,147,"weekday","dinner","unknown","freezing","grocery",0,1,0,"night"
22,216,69,147,"weekend","breakfast","morningrituals","warm","restaurant",0,1,0,"morning"
22,217,70,147,"weekday","afternoon","morningrituals","hot","grocery",1,1,0,"midday"
22,218,71,147,"weekend","morning","unknown","freezing","grocery",0,1,0,"morning"
22,219,72,147,"weekday","dinner","shopping","cold","restaurant",0,1,0,"night"
22,220,73,147,"weekend","morning","travelling","cold","restaurant",0,1,0,"morning"
22,222,75,147,"weekday","lunch","working","unknown","restaurant",0,1,0,"midday"
22,223,76,147,"weekday","beforelunch","travelling","freezing","grocery",0,1,0,"midday"
22,224,77,147,"weekday","latenight","travelling","freezing","grocery",0,1,0,"night"
22,225,78,147,"weekday","latenight","unknown","unknown","restaurant",0,1,0,"night"
22,226,79,147,"weekday","lunch","travelling","cold","grocery",0,1,0,"midday"
22,228,81,147,"weekend","breakfast","travelling","hot","restaurant",0,1,0,"morning"
22,229,82,147,"weekday","beforelunch","unknown","cold","restaurant",0,1,0,"midday"
22,232,85,147,"weekday","afternoon","travelling","warm","grocery",0,1,0,"midday"
22,233,86,147,"weekday","beforelunch","leisure","cold","grocery",0,1,0,"midday"
22,234,87,147,"weekend","beforelunch","unknown","unknown","grocery",0,1,0,"midday"
22,235,88,147,"weekday","beforelunch","travelling","cold","restaurant",1,1,0,"midday"
22,236,89,147,"weekday","unknown","travelling","cold","grocery",1,1,0,"unknown"
22,237,90,147,"weekday","afternoon","travelling","freezing","grocery",1,1,0,"midday"
22,239,92,147,"weekday","earlymorning","travelling","freezing","grocery",1,1,0,"morning"
22,241,94,147,"weekday","morning","travelling","cold","restaurant",1,1,0,"morning"
22,246,99,147,"weekday","breakfast","travelling","warm","grocery",0,1,0,"morning"
22,248,101,147,"weekday","afternoon","travelling","cold","restaurant",0,1,0,"midday"
22,249,102,147,"weekday","breakfast","travelling","cold","grocery",0,1,0,"morning"
22,250,103,147,"weekday","dinner","travelling","warm","grocery",0,1,0,"night"
22,251,104,147,"weekday","beforelunch","social","unknown","restaurant",1,1,0,"midday"
22,253,106,147,"weekday","beforelunch","leisure","unknown","grocery",0,1,0,"midday"
22,254,107,147,"weekday","afternoon","travelling","unknown","grocery",0,1,0,"midday"
22,256,109,147,"weekend","beforelunch","travelling","freezing","grocery",0,1,0,"midday"
22,257,110,147,"weekday","morning","travelling","unknown","restaurant",0,1,0,"morning"
22,259,112,147,"weekday","afternoon","travelling","freezing","grocery",0,1,0,"midday"
22,261,114,147,"weekend","afternoon","travelling","cold","restaurant",0,1,1,"midday"
22,262,115,147,"weekend","lunch","shopping","cold","grocery",0,1,1,"midday"
22,263,116,147,"weekend","morning","travelling","cold","restaurant",1,1,1,"morning"
22,264,117,147,"weekday","beforelunch","travelling","unknown","restaurant",0,1,1,"midday"
22,265,118,147,"weekend","morning","working","cold","grocery",0,1,1,"morning"
22,267,120,147,"weekday","beforelunch","travelling","unknown","grocery",0,1,1,"midday"
22,268,121,147,"weekday","lunch","unknown","unknown","restaurant",0,1,1,"midday"
22,271,124,147,"weekday","beforelunch","unknown","cold","grocery",0,1,1,"midday"
22,273,126,147,"weekday","lunch","travelling","unknown","grocery",0,1,1,"midday"
22,274,127,147,"weekday","beforelunch","travelling","freezing","restaurant",1,1,1,"midday"
22,275,128,147,"weekday","afternoon","shopping","cold","grocery",0,1,1,"midday"
22,276,129,147,"weekend","lunch","travelling","freezing","grocery",0,1,1,"midday"
22,277,130,147,"weekday","morning","travelling","freezing","grocery",1,1,1,"morning"
22,278,131,147,"weekday","breakfast","travelling","unknown","restaurant",1,1,1,"morning"
22,279,132,147,"weekday","lunch","travelling","unknown","grocery",0,1,1,"midday"
22,280,133,147,"weekday","unknown","shopping","freezing","restaurant",0,1,1,"unknown"
22,282,135,147,"weekday","lunch","travelling","cold","restaurant",0,1,1,"midday"
22,284,137,147,"weekday","dinner","shopping","warm","grocery",0,1,1,"night"
22,285,138,147,"weekday","morning","morningrituals","unknown","restaurant",0,1,1,"morning"
22,286,139,147,"weekday","breakfast","shopping","freezing","restaurant",1,1,1,"morning"
22,287,140,147,"weekend","afternoon","travelling","cold","restaurant",0,1,1,"midday"
22,288,141,147,"weekend","afternoon","travelling","cold","grocery",1,1,1,"midday"
22,291,144,147,"weekday","morning","travelling","cold","restaurant",1,1,1,"morning"
22,293,146,147,"weekday","beforelunch","travelling","freezing","grocery",0,1,1,"midday"
22,294,147,147,"weekend","beforelunch","travelling","unknown","restaurant",0,1,1,"midday"
22,295,148,147,"weekday","lunch","working","freezing","grocery",0,1,1,"midday"
22,296,149,147,"unknown","lunch","travelling","unknown","restaurant",1,1,1,"midday"
22,297,150,147,"weekend","afternoon","working","cold","restaurant",0,1,1,"midday"
22,298,151,147,"weekend","afternoon","travelling","freezing","restaurant",1,1,1,"midday"
22,299,152,147,"weekend","beforelunch","travelling","unknown","restaurant",0,1,1,"midday"
22,300,153,147,"weekend","lunch","travelling","cold","restaurant",1,1,1,"midday"
22,301,154,147,"weekend","breakfast","leisure","warm","grocery",0,1,1,"morning"
22,304,157,147,"weekend","lunch","travelling","freezing","grocery",0,1,1,"midday"
22,305,158,147,"weekend","beforelunch","working","hot","grocery",0,1,1,"midday"
22,306,159,147,"weekday","afternoon","travelling","unknown","grocery",1,1,1,"midday"
22,307,160,147,"weekday","beforelunch","leisure","unknown","restaurant",1,1,1,"midday"
22,308,161,147,"weekday","breakfast","working","freezing","grocery",0,1,1,"morning"
22,309,162,147,"weekend","morning","travelling","unknown","restaurant",0,1,1,"morning"
22,310,163,147,"weekday","lunch","travelling","cold","restaurant",0,1,1,"midday"
22,312,165,147,"weekday","morning","unknown","cold","restaurant",1,1,1,"morning"
22,313,166,147,"weekend","evening","travelling","freezing","restaurant",1,1,1,"night"
22,314,167,147,"weekday","afternoon","leisure","cold","restaurant",0,1,1,"midday"
22,315,168,147,"weekday","earlymorning","travelling","hot","restaurant",0,1,1,"morning"
22,316,169,147,"weekday","morning","working","unknown","grocery",1,1,1,"morning"
22,317,170,147,"weekday","breakfast","working","freezing","grocery",0,1,1,"morning"
22,319,172,147,"weekday","earlymorning","working","cold","grocery",1,1,1,"morning"
22,320,173,147,"weekday","beforelunch","travelling","freezing","grocery",1,1,1,"midday"
22,321,174,147,"weekday","afternoon","travelling","warm","grocery",0,1,1,"midday"
22,322,175,147,"weekend","lunch","travelling","cold","grocery",0,1,1,"midday"
22,323,176,147,"weekend","afternoon","unknown","warm","restaurant",0,1,1,"midday"
22,324,177,147,"weekend","morning","working","freezing","grocery",0,1,1,"morning"
22,325,178,147,"weekday","morning","travelling","unknown","grocery",0,1,1,"morning"
22,326,179,147,"weekday","afternoon","travelling","unknown","restaurant",0,1,1,"midday"
22,328,181,147,"weekday","lunch","travelling","cold","grocery",1,1,1,"midday"
22,330,183,147,"weekday","lunch","unknown","unknown","grocery",0,1,1,"midday"
23,154,0,154,"weekday","afternoon","unknown","unknown","grocery",0,0,0,"midday"
23,155,1,154,"weekend","afternoon","travelling","cold","restaurant",0,0,0,"midday"
23,157,3,154,"weekday","afternoon","travelling","freezing","restaurant",0,0,0,"midday"
23,158,4,154,"weekday","beforelunch","travelling","hot","grocery",0,0,0,"midday"
23,159,5,154,"weekday","afternoon","travelling","hot","restaurant",1,0,0,"midday"
23,160,6,154,"weekday","morning","leisure","cold","restaurant",0,0,0,"morning"
23,161,7,154,"weekday","afternoon","travelling","cold","restaurant",0,0,0,"midday"
23,164,10,154,"weekend","dinner","travelling","freezing","restaurant",0,0,0,"night"
23,165,11,154,"weekend","afternoon","travelling","warm","restaurant",0,0,0,"midday"
23,166,12,154,"weekday","lunch","unknown","freezing","grocery",0,0,0,"midday"
23,167,13,154,"weekday","afternoon","travelling","warm","grocery",1,0,0,"midday"
23,169,15,154,"weekday","evening","shopping","cold","restaurant",0,0,0,"night"
23,170,16,154,"weekday","afternoon","travelling","warm","restaurant",0,0,0,"midday"
23,171,17,154,"weekday","morning","housework","cold","restaurant",0,0,0,"morning"
23,172,18,154,"weekday","beforelunch","unknown","freezing","restaurant",1,0,0,"midday"
23,173,19,154,"weekend","lunch","shopping","unknown","grocery",1,0,0,"midday"
23,175,21,154,"weekday","beforelunch","shopping","cold","restaurant",0,0,0,"midday"
23,176,22,154,"weekday","lunch","travelling","unknown","restaurant",0,0,0,"midday"
23,177,23,154,"weekday","lunch","working","cold","restaurant",0,0,0,"midday"
23,181,27,154,"weekday","afternoon","travelling","cold","grocery",1,0,0,"midday"
23,182,28,154,"weekend","lunch","travelling","unknown","grocery",0,0,0,"midday"
23,183,29,154,"weekday","afternoon","shopping","cold","grocery",0,0,0,"midday"
23,184,30,154,"weekday","morning","shopping","cold","restaurant",0,0,0,"morning"
23,185,31,154,"weekday","afternoon","leisure","unknown","grocery",1,0,0,"midday"
23,186,32,154,"weekday","lunch","travelling","cold","restaurant",0,0,0,"midday"
23,187,33,154,"weekday","afternoon","travelling","hot","restaurant",0,0,0,"midday"
23,188,34,154,"weekday","lunch","travelling","unknown","grocery",0,0,0,"midday"
23,189,35,154,"weekend","lunch","working","unknown","restaurant",1,0,0,"midday"
23,190,36,154,"weekday","afternoon","shopping","freezing","grocery",0,0,0,"midday"
23,191,37,154,"weekday","afternoon","travelling","hot","grocery",0,0,0,"midday"
23,192,38,154,"weekday","beforelunch","leisure","cold","grocery",0,0,0,"midday"
23,193,39,154,"weekday","afternoon","travelling","cold","restaurant",0,0,0,"midday"
23,194,40,154,"weekday","afternoon","travelling","unknown","restaurant",0,0,0,"midday"
23,195,41,154,"weekday","afternoon","morningrituals","warm","restaurant",0,0,0,"midday"
23,198,44,154,"weekday","beforelunch","unknown","freezing","restaurant",0,0,0,"midday"
23,199,45,154,"weekday","afternoon","unknown","cold","restaurant",0,0,0,"midday"
23,200,46,154,"weekend","earlymorning","unknown","freezing","grocery",1,0,0,"morning"
23,204,50,154,"weekday","afternoon","unknown","warm","grocery",0,0,0,"midday"
23,205,51,154,"weekday","afternoon","working","warm","restaurant",0,0,0,"midday"
23,206,52,154,"weekday","lunch","unknown","freezing","restaurant",0,0,0,"midday"
23,207,53,154,"weekend","earlymorning","travelling","unknown","grocery",1,0,0,"morning"
23,212,58,154,"weekday","beforelunch","travelling","freezing","restaurant",0,1,0,"midday"
23,215,61,154,"weekday","lunch","travelling","cold","restaurant",1,1,0,"midday"
23,216,62,154,"weekday","afternoon","travelling","unknown","grocery",0,1,0,"midday"
23,220,66,154,"weekday","afternoon","unknown","cold","restaurant",0,1,0,"midday"
23,221,67,154,"weekday","beforelunch","travelling","freezing","grocery",0,1,0,"midday"
23,223,69,154,"weekday","afternoon","unknown","warm","restaurant",0,1,0,"midday"
23,224,70,154,"weekend","beforelunch","workingout","warm","grocery",0,1,0,"midday"
23,225,71,154,"weekend","afternoon","working","unknown","grocery",1,1,0,"midday"
23,226,72,154,"weekend","afternoon","travelling","cold","grocery",0,1,0,"midday"
23,228,74,154,"weekday","beforelunch","shopping","unknown","grocery",0,1,0,"midday"
23,230,76,154,"weekday","morning","working","unknown","grocery",0,1,0,"morning"
23,231,77,154,"weekday","afternoon","leisure","unknown","grocery",0,1,0,"midday"
23,232,78,154,"weekday","beforelunch","travelling","hot","restaurant",1,1,0,"midday"
23,233,79,154,"weekday","afternoon","travelling","warm","restaurant",0,1,0,"midday"
23,235,81,154,"weekday","beforelunch","travelling","cold","restaurant",0,1,0,"midday"
23,237,83,154,"unknown","beforelunch","travelling","freezing","restaurant",0,1,0,"midday"
23,238,84,154,"weekday","dinner","unknown","unknown","grocery",0,1,0,"night"
23,239,85,154,"weekday","afternoon","shopping","hot","grocery",0,1,0,"midday"
23,243,89,154,"weekday","afternoon","travelling","unknown","restaurant",0,1,0,"midday"
23,245,91,154,"unknown","unknown","unknown","unknown","restaurant",1,1,0,"unknown"
23,248,94,154,"weekday","afternoon","travelling","cold","grocery",0,1,0,"midday"
23,252,98,154,"weekday","beforelunch","shopping","freezing","restaurant",1,1,0,"midday"
23,253,99,154,"weekday","breakfast","travelling","unknown","grocery",0,1,0,"morning"
23,256,102,154,"weekend","earlymorning","working","hot","restaurant",1,1,0,"morning"
23,259,105,154,"weekday","afternoon","unknown","freezing","restaurant",0,1,0,"midday"
23,262,108,154,"weekday","afternoon","travelling","freezing","grocery",0,1,0,"midday"
23,265,111,154,"unknown","beforelunch","travelling","cold","restaurant",0,1,0,"midday"
23,266,112,154,"weekday","beforelunch","working","warm","restaurant",0,1,0,"midday"
23,267,113,154,"weekday","beforelunch","travelling","warm","grocery",0,1,1,"midday"
23,268,114,154,"weekday","beforelunch","travelling","freezing","grocery",0,1,1,"midday"
23,269,115,154,"unknown","breakfast","travelling","cold","grocery",0,1,1,"morning"
23,271,117,154,"weekday","morning","travelling","cold","grocery",0,1,1,"morning"
23,275,121,154,"weekend","afternoon","shopping","freezing","grocery",0,1,1,"midday"
23,276,122,154,"weekday","breakfast","travelling","cold","restaurant",1,1,1,"morning"
23,277,123,154,"weekday","earlymorning","travelling","unknown","grocery",0,1,1,"morning"
23,278,124,154,"weekend","lunch","travelling","cold","grocery",1,1,1,"midday"
23,281,127,154,"weekday","afternoon","unknown","freezing","grocery",1,1,1,"midday"
23,282,128,154,"weekday","afternoon","shopping","warm","grocery",0,1,1,"midday"
23,283,129,154,"weekday","afternoon","unknown","unknown","restaurant",0,1,1,"midday"
23,284,130,154,"weekday","lunch","travelling","cold","restaurant",1,1,1,"midday"
23,285,131,154,"weekday","afternoon","working","cold","grocery",0,1,1,"midday"
23,286,132,154,"weekday","evening","travelling","cold","grocery",0,1,1,"night"
23,287,133,154,"weekday","breakfast","leisure","freezing","restaurant",1,1,1,"morning"
23,288,134,154,"weekday","afternoon","shopping","freezing","grocery",0,1,1,"midday"
23,292,138,154,"weekday","beforelunch","travelling","freezing","grocery",0,1,1,"midday"
23,293,139,154,"weekday","beforelunch","unknown","freezing","restaurant",0,1,1,"midday"
23,294,140,154,"weekday","breakfast","unknown","unknown","grocery",1,1,1,"morning"
23,295,141,154,"weekday","beforelunch","morningrituals","unknown","grocery",1,1,1,"midday"
23,296,142,154,"weekday","afternoon","travelling","cold","restaurant",1,1,1,"midday"
23,297,143,154,"weekend","beforelunch","working","unknown","restaurant",0,1,1,"midday"
23,298,144,154,"weekend","beforelunch","leisure","freezing","grocery",0,1,1,"midday"
23,300,146,154,"unknown","afternoon","travelling","unknown","restaurant",0,1,1,"midday"
23,301,147,154,"weekday","beforelunch","unknown","cold","grocery",1,1,1,"midday"
23,303,149,154,"weekday","lunch","travelling","hot","restaurant",0,1,1,"midday"
23,304,150,154,"weekday","breakfast","travelling","unknown","grocery",0,1,1,"morning"
23,307,153,154,"weekday","beforelunch","travelling","cold","grocery",0,1,1,"midday"
23,308,154,154,"weekday","breakfast","travelling","warm","grocery",0,1,1,"morning"
23,309,155,154,"unknown","breakfast","travelling","cold","grocery",0,1,1,"morning"
23,310,156,154,"weekday","afternoon","travelling","hot","grocery",0,1,1,"midday"
23,311,157,154,"weekday","lunch","travelling","warm","restaurant",0,1,1,"midday"
23,312,158,154,"weekday","afternoon","travelling","hot","restaurant",0,1,1,"midday"
23,313,159,154,"weekday","breakfast","shopping","freezing","grocery",0,1,1,"morning"
23,314,160,154,"weekday","evening","travelling","cold","grocery",0,1,1,"night"
23,315,161,154,"weekday","afternoon","unknown","unknown","restaurant",0,1,1,"midday"
23,319,165,154,"weekday","beforelunch","working","warm","restaurant",1,1,1,"midday"
23,320,166,154,"weekday","unknown","unknown","cold","grocery",0,1,1,"unknown"
23,321,167,154,"weekday","beforelunch","leisure","cold","restaurant",0,1,1,"midday"
23,324,170,154,"weekday","lunch","travelling","warm","grocery",0,1,1,"midday"
23,325,171,154,"weekday","dinner","travelling","freezing","restaurant",0,1,1,"night"
23,327,173,154,"weekday","afternoon","travelling","freezing","grocery",0,1,1,"midday"
23,328,174,154,"weekday","afternoon","travelling","freezing","restaurant",0,1,1,"midday"
23,329,175,154,"weekday","beforelunch","unknown","unknown","grocery",0,1,1,"midday"
23,330,176,154,"weekend","afternoon","travelling","cold","restaurant",0,1,1,"midday"
23,332,178,154,"weekend","lunch","travelling","cold","grocery",0,1,1,"midday"
23,333,179,154,"weekday","afternoon","morningrituals","warm","grocery",0,1,1,"midday"
23,335,181,154,"weekend","afternoon","travelling","cold","restaurant",0,1,1,"midday"
23,336,182,154,"weekend","afternoon","travelling","unknown","restaurant",1,1,1,"midday"
24,166,0,166,"weekday","breakfast","shopping","freezing","grocery",0,0,0,"morning"
24,175,9,166,"weekend","afternoon","travelling","warm","grocery",0,0,0,"midday"
24,183,17,166,"weekday","beforelunch","unknown","cold","restaurant",0,0,0,"midday"
24,184,18,166,"weekend","lunch","travelling","freezing","restaurant",0,0,0,"midday"
24,188,22,166,"weekday","lunch","travelling","cold","restaurant",0,0,0,"midday"
24,194,28,166,"weekend","lunch","leisure","freezing","grocery",0,0,0,"midday"
24,198,32,166,"weekday","afternoon","shopping","unknown","grocery",0,0,0,"midday"
24,207,41,166,"weekday","breakfast","travelling","unknown","restaurant",0,0,0,"morning"
24,209,43,166,"weekend","breakfast","travelling","unknown","restaurant",0,0,0,"morning"
24,244,78,166,"weekday","lunch","travelling","warm","grocery",0,1,0,"midday"
24,245,79,166,"weekday","evening","unknown","unknown","grocery",1,1,0,"night"
24,248,82,166,"weekend","afternoon","travelling","freezing","grocery",0,1,0,"midday"
24,249,83,166,"weekday","lunch","travelling","freezing","grocery",0,1,0,"midday"
24,250,84,166,"weekday","dinner","unknown","freezing","grocery",1,1,0,"night"
24,256,90,166,"weekday","beforelunch","travelling","unknown","restaurant",0,1,0,"midday"
24,262,96,166,"weekday","morning","unknown","cold","grocery",0,1,0,"morning"
24,281,115,166,"weekday","breakfast","travelling","freezing","grocery",0,1,1,"morning"
24,288,122,166,"weekend","breakfast","travelling","cold","grocery",1,1,1,"morning"
24,302,136,166,"weekday","beforelunch","working","unknown","grocery",0,1,1,"midday"
24,305,139,166,"weekday","beforelunch","travelling","unknown","restaurant",1,1,1,"midday"
24,310,144,166,"weekday","morning","shopping","cold","grocery",1,1,1,"morning"
24,312,146,166,"weekend","morning","unknown","hot","restaurant",0,1,1,"morning"
24,317,151,166,"weekday","afternoon","working","freezing","restaurant",0,1,1,"midday"
24,324,158,166,"weekday","afternoon","working","freezing","grocery",1,1,1,"midday"
24,335,169,166,"weekend","night","travelling","warm","restaurant",0,1,1,"night"
24,341,175,166,"weekday","afternoon","travelling","unknown","grocery",0,1,1,"midday"
24,342,176,166,"weekday","lunch","travelling","cold","grocery",1,1,1,"midday"
24,343,177,166,"weekday","afternoon","travelling","cold","restaurant",0,1,1,"midday"
24,349,183,166,"weekday","beforelunch","travelling","cold","grocery",0,1,1,"midday"
25,176,5,171,"weekday","lunch","working","cold","restaurant",0,0,0,"midday"
25,179,8,171,"weekday","beforelunch","unknown","warm","restaurant",0,0,0,"midday"
25,180,9,171,"weekday","afternoon","morningrituals","cold","grocery",0,0,0,"midday"
25,183,12,171,"weekday","beforelunch","travelling","warm","grocery",0,0,0,"midday"
25,188,17,171,"weekend","morning","travelling","unknown","grocery",0,0,0,"morning"
25,190,19,171,"weekday","lunch","travelling","unknown","restaurant",0,0,0,"midday"
25,192,21,171,"weekend","breakfast","morningrituals","unknown","grocery",1,0,0,"morning"
25,193,22,171,"weekday","lunch","leisure","warm","grocery",1,0,0,"midday"
25,197,26,171,"weekday","breakfast","unknown","warm","grocery",0,0,0,"morning"
25,199,28,171,"weekend","latenight","shopping","unknown","grocery",0,0,0,"night"
25,200,29,171,"weekday","afternoon","travelling","freezing","restaurant",1,0,0,"midday"
25,202,31,171,"unknown","lunch","unknown","cold","restaurant",1,0,0,"midday"
25,206,35,171,"weekday","afternoon","travelling","hot","grocery",0,0,0,"midday"
25,211,40,171,"weekday","afternoon","travelling","unknown","grocery",0,0,0,"midday"
25,214,43,171,"weekday","afternoon","travelling","warm","restaurant",0,0,0,"midday"
25,216,45,171,"weekday","lunch","travelling","unknown","restaurant",1,0,0,"midday"
25,217,46,171,"weekday","breakfast","working","cold","restaurant",0,0,0,"morning"
25,218,47,171,"weekday","beforelunch","unknown","freezing","restaurant",1,0,0,"midday"
25,221,50,171,"weekend","lunch","leisure","hot","grocery",1,0,0,"midday"
25,225,54,171,"weekday","night","travelling","freezing","grocery",0,0,0,"night"
25,226,55,171,"weekday","breakfast","travelling","cold","grocery",0,0,0,"morning"
25,228,57,171,"weekday","beforelunch","unknown","unknown","restaurant",1,1,0,"midday"
25,230,59,171,"weekday","lunch","working","freezing","grocery",0,1,0,"midday"
25,233,62,171,"weekend","lunch","working","warm","grocery",1,1,0,"midday"
25,235,64,171,"weekday","morning","travelling","cold","grocery",0,1,0,"morning"
25,237,66,171,"weekday","beforelunch","leisure","freezing","grocery",0,1,0,"midday"
25,242,71,171,"weekday","afternoon","unknown","cold","grocery",0,1,0,"midday"
25,243,72,171,"weekday","beforelunch","unknown","cold","grocery",1,1,0,"midday"
25,246,75,171,"weekday","breakfast","travelling","warm","grocery",0,1,0,"morning"
25,251,80,171,"weekend","afternoon","travelling","cold","grocery",0,1,0,"midday"
25,252,81,171,"weekday","lunch","working","cold","restaurant",0,1,0,"midday"
25,255,84,171,"weekday","afternoon","unknown","unknown","restaurant",1,1,0,"midday"
25,261,90,171,"weekday","beforelunch","travelling","cold","grocery",0,1,0,"midday"
25,262,91,171,"weekend","afternoon","travelling","cold","grocery",0,1,0,"midday"
25,264,93,171,"weekday","lunch","working","hot","grocery",0,1,0,"midday"
25,266,95,171,"weekday","morning","travelling","cold","grocery",0,1,0,"morning"
25,267,96,171,"weekday","afternoon","leisure","cold","grocery",1,1,0,"midday"
25,268,97,171,"weekend","beforelunch","travelling","freezing","grocery",0,1,0,"midday"
25,270,99,171,"weekday","lunch","travelling","cold","restaurant",0,1,0,"midday"
25,274,103,171,"weekday","lunch","unknown","freezing","grocery",0,1,0,"midday"
25,279,108,171,"unknown","beforelunch","travelling","cold","grocery",0,1,0,"midday"
25,282,111,171,"weekend","lunch","travelling","cold","restaurant",0,1,0,"midday"
25,283,112,171,"weekend","breakfast","travelling","unknown","restaurant",1,1,0,"morning"
25,284,113,171,"weekday","lunch","travelling","unknown","restaurant",0,1,1,"midday"
25,288,117,171,"weekend","beforelunch","travelling","cold","grocery",1,1,1,"midday"
25,292,121,171,"weekday","afternoon","working","unknown","restaurant",1,1,1,"midday"
25,293,122,171,"weekend","beforelunch","working","cold","grocery",0,1,1,"midday"
25,296,125,171,"weekday","lunch","leisure","cold","restaurant",0,1,1,"midday"
25,300,129,171,"weekday","breakfast","travelling","warm","restaurant",0,1,1,"morning"
25,304,133,171,"weekday","lunch","travelling","cold","grocery",0,1,1,"midday"
25,305,134,171,"weekend","afternoon","travelling","unknown","restaurant",0,1,1,"midday"
25,307,136,171,"weekend","lunch","working","unknown","grocery",1,1,1,"midday"
25,309,138,171,"weekday","night","travelling","freezing","grocery",0,1,1,"night"
25,311,140,171,"weekday","lunch","travelling","freezing","restaurant",1,1,1,"midday"
25,316,145,171,"weekday","dinner","unknown","cold","restaurant",0,1,1,"night"
25,319,148,171,"weekend","lunch","travelling","unknown","restaurant",0,1,1,"midday"
25,320,149,171,"weekday","beforelunch","shopping","cold","grocery",0,1,1,"midday"
25,322,151,171,"weekend","morning","travelling","unknown","grocery",1,1,1,"morning"
25,324,153,171,"weekday","lunch","unknown","unknown","grocery",1,1,1,"midday"
25,325,154,171,"weekday","beforelunch","shopping","freezing","grocery",1,1,1,"midday"
25,326,155,171,"weekend","earlymorning","travelling","unknown","restaurant",0,1,1,"morning"
25,328,157,171,"weekday","dinner","travelling","unknown","grocery",0,1,1,"night"
25,331,160,171,"weekday","beforelunch","travelling","unknown","grocery",1,1,1,"midday"
25,335,164,171,"weekday","lunch","morningrituals","freezing","restaurant",0,1,1,"midday"
25,336,165,171,"weekday","afternoon","travelling","warm","grocery",0,1,1,"midday"
25,339,168,171,"weekday","afternoon","working","cold","restaurant",0,1,1,"midday"
25,340,169,171,"weekend","lunch","travelling","freezing","grocery",0,1,1,"midday"
25,345,174,171,"weekday","morning","travelling","cold","grocery",0,1,1,"morning"
25,346,175,171,"weekday","beforelunch","unknown","warm","restaurant",0,1,1,"midday"
25,347,176,171,"weekday","afternoon","travelling","unknown","restaurant",0,1,1,"midday"
25,348,177,171,"weekday","morning","shopping","freezing","grocery",0,1,1,"morning"
25,350,179,171,"weekday","afternoon","unknown","unknown","restaurant",0,1,1,"midday"
25,351,180,171,"weekday","beforelunch","travelling","freezing","grocery",1,1,1,"midday"
26,182,7,175,"weekend","breakfast","travelling","cold","grocery",1,0,0,"morning"
26,186,11,175,"weekday","afternoon","travelling","unknown","grocery",1,0,0,"midday"
26,228,53,175,"weekday","afternoon","shopping","warm","grocery",0,0,0,"midday"
26,288,113,175,"weekday","lunch","travelling","freezing","grocery",0,1,1,"midday"
26,345,170,175,"weekend","afternoon","unknown","unknown","restaurant",1,1,1,"midday"
27,177,0,177,"weekend","evening","travelling","freezing","grocery",0,0,0,"night"
27,181,4,177,"weekday","beforelunch","travelling","freezing","grocery",0,0,0,"midday"
27,182,5,177,"weekend","dinner","travelling","freezing","restaurant",1,0,0,"night"
27,187,10,177,"weekday","afternoon","travelling","freezing","restaurant",0,0,0,"midday"
27,188,11,177,"weekday","afternoon","travelling","warm","grocery",0,0,0,"midday"
27,190,13,177,"weekday","lunch","shopping","cold","restaurant",0,0,0,"midday"
27,192,15,177,"weekday","evening","travelling","warm","grocery",0,0,0,"night"
27,193,16,177,"weekday","afternoon","travelling","warm","restaurant",0,0,0,"midday"
27,194,17,177,"weekday","breakfast","travelling","unknown","grocery",0,0,0,"morning"
27,197,20,177,"weekday","beforelunch","unknown","unknown","restaurant",1,0,0,"midday"
27,199,22,177,"weekend","lunch","travelling","unknown","grocery",0,0,0,"midday"
27,202,25,177,"weekday","afternoon","travelling","freezing","grocery",1,0,0,"midday"
27,204,27,177,"weekday","lunch","unknown","cold","restaurant",0,0,0,"midday"
27,205,28,177,"weekend","lunch","unknown","unknown","restaurant",1,0,0,"midday"
27,206,29,177,"weekend","afternoon","working","cold","grocery",0,0,0,"midday"
27,209,32,177,"weekday","morning","travelling","warm","restaurant",0,0,0,"morning"
27,212,35,177,"weekday","dinner","travelling","unknown","grocery",1,0,0,"night"
27,214,37,177,"weekend","night","leisure","freezing","grocery",0,0,0,"night"
27,216,39,177,"weekday","breakfast","travelling","freezing","grocery",0,0,0,"morning"
27,217,40,177,"weekday","afternoon","morningrituals","unknown","grocery",0,0,0,"midday"
27,218,41,177,"weekend","afternoon","morningrituals","cold","restaurant",0,0,0,"midday"
27,219,42,177,"weekday","afternoon","unknown","cold","restaurant",1,0,0,"midday"
27,220,43,177,"weekday","beforelunch","working","cold","grocery",0,0,0,"midday"
27,224,47,177,"weekend","breakfast","travelling","freezing","grocery",1,0,0,"morning"
27,227,50,177,"weekday","afternoon","working","cold","restaurant",1,0,0,"midday"
27,230,53,177,"weekday","morning","travelling","warm","grocery",1,0,0,"morning"
27,232,55,177,"weekday","lunch","travelling","hot","restaurant",1,0,0,"midday"
27,233,56,177,"weekend","lunch","travelling","warm","grocery",1,0,0,"midday"
27,235,58,177,"weekday","afternoon","travelling","unknown","grocery",1,1,0,"midday"
27,236,59,177,"weekend","beforelunch","travelling","warm","grocery",1,1,0,"midday"
27,237,60,177,"weekday","afternoon","travelling","cold","grocery",0,1,0,"midday"
27,238,61,177,"weekday","morning","travelling","warm","grocery",0,1,0,"morning"
27,239,62,177,"weekday","beforelunch","travelling","hot","restaurant",0,1,0,"midday"
27,241,64,177,"weekday","lunch","morningrituals","cold","grocery",0,1,0,"midday"
27,242,65,177,"weekday","afternoon","travelling","cold","restaurant",0,1,0,"midday"
27,243,66,177,"weekday","dinner","travelling","unknown","grocery",0,1,0,"night"
27,244,67,177,"weekday","beforelunch","travelling","hot","restaurant",1,1,0,"midday"
27,246,69,177,"weekend","beforelunch","unknown","unknown","restaurant",0,1,0,"midday"
27,250,73,177,"weekday","dinner","travelling","warm","restaurant",1,1,0,"night"
27,251,74,177,"weekend","afternoon","travelling","freezing","grocery",0,1,0,"midday"
27,253,76,177,"weekday","beforelunch","shopping","cold","grocery",0,1,0,"midday"
27,254,77,177,"weekend","breakfast","travelling","cold","restaurant",1,1,0,"morning"
27,256,79,177,"weekend","afternoon","travelling","freezing","restaurant",1,1,0,"midday"
27,259,82,177,"weekday","afternoon","travelling","unknown","restaurant",0,1,0,"midday"
27,260,83,177,"weekend","morning","shopping","warm","restaurant",1,1,0,"morning"
27,261,84,177,"weekday","afternoon","travelling","hot","grocery",0,1,0,"midday"
27,262,85,177,"weekend","morning","shopping","freezing","grocery",1,1,0,"morning"
27,263,86,177,"weekday","beforelunch","shopping","freezing","restaurant",0,1,0,"midday"
27,265,88,177,"weekend","beforelunch","travelling","warm","restaurant",1,1,0,"midday"
27,267,90,177,"weekend","morning","unknown","freezing","restaurant",1,1,0,"morning"
27,268,91,177,"weekday","beforelunch","travelling","cold","grocery",0,1,0,"midday"
27,269,92,177,"weekday","lunch","travelling","warm","grocery",0,1,0,"midday"
27,270,93,177,"weekday","breakfast","leisure","freezing","restaurant",0,1,0,"morning"
27,271,94,177,"weekend","afternoon","shopping","freezing","grocery",0,1,0,"midday"
27,272,95,177,"weekday","breakfast","travelling","unknown","grocery",1,1,0,"morning"
27,273,96,177,"weekday","lunch","working","cold","grocery",0,1,0,"midday"
27,276,99,177,"weekday","afternoon","travelling","freezing","restaurant",0,1,0,"midday"
27,277,100,177,"weekday","beforelunch","travelling","unknown","grocery",1,1,0,"midday"
27,278,101,177,"weekend","afternoon","unknown","cold","restaurant",0,1,0,"midday"
27,280,103,177,"weekend","lunch","travelling","freezing","grocery",0,1,0,"midday"
27,281,104,177,"weekday","lunch","shopping","unknown","grocery",0,1,0,"midday"
27,282,105,177,"weekend","breakfast","travelling","freezing","restaurant",0,1,0,"morning"
27,283,106,177,"weekday","unknown","unknown","cold","grocery",0,1,0,"unknown"
27,285,108,177,"weekday","lunch","working","warm","restaurant",0,1,0,"midday"
27,288,111,177,"weekday","unknown","unknown","cold","grocery",0,1,0,"unknown"
27,290,113,177,"weekend","lunch","travelling","warm","grocery",0,1,1,"midday"
27,291,114,177,"weekend","earlymorning","morningrituals","cold","grocery",0,1,1,"morning"
27,292,115,177,"weekend","lunch","travelling","warm","restaurant",0,1,1,"midday"
27,293,116,177,"weekday","afternoon","shopping","cold","restaurant",0,1,1,"midday"
27,294,117,177,"weekend","afternoon","working","cold","grocery",0,1,1,"midday"
27,297,120,177,"weekend","morning","travelling","cold","restaurant",1,1,1,"morning"
27,301,124,177,"weekday","afternoon","travelling","cold","grocery",0,1,1,"midday"
27,302,125,177,"weekend","afternoon","travelling","unknown","grocery",0,1,1,"midday"
27,303,126,177,"weekday","afternoon","travelling","unknown","grocery",1,1,1,"midday"
27,304,127,177,"weekday","lunch","travelling","cold","grocery",0,1,1,"midday"
27,306,129,177,"weekend","beforelunch","morningrituals","unknown","grocery",0,1,1,"midday"
27,307,130,177,"weekday","breakfast","working","unknown","restaurant",1,1,1,"morning"
27,308,131,177,"weekday","breakfast","shopping","unknown","restaurant",0,1,1,"morning"
27,309,132,177,"weekday","breakfast","shopping","cold","restaurant",0,1,1,"morning"
27,310,133,177,"weekday","lunch","travelling","warm","restaurant",0,1,1,"midday"
27,311,134,177,"weekday","beforelunch","travelling","cold","restaurant",0,1,1,"midday"
27,312,135,177,"weekend","dinner","unknown","hot","restaurant",0,1,1,"night"
27,313,136,177,"weekday","afternoon","working","unknown","grocery",0,1,1,"midday"
27,314,137,177,"weekday","afternoon","unknown","hot","grocery",0,1,1,"midday"
27,315,138,177,"weekday","afternoon","travelling","freezing","grocery",0,1,1,"midday"
27,317,140,177,"weekday","unknown","travelling","cold","restaurant",0,1,1,"unknown"
27,320,143,177,"weekday","afternoon","unknown","warm","restaurant",1,1,1,"midday"
27,321,144,177,"weekday","afternoon","leisure","freezing","restaurant",1,1,1,"midday"
27,326,149,177,"weekday","afternoon","travelling","unknown","restaurant",0,1,1,"midday"
27,327,150,177,"weekday","evening","travelling","warm","grocery",1,1,1,"night"
27,328,151,177,"weekday","dinner","travelling","cold","grocery",1,1,1,"night"
27,329,152,177,"weekday","breakfast","travelling","warm","grocery",0,1,1,"morning"
27,331,154,177,"weekday","beforelunch","travelling","warm","grocery",0,1,1,"midday"
27,333,156,177,"weekday","night","travelling","unknown","restaurant",0,1,1,"night"
27,334,157,177,"weekday","morning","travelling","freezing","restaurant",1,1,1,"morning"
27,336,159,177,"weekday","lunch","working","cold","restaurant",0,1,1,"midday"
27,338,161,177,"weekend","lunch","travelling","freezing","grocery",0,1,1,"midday"
27,339,162,177,"weekday","earlymorning","unknown","unknown","grocery",0,1,1,"morning"
27,340,163,177,"weekday","afternoon","travelling","cold","grocery",0,1,1,"midday"
27,341,164,177,"weekday","breakfast","travelling","unknown","grocery",1,1,1,"morning"
27,345,168,177,"weekday","beforelunch","leisure","warm","restaurant",0,1,1,"midday"
27,346,169,177,"weekday","lunch","travelling","freezing","grocery",0,1,1,"midday"
27,348,171,177,"weekday","lunch","travelling","hot","grocery",0,1,1,"midday"
27,349,172,177,"weekday","lunch","travelling","cold","restaurant",0,1,1,"midday"
27,350,173,177,"weekday","beforelunch","travelling","cold","restaurant",1,1,1,"midday"
27,352,175,177,"weekday","afternoon","leisure","cold","restaurant",0,1,1,"midday"
27,356,179,177,"weekday","breakfast","unknown","freezing","grocery",0,1,1,"morning"
27,357,180,177,"weekday","breakfast","shopping","freezing","grocery",1,1,1,"morning"
27,360,183,177,"weekday","beforelunch","working","cold","restaurant",1,1,1,"midday"
28,199,11,188,"weekday","afternoon","shopping","unknown","restaurant",0,0,0,"midday"
28,201,13,188,"weekday","lunch","leisure","freezing","restaurant",0,0,0,"midday"
28,214,26,188,"weekend","breakfast","travelling","cold","restaurant",0,0,0,"morning"
28,217,29,188,"weekday","beforelunch","leisure","cold","grocery",1,0,0,"midday"
28,235,47,188,"weekend","afternoon","travelling","cold","grocery",1,0,0,"midday"
28,237,49,188,"weekend","lunch","workingout","cold","grocery",0,0,0,"midday"
28,238,50,188,"weekend","lunch","unknown","freezing","grocery",0,0,0,"midday"
28,241,53,188,"weekday","lunch","unknown","unknown","restaurant",0,0,0,"midday"
28,247,59,188,"weekday","morning","travelling","warm","grocery",0,1,0,"morning"
28,248,60,188,"weekday","lunch","travelling","unknown","grocery",1,1,0,"midday"
28,255,67,188,"weekend","beforelunch","travelling","cold","grocery",0,1,0,"midday"
28,258,70,188,"weekend","breakfast","travelling","unknown","grocery",1,1,0,"morning"
28,270,82,188,"weekday","afternoon","unknown","unknown","grocery",0,1,0,"midday"
28,273,85,188,"unknown","morning","unknown","cold","grocery",0,1,0,"morning"
28,283,95,188,"weekday","earlymorning","travelling","unknown","grocery",0,1,0,"morning"
28,293,105,188,"unknown","afternoon","unknown","unknown","grocery",1,1,0,"midday"
28,303,115,188,"weekday","morning","travelling","freezing","restaurant",0,1,1,"morning"
28,304,116,188,"weekday","morning","unknown","cold","restaurant",1,1,1,"morning"
28,305,117,188,"weekend","lunch","morningrituals","unknown","grocery",0,1,1,"midday"
28,314,126,188,"weekday","lunch","working","cold","restaurant",1,1,1,"midday"
28,316,128,188,"weekday","lunch","working","freezing","restaurant",0,1,1,"midday"
28,319,131,188,"weekend","morning","shopping","cold","grocery",0,1,1,"morning"
28,326,138,188,"weekday","breakfast","travelling","freezing","grocery",1,1,1,"morning"
28,327,139,188,"weekday","lunch","shopping","cold","restaurant",0,1,1,"midday"
28,329,141,188,"weekday","lunch","travelling","hot","grocery",0,1,1,"midday"
28,332,144,188,"weekday","unknown","travelling","freezing","grocery",1,1,1,"unknown"
28,333,145,188,"weekday","lunch","unknown","unknown","grocery",0,1,1,"midday"
28,341,153,188,"weekday","lunch","working","unknown","restaurant",0,1,1,"midday"
28,346,158,188,"weekday","lunch","travelling","cold","restaurant",0,1,1,"midday"
28,353,165,188,"weekday","afternoon","unknown","unknown","grocery",1,1,1,"midday"
28,358,170,188,"weekday","unknown","travelling","freezing","restaurant",0,1,1,"unknown"
28,359,171,188,"weekend","morning","travelling","hot","restaurant",0,1,1,"morning"
28,366,178,188,"weekday","beforelunch","morningrituals","unknown","grocery",0,1,1,"midday"
28,368,180,188,"weekday","breakfast","travelling","warm","grocery",1,1,1,"morning"
29,204,3,201,"weekday","lunch","travelling","cold","grocery",0,0,0,"midday"
29,206,5,201,"weekday","afternoon","working","unknown","grocery",0,0,0,"midday"
29,208,7,201,"weekday","afternoon","travelling","unknown","grocery",0,0,0,"midday"
29,209,8,201,"weekday","lunch","unknown","unknown","grocery",0,0,0,"midday"
29,210,9,201,"weekday","afternoon","travelling","cold","restaurant",1,0,0,"midday"
29,215,14,201,"weekday","lunch","travelling","cold","restaurant",1,0,0,"midday"
29,216,15,201,"weekday","morning","unknown","freezing","restaurant",0,0,0,"morning"
29,217,16,201,"weekday","lunch","travelling","cold","restaurant",0,0,0,"midday"
29,218,17,201,"weekday","afternoon","morningrituals","unknown","grocery",0,0,0,"midday"
29,219,18,201,"weekend","afternoon","working","unknown","grocery",0,0,0,"midday"
29,220,19,201,"weekday","beforelunch","travelling","unknown","grocery",0,0,0,"midday"
29,224,23,201,"weekday","beforelunch","travelling","unknown","restaurant",1,0,0,"midday"
29,226,25,201,"weekday","breakfast","leisure","hot","restaurant",0,0,0,"morning"
29,227,26,201,"weekend","beforelunch","leisure","hot","restaurant",1,0,0,"midday"
29,228,27,201,"weekday","afternoon","working","unknown","restaurant",0,0,0,"midday"
29,231,30,201,"weekday","lunch","working","unknown","restaurant",1,0,0,"midday"
29,234,33,201,"weekend","breakfast","unknown","freezing","grocery",1,0,0,"morning"
29,237,36,201,"weekday","beforelunch","unknown","unknown","grocery",0,0,0,"midday"
29,238,37,201,"weekday","morning","travelling","unknown","grocery",0,0,0,"morning"
29,243,42,201,"weekend","afternoon","travelling","cold","grocery",0,0,0,"midday"
29,246,45,201,"weekday","lunch","leisure","unknown","grocery",1,0,0,"midday"
29,251,50,201,"weekday","earlymorning","leisure","cold","grocery",0,0,0,"morning"
29,253,52,201,"weekday","lunch","travelling","warm","grocery",1,0,0,"midday"
29,254,53,201,"weekday","lunch","working","cold","restaurant",0,0,0,"midday"
29,257,56,201,"weekday","morning","travelling","warm","grocery",0,0,0,"morning"
29,258,57,201,"weekend","lunch","travelling","cold","restaurant",0,1,0,"midday"
29,264,63,201,"weekend","breakfast","working","unknown","restaurant",0,1,0,"morning"
29,266,65,201,"weekday","earlymorning","morningrituals","unknown","grocery",0,1,0,"morning"
29,276,75,201,"weekday","morning","unknown","unknown","restaurant",0,1,0,"morning"
29,277,76,201,"weekend","morning","working","freezing","grocery",0,1,0,"morning"
29,281,80,201,"weekday","beforelunch","travelling","freezing","grocery",1,1,0,"midday"
29,284,83,201,"weekday","lunch","working","freezing","grocery",1,1,0,"midday"
29,286,85,201,"weekday","dinner","working","freezing","restaurant",0,1,0,"night"
29,293,92,201,"weekday","evening","unknown","cold","grocery",1,1,0,"night"
29,294,93,201,"weekday","afternoon","travelling","hot","grocery",1,1,0,"midday"
29,297,96,201,"weekday","afternoon","unknown","cold","grocery",1,1,0,"midday"
29,302,101,201,"weekday","morning","travelling","hot","grocery",0,1,0,"morning"
29,304,103,201,"weekday","lunch","travelling","freezing","restaurant",0,1,0,"midday"
29,308,107,201,"weekday","afternoon","travelling","hot","grocery",0,1,0,"midday"
29,315,114,201,"weekday","lunch","travelling","freezing","grocery",0,1,1,"midday"
29,320,119,201,"weekday","afternoon","unknown","cold","grocery",0,1,1,"midday"
29,321,120,201,"weekday","lunch","travelling","unknown","grocery",0,1,1,"midday"
29,322,121,201,"weekday","beforelunch","leisure","freezing","grocery",0,1,1,"midday"
29,324,123,201,"weekday","beforelunch","unknown","warm","restaurant",1,1,1,"midday"
29,331,130,201,"weekday","unknown","travelling","unknown","grocery",0,1,1,"unknown"
29,333,132,201,"weekday","afternoon","shopping","cold","restaurant",0,1,1,"midday"
29,336,135,201,"weekday","lunch","travelling","freezing","grocery",1,1,1,"midday"
29,337,136,201,"weekday","afternoon","working","cold","grocery",0,1,1,"midday"
29,344,143,201,"weekend","afternoon","travelling","freezing","restaurant",0,1,1,"midday"
29,347,146,201,"weekday","evening","travelling","cold","grocery",0,1,1,"night"
29,353,152,201,"weekday","breakfast","working","unknown","grocery",1,1,1,"morning"
29,371,170,201,"unknown","afternoon","working","cold","grocery",0,1,1,"midday"
29,373,172,201,"weekday","afternoon","travelling","freezing","grocery",1,1,1,"midday"
29,375,174,201,"weekend","night","working","freezing","grocery",1,1,1,"night"
29,376,175,201,"weekday","breakfast","unknown","hot","restaurant",1,1,1,"morning"
29,384,183,201,"weekday","unknown","travelling","hot","restaurant",0,1,1,"unknown"
30,211,0,211,"weekday","lunch","shopping","cold","restaurant",0,0,0,"midday"
30,212,1,211,"weekday","dinner","unknown","freezing","grocery",0,0,0,"night"
30,213,2,211,"weekday","afternoon","leisure","cold","restaurant",0,0,0,"midday"
30,214,3,211,"weekday","evening","travelling","cold","grocery",0,0,0,"night"
30,215,4,211,"weekday","afternoon","travelling","warm","grocery",0,0,0,"midday"
30,217,6,211,"weekend","evening","travelling","cold","grocery",1,0,0,"night"
30,218,7,211,"weekday","afternoon","travelling","unknown","grocery",0,0,0,"midday"
30,220,9,211,"weekday","afternoon","leisure","warm","grocery",1,0,0,"midday"
30,221,10,211,"weekday","afternoon","travelling","hot","grocery",0,0,0,"midday"
30,223,12,211,"weekday","lunch","shopping","unknown","grocery",0,0,0,"midday"
30,224,13,211,"weekday","lunch","travelling","unknown","grocery",1,0,0,"midday"
30,225,14,211,"weekday","night","travelling","freezing","restaurant",0,0,0,"night"
30,226,15,211,"weekday","afternoon","travelling","cold","restaurant",0,0,0,"midday"
30,227,16,211,"weekday","afternoon","unknown","freezing","grocery",1,0,0,"midday"
30,228,17,211,"weekend","beforelunch","travelling","cold","restaurant",0,0,0,"midday"
30,230,19,211,"weekend","afternoon","travelling","cold","restaurant",0,0,0,"midday"
30,233,22,211,"weekday","lunch","leisure","cold","grocery",0,0,0,"midday"
30,234,23,211,"weekday","afternoon","travelling","hot","restaurant",0,0,0,"midday"
30,235,24,211,"weekday","afternoon","working","warm","grocery",0,0,0,"midday"
30,237,26,211,"weekday","afternoon","housework","unknown","restaurant",1,0,0,"midday"
30,239,28,211,"weekday","afternoon","travelling","warm","restaurant",0,0,0,"midday"
30,240,29,211,"weekday","lunch","unknown","hot","grocery",1,0,0,"midday"
30,241,30,211,"weekday","afternoon","morningrituals","freezing","restaurant",0,0,0,"midday"
30,243,32,211,"weekend","afternoon","leisure","hot","grocery",0,0,0,"midday"
30,244,33,211,"weekday","beforelunch","shopping","hot","restaurant",0,0,0,"midday"
30,245,34,211,"weekday","beforelunch","travelling","cold","grocery",1,0,0,"midday"
30,249,38,211,"weekday","beforelunch","travelling","cold","restaurant",0,0,0,"midday"
30,251,40,211,"weekday","dinner","leisure","warm","restaurant",0,0,0,"night"
30,253,42,211,"weekend","earlymorning","travelling","warm","grocery",0,0,0,"morning"
30,254,43,211,"weekend","morning","unknown","cold","restaurant",1,0,0,"morning"
30,255,44,211,"weekday","afternoon","unknown","freezing","grocery",1,0,0,"midday"
30,257,46,211,"weekday","breakfast","travelling","unknown","restaurant",0,0,0,"morning"
30,258,47,211,"weekend","beforelunch","travelling","unknown","restaurant",1,0,0,"midday"
30,260,49,211,"weekday","lunch","working","freezing","restaurant",0,0,0,"midday"
30,262,51,211,"weekday","beforelunch","travelling","freezing","grocery",1,0,0,"midday"
30,263,52,211,"weekday","evening","travelling","unknown","restaurant",0,0,0,"night"
30,264,53,211,"weekend","beforelunch","travelling","cold","grocery",1,0,0,"midday"
30,266,55,211,"weekday","afternoon","travelling","cold","restaurant",0,0,0,"midday"
30,268,57,211,"weekday","afternoon","unknown","cold","grocery",1,1,0,"midday"
30,269,58,211,"weekday","lunch","shopping","hot","grocery",0,1,0,"midday"
30,271,60,211,"weekend","afternoon","unknown","warm","restaurant",0,1,0,"midday"
30,272,61,211,"weekday","afternoon","travelling","unknown","grocery",0,1,0,"midday"
30,273,62,211,"weekday","afternoon","travelling","freezing","grocery",1,1,0,"midday"
30,275,64,211,"weekday","morning","travelling","hot","restaurant",0,1,0,"morning"
30,276,65,211,"weekday","breakfast","travelling","warm","restaurant",0,1,0,"morning"
30,277,66,211,"weekday","afternoon","travelling","unknown","grocery",0,1,0,"midday"
30,278,67,211,"weekday","lunch","travelling","cold","restaurant",0,1,0,"midday"
30,279,68,211,"weekend","afternoon","travelling","cold","restaurant",1,1,0,"midday"
30,280,69,211,"weekend","lunch","travelling","unknown","restaurant",1,1,0,"midday"
30,281,70,211,"weekday","beforelunch","travelling","hot","grocery",0,1,0,"midday"
30,283,72,211,"weekday","breakfast","working","cold","grocery",0,1,0,"morning"
30,284,73,211,"weekday","afternoon","travelling","cold","restaurant",1,1,0,"midday"
30,285,74,211,"weekend","beforelunch","travelling","warm","restaurant",1,1,0,"midday"
30,286,75,211,"weekday","afternoon","travelling","unknown","restaurant",1,1,0,"midday"
30,287,76,211,"weekday","dinner","unknown","hot","grocery",0,1,0,"night"
30,288,77,211,"unknown","beforelunch","travelling","cold","restaurant",0,1,0,"midday"
30,290,79,211,"unknown","beforelunch","working","cold","restaurant",1,1,0,"midday"
30,292,81,211,"weekend","breakfast","shopping","hot","restaurant",0,1,0,"morning"
30,295,84,211,"weekday","beforelunch","travelling","cold","grocery",0,1,0,"midday"
30,296,85,211,"weekend","breakfast","travelling","cold","restaurant",1,1,0,"morning"
30,298,87,211,"weekday","earlymorning","travelling","freezing","grocery",0,1,0,"morning"
30,302,91,211,"weekday","afternoon","travelling","cold","grocery",1,1,0,"midday"
30,303,92,211,"weekday","night","travelling","unknown","grocery",0,1,0,"night"
30,304,93,211,"weekday","breakfast","travelling","hot","restaurant",0,1,0,"morning"
30,305,94,211,"weekday","afternoon","travelling","unknown","grocery",1,1,0,"midday"
30,308,97,211,"weekend","lunch","travelling","unknown","restaurant",0,1,0,"midday"
30,311,100,211,"weekday","afternoon","shopping","unknown","restaurant",0,1,0,"midday"
30,312,101,211,"weekend","unknown","travelling","hot","grocery",0,1,0,"unknown"
30,313,102,211,"weekday","dinner","travelling","cold","grocery",0,1,0,"night"
30,314,103,211,"weekday","breakfast","travelling","unknown","grocery",1,1,0,"morning"
30,315,104,211,"weekday","breakfast","travelling","unknown","grocery",0,1,0,"morning"
30,316,105,211,"weekday","dinner","leisure","cold","restaurant",0,1,0,"night"
30,317,106,211,"weekday","afternoon","travelling","hot","grocery",0,1,0,"midday"
30,318,107,211,"weekend","afternoon","travelling","freezing","grocery",0,1,0,"midday"
30,319,108,211,"weekend","lunch","travelling","unknown","grocery",1,1,0,"midday"
30,321,110,211,"weekend","afternoon","shopping","cold","grocery",0,1,0,"midday"
30,323,112,211,"weekday","morning","unknown","freezing","restaurant",0,1,0,"morning"
30,327,116,211,"weekday","afternoon","travelling","cold","restaurant",0,1,1,"midday"
30,328,117,211,"weekday","afternoon","unknown","freezing","restaurant",1,1,1,"midday"
30,329,118,211,"weekend","beforelunch","travelling","freezing","restaurant",0,1,1,"midday"
30,331,120,211,"weekend","lunch","travelling","freezing","grocery",0,1,1,"midday"
30,332,121,211,"weekday","afternoon","travelling","cold","grocery",0,1,1,"midday"
30,333,122,211,"weekday","lunch","leisure","cold","restaurant",0,1,1,"midday"
30,335,124,211,"weekday","afternoon","unknown","cold","grocery",1,1,1,"midday"
30,336,125,211,"weekend","breakfast","travelling","hot","restaurant",0,1,1,"morning"
30,337,126,211,"weekday","lunch","travelling","unknown","grocery",0,1,1,"midday"
30,338,127,211,"weekday","morning","travelling","cold","restaurant",0,1,1,"morning"
30,340,129,211,"weekday","lunch","travelling","warm","grocery",1,1,1,"midday"
30,341,130,211,"weekday","afternoon","leisure","freezing","grocery",0,1,1,"midday"
30,342,131,211,"weekday","beforelunch","travelling","freezing","grocery",0,1,1,"midday"
30,343,132,211,"weekday","lunch","shopping","freezing","restaurant",1,1,1,"midday"
30,344,133,211,"weekday","afternoon","working","warm","restaurant",1,1,1,"midday"
30,346,135,211,"weekday","afternoon","travelling","unknown","restaurant",1,1,1,"midday"
30,347,136,211,"weekend","evening","working","warm","restaurant",1,1,1,"night"
30,350,139,211,"weekday","evening","shopping","unknown","restaurant",0,1,1,"night"
30,351,140,211,"weekday","afternoon","working","cold","restaurant",0,1,1,"midday"
30,353,142,211,"weekday","beforelunch","unknown","cold","restaurant",1,1,1,"midday"
30,354,143,211,"weekday","afternoon","working","unknown","grocery",0,1,1,"midday"
30,356,145,211,"weekday","unknown","travelling","freezing","grocery",1,1,1,"unknown"
30,358,147,211,"weekday","afternoon","travelling","freezing","grocery",0,1,1,"midday"
30,359,148,211,"weekday","night","travelling","hot","restaurant",1,1,1,"night"
30,361,150,211,"weekday","afternoon","travelling","unknown","restaurant",0,1,1,"midday"
30,362,151,211,"weekday","beforelunch","morningrituals","unknown","grocery",0,1,1,"midday"
30,364,153,211,"weekday","beforelunch","travelling","freezing","grocery",0,1,1,"midday"
30,365,154,211,"weekday","afternoon","travelling","freezing","restaurant",1,1,1,"midday"
30,369,158,211,"weekend","breakfast","shopping","cold","grocery",0,1,1,"morning"
30,370,159,211,"weekday","earlymorning","travelling","warm","grocery",1,1,1,"morning"
30,371,160,211,"weekend","lunch","leisure","warm","grocery",0,1,1,"midday"
30,374,163,211,"weekday","lunch","unknown","warm","restaurant",0,1,1,"midday"
30,376,165,211,"weekday","breakfast","working","freezing","restaurant",0,1,1,"morning"
30,377,166,211,"unknown","afternoon","unknown","unknown","restaurant",0,1,1,"midday"
30,378,167,211,"weekday","afternoon","unknown","unknown","restaurant",0,1,1,"midday"
30,380,169,211,"weekday","lunch","unknown","freezing","grocery",1,1,1,"midday"
30,381,170,211,"weekend","afternoon","leisure","freezing","grocery",1,1,1,"midday"
30,382,171,211,"weekday","breakfast","working","freezing","restaurant",1,1,1,"morning"
30,383,172,211,"weekday","afternoon","travelling","warm","restaurant",0,1,1,"midday"
30,385,174,211,"weekday","afternoon","travelling","warm","grocery",0,1,1,"midday"
30,386,175,211,"weekend","breakfast","travelling","cold","grocery",0,1,1,"morning"
30,388,177,211,"weekday","lunch","leisure","cold","grocery",0,1,1,"midday"
30,389,178,211,"weekend","afternoon","unknown","unknown","restaurant",0,1,1,"midday"
30,390,179,211,"weekday","afternoon","travelling","freezing","grocery",0,1,1,"midday"
30,391,180,211,"weekend","afternoon","unknown","cold","grocery",0,1,1,"midday"
30,392,181,211,"weekend","afternoon","travelling","cold","restaurant",1,1,1,"midday"
30,393,182,211,"weekend","lunch","travelling","cold","grocery",0,1,1,"midday"
31,217,0,217,"weekend","lunch","travelling","unknown","grocery",0,0,0,"midday"
31,220,3,217,"weekend","night","travelling","unknown","restaurant",1,0,0,"night"
31,221,4,217,"weekday","dinner","travelling","warm","grocery",0,0,0,"night"
31,222,5,217,"weekday","lunch","working","freezing","grocery",0,0,0,"midday"
31,223,6,217,"weekday","lunch","travelling","cold","grocery",0,0,0,"midday"
31,225,8,217,"weekday","afternoon","travelling","unknown","grocery",0,0,0,"midday"
31,226,9,217,"weekend","afternoon","travelling","freezing","restaurant",0,0,0,"midday"
31,227,10,217,"weekday","beforelunch","travelling","cold","restaurant",0,0,0,"midday"
31,230,13,217,"weekend","lunch","travelling","cold","restaurant",0,0,0,"midday"
31,231,14,217,"weekend","afternoon","travelling","unknown","grocery",1,0,0,"midday"
31,233,16,217,"weekday","afternoon","travelling","freezing","grocery",0,0,0,"midday"
31,236,19,217,"weekday","lunch","travelling","hot","restaurant",0,0,0,"midday"
31,237,20,217,"weekend","beforelunch","travelling","freezing","grocery",0,0,0,"midday"
31,239,22,217,"weekend","lunch","shopping","cold","grocery",0,0,0,"midday"
31,240,23,217,"weekend","afternoon","unknown","cold","grocery",0,0,0,"midday"
31,241,24,217,"weekday","afternoon","travelling","freezing","restaurant",0,0,0,"midday"
31,242,25,217,"unknown","breakfast","travelling","unknown","restaurant",0,0,0,"morning"
31,244,27,217,"weekday","lunch","travelling","freezing","restaurant",1,0,0,"midday"
31,245,28,217,"weekday","earlymorning","working","unknown","grocery",1,0,0,"morning"
31,246,29,217,"weekday","morning","travelling","unknown","grocery",1,0,0,"morning"
31,247,30,217,"weekday","breakfast","leisure","warm","restaurant",0,0,0,"morning"
31,248,31,217,"weekday","lunch","shopping","cold","grocery",0,0,0,"midday"
31,249,32,217,"weekday","afternoon","travelling","cold","grocery",0,0,0,"midday"
31,250,33,217,"weekday","afternoon","travelling","freezing","grocery",0,0,0,"midday"
31,251,34,217,"weekend","afternoon","travelling","freezing","restaurant",1,0,0,"midday"
31,253,36,217,"weekday","dinner","travelling","unknown","grocery",1,0,0,"night"
31,254,37,217,"weekday","afternoon","travelling","warm","grocery",1,0,0,"midday"
31,255,38,217,"weekday","unknown","travelling","freezing","grocery",1,0,0,"unknown"
31,257,40,217,"weekday","lunch","unknown","cold","grocery",0,0,0,"midday"
31,259,42,217,"weekday","latenight","travelling","unknown","restaurant",0,0,0,"night"
31,260,43,217,"weekday","afternoon","travelling","freezing","grocery",0,0,0,"midday"
31,263,46,217,"weekday","beforelunch","unknown","cold","grocery",1,0,0,"midday"
31,264,47,217,"weekday","earlymorning","unknown","unknown","restaurant",0,0,0,"morning"
31,265,48,217,"unknown","afternoon","travelling","cold","grocery",1,0,0,"midday"
31,266,49,217,"weekend","afternoon","shopping","freezing","restaurant",0,0,0,"midday"
31,267,50,217,"weekday","beforelunch","leisure","hot","grocery",0,0,0,"midday"
31,268,51,217,"weekday","afternoon","travelling","cold","grocery",0,0,0,"midday"
31,272,55,217,"weekday","afternoon","travelling","warm","grocery",0,0,0,"midday"
31,273,56,217,"weekday","breakfast","travelling","unknown","grocery",0,0,0,"morning"
31,274,57,217,"weekday","beforelunch","unknown","warm","restaurant",0,1,0,"midday"
31,276,59,217,"weekday","lunch","travelling","hot","restaurant",0,1,0,"midday"
31,277,60,217,"weekend","lunch","travelling","unknown","grocery",1,1,0,"midday"
31,278,61,217,"weekday","beforelunch","working","freezing","restaurant",1,1,0,"midday"
31,279,62,217,"weekday","breakfast","unknown","cold","grocery",0,1,0,"morning"
31,280,63,217,"weekday","breakfast","travelling","freezing","grocery",1,1,0,"morning"
31,281,64,217,"weekday","afternoon","travelling","freezing","grocery",0,1,0,"midday"
31,282,65,217,"weekday","afternoon","travelling","hot","restaurant",0,1,0,"midday"
31,285,68,217,"weekday","afternoon","unknown","unknown","grocery",0,1,0,"midday"
31,287,70,217,"weekday","afternoon","travelling","freezing","restaurant",0,1,0,"midday"
31,288,71,217,"weekday","lunch","travelling","warm","restaurant",0,1,0,"midday"
31,289,72,217,"weekday","beforelunch","leisure","warm","restaurant",1,1,0,"midday"
31,290,73,217,"weekday","lunch","unknown","freezing","grocery",0,1,0,"midday"
31,291,74,217,"weekend","afternoon","travelling","cold","grocery",0,1,0,"midday"
31,293,76,217,"weekday","beforelunch","unknown","cold","restaurant",1,1,0,"midday"
31,294,77,217,"weekday","earlymorning","travelling","freezing","restaurant",0,1,0,"morning"
31,295,78,217,"weekday","breakfast","travelling","cold","grocery",0,1,0,"morning"
31,296,79,217,"weekday","afternoon","travelling","unknown","restaurant",0,1,0,"midday"
31,299,82,217,"weekday","beforelunch","unknown","warm","restaurant",0,1,0,"midday"
31,301,84,217,"weekday","breakfast","shopping","freezing","restaurant",0,1,0,"morning"
31,303,86,217,"weekday","lunch","unknown","cold","restaurant",1,1,0,"midday"
31,304,87,217,"weekday","afternoon","morningrituals","freezing","grocery",0,1,0,"midday"
31,305,88,217,"weekend","afternoon","travelling","cold","restaurant",1,1,0,"midday"
31,306,89,217,"weekend","lunch","travelling","warm","restaurant",1,1,0,"midday"
31,307,90,217,"weekday","afternoon","travelling","unknown","restaurant",0,1,0,"midday"
31,308,91,217,"weekday","beforelunch","travelling","cold","grocery",1,1,0,"midday"
31,309,92,217,"weekday","lunch","shopping","unknown","restaurant",0,1,0,"midday"
31,310,93,217,"weekday","afternoon","unknown","warm","restaurant",1,1,0,"midday"
31,314,97,217,"weekday","beforelunch","unknown","unknown","grocery",0,1,0,"midday"
31,315,98,217,"weekday","afternoon","travelling","unknown","restaurant",0,1,0,"midday"
31,316,99,217,"weekend","afternoon","travelling","warm","grocery",0,1,0,"midday"
31,317,100,217,"weekday","morning","travelling","freezing","restaurant",0,1,0,"morning"
31,319,102,217,"weekend","dinner","travelling","cold","restaurant",1,1,0,"night"
31,320,103,217,"weekday","breakfast","travelling","cold","grocery",0,1,0,"morning"
31,321,104,217,"weekend","beforelunch","travelling","cold","restaurant",0,1,0,"midday"
31,322,105,217,"weekday","morning","travelling","hot","restaurant",0,1,0,"morning"
31,323,106,217,"weekend","afternoon","working","unknown","restaurant",0,1,0,"midday"
31,325,108,217,"weekday","lunch","travelling","freezing","grocery",0,1,0,"midday"
31,326,109,217,"weekday","lunch","travelling","warm","restaurant",0,1,0,"midday"
31,327,110,217,"weekend","afternoon","unknown","freezing","restaurant",0,1,0,"midday"
31,328,111,217,"weekday","beforelunch","working","freezing","grocery",0,1,0,"midday"
31,329,112,217,"weekday","morning","travelling","warm","grocery",0,1,0,"morning"
31,330,113,217,"weekday","afternoon","travelling","freezing","grocery",1,1,1,"midday"
31,331,114,217,"weekend","afternoon","travelling","hot","restaurant",0,1,1,"midday"
31,333,116,217,"weekend","lunch","travelling","hot","restaurant",1,1,1,"midday"
31,334,117,217,"weekday","breakfast","unknown","cold","grocery",0,1,1,"morning"
31,335,118,217,"weekday","afternoon","travelling","cold","restaurant",0,1,1,"midday"
31,337,120,217,"unknown","breakfast","travelling","unknown","grocery",1,1,1,"morning"
31,338,121,217,"weekday","lunch","travelling","freezing","restaurant",1,1,1,"midday"
31,339,122,217,"weekday","lunch","shopping","hot","restaurant",1,1,1,"midday"
31,340,123,217,"weekday","beforelunch","working","cold","restaurant",1,1,1,"midday"
31,341,124,217,"weekend","lunch","travelling","freezing","restaurant",0,1,1,"midday"
31,342,125,217,"weekday","lunch","travelling","freezing","restaurant",0,1,1,"midday"
31,343,126,217,"weekend","morning","travelling","unknown","restaurant",0,1,1,"morning"
31,344,127,217,"weekend","beforelunch","leisure","unknown","restaurant",0,1,1,"midday"
31,345,128,217,"weekend","morning","leisure","cold","restaurant",1,1,1,"morning"
31,347,130,217,"weekday","dinner","unknown","warm","restaurant",1,1,1,"night"
31,348,131,217,"weekend","afternoon","travelling","unknown","restaurant",0,1,1,"midday"
31,349,132,217,"weekend","morning","working","hot","grocery",0,1,1,"morning"
31,351,134,217,"weekday","afternoon","travelling","cold","grocery",1,1,1,"midday"
31,352,135,217,"weekday","night","workingout","cold","restaurant",0,1,1,"night"
31,353,136,217,"weekday","afternoon","travelling","cold","grocery",1,1,1,"midday"
31,354,137,217,"weekday","afternoon","unknown","freezing","grocery",0,1,1,"midday"
31,355,138,217,"weekday","afternoon","travelling","warm","grocery",0,1,1,"midday"
31,357,140,217,"weekday","afternoon","unknown","warm","restaurant",0,1,1,"midday"
31,358,141,217,"weekday","afternoon","travelling","freezing","restaurant",0,1,1,"midday"
31,359,142,217,"weekday","beforelunch","travelling","unknown","grocery",0,1,1,"midday"
31,360,143,217,"weekday","lunch","unknown","freezing","grocery",1,1,1,"midday"
31,361,144,217,"weekday","lunch","working","freezing","restaurant",0,1,1,"midday"
31,362,145,217,"weekend","beforelunch","working","warm","grocery",0,1,1,"midday"
31,363,146,217,"weekend","evening","leisure","cold","restaurant",0,1,1,"night"
31,365,148,217,"weekend","morning","working","freezing","restaurant",0,1,1,"morning"
31,368,151,217,"weekday","beforelunch","travelling","warm","restaurant",0,1,1,"midday"
31,369,152,217,"weekend","breakfast","working","unknown","restaurant",0,1,1,"morning"
31,371,154,217,"weekday","afternoon","travelling","unknown","restaurant",1,1,1,"midday"
31,372,155,217,"weekday","dinner","travelling","cold","restaurant",0,1,1,"night"
31,373,156,217,"weekend","lunch","working","unknown","grocery",0,1,1,"midday"
31,374,157,217,"weekday","breakfast","working","cold","restaurant",0,1,1,"morning"
31,375,158,217,"weekday","afternoon","unknown","cold","grocery",0,1,1,"midday"
31,376,159,217,"weekday","afternoon","unknown","cold","grocery",0,1,1,"midday"
31,377,160,217,"weekday","afternoon","unknown","freezing","grocery",0,1,1,"midday"
31,378,161,217,"weekday","morning","unknown","cold","grocery",1,1,1,"morning"
31,380,163,217,"weekday","lunch","leisure","warm","restaurant",0,1,1,"midday"
31,381,164,217,"weekend","afternoon","travelling","warm","grocery",1,1,1,"midday"
31,382,165,217,"weekday","morning","leisure","warm","grocery",1,1,1,"morning"
31,383,166,217,"weekday","afternoon","unknown","unknown","grocery",0,1,1,"midday"
31,384,167,217,"weekday","beforelunch","travelling","unknown","grocery",1,1,1,"midday"
31,385,168,217,"weekday","lunch","unknown","freezing","restaurant",1,1,1,"midday"
31,386,169,217,"weekday","lunch","travelling","unknown","grocery",0,1,1,"midday"
31,389,172,217,"unknown","lunch","unknown","warm","restaurant",1,1,1,"midday"
31,390,173,217,"weekend","lunch","travelling","unknown","grocery",0,1,1,"midday"
31,391,174,217,"unknown","afternoon","travelling","cold","grocery",1,1,1,"midday"
31,392,175,217,"weekday","lunch","unknown","cold","restaurant",0,1,1,"midday"
31,393,176,217,"weekend","afternoon","travelling","freezing","restaurant",1,1,1,"midday"
31,394,177,217,"weekday","morning","travelling","warm","restaurant",0,1,1,"morning"
31,395,178,217,"weekday","afternoon","unknown","cold","restaurant",0,1,1,"midday"
31,396,179,217,"weekday","lunch","travelling","freezing","restaurant",0,1,1,"midday"
31,397,180,217,"weekend","lunch","travelling","hot","grocery",0,1,1,"midday"
31,400,183,217,"weekday","lunch","working","warm","grocery",1,1,1,"midday"
32,252,33,219,"weekday","beforelunch","travelling","freezing","grocery",0,0,0,"midday"
32,260,41,219,"weekday","afternoon","working","warm","restaurant",1,0,0,"midday"
32,271,52,219,"weekday","lunch","travelling","cold","grocery",0,0,0,"midday"
32,273,54,219,"weekday","lunch","unknown","cold","restaurant",0,0,0,"midday"
32,293,74,219,"weekend","afternoon","travelling","cold","restaurant",0,1,0,"midday"
32,301,82,219,"weekday","lunch","travelling","unknown","restaurant",0,1,0,"midday"
32,311,92,219,"weekday","beforelunch","travelling","freezing","restaurant",0,1,0,"midday"
32,328,109,219,"weekday","earlymorning","morningrituals","freezing","restaurant",1,1,0,"morning"
32,338,119,219,"weekend","afternoon","unknown","unknown","restaurant",0,1,1,"midday"
32,363,144,219,"weekday","afternoon","housework","freezing","restaurant",0,1,1,"midday"
33,232,0,232,"weekday","beforelunch","travelling","warm","grocery",0,0,0,"midday"
33,233,1,232,"weekday","beforelunch","unknown","cold","restaurant",0,0,0,"midday"
33,240,8,232,"weekend","beforelunch","unknown","cold","grocery",0,0,0,"midday"
33,247,15,232,"weekday","beforelunch","travelling","warm","grocery",1,0,0,"midday"
33,248,16,232,"weekend","beforelunch","travelling","cold","grocery",1,0,0,"midday"
33,250,18,232,"weekend","earlymorning","travelling","hot","restaurant",0,0,0,"morning"
33,253,21,232,"weekday","beforelunch","unknown","cold","restaurant",0,0,0,"midday"
33,258,26,232,"weekday","afternoon","travelling","cold","grocery",0,0,0,"midday"
33,261,29,232,"weekday","lunch","unknown","hot","restaurant",0,0,0,"midday"
33,267,35,232,"weekday","beforelunch","travelling","freezing","grocery",0,0,0,"midday"
33,268,36,232,"weekday","breakfast","travelling","cold","restaurant",0,0,0,"morning"
33,274,42,232,"weekday","lunch","travelling","hot","restaurant",0,0,0,"midday"
33,279,47,232,"weekend","unknown","unknown","warm","grocery",0,0,0,"unknown"
33,302,70,232,"weekday","afternoon","travelling","cold","restaurant",0,1,0,"midday"
33,309,77,232,"weekday","dinner","travelling","cold","grocery",0,1,0,"night"
33,310,78,232,"weekend","lunch","unknown","freezing","grocery",0,1,0,"midday"
33,311,79,232,"weekend","dinner","travelling","cold","grocery",0,1,0,"night"
33,314,82,232,"weekday","unknown","travelling","warm","restaurant",0,1,0,"unknown"
33,328,96,232,"weekday","morning","travelling","unknown","restaurant",1,1,0,"morning"
33,337,105,232,"weekend","afternoon","unknown","freezing","restaurant",1,1,0,"midday"
33,343,111,232,"weekend","lunch","travelling","cold","grocery",0,1,0,"midday"
33,362,130,232,"weekend","morning","travelling","freezing","grocery",1,1,1,"morning"
33,377,145,232,"weekend","breakfast","travelling","warm","restaurant",0,1,1,"morning"
33,378,146,232,"weekday","afternoon","leisure","cold","restaurant",1,1,1,"midday"
33,379,147,232,"weekday","afternoon","travelling","unknown","grocery",0,1,1,"midday"
33,380,148,232,"weekday","beforelunch","travelling","unknown","grocery",0,1,1,"midday"
33,383,151,232,"weekday","lunch","travelling","warm","restaurant",0,1,1,"midday"
33,390,158,232,"weekend","lunch","travelling","freezing","restaurant",0,1,1,"midday"
33,394,162,232,"unknown","lunch","unknown","cold","grocery",0,1,1,"midday"
33,397,165,232,"weekday","lunch","travelling","unknown","grocery",0,1,1,"midday"
33,401,169,232,"weekday","breakfast","travelling","freezing","grocery",1,1,1,"morning"
33,402,170,232,"weekend","lunch","travelling","unknown","grocery",0,1,1,"midday"
33,407,175,232,"weekday","afternoon","leisure","unknown","restaurant",1,1,1,"midday"
33,409,177,232,"weekday","beforelunch","leisure","cold","grocery",0,1,1,"midday"
33,415,183,232,"weekday","breakfast","unknown","freezing","grocery",1,1,1,"morning"
34,245,0,245,"weekday","afternoon","travelling","unknown","grocery",1,0,0,"midday"
34,246,1,245,"weekend","afternoon","travelling","unknown","grocery",0,0,0,"midday"
34,248,3,245,"weekday","beforelunch","unknown","freezing","restaurant",0,0,0,"midday"
34,251,6,245,"weekday","breakfast","travelling","hot","restaurant",1,0,0,"morning"
34,252,7,245,"weekend","dinner","travelling","warm","restaurant",0,0,0,"night"
34,253,8,245,"weekend","breakfast","travelling","cold","grocery",0,0,0,"morning"
34,257,12,245,"weekday","night","housework","freezing","restaurant",0,0,0,"night"
34,259,14,245,"weekday","breakfast","working","warm","restaurant",0,0,0,"morning"
34,260,15,245,"weekday","afternoon","unknown","unknown","restaurant",0,0,0,"midday"
34,261,16,245,"weekday","afternoon","working","warm","grocery",0,0,0,"midday"
34,265,20,245,"weekday","earlymorning","unknown","unknown","grocery",0,0,0,"morning"
34,267,22,245,"weekday","afternoon","travelling","unknown","grocery",1,0,0,"midday"
34,268,23,245,"weekday","unknown","morningrituals","freezing","restaurant",0,0,0,"unknown"
34,269,24,245,"weekday","afternoon","travelling","freezing","grocery",0,0,0,"midday"
34,271,26,245,"weekend","lunch","unknown","freezing","grocery",1,0,0,"midday"
34,272,27,245,"weekday","afternoon","travelling","warm","restaurant",1,0,0,"midday"
34,275,30,245,"weekday","beforelunch","travelling","freezing","grocery",1,0,0,"midday"
34,276,31,245,"weekend","breakfast","travelling","cold","grocery",0,0,0,"morning"
34,278,33,245,"weekday","breakfast","travelling","cold","grocery",0,0,0,"morning"
34,279,34,245,"weekday","beforelunch","travelling","cold","grocery",0,0,0,"midday"
34,280,35,245,"weekday","breakfast","travelling","hot","grocery",0,0,0,"morning"
34,281,36,245,"weekday","afternoon","travelling","hot","grocery",1,0,0,"midday"
34,282,37,245,"weekday","morning","shopping","freezing","restaurant",0,0,0,"morning"
34,286,41,245,"weekend","afternoon","travelling","warm","grocery",0,0,0,"midday"
34,289,44,245,"weekday","beforelunch","travelling","freezing","restaurant",0,0,0,"midday"
34,291,46,245,"weekday","breakfast","shopping","freezing","restaurant",0,0,0,"morning"
34,293,48,245,"weekday","afternoon","travelling","warm","grocery",0,0,0,"midday"
34,294,49,245,"weekend","afternoon","travelling","unknown","restaurant",1,0,0,"midday"
34,295,50,245,"weekend","afternoon","travelling","cold","grocery",0,0,0,"midday"
34,296,51,245,"weekday","afternoon","unknown","freezing","restaurant",0,0,0,"midday"
34,297,52,245,"weekday","lunch","travelling","warm","restaurant",1,0,0,"midday"
34,298,53,245,"weekday","lunch","travelling","cold","grocery",1,0,0,"midday"
34,299,54,245,"weekday","beforelunch","travelling","unknown","grocery",0,0,0,"midday"
34,301,56,245,"weekday","night","shopping","warm","grocery",0,0,0,"night"
34,303,58,245,"weekend","beforelunch","travelling","cold","grocery",0,1,0,"midday"
34,305,60,245,"weekday","afternoon","unknown","freezing","grocery",1,1,0,"midday"
34,309,64,245,"weekday","morning","travelling","unknown","grocery",0,1,0,"morning"
34,310,65,245,"weekday","beforelunch","travelling","freezing","restaurant",0,1,0,"midday"
34,311,66,245,"weekend","afternoon","travelling","freezing","grocery",1,1,0,"midday"
34,312,67,245,"weekday","beforelunch","shopping","freezing","grocery",0,1,0,"midday"
34,314,69,245,"weekday","beforelunch","travelling","cold","restaurant",1,1,0,"midday"
34,315,70,245,"weekday","breakfast","unknown","freezing","restaurant",0,1,0,"morning"
34,318,73,245,"weekday","afternoon","travelling","unknown","restaurant",0,1,0,"midday"
34,319,74,245,"weekend","dinner","travelling","cold","grocery",1,1,0,"night"
34,320,75,245,"weekday","afternoon","travelling","freezing","grocery",1,1,0,"midday"
34,321,76,245,"weekday","morning","leisure","hot","grocery",0,1,0,"morning"
34,322,77,245,"weekday","morning","unknown","freezing","grocery",0,1,0,"morning"
34,323,78,245,"weekday","beforelunch","travelling","cold","grocery",0,1,0,"midday"
34,324,79,245,"weekday","breakfast","travelling","unknown","restaurant",0,1,0,"morning"
34,325,80,245,"weekend","afternoon","unknown","unknown","grocery",0,1,0,"midday"
34,326,81,245,"weekday","afternoon","morningrituals","freezing","grocery",0,1,0,"midday"
34,327,82,245,"weekday","beforelunch","travelling","cold","grocery",0,1,0,"midday"
34,328,83,245,"weekday","beforelunch","working","freezing","grocery",0,1,0,"midday"
34,329,84,245,"weekday","afternoon","travelling","freezing","restaurant",0,1,0,"midday"
34,330,85,245,"weekday","beforelunch","shopping","warm","grocery",1,1,0,"midday"
34,331,86,245,"weekend","beforelunch","travelling","freezing","grocery",0,1,0,"midday"
34,332,87,245,"weekday","lunch","unknown","cold","restaurant",0,1,0,"midday"
34,333,88,245,"weekday","lunch","working","hot","restaurant",0,1,0,"midday"
34,334,89,245,"weekend","beforelunch","travelling","cold","grocery",1,1,0,"midday"
34,335,90,245,"weekend","breakfast","travelling","unknown","restaurant",1,1,0,"morning"
34,336,91,245,"weekday","beforelunch","travelling","cold","restaurant",1,1,0,"midday"
34,337,92,245,"weekday","unknown","unknown","cold","restaurant",0,1,0,"unknown"
34,338,93,245,"weekday","lunch","travelling","warm","restaurant",0,1,0,"midday"
34,339,94,245,"weekday","evening","unknown","warm","restaurant",0,1,0,"night"
34,342,97,245,"weekday","morning","travelling","freezing","restaurant",0,1,0,"morning"
34,344,99,245,"weekday","lunch","travelling","cold","restaurant",0,1,0,"midday"
34,345,100,245,"weekday","beforelunch","travelling","warm","grocery",0,1,0,"midday"
34,346,101,245,"weekday","lunch","travelling","cold","grocery",0,1,0,"midday"
34,347,102,245,"weekday","lunch","travelling","unknown","restaurant",0,1,0,"midday"
34,349,104,245,"weekend","lunch","travelling","cold","grocery",0,1,0,"midday"
34,351,106,245,"weekend","evening","leisure","unknown","restaurant",0,1,0,"night"
34,354,109,245,"weekday","beforelunch","travelling","freezing","grocery",1,1,0,"midday"
34,355,110,245,"weekend","beforelunch","leisure","cold","grocery",1,1,0,"midday"
34,357,112,245,"weekday","beforelunch","unknown","freezing","restaurant",0,1,0,"midday"
34,359,114,245,"weekday","lunch","travelling","warm","grocery",0,1,1,"midday"
34,360,115,245,"weekday","beforelunch","travelling","unknown","grocery",0,1,1,"midday"
34,361,116,245,"weekday","morning","travelling","freezing","grocery",1,1,1,"morning"
34,362,117,245,"weekend","afternoon","shopping","cold","grocery",0,1,1,"midday"
34,363,118,245,"weekend","morning","working","cold","grocery",0,1,1,"morning"
34,364,119,245,"weekday","lunch","unknown","warm","grocery",0,1,1,"midday"
34,365,120,245,"weekend","beforelunch","travelling","cold","grocery",1,1,1,"midday"
34,367,122,245,"weekday","morning","travelling","unknown","grocery",0,1,1,"morning"
34,368,123,245,"weekday","lunch","travelling","cold","grocery",0,1,1,"midday"
34,372,127,245,"weekday","lunch","travelling","cold","grocery",0,1,1,"midday"
34,373,128,245,"weekday","breakfast","travelling","freezing","grocery",0,1,1,"morning"
34,375,130,245,"weekday","lunch","travelling","freezing","restaurant",0,1,1,"midday"
34,377,132,245,"weekend","earlymorning","working","hot","grocery",0,1,1,"morning"
34,378,133,245,"weekend","morning","shopping","freezing","restaurant",1,1,1,"morning"
34,380,135,245,"weekday","afternoon","travelling","warm","restaurant",0,1,1,"midday"
34,381,136,245,"weekend","afternoon","travelling","unknown","restaurant",1,1,1,"midday"
34,382,137,245,"weekday","unknown","working","freezing","restaurant",0,1,1,"unknown"
34,383,138,245,"weekday","beforelunch","travelling","unknown","restaurant",0,1,1,"midday"
34,384,139,245,"weekday","lunch","shopping","unknown","restaurant",0,1,1,"midday"
34,385,140,245,"weekend","afternoon","travelling","cold","grocery",1,1,1,"midday"
34,387,142,245,"weekday","afternoon","morningrituals","freezing","restaurant",0,1,1,"midday"
34,388,143,245,"weekend","afternoon","travelling","freezing","restaurant",1,1,1,"midday"
34,389,144,245,"weekday","beforelunch","travelling","unknown","grocery",0,1,1,"midday"
34,390,145,245,"weekday","afternoon","travelling","warm","restaurant",0,1,1,"midday"
34,392,147,245,"weekend","beforelunch","unknown","cold","grocery",0,1,1,"midday"
34,394,149,245,"weekday","dinner","working","hot","grocery",0,1,1,"night"
34,395,150,245,"weekday","evening","shopping","warm","restaurant",0,1,1,"night"
34,397,152,245,"weekday","beforelunch","morningrituals","cold","grocery",0,1,1,"midday"
34,399,154,245,"weekend","earlymorning","working","cold","restaurant",0,1,1,"morning"
34,400,155,245,"weekday","breakfast","travelling","cold","grocery",0,1,1,"morning"
34,401,156,245,"weekday","lunch","unknown","cold","restaurant",0,1,1,"midday"
34,402,157,245,"weekday","beforelunch","working","cold","restaurant",1,1,1,"midday"
34,403,158,245,"weekend","afternoon","travelling","freezing","restaurant",0,1,1,"midday"
34,404,159,245,"weekend","beforelunch","leisure","freezing","grocery",1,1,1,"midday"
34,405,160,245,"weekday","beforelunch","unknown","unknown","grocery",1,1,1,"midday"
34,406,161,245,"weekday","morning","travelling","freezing","restaurant",0,1,1,"morning"
34,408,163,245,"weekend","lunch","travelling","unknown","restaurant",0,1,1,"midday"
34,410,165,245,"weekday","lunch","unknown","freezing","restaurant",1,1,1,"midday"
34,411,166,245,"weekday","afternoon","travelling","cold","restaurant",0,1,1,"midday"
34,412,167,245,"weekday","morning","unknown","hot","restaurant",0,1,1,"morning"
34,414,169,245,"weekday","afternoon","travelling","hot","restaurant",0,1,1,"midday"
34,415,170,245,"weekday","morning","travelling","unknown","grocery",0,1,1,"morning"
34,417,172,245,"weekday","afternoon","unknown","freezing","restaurant",0,1,1,"midday"
34,418,173,245,"weekend","beforelunch","travelling","hot","restaurant",1,1,1,"midday"
34,420,175,245,"weekend","beforelunch","morningrituals","freezing","grocery",0,1,1,"midday"
34,421,176,245,"weekday","afternoon","shopping","freezing","restaurant",0,1,1,"midday"
34,422,177,245,"weekday","afternoon","unknown","unknown","restaurant",1,1,1,"midday"
34,423,178,245,"weekend","afternoon","travelling","warm","restaurant",0,1,1,"midday"
34,424,179,245,"weekday","afternoon","leisure","cold","grocery",1,1,1,"midday"
34,425,180,245,"weekday","breakfast","shopping","freezing","grocery",0,1,1,"morning"
34,427,182,245,"weekday","unknown","unknown","unknown","grocery",0,1,1,"unknown"
34,428,183,245,"weekday","afternoon","travelling","warm","restaurant",0,1,1,"midday"
35,258,2,256,"weekday","morning","travelling","unknown","restaurant",1,0,0,"morning"
35,260,4,256,"weekday","morning","working","freezing","restaurant",0,0,0,"morning"
35,264,8,256,"weekday","beforelunch","travelling","freezing","grocery",0,0,0,"midday"
35,266,10,256,"weekend","afternoon","travelling","cold","restaurant",0,0,0,"midday"
35,269,13,256,"weekend","afternoon","leisure","cold","restaurant",0,0,0,"midday"
35,270,14,256,"weekday","beforelunch","travelling","cold","restaurant",0,0,0,"midday"
35,271,15,256,"weekday","breakfast","unknown","warm","grocery",0,0,0,"morning"
35,272,16,256,"weekday","lunch","working","cold","restaurant",0,0,0,"midday"
35,276,20,256,"weekday","lunch","unknown","cold","restaurant",0,0,0,"midday"
35,281,25,256,"weekend","dinner","unknown","unknown","grocery",0,0,0,"night"
35,284,28,256,"weekday","breakfast","travelling","warm","grocery",0,0,0,"morning"
35,287,31,256,"weekday","lunch","working","freezing","restaurant",0,0,0,"midday"
35,289,33,256,"weekend","beforelunch","travelling","freezing","restaurant",0,0,0,"midday"
35,290,34,256,"weekday","breakfast","travelling","warm","restaurant",0,0,0,"morning"
35,293,37,256,"weekday","breakfast","travelling","freezing","restaurant",0,0,0,"morning"
35,294,38,256,"weekday","unknown","shopping","cold","grocery",0,0,0,"unknown"
35,295,39,256,"weekday","beforelunch","shopping","warm","restaurant",0,0,0,"midday"
35,298,42,256,"weekend","beforelunch","travelling","hot","restaurant",0,0,0,"midday"
35,299,43,256,"weekend","dinner","leisure","unknown","grocery",0,0,0,"night"
35,305,49,256,"weekend","lunch","unknown","cold","restaurant",0,0,0,"midday"
35,309,53,256,"weekend","beforelunch","travelling","cold","grocery",0,0,0,"midday"
35,310,54,256,"weekday","lunch","travelling","cold","grocery",1,0,0,"midday"
35,312,56,256,"weekday","lunch","travelling","unknown","grocery",0,0,0,"midday"
35,314,58,256,"weekday","afternoon","travelling","cold","restaurant",1,1,0,"midday"
35,316,60,256,"weekday","lunch","travelling","unknown","grocery",0,1,0,"midday"
35,317,61,256,"weekday","breakfast","unknown","freezing","grocery",1,1,0,"morning"
35,319,63,256,"weekday","afternoon","working","cold","grocery",1,1,0,"midday"
35,320,64,256,"weekday","afternoon","travelling","cold","restaurant",0,1,0,"midday"
35,322,66,256,"weekend","latenight","unknown","cold","grocery",0,1,0,"night"
35,323,67,256,"weekend","afternoon","working","hot","grocery",0,1,0,"midday"
35,325,69,256,"weekday","afternoon","morningrituals","freezing","restaurant",1,1,0,"midday"
35,326,70,256,"weekday","beforelunch","unknown","freezing","grocery",0,1,0,"midday"
35,331,75,256,"weekend","beforelunch","unknown","freezing","restaurant",0,1,0,"midday"
35,332,76,256,"weekday","afternoon","unknown","cold","grocery",1,1,0,"midday"
35,333,77,256,"weekday","lunch","travelling","cold","grocery",0,1,0,"midday"
35,334,78,256,"weekday","lunch","travelling","freezing","grocery",0,1,0,"midday"
35,335,79,256,"weekend","evening","travelling","cold","restaurant",0,1,0,"night"
35,337,81,256,"weekday","dinner","travelling","freezing","restaurant",0,1,0,"night"
35,340,84,256,"weekday","beforelunch","travelling","freezing","grocery",0,1,0,"midday"
35,343,87,256,"weekday","night","shopping","freezing","grocery",0,1,0,"night"
35,345,89,256,"weekend","afternoon","unknown","hot","restaurant",0,1,0,"midday"
35,346,90,256,"weekday","beforelunch","unknown","freezing","grocery",0,1,0,"midday"
35,349,93,256,"weekday","afternoon","travelling","freezing","grocery",1,1,0,"midday"
35,350,94,256,"weekday","afternoon","unknown","cold","restaurant",1,1,0,"midday"
35,351,95,256,"weekend","afternoon","travelling","unknown","grocery",0,1,0,"midday"
35,353,97,256,"weekday","breakfast","unknown","cold","restaurant",0,1,0,"morning"
35,355,99,256,"weekday","beforelunch","unknown","cold","grocery",0,1,0,"midday"
35,357,101,256,"weekday","breakfast","travelling","unknown","restaurant",0,1,0,"morning"
35,361,105,256,"weekday","afternoon","travelling","hot","restaurant",1,1,0,"midday"
35,366,110,256,"weekend","lunch","travelling","cold","grocery",1,1,0,"midday"
35,367,111,256,"weekday","beforelunch","travelling","unknown","grocery",1,1,0,"midday"
35,369,113,256,"weekday","afternoon","travelling","cold","restaurant",0,1,1,"midday"
35,370,114,256,"weekday","breakfast","travelling","unknown","grocery",1,1,1,"morning"
35,371,115,256,"weekday","morning","leisure","cold","grocery",0,1,1,"morning"
35,375,119,256,"weekday","lunch","travelling","freezing","restaurant",0,1,1,"midday"
35,378,122,256,"weekday","afternoon","travelling","unknown","restaurant",1,1,1,"midday"
35,379,123,256,"weekday","lunch","travelling","cold","restaurant",0,1,1,"midday"
35,380,124,256,"weekend","afternoon","working","hot","grocery",1,1,1,"midday"
35,381,125,256,"weekday","afternoon","travelling","cold","grocery",1,1,1,"midday"
35,382,126,256,"weekday","afternoon","travelling","hot","grocery",1,1,1,"midday"
35,385,129,256,"weekday","afternoon","unknown","unknown","restaurant",1,1,1,"midday"
35,388,132,256,"weekend","lunch","working","cold","grocery",0,1,1,"midday"
35,389,133,256,"weekday","morning","shopping","hot","grocery",1,1,1,"morning"
35,390,134,256,"weekday","lunch","travelling","unknown","restaurant",0,1,1,"midday"
35,392,136,256,"weekend","afternoon","travelling","cold","restaurant",0,1,1,"midday"
35,394,138,256,"weekday","beforelunch","working","hot","grocery",0,1,1,"midday"
35,396,140,256,"weekend","breakfast","travelling","cold","restaurant",0,1,1,"morning"
35,398,142,256,"weekday","beforelunch","travelling","freezing","grocery",0,1,1,"midday"
35,399,143,256,"weekday","beforelunch","working","freezing","grocery",1,1,1,"midday"
35,406,150,256,"weekend","dinner","travelling","cold","restaurant",1,1,1,"night"
35,409,153,256,"weekday","lunch","travelling","unknown","restaurant",0,1,1,"midday"
35,412,156,256,"weekend","dinner","travelling","freezing","grocery",0,1,1,"night"
35,416,160,256,"weekday","afternoon","travelling","hot","restaurant",0,1,1,"midday"
35,417,161,256,"weekday","afternoon","travelling","hot","restaurant",0,1,1,"midday"
35,424,168,256,"weekday","afternoon","travelling","cold","grocery",1,1,1,"midday"
35,426,170,256,"weekday","beforelunch","travelling","freezing","grocery",0,1,1,"midday"
35,429,173,256,"weekend","unknown","unknown","warm","grocery",0,1,1,"unknown"
35,430,174,256,"weekday","afternoon","shopping","freezing","grocery",0,1,1,"midday"
35,431,175,256,"weekday","earlymorning","travelling","cold","grocery",0,1,1,"morning"
35,432,176,256,"weekday","morning","shopping","cold","restaurant",0,1,1,"morning"
35,433,177,256,"weekday","beforelunch","travelling","cold","grocery",0,1,1,"midday"
35,437,181,256,"weekend","beforelunch","travelling","cold","grocery",0,1,1,"midday"
35,439,183,256,"weekday","dinner","travelling","hot","grocery",0,1,1,"night"
36,268,2,266,"weekday","beforelunch","travelling","cold","restaurant",0,0,0,"midday"
36,270,4,266,"weekday","breakfast","unknown","warm","restaurant",0,0,0,"morning"
36,274,8,266,"weekday","earlymorning","travelling","cold","grocery",1,0,0,"morning"
36,275,9,266,"weekend","morning","unknown","cold","grocery",1,0,0,"morning"
36,276,10,266,"weekday","afternoon","travelling","warm","restaurant",0,0,0,"midday"
36,277,11,266,"weekday","lunch","unknown","unknown","grocery",1,0,0,"midday"
36,278,12,266,"weekday","breakfast","unknown","cold","grocery",0,0,0,"morning"
36,280,14,266,"weekday","afternoon","morningrituals","hot","restaurant",0,0,0,"midday"
36,281,15,266,"weekday","beforelunch","leisure","cold","restaurant",0,0,0,"midday"
36,282,16,266,"weekend","afternoon","shopping","freezing","grocery",0,0,0,"midday"
36,283,17,266,"weekday","lunch","travelling","warm","restaurant",0,0,0,"midday"
36,285,19,266,"weekday","beforelunch","travelling","freezing","restaurant",0,0,0,"midday"
36,286,20,266,"weekday","beforelunch","travelling","freezing","restaurant",1,0,0,"midday"
36,287,21,266,"weekend","beforelunch","working","cold","grocery",1,0,0,"midday"
36,288,22,266,"weekday","lunch","travelling","cold","restaurant",0,0,0,"midday"
36,290,24,266,"weekday","lunch","shopping","cold","restaurant",1,0,0,"midday"
36,292,26,266,"weekend","morning","shopping","freezing","grocery",1,0,0,"morning"
36,293,27,266,"weekday","dinner","travelling","unknown","restaurant",0,0,0,"night"
36,294,28,266,"weekday","lunch","travelling","warm","grocery",0,0,0,"midday"
36,295,29,266,"weekday","morning","working","unknown","restaurant",1,0,0,"morning"
36,296,30,266,"weekend","lunch","morningrituals","cold","restaurant",0,0,0,"midday"
36,301,35,266,"weekday","afternoon","travelling","freezing","grocery",0,0,0,"midday"
36,303,37,266,"weekend","breakfast","travelling","unknown","grocery",1,0,0,"morning"
36,304,38,266,"weekend","afternoon","travelling","freezing","restaurant",0,0,0,"midday"
36,305,39,266,"weekday","breakfast","travelling","cold","restaurant",0,0,0,"morning"
36,306,40,266,"weekday","morning","travelling","freezing","grocery",1,0,0,"morning"
36,307,41,266,"weekday","breakfast","travelling","cold","restaurant",1,0,0,"morning"
36,308,42,266,"weekday","afternoon","travelling","cold","grocery",0,0,0,"midday"
36,309,43,266,"weekend","afternoon","travelling","freezing","restaurant",1,0,0,"midday"
36,310,44,266,"weekend","unknown","travelling","freezing","restaurant",0,0,0,"unknown"
36,311,45,266,"weekday","morning","unknown","unknown","grocery",0,0,0,"morning"
36,312,46,266,"weekday","dinner","working","freezing","restaurant",0,0,0,"night"
36,315,49,266,"weekday","afternoon","travelling","cold","grocery",1,0,0,"midday"
36,316,50,266,"weekday","breakfast","travelling","cold","grocery",0,0,0,"morning"
36,317,51,266,"weekday","breakfast","travelling","cold","restaurant",1,0,0,"morning"
36,318,52,266,"weekend","lunch","leisure","unknown","restaurant",0,0,0,"midday"
36,319,53,266,"weekday","dinner","travelling","hot","restaurant",0,0,0,"night"
36,320,54,266,"weekday","afternoon","shopping","cold","grocery",1,0,0,"midday"
36,325,59,266,"weekend","afternoon","travelling","freezing","grocery",1,1,0,"midday"
36,326,60,266,"weekday","lunch","travelling","cold","grocery",0,1,0,"midday"
36,329,63,266,"weekday","afternoon","travelling","unknown","restaurant",0,1,0,"midday"
36,334,68,266,"weekend","earlymorning","travelling","cold","grocery",0,1,0,"morning"
36,337,71,266,"weekday","morning","travelling","warm","grocery",0,1,0,"morning"
36,338,72,266,"weekday","beforelunch","travelling","warm","grocery",0,1,0,"midday"
36,339,73,266,"weekday","latenight","unknown","warm","grocery",0,1,0,"night"
36,340,74,266,"weekday","dinner","travelling","cold","grocery",0,1,0,"night"
36,344,78,266,"weekday","lunch","working","warm","restaurant",0,1,0,"midday"
36,347,81,266,"weekday","afternoon","travelling","cold","grocery",0,1,0,"midday"
36,349,83,266,"weekday","afternoon","travelling","unknown","restaurant",0,1,0,"midday"
36,351,85,266,"weekend","afternoon","travelling","hot","grocery",0,1,0,"midday"
36,353,87,266,"weekday","beforelunch","travelling","cold","restaurant",1,1,0,"midday"
36,354,88,266,"weekday","afternoon","travelling","cold","restaurant",0,1,0,"midday"
36,357,91,266,"weekday","lunch","unknown","cold","grocery",1,1,0,"midday"
36,358,92,266,"weekday","afternoon","travelling","unknown","restaurant",1,1,0,"midday"
36,360,94,266,"weekend","afternoon","travelling","freezing","grocery",0,1,0,"midday"
36,364,98,266,"weekend","morning","leisure","unknown","grocery",0,1,0,"morning"
36,365,99,266,"weekend","beforelunch","unknown","freezing","grocery",1,1,0,"midday"
36,366,100,266,"weekday","lunch","travelling","freezing","grocery",0,1,0,"midday"
36,367,101,266,"weekday","beforelunch","travelling","warm","restaurant",0,1,0,"midday"
36,369,103,266,"weekday","breakfast","unknown","hot","restaurant",0,1,0,"morning"
36,371,105,266,"weekday","afternoon","shopping","freezing","grocery",0,1,0,"midday"
36,373,107,266,"weekend","beforelunch","travelling","cold","restaurant",0,1,0,"midday"
36,375,109,266,"weekend","afternoon","unknown","warm","restaurant",0,1,0,"midday"
36,376,110,266,"weekday","afternoon","travelling","cold","grocery",1,1,0,"midday"
36,379,113,266,"weekday","afternoon","morningrituals","freezing","grocery",0,1,1,"midday"
36,380,114,266,"weekday","afternoon","working","warm","grocery",0,1,1,"midday"
36,381,115,266,"weekend","beforelunch","travelling","cold","grocery",1,1,1,"midday"
36,382,116,266,"weekday","afternoon","travelling","unknown","restaurant",0,1,1,"midday"
36,383,117,266,"weekday","lunch","travelling","freezing","restaurant",1,1,1,"midday"
36,385,119,266,"weekday","lunch","travelling","hot","restaurant",0,1,1,"midday"
36,386,120,266,"weekday","lunch","travelling","warm","grocery",0,1,1,"midday"
36,388,122,266,"weekday","beforelunch","travelling","cold","grocery",0,1,1,"midday"
36,392,126,266,"weekday","lunch","travelling","warm","grocery",0,1,1,"midday"
36,393,127,266,"weekend","afternoon","travelling","freezing","grocery",0,1,1,"midday"
36,395,129,266,"weekday","afternoon","travelling","cold","grocery",1,1,1,"midday"
36,398,132,266,"weekday","lunch","travelling","hot","grocery",0,1,1,"midday"
36,399,133,266,"weekday","breakfast","travelling","cold","restaurant",0,1,1,"morning"
36,400,134,266,"unknown","beforelunch","unknown","cold","grocery",0,1,1,"midday"
36,405,139,266,"weekday","afternoon","travelling","freezing","restaurant",1,1,1,"midday"
36,406,140,266,"weekday","afternoon","travelling","cold","grocery",0,1,1,"midday"
36,407,141,266,"weekend","afternoon","travelling","cold","grocery",0,1,1,"midday"
36,408,142,266,"weekday","lunch","shopping","warm","grocery",0,1,1,"midday"
36,411,145,266,"weekday","morning","travelling","cold","grocery",0,1,1,"morning"
36,412,146,266,"weekday","lunch","travelling","cold","grocery",1,1,1,"midday"
36,413,147,266,"weekday","night","travelling","unknown","restaurant",1,1,1,"night"
36,415,149,266,"weekday","afternoon","travelling","unknown","restaurant",1,1,1,"midday"
36,416,150,266,"weekend","beforelunch","shopping","cold","restaurant",1,1,1,"midday"
36,417,151,266,"weekday","afternoon","travelling","cold","grocery",0,1,1,"midday"
36,419,153,266,"weekday","morning","working","unknown","grocery",0,1,1,"morning"
36,420,154,266,"weekend","beforelunch","unknown","freezing","grocery",0,1,1,"midday"
36,422,156,266,"weekday","beforelunch","travelling","warm","restaurant",0,1,1,"midday"
36,423,157,266,"weekday","afternoon","unknown","freezing","restaurant",0,1,1,"midday"
36,424,158,266,"weekend","lunch","travelling","hot","restaurant",0,1,1,"midday"
36,426,160,266,"weekday","afternoon","travelling","cold","grocery",0,1,1,"midday"
36,427,161,266,"weekday","morning","travelling","freezing","grocery",0,1,1,"morning"
36,428,162,266,"weekend","afternoon","shopping","unknown","restaurant",0,1,1,"midday"
36,429,163,266,"weekend","beforelunch","travelling","unknown","grocery",0,1,1,"midday"
36,430,164,266,"weekday","afternoon","travelling","cold","grocery",1,1,1,"midday"
36,431,165,266,"weekend","evening","working","unknown","restaurant",1,1,1,"night"
36,433,167,266,"weekday","lunch","unknown","warm","grocery",1,1,1,"midday"
36,434,168,266,"weekend","earlymorning","travelling","cold","grocery",1,1,1,"morning"
36,437,171,266,"weekday","afternoon","travelling","warm","restaurant",0,1,1,"midday"
36,438,172,266,"weekend","beforelunch","travelling","unknown","grocery",0,1,1,"midday"
36,441,175,266,"unknown","night","unknown","cold","restaurant",0,1,1,"night"
36,443,177,266,"weekday","lunch","travelling","cold","restaurant",0,1,1,"midday"
36,445,179,266,"weekday","morning","travelling","freezing","grocery",0,1,1,"morning"
36,446,180,266,"weekday","afternoon","unknown","cold","grocery",0,1,1,"midday"
37,274,2,272,"weekday","afternoon","travelling","cold","grocery",0,0,0,"midday"
37,277,5,272,"weekend","breakfast","travelling","unknown","restaurant",0,0,0,"morning"
37,282,10,272,"weekday","afternoon","morningrituals","freezing","restaurant",0,0,0,"midday"
37,286,14,272,"weekend","afternoon","travelling","hot","restaurant",1,0,0,"midday"
37,289,17,272,"weekday","beforelunch","leisure","unknown","grocery",1,0,0,"midday"
37,290,18,272,"weekday","breakfast","travelling","freezing","restaurant",1,0,0,"morning"
37,292,20,272,"weekday","lunch","travelling","unknown","grocery",0,0,0,"midday"
37,295,23,272,"weekday","beforelunch","unknown","warm","restaurant",0,0,0,"midday"
37,296,24,272,"weekday","afternoon","travelling","freezing","grocery",0,0,0,"midday"
37,297,25,272,"weekend","lunch","unknown","freezing","restaurant",0,0,0,"midday"
37,298,26,272,"weekday","afternoon","working","unknown","restaurant",0,0,0,"midday"
37,299,27,272,"unknown","lunch","travelling","unknown","restaurant",0,0,0,"midday"
37,301,29,272,"weekday","lunch","travelling","freezing","restaurant",1,0,0,"midday"
37,304,32,272,"weekend","dinner","leisure","cold","grocery",1,0,0,"night"
37,307,35,272,"unknown","breakfast","travelling","hot","restaurant",1,0,0,"morning"
37,308,36,272,"weekday","lunch","travelling","hot","restaurant",0,0,0,"midday"
37,312,40,272,"weekday","beforelunch","travelling","cold","restaurant",0,0,0,"midday"
37,313,41,272,"weekday","morning","shopping","cold","restaurant",1,0,0,"morning"
37,315,43,272,"weekend","afternoon","unknown","unknown","grocery",0,0,0,"midday"
37,316,44,272,"weekday","morning","travelling","freezing","grocery",0,0,0,"morning"
37,318,46,272,"weekend","unknown","unknown","warm","grocery",1,0,0,"unknown"
37,323,51,272,"weekday","beforelunch","unknown","cold","grocery",0,0,0,"midday"
37,324,52,272,"weekend","beforelunch","travelling","unknown","restaurant",0,0,0,"midday"
37,335,63,272,"weekday","beforelunch","travelling","freezing","restaurant",0,1,0,"midday"
37,336,64,272,"weekday","breakfast","travelling","freezing","restaurant",0,1,0,"morning"
37,340,68,272,"weekday","afternoon","travelling","cold","restaurant",0,1,0,"midday"
37,341,69,272,"weekday","beforelunch","travelling","warm","restaurant",0,1,0,"midday"
37,342,70,272,"weekend","afternoon","unknown","unknown","restaurant",1,1,0,"midday"
37,343,71,272,"weekday","afternoon","travelling","unknown","restaurant",0,1,0,"midday"
37,347,75,272,"weekday","lunch","shopping","unknown","restaurant",0,1,0,"midday"
37,352,80,272,"weekday","afternoon","unknown","cold","grocery",1,1,0,"midday"
37,353,81,272,"weekday","latenight","unknown","cold","grocery",0,1,0,"night"
37,358,86,272,"weekend","afternoon","social","cold","restaurant",0,1,0,"midday"
37,359,87,272,"weekday","lunch","travelling","cold","restaurant",0,1,0,"midday"
37,361,89,272,"weekday","lunch","working","freezing","restaurant",0,1,0,"midday"
37,364,92,272,"weekday","lunch","travelling","cold","restaurant",0,1,0,"midday"
37,366,94,272,"weekend","dinner","travelling","freezing","restaurant",0,1,0,"night"
37,367,95,272,"weekday","lunch","travelling","unknown","grocery",0,1,0,"midday"
37,369,97,272,"weekday","morning","travelling","freezing","grocery",0,1,0,"morning"
37,373,101,272,"weekday","afternoon","travelling","freezing","grocery",0,1,0,"midday"
37,374,102,272,"weekday","afternoon","travelling","cold","grocery",0,1,0,"midday"
37,375,103,272,"weekday","afternoon","unknown","cold","grocery",0,1,0,"midday"
37,381,109,272,"weekday","morning","travelling","cold","restaurant",1,1,0,"morning"
37,382,110,272,"weekday","afternoon","unknown","freezing","grocery",1,1,0,"midday"
37,385,113,272,"weekend","beforelunch","travelling","freezing","restaurant",0,1,1,"midday"
37,390,118,272,"weekday","lunch","travelling","hot","restaurant",0,1,1,"midday"
37,398,126,272,"weekday","afternoon","working","freezing","grocery",0,1,1,"midday"
37,402,130,272,"weekday","afternoon","working","freezing","grocery",0,1,1,"midday"
37,403,131,272,"weekday","beforelunch","travelling","freezing","grocery",1,1,1,"midday"
37,406,134,272,"weekday","afternoon","travelling","warm","restaurant",0,1,1,"midday"
37,409,137,272,"weekday","beforelunch","travelling","freezing","restaurant",0,1,1,"midday"
37,410,138,272,"weekend","afternoon","shopping","cold","restaurant",0,1,1,"midday"
37,411,139,272,"weekend","lunch","shopping","unknown","restaurant",1,1,1,"midday"
37,412,140,272,"weekday","breakfast","travelling","cold","restaurant",1,1,1,"morning"
37,417,145,272,"weekday","beforelunch","travelling","cold","grocery",0,1,1,"midday"
37,418,146,272,"weekday","beforelunch","travelling","warm","grocery",0,1,1,"midday"
37,422,150,272,"weekday","afternoon","morningrituals","freezing","restaurant",0,1,1,"midday"
37,423,151,272,"weekday","afternoon","travelling","cold","grocery",0,1,1,"midday"
37,428,156,272,"weekend","afternoon","travelling","cold","restaurant",1,1,1,"midday"
37,432,160,272,"weekend","earlymorning","travelling","cold","grocery",0,1,1,"morning"
37,433,161,272,"weekend","lunch","travelling","freezing","grocery",1,1,1,"midday"
37,435,163,272,"weekday","breakfast","working","freezing","restaurant",0,1,1,"morning"
37,436,164,272,"weekday","breakfast","leisure","unknown","grocery",0,1,1,"morning"
37,440,168,272,"weekday","unknown","travelling","cold","grocery",1,1,1,"unknown"
37,445,173,272,"weekday","breakfast","travelling","unknown","grocery",0,1,1,"morning"
37,451,179,272,"weekday","lunch","travelling","warm","grocery",0,1,1,"midday"
37,453,181,272,"weekend","morning","leisure","warm","grocery",1,1,1,"morning"
37,455,183,272,"weekday","breakfast","travelling","warm","grocery",1,1,1,"morning"
38,280,1,279,"weekday","breakfast","travelling","unknown","grocery",0,0,0,"morning"
38,282,3,279,"weekday","beforelunch","travelling","cold","grocery",1,0,0,"midday"
38,288,9,279,"weekday","morning","travelling","cold","grocery",1,0,0,"morning"
38,291,12,279,"weekday","morning","leisure","unknown","grocery",0,0,0,"morning"
38,292,13,279,"weekday","dinner","travelling","hot","grocery",0,0,0,"night"
38,304,25,279,"weekend","afternoon","shopping","hot","restaurant",1,0,0,"midday"
38,305,26,279,"weekday","beforelunch","working","freezing","restaurant",0,0,0,"midday"
38,309,30,279,"weekday","afternoon","unknown","warm","grocery",0,0,0,"midday"
38,321,42,279,"weekend","afternoon","travelling","unknown","restaurant",0,0,0,"midday"
38,323,44,279,"weekend","afternoon","working","unknown","grocery",1,0,0,"midday"
38,328,49,279,"weekday","lunch","unknown","freezing","restaurant",1,0,0,"midday"
38,332,53,279,"weekend","afternoon","travelling","cold","grocery",1,0,0,"midday"
38,339,60,279,"weekday","lunch","travelling","hot","restaurant",0,1,0,"midday"
38,341,62,279,"weekday","beforelunch","travelling","hot","grocery",0,1,0,"midday"
38,349,70,279,"weekday","earlymorning","travelling","freezing","grocery",0,1,0,"morning"
38,350,71,279,"weekend","afternoon","travelling","cold","restaurant",0,1,0,"midday"
38,361,82,279,"weekday","afternoon","travelling","unknown","grocery",0,1,0,"midday"
38,362,83,279,"weekend","afternoon","travelling","cold","restaurant",0,1,0,"midday"
38,365,86,279,"weekend","latenight","travelling","warm","grocery",1,1,0,"night"
38,366,87,279,"weekday","morning","travelling","hot","grocery",1,1,0,"morning"
38,372,93,279,"weekday","lunch","unknown","unknown","grocery",1,1,0,"midday"
38,374,95,279,"weekend","breakfast","travelling","warm","grocery",0,1,0,"morning"
38,378,99,279,"weekday","beforelunch","travelling","hot","restaurant",0,1,0,"midday"
38,381,102,279,"weekend","afternoon","leisure","cold","restaurant",0,1,0,"midday"
38,404,125,279,"weekday","morning","travelling","freezing","grocery",0,1,1,"morning"
38,412,133,279,"weekend","beforelunch","unknown","unknown","restaurant",1,1,1,"midday"
38,413,134,279,"weekday","breakfast","working","unknown","restaurant",1,1,1,"morning"
38,415,136,279,"weekday","afternoon","travelling","warm","restaurant",1,1,1,"midday"
38,416,137,279,"weekday","lunch","travelling","cold","restaurant",0,1,1,"midday"
38,419,140,279,"weekday","unknown","travelling","hot","restaurant",1,1,1,"unknown"
38,423,144,279,"weekday","afternoon","unknown","freezing","grocery",0,1,1,"midday"
38,427,148,279,"weekday","lunch","travelling","warm","grocery",0,1,1,"midday"
38,429,150,279,"weekday","beforelunch","travelling","unknown","restaurant",1,1,1,"midday"
38,445,166,279,"weekday","afternoon","travelling","hot","restaurant",0,1,1,"midday"
38,449,170,279,"weekday","afternoon","travelling","cold","grocery",0,1,1,"midday"
38,459,180,279,"weekend","beforelunch","travelling","cold","grocery",1,1,1,"midday"
38,460,181,279,"weekday","beforelunch","travelling","freezing","grocery",0,1,1,"midday"
38,461,182,279,"weekday","lunch","unknown","cold","grocery",0,1,1,"midday"
38,462,183,279,"weekday","afternoon","travelling","cold","restaurant",0,1,1,"midday"
39,290,1,289,"weekday","beforelunch","travelling","freezing","restaurant",1,0,0,"midday"
39,292,3,289,"weekday","night","shopping","unknown","grocery",1,0,0,"night"
39,293,4,289,"weekday","beforelunch","travelling","unknown","restaurant",0,0,0,"midday"
39,296,7,289,"weekday","morning","travelling","warm","restaurant",0,0,0,"morning"
39,297,8,289,"weekday","lunch","unknown","cold","restaurant",1,0,0,"midday"
39,299,10,289,"weekday","latenight","travelling","cold","grocery",0,0,0,"night"
39,303,14,289,"weekday","dinner","unknown","warm","restaurant",1,0,0,"night"
39,307,18,289,"weekend","afternoon","travelling","freezing","grocery",0,0,0,"midday"
39,309,20,289,"weekday","afternoon","leisure","warm","restaurant",0,0,0,"midday"
39,310,21,289,"weekday","breakfast","working","warm","restaurant",0,0,0,"morning"
39,311,22,289,"weekday","morning","leisure","cold","grocery",1,0,0,"morning"
39,313,24,289,"weekday","dinner","travelling","cold","restaurant",0,0,0,"night"
39,319,30,289,"weekend","night","working","cold","restaurant",0,0,0,"night"
39,321,32,289,"weekday","afternoon","unknown","freezing","grocery",0,0,0,"midday"
39,322,33,289,"weekday","lunch","travelling","freezing","grocery",0,0,0,"midday"
39,329,40,289,"weekend","afternoon","travelling","freezing","grocery",1,0,0,"midday"
39,334,45,289,"weekday","afternoon","working","unknown","grocery",0,0,0,"midday"
39,335,46,289,"weekday","lunch","leisure","cold","restaurant",1,0,0,"midday"
39,336,47,289,"weekday","morning","unknown","cold","restaurant",0,0,0,"morning"
39,337,48,289,"weekend","afternoon","travelling","warm","grocery",0,0,0,"midday"
39,340,51,289,"weekend","afternoon","travelling","unknown","grocery",0,0,0,"midday"
39,342,53,289,"weekday","beforelunch","travelling","cold","restaurant",0,0,0,"midday"
39,345,56,289,"weekend","morning","leisure","cold","restaurant",0,0,0,"morning"
39,358,69,289,"weekday","afternoon","working","unknown","restaurant",1,1,0,"midday"
39,364,75,289,"weekday","afternoon","unknown","warm","restaurant",0,1,0,"midday"
39,369,80,289,"weekday","afternoon","working","warm","restaurant",0,1,0,"midday"
39,370,81,289,"weekday","afternoon","shopping","freezing","restaurant",0,1,0,"midday"
39,372,83,289,"weekday","dinner","unknown","freezing","grocery",0,1,0,"night"
39,375,86,289,"weekday","afternoon","unknown","freezing","grocery",1,1,0,"midday"
39,378,89,289,"weekday","morning","travelling","cold","restaurant",0,1,0,"morning"
39,379,90,289,"weekday","dinner","travelling","unknown","restaurant",0,1,0,"night"
39,380,91,289,"weekday","afternoon","travelling","warm","restaurant",0,1,0,"midday"
39,382,93,289,"weekday","breakfast","leisure","hot","restaurant",1,1,0,"morning"
39,383,94,289,"weekend","dinner","travelling","freezing","grocery",0,1,0,"night"
39,385,96,289,"weekend","breakfast","morningrituals","warm","grocery",1,1,0,"morning"
39,390,101,289,"weekend","breakfast","working","unknown","grocery",0,1,0,"morning"
39,391,102,289,"weekend","afternoon","travelling","unknown","grocery",0,1,0,"midday"
39,393,104,289,"weekday","earlymorning","travelling","cold","grocery",0,1,0,"morning"
39,399,110,289,"unknown","afternoon","travelling","unknown","restaurant",1,1,0,"midday"
39,408,119,289,"weekend","morning","travelling","cold","restaurant",0,1,1,"morning"
39,409,120,289,"weekday","beforelunch","travelling","unknown","restaurant",0,1,1,"midday"
39,412,123,289,"weekday","breakfast","travelling","freezing","restaurant",1,1,1,"morning"
39,419,130,289,"weekend","afternoon","travelling","freezing","grocery",0,1,1,"midday"
39,420,131,289,"weekday","breakfast","shopping","unknown","grocery",0,1,1,"morning"
39,422,133,289,"weekday","night","travelling","unknown","restaurant",0,1,1,"night"
39,424,135,289,"weekend","breakfast","travelling","cold","grocery",1,1,1,"morning"
39,426,137,289,"weekday","breakfast","travelling","hot","restaurant",1,1,1,"morning"
39,427,138,289,"weekday","afternoon","working","freezing","grocery",0,1,1,"midday"
39,430,141,289,"weekday","afternoon","travelling","hot","grocery",0,1,1,"midday"
39,436,147,289,"weekday","morning","travelling","warm","grocery",1,1,1,"morning"
39,438,149,289,"weekday","beforelunch","unknown","hot","grocery",1,1,1,"midday"
39,439,150,289,"weekday","afternoon","travelling","hot","restaurant",1,1,1,"midday"
39,441,152,289,"unknown","beforelunch","travelling","unknown","restaurant",0,1,1,"midday"
39,442,153,289,"weekday","afternoon","travelling","freezing","restaurant",0,1,1,"midday"
39,443,154,289,"weekday","beforelunch","working","warm","grocery",0,1,1,"midday"
39,444,155,289,"weekday","lunch","working","unknown","grocery",1,1,1,"midday"
39,445,156,289,"weekday","lunch","working","cold","grocery",0,1,1,"midday"
39,446,157,289,"weekend","afternoon","travelling","cold","restaurant",1,1,1,"midday"
39,447,158,289,"weekend","lunch","travelling","hot","restaurant",0,1,1,"midday"
39,455,166,289,"weekday","unknown","travelling","unknown","restaurant",0,1,1,"unknown"
39,457,168,289,"weekday","afternoon","working","freezing","grocery",0,1,1,"midday"
39,459,170,289,"weekend","morning","travelling","freezing","restaurant",0,1,1,"morning"
39,460,171,289,"weekend","afternoon","travelling","cold","restaurant",1,1,1,"midday"
39,462,173,289,"weekday","lunch","travelling","freezing","grocery",0,1,1,"midday"
39,463,174,289,"weekday","lunch","travelling","freezing","grocery",1,1,1,"midday"
39,464,175,289,"weekday","beforelunch","leisure","cold","grocery",0,1,1,"midday"
39,466,177,289,"weekday","lunch","travelling","hot","restaurant",1,1,1,"midday"
39,470,181,289,"weekday","beforelunch","travelling","cold","restaurant",0,1,1,"midday"
40,311,9,302,"unknown","breakfast","unknown","freezing","grocery",1,0,0,"morning"
40,314,12,302,"weekday","afternoon","travelling","freezing","restaurant",0,0,0,"midday"
40,321,19,302,"weekday","breakfast","travelling","cold","grocery",0,0,0,"morning"
40,322,20,302,"weekend","afternoon","shopping","warm","grocery",0,0,0,"midday"
40,327,25,302,"weekday","dinner","unknown","unknown","restaurant",0,0,0,"night"
40,330,28,302,"weekday","lunch","travelling","unknown","restaurant",0,0,0,"midday"
40,342,40,302,"weekend","breakfast","travelling","hot","grocery",0,0,0,"morning"
40,345,43,302,"weekend","afternoon","working","hot","restaurant",1,0,0,"midday"
40,349,47,302,"weekend","lunch","travelling","unknown","grocery",1,0,0,"midday"
40,351,49,302,"weekday","night","travelling","cold","grocery",0,0,0,"night"
40,352,50,302,"weekday","morning","travelling","cold","restaurant",1,0,0,"morning"
40,357,55,302,"weekday","afternoon","shopping","cold","grocery",1,0,0,"midday"
40,360,58,302,"weekday","afternoon","shopping","cold","grocery",0,1,0,"midday"
40,363,61,302,"weekday","lunch","unknown","warm","grocery",0,1,0,"midday"
40,370,68,302,"weekday","breakfast","travelling","freezing","restaurant",0,1,0,"morning"
40,377,75,302,"weekday","morning","travelling","cold","grocery",1,1,0,"morning"
40,378,76,302,"weekday","afternoon","leisure","freezing","restaurant",0,1,0,"midday"
40,386,84,302,"weekend","afternoon","travelling","cold","restaurant",0,1,0,"midday"
40,388,86,302,"weekday","breakfast","morningrituals","freezing","restaurant",1,1,0,"morning"
40,389,87,302,"weekday","morning","travelling","freezing","restaurant",1,1,0,"morning"
40,400,98,302,"weekday","afternoon","travelling","unknown","restaurant",0,1,0,"midday"
40,420,118,302,"weekend","evening","travelling","unknown","restaurant",0,1,1,"night"
40,423,121,302,"weekday","afternoon","travelling","warm","grocery",0,1,1,"midday"
40,424,122,302,"weekday","beforelunch","working","hot","grocery",1,1,1,"midday"
40,439,137,302,"weekday","afternoon","working","warm","restaurant",0,1,1,"midday"
40,459,157,302,"weekday","afternoon","unknown","cold","restaurant",0,1,1,"midday"
40,473,171,302,"weekday","lunch","shopping","unknown","restaurant",1,1,1,"midday"
40,474,172,302,"weekday","lunch","travelling","warm","restaurant",1,1,1,"midday"
40,478,176,302,"weekend","unknown","travelling","cold","restaurant",1,1,1,"unknown"
40,481,179,302,"weekday","beforelunch","travelling","warm","restaurant",1,1,1,"midday"
40,482,180,302,"weekday","beforelunch","travelling","warm","grocery",1,1,1,"midday"
40,483,181,302,"weekend","lunch","travelling","freezing","restaurant",0,1,1,"midday"
40,485,183,302,"weekday","dinner","travelling","cold","grocery",0,1,1,"night"
41,313,2,311,"weekday","beforelunch","unknown","cold","restaurant",1,0,0,"midday"
41,316,5,311,"weekday","afternoon","travelling","unknown","restaurant",0,0,0,"midday"
41,320,9,311,"weekday","breakfast","travelling","unknown","grocery",1,0,0,"morning"
41,323,12,311,"weekend","beforelunch","travelling","warm","restaurant",0,0,0,"midday"
41,324,13,311,"weekday","beforelunch","travelling","freezing","grocery",0,0,0,"midday"
41,325,14,311,"weekday","lunch","unknown","cold","grocery",0,0,0,"midday"
41,327,16,311,"weekday","afternoon","travelling","unknown","restaurant",1,0,0,"midday"
41,330,19,311,"weekday","afternoon","leisure","unknown","grocery",1,0,0,"midday"
41,332,21,311,"weekday","lunch","travelling","unknown","grocery",0,0,0,"midday"
41,334,23,311,"weekend","beforelunch","travelling","cold","grocery",1,0,0,"midday"
41,335,24,311,"weekend","lunch","travelling","cold","grocery",1,0,0,"midday"
41,337,26,311,"weekday","morning","unknown","cold","restaurant",1,0,0,"morning"
41,342,31,311,"weekday","beforelunch","unknown","cold","grocery",0,0,0,"midday"
41,343,32,311,"weekday","lunch","leisure","freezing","grocery",0,0,0,"midday"
41,345,34,311,"weekday","morning","travelling","unknown","grocery",0,0,0,"morning"
41,346,35,311,"weekday","beforelunch","leisure","warm","restaurant",1,0,0,"midday"
41,347,36,311,"weekend","breakfast","travelling","cold","restaurant",1,0,0,"morning"
41,348,37,311,"weekday","afternoon","travelling","hot","grocery",0,0,0,"midday"
41,350,39,311,"weekend","unknown","unknown","cold","grocery",0,0,0,"unknown"
41,352,41,311,"weekday","afternoon","unknown","freezing","grocery",0,0,0,"midday"
41,353,42,311,"weekday","afternoon","travelling","warm","restaurant",0,0,0,"midday"
41,355,44,311,"weekend","morning","travelling","cold","restaurant",1,0,0,"morning"
41,356,45,311,"weekday","afternoon","shopping","unknown","grocery",0,0,0,"midday"
41,359,48,311,"weekday","lunch","working","freezing","restaurant",0,0,0,"midday"
41,363,52,311,"weekday","dinner","travelling","cold","grocery",0,0,0,"night"
41,365,54,311,"weekday","evening","unknown","warm","restaurant",1,0,0,"night"
41,367,56,311,"weekday","dinner","travelling","cold","grocery",1,0,0,"night"
41,370,59,311,"weekend","afternoon","travelling","hot","restaurant",1,1,0,"midday"
41,372,61,311,"weekend","beforelunch","leisure","hot","restaurant",0,1,0,"midday"
41,373,62,311,"weekend","beforelunch","travelling","cold","restaurant",0,1,0,"midday"
41,381,70,311,"weekday","lunch","travelling","freezing","grocery",0,1,0,"midday"
41,384,73,311,"weekday","beforelunch","travelling","cold","restaurant",0,1,0,"midday"
41,387,76,311,"weekday","beforelunch","travelling","cold","grocery",0,1,0,"midday"
41,388,77,311,"weekday","breakfast","leisure","warm","grocery",0,1,0,"morning"
41,390,79,311,"weekday","afternoon","travelling","cold","grocery",0,1,0,"midday"
41,392,81,311,"weekday","afternoon","shopping","warm","grocery",1,1,0,"midday"
41,393,82,311,"weekend","lunch","travelling","freezing","grocery",1,1,0,"midday"
41,405,94,311,"weekday","afternoon","unknown","freezing","grocery",0,1,0,"midday"
41,406,95,311,"weekday","night","travelling","hot","restaurant",1,1,0,"night"
41,407,96,311,"weekday","afternoon","working","unknown","restaurant",0,1,0,"midday"
41,411,100,311,"weekend","afternoon","travelling","freezing","grocery",0,1,0,"midday"
41,415,104,311,"weekday","afternoon","working","warm","grocery",0,1,0,"midday"
41,420,109,311,"weekend","lunch","travelling","unknown","grocery",0,1,0,"midday"
41,424,113,311,"weekday","afternoon","unknown","unknown","grocery",0,1,1,"midday"
41,426,115,311,"weekday","afternoon","working","warm","grocery",0,1,1,"midday"
41,429,118,311,"weekend","breakfast","travelling","hot","restaurant",0,1,1,"morning"
41,433,122,311,"weekend","beforelunch","travelling","cold","restaurant",0,1,1,"midday"
41,434,123,311,"weekend","afternoon","travelling","cold","restaurant",0,1,1,"midday"
41,436,125,311,"weekday","afternoon","shopping","cold","restaurant",0,1,1,"midday"
41,439,128,311,"weekend","dinner","travelling","freezing","restaurant",0,1,1,"night"
41,440,129,311,"weekday","beforelunch","travelling","freezing","restaurant",0,1,1,"midday"
41,447,136,311,"weekday","afternoon","travelling","cold","grocery",0,1,1,"midday"
41,449,138,311,"weekend","afternoon","working","freezing","restaurant",0,1,1,"midday"
41,453,142,311,"weekday","morning","travelling","warm","restaurant",0,1,1,"morning"
41,455,144,311,"weekday","breakfast","travelling","freezing","grocery",0,1,1,"morning"
41,458,147,311,"weekend","morning","travelling","cold","restaurant",1,1,1,"morning"
41,462,151,311,"weekday","afternoon","unknown","cold","restaurant",0,1,1,"midday"
41,465,154,311,"weekday","beforelunch","travelling","warm","grocery",0,1,1,"midday"
41,467,156,311,"weekday","lunch","travelling","cold","grocery",0,1,1,"midday"
41,469,158,311,"weekday","lunch","travelling","cold","restaurant",0,1,1,"midday"
41,470,159,311,"weekday","afternoon","travelling","unknown","grocery",0,1,1,"midday"
41,471,160,311,"weekday","afternoon","travelling","unknown","grocery",1,1,1,"midday"
41,472,161,311,"weekend","afternoon","unknown","cold","restaurant",0,1,1,"midday"
41,473,162,311,"weekday","afternoon","travelling","unknown","grocery",1,1,1,"midday"
41,474,163,311,"weekday","lunch","unknown","freezing","grocery",0,1,1,"midday"
41,475,164,311,"weekday","lunch","leisure","freezing","grocery",0,1,1,"midday"
41,479,168,311,"weekend","lunch","travelling","cold","grocery",0,1,1,"midday"
41,486,175,311,"weekday","afternoon","travelling","freezing","restaurant",0,1,1,"midday"
41,487,176,311,"weekend","lunch","morningrituals","cold","restaurant",1,1,1,"midday"
41,488,177,311,"weekday","afternoon","shopping","cold","restaurant",0,1,1,"midday"
41,490,179,311,"weekday","unknown","travelling","unknown","grocery",0,1,1,"unknown"
41,491,180,311,"weekday","breakfast","travelling","unknown","grocery",1,1,1,"morning"
41,494,183,311,"weekend","beforelunch","travelling","unknown","restaurant",1,1,1,"midday"
42,319,3,316,"weekday","afternoon","travelling","cold","restaurant",0,0,0,"midday"
42,322,6,316,"weekday","evening","travelling","unknown","grocery",0,0,0,"night"
42,323,7,316,"weekend","lunch","shopping","warm","restaurant",0,0,0,"midday"
42,328,12,316,"weekend","unknown","travelling","hot","grocery",0,0,0,"unknown"
42,332,16,316,"weekend","lunch","social","unknown","grocery",1,0,0,"midday"
42,334,18,316,"weekday","afternoon","working","cold","grocery",1,0,0,"midday"
42,338,22,316,"weekday","evening","travelling","freezing","restaurant",0,0,0,"night"
42,343,27,316,"weekday","unknown","leisure","warm","restaurant",1,0,0,"unknown"
42,345,29,316,"weekday","breakfast","social","warm","restaurant",0,0,0,"morning"
42,348,32,316,"weekday","lunch","travelling","cold","grocery",0,0,0,"midday"
42,349,33,316,"weekday","lunch","travelling","unknown","grocery",0,0,0,"midday"
42,350,34,316,"weekday","lunch","travelling","unknown","grocery",0,0,0,"midday"
42,352,36,316,"weekend","beforelunch","unknown","warm","restaurant",0,0,0,"midday"
42,356,40,316,"weekday","afternoon","travelling","cold","grocery",0,0,0,"midday"
42,357,41,316,"unknown","breakfast","travelling","unknown","grocery",0,0,0,"morning"
42,359,43,316,"weekend","afternoon","travelling","hot","grocery",0,0,0,"midday"
42,361,45,316,"weekday","afternoon","travelling","unknown","restaurant",0,0,0,"midday"
42,362,46,316,"weekday","afternoon","unknown","unknown","grocery",0,0,0,"midday"
42,363,47,316,"weekday","beforelunch","unknown","hot","grocery",1,0,0,"midday"
42,365,49,316,"weekday","lunch","travelling","cold","grocery",0,0,0,"midday"
42,368,52,316,"weekday","night","travelling","unknown","grocery",0,0,0,"night"
42,376,60,316,"weekend","beforelunch","unknown","cold","grocery",0,1,0,"midday"
42,377,61,316,"weekday","afternoon","shopping","cold","grocery",0,1,0,"midday"
42,382,66,316,"weekday","afternoon","travelling","cold","restaurant",1,1,0,"midday"
42,383,67,316,"weekday","beforelunch","working","unknown","restaurant",0,1,0,"midday"
42,384,68,316,"weekend","afternoon","shopping","hot","restaurant",0,1,0,"midday"
42,386,70,316,"weekday","morning","unknown","cold","grocery",0,1,0,"morning"
42,389,73,316,"weekday","afternoon","shopping","cold","grocery",0,1,0,"midday"
42,390,74,316,"weekday","morning","shopping","cold","grocery",0,1,0,"morning"
42,391,75,316,"weekday","lunch","unknown","unknown","grocery",0,1,0,"midday"
42,393,77,316,"weekend","beforelunch","working","warm","restaurant",0,1,0,"midday"
42,395,79,316,"weekend","lunch","travelling","unknown","grocery",1,1,0,"midday"
42,397,81,316,"weekday","lunch","travelling","unknown","grocery",0,1,0,"midday"
42,400,84,316,"weekend","lunch","travelling","warm","grocery",1,1,0,"midday"
42,403,87,316,"weekday","lunch","travelling","unknown","restaurant",0,1,0,"midday"
42,404,88,316,"weekend","beforelunch","unknown","freezing","grocery",1,1,0,"midday"
42,405,89,316,"weekday","lunch","travelling","warm","grocery",0,1,0,"midday"
42,407,91,316,"weekday","afternoon","travelling","cold","grocery",0,1,0,"midday"
42,408,92,316,"weekday","lunch","travelling","freezing","restaurant",0,1,0,"midday"
42,409,93,316,"weekday","breakfast","leisure","freezing","grocery",1,1,0,"morning"
42,410,94,316,"weekday","beforelunch","travelling","cold","grocery",0,1,0,"midday"
42,411,95,316,"weekday","beforelunch","shopping","cold","grocery",1,1,0,"midday"
42,412,96,316,"weekday","breakfast","travelling","cold","grocery",0,1,0,"morning"
42,413,97,316,"weekday","lunch","travelling","freezing","restaurant",0,1,0,"midday"
42,414,98,316,"weekday","earlymorning","travelling","warm","restaurant",0,1,0,"morning"
42,416,100,316,"weekday","lunch","travelling","freezing","grocery",0,1,0,"midday"
42,418,102,316,"weekday","lunch","shopping","warm","restaurant",0,1,0,"midday"
42,419,103,316,"weekday","afternoon","morningrituals","freezing","restaurant",0,1,0,"midday"
42,420,104,316,"weekday","breakfast","unknown","cold","restaurant",0,1,0,"morning"
42,425,109,316,"weekday","afternoon","travelling","cold","grocery",1,1,0,"midday"
42,426,110,316,"weekday","lunch","morningrituals","cold","grocery",1,1,0,"midday"
42,427,111,316,"weekend","morning","shopping","cold","grocery",0,1,0,"morning"
42,428,112,316,"weekday","lunch","working","cold","grocery",0,1,0,"midday"
42,430,114,316,"weekend","beforelunch","travelling","cold","grocery",0,1,1,"midday"
42,434,118,316,"weekday","unknown","travelling","warm","restaurant",0,1,1,"unknown"
42,437,121,316,"weekday","afternoon","morningrituals","warm","restaurant",0,1,1,"midday"
42,439,123,316,"weekday","beforelunch","travelling","unknown","restaurant",0,1,1,"midday"
42,440,124,316,"weekday","afternoon","unknown","cold","grocery",0,1,1,"midday"
42,443,127,316,"weekday","afternoon","shopping","unknown","grocery",1,1,1,"midday"
42,449,133,316,"weekend","lunch","leisure","warm","grocery",1,1,1,"midday"
42,452,136,316,"weekday","beforelunch","leisure","freezing","restaurant",0,1,1,"midday"
42,453,137,316,"weekday","afternoon","travelling","cold","restaurant",1,1,1,"midday"
42,454,138,316,"weekend","lunch","travelling","unknown","grocery",0,1,1,"midday"
42,455,139,316,"weekday","dinner","travelling","warm","grocery",0,1,1,"night"
42,457,141,316,"weekday","unknown","travelling","hot","grocery",1,1,1,"unknown"
42,458,142,316,"weekend","lunch","travelling","cold","grocery",0,1,1,"midday"
42,460,144,316,"weekday","lunch","working","warm","restaurant",0,1,1,"midday"
42,463,147,316,"weekend","afternoon","morningrituals","cold","restaurant",0,1,1,"midday"
42,465,149,316,"weekend","breakfast","travelling","warm","grocery",0,1,1,"morning"
42,467,151,316,"weekday","lunch","working","hot","grocery",0,1,1,"midday"
42,469,153,316,"weekday","lunch","travelling","cold","restaurant",0,1,1,"midday"
42,472,156,316,"weekday","evening","unknown","unknown","restaurant",0,1,1,"night"
42,473,157,316,"weekend","evening","unknown","unknown","restaurant",0,1,1,"night"
42,474,158,316,"weekday","beforelunch","travelling","freezing","grocery",1,1,1,"midday"
42,475,159,316,"weekday","beforelunch","travelling","unknown","grocery",0,1,1,"midday"
42,480,164,316,"weekday","breakfast","unknown","unknown","grocery",0,1,1,"morning"
42,481,165,316,"weekday","lunch","travelling","cold","restaurant",0,1,1,"midday"
42,483,167,316,"weekday","afternoon","travelling","cold","restaurant",0,1,1,"midday"
42,485,169,316,"weekday","night","travelling","freezing","grocery",0,1,1,"night"
42,489,173,316,"weekend","dinner","travelling","cold","grocery",0,1,1,"night"
42,493,177,316,"weekday","lunch","travelling","freezing","restaurant",0,1,1,"midday"
42,494,178,316,"weekend","morning","working","freezing","restaurant",1,1,1,"morning"
42,495,179,316,"weekday","beforelunch","working","freezing","grocery",1,1,1,"midday"
43,322,4,318,"weekday","lunch","travelling","cold","grocery",0,0,0,"midday"
43,324,6,318,"weekend","beforelunch","unknown","cold","grocery",1,0,0,"midday"
43,325,7,318,"weekend","beforelunch","travelling","freezing","restaurant",0,0,0,"midday"
43,326,8,318,"weekday","afternoon","travelling","cold","restaurant",0,0,0,"midday"
43,329,11,318,"weekday","beforelunch","working","freezing","restaurant",1,0,0,"midday"
43,332,14,318,"weekend","lunch","working","unknown","restaurant",1,0,0,"midday"
43,333,15,318,"weekday","lunch","travelling","cold","restaurant",0,0,0,"midday"
43,335,17,318,"weekday","beforelunch","leisure","freezing","grocery",0,0,0,"midday"
43,337,19,318,"weekday","unknown","travelling","cold","restaurant",0,0,0,"unknown"
43,338,20,318,"weekday","morning","unknown","freezing","grocery",0,0,0,"morning"
43,339,21,318,"weekend","breakfast","shopping","unknown","grocery",0,0,0,"morning"
43,340,22,318,"weekday","afternoon","shopping","cold","grocery",0,0,0,"midday"
43,341,23,318,"weekday","beforelunch","travelling","cold","restaurant",0,0,0,"midday"
43,344,26,318,"weekday","lunch","travelling","unknown","grocery",1,0,0,"midday"
43,345,27,318,"weekend","afternoon","travelling","unknown","grocery",1,0,0,"midday"
43,347,29,318,"weekday","afternoon","travelling","cold","restaurant",0,0,0,"midday"
43,349,31,318,"weekday","lunch","unknown","cold","grocery",1,0,0,"midday"
43,350,32,318,"weekday","afternoon","travelling","cold","grocery",0,0,0,"midday"
43,351,33,318,"unknown","dinner","travelling","unknown","restaurant",0,0,0,"night"
43,352,34,318,"weekend","morning","travelling","warm","grocery",0,0,0,"morning"
43,353,35,318,"unknown","lunch","travelling","unknown","grocery",0,0,0,"midday"
43,354,36,318,"weekday","beforelunch","travelling","cold","grocery",1,0,0,"midday"
43,356,38,318,"weekday","lunch","shopping","cold","restaurant",0,0,0,"midday"
43,359,41,318,"weekday","unknown","unknown","freezing","restaurant",0,0,0,"unknown"
43,360,42,318,"weekday","lunch","working","unknown","restaurant",1,0,0,"midday"
43,361,43,318,"weekday","beforelunch","unknown","cold","restaurant",1,0,0,"midday"
43,362,44,318,"weekday","earlymorning","travelling","cold","grocery",0,0,0,"morning"
43,363,45,318,"weekday","morning","leisure","unknown","grocery",0,0,0,"morning"
43,364,46,318,"weekday","evening","travelling","cold","grocery",0,0,0,"night"
43,365,47,318,"weekday","breakfast","unknown","warm","restaurant",0,0,0,"morning"
43,367,49,318,"unknown","afternoon","unknown","cold","restaurant",0,0,0,"midday"
43,368,50,318,"weekday","morning","travelling","freezing","restaurant",1,0,0,"morning"
43,369,51,318,"weekend","beforelunch","working","freezing","grocery",0,0,0,"midday"
43,370,52,318,"weekend","earlymorning","travelling","cold","grocery",0,0,0,"morning"
43,372,54,318,"weekend","breakfast","working","cold","grocery",1,0,0,"morning"
43,373,55,318,"weekday","lunch","travelling","cold","restaurant",0,0,0,"midday"
43,374,56,318,"weekday","dinner","travelling","unknown","restaurant",1,0,0,"night"
43,376,58,318,"weekday","dinner","leisure","unknown","restaurant",0,1,0,"night"
43,377,59,318,"weekend","lunch","travelling","warm","restaurant",0,1,0,"midday"
43,384,66,318,"weekday","afternoon","travelling","unknown","grocery",0,1,0,"midday"
43,385,67,318,"weekday","afternoon","workingout","cold","grocery",0,1,0,"midday"
43,387,69,318,"weekday","lunch","travelling","hot","grocery",1,1,0,"midday"
43,388,70,318,"weekday","afternoon","working","unknown","grocery",0,1,0,"midday"
43,390,72,318,"weekend","lunch","leisure","cold","grocery",0,1,0,"midday"
43,396,78,318,"weekday","breakfast","travelling","cold","restaurant",0,1,0,"morning"
43,397,79,318,"weekday","beforelunch","shopping","cold","grocery",0,1,0,"midday"
43,398,80,318,"weekday","morning","travelling","cold","grocery",0,1,0,"morning"
43,400,82,318,"weekend","lunch","unknown","warm","grocery",0,1,0,"midday"
43,402,84,318,"weekday","afternoon","shopping","freezing","restaurant",0,1,0,"midday"
43,403,85,318,"weekday","beforelunch","travelling","unknown","grocery",1,1,0,"midday"
43,404,86,318,"weekday","beforelunch","travelling","freezing","restaurant",0,1,0,"midday"
43,405,87,318,"weekday","lunch","travelling","unknown","grocery",0,1,0,"midday"
43,407,89,318,"weekday","beforelunch","shopping","cold","grocery",0,1,0,"midday"
43,408,90,318,"weekday","breakfast","shopping","cold","grocery",0,1,0,"morning"
43,409,91,318,"weekday","breakfast","travelling","hot","grocery",1,1,0,"morning"
43,410,92,318,"weekend","morning","leisure","warm","restaurant",0,1,0,"morning"
43,411,93,318,"weekend","morning","travelling","warm","grocery",1,1,0,"morning"
43,412,94,318,"weekday","afternoon","travelling","unknown","grocery",0,1,0,"midday"
43,414,96,318,"weekday","afternoon","unknown","warm","grocery",0,1,0,"midday"
43,417,99,318,"weekday","afternoon","travelling","freezing","grocery",0,1,0,"midday"
43,418,100,318,"weekday","dinner","travelling","cold","restaurant",0,1,0,"night"
43,419,101,318,"weekday","lunch","travelling","unknown","restaurant",0,1,0,"midday"
43,420,102,318,"weekend","afternoon","leisure","warm","grocery",1,1,0,"midday"
43,421,103,318,"weekend","breakfast","leisure","freezing","grocery",0,1,0,"morning"
43,423,105,318,"weekday","afternoon","unknown","cold","grocery",0,1,0,"midday"
43,425,107,318,"weekday","evening","travelling","freezing","restaurant",0,1,0,"night"
43,427,109,318,"weekday","breakfast","travelling","cold","restaurant",0,1,0,"morning"
43,428,110,318,"weekend","afternoon","travelling","unknown","grocery",0,1,0,"midday"
43,429,111,318,"weekend","beforelunch","morningrituals","freezing","restaurant",0,1,0,"midday"
43,430,112,318,"weekday","lunch","travelling","unknown","restaurant",0,1,0,"midday"
43,432,114,318,"weekday","morning","travelling","cold","grocery",1,1,1,"morning"
43,434,116,318,"weekday","beforelunch","travelling","freezing","grocery",0,1,1,"midday"
43,435,117,318,"weekend","afternoon","leisure","unknown","grocery",1,1,1,"midday"
43,436,118,318,"weekday","beforelunch","unknown","warm","grocery",0,1,1,"midday"
43,440,122,318,"weekend","beforelunch","travelling","unknown","grocery",0,1,1,"midday"
43,442,124,318,"weekend","breakfast","leisure","warm","grocery",0,1,1,"morning"
43,445,127,318,"weekday","unknown","unknown","cold","restaurant",0,1,1,"unknown"
43,447,129,318,"weekday","lunch","unknown","freezing","restaurant",0,1,1,"midday"
43,448,130,318,"weekend","breakfast","travelling","warm","restaurant",1,1,1,"morning"
43,450,132,318,"weekend","breakfast","travelling","cold","grocery",1,1,1,"morning"
43,455,137,318,"weekday","afternoon","working","cold","restaurant",1,1,1,"midday"
43,461,143,318,"weekday","breakfast","unknown","warm","grocery",0,1,1,"morning"
43,462,144,318,"weekend","breakfast","unknown","freezing","restaurant",1,1,1,"morning"
43,464,146,318,"weekend","night","travelling","cold","grocery",0,1,1,"night"
43,465,147,318,"weekend","lunch","travelling","unknown","restaurant",1,1,1,"midday"
43,468,150,318,"weekday","afternoon","working","warm","grocery",0,1,1,"midday"
43,470,152,318,"weekend","breakfast","working","unknown","restaurant",0,1,1,"morning"
43,471,153,318,"weekday","afternoon","working","warm","grocery",0,1,1,"midday"
43,475,157,318,"unknown","lunch","travelling","warm","restaurant",0,1,1,"midday"
43,479,161,318,"weekday","morning","working","cold","grocery",0,1,1,"morning"
43,480,162,318,"weekend","breakfast","leisure","unknown","restaurant",0,1,1,"morning"
43,481,163,318,"weekend","night","travelling","unknown","grocery",0,1,1,"night"
43,483,165,318,"weekday","afternoon","travelling","unknown","restaurant",0,1,1,"midday"
43,489,171,318,"weekday","afternoon","unknown","warm","restaurant",0,1,1,"midday"
43,490,172,318,"weekday","morning","shopping","cold","grocery",0,1,1,"morning"
43,493,175,318,"weekend","afternoon","leisure","freezing","grocery",1,1,1,"midday"
43,497,179,318,"weekday","afternoon","travelling","freezing","restaurant",0,1,1,"midday"
43,499,181,318,"weekend","dinner","travelling","cold","restaurant",0,1,1,"night"
43,500,182,318,"weekday","breakfast","unknown","warm","grocery",0,1,1,"morning"
44,319,0,319,"weekday","afternoon","travelling","unknown","restaurant",0,0,0,"midday"
44,320,1,319,"weekday","afternoon","morningrituals","cold","grocery",0,0,0,"midday"
44,321,2,319,"weekend","afternoon","morningrituals","freezing","restaurant",0,0,0,"midday"
44,322,3,319,"weekday","beforelunch","travelling","unknown","grocery",0,0,0,"midday"
44,323,4,319,"weekday","breakfast","travelling","unknown","grocery",0,0,0,"morning"
44,324,5,319,"weekend","breakfast","travelling","cold","restaurant",1,0,0,"morning"
44,326,7,319,"weekday","breakfast","leisure","hot","restaurant",1,0,0,"morning"
44,327,8,319,"weekday","lunch","working","cold","restaurant",0,0,0,"midday"
44,328,9,319,"weekend","beforelunch","travelling","cold","grocery",0,0,0,"midday"
44,329,10,319,"weekday","afternoon","unknown","cold","restaurant",0,0,0,"midday"
44,332,13,319,"weekday","afternoon","working","cold","restaurant",1,0,0,"midday"
44,333,14,319,"weekday","beforelunch","travelling","freezing","grocery",0,0,0,"midday"
44,334,15,319,"weekend","lunch","travelling","warm","grocery",0,0,0,"midday"
44,335,16,319,"weekday","afternoon","working","freezing","restaurant",0,0,0,"midday"
44,338,19,319,"weekday","lunch","shopping","warm","grocery",0,0,0,"midday"
44,339,20,319,"weekday","beforelunch","travelling","hot","grocery",0,0,0,"midday"
44,340,21,319,"weekday","lunch","leisure","warm","grocery",0,0,0,"midday"
44,341,22,319,"weekday","lunch","working","warm","grocery",0,0,0,"midday"
44,345,26,319,"weekday","lunch","travelling","cold","restaurant",0,0,0,"midday"
44,346,27,319,"weekday","lunch","unknown","unknown","restaurant",0,0,0,"midday"
44,347,28,319,"weekday","lunch","travelling","freezing","restaurant",0,0,0,"midday"
44,349,30,319,"weekend","afternoon","travelling","unknown","restaurant",1,0,0,"midday"
44,350,31,319,"weekday","beforelunch","travelling","cold","grocery",0,0,0,"midday"
44,351,32,319,"weekend","beforelunch","unknown","hot","restaurant",0,0,0,"midday"
44,352,33,319,"weekend","beforelunch","unknown","hot","restaurant",0,0,0,"midday"
44,353,34,319,"weekday","lunch","travelling","cold","grocery",0,0,0,"midday"
44,355,36,319,"weekday","night","shopping","unknown","grocery",0,0,0,"night"
44,356,37,319,"weekday","beforelunch","travelling","cold","restaurant",0,0,0,"midday"
44,357,38,319,"weekday","lunch","travelling","cold","restaurant",0,0,0,"midday"
44,361,42,319,"weekday","earlymorning","working","cold","grocery",0,0,0,"morning"
44,362,43,319,"weekend","afternoon","working","cold","restaurant",0,0,0,"midday"
44,363,44,319,"weekday","breakfast","travelling","cold","grocery",0,0,0,"morning"
44,364,45,319,"weekday","breakfast","travelling","unknown","grocery",0,0,0,"morning"
44,365,46,319,"weekday","breakfast","travelling","cold","grocery",1,0,0,"morning"
44,366,47,319,"weekday","lunch","travelling","warm","restaurant",0,0,0,"midday"
44,367,48,319,"weekday","dinner","travelling","unknown","grocery",0,0,0,"night"
44,370,51,319,"weekend","morning","travelling","warm","grocery",0,0,0,"morning"
44,371,52,319,"weekday","lunch","unknown","freezing","grocery",0,0,0,"midday"
44,372,53,319,"weekday","beforelunch","travelling","hot","grocery",1,0,0,"midday"
44,374,55,319,"unknown","beforelunch","travelling","warm","grocery",0,0,0,"midday"
44,375,56,319,"weekend","lunch","travelling","warm","grocery",0,0,0,"midday"
44,376,57,319,"weekday","lunch","travelling","unknown","grocery",1,1,0,"midday"
44,377,58,319,"weekday","lunch","working","unknown","restaurant",1,1,0,"midday"
44,379,60,319,"weekday","afternoon","unknown","freezing","restaurant",1,1,0,"midday"
44,380,61,319,"weekend","afternoon","travelling","unknown","grocery",1,1,0,"midday"
44,381,62,319,"weekday","afternoon","travelling","cold","restaurant",0,1,0,"midday"
44,385,66,319,"weekend","morning","morningrituals","hot","restaurant",0,1,0,"morning"
44,387,68,319,"weekend","lunch","working","freezing","grocery",0,1,0,"midday"
44,388,69,319,"weekend","morning","working","warm","restaurant",0,1,0,"morning"
44,390,71,319,"weekday","afternoon","working","freezing","restaurant",0,1,0,"midday"
44,391,72,319,"weekday","beforelunch","unknown","cold","restaurant",0,1,0,"midday"
44,393,74,319,"weekday","lunch","unknown","hot","restaurant",1,1,0,"midday"
44,395,76,319,"weekday","evening","travelling","cold","restaurant",0,1,0,"night"
44,398,79,319,"weekday","afternoon","unknown","freezing","restaurant",0,1,0,"midday"
44,402,83,319,"weekday","lunch","travelling","cold","restaurant",0,1,0,"midday"
44,405,86,319,"weekend","afternoon","travelling","freezing","restaurant",1,1,0,"midday"
44,406,87,319,"weekend","afternoon","travelling","hot","grocery",1,1,0,"midday"
44,407,88,319,"weekday","breakfast","travelling","unknown","grocery",1,1,0,"morning"
44,409,90,319,"weekend","dinner","leisure","unknown","restaurant",0,1,0,"night"
44,411,92,319,"weekday","lunch","unknown","unknown","restaurant",0,1,0,"midday"
44,413,94,319,"weekday","breakfast","unknown","warm","restaurant",0,1,0,"morning"
44,414,95,319,"weekday","afternoon","unknown","freezing","grocery",1,1,0,"midday"
44,415,96,319,"weekday","lunch","travelling","freezing","restaurant",0,1,0,"midday"
44,416,97,319,"weekday","beforelunch","working","cold","grocery",1,1,0,"midday"
44,417,98,319,"weekday","afternoon","travelling","freezing","grocery",0,1,0,"midday"
44,418,99,319,"weekday","unknown","unknown","cold","grocery",1,1,0,"unknown"
44,419,100,319,"weekday","lunch","travelling","cold","grocery",0,1,0,"midday"
44,421,102,319,"weekday","beforelunch","unknown","cold","restaurant",0,1,0,"midday"
44,422,103,319,"weekend","lunch","unknown","cold","restaurant",0,1,0,"midday"
44,423,104,319,"weekday","beforelunch","travelling","cold","restaurant",0,1,0,"midday"
44,424,105,319,"weekday","breakfast","shopping","freezing","restaurant",0,1,0,"morning"
44,425,106,319,"weekend","afternoon","shopping","unknown","restaurant",0,1,0,"midday"
44,426,107,319,"weekday","breakfast","travelling","unknown","grocery",1,1,0,"morning"
44,427,108,319,"weekday","afternoon","travelling","freezing","grocery",1,1,0,"midday"
44,429,110,319,"weekday","lunch","travelling","freezing","grocery",1,1,0,"midday"
44,434,115,319,"unknown","breakfast","working","warm","restaurant",0,1,1,"morning"
44,435,116,319,"weekday","afternoon","travelling","freezing","restaurant",0,1,1,"midday"
44,437,118,319,"weekday","afternoon","travelling","cold","grocery",0,1,1,"midday"
44,439,120,319,"weekday","night","travelling","warm","grocery",1,1,1,"night"
44,441,122,319,"weekday","afternoon","shopping","warm","restaurant",0,1,1,"midday"
44,442,123,319,"weekday","morning","leisure","cold","restaurant",0,1,1,"morning"
44,444,125,319,"weekday","evening","unknown","unknown","grocery",0,1,1,"night"
44,448,129,319,"weekday","lunch","travelling","warm","grocery",0,1,1,"midday"
44,449,130,319,"weekday","dinner","unknown","unknown","grocery",1,1,1,"night"
44,450,131,319,"weekday","lunch","travelling","unknown","restaurant",0,1,1,"midday"
44,451,132,319,"weekday","afternoon","leisure","unknown","restaurant",1,1,1,"midday"
44,453,134,319,"weekday","lunch","travelling","unknown","restaurant",1,1,1,"midday"
44,454,135,319,"weekday","latenight","travelling","unknown","grocery",1,1,1,"night"
44,455,136,319,"weekday","unknown","travelling","unknown","restaurant",0,1,1,"unknown"
44,456,137,319,"weekday","morning","travelling","cold","grocery",1,1,1,"morning"
44,458,139,319,"weekday","lunch","travelling","freezing","restaurant",1,1,1,"midday"
44,460,141,319,"weekday","breakfast","travelling","cold","restaurant",0,1,1,"morning"
44,461,142,319,"weekday","breakfast","travelling","cold","grocery",1,1,1,"morning"
44,462,143,319,"weekend","afternoon","travelling","cold","restaurant",1,1,1,"midday"
44,465,146,319,"weekday","afternoon","working","freezing","grocery",1,1,1,"midday"
44,466,147,319,"weekday","lunch","working","cold","grocery",1,1,1,"midday"
44,467,148,319,"weekday","morning","travelling","hot","grocery",0,1,1,"morning"
44,469,150,319,"weekday","breakfast","travelling","cold","restaurant",0,1,1,"morning"
44,470,151,319,"weekend","breakfast","travelling","cold","grocery",0,1,1,"morning"
44,471,152,319,"weekday","breakfast","travelling","warm","grocery",1,1,1,"morning"
44,472,153,319,"weekend","afternoon","travelling","unknown","restaurant",1,1,1,"midday"
44,473,154,319,"weekday","beforelunch","travelling","freezing","grocery",0,1,1,"midday"
44,474,155,319,"weekend","beforelunch","shopping","warm","restaurant",0,1,1,"midday"
44,475,156,319,"weekend","beforelunch","working","cold","grocery",0,1,1,"midday"
44,476,157,319,"weekend","breakfast","travelling","unknown","restaurant",0,1,1,"morning"
44,477,158,319,"weekday","lunch","travelling","cold","grocery",0,1,1,"midday"
44,480,161,319,"weekday","afternoon","travelling","unknown","restaurant",0,1,1,"midday"
44,481,162,319,"weekend","beforelunch","shopping","unknown","restaurant",0,1,1,"midday"
44,483,164,319,"weekday","breakfast","travelling","freezing","grocery",0,1,1,"morning"
44,484,165,319,"weekday","beforelunch","travelling","hot","restaurant",0,1,1,"midday"
44,487,168,319,"weekday","breakfast","unknown","warm","grocery",1,1,1,"morning"
44,488,169,319,"weekend","lunch","unknown","freezing","grocery",0,1,1,"midday"
44,489,170,319,"weekday","afternoon","travelling","hot","grocery",1,1,1,"midday"
44,490,171,319,"weekend","afternoon","working","cold","grocery",0,1,1,"midday"
44,491,172,319,"weekday","afternoon","travelling","hot","restaurant",1,1,1,"midday"
44,492,173,319,"weekend","afternoon","leisure","unknown","restaurant",1,1,1,"midday"
44,493,174,319,"weekday","afternoon","leisure","unknown","grocery",0,1,1,"midday"
44,494,175,319,"weekday","night","travelling","unknown","grocery",0,1,1,"night"
44,495,176,319,"weekday","breakfast","travelling","freezing","grocery",0,1,1,"morning"
44,496,177,319,"weekday","morning","travelling","unknown","grocery",1,1,1,"morning"
44,498,179,319,"weekend","afternoon","travelling","freezing","restaurant",0,1,1,"midday"
44,499,180,319,"weekday","afternoon","travelling","unknown","grocery",1,1,1,"midday"
44,500,181,319,"weekday","lunch","travelling","hot","restaurant",1,1,1,"midday"
44,502,183,319,"weekday","lunch","unknown","freezing","restaurant",0,1,1,"midday"
45,326,1,325,"weekday","morning","travelling","hot","restaurant",0,0,0,"morning"
45,327,2,325,"weekday","breakfast","unknown","warm","restaurant",1,0,0,"morning"
45,329,4,325,"weekday","breakfast","unknown","unknown","restaurant",0,0,0,"morning"
45,333,8,325,"weekend","breakfast","working","unknown","restaurant",1,0,0,"morning"
45,334,9,325,"weekend","earlymorning","travelling","hot","grocery",0,0,0,"morning"
45,346,21,325,"weekend","lunch","unknown","unknown","restaurant",0,0,0,"midday"
45,347,22,325,"weekend","morning","working","hot","restaurant",1,0,0,"morning"
45,348,23,325,"weekday","beforelunch","travelling","freezing","restaurant",0,0,0,"midday"
45,353,28,325,"weekday","lunch","travelling","unknown","grocery",1,0,0,"midday"
45,355,30,325,"weekday","night","travelling","cold","grocery",0,0,0,"night"
45,357,32,325,"weekend","beforelunch","travelling","cold","grocery",0,0,0,"midday"
45,363,38,325,"weekend","beforelunch","travelling","cold","restaurant",0,0,0,"midday"
45,365,40,325,"weekday","breakfast","travelling","warm","grocery",0,0,0,"morning"
45,372,47,325,"weekend","lunch","travelling","freezing","grocery",0,0,0,"midday"
45,375,50,325,"weekend","afternoon","leisure","cold","restaurant",0,0,0,"midday"
45,378,53,325,"weekday","breakfast","travelling","warm","grocery",1,0,0,"morning"
45,384,59,325,"weekday","afternoon","unknown","warm","grocery",0,1,0,"midday"
45,386,61,325,"weekday","lunch","travelling","cold","grocery",1,1,0,"midday"
45,393,68,325,"weekday","beforelunch","unknown","freezing","restaurant",0,1,0,"midday"
45,394,69,325,"weekend","beforelunch","travelling","cold","grocery",1,1,0,"midday"
45,395,70,325,"weekday","dinner","working","warm","grocery",0,1,0,"night"
45,397,72,325,"weekday","latenight","travelling","hot","restaurant",0,1,0,"night"
45,398,73,325,"weekday","afternoon","unknown","cold","restaurant",0,1,0,"midday"
45,404,79,325,"weekday","night","travelling","freezing","grocery",0,1,0,"night"
45,416,91,325,"weekday","afternoon","travelling","freezing","restaurant",0,1,0,"midday"
45,419,94,325,"weekend","beforelunch","travelling","unknown","restaurant",0,1,0,"midday"
45,423,98,325,"weekday","breakfast","leisure","unknown","grocery",0,1,0,"morning"
45,425,100,325,"weekday","morning","travelling","freezing","grocery",0,1,0,"morning"
45,426,101,325,"weekend","afternoon","working","cold","restaurant",0,1,0,"midday"
45,429,104,325,"weekday","lunch","unknown","freezing","restaurant",0,1,0,"midday"
45,431,106,325,"weekday","dinner","travelling","freezing","grocery",0,1,0,"night"
45,435,110,325,"weekday","morning","unknown","unknown","grocery",1,1,0,"morning"
45,440,115,325,"weekday","lunch","travelling","unknown","grocery",1,1,1,"midday"
45,444,119,325,"weekend","breakfast","unknown","unknown","restaurant",0,1,1,"morning"
45,449,124,325,"weekend","beforelunch","travelling","cold","restaurant",1,1,1,"midday"
45,453,128,325,"weekday","lunch","shopping","freezing","restaurant",1,1,1,"midday"
45,454,129,325,"weekday","afternoon","shopping","unknown","restaurant",0,1,1,"midday"
45,455,130,325,"weekend","breakfast","travelling","cold","grocery",0,1,1,"morning"
45,462,137,325,"weekend","beforelunch","travelling","unknown","restaurant",1,1,1,"midday"
45,465,140,325,"weekend","breakfast","shopping","unknown","restaurant",0,1,1,"morning"
45,467,142,325,"weekend","afternoon","travelling","freezing","grocery",0,1,1,"midday"
45,468,143,325,"weekend","afternoon","morningrituals","hot","restaurant",1,1,1,"midday"
45,469,144,325,"weekday","unknown","travelling","unknown","grocery",0,1,1,"unknown"
45,470,145,325,"weekday","lunch","travelling","warm","grocery",1,1,1,"midday"
45,471,146,325,"weekday","lunch","travelling","freezing","grocery",1,1,1,"midday"
45,481,156,325,"weekday","afternoon","travelling","cold","restaurant",1,1,1,"midday"
45,482,157,325,"weekday","earlymorning","travelling","cold","grocery",0,1,1,"morning"
45,483,158,325,"weekday","afternoon","travelling","cold","restaurant",0,1,1,"midday"
45,486,161,325,"weekday","afternoon","working","warm","restaurant",0,1,1,"midday"
45,491,166,325,"weekend","lunch","unknown","unknown","restaurant",0,1,1,"midday"
45,493,168,325,"weekday","morning","travelling","unknown","grocery",0,1,1,"morning"
45,497,172,325,"weekend","lunch","leisure","warm","grocery",1,1,1,"midday"
45,505,180,325,"weekday","afternoon","travelling","freezing","grocery",0,1,1,"midday"
46,336,0,336,"weekday","afternoon","travelling","freezing","restaurant",0,0,0,"midday"
46,338,2,336,"weekend","beforelunch","unknown","cold","restaurant",1,0,0,"midday"
46,339,3,336,"weekday","breakfast","travelling","freezing","grocery",0,0,0,"morning"
46,342,6,336,"weekend","afternoon","travelling","hot","restaurant",0,0,0,"midday"
46,346,10,336,"weekend","afternoon","travelling","cold","grocery",0,0,0,"midday"
46,353,17,336,"weekday","earlymorning","unknown","warm","grocery",1,0,0,"morning"
46,357,21,336,"weekday","afternoon","working","freezing","grocery",0,0,0,"midday"
46,360,24,336,"weekend","afternoon","travelling","cold","restaurant",0,0,0,"midday"
46,361,25,336,"weekend","beforelunch","travelling","hot","restaurant",0,0,0,"midday"
46,370,34,336,"weekday","lunch","shopping","cold","grocery",0,0,0,"midday"
46,372,36,336,"weekday","lunch","travelling","freezing","restaurant",1,0,0,"midday"
46,375,39,336,"weekday","earlymorning","travelling","cold","grocery",1,0,0,"morning"
46,381,45,336,"weekday","afternoon","travelling","cold","grocery",0,0,0,"midday"
46,382,46,336,"weekday","lunch","travelling","cold","grocery",0,0,0,"midday"
46,391,55,336,"weekday","unknown","travelling","unknown","restaurant",0,0,0,"unknown"
46,395,59,336,"weekday","afternoon","travelling","hot","grocery",0,1,0,"midday"
46,396,60,336,"weekend","afternoon","shopping","cold","grocery",1,1,0,"midday"
46,403,67,336,"weekday","beforelunch","travelling","unknown","restaurant",0,1,0,"midday"
46,415,79,336,"weekday","lunch","travelling","cold","grocery",0,1,0,"midday"
46,421,85,336,"weekday","beforelunch","travelling","freezing","grocery",0,1,0,"midday"
46,422,86,336,"weekday","afternoon","unknown","freezing","grocery",0,1,0,"midday"
46,423,87,336,"weekday","lunch","leisure","unknown","restaurant",0,1,0,"midday"
46,424,88,336,"weekday","afternoon","leisure","warm","grocery",0,1,0,"midday"
46,435,99,336,"weekday","afternoon","unknown","cold","restaurant",1,1,0,"midday"
46,438,102,336,"weekday","unknown","unknown","freezing","grocery",0,1,0,"unknown"
46,444,108,336,"weekend","beforelunch","travelling","cold","grocery",1,1,0,"midday"
46,447,111,336,"weekday","beforelunch","working","unknown","grocery",0,1,0,"midday"
46,448,112,336,"weekday","afternoon","unknown","warm","restaurant",0,1,0,"midday"
46,450,114,336,"weekday","afternoon","leisure","unknown","restaurant",0,1,1,"midday"
46,456,120,336,"weekend","lunch","travelling","cold","grocery",0,1,1,"midday"
46,457,121,336,"weekday","beforelunch","leisure","cold","restaurant",1,1,1,"midday"
46,470,134,336,"weekday","breakfast","travelling","hot","restaurant",1,1,1,"morning"
46,474,138,336,"weekend","afternoon","unknown","cold","grocery",0,1,1,"midday"
46,478,142,336,"weekday","beforelunch","travelling","freezing","restaurant",0,1,1,"midday"
46,483,147,336,"weekday","afternoon","unknown","cold","restaurant",1,1,1,"midday"
46,484,148,336,"weekday","afternoon","unknown","unknown","grocery",0,1,1,"midday"
46,485,149,336,"unknown","morning","travelling","freezing","grocery",1,1,1,"morning"
46,487,151,336,"weekday","breakfast","travelling","cold","restaurant",0,1,1,"morning"
46,489,153,336,"weekday","lunch","unknown","unknown","grocery",0,1,1,"midday"
46,490,154,336,"weekday","lunch","travelling","warm","grocery",1,1,1,"midday"
46,494,158,336,"weekend","morning","travelling","unknown","grocery",0,1,1,"morning"
46,497,161,336,"weekend","breakfast","travelling","freezing","restaurant",0,1,1,"morning"
46,505,169,336,"weekday","afternoon","leisure","cold","restaurant",1,1,1,"midday"
46,508,172,336,"weekday","earlymorning","travelling","unknown","restaurant",1,1,1,"morning"
46,511,175,336,"weekday","breakfast","leisure","unknown","grocery",1,1,1,"morning"
46,518,182,336,"weekday","afternoon","travelling","cold","restaurant",1,1,1,"midday"
47,340,0,340,"weekend","breakfast","travelling","cold","grocery",0,0,0,"morning"
47,345,5,340,"weekday","afternoon","shopping","freezing","grocery",0,0,0,"midday"
47,347,7,340,"weekday","lunch","travelling","warm","grocery",0,0,0,"midday"
47,350,10,340,"weekday","afternoon","travelling","cold","restaurant",0,0,0,"midday"
47,352,12,340,"weekday","breakfast","shopping","unknown","restaurant",0,0,0,"morning"
47,355,15,340,"weekend","dinner","unknown","unknown","restaurant",1,0,0,"night"
47,358,18,340,"weekday","lunch","travelling","cold","restaurant",0,0,0,"midday"
47,360,20,340,"weekday","afternoon","travelling","cold","grocery",0,0,0,"midday"
47,361,21,340,"weekday","afternoon","unknown","hot","grocery",1,0,0,"midday"
47,362,22,340,"weekday","afternoon","unknown","cold","grocery",0,0,0,"midday"
47,364,24,340,"weekday","beforelunch","travelling","freezing","restaurant",0,0,0,"midday"
47,366,26,340,"weekday","breakfast","travelling","freezing","grocery",0,0,0,"morning"
47,371,31,340,"weekday","lunch","working","unknown","grocery",0,0,0,"midday"
47,372,32,340,"weekend","evening","unknown","hot","grocery",0,0,0,"night"
47,375,35,340,"weekday","lunch","travelling","unknown","grocery",1,0,0,"midday"
47,380,40,340,"weekday","lunch","travelling","freezing","grocery",0,0,0,"midday"
47,382,42,340,"weekday","afternoon","travelling","cold","grocery",1,0,0,"midday"
47,383,43,340,"weekend","afternoon","working","cold","restaurant",0,0,0,"midday"
47,384,44,340,"weekday","lunch","unknown","unknown","grocery",0,0,0,"midday"
47,392,52,340,"weekday","afternoon","shopping","unknown","grocery",0,0,0,"midday"
47,393,53,340,"weekday","morning","leisure","unknown","grocery",1,0,0,"morning"
47,395,55,340,"weekday","unknown","travelling","warm","grocery",1,0,0,"unknown"
47,403,63,340,"weekend","lunch","travelling","warm","grocery",0,1,0,"midday"
47,404,64,340,"weekday","breakfast","unknown","unknown","restaurant",0,1,0,"morning"
47,411,71,340,"weekday","beforelunch","travelling","hot","restaurant",1,1,0,"midday"
47,417,77,340,"weekend","lunch","working","warm","restaurant",0,1,0,"midday"
47,418,78,340,"weekday","morning","travelling","warm","restaurant",1,1,0,"morning"
47,422,82,340,"weekday","beforelunch","travelling","warm","restaurant",0,1,0,"midday"
47,424,84,340,"weekday","lunch","shopping","hot","grocery",0,1,0,"midday"
47,426,86,340,"weekday","afternoon","unknown","freezing","restaurant",0,1,0,"midday"
47,427,87,340,"weekday","lunch","travelling","freezing","restaurant",0,1,0,"midday"
47,428,88,340,"weekday","afternoon","unknown","freezing","grocery",0,1,0,"midday"
47,429,89,340,"weekday","afternoon","leisure","freezing","grocery",1,1,0,"midday"
47,431,91,340,"unknown","afternoon","travelling","warm","grocery",0,1,0,"midday"
47,435,95,340,"weekday","afternoon","unknown","warm","grocery",0,1,0,"midday"
47,441,101,340,"weekend","lunch","unknown","freezing","grocery",0,1,0,"midday"
47,444,104,340,"weekday","afternoon","leisure","cold","restaurant",0,1,0,"midday"
47,446,106,340,"weekday","lunch","travelling","cold","grocery",0,1,0,"midday"
47,448,108,340,"weekend","beforelunch","travelling","freezing","restaurant",1,1,0,"midday"
47,449,109,340,"weekday","morning","travelling","cold","restaurant",0,1,0,"morning"
47,450,110,340,"weekend","beforelunch","travelling","unknown","restaurant",1,1,0,"midday"
47,462,122,340,"weekday","beforelunch","travelling","warm","restaurant",0,1,1,"midday"
47,468,128,340,"weekday","beforelunch","travelling","cold","grocery",0,1,1,"midday"
47,469,129,340,"weekday","beforelunch","housework","cold","restaurant",0,1,1,"midday"
47,471,131,340,"weekday","afternoon","travelling","warm","grocery",0,1,1,"midday"
47,473,133,340,"weekday","afternoon","unknown","unknown","restaurant",0,1,1,"midday"
47,478,138,340,"weekday","lunch","travelling","unknown","grocery",0,1,1,"midday"
47,479,139,340,"weekday","unknown","travelling","unknown","restaurant",0,1,1,"unknown"
47,483,143,340,"weekday","beforelunch","shopping","freezing","grocery",0,1,1,"midday"
47,484,144,340,"weekend","afternoon","travelling","cold","restaurant",0,1,1,"midday"
47,485,145,340,"weekday","morning","travelling","unknown","grocery",0,1,1,"morning"
47,487,147,340,"weekday","evening","working","unknown","grocery",0,1,1,"night"
47,488,148,340,"weekday","beforelunch","travelling","warm","grocery",0,1,1,"midday"
47,490,150,340,"weekday","afternoon","travelling","freezing","grocery",0,1,1,"midday"
47,493,153,340,"weekday","unknown","leisure","cold","restaurant",1,1,1,"unknown"
47,495,155,340,"weekday","beforelunch","travelling","cold","restaurant",0,1,1,"midday"
47,496,156,340,"weekday","afternoon","morningrituals","unknown","grocery",0,1,1,"midday"
47,498,158,340,"weekday","morning","travelling","cold","restaurant",1,1,1,"morning"
47,499,159,340,"weekend","breakfast","morningrituals","warm","restaurant",0,1,1,"morning"
47,504,164,340,"weekend","morning","travelling","freezing","grocery",0,1,1,"morning"
47,505,165,340,"weekday","afternoon","travelling","warm","restaurant",0,1,1,"midday"
47,506,166,340,"weekend","afternoon","travelling","warm","grocery",0,1,1,"midday"
47,508,168,340,"weekday","afternoon","travelling","unknown","restaurant",0,1,1,"midday"
47,509,169,340,"weekday","beforelunch","working","freezing","restaurant",0,1,1,"midday"
47,515,175,340,"weekend","morning","travelling","unknown","restaurant",0,1,1,"morning"
47,517,177,340,"weekday","afternoon","travelling","warm","restaurant",0,1,1,"midday"
47,521,181,340,"weekday","beforelunch","travelling","cold","restaurant",0,1,1,"midday"
47,523,183,340,"weekday","lunch","travelling","unknown","restaurant",0,1,1,"midday"
48,353,0,353,"weekday","afternoon","travelling","freezing","restaurant",0,0,0,"midday"
48,364,11,353,"weekend","beforelunch","leisure","warm","grocery",0,0,0,"midday"
48,370,17,353,"weekday","beforelunch","working","warm","grocery",0,0,0,"midday"
48,371,18,353,"weekday","night","shopping","freezing","grocery",0,0,0,"night"
48,373,20,353,"weekend","afternoon","unknown","hot","grocery",0,0,0,"midday"
48,374,21,353,"weekday","afternoon","travelling","warm","grocery",0,0,0,"midday"
48,378,25,353,"weekday","afternoon","travelling","freezing","grocery",0,0,0,"midday"
48,380,27,353,"weekday","afternoon","travelling","freezing","restaurant",0,0,0,"midday"
48,385,32,353,"weekday","beforelunch","travelling","warm","restaurant",1,0,0,"midday"
48,387,34,353,"weekday","afternoon","shopping","unknown","grocery",1,0,0,"midday"
48,393,40,353,"weekday","beforelunch","unknown","warm","grocery",0,0,0,"midday"
48,394,41,353,"weekday","lunch","travelling","freezing","restaurant",0,0,0,"midday"
48,395,42,353,"weekday","lunch","travelling","hot","restaurant",1,0,0,"midday"
48,396,43,353,"weekend","afternoon","unknown","unknown","grocery",0,0,0,"midday"
48,403,50,353,"weekend","lunch","morningrituals","unknown","grocery",0,0,0,"midday"
48,408,55,353,"unknown","afternoon","travelling","warm","grocery",1,0,0,"midday"
48,410,57,353,"weekend","afternoon","housework","unknown","grocery",0,1,0,"midday"
48,412,59,353,"weekday","lunch","travelling","unknown","restaurant",0,1,0,"midday"
48,416,63,353,"weekend","afternoon","travelling","cold","grocery",0,1,0,"midday"
48,425,72,353,"weekend","afternoon","working","cold","restaurant",1,1,0,"midday"
48,426,73,353,"weekend","afternoon","leisure","warm","grocery",1,1,0,"midday"
48,427,74,353,"weekday","morning","travelling","freezing","restaurant",0,1,0,"morning"
48,431,78,353,"weekday","unknown","working","cold","restaurant",1,1,0,"unknown"
48,433,80,353,"weekend","afternoon","shopping","freezing","restaurant",0,1,0,"midday"
48,434,81,353,"weekday","afternoon","travelling","freezing","grocery",1,1,0,"midday"
48,435,82,353,"weekday","night","travelling","cold","grocery",1,1,0,"night"
48,436,83,353,"weekday","lunch","travelling","warm","grocery",0,1,0,"midday"
48,437,84,353,"weekend","afternoon","travelling","unknown","grocery",1,1,0,"midday"
48,442,89,353,"weekday","night","unknown","warm","grocery",1,1,0,"night"
48,445,92,353,"weekday","night","leisure","freezing","restaurant",0,1,0,"night"
48,449,96,353,"weekday","afternoon","travelling","warm","restaurant",1,1,0,"midday"
48,450,97,353,"weekday","lunch","travelling","warm","restaurant",1,1,0,"midday"
48,451,98,353,"weekday","afternoon","working","warm","grocery",1,1,0,"midday"
48,453,100,353,"weekday","lunch","travelling","freezing","grocery",0,1,0,"midday"
48,455,102,353,"weekday","beforelunch","travelling","hot","restaurant",1,1,0,"midday"
48,456,103,353,"weekday","afternoon","leisure","cold","restaurant",1,1,0,"midday"
48,463,110,353,"weekend","afternoon","travelling","cold","grocery",1,1,0,"midday"
48,464,111,353,"weekday","afternoon","travelling","unknown","grocery",1,1,0,"midday"
48,467,114,353,"weekend","afternoon","travelling","warm","grocery",0,1,1,"midday"
48,468,115,353,"weekday","beforelunch","unknown","unknown","grocery",1,1,1,"midday"
48,469,116,353,"weekend","beforelunch","unknown","warm","restaurant",0,1,1,"midday"
48,470,117,353,"weekday","lunch","working","freezing","restaurant",1,1,1,"midday"
48,475,122,353,"weekend","lunch","travelling","unknown","restaurant",0,1,1,"midday"
48,477,124,353,"weekday","evening","travelling","unknown","restaurant",0,1,1,"night"
48,482,129,353,"weekday","morning","travelling","warm","restaurant",0,1,1,"morning"
48,483,130,353,"weekday","breakfast","unknown","freezing","grocery",0,1,1,"morning"
48,491,138,353,"weekend","afternoon","unknown","warm","restaurant",1,1,1,"midday"
48,492,139,353,"weekday","beforelunch","travelling","unknown","grocery",0,1,1,"midday"
48,494,141,353,"weekday","lunch","travelling","freezing","grocery",0,1,1,"midday"
48,495,142,353,"weekend","beforelunch","travelling","unknown","restaurant",1,1,1,"midday"
48,501,148,353,"weekday","afternoon","morningrituals","freezing","grocery",1,1,1,"midday"
48,504,151,353,"weekday","afternoon","travelling","warm","restaurant",0,1,1,"midday"
48,506,153,353,"weekday","breakfast","leisure","cold","restaurant",0,1,1,"morning"
48,507,154,353,"weekday","afternoon","unknown","cold","grocery",0,1,1,"midday"
48,509,156,353,"weekday","afternoon","working","warm","restaurant",0,1,1,"midday"
48,516,163,353,"weekend","beforelunch","travelling","cold","grocery",0,1,1,"midday"
48,517,164,353,"weekday","beforelunch","leisure","cold","grocery",0,1,1,"midday"
48,523,170,353,"weekday","beforelunch","travelling","cold","grocery",1,1,1,"midday"
48,525,172,353,"weekday","afternoon","travelling","freezing","grocery",1,1,1,"midday"
48,526,173,353,"weekday","afternoon","travelling","cold","grocery",0,1,1,"midday"
48,534,181,353,"weekday","breakfast","travelling","freezing","restaurant",0,1,1,"morning"
49,374,12,362,"weekday","breakfast","unknown","warm","restaurant",0,0,0,"morning"
49,375,13,362,"weekday","afternoon","travelling","hot","grocery",0,0,0,"midday"
49,380,18,362,"weekday","lunch","travelling","unknown","restaurant",0,0,0,"midday"
49,384,22,362,"weekday","beforelunch","working","cold","restaurant",0,0,0,"midday"
49,390,28,362,"weekday","lunch","travelling","cold","restaurant",1,0,0,"midday"
49,391,29,362,"weekday","afternoon","travelling","cold","grocery",1,0,0,"midday"
49,392,30,362,"weekday","morning","working","hot","restaurant",0,0,0,"morning"
49,401,39,362,"weekday","lunch","travelling","cold","restaurant",0,0,0,"midday"
49,407,45,362,"weekend","night","travelling","unknown","restaurant",1,0,0,"night"
49,411,49,362,"weekday","unknown","unknown","hot","grocery",0,0,0,"unknown"
49,426,64,362,"weekday","afternoon","shopping","freezing","grocery",0,1,0,"midday"
49,427,65,362,"unknown","afternoon","travelling","freezing","restaurant",1,1,0,"midday"
49,439,77,362,"weekday","lunch","working","hot","restaurant",0,1,0,"midday"
49,442,80,362,"unknown","beforelunch","unknown","cold","restaurant",0,1,0,"midday"
49,444,82,362,"weekday","lunch","leisure","unknown","grocery",1,1,0,"midday"
49,445,83,362,"weekday","beforelunch","travelling","hot","grocery",0,1,0,"midday"
49,447,85,362,"weekday","afternoon","travelling","freezing","grocery",1,1,0,"midday"
49,451,89,362,"weekday","lunch","leisure","unknown","grocery",0,1,0,"midday"
49,453,91,362,"weekend","lunch","social","warm","grocery",1,1,0,"midday"
49,478,116,362,"weekend","lunch","travelling","cold","grocery",0,1,1,"midday"
49,485,123,362,"weekday","beforelunch","unknown","unknown","restaurant",0,1,1,"midday"
49,488,126,362,"weekday","afternoon","travelling","unknown","restaurant",0,1,1,"midday"
49,489,127,362,"weekday","beforelunch","travelling","cold","restaurant",1,1,1,"midday"
49,503,141,362,"weekday","afternoon","unknown","unknown","grocery",0,1,1,"midday"
49,517,155,362,"weekend","afternoon","leisure","warm","grocery",0,1,1,"midday"
49,518,156,362,"weekday","afternoon","travelling","freezing","restaurant",0,1,1,"midday"
49,542,180,362,"weekday","afternoon","travelling","unknown","grocery",1,1,1,"midday"
50,366,1,365,"weekday","afternoon","working","cold","restaurant",1,0,0,"midday"
50,367,2,365,"weekday","afternoon","travelling","freezing","grocery",0,0,0,"midday"
50,371,6,365,"weekend","afternoon","travelling","hot","restaurant",0,0,0,"midday"
50,372,7,365,"weekday","lunch","travelling","unknown","restaurant",1,0,0,"midday"
50,377,12,365,"weekday","breakfast","travelling","freezing","grocery",1,0,0,"morning"
50,378,13,365,"weekend","breakfast","travelling","unknown","grocery",0,0,0,"morning"
50,380,15,365,"weekday","lunch","travelling","cold","grocery",0,0,0,"midday"
50,381,16,365,"weekend","afternoon","working","cold","restaurant",0,0,0,"midday"
50,382,17,365,"weekday","breakfast","travelling","unknown","grocery",1,0,0,"morning"
50,384,19,365,"weekday","afternoon","travelling","freezing","restaurant",1,0,0,"midday"
50,385,20,365,"weekday","breakfast","working","freezing","restaurant",0,0,0,"morning"
50,387,22,365,"weekday","afternoon","travelling","cold","restaurant",0,0,0,"midday"
50,388,23,365,"weekday","lunch","unknown","freezing","grocery",0,0,0,"midday"
50,393,28,365,"weekend","breakfast","unknown","freezing","grocery",0,0,0,"morning"
50,394,29,365,"weekday","afternoon","travelling","freezing","grocery",1,0,0,"midday"
50,395,30,365,"weekend","breakfast","working","unknown","grocery",0,0,0,"morning"
50,396,31,365,"weekday","afternoon","travelling","unknown","restaurant",0,0,0,"midday"
50,397,32,365,"weekend","morning","travelling","unknown","restaurant",0,0,0,"morning"
50,398,33,365,"weekday","morning","unknown","unknown","grocery",1,0,0,"morning"
50,400,35,365,"weekday","beforelunch","travelling","cold","grocery",1,0,0,"midday"
50,401,36,365,"weekday","morning","travelling","freezing","grocery",0,0,0,"morning"
50,405,40,365,"weekday","afternoon","working","freezing","restaurant",0,0,0,"midday"
50,406,41,365,"weekday","morning","working","warm","grocery",1,0,0,"morning"
50,409,44,365,"weekday","breakfast","unknown","cold","grocery",1,0,0,"morning"
50,410,45,365,"weekday","afternoon","travelling","warm","restaurant",1,0,0,"midday"
50,412,47,365,"weekday","breakfast","travelling","unknown","grocery",1,0,0,"morning"
50,413,48,365,"weekday","afternoon","travelling","warm","grocery",0,0,0,"midday"
50,414,49,365,"weekday","afternoon","travelling","cold","restaurant",0,0,0,"midday"
50,415,50,365,"weekday","morning","unknown","freezing","grocery",0,0,0,"morning"
50,417,52,365,"weekend","afternoon","travelling","hot","restaurant",1,0,0,"midday"
50,418,53,365,"weekday","lunch","travelling","freezing","restaurant",0,0,0,"midday"
50,421,56,365,"weekday","lunch","unknown","unknown","restaurant",1,0,0,"midday"
50,426,61,365,"weekday","lunch","travelling","unknown","grocery",0,1,0,"midday"
50,427,62,365,"weekday","breakfast","shopping","cold","grocery",0,1,0,"morning"
50,433,68,365,"weekday","lunch","unknown","unknown","grocery",1,1,0,"midday"
50,435,70,365,"weekend","earlymorning","morningrituals","freezing","grocery",0,1,0,"morning"
50,439,74,365,"weekday","breakfast","travelling","hot","grocery",0,1,0,"morning"
50,440,75,365,"weekend","morning","travelling","freezing","grocery",0,1,0,"morning"
50,441,76,365,"weekend","lunch","travelling","freezing","grocery",1,1,0,"midday"
50,442,77,365,"weekday","afternoon","travelling","unknown","restaurant",1,1,0,"midday"
50,452,87,365,"weekend","beforelunch","travelling","hot","restaurant",0,1,0,"midday"
50,453,88,365,"weekday","beforelunch","travelling","unknown","grocery",0,1,0,"midday"
50,455,90,365,"weekday","earlymorning","working","hot","grocery",0,1,0,"morning"
50,456,91,365,"weekday","morning","shopping","unknown","restaurant",0,1,0,"morning"
50,457,92,365,"weekend","afternoon","unknown","unknown","grocery",0,1,0,"midday"
50,458,93,365,"weekday","afternoon","travelling","cold","grocery",0,1,0,"midday"
50,461,96,365,"weekday","morning","travelling","unknown","restaurant",1,1,0,"morning"
50,462,97,365,"weekend","breakfast","working","hot","grocery",0,1,0,"morning"
50,465,100,365,"weekday","lunch","travelling","warm","restaurant",0,1,0,"midday"
50,468,103,365,"weekday","morning","travelling","warm","grocery",0,1,0,"morning"
50,473,108,365,"weekday","beforelunch","travelling","freezing","restaurant",0,1,0,"midday"
50,474,109,365,"weekday","lunch","travelling","cold","grocery",0,1,0,"midday"
50,477,112,365,"weekday","afternoon","leisure","hot","grocery",0,1,0,"midday"
50,479,114,365,"weekday","morning","travelling","cold","grocery",1,1,1,"morning"
50,480,115,365,"weekday","morning","working","unknown","restaurant",0,1,1,"morning"
50,483,118,365,"weekday","morning","morningrituals","unknown","restaurant",1,1,1,"morning"
50,485,120,365,"weekday","afternoon","unknown","unknown","restaurant",0,1,1,"midday"
50,486,121,365,"weekday","afternoon","travelling","warm","grocery",0,1,1,"midday"
50,487,122,365,"weekday","breakfast","shopping","cold","grocery",0,1,1,"morning"
50,489,124,365,"weekday","beforelunch","leisure","unknown","restaurant",1,1,1,"midday"
50,491,126,365,"weekend","afternoon","travelling","unknown","grocery",0,1,1,"midday"
50,493,128,365,"weekday","lunch","working","freezing","restaurant",1,1,1,"midday"
50,495,130,365,"weekday","lunch","travelling","freezing","restaurant",0,1,1,"midday"
50,500,135,365,"weekday","breakfast","travelling","freezing","restaurant",0,1,1,"morning"
50,501,136,365,"weekday","afternoon","unknown","warm","restaurant",0,1,1,"midday"
50,504,139,365,"weekday","breakfast","travelling","cold","restaurant",1,1,1,"morning"
50,505,140,365,"weekday","afternoon","travelling","freezing","grocery",0,1,1,"midday"
50,506,141,365,"weekday","beforelunch","working","unknown","restaurant",0,1,1,"midday"
50,509,144,365,"weekday","beforelunch","travelling","warm","grocery",0,1,1,"midday"
50,512,147,365,"weekday","lunch","unknown","freezing","restaurant",0,1,1,"midday"
50,513,148,365,"weekday","morning","travelling","unknown","restaurant",1,1,1,"morning"
50,517,152,365,"weekday","afternoon","unknown","cold","grocery",0,1,1,"midday"
50,521,156,365,"weekday","afternoon","leisure","cold","grocery",1,1,1,"midday"
50,526,161,365,"weekday","lunch","travelling","unknown","grocery",1,1,1,"midday"
50,528,163,365,"weekend","breakfast","travelling","cold","restaurant",1,1,1,"morning"
50,532,167,365,"weekday","beforelunch","travelling","freezing","restaurant",0,1,1,"midday"
50,533,168,365,"weekend","lunch","working","cold","restaurant",1,1,1,"midday"
50,535,170,365,"weekday","beforelunch","travelling","unknown","grocery",0,1,1,"midday"
50,536,171,365,"weekday","lunch","travelling","warm","restaurant",1,1,1,"midday"
50,537,172,365,"weekend","lunch","unknown","unknown","restaurant",0,1,1,"midday"
50,539,174,365,"weekday","lunch","travelling","unknown","restaurant",1,1,1,"midday"
50,540,175,365,"weekday","beforelunch","unknown","warm","restaurant",0,1,1,"midday"
50,544,179,365,"weekend","lunch","travelling","freezing","restaurant",1,1,1,"midday"
50,545,180,365,"weekend","breakfast","working","cold","grocery",0,1,1,"morning"
50,548,183,365,"weekday","evening","unknown","hot","restaurant",0,1,1,"night"
51,373,1,372,"weekday","morning","travelling","warm","grocery",0,0,0,"morning"
51,376,4,372,"weekday","lunch","unknown","warm","grocery",0,0,0,"midday"
51,378,6,372,"weekday","afternoon","shopping","hot","grocery",0,0,0,"midday"
51,379,7,372,"weekday","afternoon","working","hot","grocery",0,0,0,"midday"
51,384,12,372,"weekday","afternoon","unknown","unknown","restaurant",0,0,0,"midday"
51,395,23,372,"weekday","afternoon","travelling","cold","grocery",0,0,0,"midday"
51,399,27,372,"weekday","afternoon","morningrituals","freezing","grocery",0,0,0,"midday"
51,402,30,372,"weekday","afternoon","leisure","unknown","restaurant",0,0,0,"midday"
51,403,31,372,"weekend","beforelunch","leisure","freezing","grocery",1,0,0,"midday"
51,404,32,372,"weekday","earlymorning","travelling","warm","grocery",0,0,0,"morning"
51,405,33,372,"weekday","lunch","travelling","cold","grocery",0,0,0,"midday"
51,408,36,372,"weekend","beforelunch","travelling","hot","restaurant",0,0,0,"midday"
51,413,41,372,"weekday","breakfast","travelling","cold","restaurant",1,0,0,"morning"
51,417,45,372,"weekday","breakfast","travelling","freezing","grocery",1,0,0,"morning"
51,418,46,372,"weekday","morning","leisure","cold","grocery",1,0,0,"morning"
51,420,48,372,"weekday","morning","leisure","freezing","grocery",0,0,0,"morning"
51,430,58,372,"weekend","lunch","travelling","warm","grocery",0,1,0,"midday"
51,431,59,372,"weekday","afternoon","unknown","warm","restaurant",0,1,0,"midday"
51,433,61,372,"weekday","lunch","travelling","cold","restaurant",1,1,0,"midday"
51,434,62,372,"weekday","breakfast","shopping","hot","restaurant",0,1,0,"morning"
51,441,69,372,"weekday","lunch","working","warm","grocery",0,1,0,"midday"
51,445,73,372,"weekend","breakfast","leisure","warm","grocery",0,1,0,"morning"
51,447,75,372,"weekday","breakfast","morningrituals","warm","grocery",1,1,0,"morning"
51,467,95,372,"weekday","beforelunch","shopping","cold","restaurant",0,1,0,"midday"
51,468,96,372,"weekend","lunch","unknown","hot","grocery",0,1,0,"midday"
51,471,99,372,"weekday","lunch","travelling","cold","restaurant",0,1,0,"midday"
51,493,121,372,"weekday","beforelunch","travelling","freezing","grocery",0,1,1,"midday"
51,509,137,372,"weekday","lunch","travelling","unknown","grocery",0,1,1,"midday"
51,511,139,372,"weekday","afternoon","travelling","freezing","restaurant",1,1,1,"midday"
51,514,142,372,"weekday","beforelunch","working","freezing","grocery",0,1,1,"midday"
51,515,143,372,"weekday","dinner","travelling","unknown","grocery",0,1,1,"night"
51,522,150,372,"weekday","afternoon","travelling","cold","grocery",0,1,1,"midday"
51,526,154,372,"weekday","morning","working","unknown","grocery",0,1,1,"morning"
51,536,164,372,"weekday","beforelunch","travelling","freezing","grocery",0,1,1,"midday"
51,543,171,372,"weekday","breakfast","travelling","cold","restaurant",0,1,1,"morning"
51,553,181,372,"weekday","beforelunch","travelling","warm","grocery",0,1,1,"midday"
52,387,4,383,"weekday","morning","travelling","unknown","restaurant",0,0,0,"morning"
52,390,7,383,"weekend","afternoon","travelling","freezing","restaurant",0,0,0,"midday"
52,392,9,383,"weekday","earlymorning","travelling","unknown","restaurant",0,0,0,"morning"
52,397,14,383,"weekend","lunch","unknown","warm","restaurant",0,0,0,"midday"
52,398,15,383,"weekend","lunch","leisure","freezing","restaurant",0,0,0,"midday"
52,399,16,383,"weekday","morning","travelling","cold","restaurant",0,0,0,"morning"
52,400,17,383,"weekday","lunch","unknown","hot","restaurant",0,0,0,"midday"
52,401,18,383,"weekend","lunch","travelling","unknown","grocery",1,0,0,"midday"
52,403,20,383,"weekday","afternoon","travelling","warm","grocery",0,0,0,"midday"
52,404,21,383,"weekday","beforelunch","travelling","cold","grocery",0,0,0,"midday"
52,407,24,383,"weekend","beforelunch","travelling","warm","restaurant",0,0,0,"midday"
52,410,27,383,"weekday","night","leisure","cold","restaurant",1,0,0,"night"
52,412,29,383,"weekday","beforelunch","travelling","cold","grocery",1,0,0,"midday"
52,413,30,383,"weekday","dinner","shopping","unknown","restaurant",1,0,0,"night"
52,415,32,383,"weekday","morning","shopping","cold","grocery",0,0,0,"morning"
52,416,33,383,"weekday","beforelunch","leisure","unknown","grocery",0,0,0,"midday"
52,418,35,383,"weekend","beforelunch","unknown","cold","restaurant",0,0,0,"midday"
52,421,38,383,"weekday","morning","leisure","cold","restaurant",0,0,0,"morning"
52,422,39,383,"weekend","lunch","unknown","cold","restaurant",0,0,0,"midday"
52,427,44,383,"weekday","lunch","travelling","warm","restaurant",1,0,0,"midday"
52,431,48,383,"weekday","lunch","travelling","freezing","restaurant",1,0,0,"midday"
52,434,51,383,"weekday","morning","travelling","freezing","grocery",1,0,0,"morning"
52,435,52,383,"weekday","lunch","travelling","cold","restaurant",0,0,0,"midday"
52,437,54,383,"weekday","afternoon","travelling","unknown","restaurant",1,0,0,"midday"
52,439,56,383,"weekday","afternoon","unknown","warm","grocery",0,0,0,"midday"
52,442,59,383,"weekend","beforelunch","unknown","unknown","restaurant",0,1,0,"midday"
52,448,65,383,"weekday","lunch","travelling","unknown","grocery",1,1,0,"midday"
52,449,66,383,"weekday","morning","travelling","unknown","grocery",0,1,0,"morning"
52,450,67,383,"weekday","latenight","unknown","unknown","grocery",0,1,0,"night"
52,457,74,383,"weekday","lunch","travelling","warm","restaurant",1,1,0,"midday"
52,461,78,383,"weekday","breakfast","working","unknown","restaurant",0,1,0,"morning"
52,463,80,383,"weekday","lunch","travelling","unknown","restaurant",0,1,0,"midday"
52,471,88,383,"weekday","afternoon","leisure","unknown","restaurant",0,1,0,"midday"
52,472,89,383,"weekend","dinner","travelling","hot","grocery",1,1,0,"night"
52,474,91,383,"weekday","earlymorning","travelling","unknown","grocery",0,1,0,"morning"
52,476,93,383,"weekday","morning","working","freezing","restaurant",0,1,0,"morning"
52,480,97,383,"weekend","lunch","leisure","unknown","grocery",0,1,0,"midday"
52,484,101,383,"weekday","morning","unknown","hot","grocery",0,1,0,"morning"
52,485,102,383,"weekday","afternoon","workingout","warm","restaurant",0,1,0,"midday"
52,486,103,383,"weekday","beforelunch","leisure","cold","restaurant",1,1,0,"midday"
52,489,106,383,"weekday","dinner","travelling","hot","restaurant",0,1,0,"night"
52,496,113,383,"weekend","morning","travelling","cold","restaurant",1,1,1,"morning"
52,502,119,383,"weekday","breakfast","leisure","freezing","restaurant",1,1,1,"morning"
52,505,122,383,"weekday","afternoon","shopping","hot","grocery",0,1,1,"midday"
52,506,123,383,"weekday","afternoon","leisure","hot","restaurant",0,1,1,"midday"
52,511,128,383,"weekday","afternoon","working","hot","restaurant",1,1,1,"midday"
52,512,129,383,"weekday","earlymorning","travelling","cold","restaurant",0,1,1,"morning"
52,518,135,383,"weekday","beforelunch","unknown","cold","restaurant",1,1,1,"midday"
52,522,139,383,"unknown","dinner","travelling","cold","restaurant",0,1,1,"night"
52,525,142,383,"weekday","morning","travelling","hot","restaurant",0,1,1,"morning"
52,530,147,383,"weekday","beforelunch","travelling","cold","restaurant",1,1,1,"midday"
52,534,151,383,"weekday","beforelunch","travelling","cold","restaurant",0,1,1,"midday"
52,537,154,383,"weekday","morning","travelling","freezing","grocery",0,1,1,"morning"
52,539,156,383,"weekday","beforelunch","shopping","hot","grocery",0,1,1,"midday"
52,540,157,383,"weekend","morning","travelling","cold","restaurant",1,1,1,"morning"
52,542,159,383,"weekday","afternoon","travelling","cold","grocery",0,1,1,"midday"
52,545,162,383,"weekend","afternoon","shopping","cold","restaurant",0,1,1,"midday"
52,547,164,383,"weekday","unknown","unknown","cold","restaurant",0,1,1,"unknown"
52,548,165,383,"weekday","dinner","unknown","cold","restaurant",0,1,1,"night"
52,551,168,383,"weekday","lunch","unknown","warm","grocery",0,1,1,"midday"
52,552,169,383,"weekday","afternoon","working","hot","restaurant",1,1,1,"midday"
52,554,171,383,"weekday","lunch","working","cold","grocery",1,1,1,"midday"
52,556,173,383,"weekday","beforelunch","travelling","freezing","grocery",1,1,1,"midday"
52,557,174,383,"weekday","evening","travelling","warm","restaurant",0,1,1,"night"
52,560,177,383,"weekday","morning","travelling","cold","restaurant",0,1,1,"morning"
52,561,178,383,"weekday","breakfast","shopping","unknown","grocery",0,1,1,"morning"
52,562,179,383,"weekend","afternoon","travelling","freezing","grocery",1,1,1,"midday"
52,566,183,383,"weekday","afternoon","unknown","hot","grocery",0,1,1,"midday"
53,390,3,387,"weekend","afternoon","working","cold","grocery",0,0,0,"midday"
53,394,7,387,"weekday","beforelunch","travelling","unknown","restaurant",1,0,0,"midday"
53,395,8,387,"weekday","lunch","unknown","freezing","grocery",0,0,0,"midday"
53,397,10,387,"weekday","afternoon","leisure","cold","restaurant",0,0,0,"midday"
53,400,13,387,"weekday","beforelunch","shopping","cold","grocery",0,0,0,"midday"
53,401,14,387,"weekday","beforelunch","unknown","freezing","restaurant",1,0,0,"midday"
53,410,23,387,"weekday","breakfast","travelling","unknown","grocery",1,0,0,"morning"
53,412,25,387,"weekday","breakfast","unknown","freezing","restaurant",0,0,0,"morning"
53,413,26,387,"weekday","breakfast","unknown","cold","restaurant",1,0,0,"morning"
53,421,34,387,"weekday","afternoon","leisure","unknown","restaurant",0,0,0,"midday"
53,422,35,387,"weekday","lunch","travelling","cold","grocery",0,0,0,"midday"
53,426,39,387,"weekend","lunch","travelling","hot","restaurant",0,0,0,"midday"
53,432,45,387,"unknown","beforelunch","travelling","warm","grocery",0,0,0,"midday"
53,435,48,387,"weekday","breakfast","leisure","unknown","restaurant",0,0,0,"morning"
53,436,49,387,"weekday","beforelunch","working","cold","grocery",0,0,0,"midday"
53,440,53,387,"weekday","morning","travelling","freezing","grocery",0,0,0,"morning"
53,444,57,387,"weekend","afternoon","travelling","freezing","grocery",0,1,0,"midday"
53,446,59,387,"weekday","afternoon","unknown","cold","restaurant",0,1,0,"midday"
53,457,70,387,"weekend","beforelunch","working","cold","restaurant",0,1,0,"midday"
53,460,73,387,"weekday","breakfast","travelling","warm","grocery",0,1,0,"morning"
53,466,79,387,"weekend","afternoon","travelling","unknown","restaurant",0,1,0,"midday"
53,468,81,387,"weekday","morning","shopping","freezing","grocery",1,1,0,"morning"
53,476,89,387,"weekday","afternoon","unknown","freezing","grocery",0,1,0,"midday"
53,479,92,387,"weekend","lunch","unknown","cold","grocery",0,1,0,"midday"
53,488,101,387,"weekday","afternoon","leisure","cold","grocery",1,1,0,"midday"
53,504,117,387,"weekday","afternoon","shopping","unknown","grocery",0,1,1,"midday"
53,509,122,387,"weekday","night","working","freezing","grocery",1,1,1,"night"
53,511,124,387,"weekend","afternoon","travelling","cold","restaurant",0,1,1,"midday"
53,521,134,387,"weekend","lunch","working","unknown","restaurant",1,1,1,"midday"
53,522,135,387,"weekend","breakfast","travelling","unknown","grocery",1,1,1,"morning"
53,523,136,387,"weekday","earlymorning","travelling","cold","grocery",0,1,1,"morning"
53,524,137,387,"weekend","morning","unknown","warm","restaurant",0,1,1,"morning"
53,525,138,387,"weekday","lunch","travelling","freezing","restaurant",0,1,1,"midday"
53,526,139,387,"weekday","breakfast","unknown","warm","restaurant",0,1,1,"morning"
53,545,158,387,"weekday","breakfast","leisure","warm","restaurant",0,1,1,"morning"
53,548,161,387,"weekend","beforelunch","travelling","unknown","restaurant",0,1,1,"midday"
53,550,163,387,"weekend","beforelunch","leisure","unknown","grocery",0,1,1,"midday"
53,552,165,387,"weekday","afternoon","unknown","unknown","restaurant",0,1,1,"midday"
53,553,166,387,"weekend","afternoon","travelling","unknown","restaurant",0,1,1,"midday"
53,557,170,387,"weekday","lunch","travelling","freezing","grocery",1,1,1,"midday"
53,558,171,387,"weekday","lunch","leisure","freezing","grocery",0,1,1,"midday"
53,561,174,387,"weekday","dinner","travelling","cold","grocery",0,1,1,"night"
53,566,179,387,"weekday","lunch","travelling","cold","restaurant",1,1,1,"midday"
53,569,182,387,"weekday","beforelunch","unknown","cold","grocery",0,1,1,"midday"
54,396,3,393,"weekday","lunch","travelling","freezing","restaurant",0,0,0,"midday"
54,399,6,393,"weekday","beforelunch","working","cold","grocery",0,0,0,"midday"
54,403,10,393,"weekday","breakfast","travelling","cold","grocery",0,0,0,"morning"
54,404,11,393,"weekend","dinner","travelling","cold","restaurant",0,0,0,"night"
54,405,12,393,"weekday","afternoon","travelling","unknown","grocery",0,0,0,"midday"
54,407,14,393,"weekday","beforelunch","travelling","unknown","restaurant",0,0,0,"midday"
54,408,15,393,"weekday","morning","working","cold","restaurant",0,0,0,"morning"
54,409,16,393,"weekday","beforelunch","leisure","freezing","grocery",1,0,0,"midday"
54,410,17,393,"weekday","morning","working","cold","restaurant",0,0,0,"morning"
54,411,18,393,"weekday","lunch","travelling","warm","grocery",0,0,0,"midday"
54,414,21,393,"weekday","morning","travelling","freezing","grocery",0,0,0,"morning"
54,416,23,393,"weekday","beforelunch","leisure","unknown","restaurant",0,0,0,"midday"
54,418,25,393,"weekday","lunch","leisure","cold","grocery",0,0,0,"midday"
54,419,26,393,"weekday","afternoon","shopping","warm","restaurant",0,0,0,"midday"
54,420,27,393,"weekend","beforelunch","unknown","unknown","restaurant",0,0,0,"midday"
54,422,29,393,"weekend","breakfast","travelling","cold","restaurant",0,0,0,"morning"
54,423,30,393,"weekend","beforelunch","shopping","freezing","grocery",0,0,0,"midday"
54,425,32,393,"weekend","breakfast","working","unknown","restaurant",0,0,0,"morning"
54,426,33,393,"weekday","evening","working","cold","grocery",0,0,0,"night"
54,427,34,393,"weekday","afternoon","unknown","warm","restaurant",0,0,0,"midday"
54,428,35,393,"weekday","afternoon","leisure","cold","restaurant",1,0,0,"midday"
54,429,36,393,"weekday","afternoon","travelling","cold","grocery",1,0,0,"midday"
54,431,38,393,"weekday","afternoon","unknown","cold","grocery",1,0,0,"midday"
54,435,42,393,"weekday","afternoon","travelling","unknown","restaurant",0,0,0,"midday"
54,439,46,393,"weekday","afternoon","leisure","freezing","grocery",1,0,0,"midday"
54,442,49,393,"weekday","dinner","travelling","hot","grocery",0,0,0,"night"
54,443,50,393,"weekday","unknown","travelling","unknown","grocery",0,0,0,"unknown"
54,444,51,393,"weekday","breakfast","travelling","cold","grocery",0,0,0,"morning"
54,445,52,393,"weekend","afternoon","travelling","unknown","restaurant",1,0,0,"midday"
54,450,57,393,"weekday","earlymorning","travelling","warm","restaurant",0,1,0,"morning"
54,452,59,393,"weekend","morning","travelling","freezing","restaurant",0,1,0,"morning"
54,453,60,393,"weekday","afternoon","travelling","freezing","restaurant",0,1,0,"midday"
54,454,61,393,"weekend","afternoon","shopping","unknown","grocery",0,1,0,"midday"
54,456,63,393,"weekday","afternoon","travelling","cold","restaurant",1,1,0,"midday"
54,457,64,393,"weekend","afternoon","unknown","freezing","restaurant",0,1,0,"midday"
54,461,68,393,"weekend","lunch","travelling","unknown","restaurant",0,1,0,"midday"
54,462,69,393,"weekday","beforelunch","travelling","hot","restaurant",1,1,0,"midday"
54,464,71,393,"weekend","earlymorning","unknown","cold","grocery",0,1,0,"morning"
54,467,74,393,"weekend","lunch","travelling","warm","restaurant",1,1,0,"midday"
54,468,75,393,"weekend","afternoon","leisure","freezing","restaurant",0,1,0,"midday"
54,469,76,393,"weekend","lunch","unknown","freezing","restaurant",0,1,0,"midday"
54,470,77,393,"weekday","lunch","travelling","warm","grocery",0,1,0,"midday"
54,471,78,393,"weekend","lunch","leisure","freezing","grocery",1,1,0,"midday"
54,474,81,393,"weekday","beforelunch","travelling","unknown","grocery",0,1,0,"midday"
54,477,84,393,"weekday","afternoon","travelling","warm","grocery",0,1,0,"midday"
54,479,86,393,"weekend","earlymorning","shopping","cold","restaurant",0,1,0,"morning"
54,481,88,393,"weekday","breakfast","travelling","cold","restaurant",0,1,0,"morning"
54,482,89,393,"weekday","breakfast","travelling","freezing","grocery",0,1,0,"morning"
54,483,90,393,"weekday","breakfast","unknown","cold","grocery",1,1,0,"morning"
54,484,91,393,"weekday","lunch","travelling","warm","grocery",1,1,0,"midday"
54,485,92,393,"weekend","afternoon","unknown","warm","grocery",1,1,0,"midday"
54,486,93,393,"weekend","beforelunch","travelling","freezing","grocery",0,1,0,"midday"
54,487,94,393,"weekday","afternoon","travelling","cold","restaurant",0,1,0,"midday"
54,491,98,393,"weekend","beforelunch","travelling","cold","restaurant",1,1,0,"midday"
54,492,99,393,"weekend","afternoon","travelling","unknown","restaurant",0,1,0,"midday"
54,493,100,393,"weekday","afternoon","leisure","warm","grocery",0,1,0,"midday"
54,496,103,393,"weekday","lunch","travelling","cold","grocery",0,1,0,"midday"
54,497,104,393,"weekend","lunch","unknown","cold","restaurant",1,1,0,"midday"
54,498,105,393,"weekday","lunch","travelling","cold","grocery",0,1,0,"midday"
54,499,106,393,"weekday","lunch","unknown","freezing","grocery",0,1,0,"midday"
54,501,108,393,"weekday","lunch","travelling","warm","grocery",0,1,0,"midday"
54,503,110,393,"weekday","afternoon","leisure","hot","grocery",0,1,0,"midday"
54,504,111,393,"weekday","breakfast","travelling","unknown","restaurant",1,1,0,"morning"
54,505,112,393,"weekday","earlymorning","travelling","cold","restaurant",0,1,0,"morning"
54,507,114,393,"weekend","lunch","unknown","warm","restaurant",0,1,1,"midday"
54,509,116,393,"weekday","dinner","travelling","freezing","restaurant",0,1,1,"night"
54,510,117,393,"weekday","breakfast","leisure","cold","grocery",0,1,1,"morning"
54,511,118,393,"weekday","morning","working","hot","restaurant",0,1,1,"morning"
54,512,119,393,"weekday","afternoon","leisure","cold","grocery",0,1,1,"midday"
54,514,121,393,"weekend","beforelunch","shopping","cold","grocery",0,1,1,"midday"
54,517,124,393,"weekend","lunch","travelling","hot","grocery",0,1,1,"midday"
54,519,126,393,"weekend","beforelunch","travelling","unknown","restaurant",0,1,1,"midday"
54,520,127,393,"weekday","breakfast","travelling","cold","restaurant",0,1,1,"morning"
54,523,130,393,"weekday","lunch","travelling","unknown","restaurant",0,1,1,"midday"
54,524,131,393,"weekend","beforelunch","travelling","cold","restaurant",0,1,1,"midday"
54,526,133,393,"weekday","beforelunch","working","unknown","grocery",0,1,1,"midday"
54,528,135,393,"weekday","morning","leisure","cold","grocery",1,1,1,"morning"
54,529,136,393,"weekday","lunch","travelling","warm","grocery",1,1,1,"midday"
54,531,138,393,"weekday","afternoon","travelling","cold","restaurant",0,1,1,"midday"
54,534,141,393,"weekday","lunch","leisure","freezing","restaurant",0,1,1,"midday"
54,535,142,393,"weekday","lunch","working","cold","grocery",0,1,1,"midday"
54,536,143,393,"weekday","beforelunch","shopping","hot","grocery",1,1,1,"midday"
54,537,144,393,"weekday","earlymorning","unknown","freezing","restaurant",0,1,1,"morning"
54,538,145,393,"weekday","breakfast","travelling","cold","restaurant",0,1,1,"morning"
54,540,147,393,"weekday","lunch","travelling","freezing","grocery",0,1,1,"midday"
54,542,149,393,"weekday","night","unknown","warm","grocery",0,1,1,"night"
54,543,150,393,"weekend","unknown","shopping","warm","restaurant",1,1,1,"unknown"
54,547,154,393,"weekday","breakfast","travelling","cold","grocery",1,1,1,"morning"
54,549,156,393,"weekday","dinner","travelling","cold","restaurant",0,1,1,"night"
54,552,159,393,"weekend","dinner","travelling","hot","grocery",0,1,1,"night"
54,553,160,393,"weekend","beforelunch","leisure","warm","restaurant",0,1,1,"midday"
54,557,164,393,"weekday","lunch","travelling","freezing","grocery",1,1,1,"midday"
54,558,165,393,"weekday","afternoon","travelling","cold","grocery",0,1,1,"midday"
54,560,167,393,"weekend","afternoon","travelling","hot","grocery",0,1,1,"midday"
54,561,168,393,"weekday","afternoon","travelling","cold","restaurant",1,1,1,"midday"
54,562,169,393,"weekday","breakfast","travelling","unknown","restaurant",0,1,1,"morning"
54,563,170,393,"weekday","lunch","travelling","cold","restaurant",1,1,1,"midday"
54,570,177,393,"weekday","morning","leisure","freezing","grocery",0,1,1,"morning"
54,572,179,393,"weekday","afternoon","working","unknown","restaurant",0,1,1,"midday"
54,573,180,393,"weekday","afternoon","travelling","warm","grocery",1,1,1,"midday"
54,574,181,393,"weekday","beforelunch","unknown","freezing","grocery",1,1,1,"midday"
55,406,0,406,"weekday","lunch","travelling","unknown","restaurant",0,0,0,"midday"
55,409,3,406,"weekday","beforelunch","travelling","cold","grocery",0,0,0,"midday"
55,411,5,406,"weekend","beforelunch","leisure","hot","grocery",0,0,0,"midday"
55,415,9,406,"weekday","lunch","travelling","warm","restaurant",0,0,0,"midday"
55,418,12,406,"weekday","morning","working","warm","restaurant",0,0,0,"morning"
55,421,15,406,"weekday","morning","travelling","warm","grocery",1,0,0,"morning"
55,425,19,406,"weekday","lunch","travelling","hot","restaurant",0,0,0,"midday"
55,434,28,406,"weekend","lunch","shopping","freezing","restaurant",0,0,0,"midday"
55,443,37,406,"weekday","afternoon","leisure","hot","restaurant",0,0,0,"midday"
55,448,42,406,"weekday","afternoon","travelling","hot","restaurant",0,0,0,"midday"
55,453,47,406,"weekday","beforelunch","travelling","unknown","restaurant",0,0,0,"midday"
55,455,49,406,"weekend","lunch","travelling","cold","restaurant",1,0,0,"midday"
55,458,52,406,"weekend","lunch","travelling","cold","grocery",1,0,0,"midday"
55,460,54,406,"weekday","morning","unknown","cold","restaurant",0,0,0,"morning"
55,465,59,406,"weekday","afternoon","unknown","warm","restaurant",0,1,0,"midday"
55,469,63,406,"weekday","afternoon","unknown","unknown","restaurant",0,1,0,"midday"
55,471,65,406,"weekday","lunch","shopping","freezing","restaurant",1,1,0,"midday"
55,474,68,406,"weekday","lunch","travelling","cold","restaurant",0,1,0,"midday"
55,483,77,406,"weekday","beforelunch","travelling","cold","grocery",0,1,0,"midday"
55,485,79,406,"weekday","beforelunch","unknown","cold","grocery",0,1,0,"midday"
55,494,88,406,"weekday","lunch","unknown","cold","restaurant",0,1,0,"midday"
55,501,95,406,"weekday","evening","travelling","hot","grocery",0,1,0,"night"
55,516,110,406,"weekend","lunch","unknown","warm","restaurant",0,1,0,"midday"
55,520,114,406,"weekend","breakfast","shopping","cold","grocery",0,1,1,"morning"
55,522,116,406,"weekday","afternoon","travelling","cold","restaurant",0,1,1,"midday"
55,525,119,406,"weekday","beforelunch","unknown","unknown","grocery",0,1,1,"midday"
55,529,123,406,"weekday","morning","travelling","freezing","grocery",0,1,1,"morning"
55,535,129,406,"weekend","breakfast","unknown","unknown","restaurant",0,1,1,"morning"
55,549,143,406,"weekday","lunch","travelling","hot","restaurant",0,1,1,"midday"
55,552,146,406,"weekday","lunch","travelling","freezing","grocery",0,1,1,"midday"
55,556,150,406,"weekday","afternoon","travelling","warm","restaurant",0,1,1,"midday"
55,563,157,406,"weekend","lunch","travelling","warm","grocery",1,1,1,"midday"
55,564,158,406,"weekday","breakfast","travelling","cold","restaurant",0,1,1,"morning"
55,565,159,406,"weekday","breakfast","travelling","hot","restaurant",0,1,1,"morning"
55,568,162,406,"weekday","dinner","travelling","hot","grocery",1,1,1,"night"
55,574,168,406,"weekend","evening","unknown","unknown","grocery",0,1,1,"night"
55,582,176,406,"weekend","beforelunch","unknown","hot","restaurant",1,1,1,"midday"
56,412,4,408,"weekday","breakfast","travelling","unknown","grocery",0,0,0,"morning"
56,414,6,408,"weekend","lunch","working","warm","restaurant",0,0,0,"midday"
56,415,7,408,"weekday","beforelunch","travelling","hot","restaurant",0,0,0,"midday"
56,417,9,408,"weekday","morning","leisure","unknown","restaurant",1,0,0,"morning"
56,419,11,408,"weekday","afternoon","travelling","cold","grocery",0,0,0,"midday"
56,420,12,408,"weekday","afternoon","shopping","unknown","restaurant",1,0,0,"midday"
56,421,13,408,"weekend","breakfast","travelling","warm","restaurant",0,0,0,"morning"
56,425,17,408,"weekday","afternoon","travelling","cold","restaurant",0,0,0,"midday"
56,426,18,408,"weekday","afternoon","unknown","cold","restaurant",0,0,0,"midday"
56,427,19,408,"weekday","lunch","travelling","hot","restaurant",1,0,0,"midday"
56,428,20,408,"weekday","lunch","unknown","freezing","grocery",1,0,0,"midday"
56,429,21,408,"weekend","afternoon","travelling","unknown","grocery",0,0,0,"midday"
56,430,22,408,"weekend","afternoon","travelling","warm","grocery",0,0,0,"midday"
56,431,23,408,"weekend","afternoon","morningrituals","cold","grocery",0,0,0,"midday"
56,432,24,408,"weekday","afternoon","shopping","cold","restaurant",0,0,0,"midday"
56,434,26,408,"weekday","dinner","leisure","warm","grocery",0,0,0,"night"
56,436,28,408,"weekday","breakfast","morningrituals","unknown","restaurant",0,0,0,"morning"
56,438,30,408,"weekday","lunch","travelling","unknown","grocery",1,0,0,"midday"
56,439,31,408,"weekend","lunch","shopping","cold","grocery",0,0,0,"midday"
56,440,32,408,"weekday","afternoon","travelling","cold","restaurant",1,0,0,"midday"
56,444,36,408,"weekday","afternoon","travelling","freezing","grocery",0,0,0,"midday"
56,447,39,408,"weekday","lunch","travelling","freezing","grocery",0,0,0,"midday"
56,448,40,408,"weekday","beforelunch","travelling","unknown","restaurant",0,0,0,"midday"
56,449,41,408,"weekday","afternoon","travelling","cold","grocery",0,0,0,"midday"
56,450,42,408,"weekday","dinner","travelling","cold","grocery",0,0,0,"night"
56,451,43,408,"weekday","beforelunch","travelling","cold","grocery",0,0,0,"midday"
56,454,46,408,"weekday","evening","working","warm","restaurant",0,0,0,"night"
56,456,48,408,"weekend","breakfast","travelling","warm","grocery",1,0,0,"morning"
56,459,51,408,"weekday","afternoon","travelling","unknown","grocery",0,0,0,"midday"
56,461,53,408,"weekday","lunch","travelling","freezing","grocery",1,0,0,"midday"
56,462,54,408,"unknown","lunch","morningrituals","unknown","restaurant",0,0,0,"midday"
56,464,56,408,"weekend","afternoon","travelling","cold","grocery",1,0,0,"midday"
56,465,57,408,"weekend","afternoon","travelling","cold","restaurant",0,1,0,"midday"
56,467,59,408,"weekday","earlymorning","travelling","hot","grocery",0,1,0,"morning"
56,469,61,408,"weekend","breakfast","shopping","cold","grocery",0,1,0,"morning"
56,470,62,408,"weekend","morning","shopping","freezing","grocery",0,1,0,"morning"
56,471,63,408,"weekday","unknown","travelling","freezing","restaurant",0,1,0,"unknown"
56,472,64,408,"weekend","breakfast","unknown","cold","restaurant",1,1,0,"morning"
56,473,65,408,"weekday","beforelunch","unknown","cold","restaurant",0,1,0,"midday"
56,477,69,408,"weekday","breakfast","travelling","freezing","grocery",0,1,0,"morning"
56,479,71,408,"weekday","dinner","travelling","warm","grocery",0,1,0,"night"
56,482,74,408,"weekday","dinner","travelling","cold","grocery",0,1,0,"night"
56,484,76,408,"weekday","breakfast","unknown","cold","restaurant",0,1,0,"morning"
56,485,77,408,"weekday","beforelunch","working","cold","restaurant",1,1,0,"midday"
56,488,80,408,"weekday","afternoon","travelling","cold","grocery",0,1,0,"midday"
56,490,82,408,"unknown","breakfast","shopping","freezing","grocery",0,1,0,"morning"
56,494,86,408,"weekend","afternoon","shopping","warm","grocery",0,1,0,"midday"
56,495,87,408,"weekday","afternoon","leisure","cold","grocery",0,1,0,"midday"
56,496,88,408,"weekday","lunch","travelling","cold","grocery",0,1,0,"midday"
56,499,91,408,"weekday","afternoon","unknown","cold","restaurant",0,1,0,"midday"
56,500,92,408,"weekday","lunch","travelling","unknown","grocery",1,1,0,"midday"
56,501,93,408,"weekday","lunch","travelling","freezing","grocery",0,1,0,"midday"
56,502,94,408,"weekday","lunch","working","warm","restaurant",0,1,0,"midday"
56,503,95,408,"weekday","afternoon","travelling","cold","restaurant",1,1,0,"midday"
56,505,97,408,"weekday","lunch","travelling","cold","grocery",1,1,0,"midday"
56,506,98,408,"weekend","breakfast","shopping","warm","grocery",0,1,0,"morning"
56,507,99,408,"weekday","afternoon","travelling","warm","grocery",1,1,0,"midday"
56,509,101,408,"weekend","afternoon","travelling","unknown","restaurant",0,1,0,"midday"
56,510,102,408,"unknown","lunch","travelling","cold","grocery",1,1,0,"midday"
56,513,105,408,"weekday","afternoon","leisure","freezing","grocery",0,1,0,"midday"
56,514,106,408,"weekend","beforelunch","workingout","cold","grocery",1,1,0,"midday"
56,517,109,408,"weekend","beforelunch","travelling","cold","grocery",1,1,0,"midday"
56,518,110,408,"weekday","afternoon","leisure","freezing","grocery",0,1,0,"midday"
56,519,111,408,"weekday","lunch","travelling","freezing","restaurant",1,1,0,"midday"
56,521,113,408,"weekday","unknown","shopping","hot","restaurant",0,1,1,"unknown"
56,522,114,408,"weekday","lunch","leisure","cold","restaurant",0,1,1,"midday"
56,526,118,408,"weekday","breakfast","working","unknown","restaurant",1,1,1,"morning"
56,527,119,408,"weekday","breakfast","travelling","unknown","grocery",0,1,1,"morning"
56,529,121,408,"weekday","lunch","travelling","unknown","restaurant",0,1,1,"midday"
56,530,122,408,"weekday","afternoon","travelling","warm","restaurant",1,1,1,"midday"
56,532,124,408,"weekday","night","travelling","cold","restaurant",0,1,1,"night"
56,533,125,408,"weekday","lunch","travelling","freezing","grocery",0,1,1,"midday"
56,534,126,408,"weekday","breakfast","travelling","unknown","restaurant",1,1,1,"morning"
56,537,129,408,"weekday","beforelunch","travelling","cold","grocery",0,1,1,"midday"
56,538,130,408,"weekday","lunch","leisure","unknown","restaurant",1,1,1,"midday"
56,539,131,408,"weekday","lunch","unknown","cold","grocery",1,1,1,"midday"
56,542,134,408,"weekend","lunch","travelling","freezing","grocery",0,1,1,"midday"
56,544,136,408,"weekday","afternoon","leisure","hot","restaurant",1,1,1,"midday"
56,545,137,408,"weekday","earlymorning","unknown","cold","restaurant",0,1,1,"morning"
56,549,141,408,"weekday","beforelunch","travelling","cold","grocery",0,1,1,"midday"
56,550,142,408,"weekend","afternoon","travelling","cold","grocery",0,1,1,"midday"
56,551,143,408,"weekday","breakfast","leisure","hot","grocery",1,1,1,"morning"
56,553,145,408,"weekday","afternoon","unknown","freezing","restaurant",1,1,1,"midday"
56,554,146,408,"weekday","morning","unknown","freezing","grocery",0,1,1,"morning"
56,555,147,408,"weekday","afternoon","travelling","freezing","restaurant",1,1,1,"midday"
56,556,148,408,"weekend","beforelunch","travelling","freezing","grocery",1,1,1,"midday"
56,558,150,408,"weekday","afternoon","travelling","warm","restaurant",0,1,1,"midday"
56,559,151,408,"weekday","lunch","travelling","hot","grocery",1,1,1,"midday"
56,561,153,408,"weekday","afternoon","unknown","unknown","grocery",1,1,1,"midday"
56,562,154,408,"weekday","lunch","unknown","hot","restaurant",0,1,1,"midday"
56,563,155,408,"weekday","lunch","travelling","cold","grocery",0,1,1,"midday"
56,565,157,408,"weekday","morning","travelling","hot","grocery",1,1,1,"morning"
56,566,158,408,"weekday","breakfast","travelling","unknown","restaurant",0,1,1,"morning"
56,567,159,408,"weekend","beforelunch","unknown","unknown","restaurant",0,1,1,"midday"
56,569,161,408,"weekday","breakfast","travelling","freezing","grocery",1,1,1,"morning"
56,573,165,408,"weekday","morning","shopping","cold","grocery",0,1,1,"morning"
56,576,168,408,"weekday","afternoon","unknown","freezing","grocery",0,1,1,"midday"
56,577,169,408,"weekend","breakfast","leisure","freezing","restaurant",1,1,1,"morning"
56,578,170,408,"weekday","afternoon","working","freezing","restaurant",0,1,1,"midday"
56,579,171,408,"weekday","lunch","working","unknown","grocery",0,1,1,"midday"
56,581,173,408,"weekday","afternoon","leisure","warm","restaurant",0,1,1,"midday"
56,583,175,408,"weekday","morning","unknown","freezing","restaurant",1,1,1,"morning"
56,585,177,408,"weekday","breakfast","unknown","hot","restaurant",0,1,1,"morning"
56,586,178,408,"weekday","beforelunch","leisure","unknown","grocery",0,1,1,"midday"
56,588,180,408,"weekday","afternoon","travelling","cold","grocery",0,1,1,"midday"
56,590,182,408,"weekend","afternoon","travelling","warm","grocery",1,1,1,"midday"
56,591,183,408,"weekday","dinner","leisure","unknown","restaurant",0,1,1,"night"
57,413,0,413,"weekday","afternoon","travelling","hot","grocery",0,0,0,"midday"
57,414,1,413,"weekday","afternoon","morningrituals","freezing","grocery",1,0,0,"midday"
57,422,9,413,"weekday","lunch","shopping","cold","restaurant",1,0,0,"midday"
57,423,10,413,"weekend","beforelunch","travelling","cold","restaurant",0,0,0,"midday"
57,433,20,413,"weekend","beforelunch","travelling","cold","grocery",0,0,0,"midday"
57,438,25,413,"weekday","beforelunch","travelling","unknown","restaurant",0,0,0,"midday"
57,444,31,413,"weekday","lunch","morningrituals","freezing","grocery",0,0,0,"midday"
57,445,32,413,"weekday","evening","travelling","unknown","restaurant",1,0,0,"night"
57,447,34,413,"weekend","beforelunch","travelling","hot","grocery",0,0,0,"midday"
57,449,36,413,"weekend","lunch","shopping","hot","grocery",0,0,0,"midday"
57,451,38,413,"weekday","lunch","travelling","freezing","grocery",0,0,0,"midday"
57,455,42,413,"weekday","breakfast","travelling","freezing","grocery",0,0,0,"morning"
57,456,43,413,"weekday","beforelunch","unknown","freezing","grocery",0,0,0,"midday"
57,457,44,413,"weekday","beforelunch","travelling","freezing","grocery",0,0,0,"midday"
57,463,50,413,"weekend","breakfast","unknown","unknown","restaurant",0,0,0,"morning"
57,465,52,413,"weekday","lunch","leisure","unknown","restaurant",0,0,0,"midday"
57,466,53,413,"weekday","lunch","travelling","warm","grocery",0,0,0,"midday"
57,468,55,413,"weekday","earlymorning","leisure","freezing","restaurant",0,0,0,"morning"
57,473,60,413,"weekday","afternoon","working","cold","grocery",0,1,0,"midday"
57,475,62,413,"weekday","unknown","leisure","warm","restaurant",1,1,0,"unknown"
57,481,68,413,"weekday","lunch","travelling","cold","grocery",0,1,0,"midday"
57,493,80,413,"weekday","beforelunch","unknown","cold","restaurant",1,1,0,"midday"
57,495,82,413,"weekend","beforelunch","travelling","unknown","grocery",0,1,0,"midday"
57,507,94,413,"weekend","lunch","unknown","hot","grocery",0,1,0,"midday"
57,508,95,413,"weekday","breakfast","travelling","unknown","grocery",0,1,0,"morning"
57,511,98,413,"weekend","breakfast","travelling","warm","grocery",0,1,0,"morning"
57,517,104,413,"weekday","lunch","travelling","unknown","grocery",0,1,0,"midday"
57,520,107,413,"weekday","afternoon","travelling","warm","restaurant",0,1,0,"midday"
57,523,110,413,"weekend","unknown","unknown","unknown","grocery",1,1,0,"unknown"
57,525,112,413,"weekday","afternoon","morningrituals","cold","restaurant",0,1,0,"midday"
57,527,114,413,"weekday","afternoon","leisure","cold","restaurant",1,1,1,"midday"
57,531,118,413,"weekday","lunch","travelling","cold","grocery",1,1,1,"midday"
57,538,125,413,"weekday","beforelunch","leisure","unknown","restaurant",0,1,1,"midday"
57,543,130,413,"weekend","afternoon","unknown","unknown","grocery",0,1,1,"midday"
57,549,136,413,"unknown","beforelunch","travelling","unknown","grocery",0,1,1,"midday"
57,550,137,413,"weekend","beforelunch","unknown","warm","grocery",1,1,1,"midday"
57,556,143,413,"weekday","afternoon","morningrituals","cold","grocery",0,1,1,"midday"
57,557,144,413,"weekday","afternoon","travelling","cold","restaurant",0,1,1,"midday"
57,562,149,413,"weekday","morning","shopping","cold","restaurant",0,1,1,"morning"
57,574,161,413,"weekday","lunch","unknown","freezing","restaurant",0,1,1,"midday"
57,575,162,413,"weekday","unknown","unknown","unknown","grocery",0,1,1,"unknown"
57,578,165,413,"weekday","lunch","travelling","cold","restaurant",0,1,1,"midday"
57,584,171,413,"weekday","dinner","travelling","unknown","grocery",0,1,1,"night"
57,585,172,413,"weekend","lunch","travelling","unknown","restaurant",1,1,1,"midday"
58,427,4,423,"weekday","morning","shopping","cold","restaurant",0,0,0,"morning"
58,443,20,423,"weekday","afternoon","unknown","warm","restaurant",0,0,0,"midday"
58,450,27,423,"weekday","afternoon","travelling","unknown","restaurant",1,0,0,"midday"
58,453,30,423,"weekday","afternoon","unknown","unknown","grocery",0,0,0,"midday"
58,454,31,423,"weekday","afternoon","travelling","freezing","grocery",0,0,0,"midday"
58,457,34,423,"weekend","breakfast","travelling","warm","restaurant",0,0,0,"morning"
58,469,46,423,"weekday","lunch","unknown","hot","grocery",1,0,0,"midday"
58,472,49,423,"weekday","afternoon","shopping","warm","grocery",0,0,0,"midday"
58,476,53,423,"weekday","afternoon","travelling","cold","restaurant",1,0,0,"midday"
58,479,56,423,"weekday","lunch","unknown","warm","grocery",0,0,0,"midday"
58,481,58,423,"weekday","beforelunch","leisure","warm","restaurant",0,1,0,"midday"
58,482,59,423,"weekday","afternoon","shopping","cold","restaurant",1,1,0,"midday"
58,485,62,423,"weekday","beforelunch","morningrituals","hot","grocery",0,1,0,"midday"
58,488,65,423,"weekday","afternoon","travelling","unknown","grocery",1,1,0,"midday"
58,491,68,423,"weekday","beforelunch","travelling","warm","grocery",0,1,0,"midday"
58,498,75,423,"weekday","afternoon","travelling","cold","grocery",0,1,0,"midday"
58,504,81,423,"weekday","unknown","travelling","unknown","grocery",0,1,0,"unknown"
58,507,84,423,"weekday","afternoon","travelling","hot","restaurant",0,1,0,"midday"
58,518,95,423,"weekday","afternoon","travelling","unknown","restaurant",0,1,0,"midday"
58,523,100,423,"weekday","lunch","working","cold","restaurant",0,1,0,"midday"
58,525,102,423,"weekday","earlymorning","travelling","hot","grocery",1,1,0,"morning"
58,530,107,423,"weekend","morning","travelling","freezing","grocery",0,1,0,"morning"
58,535,112,423,"weekday","afternoon","shopping","unknown","restaurant",1,1,0,"midday"
58,544,121,423,"weekday","afternoon","unknown","unknown","grocery",0,1,1,"midday"
58,548,125,423,"weekday","breakfast","travelling","freezing","grocery",0,1,1,"morning"
58,552,129,423,"weekday","beforelunch","travelling","unknown","grocery",0,1,1,"midday"
58,555,132,423,"weekday","afternoon","travelling","cold","restaurant",1,1,1,"midday"
58,558,135,423,"weekday","lunch","travelling","hot","grocery",0,1,1,"midday"
58,569,146,423,"weekday","afternoon","leisure","warm","grocery",0,1,1,"midday"
58,574,151,423,"weekday","afternoon","working","cold","grocery",0,1,1,"midday"
58,590,167,423,"weekday","lunch","travelling","unknown","grocery",0,1,1,"midday"
58,591,168,423,"weekend","afternoon","shopping","warm","restaurant",0,1,1,"midday"
58,593,170,423,"weekday","afternoon","travelling","hot","restaurant",0,1,1,"midday"
58,594,171,423,"weekday","breakfast","travelling","cold","grocery",1,1,1,"morning"
58,597,174,423,"weekend","lunch","travelling","unknown","restaurant",0,1,1,"midday"
58,598,175,423,"weekday","lunch","travelling","unknown","restaurant",1,1,1,"midday"
59,435,6,429,"weekend","breakfast","unknown","freezing","restaurant",1,0,0,"morning"
59,447,18,429,"weekday","dinner","travelling","cold","restaurant",1,0,0,"night"
59,459,30,429,"weekday","afternoon","leisure","cold","grocery",0,0,0,"midday"
59,460,31,429,"weekday","breakfast","leisure","freezing","restaurant",0,0,0,"morning"
59,470,41,429,"weekday","breakfast","travelling","warm","grocery",0,0,0,"morning"
59,485,56,429,"weekday","beforelunch","travelling","unknown","restaurant",0,0,0,"midday"
59,500,71,429,"weekday","afternoon","travelling","unknown","grocery",1,1,0,"midday"
59,503,74,429,"weekday","afternoon","travelling","unknown","grocery",1,1,0,"midday"
59,504,75,429,"weekday","beforelunch","travelling","warm","grocery",1,1,0,"midday"
59,510,81,429,"weekday","beforelunch","travelling","cold","grocery",1,1,0,"midday"
59,511,82,429,"weekday","morning","travelling","cold","grocery",0,1,0,"morning"
59,526,97,429,"weekend","beforelunch","unknown","unknown","grocery",1,1,0,"midday"
59,536,107,429,"weekday","morning","shopping","cold","restaurant",0,1,0,"morning"
59,541,112,429,"weekend","morning","shopping","cold","restaurant",0,1,0,"morning"
59,551,122,429,"weekend","morning","working","cold","grocery",0,1,1,"morning"
59,555,126,429,"unknown","beforelunch","shopping","cold","grocery",0,1,1,"midday"
59,558,129,429,"weekday","lunch","travelling","freezing","restaurant",0,1,1,"midday"
59,560,131,429,"weekday","breakfast","travelling","cold","grocery",1,1,1,"morning"
59,561,132,429,"weekend","beforelunch","travelling","cold","grocery",0,1,1,"midday"
59,564,135,429,"weekend","morning","travelling","cold","grocery",0,1,1,"morning"
59,568,139,429,"weekday","beforelunch","travelling","unknown","grocery",0,1,1,"midday"
59,579,150,429,"weekend","morning","leisure","freezing","restaurant",0,1,1,"morning"
59,594,165,429,"weekday","afternoon","leisure","warm","restaurant",0,1,1,"midday"
59,602,173,429,"weekday","beforelunch","unknown","freezing","restaurant",1,1,1,"midday"
59,605,176,429,"weekday","lunch","travelling","cold","restaurant",1,1,1,"midday"
59,608,179,429,"weekday","lunch","leisure","freezing","restaurant",0,1,1,"midday"
59,609,180,429,"weekend","lunch","travelling","cold","restaurant",0,1,1,"midday"
60,442,0,442,"weekend","lunch","unknown","hot","restaurant",0,0,0,"midday"
60,443,1,442,"weekday","beforelunch","travelling","warm","grocery",0,0,0,"midday"
60,444,2,442,"weekday","beforelunch","unknown","cold","restaurant",0,0,0,"midday"
60,445,3,442,"weekday","breakfast","travelling","warm","restaurant",0,0,0,"morning"
60,446,4,442,"weekday","beforelunch","working","unknown","grocery",1,0,0,"midday"
60,449,7,442,"weekday","morning","shopping","freezing","grocery",1,0,0,"morning"
60,452,10,442,"weekend","earlymorning","travelling","freezing","restaurant",0,0,0,"morning"
60,453,11,442,"weekday","breakfast","morningrituals","unknown","restaurant",0,0,0,"morning"
60,455,13,442,"weekday","beforelunch","working","unknown","grocery",0,0,0,"midday"
60,456,14,442,"weekday","afternoon","travelling","unknown","restaurant",0,0,0,"midday"
60,457,15,442,"weekday","morning","unknown","unknown","restaurant",0,0,0,"morning"
60,458,16,442,"weekday","dinner","travelling","cold","grocery",0,0,0,"night"
60,459,17,442,"weekday","afternoon","travelling","freezing","grocery",0,0,0,"midday"
60,460,18,442,"weekday","unknown","unknown","freezing","grocery",0,0,0,"unknown"
60,461,19,442,"weekend","lunch","leisure","unknown","grocery",0,0,0,"midday"
60,463,21,442,"weekday","afternoon","travelling","cold","grocery",0,0,0,"midday"
60,464,22,442,"weekend","breakfast","travelling","cold","grocery",0,0,0,"morning"
60,465,23,442,"weekday","beforelunch","travelling","cold","restaurant",1,0,0,"midday"
60,467,25,442,"weekday","afternoon","travelling","freezing","restaurant",0,0,0,"midday"
60,468,26,442,"weekend","afternoon","unknown","hot","grocery",0,0,0,"midday"
60,471,29,442,"weekday","beforelunch","travelling","warm","grocery",0,0,0,"midday"
60,474,32,442,"weekday","beforelunch","unknown","cold","grocery",0,0,0,"midday"
60,475,33,442,"weekend","morning","unknown","unknown","restaurant",0,0,0,"morning"
60,476,34,442,"weekday","lunch","travelling","cold","restaurant",0,0,0,"midday"
60,477,35,442,"weekday","breakfast","travelling","unknown","grocery",0,0,0,"morning"
60,480,38,442,"weekday","lunch","travelling","unknown","restaurant",1,0,0,"midday"
60,481,39,442,"weekday","night","travelling","hot","grocery",1,0,0,"night"
60,483,41,442,"weekday","morning","travelling","warm","grocery",0,0,0,"morning"
60,484,42,442,"weekday","unknown","travelling","freezing","grocery",0,0,0,"unknown"
60,485,43,442,"weekend","lunch","travelling","hot","restaurant",0,0,0,"midday"
60,486,44,442,"weekday","afternoon","unknown","cold","restaurant",1,0,0,"midday"
60,487,45,442,"weekday","breakfast","working","unknown","grocery",0,0,0,"morning"
60,488,46,442,"weekend","lunch","travelling","hot","grocery",1,0,0,"midday"
60,490,48,442,"weekday","unknown","travelling","unknown","grocery",0,0,0,"unknown"
60,491,49,442,"weekday","afternoon","shopping","cold","grocery",0,0,0,"midday"
60,494,52,442,"weekend","lunch","shopping","cold","grocery",0,0,0,"midday"
60,495,53,442,"weekday","afternoon","travelling","cold","restaurant",0,0,0,"midday"
60,496,54,442,"weekday","afternoon","travelling","freezing","restaurant",0,0,0,"midday"
60,497,55,442,"weekday","lunch","unknown","warm","restaurant",1,0,0,"midday"
60,499,57,442,"weekday","beforelunch","travelling","warm","restaurant",1,1,0,"midday"
60,500,58,442,"weekday","afternoon","shopping","freezing","restaurant",0,1,0,"midday"
60,502,60,442,"weekday","afternoon","travelling","freezing","grocery",1,1,0,"midday"
60,503,61,442,"weekday","lunch","morningrituals","warm","restaurant",0,1,0,"midday"
60,507,65,442,"weekday","breakfast","travelling","warm","restaurant",0,1,0,"morning"
60,511,69,442,"weekend","beforelunch","shopping","unknown","grocery",1,1,0,"midday"
60,513,71,442,"weekend","lunch","travelling","freezing","restaurant",0,1,0,"midday"
60,515,73,442,"weekday","lunch","travelling","unknown","grocery",0,1,0,"midday"
60,516,74,442,"weekday","breakfast","travelling","warm","grocery",1,1,0,"morning"
60,517,75,442,"weekend","afternoon","travelling","cold","restaurant",1,1,0,"midday"
60,518,76,442,"weekday","lunch","travelling","warm","grocery",0,1,0,"midday"
60,521,79,442,"weekend","breakfast","travelling","unknown","restaurant",0,1,0,"morning"
60,522,80,442,"weekday","afternoon","travelling","warm","grocery",0,1,0,"midday"
60,523,81,442,"weekend","afternoon","shopping","unknown","restaurant",1,1,0,"midday"
60,524,82,442,"weekday","beforelunch","unknown","warm","restaurant",0,1,0,"midday"
60,525,83,442,"weekday","afternoon","working","warm","restaurant",0,1,0,"midday"
60,526,84,442,"weekend","lunch","travelling","cold","restaurant",0,1,0,"midday"
60,530,88,442,"weekday","beforelunch","leisure","cold","restaurant",0,1,0,"midday"
60,531,89,442,"weekday","afternoon","travelling","warm","restaurant",1,1,0,"midday"
60,534,92,442,"weekday","lunch","travelling","cold","grocery",0,1,0,"midday"
60,535,93,442,"weekday","earlymorning","unknown","cold","restaurant",0,1,0,"morning"
60,536,94,442,"weekday","lunch","unknown","cold","grocery",1,1,0,"midday"
60,537,95,442,"weekday","lunch","working","freezing","grocery",0,1,0,"midday"
60,538,96,442,"weekday","afternoon","travelling","unknown","grocery",0,1,0,"midday"
60,539,97,442,"weekend","beforelunch","travelling","unknown","grocery",0,1,0,"midday"
60,541,99,442,"weekday","earlymorning","travelling","freezing","grocery",1,1,0,"morning"
60,543,101,442,"weekday","beforelunch","travelling","unknown","restaurant",0,1,0,"midday"
60,544,102,442,"weekend","breakfast","travelling","freezing","restaurant",1,1,0,"morning"
60,545,103,442,"weekend","lunch","unknown","freezing","grocery",1,1,0,"midday"
60,549,107,442,"weekday","afternoon","travelling","cold","restaurant",1,1,0,"midday"
60,551,109,442,"weekday","morning","unknown","freezing","restaurant",0,1,0,"morning"
60,552,110,442,"weekday","afternoon","travelling","cold","grocery",0,1,0,"midday"
60,553,111,442,"weekday","morning","unknown","cold","grocery",1,1,0,"morning"
60,554,112,442,"weekday","lunch","travelling","freezing","grocery",1,1,0,"midday"
60,555,113,442,"weekday","dinner","travelling","freezing","grocery",0,1,1,"night"
60,556,114,442,"weekday","beforelunch","travelling","hot","grocery",0,1,1,"midday"
60,557,115,442,"weekday","afternoon","travelling","cold","grocery",0,1,1,"midday"
60,560,118,442,"weekday","afternoon","leisure","freezing","restaurant",1,1,1,"midday"
60,561,119,442,"unknown","afternoon","leisure","unknown","grocery",0,1,1,"midday"
60,562,120,442,"weekend","afternoon","travelling","freezing","restaurant",0,1,1,"midday"
60,564,122,442,"weekend","afternoon","unknown","freezing","grocery",0,1,1,"midday"
60,565,123,442,"weekday","morning","leisure","freezing","grocery",0,1,1,"morning"
60,566,124,442,"weekday","morning","morningrituals","unknown","restaurant",1,1,1,"morning"
60,568,126,442,"weekday","afternoon","working","warm","restaurant",1,1,1,"midday"
60,569,127,442,"weekday","breakfast","travelling","unknown","restaurant",0,1,1,"morning"
60,571,129,442,"weekday","lunch","travelling","cold","grocery",0,1,1,"midday"
60,572,130,442,"weekend","afternoon","shopping","cold","restaurant",0,1,1,"midday"
60,573,131,442,"weekend","breakfast","unknown","unknown","restaurant",1,1,1,"morning"
60,576,134,442,"weekday","morning","travelling","cold","grocery",1,1,1,"morning"
60,577,135,442,"weekday","beforelunch","unknown","unknown","grocery",1,1,1,"midday"
60,579,137,442,"weekday","morning","travelling","cold","grocery",0,1,1,"morning"
60,580,138,442,"weekday","afternoon","unknown","cold","grocery",1,1,1,"midday"
60,581,139,442,"weekday","morning","travelling","cold","grocery",0,1,1,"morning"
60,583,141,442,"weekday","beforelunch","shopping","unknown","grocery",0,1,1,"midday"
60,584,142,442,"weekday","afternoon","travelling","freezing","grocery",1,1,1,"midday"
60,585,143,442,"weekday","lunch","travelling","cold","restaurant",1,1,1,"midday"
60,588,146,442,"unknown","breakfast","working","unknown","restaurant",0,1,1,"morning"
60,590,148,442,"weekday","lunch","shopping","cold","restaurant",1,1,1,"midday"
60,591,149,442,"weekend","afternoon","travelling","cold","grocery",0,1,1,"midday"
60,592,150,442,"weekday","dinner","travelling","freezing","grocery",0,1,1,"night"
60,596,154,442,"weekday","beforelunch","shopping","cold","grocery",0,1,1,"midday"
60,597,155,442,"weekend","morning","working","warm","grocery",0,1,1,"morning"
60,598,156,442,"weekday","lunch","travelling","unknown","restaurant",1,1,1,"midday"
60,599,157,442,"weekday","afternoon","travelling","warm","restaurant",0,1,1,"midday"
60,600,158,442,"weekday","beforelunch","travelling","freezing","grocery",0,1,1,"midday"
60,601,159,442,"weekday","afternoon","travelling","cold","restaurant",1,1,1,"midday"
60,602,160,442,"weekday","morning","unknown","unknown","restaurant",0,1,1,"morning"
60,604,162,442,"weekend","lunch","travelling","freezing","grocery",1,1,1,"midday"
60,606,164,442,"weekday","afternoon","travelling","cold","restaurant",0,1,1,"midday"
60,607,165,442,"weekday","latenight","working","warm","grocery",0,1,1,"night"
60,608,166,442,"weekend","afternoon","travelling","cold","grocery",0,1,1,"midday"
60,609,167,442,"weekday","afternoon","travelling","freezing","grocery",0,1,1,"midday"
60,610,168,442,"weekend","lunch","travelling","unknown","restaurant",1,1,1,"midday"
60,611,169,442,"weekend","afternoon","working","unknown","grocery",0,1,1,"midday"
60,612,170,442,"weekday","lunch","unknown","freezing","restaurant",0,1,1,"midday"
60,613,171,442,"weekday","lunch","travelling","freezing","restaurant",1,1,1,"midday"
60,614,172,442,"weekend","morning","shopping","hot","restaurant",0,1,1,"morning"
60,615,173,442,"weekday","morning","travelling","warm","grocery",0,1,1,"morning"
60,617,175,442,"weekday","afternoon","unknown","cold","restaurant",1,1,1,"midday"
60,618,176,442,"weekday","afternoon","leisure","unknown","grocery",0,1,1,"midday"
60,619,177,442,"weekday","dinner","travelling","cold","grocery",0,1,1,"night"
60,620,178,442,"weekday","lunch","travelling","cold","grocery",0,1,1,"midday"
60,623,181,442,"weekday","afternoon","travelling","freezing","grocery",1,1,1,"midday"
60,624,182,442,"weekday","afternoon","unknown","freezing","restaurant",0,1,1,"midday"
60,625,183,442,"weekday","morning","working","unknown","restaurant",0,1,1,"morning"
61,446,0,446,"weekday","earlymorning","leisure","freezing","restaurant",1,0,0,"morning"
61,452,6,446,"weekend","afternoon","travelling","cold","grocery",0,0,0,"midday"
61,454,8,446,"weekday","breakfast","travelling","cold","grocery",1,0,0,"morning"
61,455,9,446,"weekday","afternoon","shopping","warm","restaurant",0,0,0,"midday"
61,462,16,446,"weekday","afternoon","travelling","cold","restaurant",0,0,0,"midday"
61,463,17,446,"weekday","lunch","travelling","freezing","restaurant",0,0,0,"midday"
61,481,35,446,"weekend","lunch","working","cold","restaurant",1,0,0,"midday"
61,487,41,446,"weekday","lunch","travelling","cold","grocery",1,0,0,"midday"
61,491,45,446,"weekday","lunch","travelling","cold","restaurant",1,0,0,"midday"
61,495,49,446,"weekend","afternoon","travelling","cold","grocery",0,0,0,"midday"
61,497,51,446,"weekday","lunch","unknown","warm","restaurant",0,0,0,"midday"
61,501,55,446,"weekday","morning","travelling","cold","grocery",0,0,0,"morning"
61,503,57,446,"weekend","afternoon","shopping","unknown","grocery",0,1,0,"midday"
61,507,61,446,"weekday","afternoon","leisure","hot","grocery",0,1,0,"midday"
61,511,65,446,"unknown","earlymorning","travelling","unknown","restaurant",1,1,0,"morning"
61,520,74,446,"weekday","lunch","travelling","freezing","grocery",0,1,0,"midday"
61,523,77,446,"weekday","unknown","unknown","warm","grocery",0,1,0,"unknown"
61,533,87,446,"weekday","lunch","travelling","hot","grocery",1,1,0,"midday"
61,548,102,446,"weekday","afternoon","travelling","freezing","restaurant",0,1,0,"midday"
61,550,104,446,"weekday","afternoon","leisure","cold","grocery",1,1,0,"midday"
61,557,111,446,"unknown","beforelunch","travelling","freezing","grocery",1,1,0,"midday"
61,563,117,446,"weekend","morning","travelling","warm","grocery",0,1,1,"morning"
61,566,120,446,"weekday","afternoon","unknown","unknown","grocery",0,1,1,"midday"
61,570,124,446,"weekday","beforelunch","travelling","freezing","grocery",0,1,1,"midday"
61,571,125,446,"weekday","afternoon","working","unknown","grocery",0,1,1,"midday"
61,573,127,446,"weekday","lunch","unknown","unknown","grocery",1,1,1,"midday"
61,595,149,446,"weekday","dinner","unknown","cold","grocery",1,1,1,"night"
61,600,154,446,"weekend","lunch","travelling","cold","grocery",0,1,1,"midday"
61,606,160,446,"weekend","afternoon","travelling","cold","grocery",0,1,1,"midday"
62,456,0,456,"weekday","lunch","unknown","warm","grocery",0,0,0,"midday"
62,463,7,456,"weekday","lunch","working","unknown","grocery",0,0,0,"midday"
62,465,9,456,"weekday","beforelunch","unknown","warm","grocery",1,0,0,"midday"
62,472,16,456,"weekday","breakfast","travelling","hot","restaurant",0,0,0,"morning"
62,475,19,456,"weekday","morning","travelling","cold","restaurant",1,0,0,"morning"
62,477,21,456,"weekday","afternoon","travelling","cold","grocery",0,0,0,"midday"
62,478,22,456,"weekday","dinner","working","unknown","restaurant",0,0,0,"night"
62,480,24,456,"weekday","lunch","unknown","cold","restaurant",0,0,0,"midday"
62,481,25,456,"weekday","lunch","morningrituals","freezing","restaurant",0,0,0,"midday"
62,490,34,456,"weekend","night","travelling","unknown","restaurant",0,0,0,"night"
62,491,35,456,"weekend","afternoon","travelling","freezing","restaurant",0,0,0,"midday"
62,496,40,456,"weekday","breakfast","travelling","cold","grocery",0,0,0,"morning"
62,502,46,456,"weekend","beforelunch","travelling","cold","restaurant",0,0,0,"midday"
62,506,50,456,"weekday","afternoon","travelling","freezing","grocery",0,0,0,"midday"
62,508,52,456,"weekday","lunch","travelling","cold","grocery",0,0,0,"midday"
62,510,54,456,"weekday","afternoon","unknown","freezing","grocery",1,0,0,"midday"
62,511,55,456,"weekend","afternoon","travelling","unknown","grocery",1,0,0,"midday"
62,519,63,456,"weekday","afternoon","travelling","freezing","grocery",0,1,0,"midday"
62,520,64,456,"weekday","afternoon","unknown","unknown","grocery",0,1,0,"midday"
62,523,67,456,"weekday","night","working","cold","restaurant",0,1,0,"night"
62,524,68,456,"weekend","morning","working","freezing","grocery",0,1,0,"morning"
62,526,70,456,"weekday","afternoon","shopping","cold","restaurant",0,1,0,"midday"
62,527,71,456,"weekend","dinner","morningrituals","freezing","grocery",0,1,0,"night"
62,529,73,456,"weekend","afternoon","working","freezing","restaurant",0,1,0,"midday"
62,530,74,456,"weekday","breakfast","travelling","warm","grocery",0,1,0,"morning"
62,531,75,456,"weekday","dinner","unknown","cold","grocery",0,1,0,"night"
62,540,84,456,"weekday","beforelunch","morningrituals","freezing","grocery",1,1,0,"midday"
62,544,88,456,"weekday","breakfast","unknown","cold","grocery",0,1,0,"morning"
62,545,89,456,"weekday","evening","travelling","freezing","grocery",0,1,0,"night"
62,548,92,456,"weekday","lunch","unknown","unknown","restaurant",0,1,0,"midday"
62,550,94,456,"weekday","breakfast","morningrituals","cold","grocery",1,1,0,"morning"
62,554,98,456,"weekday","breakfast","unknown","unknown","grocery",0,1,0,"morning"
62,555,99,456,"weekday","lunch","travelling","unknown","restaurant",0,1,0,"midday"
62,556,100,456,"weekday","lunch","travelling","hot","grocery",0,1,0,"midday"
62,558,102,456,"weekday","afternoon","travelling","unknown","restaurant",0,1,0,"midday"
62,559,103,456,"weekday","beforelunch","working","unknown","grocery",0,1,0,"midday"
62,560,104,456,"weekday","breakfast","unknown","hot","grocery",0,1,0,"morning"
62,564,108,456,"weekday","afternoon","travelling","warm","grocery",0,1,0,"midday"
62,566,110,456,"weekday","lunch","travelling","hot","restaurant",1,1,0,"midday"
62,567,111,456,"weekday","beforelunch","travelling","unknown","restaurant",1,1,0,"midday"
62,568,112,456,"weekday","evening","travelling","warm","restaurant",1,1,0,"night"
62,573,117,456,"weekday","latenight","working","unknown","grocery",0,1,1,"night"
62,582,126,456,"weekday","breakfast","leisure","cold","grocery",1,1,1,"morning"
62,583,127,456,"weekday","lunch","travelling","cold","grocery",0,1,1,"midday"
62,584,128,456,"weekday","lunch","travelling","cold","restaurant",0,1,1,"midday"
62,586,130,456,"weekday","beforelunch","leisure","freezing","grocery",1,1,1,"midday"
62,587,131,456,"weekday","beforelunch","travelling","cold","grocery",0,1,1,"midday"
62,604,148,456,"weekday","afternoon","leisure","cold","grocery",0,1,1,"midday"
62,605,149,456,"weekday","beforelunch","travelling","cold","grocery",0,1,1,"midday"
62,607,151,456,"weekend","beforelunch","leisure","hot","restaurant",0,1,1,"midday"
62,616,160,456,"weekend","afternoon","travelling","cold","grocery",0,1,1,"midday"
62,617,161,456,"weekday","afternoon","shopping","warm","grocery",0,1,1,"midday"
62,618,162,456,"weekday","beforelunch","travelling","cold","restaurant",0,1,1,"midday"
62,622,166,456,"weekday","afternoon","working","unknown","grocery",0,1,1,"midday"
62,624,168,456,"weekday","lunch","travelling","unknown","restaurant",0,1,1,"midday"
62,627,171,456,"weekend","breakfast","working","warm","grocery",0,1,1,"morning"
62,632,176,456,"weekday","afternoon","travelling","cold","restaurant",0,1,1,"midday"
62,634,178,456,"weekday","lunch","travelling","hot","restaurant",0,1,1,"midday"
62,636,180,456,"weekday","beforelunch","travelling","unknown","grocery",0,1,1,"midday"
62,637,181,456,"weekday","beforelunch","travelling","freezing","grocery",1,1,1,"midday"
63,469,1,468,"weekday","beforelunch","travelling","warm","restaurant",0,0,0,"midday"
63,470,2,468,"weekday","afternoon","morningrituals","warm","restaurant",0,0,0,"midday"
63,474,6,468,"weekday","afternoon","travelling","freezing","grocery",0,0,0,"midday"
63,477,9,468,"weekday","afternoon","travelling","warm","grocery",1,0,0,"midday"
63,478,10,468,"weekday","morning","travelling","unknown","grocery",1,0,0,"morning"
63,479,11,468,"weekend","breakfast","shopping","cold","grocery",0,0,0,"morning"
63,482,14,468,"weekday","morning","travelling","cold","restaurant",0,0,0,"morning"
63,485,17,468,"weekday","lunch","working","freezing","restaurant",0,0,0,"midday"
63,488,20,468,"weekday","beforelunch","unknown","cold","restaurant",0,0,0,"midday"
63,489,21,468,"weekday","breakfast","travelling","hot","restaurant",0,0,0,"morning"
63,490,22,468,"weekday","beforelunch","travelling","unknown","grocery",0,0,0,"midday"
63,491,23,468,"weekend","breakfast","travelling","unknown","restaurant",1,0,0,"morning"
63,493,25,468,"weekday","morning","travelling","warm","restaurant",1,0,0,"morning"
63,494,26,468,"weekend","breakfast","travelling","cold","restaurant",0,0,0,"morning"
63,495,27,468,"weekday","afternoon","unknown","unknown","restaurant",0,0,0,"midday"
63,496,28,468,"weekday","unknown","travelling","freezing","restaurant",0,0,0,"unknown"
63,497,29,468,"unknown","beforelunch","travelling","unknown","restaurant",0,0,0,"midday"
63,498,30,468,"weekend","morning","shopping","cold","restaurant",0,0,0,"morning"
63,499,31,468,"weekend","lunch","shopping","warm","restaurant",0,0,0,"midday"
63,501,33,468,"weekend","lunch","travelling","unknown","grocery",1,0,0,"midday"
63,504,36,468,"weekend","afternoon","leisure","freezing","grocery",0,0,0,"midday"
63,505,37,468,"weekend","afternoon","travelling","unknown","restaurant",0,0,0,"midday"
63,506,38,468,"weekday","lunch","leisure","freezing","restaurant",1,0,0,"midday"
63,511,43,468,"weekday","beforelunch","travelling","freezing","grocery",0,0,0,"midday"
63,514,46,468,"weekday","beforelunch","travelling","cold","restaurant",1,0,0,"midday"
63,515,47,468,"weekend","breakfast","travelling","freezing","grocery",0,0,0,"morning"
63,518,50,468,"weekday","dinner","unknown","unknown","restaurant",0,0,0,"night"
63,519,51,468,"weekend","lunch","working","hot","grocery",1,0,0,"midday"
63,521,53,468,"weekday","breakfast","travelling","freezing","grocery",0,0,0,"morning"
63,522,54,468,"weekday","earlymorning","unknown","freezing","restaurant",0,0,0,"morning"
63,523,55,468,"weekday","lunch","unknown","warm","restaurant",0,0,0,"midday"
63,524,56,468,"weekday","breakfast","travelling","hot","grocery",0,0,0,"morning"
63,526,58,468,"weekday","afternoon","shopping","cold","grocery",0,1,0,"midday"
63,528,60,468,"weekday","lunch","shopping","hot","grocery",0,1,0,"midday"
63,529,61,468,"weekday","beforelunch","unknown","cold","restaurant",1,1,0,"midday"
63,530,62,468,"weekend","beforelunch","travelling","cold","grocery",1,1,0,"midday"
63,531,63,468,"weekend","beforelunch","travelling","cold","grocery",0,1,0,"midday"
63,532,64,468,"weekday","afternoon","unknown","cold","grocery",0,1,0,"midday"
63,533,65,468,"weekday","beforelunch","travelling","warm","restaurant",1,1,0,"midday"
63,534,66,468,"weekday","lunch","travelling","freezing","restaurant",1,1,0,"midday"
63,539,71,468,"weekend","lunch","travelling","cold","restaurant",0,1,0,"midday"
63,540,72,468,"weekday","morning","travelling","freezing","grocery",0,1,0,"morning"
63,542,74,468,"weekend","morning","travelling","cold","restaurant",0,1,0,"morning"
63,544,76,468,"weekend","afternoon","travelling","unknown","grocery",0,1,0,"midday"
63,545,77,468,"weekday","night","leisure","freezing","restaurant",1,1,0,"night"
63,547,79,468,"weekday","afternoon","travelling","unknown","grocery",0,1,0,"midday"
63,553,85,468,"weekday","afternoon","travelling","unknown","restaurant",0,1,0,"midday"
63,555,87,468,"weekday","lunch","travelling","freezing","restaurant",0,1,0,"midday"
63,556,88,468,"weekend","lunch","working","cold","grocery",0,1,0,"midday"
63,558,90,468,"weekday","afternoon","travelling","unknown","restaurant",0,1,0,"midday"
63,562,94,468,"weekend","afternoon","working","unknown","grocery",0,1,0,"midday"
63,564,96,468,"weekday","earlymorning","leisure","cold","grocery",0,1,0,"morning"
63,567,99,468,"weekend","afternoon","unknown","unknown","restaurant",1,1,0,"midday"
63,568,100,468,"weekend","evening","working","warm","grocery",0,1,0,"night"
63,571,103,468,"weekday","breakfast","unknown","unknown","grocery",1,1,0,"morning"
63,573,105,468,"weekend","afternoon","shopping","unknown","grocery",1,1,0,"midday"
63,574,106,468,"weekend","lunch","working","freezing","grocery",0,1,0,"midday"
63,575,107,468,"weekday","afternoon","travelling","cold","grocery",0,1,0,"midday"
63,576,108,468,"weekday","afternoon","travelling","freezing","grocery",1,1,0,"midday"
63,581,113,468,"weekday","dinner","shopping","cold","restaurant",0,1,1,"night"
63,582,114,468,"weekday","night","shopping","warm","restaurant",0,1,1,"night"
63,583,115,468,"weekday","morning","travelling","freezing","grocery",1,1,1,"morning"
63,588,120,468,"weekday","lunch","travelling","warm","restaurant",0,1,1,"midday"
63,589,121,468,"weekend","lunch","travelling","cold","grocery",0,1,1,"midday"
63,591,123,468,"weekday","earlymorning","unknown","freezing","grocery",0,1,1,"morning"
63,595,127,468,"weekend","beforelunch","travelling","freezing","grocery",1,1,1,"midday"
63,596,128,468,"weekend","afternoon","unknown","hot","restaurant",0,1,1,"midday"
63,597,129,468,"weekday","lunch","travelling","cold","grocery",0,1,1,"midday"
63,598,130,468,"weekday","afternoon","unknown","unknown","restaurant",0,1,1,"midday"
63,599,131,468,"weekend","lunch","travelling","warm","restaurant",1,1,1,"midday"
63,600,132,468,"weekday","breakfast","unknown","unknown","grocery",0,1,1,"morning"
63,601,133,468,"weekday","morning","travelling","cold","grocery",0,1,1,"morning"
63,604,136,468,"weekday","morning","travelling","cold","grocery",0,1,1,"morning"
63,605,137,468,"weekday","lunch","travelling","unknown","restaurant",0,1,1,"midday"
63,607,139,468,"weekday","afternoon","unknown","cold","restaurant",0,1,1,"midday"
63,608,140,468,"weekend","breakfast","travelling","unknown","grocery",1,1,1,"morning"
63,612,144,468,"weekday","afternoon","travelling","unknown","grocery",0,1,1,"midday"
63,617,149,468,"weekday","earlymorning","shopping","warm","grocery",1,1,1,"morning"
63,618,150,468,"weekend","afternoon","unknown","freezing","restaurant",0,1,1,"midday"
63,619,151,468,"weekend","unknown","travelling","freezing","restaurant",0,1,1,"unknown"
63,621,153,468,"weekday","earlymorning","travelling","warm","restaurant",0,1,1,"morning"
63,622,154,468,"weekend","afternoon","leisure","cold","restaurant",0,1,1,"midday"
63,623,155,468,"weekend","morning","unknown","unknown","grocery",0,1,1,"morning"
63,624,156,468,"weekday","afternoon","morningrituals","freezing","restaurant",0,1,1,"midday"
63,625,157,468,"weekday","lunch","working","cold","restaurant",0,1,1,"midday"
63,626,158,468,"weekend","beforelunch","travelling","unknown","restaurant",0,1,1,"midday"
63,627,159,468,"weekday","afternoon","shopping","freezing","grocery",0,1,1,"midday"
63,629,161,468,"weekday","beforelunch","travelling","unknown","grocery",0,1,1,"midday"
63,632,164,468,"weekday","morning","unknown","cold","grocery",0,1,1,"morning"
63,635,167,468,"weekday","lunch","travelling","warm","restaurant",1,1,1,"midday"
63,636,168,468,"weekend","lunch","travelling","cold","grocery",0,1,1,"midday"
63,637,169,468,"weekday","beforelunch","travelling","unknown","grocery",1,1,1,"midday"
63,638,170,468,"weekend","lunch","leisure","freezing","grocery",1,1,1,"midday"
63,641,173,468,"weekend","morning","unknown","cold","grocery",0,1,1,"morning"
63,642,174,468,"weekday","afternoon","unknown","freezing","grocery",0,1,1,"midday"
63,645,177,468,"weekday","night","travelling","cold","grocery",0,1,1,"night"
63,648,180,468,"weekday","evening","working","warm","grocery",0,1,1,"night"
63,649,181,468,"weekday","afternoon","unknown","warm","restaurant",0,1,1,"midday"
63,650,182,468,"weekday","afternoon","travelling","cold","grocery",0,1,1,"midday"
64,472,3,469,"weekday","beforelunch","travelling","warm","restaurant",0,0,0,"midday"
64,476,7,469,"weekday","beforelunch","unknown","freezing","grocery",0,0,0,"midday"
64,478,9,469,"weekend","afternoon","unknown","hot","grocery",0,0,0,"midday"
64,487,18,469,"weekday","afternoon","leisure","unknown","grocery",0,0,0,"midday"
64,489,20,469,"weekday","afternoon","travelling","hot","grocery",0,0,0,"midday"
64,490,21,469,"weekday","afternoon","travelling","cold","grocery",1,0,0,"midday"
64,501,32,469,"weekday","afternoon","travelling","freezing","grocery",0,0,0,"midday"
64,508,39,469,"weekday","beforelunch","travelling","hot","restaurant",0,0,0,"midday"
64,512,43,469,"weekend","lunch","unknown","cold","restaurant",0,0,0,"midday"
64,514,45,469,"weekend","lunch","travelling","cold","grocery",0,0,0,"midday"
64,543,74,469,"weekday","lunch","leisure","cold","restaurant",0,1,0,"midday"
64,556,87,469,"weekday","beforelunch","shopping","warm","restaurant",1,1,0,"midday"
64,559,90,469,"weekday","afternoon","leisure","cold","grocery",0,1,0,"midday"
64,587,118,469,"weekend","beforelunch","travelling","freezing","restaurant",0,1,1,"midday"
64,591,122,469,"weekday","lunch","social","warm","grocery",0,1,1,"midday"
64,592,123,469,"weekday","dinner","travelling","cold","grocery",1,1,1,"night"
64,593,124,469,"weekday","lunch","travelling","cold","restaurant",0,1,1,"midday"
64,594,125,469,"weekday","unknown","travelling","hot","restaurant",0,1,1,"unknown"
64,597,128,469,"weekday","dinner","travelling","freezing","restaurant",0,1,1,"night"
64,599,130,469,"weekday","earlymorning","shopping","cold","restaurant",1,1,1,"morning"
64,603,134,469,"weekday","afternoon","travelling","hot","restaurant",0,1,1,"midday"
64,607,138,469,"weekend","beforelunch","travelling","freezing","grocery",0,1,1,"midday"
64,610,141,469,"weekday","breakfast","working","warm","restaurant",1,1,1,"morning"
64,613,144,469,"weekend","lunch","travelling","freezing","restaurant",1,1,1,"midday"
64,620,151,469,"weekday","afternoon","travelling","cold","grocery",0,1,1,"midday"
64,627,158,469,"weekday","afternoon","travelling","freezing","restaurant",0,1,1,"midday"
64,639,170,469,"weekend","beforelunch","travelling","warm","grocery",1,1,1,"midday"
64,646,177,469,"weekday","morning","travelling","warm","restaurant",0,1,1,"morning"
64,648,179,469,"weekday","breakfast","shopping","warm","restaurant",0,1,1,"morning"
65,472,0,472,"weekday","lunch","travelling","warm","grocery",0,0,0,"midday"
65,476,4,472,"weekday","beforelunch","travelling","cold","restaurant",1,0,0,"midday"
65,480,8,472,"weekday","lunch","unknown","warm","grocery",0,0,0,"midday"
65,481,9,472,"weekday","beforelunch","working","warm","restaurant",0,0,0,"midday"
65,484,12,472,"weekend","lunch","travelling","warm","restaurant",1,0,0,"midday"
65,486,14,472,"weekend","morning","travelling","unknown","restaurant",0,0,0,"morning"
65,490,18,472,"weekend","afternoon","leisure","warm","grocery",1,0,0,"midday"
65,498,26,472,"weekend","afternoon","travelling","freezing","grocery",0,0,0,"midday"
65,500,28,472,"weekday","earlymorning","travelling","cold","grocery",0,0,0,"morning"
65,501,29,472,"weekday","morning","travelling","warm","restaurant",0,0,0,"morning"
65,502,30,472,"weekday","lunch","shopping","cold","grocery",0,0,0,"midday"
65,513,41,472,"weekend","dinner","travelling","hot","restaurant",0,0,0,"night"
65,517,45,472,"weekday","afternoon","travelling","cold","restaurant",1,0,0,"midday"
65,521,49,472,"weekday","afternoon","travelling","cold","restaurant",1,0,0,"midday"
65,523,51,472,"weekday","lunch","working","freezing","grocery",0,0,0,"midday"
65,539,67,472,"weekday","earlymorning","leisure","cold","restaurant",0,1,0,"morning"
65,541,69,472,"weekday","breakfast","travelling","cold","restaurant",0,1,0,"morning"
65,547,75,472,"weekday","breakfast","travelling","hot","grocery",0,1,0,"morning"
65,548,76,472,"weekend","afternoon","unknown","cold","grocery",0,1,0,"midday"
65,553,81,472,"weekday","afternoon","travelling","unknown","grocery",0,1,0,"midday"
65,555,83,472,"weekday","afternoon","travelling","warm","grocery",0,1,0,"midday"
65,561,89,472,"weekend","afternoon","travelling","unknown","grocery",0,1,0,"midday"
65,564,92,472,"weekday","lunch","shopping","warm","restaurant",0,1,0,"midday"
65,568,96,472,"weekday","morning","travelling","warm","restaurant",1,1,0,"morning"
65,587,115,472,"weekday","lunch","travelling","unknown","restaurant",1,1,1,"midday"
65,588,116,472,"weekday","afternoon","travelling","warm","restaurant",1,1,1,"midday"
65,594,122,472,"weekday","morning","working","unknown","grocery",0,1,1,"morning"
65,604,132,472,"weekend","beforelunch","travelling","unknown","restaurant",0,1,1,"midday"
65,606,134,472,"weekday","breakfast","travelling","unknown","grocery",1,1,1,"morning"
65,608,136,472,"weekday","afternoon","travelling","unknown","restaurant",0,1,1,"midday"
65,609,137,472,"weekday","beforelunch","travelling","warm","restaurant",0,1,1,"midday"
65,618,146,472,"weekday","lunch","leisure","freezing","grocery",0,1,1,"midday"
65,620,148,472,"weekday","lunch","travelling","cold","grocery",1,1,1,"midday"
65,626,154,472,"weekend","afternoon","working","warm","grocery",0,1,1,"midday"
65,627,155,472,"weekday","lunch","unknown","cold","restaurant",1,1,1,"midday"
65,630,158,472,"weekend","beforelunch","leisure","cold","restaurant",0,1,1,"midday"
65,634,162,472,"weekend","beforelunch","leisure","hot","restaurant",0,1,1,"midday"
65,638,166,472,"weekday","beforelunch","leisure","hot","restaurant",0,1,1,"midday"
65,639,167,472,"weekday","earlymorning","working","freezing","restaurant",1,1,1,"morning"
65,641,169,472,"weekend","lunch","housework","cold","restaurant",0,1,1,"midday"
65,646,174,472,"weekday","breakfast","unknown","warm","grocery",0,1,1,"morning"
65,650,178,472,"weekday","afternoon","leisure","freezing","restaurant",1,1,1,"midday"
65,651,179,472,"weekday","morning","shopping","unknown","restaurant",1,1,1,"morning"
65,654,182,472,"weekday","lunch","working","cold","grocery",0,1,1,"midday"
66,473,0,473,"weekday","breakfast","working","freezing","restaurant",1,0,0,"morning"
66,474,1,473,"weekday","lunch","shopping","freezing","restaurant",0,0,0,"midday"
66,475,2,473,"weekend","lunch","unknown","warm","restaurant",0,0,0,"midday"
66,476,3,473,"weekend","morning","travelling","hot","grocery",0,0,0,"morning"
66,477,4,473,"weekend","beforelunch","working","freezing","grocery",1,0,0,"midday"
66,479,6,473,"weekday","breakfast","shopping","cold","grocery",1,0,0,"morning"
66,482,9,473,"weekday","beforelunch","travelling","freezing","grocery",0,0,0,"midday"
66,488,15,473,"weekday","lunch","travelling","warm","restaurant",0,0,0,"midday"
66,491,18,473,"weekday","lunch","travelling","freezing","restaurant",1,0,0,"midday"
66,492,19,473,"weekend","lunch","shopping","freezing","restaurant",0,0,0,"midday"
66,493,20,473,"weekend","lunch","shopping","freezing","grocery",1,0,0,"midday"
66,495,22,473,"weekday","afternoon","unknown","cold","restaurant",0,0,0,"midday"
66,496,23,473,"weekend","beforelunch","leisure","warm","grocery",0,0,0,"midday"
66,498,25,473,"weekday","lunch","travelling","hot","grocery",1,0,0,"midday"
66,499,26,473,"weekday","beforelunch","leisure","cold","restaurant",0,0,0,"midday"
66,501,28,473,"weekday","afternoon","travelling","cold","restaurant",0,0,0,"midday"
66,502,29,473,"weekday","lunch","travelling","freezing","restaurant",0,0,0,"midday"
66,503,30,473,"weekday","afternoon","travelling","cold","restaurant",0,0,0,"midday"
66,504,31,473,"weekend","afternoon","shopping","freezing","grocery",1,0,0,"midday"
66,505,32,473,"weekday","afternoon","travelling","freezing","restaurant",0,0,0,"midday"
66,506,33,473,"weekday","afternoon","travelling","cold","grocery",0,0,0,"midday"
66,507,34,473,"weekend","lunch","shopping","warm","grocery",1,0,0,"midday"
66,508,35,473,"weekend","afternoon","travelling","freezing","grocery",0,0,0,"midday"
66,510,37,473,"weekday","earlymorning","travelling","cold","grocery",0,0,0,"morning"
66,513,40,473,"weekday","morning","travelling","hot","restaurant",0,0,0,"morning"
66,515,42,473,"weekday","afternoon","working","cold","restaurant",0,0,0,"midday"
66,516,43,473,"weekday","morning","travelling","cold","grocery",0,0,0,"morning"
66,518,45,473,"weekend","afternoon","travelling","unknown","grocery",0,0,0,"midday"
66,524,51,473,"weekday","afternoon","leisure","hot","grocery",1,0,0,"midday"
66,525,52,473,"weekday","evening","unknown","cold","grocery",0,0,0,"night"
66,526,53,473,"weekend","lunch","travelling","warm","restaurant",1,0,0,"midday"
66,527,54,473,"weekend","beforelunch","working","cold","grocery",0,0,0,"midday"
66,533,60,473,"weekday","afternoon","shopping","unknown","grocery",0,1,0,"midday"
66,535,62,473,"weekday","lunch","travelling","hot","restaurant",1,1,0,"midday"
66,536,63,473,"weekday","lunch","travelling","freezing","grocery",1,1,0,"midday"
66,538,65,473,"weekday","lunch","travelling","cold","restaurant",0,1,0,"midday"
66,539,66,473,"weekday","afternoon","unknown","unknown","grocery",0,1,0,"midday"
66,540,67,473,"weekday","breakfast","leisure","unknown","grocery",0,1,0,"morning"
66,541,68,473,"weekend","lunch","working","cold","grocery",0,1,0,"midday"
66,542,69,473,"weekday","breakfast","travelling","unknown","restaurant",0,1,0,"morning"
66,543,70,473,"weekday","afternoon","travelling","cold","restaurant",0,1,0,"midday"
66,545,72,473,"weekday","afternoon","travelling","unknown","restaurant",1,1,0,"midday"
66,547,74,473,"weekday","lunch","unknown","cold","grocery",0,1,0,"midday"
66,548,75,473,"weekday","afternoon","travelling","freezing","grocery",0,1,0,"midday"
66,551,78,473,"weekday","afternoon","morningrituals","unknown","grocery",1,1,0,"midday"
66,552,79,473,"weekday","afternoon","travelling","cold","grocery",0,1,0,"midday"
66,557,84,473,"weekend","breakfast","working","cold","grocery",1,1,0,"morning"
66,558,85,473,"weekday","lunch","unknown","unknown","restaurant",0,1,0,"midday"
66,560,87,473,"weekday","afternoon","travelling","warm","restaurant",0,1,0,"midday"
66,561,88,473,"unknown","afternoon","travelling","freezing","grocery",0,1,0,"midday"
66,562,89,473,"weekday","dinner","travelling","freezing","restaurant",0,1,0,"night"
66,563,90,473,"weekend","morning","travelling","cold","restaurant",0,1,0,"morning"
66,564,91,473,"weekend","beforelunch","travelling","freezing","restaurant",1,1,0,"midday"
66,565,92,473,"weekday","afternoon","travelling","hot","grocery",1,1,0,"midday"
66,568,95,473,"weekday","lunch","travelling","unknown","grocery",1,1,0,"midday"
66,569,96,473,"weekend","beforelunch","travelling","cold","grocery",0,1,0,"midday"
66,571,98,473,"weekday","breakfast","unknown","cold","restaurant",0,1,0,"morning"
66,574,101,473,"weekend","lunch","travelling","freezing","grocery",0,1,0,"midday"
66,575,102,473,"weekend","dinner","travelling","cold","grocery",0,1,0,"night"
66,579,106,473,"weekday","lunch","travelling","unknown","grocery",0,1,0,"midday"
66,580,107,473,"weekday","latenight","leisure","warm","grocery",1,1,0,"night"
66,583,110,473,"weekday","afternoon","unknown","cold","grocery",1,1,0,"midday"
66,584,111,473,"weekday","afternoon","travelling","freezing","grocery",1,1,0,"midday"
66,585,112,473,"weekday","lunch","travelling","unknown","restaurant",0,1,0,"midday"
66,587,114,473,"weekday","beforelunch","travelling","unknown","grocery",0,1,1,"midday"
66,590,117,473,"weekday","afternoon","leisure","cold","restaurant",1,1,1,"midday"
66,591,118,473,"weekday","beforelunch","travelling","unknown","restaurant",0,1,1,"midday"
66,592,119,473,"weekday","earlymorning","leisure","cold","restaurant",1,1,1,"morning"
66,593,120,473,"weekday","beforelunch","working","warm","restaurant",0,1,1,"midday"
66,595,122,473,"weekday","unknown","travelling","freezing","grocery",0,1,1,"unknown"
66,596,123,473,"weekday","afternoon","unknown","warm","grocery",1,1,1,"midday"
66,599,126,473,"weekday","morning","unknown","freezing","restaurant",0,1,1,"morning"
66,601,128,473,"weekday","lunch","travelling","freezing","restaurant",1,1,1,"midday"
66,603,130,473,"weekend","afternoon","travelling","unknown","grocery",1,1,1,"midday"
66,606,133,473,"weekend","afternoon","travelling","cold","grocery",0,1,1,"midday"
66,609,136,473,"weekday","breakfast","working","unknown","restaurant",0,1,1,"morning"
66,612,139,473,"weekend","breakfast","travelling","unknown","grocery",0,1,1,"morning"
66,613,140,473,"weekday","afternoon","travelling","cold","restaurant",0,1,1,"midday"
66,614,141,473,"weekday","afternoon","travelling","cold","grocery",0,1,1,"midday"
66,615,142,473,"weekday","lunch","travelling","freezing","restaurant",0,1,1,"midday"
66,618,145,473,"weekday","beforelunch","travelling","warm","restaurant",0,1,1,"midday"
66,619,146,473,"weekday","lunch","housework","hot","grocery",0,1,1,"midday"
66,621,148,473,"weekday","afternoon","travelling","freezing","restaurant",0,1,1,"midday"
66,623,150,473,"weekend","dinner","travelling","unknown","restaurant",0,1,1,"night"
66,624,151,473,"weekday","morning","unknown","unknown","grocery",0,1,1,"morning"
66,625,152,473,"weekend","afternoon","travelling","cold","restaurant",1,1,1,"midday"
66,626,153,473,"weekday","afternoon","working","unknown","restaurant",1,1,1,"midday"
66,629,156,473,"weekday","lunch","travelling","cold","grocery",1,1,1,"midday"
66,635,162,473,"weekday","breakfast","unknown","cold","grocery",0,1,1,"morning"
66,637,164,473,"weekday","afternoon","travelling","cold","restaurant",0,1,1,"midday"
66,639,166,473,"weekday","afternoon","travelling","unknown","grocery",1,1,1,"midday"
66,640,167,473,"weekend","lunch","leisure","freezing","grocery",0,1,1,"midday"
66,642,169,473,"weekday","unknown","travelling","cold","restaurant",0,1,1,"unknown"
66,645,172,473,"weekday","afternoon","shopping","freezing","grocery",0,1,1,"midday"
66,646,173,473,"weekend","breakfast","travelling","warm","grocery",1,1,1,"morning"
66,647,174,473,"weekday","breakfast","unknown","warm","grocery",0,1,1,"morning"
66,648,175,473,"weekday","afternoon","travelling","cold","restaurant",1,1,1,"midday"
66,650,177,473,"weekend","lunch","travelling","unknown","restaurant",0,1,1,"midday"
66,651,178,473,"weekend","afternoon","travelling","freezing","grocery",1,1,1,"midday"
66,654,181,473,"weekday","lunch","travelling","unknown","restaurant",0,1,1,"midday"
66,655,182,473,"weekday","breakfast","travelling","freezing","restaurant",0,1,1,"morning"
67,479,5,474,"weekday","beforelunch","travelling","warm","grocery",0,0,0,"midday"
67,488,14,474,"weekend","lunch","unknown","freezing","grocery",0,0,0,"midday"
67,489,15,474,"weekday","beforelunch","leisure","cold","grocery",1,0,0,"midday"
67,491,17,474,"weekday","lunch","leisure","warm","restaurant",0,0,0,"midday"
67,492,18,474,"weekday","afternoon","shopping","cold","grocery",0,0,0,"midday"
67,508,34,474,"weekday","beforelunch","unknown","unknown","restaurant",0,0,0,"midday"
67,529,55,474,"weekend","lunch","travelling","warm","grocery",0,0,0,"midday"
67,541,67,474,"weekday","afternoon","travelling","freezing","grocery",1,1,0,"midday"
67,542,68,474,"weekday","lunch","unknown","unknown","restaurant",0,1,0,"midday"
67,544,70,474,"weekday","afternoon","travelling","cold","restaurant",1,1,0,"midday"
67,546,72,474,"weekday","lunch","travelling","hot","grocery",0,1,0,"midday"
67,547,73,474,"weekday","breakfast","travelling","cold","grocery",0,1,0,"morning"
67,548,74,474,"weekend","lunch","travelling","cold","restaurant",0,1,0,"midday"
67,558,84,474,"weekday","beforelunch","travelling","unknown","grocery",0,1,0,"midday"
67,562,88,474,"weekend","beforelunch","travelling","freezing","restaurant",0,1,0,"midday"
67,563,89,474,"weekday","afternoon","travelling","freezing","grocery",0,1,0,"midday"
67,571,97,474,"weekday","lunch","travelling","hot","restaurant",0,1,0,"midday"
67,577,103,474,"weekday","breakfast","travelling","warm","grocery",0,1,0,"morning"
67,583,109,474,"weekday","lunch","working","cold","restaurant",0,1,0,"midday"
67,593,119,474,"weekday","breakfast","unknown","unknown","restaurant",0,1,1,"morning"
67,595,121,474,"weekend","beforelunch","leisure","unknown","restaurant",0,1,1,"midday"
67,596,122,474,"weekday","afternoon","travelling","unknown","grocery",0,1,1,"midday"
67,610,136,474,"weekday","breakfast","travelling","warm","grocery",0,1,1,"morning"
67,611,137,474,"weekday","lunch","travelling","warm","restaurant",1,1,1,"midday"
67,615,141,474,"weekday","morning","travelling","cold","grocery",0,1,1,"morning"
67,622,148,474,"weekend","beforelunch","travelling","cold","restaurant",0,1,1,"midday"
67,623,149,474,"weekday","night","morningrituals","unknown","grocery",0,1,1,"night"
67,626,152,474,"weekday","dinner","travelling","cold","grocery",1,1,1,"night"
67,654,180,474,"weekday","afternoon","unknown","freezing","grocery",0,1,1,"midday"
68,538,63,475,"weekend","unknown","unknown","freezing","restaurant",1,1,0,"unknown"
68,554,79,475,"weekday","morning","travelling","unknown","grocery",1,1,0,"morning"
68,610,135,475,"weekday","lunch","travelling","cold","restaurant",0,1,1,"midday"
69,479,1,478,"weekend","afternoon","leisure","unknown","restaurant",0,0,0,"midday"
69,480,2,478,"weekday","beforelunch","travelling","hot","restaurant",1,0,0,"midday"
69,482,4,478,"weekend","afternoon","travelling","cold","restaurant",0,0,0,"midday"
69,483,5,478,"weekend","lunch","shopping","cold","grocery",0,0,0,"midday"
69,485,7,478,"weekend","morning","unknown","freezing","grocery",0,0,0,"morning"
69,486,8,478,"weekday","lunch","travelling","cold","restaurant",0,0,0,"midday"
69,487,9,478,"weekday","beforelunch","travelling","unknown","grocery",0,0,0,"midday"
69,488,10,478,"weekday","morning","travelling","warm","restaurant",0,0,0,"morning"
69,489,11,478,"weekday","afternoon","travelling","freezing","grocery",0,0,0,"midday"
69,490,12,478,"weekday","afternoon","travelling","unknown","grocery",1,0,0,"midday"
69,492,14,478,"weekend","afternoon","travelling","hot","grocery",0,0,0,"midday"
69,493,15,478,"weekday","breakfast","travelling","freezing","restaurant",1,0,0,"morning"
69,496,18,478,"weekday","morning","travelling","freezing","grocery",1,0,0,"morning"
69,497,19,478,"weekend","unknown","travelling","unknown","grocery",0,0,0,"unknown"
69,501,23,478,"weekday","lunch","working","unknown","grocery",1,0,0,"midday"
69,503,25,478,"weekend","beforelunch","morningrituals","freezing","restaurant",1,0,0,"midday"
69,504,26,478,"weekday","beforelunch","travelling","freezing","restaurant",1,0,0,"midday"
69,506,28,478,"weekday","afternoon","travelling","unknown","restaurant",0,0,0,"midday"
69,507,29,478,"weekday","afternoon","unknown","cold","restaurant",1,0,0,"midday"
69,509,31,478,"weekday","morning","workingout","unknown","grocery",0,0,0,"morning"
69,510,32,478,"weekday","dinner","travelling","warm","restaurant",0,0,0,"night"
69,512,34,478,"weekday","beforelunch","travelling","freezing","grocery",1,0,0,"midday"
69,514,36,478,"weekend","beforelunch","shopping","unknown","restaurant",0,0,0,"midday"
69,515,37,478,"weekday","afternoon","travelling","warm","restaurant",0,0,0,"midday"
69,516,38,478,"weekday","beforelunch","travelling","unknown","grocery",1,0,0,"midday"
69,517,39,478,"weekday","lunch","travelling","warm","grocery",0,0,0,"midday"
69,519,41,478,"weekday","breakfast","travelling","warm","restaurant",0,0,0,"morning"
69,520,42,478,"weekend","beforelunch","travelling","warm","restaurant",0,0,0,"midday"
69,521,43,478,"weekday","afternoon","travelling","hot","grocery",0,0,0,"midday"
69,522,44,478,"weekday","evening","travelling","cold","grocery",0,0,0,"night"
69,523,45,478,"weekend","breakfast","travelling","cold","restaurant",0,0,0,"morning"
69,524,46,478,"weekday","afternoon","leisure","hot","restaurant",1,0,0,"midday"
69,525,47,478,"weekend","breakfast","travelling","warm","restaurant",0,0,0,"morning"
69,526,48,478,"weekday","breakfast","working","cold","grocery",1,0,0,"morning"
69,527,49,478,"weekday","afternoon","travelling","cold","restaurant",1,0,0,"midday"
69,528,50,478,"weekday","afternoon","travelling","unknown","restaurant",0,0,0,"midday"
69,530,52,478,"weekday","morning","travelling","freezing","restaurant",1,0,0,"morning"
69,531,53,478,"weekday","afternoon","travelling","unknown","restaurant",1,0,0,"midday"
69,533,55,478,"weekend","afternoon","unknown","unknown","restaurant",0,0,0,"midday"
69,534,56,478,"weekday","breakfast","travelling","warm","grocery",0,0,0,"morning"
69,535,57,478,"weekday","lunch","leisure","cold","restaurant",0,1,0,"midday"
69,536,58,478,"weekend","afternoon","unknown","cold","restaurant",1,1,0,"midday"
69,538,60,478,"unknown","afternoon","working","freezing","restaurant",0,1,0,"midday"
69,541,63,478,"weekday","evening","travelling","freezing","restaurant",0,1,0,"night"
69,542,64,478,"weekday","morning","shopping","cold","restaurant",0,1,0,"morning"
69,543,65,478,"weekday","afternoon","travelling","cold","restaurant",0,1,0,"midday"
69,544,66,478,"weekday","afternoon","travelling","freezing","grocery",1,1,0,"midday"
69,545,67,478,"weekday","afternoon","travelling","warm","restaurant",1,1,0,"midday"
69,547,69,478,"weekday","beforelunch","unknown","unknown","grocery",0,1,0,"midday"
69,549,71,478,"weekday","beforelunch","travelling","warm","grocery",0,1,0,"midday"
69,550,72,478,"weekday","lunch","leisure","unknown","restaurant",0,1,0,"midday"
69,551,73,478,"weekday","morning","travelling","freezing","grocery",0,1,0,"morning"
69,553,75,478,"weekday","afternoon","travelling","unknown","grocery",0,1,0,"midday"
69,554,76,478,"weekday","breakfast","travelling","freezing","grocery",0,1,0,"morning"
69,556,78,478,"weekend","afternoon","travelling","freezing","grocery",0,1,0,"midday"
69,557,79,478,"weekday","beforelunch","travelling","freezing","grocery",0,1,0,"midday"
69,558,80,478,"weekday","afternoon","travelling","unknown","restaurant",0,1,0,"midday"
69,559,81,478,"unknown","morning","travelling","unknown","grocery",0,1,0,"morning"
69,560,82,478,"weekend","afternoon","unknown","cold","restaurant",0,1,0,"midday"
69,561,83,478,"weekday","breakfast","working","warm","grocery",1,1,0,"morning"
69,565,87,478,"weekend","afternoon","working","warm","grocery",0,1,0,"midday"
69,566,88,478,"weekday","afternoon","travelling","hot","grocery",0,1,0,"midday"
69,567,89,478,"weekday","lunch","shopping","hot","grocery",0,1,0,"midday"
69,568,90,478,"weekday","lunch","travelling","cold","grocery",0,1,0,"midday"
69,569,91,478,"weekend","lunch","travelling","freezing","grocery",1,1,0,"midday"
69,570,92,478,"weekday","dinner","leisure","cold","grocery",0,1,0,"night"
69,571,93,478,"weekday","dinner","shopping","cold","restaurant",0,1,0,"night"
69,573,95,478,"weekday","afternoon","travelling","unknown","restaurant",0,1,0,"midday"
69,574,96,478,"weekday","afternoon","unknown","unknown","grocery",0,1,0,"midday"
69,575,97,478,"weekend","breakfast","travelling","unknown","restaurant",1,1,0,"morning"
69,579,101,478,"weekend","lunch","travelling","cold","grocery",0,1,0,"midday"
69,582,104,478,"weekday","lunch","travelling","cold","restaurant",0,1,0,"midday"
69,586,108,478,"weekend","lunch","morningrituals","cold","restaurant",0,1,0,"midday"
69,587,109,478,"weekday","lunch","unknown","cold","restaurant",0,1,0,"midday"
69,588,110,478,"weekday","breakfast","travelling","cold","grocery",1,1,0,"morning"
69,592,114,478,"weekday","breakfast","travelling","cold","restaurant",0,1,1,"morning"
69,594,116,478,"weekday","beforelunch","working","unknown","restaurant",1,1,1,"midday"
69,595,117,478,"weekday","morning","working","freezing","grocery",0,1,1,"morning"
69,597,119,478,"weekday","lunch","travelling","cold","restaurant",0,1,1,"midday"
69,599,121,478,"weekend","beforelunch","unknown","cold","grocery",0,1,1,"midday"
69,602,124,478,"weekday","afternoon","travelling","freezing","grocery",0,1,1,"midday"
69,603,125,478,"weekday","afternoon","unknown","warm","restaurant",1,1,1,"midday"
69,607,129,478,"weekday","afternoon","shopping","cold","grocery",1,1,1,"midday"
69,608,130,478,"weekday","lunch","travelling","hot","grocery",0,1,1,"midday"
69,609,131,478,"weekday","lunch","travelling","freezing","restaurant",0,1,1,"midday"
69,610,132,478,"weekday","lunch","working","hot","grocery",0,1,1,"midday"
69,612,134,478,"weekday","afternoon","housework","cold","restaurant",0,1,1,"midday"
69,615,137,478,"weekend","earlymorning","travelling","freezing","restaurant",0,1,1,"morning"
69,616,138,478,"unknown","beforelunch","unknown","warm","restaurant",0,1,1,"midday"
69,617,139,478,"weekday","breakfast","travelling","unknown","restaurant",0,1,1,"morning"
69,618,140,478,"weekday","afternoon","unknown","freezing","grocery",0,1,1,"midday"
69,619,141,478,"weekday","afternoon","travelling","freezing","restaurant",0,1,1,"midday"
69,622,144,478,"weekday","evening","travelling","unknown","grocery",0,1,1,"night"
69,623,145,478,"weekday","afternoon","leisure","warm","grocery",1,1,1,"midday"
69,624,146,478,"weekday","latenight","working","hot","grocery",0,1,1,"night"
69,626,148,478,"weekday","beforelunch","travelling","cold","restaurant",1,1,1,"midday"
69,627,149,478,"weekday","lunch","travelling","warm","grocery",0,1,1,"midday"
69,628,150,478,"weekday","beforelunch","travelling","hot","grocery",0,1,1,"midday"
69,629,151,478,"weekday","night","travelling","freezing","grocery",1,1,1,"night"
69,630,152,478,"weekday","lunch","travelling","warm","restaurant",0,1,1,"midday"
69,631,153,478,"weekday","beforelunch","travelling","freezing","restaurant",0,1,1,"midday"
69,633,155,478,"weekday","afternoon","travelling","unknown","restaurant",0,1,1,"midday"
69,634,156,478,"weekend","unknown","travelling","cold","grocery",0,1,1,"unknown"
69,635,157,478,"weekday","unknown","travelling","hot","restaurant",1,1,1,"unknown"
69,636,158,478,"weekend","afternoon","travelling","cold","grocery",0,1,1,"midday"
69,637,159,478,"weekday","breakfast","leisure","unknown","grocery",0,1,1,"morning"
69,639,161,478,"weekend","afternoon","morningrituals","warm","grocery",1,1,1,"midday"
69,640,162,478,"weekday","breakfast","unknown","hot","restaurant",0,1,1,"morning"
69,642,164,478,"weekday","afternoon","travelling","cold","grocery",0,1,1,"midday"
69,643,165,478,"unknown","beforelunch","leisure","unknown","grocery",1,1,1,"midday"
69,644,166,478,"weekday","breakfast","leisure","freezing","grocery",0,1,1,"morning"
69,646,168,478,"weekday","beforelunch","travelling","cold","restaurant",0,1,1,"midday"
69,647,169,478,"weekend","afternoon","unknown","cold","restaurant",1,1,1,"midday"
69,648,170,478,"weekend","breakfast","unknown","unknown","restaurant",0,1,1,"morning"
69,649,171,478,"weekday","morning","travelling","warm","restaurant",1,1,1,"morning"
69,650,172,478,"weekend","lunch","leisure","cold","restaurant",1,1,1,"midday"
69,651,173,478,"weekday","afternoon","unknown","warm","restaurant",0,1,1,"midday"
69,652,174,478,"weekday","afternoon","travelling","cold","restaurant",0,1,1,"midday"
69,653,175,478,"weekday","afternoon","leisure","warm","restaurant",0,1,1,"midday"
69,654,176,478,"weekday","afternoon","working","hot","grocery",0,1,1,"midday"
69,655,177,478,"weekday","beforelunch","travelling","unknown","grocery",0,1,1,"midday"
69,656,178,478,"weekday","beforelunch","travelling","unknown","grocery",0,1,1,"midday"
69,657,179,478,"weekend","afternoon","working","cold","restaurant",1,1,1,"midday"
69,661,183,478,"weekday","breakfast","travelling","cold","restaurant",0,1,1,"morning"
70,522,34,488,"weekday","unknown","travelling","cold","grocery",1,0,0,"unknown"
70,567,79,488,"weekend","lunch","unknown","hot","grocery",1,1,0,"midday"
70,572,84,488,"weekend","beforelunch","working","unknown","grocery",0,1,0,"midday"
70,587,99,488,"weekend","morning","unknown","warm","restaurant",1,1,0,"morning"
70,597,109,488,"weekday","dinner","travelling","unknown","restaurant",1,1,0,"night"
70,631,143,488,"weekday","afternoon","leisure","unknown","grocery",0,1,1,"midday"
70,643,155,488,"weekday","beforelunch","unknown","unknown","restaurant",0,1,1,"midday"
70,656,168,488,"weekday","afternoon","travelling","freezing","restaurant",0,1,1,"midday"
70,662,174,488,"weekday","breakfast","unknown","cold","grocery",0,1,1,"morning"
70,664,176,488,"weekday","beforelunch","travelling","hot","grocery",0,1,1,"midday"
71,490,1,489,"weekend","afternoon","travelling","unknown","grocery",0,0,0,"midday"
71,492,3,489,"weekday","beforelunch","working","unknown","grocery",0,0,0,"midday"
71,496,7,489,"weekday","beforelunch","travelling","cold","restaurant",0,0,0,"midday"
71,498,9,489,"weekday","afternoon","travelling","freezing","restaurant",0,0,0,"midday"
71,500,11,489,"weekday","afternoon","travelling","unknown","grocery",1,0,0,"midday"
71,508,19,489,"weekday","afternoon","unknown","cold","grocery",0,0,0,"midday"
71,514,25,489,"weekday","lunch","working","cold","grocery",0,0,0,"midday"
71,518,29,489,"weekday","afternoon","leisure","freezing","grocery",0,0,0,"midday"
71,519,30,489,"weekday","lunch","travelling","cold","grocery",0,0,0,"midday"
71,534,45,489,"weekday","dinner","working","unknown","restaurant",0,0,0,"night"
71,535,46,489,"weekend","beforelunch","travelling","cold","grocery",0,0,0,"midday"
71,537,48,489,"weekday","earlymorning","unknown","freezing","restaurant",1,0,0,"morning"
71,538,49,489,"weekday","afternoon","unknown","unknown","restaurant",1,0,0,"midday"
71,541,52,489,"weekday","night","shopping","unknown","restaurant",1,0,0,"night"
71,542,53,489,"weekend","afternoon","travelling","warm","restaurant",0,0,0,"midday"
71,543,54,489,"weekday","beforelunch","travelling","cold","grocery",1,0,0,"midday"
71,547,58,489,"weekend","evening","unknown","cold","restaurant",0,1,0,"night"
71,549,60,489,"weekday","afternoon","travelling","hot","grocery",0,1,0,"midday"
71,553,64,489,"weekday","lunch","travelling","unknown","restaurant",1,1,0,"midday"
71,554,65,489,"weekday","lunch","travelling","warm","restaurant",0,1,0,"midday"
71,556,67,489,"weekday","afternoon","travelling","unknown","grocery",1,1,0,"midday"
71,557,68,489,"weekend","afternoon","leisure","cold","grocery",0,1,0,"midday"
71,558,69,489,"weekday","beforelunch","travelling","cold","grocery",1,1,0,"midday"
71,570,81,489,"weekend","dinner","leisure","unknown","grocery",0,1,0,"night"
71,580,91,489,"weekday","afternoon","unknown","warm","restaurant",0,1,0,"midday"
71,587,98,489,"weekend","earlymorning","unknown","unknown","grocery",1,1,0,"morning"
71,591,102,489,"weekend","breakfast","travelling","freezing","restaurant",0,1,0,"morning"
71,593,104,489,"weekday","dinner","travelling","freezing","grocery",0,1,0,"night"
71,599,110,489,"weekday","afternoon","leisure","freezing","grocery",1,1,0,"midday"
71,600,111,489,"weekday","lunch","morningrituals","unknown","grocery",0,1,0,"midday"
71,603,114,489,"weekend","breakfast","working","unknown","grocery",0,1,1,"morning"
71,606,117,489,"weekday","beforelunch","unknown","cold","restaurant",0,1,1,"midday"
71,609,120,489,"weekday","beforelunch","travelling","warm","grocery",0,1,1,"midday"
71,610,121,489,"weekend","lunch","unknown","warm","restaurant",0,1,1,"midday"
71,615,126,489,"weekday","beforelunch","unknown","unknown","grocery",0,1,1,"midday"
71,626,137,489,"weekday","afternoon","travelling","freezing","grocery",0,1,1,"midday"
71,630,141,489,"weekend","beforelunch","travelling","warm","restaurant",0,1,1,"midday"
71,631,142,489,"weekday","beforelunch","travelling","freezing","grocery",0,1,1,"midday"
71,637,148,489,"weekday","breakfast","travelling","freezing","grocery",0,1,1,"morning"
71,638,149,489,"weekday","beforelunch","travelling","warm","restaurant",1,1,1,"midday"
71,639,150,489,"weekend","breakfast","travelling","warm","grocery",1,1,1,"morning"
71,644,155,489,"weekday","breakfast","unknown","freezing","restaurant",0,1,1,"morning"
71,647,158,489,"weekday","lunch","unknown","unknown","grocery",0,1,1,"midday"
71,648,159,489,"weekday","morning","travelling","warm","restaurant",0,1,1,"morning"
71,653,164,489,"weekday","lunch","travelling","cold","restaurant",0,1,1,"midday"
71,656,167,489,"weekend","beforelunch","travelling","cold","grocery",0,1,1,"midday"
71,657,168,489,"weekday","lunch","travelling","cold","grocery",0,1,1,"midday"
71,661,172,489,"weekend","earlymorning","travelling","warm","restaurant",0,1,1,"morning"
71,662,173,489,"weekday","beforelunch","travelling","hot","restaurant",1,1,1,"midday"
71,671,182,489,"weekday","dinner","morningrituals","unknown","restaurant",1,1,1,"night"
72,494,0,494,"weekday","afternoon","travelling","warm","grocery",0,0,0,"midday"
72,495,1,494,"weekday","dinner","travelling","unknown","grocery",1,0,0,"night"
72,496,2,494,"weekday","afternoon","leisure","cold","restaurant",0,0,0,"midday"
72,497,3,494,"weekday","beforelunch","travelling","warm","restaurant",1,0,0,"midday"
72,498,4,494,"weekend","afternoon","travelling","cold","grocery",1,0,0,"midday"
72,500,6,494,"weekday","afternoon","leisure","cold","grocery",0,0,0,"midday"
72,501,7,494,"weekday","lunch","travelling","cold","grocery",0,0,0,"midday"
72,503,9,494,"weekend","afternoon","shopping","unknown","restaurant",1,0,0,"midday"
72,504,10,494,"weekday","lunch","travelling","cold","restaurant",0,0,0,"midday"
72,505,11,494,"weekday","lunch","travelling","cold","restaurant",1,0,0,"midday"
72,506,12,494,"weekday","morning","shopping","cold","restaurant",0,0,0,"morning"
72,507,13,494,"weekday","beforelunch","shopping","cold","restaurant",0,0,0,"midday"
72,508,14,494,"weekend","lunch","travelling","unknown","grocery",0,0,0,"midday"
72,509,15,494,"weekday","afternoon","shopping","hot","restaurant",0,0,0,"midday"
72,510,16,494,"weekday","afternoon","unknown","freezing","grocery",0,0,0,"midday"
72,511,17,494,"unknown","afternoon","unknown","unknown","restaurant",0,0,0,"midday"
72,513,19,494,"weekday","beforelunch","travelling","cold","grocery",0,0,0,"midday"
72,515,21,494,"weekend","morning","travelling","freezing","grocery",1,0,0,"morning"
72,516,22,494,"weekday","afternoon","leisure","unknown","grocery",0,0,0,"midday"
72,517,23,494,"weekday","lunch","travelling","freezing","restaurant",0,0,0,"midday"
72,519,25,494,"weekday","lunch","travelling","freezing","grocery",0,0,0,"midday"
72,520,26,494,"weekday","afternoon","leisure","warm","restaurant",0,0,0,"midday"
72,521,27,494,"weekend","afternoon","working","cold","restaurant",0,0,0,"midday"
72,522,28,494,"weekday","afternoon","travelling","warm","restaurant",0,0,0,"midday"
72,524,30,494,"weekend","lunch","travelling","cold","grocery",0,0,0,"midday"
72,525,31,494,"weekday","breakfast","travelling","cold","restaurant",0,0,0,"morning"
72,527,33,494,"weekday","night","travelling","freezing","restaurant",0,0,0,"night"
72,528,34,494,"weekday","breakfast","travelling","warm","restaurant",0,0,0,"morning"
72,529,35,494,"weekday","afternoon","travelling","cold","grocery",0,0,0,"midday"
72,530,36,494,"weekday","afternoon","travelling","cold","restaurant",0,0,0,"midday"
72,531,37,494,"weekend","beforelunch","travelling","freezing","restaurant",0,0,0,"midday"
72,532,38,494,"weekday","lunch","travelling","freezing","grocery",0,0,0,"midday"
72,533,39,494,"weekday","afternoon","travelling","warm","grocery",0,0,0,"midday"
72,534,40,494,"weekend","beforelunch","travelling","cold","grocery",0,0,0,"midday"
72,535,41,494,"weekday","lunch","travelling","unknown","restaurant",1,0,0,"midday"
72,536,42,494,"weekday","beforelunch","travelling","cold","restaurant",0,0,0,"midday"
72,538,44,494,"unknown","beforelunch","travelling","unknown","restaurant",0,0,0,"midday"
72,539,45,494,"weekday","lunch","travelling","cold","grocery",1,0,0,"midday"
72,540,46,494,"weekday","dinner","shopping","cold","grocery",0,0,0,"night"
72,541,47,494,"weekday","dinner","working","cold","grocery",0,0,0,"night"
72,542,48,494,"weekday","night","travelling","cold","restaurant",0,0,0,"night"
72,544,50,494,"weekday","lunch","shopping","cold","restaurant",0,0,0,"midday"
72,547,53,494,"weekday","afternoon","leisure","unknown","grocery",0,0,0,"midday"
72,548,54,494,"weekend","afternoon","unknown","freezing","grocery",0,0,0,"midday"
72,550,56,494,"weekday","lunch","working","warm","restaurant",0,0,0,"midday"
72,551,57,494,"weekday","lunch","travelling","warm","restaurant",1,1,0,"midday"
72,553,59,494,"weekend","breakfast","shopping","hot","restaurant",1,1,0,"morning"
72,554,60,494,"weekday","breakfast","travelling","freezing","restaurant",0,1,0,"morning"
72,556,62,494,"weekday","earlymorning","travelling","unknown","restaurant",0,1,0,"morning"
72,559,65,494,"weekend","lunch","travelling","unknown","restaurant",1,1,0,"midday"
72,560,66,494,"weekday","lunch","travelling","unknown","restaurant",0,1,0,"midday"
72,561,67,494,"weekend","lunch","travelling","hot","grocery",0,1,0,"midday"
72,562,68,494,"weekday","afternoon","travelling","unknown","restaurant",0,1,0,"midday"
72,563,69,494,"weekday","dinner","shopping","hot","restaurant",1,1,0,"night"
72,564,70,494,"unknown","beforelunch","travelling","hot","restaurant",0,1,0,"midday"
72,566,72,494,"weekday","lunch","leisure","unknown","restaurant",0,1,0,"midday"
72,567,73,494,"weekend","afternoon","travelling","freezing","grocery",0,1,0,"midday"
72,569,75,494,"weekday","morning","morningrituals","hot","restaurant",1,1,0,"morning"
72,571,77,494,"weekend","lunch","working","warm","restaurant",0,1,0,"midday"
72,572,78,494,"weekday","afternoon","unknown","freezing","restaurant",0,1,0,"midday"
72,573,79,494,"weekend","afternoon","unknown","cold","restaurant",0,1,0,"midday"
72,574,80,494,"weekday","night","travelling","cold","restaurant",1,1,0,"night"
72,575,81,494,"weekday","beforelunch","working","unknown","grocery",0,1,0,"midday"
72,576,82,494,"weekday","beforelunch","travelling","unknown","grocery",0,1,0,"midday"
72,577,83,494,"weekday","morning","travelling","freezing","grocery",0,1,0,"morning"
72,578,84,494,"weekday","afternoon","leisure","cold","grocery",0,1,0,"midday"
72,580,86,494,"weekend","morning","morningrituals","freezing","grocery",1,1,0,"morning"
72,581,87,494,"weekday","beforelunch","leisure","cold","grocery",0,1,0,"midday"
72,582,88,494,"weekday","beforelunch","unknown","unknown","grocery",0,1,0,"midday"
72,583,89,494,"weekday","night","travelling","hot","grocery",0,1,0,"night"
72,584,90,494,"weekday","dinner","leisure","hot","grocery",0,1,0,"night"
72,585,91,494,"weekday","afternoon","travelling","unknown","grocery",0,1,0,"midday"
72,588,94,494,"weekday","morning","working","unknown","grocery",0,1,0,"morning"
72,590,96,494,"weekday","afternoon","travelling","cold","restaurant",1,1,0,"midday"
72,591,97,494,"weekday","beforelunch","working","freezing","restaurant",1,1,0,"midday"
72,593,99,494,"weekend","afternoon","travelling","freezing","grocery",0,1,0,"midday"
72,594,100,494,"weekday","afternoon","travelling","warm","grocery",1,1,0,"midday"
72,595,101,494,"weekday","breakfast","travelling","cold","grocery",1,1,0,"morning"
72,596,102,494,"weekday","dinner","morningrituals","unknown","restaurant",0,1,0,"night"
72,597,103,494,"weekend","afternoon","travelling","cold","grocery",0,1,0,"midday"
72,598,104,494,"weekday","beforelunch","travelling","freezing","restaurant",1,1,0,"midday"
72,599,105,494,"weekend","lunch","travelling","hot","restaurant",0,1,0,"midday"
72,600,106,494,"weekend","morning","travelling","freezing","restaurant",1,1,0,"morning"
72,601,107,494,"weekend","afternoon","travelling","freezing","grocery",1,1,0,"midday"
72,602,108,494,"weekday","afternoon","travelling","cold","grocery",1,1,0,"midday"
72,603,109,494,"weekday","afternoon","travelling","cold","grocery",1,1,0,"midday"
72,605,111,494,"weekend","afternoon","working","warm","grocery",1,1,0,"midday"
72,606,112,494,"weekday","morning","travelling","cold","restaurant",0,1,0,"morning"
72,607,113,494,"weekday","dinner","leisure","cold","grocery",1,1,1,"night"
72,609,115,494,"weekday","breakfast","travelling","cold","restaurant",0,1,1,"morning"
72,610,116,494,"weekend","beforelunch","travelling","warm","grocery",1,1,1,"midday"
72,611,117,494,"weekday","breakfast","unknown","freezing","restaurant",0,1,1,"morning"
72,612,118,494,"weekday","unknown","workingout","warm","grocery",0,1,1,"unknown"
72,613,119,494,"weekday","beforelunch","working","cold","grocery",0,1,1,"midday"
72,614,120,494,"weekday","beforelunch","leisure","warm","restaurant",1,1,1,"midday"
72,615,121,494,"weekday","afternoon","unknown","freezing","grocery",0,1,1,"midday"
72,616,122,494,"weekday","beforelunch","shopping","cold","restaurant",0,1,1,"midday"
72,617,123,494,"weekday","afternoon","travelling","warm","restaurant",0,1,1,"midday"
72,618,124,494,"weekend","breakfast","travelling","warm","restaurant",1,1,1,"morning"
72,619,125,494,"weekday","afternoon","working","unknown","restaurant",0,1,1,"midday"
72,620,126,494,"weekday","lunch","working","cold","restaurant",0,1,1,"midday"
72,622,128,494,"weekday","lunch","travelling","cold","restaurant",1,1,1,"midday"
72,623,129,494,"weekday","beforelunch","working","unknown","grocery",0,1,1,"midday"
72,624,130,494,"weekday","breakfast","travelling","cold","restaurant",1,1,1,"morning"
72,625,131,494,"weekday","lunch","unknown","freezing","restaurant",0,1,1,"midday"
72,626,132,494,"weekday","beforelunch","working","freezing","restaurant",0,1,1,"midday"
72,628,134,494,"weekday","night","travelling","unknown","restaurant",1,1,1,"night"
72,629,135,494,"weekday","lunch","travelling","cold","grocery",1,1,1,"midday"
72,630,136,494,"weekday","afternoon","travelling","warm","grocery",1,1,1,"midday"
72,632,138,494,"weekend","lunch","travelling","cold","restaurant",0,1,1,"midday"
72,633,139,494,"weekend","unknown","travelling","unknown","restaurant",0,1,1,"unknown"
72,635,141,494,"weekday","lunch","working","cold","grocery",0,1,1,"midday"
72,639,145,494,"weekend","lunch","unknown","freezing","grocery",1,1,1,"midday"
72,642,148,494,"weekday","unknown","travelling","unknown","grocery",0,1,1,"unknown"
72,644,150,494,"weekend","afternoon","leisure","freezing","restaurant",0,1,1,"midday"
72,645,151,494,"weekday","morning","unknown","hot","grocery",0,1,1,"morning"
72,648,154,494,"weekend","morning","travelling","cold","grocery",0,1,1,"morning"
72,649,155,494,"weekday","earlymorning","unknown","cold","restaurant",0,1,1,"morning"
72,650,156,494,"weekday","morning","working","freezing","grocery",0,1,1,"morning"
72,651,157,494,"weekend","afternoon","travelling","freezing","restaurant",0,1,1,"midday"
72,652,158,494,"weekday","morning","unknown","hot","restaurant",0,1,1,"morning"
72,653,159,494,"weekday","lunch","travelling","freezing","restaurant",0,1,1,"midday"
72,655,161,494,"weekend","afternoon","working","hot","restaurant",0,1,1,"midday"
72,657,163,494,"weekday","breakfast","travelling","unknown","grocery",0,1,1,"morning"
72,658,164,494,"weekday","night","working","cold","grocery",0,1,1,"night"
72,659,165,494,"weekday","beforelunch","travelling","unknown","grocery",1,1,1,"midday"
72,660,166,494,"weekday","lunch","travelling","cold","restaurant",0,1,1,"midday"
72,661,167,494,"weekday","breakfast","unknown","unknown","grocery",0,1,1,"morning"
72,663,169,494,"weekday","lunch","travelling","unknown","restaurant",0,1,1,"midday"
72,664,170,494,"weekday","breakfast","leisure","warm","grocery",1,1,1,"morning"
72,665,171,494,"weekday","dinner","working","warm","restaurant",0,1,1,"night"
72,668,174,494,"weekday","dinner","unknown","freezing","restaurant",0,1,1,"night"
72,669,175,494,"weekday","breakfast","leisure","warm","restaurant",1,1,1,"morning"
72,671,177,494,"weekday","breakfast","working","hot","restaurant",0,1,1,"morning"
72,673,179,494,"weekday","afternoon","shopping","cold","restaurant",0,1,1,"midday"
72,674,180,494,"weekday","afternoon","travelling","unknown","restaurant",1,1,1,"midday"
72,675,181,494,"weekend","lunch","travelling","hot","restaurant",0,1,1,"midday"
72,676,182,494,"weekday","unknown","travelling","freezing","grocery",1,1,1,"unknown"
73,503,0,503,"weekend","lunch","working","unknown","restaurant",1,0,0,"midday"
73,504,1,503,"weekday","lunch","unknown","unknown","grocery",0,0,0,"midday"
73,505,2,503,"weekend","dinner","travelling","freezing","grocery",0,0,0,"night"
73,506,3,503,"weekday","lunch","travelling","hot","grocery",0,0,0,"midday"
73,507,4,503,"unknown","breakfast","travelling","cold","restaurant",0,0,0,"morning"
73,508,5,503,"weekday","breakfast","travelling","warm","restaurant",0,0,0,"morning"
73,509,6,503,"weekend","night","working","warm","restaurant",0,0,0,"night"
73,510,7,503,"weekend","morning","travelling","freezing","restaurant",0,0,0,"morning"
73,511,8,503,"weekday","beforelunch","leisure","cold","grocery",0,0,0,"midday"
73,513,10,503,"weekday","lunch","travelling","freezing","grocery",0,0,0,"midday"
73,514,11,503,"weekday","beforelunch","travelling","unknown","restaurant",0,0,0,"midday"
73,515,12,503,"weekday","lunch","leisure","cold","grocery",1,0,0,"midday"
73,517,14,503,"weekday","afternoon","travelling","freezing","restaurant",0,0,0,"midday"
73,518,15,503,"weekday","beforelunch","travelling","cold","restaurant",0,0,0,"midday"
73,519,16,503,"weekday","beforelunch","travelling","freezing","restaurant",0,0,0,"midday"
73,520,17,503,"weekday","lunch","working","freezing","restaurant",0,0,0,"midday"
73,521,18,503,"weekday","lunch","travelling","cold","grocery",0,0,0,"midday"
73,523,20,503,"weekend","lunch","working","cold","grocery",0,0,0,"midday"
73,524,21,503,"weekend","afternoon","leisure","freezing","grocery",0,0,0,"midday"
73,525,22,503,"weekday","breakfast","travelling","freezing","grocery",0,0,0,"morning"
73,526,23,503,"weekend","morning","travelling","cold","grocery",0,0,0,"morning"
73,529,26,503,"weekend","beforelunch","travelling","cold","restaurant",0,0,0,"midday"
73,530,27,503,"weekend","breakfast","unknown","unknown","grocery",0,0,0,"morning"
73,531,28,503,"weekday","earlymorning","travelling","unknown","grocery",1,0,0,"morning"
73,533,30,503,"weekend","lunch","unknown","unknown","restaurant",0,0,0,"midday"
73,534,31,503,"weekend","breakfast","shopping","unknown","restaurant",0,0,0,"morning"
73,535,32,503,"weekday","morning","unknown","cold","grocery",0,0,0,"morning"
73,536,33,503,"weekend","unknown","travelling","hot","grocery",0,0,0,"unknown"
73,539,36,503,"weekday","afternoon","travelling","freezing","grocery",1,0,0,"midday"
73,540,37,503,"weekend","dinner","travelling","freezing","grocery",0,0,0,"night"
73,541,38,503,"weekday","unknown","leisure","cold","restaurant",0,0,0,"unknown"
73,542,39,503,"weekday","night","travelling","freezing","restaurant",0,0,0,"night"
73,543,40,503,"weekday","afternoon","leisure","warm","grocery",1,0,0,"midday"
73,544,41,503,"weekday","beforelunch","working","unknown","grocery",1,0,0,"midday"
73,545,42,503,"weekday","afternoon","travelling","freezing","restaurant",0,0,0,"midday"
73,546,43,503,"weekday","lunch","travelling","unknown","grocery",1,0,0,"midday"
73,547,44,503,"weekday","breakfast","travelling","cold","restaurant",1,0,0,"morning"
73,548,45,503,"weekend","lunch","leisure","unknown","restaurant",0,0,0,"midday"
73,549,46,503,"weekend","lunch","unknown","unknown","grocery",0,0,0,"midday"
73,550,47,503,"weekday","afternoon","travelling","freezing","grocery",0,0,0,"midday"
73,551,48,503,"weekday","afternoon","leisure","unknown","grocery",0,0,0,"midday"
73,552,49,503,"weekday","afternoon","travelling","freezing","restaurant",0,0,0,"midday"
73,553,50,503,"weekend","lunch","travelling","freezing","grocery",0,0,0,"midday"
73,554,51,503,"weekday","lunch","leisure","freezing","restaurant",1,0,0,"midday"
73,556,53,503,"weekday","afternoon","morningrituals","unknown","grocery",0,0,0,"midday"
73,557,54,503,"weekday","beforelunch","travelling","cold","restaurant",0,0,0,"midday"
73,558,55,503,"weekend","lunch","unknown","warm","restaurant",0,0,0,"midday"
73,559,56,503,"weekday","afternoon","travelling","unknown","grocery",0,0,0,"midday"
73,562,59,503,"weekend","afternoon","travelling","warm","restaurant",0,1,0,"midday"
73,563,60,503,"weekday","lunch","travelling","cold","restaurant",0,1,0,"midday"
73,564,61,503,"unknown","unknown","travelling","warm","restaurant",1,1,0,"unknown"
73,565,62,503,"weekend","morning","travelling","cold","grocery",0,1,0,"morning"
73,566,63,503,"weekday","breakfast","unknown","cold","restaurant",0,1,0,"morning"
73,567,64,503,"weekday","lunch","travelling","warm","grocery",0,1,0,"midday"
73,568,65,503,"weekend","afternoon","working","unknown","restaurant",0,1,0,"midday"
73,569,66,503,"weekday","beforelunch","travelling","cold","grocery",1,1,0,"midday"
73,570,67,503,"weekday","breakfast","shopping","unknown","grocery",0,1,0,"morning"
73,571,68,503,"weekday","afternoon","travelling","cold","grocery",0,1,0,"midday"
73,572,69,503,"weekday","beforelunch","unknown","unknown","restaurant",0,1,0,"midday"
73,573,70,503,"weekday","afternoon","shopping","unknown","restaurant",0,1,0,"midday"
73,575,72,503,"weekday","morning","leisure","warm","grocery",0,1,0,"morning"
73,576,73,503,"weekend","earlymorning","travelling","warm","restaurant",0,1,0,"morning"
73,577,74,503,"weekday","lunch","morningrituals","warm","restaurant",0,1,0,"midday"
73,578,75,503,"weekday","afternoon","working","warm","restaurant",0,1,0,"midday"
73,579,76,503,"weekday","lunch","working","unknown","restaurant",1,1,0,"midday"
73,580,77,503,"weekend","beforelunch","housework","cold","grocery",1,1,0,"midday"
73,581,78,503,"weekday","afternoon","travelling","warm","grocery",0,1,0,"midday"
73,583,80,503,"weekday","beforelunch","travelling","freezing","restaurant",1,1,0,"midday"
73,584,81,503,"weekday","lunch","working","unknown","restaurant",0,1,0,"midday"
73,585,82,503,"weekday","latenight","travelling","cold","grocery",0,1,0,"night"
73,587,84,503,"weekday","afternoon","leisure","hot","grocery",0,1,0,"midday"
73,588,85,503,"weekday","breakfast","travelling","warm","restaurant",0,1,0,"morning"
73,592,89,503,"weekday","afternoon","travelling","unknown","restaurant",0,1,0,"midday"
73,593,90,503,"weekday","beforelunch","leisure","unknown","restaurant",1,1,0,"midday"
73,594,91,503,"weekday","breakfast","shopping","warm","restaurant",1,1,0,"morning"
73,595,92,503,"weekday","afternoon","working","hot","grocery",0,1,0,"midday"
73,596,93,503,"weekday","dinner","shopping","cold","restaurant",0,1,0,"night"
73,597,94,503,"weekend","afternoon","working","cold","grocery",1,1,0,"midday"
73,599,96,503,"weekday","beforelunch","travelling","cold","restaurant",0,1,0,"midday"
73,600,97,503,"weekend","afternoon","travelling","hot","restaurant",0,1,0,"midday"
73,602,99,503,"weekday","lunch","working","hot","grocery",0,1,0,"midday"
73,603,100,503,"weekday","afternoon","travelling","freezing","grocery",0,1,0,"midday"
73,605,102,503,"weekday","breakfast","working","cold","grocery",1,1,0,"morning"
73,606,103,503,"weekday","afternoon","travelling","unknown","grocery",0,1,0,"midday"
73,607,104,503,"weekend","afternoon","travelling","cold","grocery",1,1,0,"midday"
73,611,108,503,"unknown","afternoon","leisure","unknown","restaurant",1,1,0,"midday"
73,612,109,503,"weekend","breakfast","travelling","cold","restaurant",0,1,0,"morning"
73,613,110,503,"weekend","afternoon","travelling","hot","grocery",0,1,0,"midday"
73,614,111,503,"weekday","beforelunch","travelling","unknown","restaurant",0,1,0,"midday"
73,616,113,503,"weekday","beforelunch","travelling","cold","restaurant",0,1,1,"midday"
73,618,115,503,"weekend","afternoon","travelling","cold","restaurant",0,1,1,"midday"
73,621,118,503,"weekday","lunch","travelling","cold","grocery",1,1,1,"midday"
73,622,119,503,"weekend","afternoon","travelling","cold","restaurant",0,1,1,"midday"
73,623,120,503,"weekday","lunch","travelling","unknown","grocery",0,1,1,"midday"
73,624,121,503,"weekday","afternoon","leisure","cold","grocery",1,1,1,"midday"
73,628,125,503,"weekday","breakfast","travelling","cold","restaurant",0,1,1,"morning"
73,630,127,503,"weekday","afternoon","travelling","unknown","grocery",0,1,1,"midday"
73,631,128,503,"weekday","afternoon","travelling","unknown","grocery",0,1,1,"midday"
73,633,130,503,"weekday","breakfast","travelling","warm","grocery",0,1,1,"morning"
73,635,132,503,"weekend","beforelunch","travelling","cold","restaurant",1,1,1,"midday"
73,636,133,503,"weekday","lunch","unknown","unknown","restaurant",0,1,1,"midday"
73,637,134,503,"weekday","breakfast","travelling","unknown","restaurant",0,1,1,"morning"
73,638,135,503,"weekday","afternoon","unknown","unknown","restaurant",0,1,1,"midday"
73,639,136,503,"weekday","beforelunch","travelling","freezing","grocery",0,1,1,"midday"
73,640,137,503,"weekend","lunch","travelling","unknown","grocery",1,1,1,"midday"
73,641,138,503,"weekend","morning","travelling","hot","grocery",0,1,1,"morning"
73,642,139,503,"weekend","unknown","leisure","warm","restaurant",0,1,1,"unknown"
73,643,140,503,"weekday","breakfast","travelling","warm","restaurant",0,1,1,"morning"
73,644,141,503,"weekday","lunch","shopping","cold","restaurant",0,1,1,"midday"
73,645,142,503,"weekday","beforelunch","travelling","warm","restaurant",0,1,1,"midday"
73,646,143,503,"weekday","lunch","travelling","hot","restaurant",0,1,1,"midday"
73,647,144,503,"weekday","beforelunch","travelling","freezing","grocery",1,1,1,"midday"
73,649,146,503,"weekend","afternoon","shopping","unknown","restaurant",0,1,1,"midday"
73,650,147,503,"weekend","afternoon","travelling","hot","restaurant",0,1,1,"midday"
73,651,148,503,"weekday","breakfast","travelling","cold","restaurant",0,1,1,"morning"
73,652,149,503,"weekday","lunch","working","warm","grocery",1,1,1,"midday"
73,653,150,503,"weekday","afternoon","travelling","cold","restaurant",0,1,1,"midday"
73,654,151,503,"weekday","beforelunch","leisure","warm","restaurant",0,1,1,"midday"
73,655,152,503,"weekend","afternoon","travelling","freezing","grocery",0,1,1,"midday"
73,657,154,503,"weekday","afternoon","shopping","unknown","restaurant",1,1,1,"midday"
73,658,155,503,"weekday","afternoon","travelling","warm","grocery",0,1,1,"midday"
73,659,156,503,"weekday","afternoon","working","freezing","grocery",0,1,1,"midday"
73,660,157,503,"weekend","lunch","travelling","unknown","restaurant",0,1,1,"midday"
73,661,158,503,"weekday","afternoon","shopping","cold","grocery",0,1,1,"midday"
73,663,160,503,"weekday","beforelunch","travelling","freezing","grocery",0,1,1,"midday"
73,665,162,503,"weekday","breakfast","shopping","hot","grocery",0,1,1,"morning"
73,667,164,503,"weekday","afternoon","unknown","warm","grocery",0,1,1,"midday"
73,668,165,503,"weekday","unknown","shopping","cold","grocery",0,1,1,"unknown"
73,669,166,503,"weekend","morning","travelling","warm","restaurant",0,1,1,"morning"
73,670,167,503,"weekend","beforelunch","travelling","freezing","grocery",0,1,1,"midday"
73,671,168,503,"weekday","afternoon","travelling","cold","grocery",1,1,1,"midday"
73,672,169,503,"weekend","breakfast","shopping","unknown","restaurant",1,1,1,"morning"
73,673,170,503,"weekend","beforelunch","shopping","unknown","grocery",1,1,1,"midday"
73,675,172,503,"weekend","afternoon","travelling","warm","grocery",0,1,1,"midday"
73,678,175,503,"weekend","evening","travelling","cold","restaurant",0,1,1,"night"
73,680,177,503,"weekday","latenight","unknown","warm","restaurant",0,1,1,"night"
73,683,180,503,"weekend","night","travelling","cold","restaurant",0,1,1,"night"
73,686,183,503,"weekday","lunch","travelling","cold","grocery",0,1,1,"midday"
74,517,1,516,"weekday","afternoon","unknown","unknown","restaurant",0,0,0,"midday"
74,518,2,516,"weekend","afternoon","unknown","freezing","grocery",0,0,0,"midday"
74,527,11,516,"weekday","dinner","unknown","cold","grocery",0,0,0,"night"
74,542,26,516,"weekday","afternoon","unknown","cold","restaurant",0,0,0,"midday"
74,546,30,516,"weekday","afternoon","leisure","hot","restaurant",0,0,0,"midday"
74,553,37,516,"weekday","beforelunch","leisure","warm","restaurant",1,0,0,"midday"
74,592,76,516,"weekend","afternoon","travelling","hot","restaurant",0,1,0,"midday"
74,612,96,516,"weekday","lunch","travelling","unknown","grocery",0,1,0,"midday"
74,629,113,516,"weekday","beforelunch","travelling","cold","restaurant",1,1,1,"midday"
74,630,114,516,"weekend","morning","unknown","cold","restaurant",0,1,1,"morning"
74,634,118,516,"weekday","latenight","leisure","unknown","grocery",0,1,1,"night"
74,637,121,516,"weekday","afternoon","travelling","freezing","grocery",0,1,1,"midday"
74,646,130,516,"weekend","breakfast","travelling","unknown","grocery",0,1,1,"morning"
75,518,0,518,"weekend","afternoon","travelling","warm","restaurant",0,0,0,"midday"
75,519,1,518,"weekend","lunch","travelling","warm","restaurant",0,0,0,"midday"
75,520,2,518,"weekday","breakfast","travelling","freezing","restaurant",0,0,0,"morning"
75,522,4,518,"weekday","dinner","travelling","cold","restaurant",0,0,0,"night"
75,524,6,518,"weekday","lunch","travelling","warm","grocery",0,0,0,"midday"
75,525,7,518,"weekday","breakfast","travelling","cold","restaurant",1,0,0,"morning"
75,526,8,518,"weekend","beforelunch","travelling","cold","restaurant",1,0,0,"midday"
75,528,10,518,"weekday","afternoon","travelling","hot","restaurant",1,0,0,"midday"
75,529,11,518,"weekday","morning","travelling","freezing","restaurant",0,0,0,"morning"
75,531,13,518,"weekend","breakfast","travelling","freezing","restaurant",0,0,0,"morning"
75,540,22,518,"weekday","afternoon","travelling","hot","grocery",1,0,0,"midday"
75,543,25,518,"weekend","beforelunch","working","cold","restaurant",0,0,0,"midday"
75,544,26,518,"weekend","afternoon","travelling","hot","grocery",1,0,0,"midday"
75,547,29,518,"weekend","afternoon","unknown","freezing","restaurant",0,0,0,"midday"
75,548,30,518,"weekend","breakfast","morningrituals","unknown","grocery",0,0,0,"morning"
75,549,31,518,"weekend","beforelunch","travelling","freezing","restaurant",0,0,0,"midday"
75,550,32,518,"weekday","lunch","morningrituals","unknown","grocery",0,0,0,"midday"
75,551,33,518,"weekend","afternoon","unknown","unknown","restaurant",0,0,0,"midday"
75,554,36,518,"weekday","beforelunch","unknown","cold","restaurant",1,0,0,"midday"
75,556,38,518,"weekday","morning","workingout","warm","grocery",0,0,0,"morning"
75,557,39,518,"weekday","breakfast","travelling","warm","grocery",0,0,0,"morning"
75,560,42,518,"weekend","lunch","working","cold","grocery",0,0,0,"midday"
75,561,43,518,"weekday","dinner","travelling","cold","restaurant",0,0,0,"night"
75,564,46,518,"weekday","morning","shopping","freezing","restaurant",1,0,0,"morning"
75,566,48,518,"weekday","breakfast","travelling","freezing","grocery",1,0,0,"morning"
75,567,49,518,"weekday","afternoon","travelling","freezing","restaurant",0,0,0,"midday"
75,568,50,518,"weekday","dinner","unknown","freezing","restaurant",0,0,0,"night"
75,575,57,518,"weekend","afternoon","unknown","hot","restaurant",0,1,0,"midday"
75,579,61,518,"weekend","breakfast","leisure","hot","restaurant",0,1,0,"morning"
75,582,64,518,"weekday","lunch","travelling","freezing","grocery",0,1,0,"midday"
75,586,68,518,"weekday","dinner","travelling","unknown","restaurant",0,1,0,"night"
75,589,71,518,"weekday","afternoon","shopping","warm","grocery",0,1,0,"midday"
75,595,77,518,"unknown","dinner","unknown","cold","grocery",0,1,0,"night"
75,596,78,518,"weekday","beforelunch","travelling","warm","grocery",0,1,0,"midday"
75,597,79,518,"weekend","beforelunch","travelling","cold","grocery",0,1,0,"midday"
75,601,83,518,"weekday","lunch","travelling","freezing","grocery",0,1,0,"midday"
75,605,87,518,"weekday","beforelunch","unknown","cold","restaurant",0,1,0,"midday"
75,606,88,518,"weekday","lunch","travelling","unknown","grocery",0,1,0,"midday"
75,609,91,518,"weekday","earlymorning","travelling","freezing","restaurant",1,1,0,"morning"
75,610,92,518,"weekday","morning","working","hot","restaurant",0,1,0,"morning"
75,615,97,518,"weekday","lunch","unknown","cold","grocery",0,1,0,"midday"
75,616,98,518,"weekday","beforelunch","travelling","warm","restaurant",1,1,0,"midday"
75,620,102,518,"weekday","earlymorning","morningrituals","unknown","restaurant",1,1,0,"morning"
75,622,104,518,"weekday","lunch","travelling","unknown","grocery",0,1,0,"midday"
75,623,105,518,"weekday","breakfast","working","unknown","grocery",0,1,0,"morning"
75,624,106,518,"weekday","beforelunch","travelling","warm","restaurant",0,1,0,"midday"
75,625,107,518,"weekend","lunch","working","freezing","grocery",0,1,0,"midday"
75,626,108,518,"weekday","beforelunch","shopping","cold","grocery",0,1,0,"midday"
75,627,109,518,"weekend","afternoon","shopping","cold","grocery",0,1,0,"midday"
75,629,111,518,"weekday","earlymorning","unknown","freezing","restaurant",0,1,0,"morning"
75,632,114,518,"weekday","afternoon","travelling","cold","restaurant",1,1,1,"midday"
75,633,115,518,"weekend","afternoon","travelling","unknown","restaurant",0,1,1,"midday"
75,634,116,518,"weekend","beforelunch","travelling","unknown","grocery",0,1,1,"midday"
75,636,118,518,"weekend","afternoon","unknown","cold","restaurant",0,1,1,"midday"
75,647,129,518,"weekday","beforelunch","travelling","freezing","grocery",0,1,1,"midday"
75,650,132,518,"weekend","afternoon","unknown","cold","grocery",0,1,1,"midday"
75,653,135,518,"weekend","lunch","travelling","warm","restaurant",1,1,1,"midday"
75,654,136,518,"weekday","breakfast","travelling","unknown","grocery",1,1,1,"morning"
75,655,137,518,"weekday","breakfast","working","unknown","grocery",0,1,1,"morning"
75,657,139,518,"weekday","breakfast","travelling","cold","grocery",0,1,1,"morning"
75,658,140,518,"weekday","beforelunch","travelling","cold","restaurant",1,1,1,"midday"
75,659,141,518,"weekend","unknown","unknown","cold","grocery",0,1,1,"unknown"
75,661,143,518,"weekday","evening","shopping","freezing","restaurant",0,1,1,"night"
75,662,144,518,"weekend","afternoon","morningrituals","freezing","restaurant",0,1,1,"midday"
75,663,145,518,"weekday","beforelunch","unknown","freezing","grocery",0,1,1,"midday"
75,664,146,518,"weekday","beforelunch","shopping","warm","restaurant",0,1,1,"midday"
75,669,151,518,"weekday","afternoon","travelling","warm","grocery",0,1,1,"midday"
75,670,152,518,"weekend","afternoon","unknown","cold","restaurant",0,1,1,"midday"
75,672,154,518,"weekday","afternoon","working","freezing","restaurant",0,1,1,"midday"
75,673,155,518,"weekday","afternoon","travelling","cold","restaurant",1,1,1,"midday"
75,675,157,518,"weekend","lunch","unknown","unknown","grocery",0,1,1,"midday"
75,677,159,518,"weekday","afternoon","travelling","cold","grocery",0,1,1,"midday"
75,678,160,518,"weekday","afternoon","travelling","freezing","restaurant",1,1,1,"midday"
75,679,161,518,"weekday","breakfast","morningrituals","freezing","grocery",0,1,1,"morning"
75,680,162,518,"weekday","breakfast","shopping","cold","grocery",1,1,1,"morning"
75,681,163,518,"weekday","lunch","working","hot","restaurant",0,1,1,"midday"
75,683,165,518,"weekday","beforelunch","unknown","unknown","restaurant",0,1,1,"midday"
75,685,167,518,"weekday","morning","travelling","freezing","restaurant",1,1,1,"morning"
75,687,169,518,"weekend","lunch","travelling","cold","grocery",0,1,1,"midday"
75,688,170,518,"weekday","lunch","unknown","freezing","restaurant",0,1,1,"midday"
75,689,171,518,"weekday","dinner","leisure","freezing","grocery",1,1,1,"night"
75,691,173,518,"weekday","afternoon","travelling","warm","grocery",1,1,1,"midday"
75,697,179,518,"weekday","breakfast","unknown","cold","grocery",0,1,1,"morning"
76,528,0,528,"weekday","beforelunch","travelling","cold","grocery",0,0,0,"midday"
76,529,1,528,"weekend","lunch","travelling","cold","grocery",0,0,0,"midday"
76,530,2,528,"weekend","dinner","morningrituals","hot","restaurant",1,0,0,"night"
76,531,3,528,"weekday","lunch","travelling","warm","restaurant",1,0,0,"midday"
76,532,4,528,"weekday","evening","morningrituals","warm","grocery",0,0,0,"night"
76,533,5,528,"weekday","morning","travelling","cold","grocery",0,0,0,"morning"
76,534,6,528,"weekday","morning","travelling","cold","restaurant",0,0,0,"morning"
76,536,8,528,"weekday","afternoon","unknown","freezing","restaurant",1,0,0,"midday"
76,537,9,528,"weekday","beforelunch","leisure","cold","grocery",0,0,0,"midday"
76,539,11,528,"weekday","unknown","travelling","freezing","restaurant",1,0,0,"unknown"
76,540,12,528,"weekday","earlymorning","travelling","warm","grocery",0,0,0,"morning"
76,541,13,528,"weekday","breakfast","travelling","unknown","grocery",0,0,0,"morning"
76,542,14,528,"weekday","earlymorning","travelling","cold","restaurant",0,0,0,"morning"
76,543,15,528,"weekend","lunch","working","cold","restaurant",0,0,0,"midday"
76,545,17,528,"weekday","breakfast","travelling","unknown","restaurant",0,0,0,"morning"
76,546,18,528,"weekday","breakfast","leisure","freezing","grocery",0,0,0,"morning"
76,548,20,528,"weekday","lunch","travelling","freezing","restaurant",0,0,0,"midday"
76,549,21,528,"weekday","lunch","travelling","freezing","grocery",0,0,0,"midday"
76,551,23,528,"weekday","afternoon","travelling","cold","restaurant",1,0,0,"midday"
76,553,25,528,"weekday","beforelunch","travelling","cold","restaurant",0,0,0,"midday"
76,554,26,528,"weekday","night","travelling","cold","grocery",0,0,0,"night"
76,556,28,528,"weekday","unknown","shopping","unknown","grocery",0,0,0,"unknown"
76,558,30,528,"weekday","breakfast","travelling","warm","restaurant",0,0,0,"morning"
76,559,31,528,"weekday","earlymorning","unknown","freezing","grocery",0,0,0,"morning"
76,560,32,528,"weekday","morning","travelling","warm","restaurant",1,0,0,"morning"
76,562,34,528,"weekday","afternoon","travelling","hot","restaurant",0,0,0,"midday"
76,563,35,528,"weekend","dinner","unknown","warm","restaurant",0,0,0,"night"
76,565,37,528,"weekday","morning","travelling","freezing","restaurant",1,0,0,"morning"
76,566,38,528,"weekday","beforelunch","travelling","freezing","grocery",1,0,0,"midday"
76,567,39,528,"weekday","unknown","travelling","warm","restaurant",0,0,0,"unknown"
76,568,40,528,"weekday","lunch","travelling","cold","restaurant",0,0,0,"midday"
76,569,41,528,"weekday","lunch","travelling","cold","grocery",1,0,0,"midday"
76,570,42,528,"weekday","afternoon","travelling","cold","grocery",0,0,0,"midday"
76,571,43,528,"weekday","afternoon","travelling","freezing","grocery",0,0,0,"midday"
76,572,44,528,"weekday","lunch","travelling","cold","restaurant",0,0,0,"midday"
76,573,45,528,"weekday","breakfast","unknown","cold","restaurant",1,0,0,"morning"
76,574,46,528,"unknown","afternoon","travelling","hot","grocery",0,0,0,"midday"
76,575,47,528,"weekday","lunch","unknown","cold","grocery",0,0,0,"midday"
76,576,48,528,"weekend","beforelunch","travelling","unknown","restaurant",1,0,0,"midday"
76,577,49,528,"weekday","afternoon","working","warm","grocery",0,0,0,"midday"
76,578,50,528,"weekday","lunch","unknown","warm","restaurant",1,0,0,"midday"
76,579,51,528,"weekday","afternoon","shopping","cold","restaurant",0,0,0,"midday"
76,581,53,528,"weekday","evening","unknown","warm","grocery",1,0,0,"night"
76,582,54,528,"weekend","beforelunch","travelling","freezing","grocery",0,0,0,"midday"
76,584,56,528,"weekend","beforelunch","travelling","cold","restaurant",0,0,0,"midday"
76,586,58,528,"weekend","latenight","leisure","warm","grocery",0,1,0,"night"
76,587,59,528,"weekday","lunch","shopping","cold","restaurant",0,1,0,"midday"
76,588,60,528,"weekday","afternoon","travelling","cold","grocery",0,1,0,"midday"
76,589,61,528,"weekday","lunch","leisure","freezing","grocery",0,1,0,"midday"
76,590,62,528,"weekend","afternoon","workingout","unknown","grocery",0,1,0,"midday"
76,591,63,528,"weekday","breakfast","travelling","cold","restaurant",0,1,0,"morning"
76,592,64,528,"weekday","afternoon","morningrituals","hot","grocery",0,1,0,"midday"
76,593,65,528,"weekday","lunch","leisure","cold","grocery",1,1,0,"midday"
76,594,66,528,"weekend","beforelunch","morningrituals","cold","grocery",1,1,0,"midday"
76,595,67,528,"weekday","lunch","working","hot","grocery",0,1,0,"midday"
76,597,69,528,"weekday","beforelunch","travelling","unknown","grocery",0,1,0,"midday"
76,599,71,528,"weekend","beforelunch","travelling","unknown","grocery",0,1,0,"midday"
76,600,72,528,"weekday","lunch","travelling","hot","grocery",1,1,0,"midday"
76,602,74,528,"weekday","breakfast","unknown","freezing","restaurant",0,1,0,"morning"
76,603,75,528,"weekday","morning","travelling","cold","grocery",0,1,0,"morning"
76,604,76,528,"weekend","lunch","unknown","cold","restaurant",0,1,0,"midday"
76,605,77,528,"weekend","lunch","unknown","cold","restaurant",0,1,0,"midday"
76,606,78,528,"weekday","earlymorning","travelling","warm","grocery",0,1,0,"morning"
76,607,79,528,"weekday","earlymorning","travelling","warm","restaurant",0,1,0,"morning"
76,608,80,528,"weekday","unknown","travelling","cold","restaurant",0,1,0,"unknown"
76,609,81,528,"weekend","lunch","travelling","freezing","grocery",0,1,0,"midday"
76,610,82,528,"weekend","lunch","unknown","cold","grocery",0,1,0,"midday"
76,611,83,528,"weekday","morning","unknown","warm","restaurant",0,1,0,"morning"
76,612,84,528,"weekday","afternoon","travelling","unknown","grocery",1,1,0,"midday"
76,614,86,528,"weekend","afternoon","travelling","hot","restaurant",1,1,0,"midday"
76,615,87,528,"weekday","afternoon","travelling","hot","grocery",0,1,0,"midday"
76,616,88,528,"weekday","afternoon","morningrituals","cold","grocery",1,1,0,"midday"
76,617,89,528,"unknown","dinner","travelling","warm","grocery",0,1,0,"night"
76,618,90,528,"weekday","breakfast","working","warm","grocery",0,1,0,"morning"
76,619,91,528,"weekday","afternoon","leisure","unknown","restaurant",1,1,0,"midday"
76,620,92,528,"weekday","afternoon","working","unknown","restaurant",1,1,0,"midday"
76,622,94,528,"weekday","afternoon","unknown","unknown","grocery",0,1,0,"midday"
76,624,96,528,"weekday","afternoon","travelling","cold","grocery",0,1,0,"midday"
76,625,97,528,"weekday","lunch","working","freezing","restaurant",0,1,0,"midday"
76,627,99,528,"weekday","beforelunch","travelling","cold","grocery",1,1,0,"midday"
76,628,100,528,"weekday","night","travelling","cold","grocery",0,1,0,"night"
76,629,101,528,"weekday","lunch","morningrituals","hot","restaurant",1,1,0,"midday"
76,630,102,528,"weekday","afternoon","travelling","hot","grocery",0,1,0,"midday"
76,631,103,528,"weekend","afternoon","travelling","hot","restaurant",0,1,0,"midday"
76,633,105,528,"weekday","lunch","shopping","unknown","grocery",0,1,0,"midday"
76,634,106,528,"weekday","afternoon","travelling","cold","restaurant",0,1,0,"midday"
76,635,107,528,"weekend","night","travelling","unknown","grocery",0,1,0,"night"
76,636,108,528,"weekday","beforelunch","working","unknown","restaurant",0,1,0,"midday"
76,638,110,528,"weekday","lunch","travelling","unknown","grocery",1,1,0,"midday"
76,639,111,528,"weekend","unknown","travelling","warm","grocery",1,1,0,"unknown"
76,640,112,528,"weekend","lunch","morningrituals","unknown","restaurant",0,1,0,"midday"
76,641,113,528,"weekday","unknown","travelling","cold","grocery",0,1,1,"unknown"
76,643,115,528,"weekday","beforelunch","travelling","warm","grocery",0,1,1,"midday"
76,644,116,528,"weekday","lunch","travelling","cold","restaurant",0,1,1,"midday"
76,645,117,528,"weekend","afternoon","leisure","unknown","restaurant",0,1,1,"midday"
76,646,118,528,"weekend","lunch","travelling","unknown","restaurant",1,1,1,"midday"
76,648,120,528,"weekday","afternoon","travelling","freezing","restaurant",1,1,1,"midday"
76,650,122,528,"weekday","breakfast","travelling","freezing","grocery",0,1,1,"morning"
76,651,123,528,"weekday","afternoon","travelling","warm","restaurant",1,1,1,"midday"
76,652,124,528,"weekend","beforelunch","travelling","cold","restaurant",0,1,1,"midday"
76,653,125,528,"weekday","beforelunch","travelling","cold","restaurant",1,1,1,"midday"
76,654,126,528,"weekend","beforelunch","travelling","unknown","grocery",0,1,1,"midday"
76,655,127,528,"weekday","lunch","travelling","cold","grocery",1,1,1,"midday"
76,656,128,528,"weekday","afternoon","shopping","cold","grocery",0,1,1,"midday"
76,657,129,528,"weekend","afternoon","unknown","warm","grocery",1,1,1,"midday"
76,658,130,528,"weekday","lunch","unknown","freezing","restaurant",0,1,1,"midday"
76,660,132,528,"weekday","afternoon","travelling","freezing","restaurant",0,1,1,"midday"
76,663,135,528,"weekday","afternoon","travelling","unknown","grocery",0,1,1,"midday"
76,664,136,528,"weekday","beforelunch","travelling","hot","restaurant",1,1,1,"midday"
76,665,137,528,"weekday","lunch","travelling","hot","restaurant",0,1,1,"midday"
76,666,138,528,"weekend","lunch","unknown","hot","grocery",0,1,1,"midday"
76,667,139,528,"weekday","beforelunch","unknown","hot","restaurant",0,1,1,"midday"
76,669,141,528,"weekday","lunch","shopping","unknown","grocery",1,1,1,"midday"
76,670,142,528,"weekday","afternoon","travelling","cold","grocery",1,1,1,"midday"
76,671,143,528,"weekday","lunch","morningrituals","cold","grocery",0,1,1,"midday"
76,672,144,528,"weekday","afternoon","travelling","warm","restaurant",0,1,1,"midday"
76,674,146,528,"weekday","breakfast","working","freezing","grocery",1,1,1,"morning"
76,675,147,528,"weekday","afternoon","unknown","cold","restaurant",1,1,1,"midday"
76,678,150,528,"weekday","afternoon","shopping","cold","grocery",0,1,1,"midday"
76,679,151,528,"weekday","earlymorning","shopping","unknown","grocery",0,1,1,"morning"
76,680,152,528,"weekday","breakfast","travelling","unknown","grocery",0,1,1,"morning"
76,681,153,528,"weekday","breakfast","travelling","freezing","restaurant",0,1,1,"morning"
76,682,154,528,"weekday","unknown","travelling","cold","grocery",0,1,1,"unknown"
76,683,155,528,"weekday","morning","travelling","freezing","grocery",0,1,1,"morning"
76,684,156,528,"weekday","morning","travelling","cold","grocery",0,1,1,"morning"
76,685,157,528,"weekday","dinner","travelling","freezing","restaurant",1,1,1,"night"
76,686,158,528,"weekday","beforelunch","travelling","cold","restaurant",1,1,1,"midday"
76,687,159,528,"weekday","breakfast","travelling","cold","restaurant",1,1,1,"morning"
76,688,160,528,"weekday","afternoon","travelling","freezing","restaurant",0,1,1,"midday"
76,689,161,528,"weekend","lunch","unknown","unknown","restaurant",0,1,1,"midday"
76,691,163,528,"weekend","dinner","housework","unknown","restaurant",0,1,1,"night"
76,692,164,528,"weekday","beforelunch","travelling","cold","grocery",0,1,1,"midday"
76,693,165,528,"weekday","beforelunch","travelling","cold","restaurant",0,1,1,"midday"
76,694,166,528,"weekday","afternoon","travelling","cold","grocery",0,1,1,"midday"
76,695,167,528,"weekday","afternoon","travelling","freezing","restaurant",1,1,1,"midday"
76,696,168,528,"weekday","lunch","travelling","cold","restaurant",0,1,1,"midday"
76,697,169,528,"weekday","dinner","travelling","warm","grocery",0,1,1,"night"
76,699,171,528,"weekday","afternoon","travelling","unknown","grocery",0,1,1,"midday"
76,701,173,528,"weekday","afternoon","travelling","unknown","restaurant",0,1,1,"midday"
76,702,174,528,"weekday","afternoon","working","freezing","grocery",0,1,1,"midday"
76,703,175,528,"weekday","afternoon","travelling","freezing","grocery",0,1,1,"midday"
76,704,176,528,"weekday","afternoon","shopping","unknown","grocery",0,1,1,"midday"
76,705,177,528,"weekday","afternoon","travelling","warm","restaurant",0,1,1,"midday"
76,706,178,528,"weekend","afternoon","travelling","unknown","restaurant",0,1,1,"midday"
76,707,179,528,"weekday","afternoon","leisure","cold","grocery",0,1,1,"midday"
76,708,180,528,"weekday","afternoon","travelling","cold","grocery",0,1,1,"midday"
76,709,181,528,"weekday","breakfast","unknown","cold","restaurant",0,1,1,"morning"
76,710,182,528,"weekday","beforelunch","travelling","freezing","restaurant",0,1,1,"midday"
76,711,183,528,"weekday","beforelunch","travelling","unknown","grocery",0,1,1,"midday"
77,545,10,535,"weekend","beforelunch","travelling","freezing","grocery",1,0,0,"midday"
77,561,26,535,"weekday","unknown","travelling","freezing","restaurant",0,0,0,"unknown"
77,566,31,535,"weekday","afternoon","unknown","freezing","grocery",1,0,0,"midday"
77,577,42,535,"weekday","afternoon","unknown","unknown","restaurant",0,0,0,"midday"
77,593,58,535,"weekday","dinner","travelling","unknown","grocery",0,1,0,"night"
77,620,85,535,"weekday","afternoon","unknown","freezing","grocery",0,1,0,"midday"
77,653,118,535,"weekday","lunch","travelling","hot","grocery",0,1,1,"midday"
77,667,132,535,"weekday","lunch","travelling","cold","grocery",0,1,1,"midday"
77,701,166,535,"weekend","afternoon","travelling","warm","grocery",1,1,1,"midday"
77,706,171,535,"weekday","unknown","leisure","warm","grocery",0,1,1,"unknown"
77,716,181,535,"weekday","afternoon","travelling","unknown","restaurant",1,1,1,"midday"
78,546,0,546,"weekday","lunch","working","cold","grocery",0,0,0,"midday"
78,547,1,546,"weekday","night","working","cold","grocery",1,0,0,"night"
78,548,2,546,"weekday","morning","shopping","freezing","restaurant",0,0,0,"morning"
78,549,3,546,"weekday","lunch","shopping","unknown","restaurant",0,0,0,"midday"
78,551,5,546,"weekday","lunch","working","cold","restaurant",0,0,0,"midday"
78,553,7,546,"weekday","unknown","travelling","cold","restaurant",0,0,0,"unknown"
78,555,9,546,"weekday","afternoon","travelling","warm","restaurant",0,0,0,"midday"
78,556,10,546,"weekday","lunch","travelling","hot","restaurant",0,0,0,"midday"
78,557,11,546,"weekday","afternoon","morningrituals","unknown","grocery",0,0,0,"midday"
78,562,16,546,"weekday","unknown","travelling","freezing","restaurant",0,0,0,"unknown"
78,564,18,546,"weekday","afternoon","travelling","cold","restaurant",0,0,0,"midday"
78,566,20,546,"weekday","beforelunch","unknown","unknown","grocery",1,0,0,"midday"
78,567,21,546,"weekend","afternoon","travelling","unknown","grocery",1,0,0,"midday"
78,568,22,546,"weekday","dinner","shopping","hot","restaurant",0,0,0,"night"
78,570,24,546,"weekday","breakfast","working","cold","grocery",0,0,0,"morning"
78,573,27,546,"weekend","night","leisure","cold","restaurant",0,0,0,"night"
78,575,29,546,"weekday","breakfast","leisure","cold","restaurant",0,0,0,"morning"
78,576,30,546,"weekday","lunch","working","unknown","grocery",0,0,0,"midday"
78,578,32,546,"weekday","night","unknown","freezing","grocery",0,0,0,"night"
78,580,34,546,"weekday","lunch","working","unknown","restaurant",0,0,0,"midday"
78,581,35,546,"weekend","afternoon","travelling","cold","restaurant",0,0,0,"midday"
78,582,36,546,"weekend","lunch","travelling","freezing","restaurant",0,0,0,"midday"
78,583,37,546,"weekday","afternoon","morningrituals","unknown","grocery",0,0,0,"midday"
78,585,39,546,"weekday","lunch","shopping","cold","grocery",0,0,0,"midday"
78,586,40,546,"weekend","afternoon","working","unknown","restaurant",0,0,0,"midday"
78,589,43,546,"weekend","lunch","travelling","freezing","grocery",1,0,0,"midday"
78,590,44,546,"weekday","afternoon","working","unknown","restaurant",1,0,0,"midday"
78,592,46,546,"weekday","breakfast","travelling","freezing","restaurant",1,0,0,"morning"
78,593,47,546,"weekend","beforelunch","shopping","unknown","grocery",0,0,0,"midday"
78,594,48,546,"weekday","beforelunch","travelling","freezing","grocery",1,0,0,"midday"
78,597,51,546,"weekday","morning","travelling","freezing","grocery",0,0,0,"morning"
78,598,52,546,"weekday","beforelunch","travelling","warm","restaurant",0,0,0,"midday"
78,599,53,546,"weekend","afternoon","unknown","freezing","restaurant",1,0,0,"midday"
78,601,55,546,"weekday","lunch","travelling","warm","grocery",0,0,0,"midday"
78,602,56,546,"weekday","earlymorning","travelling","freezing","grocery",0,0,0,"morning"
78,605,59,546,"weekday","beforelunch","travelling","unknown","restaurant",1,1,0,"midday"
78,608,62,546,"weekday","afternoon","unknown","cold","grocery",0,1,0,"midday"
78,610,64,546,"weekend","beforelunch","unknown","unknown","grocery",1,1,0,"midday"
78,611,65,546,"weekday","breakfast","morningrituals","warm","restaurant",0,1,0,"morning"
78,613,67,546,"weekend","beforelunch","travelling","freezing","grocery",1,1,0,"midday"
78,615,69,546,"weekday","lunch","travelling","hot","restaurant",1,1,0,"midday"
78,617,71,546,"weekday","beforelunch","travelling","warm","restaurant",1,1,0,"midday"
78,620,74,546,"weekend","morning","travelling","freezing","grocery",1,1,0,"morning"
78,621,75,546,"weekday","morning","travelling","hot","restaurant",0,1,0,"morning"
78,623,77,546,"weekend","morning","travelling","unknown","restaurant",1,1,0,"morning"
78,624,78,546,"weekday","lunch","travelling","cold","grocery",0,1,0,"midday"
78,626,80,546,"weekday","afternoon","travelling","warm","grocery",0,1,0,"midday"
78,628,82,546,"weekday","beforelunch","leisure","cold","restaurant",0,1,0,"midday"
78,630,84,546,"weekend","afternoon","working","cold","restaurant",0,1,0,"midday"
78,632,86,546,"weekend","afternoon","morningrituals","cold","restaurant",0,1,0,"midday"
78,634,88,546,"weekday","lunch","travelling","freezing","restaurant",1,1,0,"midday"
78,635,89,546,"weekend","beforelunch","travelling","warm","restaurant",0,1,0,"midday"
78,636,90,546,"weekday","beforelunch","shopping","freezing","grocery",1,1,0,"midday"
78,637,91,546,"weekday","lunch","working","unknown","restaurant",0,1,0,"midday"
78,638,92,546,"weekday","night","travelling","unknown","restaurant",0,1,0,"night"
78,640,94,546,"weekday","lunch","shopping","warm","restaurant",0,1,0,"midday"
78,642,96,546,"weekday","morning","travelling","hot","grocery",0,1,0,"morning"
78,643,97,546,"weekday","beforelunch","travelling","cold","grocery",0,1,0,"midday"
78,645,99,546,"weekday","morning","travelling","cold","restaurant",0,1,0,"morning"
78,647,101,546,"weekday","lunch","travelling","warm","restaurant",0,1,0,"midday"
78,649,103,546,"weekday","lunch","leisure","cold","restaurant",1,1,0,"midday"
78,651,105,546,"weekday","beforelunch","travelling","freezing","grocery",0,1,0,"midday"
78,653,107,546,"weekday","afternoon","travelling","freezing","grocery",0,1,0,"midday"
78,655,109,546,"weekday","lunch","travelling","warm","grocery",0,1,0,"midday"
78,656,110,546,"weekday","afternoon","leisure","cold","grocery",0,1,0,"midday"
78,657,111,546,"weekend","unknown","travelling","unknown","grocery",0,1,0,"unknown"
78,659,113,546,"weekend","lunch","working","unknown","restaurant",0,1,1,"midday"
78,661,115,546,"weekday","beforelunch","travelling","hot","grocery",0,1,1,"midday"
78,662,116,546,"weekday","afternoon","travelling","cold","restaurant",0,1,1,"midday"
78,664,118,546,"weekend","lunch","working","cold","grocery",0,1,1,"midday"
78,667,121,546,"weekday","afternoon","travelling","cold","grocery",0,1,1,"midday"
78,672,126,546,"weekend","lunch","travelling","warm","grocery",0,1,1,"midday"
78,673,127,546,"weekday","breakfast","leisure","hot","grocery",0,1,1,"morning"
78,674,128,546,"weekday","beforelunch","travelling","freezing","restaurant",0,1,1,"midday"
78,677,131,546,"weekend","lunch","leisure","freezing","restaurant",0,1,1,"midday"
78,678,132,546,"unknown","afternoon","travelling","unknown","restaurant",0,1,1,"midday"
78,679,133,546,"weekday","beforelunch","working","hot","restaurant",0,1,1,"midday"
78,680,134,546,"weekday","dinner","travelling","warm","grocery",0,1,1,"night"
78,683,137,546,"weekday","beforelunch","shopping","cold","restaurant",0,1,1,"midday"
78,685,139,546,"weekday","lunch","travelling","warm","restaurant",1,1,1,"midday"
78,686,140,546,"weekday","afternoon","travelling","freezing","restaurant",0,1,1,"midday"
78,687,141,546,"weekday","lunch","social","warm","grocery",0,1,1,"midday"
78,688,142,546,"weekday","breakfast","travelling","cold","restaurant",0,1,1,"morning"
78,689,143,546,"weekday","breakfast","unknown","cold","grocery",0,1,1,"morning"
78,692,146,546,"weekend","dinner","travelling","cold","restaurant",0,1,1,"night"
78,693,147,546,"weekday","evening","travelling","warm","restaurant",0,1,1,"night"
78,694,148,546,"weekday","breakfast","shopping","cold","grocery",1,1,1,"morning"
78,695,149,546,"weekday","beforelunch","working","hot","grocery",1,1,1,"midday"
78,696,150,546,"weekday","unknown","travelling","cold","grocery",1,1,1,"unknown"
78,698,152,546,"weekday","beforelunch","travelling","cold","restaurant",1,1,1,"midday"
78,701,155,546,"weekday","lunch","shopping","hot","grocery",1,1,1,"midday"
78,705,159,546,"weekend","afternoon","travelling","cold","grocery",1,1,1,"midday"
78,708,162,546,"weekend","lunch","travelling","unknown","grocery",0,1,1,"midday"
78,709,163,546,"weekday","lunch","unknown","unknown","restaurant",0,1,1,"midday"
78,711,165,546,"weekday","beforelunch","unknown","hot","restaurant",0,1,1,"midday"
78,712,166,546,"weekday","lunch","shopping","unknown","restaurant",0,1,1,"midday"
78,713,167,546,"weekend","beforelunch","travelling","cold","restaurant",0,1,1,"midday"
78,714,168,546,"weekday","lunch","travelling","unknown","grocery",0,1,1,"midday"
78,716,170,546,"weekday","lunch","travelling","warm","restaurant",0,1,1,"midday"
78,717,171,546,"weekday","afternoon","working","hot","grocery",0,1,1,"midday"
78,718,172,546,"weekday","breakfast","travelling","cold","grocery",0,1,1,"morning"
78,722,176,546,"weekday","lunch","travelling","hot","grocery",0,1,1,"midday"
78,723,177,546,"weekday","afternoon","shopping","freezing","grocery",1,1,1,"midday"
78,725,179,546,"weekday","beforelunch","travelling","cold","grocery",0,1,1,"midday"
78,727,181,546,"weekday","lunch","travelling","cold","grocery",0,1,1,"midday"
78,728,182,546,"weekday","afternoon","unknown","warm","restaurant",0,1,1,"midday"
78,729,183,546,"weekend","beforelunch","shopping","freezing","restaurant",0,1,1,"midday"
79,554,1,553,"weekend","morning","leisure","freezing","restaurant",1,0,0,"morning"
79,555,2,553,"weekday","lunch","travelling","freezing","restaurant",0,0,0,"midday"
79,556,3,553,"weekday","morning","morningrituals","freezing","restaurant",0,0,0,"morning"
79,558,5,553,"weekday","night","working","freezing","grocery",0,0,0,"night"
79,559,6,553,"weekday","afternoon","unknown","cold","restaurant",0,0,0,"midday"
79,561,8,553,"weekday","afternoon","travelling","warm","grocery",1,0,0,"midday"
79,563,10,553,"weekday","afternoon","unknown","cold","grocery",0,0,0,"midday"
79,564,11,553,"weekend","beforelunch","unknown","cold","grocery",0,0,0,"midday"
79,566,13,553,"weekday","breakfast","travelling","cold","restaurant",0,0,0,"morning"
79,567,14,553,"weekend","lunch","travelling","cold","grocery",0,0,0,"midday"
79,569,16,553,"weekday","latenight","travelling","freezing","restaurant",1,0,0,"night"
79,570,17,553,"weekday","beforelunch","travelling","cold","grocery",0,0,0,"midday"
79,571,18,553,"weekend","afternoon","working","warm","grocery",1,0,0,"midday"
79,572,19,553,"unknown","afternoon","travelling","warm","grocery",0,0,0,"midday"
79,574,21,553,"weekday","beforelunch","travelling","unknown","restaurant",0,0,0,"midday"
79,576,23,553,"weekday","lunch","leisure","unknown","grocery",1,0,0,"midday"
79,577,24,553,"weekday","morning","travelling","unknown","grocery",0,0,0,"morning"
79,578,25,553,"weekend","breakfast","travelling","freezing","restaurant",0,0,0,"morning"
79,579,26,553,"weekday","breakfast","unknown","cold","restaurant",1,0,0,"morning"
79,580,27,553,"weekday","lunch","travelling","unknown","grocery",0,0,0,"midday"
79,581,28,553,"weekday","afternoon","travelling","hot","grocery",1,0,0,"midday"
79,584,31,553,"weekday","afternoon","travelling","warm","grocery",0,0,0,"midday"
79,585,32,553,"weekday","beforelunch","unknown","cold","grocery",0,0,0,"midday"
79,586,33,553,"weekend","beforelunch","travelling","cold","restaurant",0,0,0,"midday"
79,587,34,553,"weekday","lunch","unknown","freezing","restaurant",0,0,0,"midday"
79,588,35,553,"weekend","afternoon","travelling","hot","restaurant",0,0,0,"midday"
79,589,36,553,"weekday","morning","travelling","cold","grocery",0,0,0,"morning"
79,591,38,553,"weekday","afternoon","travelling","unknown","restaurant",1,0,0,"midday"
79,592,39,553,"weekend","beforelunch","travelling","unknown","restaurant",0,0,0,"midday"
79,595,42,553,"weekday","afternoon","travelling","unknown","grocery",1,0,0,"midday"
79,596,43,553,"weekday","lunch","travelling","unknown","restaurant",0,0,0,"midday"
79,598,45,553,"weekday","afternoon","unknown","warm","restaurant",1,0,0,"midday"
79,599,46,553,"weekend","afternoon","unknown","unknown","restaurant",0,0,0,"midday"
79,601,48,553,"weekend","morning","unknown","cold","restaurant",0,0,0,"morning"
79,602,49,553,"weekday","lunch","unknown","freezing","grocery",0,0,0,"midday"
79,605,52,553,"weekend","afternoon","travelling","unknown","grocery",0,0,0,"midday"
79,606,53,553,"unknown","afternoon","travelling","freezing","restaurant",1,0,0,"midday"
79,607,54,553,"weekday","beforelunch","travelling","warm","restaurant",0,0,0,"midday"
79,608,55,553,"weekend","afternoon","travelling","freezing","grocery",0,0,0,"midday"
79,612,59,553,"weekend","lunch","travelling","unknown","grocery",0,1,0,"midday"
79,613,60,553,"weekday","afternoon","travelling","warm","grocery",0,1,0,"midday"
79,616,63,553,"weekday","night","travelling","unknown","grocery",0,1,0,"night"
79,618,65,553,"weekend","lunch","shopping","freezing","restaurant",1,1,0,"midday"
79,619,66,553,"weekday","lunch","travelling","cold","grocery",0,1,0,"midday"
79,620,67,553,"weekend","breakfast","leisure","unknown","grocery",0,1,0,"morning"
79,622,69,553,"unknown","evening","leisure","freezing","restaurant",0,1,0,"night"
79,623,70,553,"weekday","evening","travelling","cold","grocery",0,1,0,"night"
79,625,72,553,"weekend","lunch","leisure","cold","restaurant",0,1,0,"midday"
79,628,75,553,"weekday","afternoon","working","cold","grocery",0,1,0,"midday"
79,629,76,553,"weekday","afternoon","unknown","unknown","grocery",0,1,0,"midday"
79,630,77,553,"weekday","lunch","travelling","cold","restaurant",1,1,0,"midday"
79,632,79,553,"weekend","dinner","travelling","cold","restaurant",0,1,0,"night"
79,634,81,553,"weekend","evening","travelling","freezing","restaurant",0,1,0,"night"
79,635,82,553,"weekend","beforelunch","working","freezing","restaurant",1,1,0,"midday"
79,636,83,553,"weekday","beforelunch","travelling","unknown","restaurant",1,1,0,"midday"
79,638,85,553,"unknown","beforelunch","travelling","freezing","restaurant",0,1,0,"midday"
79,640,87,553,"weekday","afternoon","travelling","freezing","restaurant",0,1,0,"midday"
79,642,89,553,"weekday","beforelunch","travelling","unknown","grocery",1,1,0,"midday"
79,644,91,553,"weekday","lunch","travelling","freezing","restaurant",1,1,0,"midday"
79,646,93,553,"weekday","lunch","leisure","unknown","grocery",0,1,0,"midday"
79,649,96,553,"weekday","afternoon","morningrituals","freezing","restaurant",0,1,0,"midday"
79,650,97,553,"weekday","beforelunch","unknown","freezing","restaurant",0,1,0,"midday"
79,652,99,553,"weekday","dinner","unknown","unknown","grocery",1,1,0,"night"
79,653,100,553,"weekend","afternoon","travelling","cold","grocery",0,1,0,"midday"
79,654,101,553,"weekday","afternoon","travelling","hot","restaurant",0,1,0,"midday"
79,655,102,553,"weekend","evening","travelling","freezing","restaurant",1,1,0,"night"
79,656,103,553,"weekend","morning","unknown","cold","restaurant",0,1,0,"morning"
79,657,104,553,"weekday","breakfast","unknown","warm","restaurant",1,1,0,"morning"
79,658,105,553,"weekday","afternoon","travelling","hot","restaurant",0,1,0,"midday"
79,659,106,553,"weekday","afternoon","travelling","unknown","restaurant",0,1,0,"midday"
79,661,108,553,"weekday","earlymorning","working","unknown","restaurant",0,1,0,"morning"
79,663,110,553,"weekend","lunch","shopping","freezing","grocery",1,1,0,"midday"
79,666,113,553,"weekday","afternoon","travelling","freezing","restaurant",1,1,1,"midday"
79,669,116,553,"weekend","beforelunch","working","cold","restaurant",0,1,1,"midday"
79,670,117,553,"weekday","breakfast","unknown","cold","restaurant",0,1,1,"morning"
79,673,120,553,"weekday","afternoon","travelling","warm","restaurant",0,1,1,"midday"
79,674,121,553,"weekday","afternoon","travelling","unknown","restaurant",0,1,1,"midday"
79,675,122,553,"unknown","afternoon","travelling","unknown","restaurant",0,1,1,"midday"
79,676,123,553,"weekday","morning","working","freezing","grocery",0,1,1,"morning"
79,679,126,553,"weekday","lunch","travelling","freezing","grocery",0,1,1,"midday"
79,680,127,553,"weekday","lunch","unknown","freezing","grocery",1,1,1,"midday"
79,681,128,553,"weekend","lunch","travelling","unknown","restaurant",1,1,1,"midday"
79,686,133,553,"weekend","lunch","travelling","cold","restaurant",0,1,1,"midday"
79,687,134,553,"weekend","beforelunch","leisure","unknown","restaurant",0,1,1,"midday"
79,689,136,553,"weekday","lunch","unknown","freezing","grocery",0,1,1,"midday"
79,692,139,553,"weekday","lunch","travelling","warm","restaurant",0,1,1,"midday"
79,694,141,553,"weekday","lunch","travelling","warm","restaurant",0,1,1,"midday"
79,697,144,553,"weekday","afternoon","working","unknown","restaurant",1,1,1,"midday"
79,699,146,553,"weekday","beforelunch","travelling","unknown","grocery",0,1,1,"midday"
79,701,148,553,"weekday","earlymorning","travelling","cold","grocery",0,1,1,"morning"
79,702,149,553,"weekday","morning","unknown","unknown","restaurant",1,1,1,"morning"
79,703,150,553,"weekday","afternoon","travelling","freezing","restaurant",0,1,1,"midday"
79,705,152,553,"weekday","afternoon","travelling","freezing","restaurant",1,1,1,"midday"
79,708,155,553,"weekday","lunch","unknown","hot","restaurant",0,1,1,"midday"
79,709,156,553,"weekend","morning","travelling","unknown","restaurant",0,1,1,"morning"
79,711,158,553,"weekend","beforelunch","unknown","hot","grocery",0,1,1,"midday"
79,712,159,553,"weekday","lunch","travelling","freezing","grocery",0,1,1,"midday"
79,713,160,553,"weekday","afternoon","travelling","unknown","restaurant",0,1,1,"midday"
79,715,162,553,"weekday","afternoon","travelling","hot","grocery",1,1,1,"midday"
79,716,163,553,"weekend","beforelunch","unknown","freezing","grocery",0,1,1,"midday"
79,719,166,553,"weekday","afternoon","shopping","freezing","grocery",0,1,1,"midday"
79,721,168,553,"weekday","beforelunch","working","cold","grocery",1,1,1,"midday"
79,722,169,553,"weekday","beforelunch","travelling","cold","restaurant",0,1,1,"midday"
79,723,170,553,"weekend","lunch","travelling","unknown","restaurant",0,1,1,"midday"
79,726,173,553,"weekend","lunch","travelling","unknown","grocery",0,1,1,"midday"
79,727,174,553,"weekday","afternoon","travelling","unknown","grocery",1,1,1,"midday"
79,731,178,553,"weekday","beforelunch","travelling","warm","grocery",1,1,1,"midday"
79,734,181,553,"weekday","lunch","leisure","cold","grocery",0,1,1,"midday"
79,736,183,553,"weekday","beforelunch","travelling","hot","grocery",0,1,1,"midday"
80,554,0,554,"weekend","beforelunch","travelling","freezing","restaurant",0,0,0,"midday"
80,556,2,554,"weekday","unknown","unknown","hot","grocery",1,0,0,"unknown"
80,557,3,554,"weekend","afternoon","leisure","warm","restaurant",1,0,0,"midday"
80,558,4,554,"weekday","lunch","travelling","cold","restaurant",0,0,0,"midday"
80,559,5,554,"weekday","lunch","travelling","warm","restaurant",1,0,0,"midday"
80,560,6,554,"weekday","afternoon","working","warm","restaurant",0,0,0,"midday"
80,561,7,554,"weekday","beforelunch","working","unknown","grocery",0,0,0,"midday"
80,563,9,554,"weekend","lunch","travelling","freezing","restaurant",0,0,0,"midday"
80,567,13,554,"weekday","earlymorning","travelling","cold","grocery",1,0,0,"morning"
80,568,14,554,"weekday","lunch","travelling","unknown","grocery",0,0,0,"midday"
80,569,15,554,"weekday","afternoon","travelling","cold","grocery",0,0,0,"midday"
80,570,16,554,"weekday","lunch","travelling","freezing","restaurant",0,0,0,"midday"
80,572,18,554,"weekday","evening","travelling","warm","restaurant",1,0,0,"night"
80,573,19,554,"weekday","beforelunch","working","unknown","grocery",0,0,0,"midday"
80,574,20,554,"weekday","breakfast","travelling","unknown","restaurant",0,0,0,"morning"
80,575,21,554,"weekend","breakfast","travelling","unknown","restaurant",0,0,0,"morning"
80,576,22,554,"weekday","beforelunch","travelling","freezing","grocery",0,0,0,"midday"
80,577,23,554,"weekday","beforelunch","travelling","cold","grocery",0,0,0,"midday"
80,579,25,554,"weekday","earlymorning","travelling","unknown","grocery",1,0,0,"morning"
80,580,26,554,"weekday","unknown","travelling","warm","grocery",0,0,0,"unknown"
80,581,27,554,"weekday","afternoon","unknown","cold","restaurant",0,0,0,"midday"
80,582,28,554,"weekday","lunch","travelling","cold","grocery",0,0,0,"midday"
80,585,31,554,"weekday","morning","travelling","warm","restaurant",0,0,0,"morning"
80,587,33,554,"weekday","morning","travelling","cold","restaurant",0,0,0,"morning"
80,588,34,554,"weekend","afternoon","travelling","hot","grocery",0,0,0,"midday"
80,589,35,554,"weekday","lunch","leisure","cold","restaurant",0,0,0,"midday"
80,591,37,554,"weekday","afternoon","travelling","unknown","grocery",0,0,0,"midday"
80,592,38,554,"unknown","breakfast","travelling","warm","grocery",1,0,0,"morning"
80,593,39,554,"weekday","latenight","travelling","warm","restaurant",0,0,0,"night"
80,595,41,554,"weekday","evening","travelling","freezing","grocery",0,0,0,"night"
80,597,43,554,"weekday","afternoon","travelling","freezing","restaurant",0,0,0,"midday"
80,599,45,554,"weekday","beforelunch","unknown","cold","restaurant",0,0,0,"midday"
80,600,46,554,"weekday","lunch","travelling","freezing","grocery",1,0,0,"midday"
80,601,47,554,"weekday","breakfast","unknown","cold","restaurant",0,0,0,"morning"
80,602,48,554,"weekend","beforelunch","working","cold","restaurant",1,0,0,"midday"
80,603,49,554,"weekday","earlymorning","working","hot","restaurant",0,0,0,"morning"
80,604,50,554,"weekday","afternoon","travelling","freezing","grocery",0,0,0,"midday"
80,606,52,554,"weekday","breakfast","working","unknown","grocery",0,0,0,"morning"
80,608,54,554,"weekday","beforelunch","travelling","warm","restaurant",0,0,0,"midday"
80,609,55,554,"weekend","afternoon","travelling","freezing","grocery",0,0,0,"midday"
80,610,56,554,"weekday","beforelunch","travelling","cold","grocery",0,0,0,"midday"
80,613,59,554,"weekday","lunch","travelling","cold","grocery",0,1,0,"midday"
80,614,60,554,"weekday","dinner","working","freezing","grocery",0,1,0,"night"
80,615,61,554,"weekend","beforelunch","unknown","freezing","restaurant",0,1,0,"midday"
80,616,62,554,"weekday","latenight","morningrituals","cold","grocery",1,1,0,"night"
80,617,63,554,"weekday","beforelunch","travelling","hot","restaurant",1,1,0,"midday"
80,618,64,554,"weekday","afternoon","unknown","cold","grocery",1,1,0,"midday"
80,620,66,554,"weekday","breakfast","travelling","freezing","restaurant",0,1,0,"morning"
80,621,67,554,"weekday","lunch","travelling","cold","grocery",0,1,0,"midday"
80,622,68,554,"weekday","morning","leisure","warm","grocery",0,1,0,"morning"
80,623,69,554,"weekend","morning","shopping","warm","grocery",0,1,0,"morning"
80,624,70,554,"weekend","afternoon","unknown","warm","restaurant",0,1,0,"midday"
80,625,71,554,"weekend","afternoon","travelling","cold","restaurant",0,1,0,"midday"
80,627,73,554,"weekday","breakfast","unknown","warm","restaurant",0,1,0,"morning"
80,628,74,554,"weekday","afternoon","travelling","unknown","grocery",0,1,0,"midday"
80,630,76,554,"weekend","morning","unknown","freezing","restaurant",0,1,0,"morning"
80,631,77,554,"weekday","afternoon","unknown","cold","restaurant",1,1,0,"midday"
80,632,78,554,"weekday","beforelunch","shopping","cold","restaurant",0,1,0,"midday"
80,633,79,554,"weekday","afternoon","working","cold","grocery",0,1,0,"midday"
80,634,80,554,"weekday","latenight","travelling","cold","grocery",0,1,0,"night"
80,635,81,554,"weekday","dinner","travelling","freezing","restaurant",0,1,0,"night"
80,641,87,554,"weekday","breakfast","working","cold","grocery",0,1,0,"morning"
80,642,88,554,"weekday","beforelunch","unknown","freezing","grocery",0,1,0,"midday"
80,644,90,554,"weekday","unknown","working","cold","restaurant",0,1,0,"unknown"
80,645,91,554,"weekday","earlymorning","shopping","unknown","grocery",0,1,0,"morning"
80,646,92,554,"weekday","afternoon","travelling","cold","restaurant",1,1,0,"midday"
80,647,93,554,"weekend","beforelunch","travelling","unknown","grocery",1,1,0,"midday"
80,648,94,554,"weekday","lunch","travelling","unknown","restaurant",0,1,0,"midday"
80,650,96,554,"weekday","lunch","travelling","warm","restaurant",1,1,0,"midday"
80,652,98,554,"weekday","lunch","travelling","warm","grocery",0,1,0,"midday"
80,653,99,554,"weekday","afternoon","travelling","unknown","grocery",1,1,0,"midday"
80,655,101,554,"weekday","afternoon","travelling","warm","grocery",0,1,0,"midday"
80,656,102,554,"weekday","breakfast","travelling","unknown","grocery",1,1,0,"morning"
80,657,103,554,"weekday","lunch","unknown","unknown","grocery",1,1,0,"midday"
80,658,104,554,"weekday","beforelunch","travelling","freezing","grocery",0,1,0,"midday"
80,659,105,554,"weekend","beforelunch","leisure","freezing","restaurant",1,1,0,"midday"
80,661,107,554,"weekend","lunch","shopping","freezing","grocery",0,1,0,"midday"
80,662,108,554,"weekend","afternoon","unknown","warm","grocery",0,1,0,"midday"
80,663,109,554,"weekend","dinner","unknown","cold","grocery",0,1,0,"night"
80,664,110,554,"weekend","lunch","unknown","cold","restaurant",1,1,0,"midday"
80,665,111,554,"weekday","lunch","travelling","freezing","grocery",0,1,0,"midday"
80,666,112,554,"weekend","afternoon","travelling","warm","grocery",0,1,0,"midday"
80,667,113,554,"weekday","afternoon","travelling","warm","restaurant",0,1,1,"midday"
80,668,114,554,"weekday","lunch","travelling","freezing","grocery",0,1,1,"midday"
80,669,115,554,"weekday","morning","shopping","unknown","grocery",0,1,1,"morning"
80,670,116,554,"weekend","breakfast","travelling","freezing","restaurant",0,1,1,"morning"
80,672,118,554,"weekday","morning","unknown","unknown","restaurant",0,1,1,"morning"
80,673,119,554,"weekday","breakfast","travelling","unknown","grocery",1,1,1,"morning"
80,674,120,554,"weekday","lunch","unknown","freezing","grocery",1,1,1,"midday"
80,675,121,554,"weekend","afternoon","unknown","cold","restaurant",0,1,1,"midday"
80,676,122,554,"weekday","beforelunch","unknown","cold","grocery",0,1,1,"midday"
80,677,123,554,"weekday","lunch","unknown","cold","grocery",1,1,1,"midday"
80,678,124,554,"weekday","afternoon","shopping","hot","grocery",0,1,1,"midday"
80,679,125,554,"weekend","breakfast","travelling","freezing","grocery",1,1,1,"morning"
80,680,126,554,"weekday","lunch","travelling","warm","restaurant",1,1,1,"midday"
80,681,127,554,"weekday","lunch","travelling","warm","grocery",0,1,1,"midday"
80,682,128,554,"weekday","lunch","travelling","freezing","restaurant",0,1,1,"midday"
80,683,129,554,"weekday","beforelunch","travelling","freezing","grocery",1,1,1,"midday"
80,684,130,554,"weekend","breakfast","leisure","cold","restaurant",0,1,1,"morning"
80,685,131,554,"weekday","afternoon","travelling","freezing","grocery",0,1,1,"midday"
80,686,132,554,"weekend","dinner","leisure","freezing","grocery",0,1,1,"night"
80,689,135,554,"weekend","afternoon","leisure","unknown","restaurant",0,1,1,"midday"
80,692,138,554,"weekday","afternoon","travelling","cold","grocery",1,1,1,"midday"
80,693,139,554,"weekday","lunch","travelling","freezing","restaurant",0,1,1,"midday"
80,694,140,554,"weekday","beforelunch","travelling","hot","restaurant",0,1,1,"midday"
80,697,143,554,"weekday","lunch","unknown","warm","grocery",0,1,1,"midday"
80,698,144,554,"weekday","lunch","shopping","cold","restaurant",1,1,1,"midday"
80,699,145,554,"weekday","afternoon","unknown","freezing","grocery",1,1,1,"midday"
80,703,149,554,"weekend","night","morningrituals","cold","grocery",0,1,1,"night"
80,705,151,554,"weekday","afternoon","unknown","unknown","restaurant",0,1,1,"midday"
80,706,152,554,"weekday","lunch","travelling","freezing","grocery",0,1,1,"midday"
80,707,153,554,"weekday","afternoon","shopping","freezing","grocery",1,1,1,"midday"
80,708,154,554,"weekday","dinner","leisure","cold","restaurant",1,1,1,"night"
80,709,155,554,"weekday","afternoon","travelling","hot","restaurant",0,1,1,"midday"
80,710,156,554,"weekend","dinner","leisure","unknown","grocery",1,1,1,"night"
80,711,157,554,"weekday","beforelunch","travelling","freezing","restaurant",1,1,1,"midday"
80,712,158,554,"weekday","earlymorning","leisure","unknown","restaurant",0,1,1,"morning"
80,713,159,554,"weekday","evening","travelling","cold","restaurant",0,1,1,"night"
80,716,162,554,"weekday","lunch","unknown","cold","restaurant",0,1,1,"midday"
80,717,163,554,"weekday","lunch","unknown","freezing","grocery",0,1,1,"midday"
80,718,164,554,"weekend","evening","travelling","cold","grocery",1,1,1,"night"
80,719,165,554,"weekday","morning","unknown","hot","grocery",0,1,1,"morning"
80,720,166,554,"weekend","beforelunch","travelling","cold","grocery",0,1,1,"midday"
80,721,167,554,"weekday","morning","travelling","hot","restaurant",0,1,1,"morning"
80,722,168,554,"weekday","afternoon","travelling","cold","restaurant",1,1,1,"midday"
80,723,169,554,"weekday","breakfast","travelling","unknown","restaurant",1,1,1,"morning"
80,724,170,554,"weekday","afternoon","unknown","cold","grocery",0,1,1,"midday"
80,725,171,554,"weekday","breakfast","leisure","hot","restaurant",0,1,1,"morning"
80,726,172,554,"weekday","lunch","travelling","unknown","restaurant",1,1,1,"midday"
80,727,173,554,"weekday","lunch","travelling","cold","grocery",0,1,1,"midday"
80,728,174,554,"weekday","beforelunch","working","unknown","grocery",1,1,1,"midday"
80,729,175,554,"weekday","beforelunch","travelling","warm","grocery",0,1,1,"midday"
80,731,177,554,"weekday","night","unknown","unknown","restaurant",1,1,1,"night"
80,732,178,554,"weekday","afternoon","travelling","cold","restaurant",0,1,1,"midday"
80,733,179,554,"weekday","breakfast","travelling","cold","restaurant",1,1,1,"morning"
80,734,180,554,"weekday","afternoon","unknown","cold","restaurant",0,1,1,"midday"
80,736,182,554,"weekday","beforelunch","travelling","warm","grocery",0,1,1,"midday"
80,737,183,554,"weekday","beforelunch","travelling","unknown","grocery",0,1,1,"midday"
81,565,4,561,"weekday","breakfast","working","cold","grocery",0,0,0,"morning"
81,568,7,561,"unknown","lunch","travelling","unknown","grocery",0,0,0,"midday"
81,589,28,561,"weekend","lunch","travelling","warm","restaurant",0,0,0,"midday"
81,593,32,561,"weekday","breakfast","travelling","unknown","restaurant",0,0,0,"morning"
81,602,41,561,"weekend","morning","travelling","freezing","grocery",0,0,0,"morning"
81,608,47,561,"weekday","lunch","leisure","unknown","grocery",1,0,0,"midday"
81,609,48,561,"weekday","morning","travelling","freezing","restaurant",1,0,0,"morning"
81,629,68,561,"unknown","lunch","travelling","unknown","restaurant",0,1,0,"midday"
81,637,76,561,"weekday","lunch","travelling","cold","grocery",0,1,0,"midday"
81,638,77,561,"weekday","beforelunch","morningrituals","cold","grocery",0,1,0,"midday"
81,642,81,561,"weekday","afternoon","travelling","warm","grocery",0,1,0,"midday"
81,644,83,561,"weekday","lunch","travelling","freezing","restaurant",0,1,0,"midday"
81,649,88,561,"weekend","lunch","travelling","freezing","grocery",0,1,0,"midday"
81,651,90,561,"weekday","beforelunch","leisure","cold","restaurant",0,1,0,"midday"
81,654,93,561,"weekday","afternoon","travelling","freezing","grocery",0,1,0,"midday"
81,669,108,561,"weekday","afternoon","travelling","unknown","restaurant",0,1,0,"midday"
81,678,117,561,"weekday","lunch","travelling","unknown","grocery",0,1,1,"midday"
81,688,127,561,"weekend","breakfast","travelling","warm","restaurant",0,1,1,"morning"
81,691,130,561,"weekday","breakfast","working","warm","restaurant",1,1,1,"morning"
81,695,134,561,"weekday","afternoon","working","freezing","grocery",0,1,1,"midday"
81,698,137,561,"weekend","lunch","travelling","freezing","grocery",1,1,1,"midday"
81,700,139,561,"weekend","dinner","working","warm","restaurant",0,1,1,"night"
81,702,141,561,"weekday","lunch","travelling","warm","grocery",0,1,1,"midday"
81,706,145,561,"weekday","earlymorning","unknown","freezing","restaurant",0,1,1,"morning"
81,707,146,561,"weekend","lunch","unknown","unknown","restaurant",0,1,1,"midday"
81,714,153,561,"weekday","afternoon","travelling","unknown","restaurant",0,1,1,"midday"
81,720,159,561,"weekday","dinner","shopping","warm","grocery",0,1,1,"night"
81,721,160,561,"weekday","beforelunch","workingout","unknown","restaurant",1,1,1,"midday"
81,728,167,561,"weekday","afternoon","unknown","hot","restaurant",1,1,1,"midday"
81,730,169,561,"weekend","afternoon","workingout","cold","grocery",1,1,1,"midday"
81,734,173,561,"weekday","afternoon","travelling","freezing","grocery",0,1,1,"midday"
81,736,175,561,"weekday","morning","travelling","cold","grocery",0,1,1,"morning"
81,740,179,561,"weekday","beforelunch","travelling","cold","grocery",0,1,1,"midday"
81,744,183,561,"weekday","lunch","travelling","cold","restaurant",0,1,1,"midday"
82,579,5,574,"weekend","afternoon","travelling","unknown","grocery",0,0,0,"midday"
82,582,8,574,"weekday","beforelunch","travelling","freezing","restaurant",1,0,0,"midday"
82,584,10,574,"weekday","night","travelling","freezing","restaurant",1,0,0,"night"
82,586,12,574,"weekday","beforelunch","travelling","freezing","restaurant",1,0,0,"midday"
82,591,17,574,"weekday","night","travelling","unknown","grocery",0,0,0,"night"
82,592,18,574,"unknown","beforelunch","working","freezing","restaurant",1,0,0,"midday"
82,599,25,574,"weekday","breakfast","travelling","warm","restaurant",0,0,0,"morning"
82,600,26,574,"weekday","lunch","travelling","freezing","restaurant",1,0,0,"midday"
82,604,30,574,"weekend","lunch","travelling","freezing","grocery",1,0,0,"midday"
82,608,34,574,"weekday","evening","travelling","cold","restaurant",0,0,0,"night"
82,610,36,574,"weekday","lunch","unknown","cold","grocery",0,0,0,"midday"
82,612,38,574,"weekday","afternoon","working","warm","restaurant",0,0,0,"midday"
82,623,49,574,"weekday","afternoon","unknown","freezing","grocery",0,0,0,"midday"
82,628,54,574,"weekend","afternoon","working","freezing","grocery",0,0,0,"midday"
82,629,55,574,"weekday","afternoon","travelling","freezing","grocery",1,0,0,"midday"
82,633,59,574,"weekday","lunch","shopping","cold","restaurant",0,1,0,"midday"
82,637,63,574,"weekday","breakfast","unknown","freezing","restaurant",1,1,0,"morning"
82,639,65,574,"weekday","beforelunch","travelling","cold","restaurant",1,1,0,"midday"
82,640,66,574,"weekday","evening","travelling","freezing","grocery",0,1,0,"night"
82,643,69,574,"weekday","beforelunch","travelling","warm","restaurant",0,1,0,"midday"
82,644,70,574,"weekend","afternoon","working","cold","grocery",1,1,0,"midday"
82,649,75,574,"weekday","afternoon","working","unknown","restaurant",0,1,0,"midday"
82,653,79,574,"weekend","lunch","unknown","freezing","grocery",0,1,0,"midday"
82,656,82,574,"weekday","breakfast","unknown","cold","grocery",1,1,0,"morning"
82,659,85,574,"weekday","afternoon","travelling","cold","grocery",0,1,0,"midday"
82,684,110,574,"weekend","afternoon","travelling","warm","restaurant",0,1,0,"midday"
82,685,111,574,"weekend","earlymorning","shopping","unknown","grocery",0,1,0,"morning"
82,690,116,574,"unknown","morning","unknown","cold","grocery",1,1,1,"morning"
82,693,119,574,"weekday","lunch","travelling","hot","restaurant",0,1,1,"midday"
82,697,123,574,"weekday","afternoon","morningrituals","freezing","restaurant",1,1,1,"midday"
82,704,130,574,"weekday","afternoon","travelling","cold","grocery",1,1,1,"midday"
82,706,132,574,"weekday","afternoon","travelling","hot","grocery",0,1,1,"midday"
82,708,134,574,"weekday","beforelunch","leisure","cold","grocery",0,1,1,"midday"
82,712,138,574,"weekday","dinner","travelling","cold","grocery",0,1,1,"night"
82,715,141,574,"weekday","afternoon","travelling","cold","grocery",0,1,1,"midday"
82,719,145,574,"weekend","afternoon","shopping","cold","restaurant",0,1,1,"midday"
82,721,147,574,"weekday","lunch","working","cold","restaurant",1,1,1,"midday"
82,723,149,574,"weekday","lunch","travelling","warm","restaurant",0,1,1,"midday"
82,724,150,574,"weekday","evening","travelling","cold","restaurant",0,1,1,"night"
82,733,159,574,"weekend","lunch","unknown","warm","grocery",1,1,1,"midday"
82,736,162,574,"weekday","night","leisure","freezing","restaurant",1,1,1,"night"
82,741,167,574,"weekday","beforelunch","travelling","cold","grocery",0,1,1,"midday"
82,746,172,574,"weekday","beforelunch","travelling","cold","grocery",0,1,1,"midday"
82,748,174,574,"weekday","beforelunch","travelling","unknown","grocery",1,1,1,"midday"
82,755,181,574,"weekday","afternoon","working","warm","restaurant",0,1,1,"midday"
83,583,0,583,"weekday","afternoon","unknown","unknown","grocery",1,0,0,"midday"
83,584,1,583,"weekday","lunch","leisure","cold","restaurant",0,0,0,"midday"
83,587,4,583,"weekday","afternoon","travelling","cold","grocery",0,0,0,"midday"
83,591,8,583,"weekday","breakfast","working","cold","grocery",1,0,0,"morning"
83,595,12,583,"weekday","dinner","travelling","freezing","restaurant",1,0,0,"night"
83,597,14,583,"weekday","dinner","working","warm","restaurant",0,0,0,"night"
83,602,19,583,"weekday","afternoon","morningrituals","cold","grocery",0,0,0,"midday"
83,603,20,583,"weekday","afternoon","leisure","warm","grocery",0,0,0,"midday"
83,605,22,583,"weekday","beforelunch","travelling","warm","restaurant",0,0,0,"midday"
83,608,25,583,"weekday","beforelunch","morningrituals","unknown","grocery",1,0,0,"midday"
83,609,26,583,"weekday","night","travelling","hot","grocery",0,0,0,"night"
83,610,27,583,"weekday","breakfast","working","cold","grocery",0,0,0,"morning"
83,615,32,583,"weekend","afternoon","travelling","cold","grocery",1,0,0,"midday"
83,616,33,583,"weekend","lunch","travelling","unknown","restaurant",1,0,0,"midday"
83,617,34,583,"weekend","morning","travelling","freezing","grocery",1,0,0,"morning"
83,618,35,583,"weekday","afternoon","shopping","unknown","restaurant",0,0,0,"midday"
83,620,37,583,"weekday","lunch","travelling","warm","restaurant",0,0,0,"midday"
83,621,38,583,"weekday","unknown","travelling","freezing","restaurant",1,0,0,"unknown"
83,623,40,583,"weekday","lunch","travelling","unknown","grocery",0,0,0,"midday"
83,625,42,583,"weekday","breakfast","travelling","freezing","restaurant",0,0,0,"morning"
83,626,43,583,"weekday","beforelunch","working","freezing","grocery",0,0,0,"midday"
83,627,44,583,"weekday","lunch","travelling","cold","grocery",0,0,0,"midday"
83,629,46,583,"weekday","lunch","leisure","freezing","restaurant",0,0,0,"midday"
83,630,47,583,"weekday","afternoon","travelling","freezing","restaurant",1,0,0,"midday"
83,632,49,583,"weekday","lunch","travelling","cold","grocery",1,0,0,"midday"
83,635,52,583,"weekday","afternoon","travelling","hot","restaurant",0,0,0,"midday"
83,636,53,583,"weekend","breakfast","unknown","hot","restaurant",0,0,0,"morning"
83,639,56,583,"weekday","beforelunch","morningrituals","warm","restaurant",1,0,0,"midday"
83,640,57,583,"weekday","dinner","travelling","unknown","restaurant",1,1,0,"night"
83,641,58,583,"weekday","breakfast","leisure","cold","restaurant",0,1,0,"morning"
83,642,59,583,"weekday","beforelunch","travelling","unknown","restaurant",0,1,0,"midday"
83,644,61,583,"weekday","night","travelling","unknown","restaurant",1,1,0,"night"
83,646,63,583,"weekday","evening","travelling","freezing","restaurant",0,1,0,"night"
83,647,64,583,"weekend","unknown","travelling","unknown","restaurant",1,1,0,"unknown"
83,649,66,583,"weekday","afternoon","leisure","cold","grocery",0,1,0,"midday"
83,650,67,583,"weekday","afternoon","travelling","unknown","restaurant",0,1,0,"midday"
83,651,68,583,"weekday","afternoon","travelling","unknown","grocery",0,1,0,"midday"
83,652,69,583,"weekday","lunch","travelling","hot","restaurant",0,1,0,"midday"
83,653,70,583,"weekday","lunch","travelling","cold","restaurant",0,1,0,"midday"
83,655,72,583,"weekend","afternoon","travelling","warm","grocery",0,1,0,"midday"
83,657,74,583,"weekday","latenight","travelling","freezing","restaurant",1,1,0,"night"
83,658,75,583,"weekday","beforelunch","travelling","unknown","grocery",1,1,0,"midday"
83,659,76,583,"weekday","lunch","travelling","cold","restaurant",1,1,0,"midday"
83,663,80,583,"weekday","dinner","travelling","warm","restaurant",1,1,0,"night"
83,664,81,583,"weekday","evening","travelling","unknown","grocery",0,1,0,"night"
83,667,84,583,"weekend","lunch","leisure","unknown","grocery",0,1,0,"midday"
83,669,86,583,"weekday","lunch","travelling","unknown","grocery",0,1,0,"midday"
83,675,92,583,"weekday","afternoon","travelling","unknown","restaurant",0,1,0,"midday"
83,677,94,583,"weekday","afternoon","travelling","cold","restaurant",0,1,0,"midday"
83,678,95,583,"weekday","afternoon","travelling","hot","grocery",0,1,0,"midday"
83,679,96,583,"weekday","lunch","shopping","warm","grocery",1,1,0,"midday"
83,681,98,583,"weekday","lunch","travelling","warm","restaurant",0,1,0,"midday"
83,684,101,583,"weekday","afternoon","travelling","freezing","grocery",0,1,0,"midday"
83,685,102,583,"weekday","breakfast","working","cold","restaurant",0,1,0,"morning"
83,686,103,583,"weekday","lunch","travelling","unknown","grocery",0,1,0,"midday"
83,688,105,583,"weekday","afternoon","shopping","freezing","grocery",1,1,0,"midday"
83,689,106,583,"weekday","afternoon","travelling","cold","grocery",0,1,0,"midday"
83,690,107,583,"weekday","lunch","unknown","warm","restaurant",0,1,0,"midday"
83,691,108,583,"weekday","beforelunch","leisure","cold","restaurant",0,1,0,"midday"
83,692,109,583,"weekend","afternoon","shopping","warm","grocery",0,1,0,"midday"
83,694,111,583,"weekend","beforelunch","working","warm","restaurant",0,1,0,"midday"
83,696,113,583,"weekday","dinner","working","cold","restaurant",1,1,1,"night"
83,697,114,583,"weekday","afternoon","unknown","unknown","grocery",0,1,1,"midday"
83,700,117,583,"weekend","afternoon","travelling","warm","grocery",1,1,1,"midday"
83,701,118,583,"weekday","dinner","travelling","freezing","restaurant",0,1,1,"night"
83,704,121,583,"weekend","lunch","unknown","cold","grocery",0,1,1,"midday"
83,706,123,583,"unknown","lunch","travelling","cold","restaurant",0,1,1,"midday"
83,707,124,583,"weekend","afternoon","travelling","freezing","restaurant",0,1,1,"midday"
83,708,125,583,"weekday","lunch","working","warm","restaurant",0,1,1,"midday"
83,709,126,583,"weekend","morning","travelling","freezing","grocery",0,1,1,"morning"
83,710,127,583,"weekday","afternoon","travelling","cold","grocery",1,1,1,"midday"
83,711,128,583,"weekday","afternoon","travelling","unknown","restaurant",0,1,1,"midday"
83,713,130,583,"weekday","lunch","unknown","warm","restaurant",0,1,1,"midday"
83,714,131,583,"weekday","lunch","travelling","warm","restaurant",0,1,1,"midday"
83,715,132,583,"weekday","breakfast","working","cold","grocery",1,1,1,"morning"
83,716,133,583,"weekend","afternoon","travelling","cold","grocery",0,1,1,"midday"
83,717,134,583,"weekend","beforelunch","travelling","unknown","grocery",0,1,1,"midday"
83,724,141,583,"weekday","beforelunch","travelling","freezing","grocery",0,1,1,"midday"
83,726,143,583,"weekday","beforelunch","travelling","freezing","grocery",1,1,1,"midday"
83,727,144,583,"weekday","afternoon","unknown","cold","restaurant",0,1,1,"midday"
83,730,147,583,"weekday","afternoon","morningrituals","warm","restaurant",0,1,1,"midday"
83,731,148,583,"weekday","lunch","travelling","warm","grocery",0,1,1,"midday"
83,733,150,583,"weekday","lunch","travelling","cold","grocery",1,1,1,"midday"
83,735,152,583,"weekday","earlymorning","leisure","warm","grocery",1,1,1,"morning"
83,737,154,583,"weekday","beforelunch","shopping","unknown","grocery",1,1,1,"midday"
83,738,155,583,"weekend","lunch","travelling","cold","grocery",1,1,1,"midday"
83,739,156,583,"weekday","afternoon","travelling","cold","grocery",0,1,1,"midday"
83,740,157,583,"weekday","afternoon","travelling","unknown","restaurant",1,1,1,"midday"
83,741,158,583,"weekend","morning","travelling","hot","grocery",0,1,1,"morning"
83,743,160,583,"weekday","afternoon","unknown","cold","restaurant",0,1,1,"midday"
83,744,161,583,"weekday","earlymorning","travelling","hot","restaurant",0,1,1,"morning"
83,745,162,583,"weekday","beforelunch","leisure","unknown","grocery",0,1,1,"midday"
83,746,163,583,"weekday","beforelunch","travelling","unknown","grocery",0,1,1,"midday"
83,747,164,583,"weekday","beforelunch","travelling","cold","grocery",0,1,1,"midday"
83,749,166,583,"weekday","lunch","leisure","freezing","restaurant",0,1,1,"midday"
83,750,167,583,"weekday","morning","travelling","freezing","grocery",0,1,1,"morning"
83,752,169,583,"weekend","beforelunch","working","hot","restaurant",0,1,1,"midday"
83,754,171,583,"weekday","beforelunch","travelling","unknown","restaurant",0,1,1,"midday"
83,755,172,583,"weekend","beforelunch","working","warm","restaurant",0,1,1,"midday"
83,757,174,583,"weekday","unknown","leisure","unknown","restaurant",1,1,1,"unknown"
83,758,175,583,"weekday","dinner","leisure","freezing","grocery",0,1,1,"night"
83,759,176,583,"weekend","beforelunch","travelling","warm","grocery",1,1,1,"midday"
83,761,178,583,"weekday","lunch","travelling","cold","restaurant",0,1,1,"midday"
83,762,179,583,"weekday","lunch","travelling","unknown","restaurant",0,1,1,"midday"
83,763,180,583,"unknown","afternoon","travelling","cold","grocery",1,1,1,"midday"
83,764,181,583,"weekday","breakfast","working","cold","restaurant",0,1,1,"morning"
83,765,182,583,"weekend","morning","shopping","warm","restaurant",0,1,1,"morning"
84,602,8,594,"weekday","beforelunch","shopping","unknown","grocery",0,0,0,"midday"
84,605,11,594,"weekday","afternoon","travelling","unknown","restaurant",0,0,0,"midday"
84,609,15,594,"weekend","afternoon","travelling","cold","grocery",1,0,0,"midday"
84,610,16,594,"weekday","dinner","travelling","warm","grocery",1,0,0,"night"
84,620,26,594,"weekday","breakfast","shopping","cold","restaurant",0,0,0,"morning"
84,625,31,594,"weekend","beforelunch","travelling","freezing","grocery",0,0,0,"midday"
84,633,39,594,"weekday","afternoon","shopping","warm","grocery",0,0,0,"midday"
84,634,40,594,"weekday","afternoon","travelling","warm","restaurant",0,0,0,"midday"
84,637,43,594,"weekday","lunch","leisure","hot","grocery",0,0,0,"midday"
84,645,51,594,"weekday","afternoon","leisure","cold","restaurant",0,0,0,"midday"
84,657,63,594,"weekend","dinner","unknown","cold","restaurant",0,1,0,"night"
84,662,68,594,"weekday","beforelunch","shopping","unknown","restaurant",0,1,0,"midday"
84,665,71,594,"weekday","lunch","travelling","warm","grocery",0,1,0,"midday"
84,678,84,594,"weekday","beforelunch","unknown","freezing","restaurant",0,1,0,"midday"
84,683,89,594,"weekday","beforelunch","shopping","unknown","grocery",0,1,0,"midday"
84,688,94,594,"weekday","lunch","unknown","cold","grocery",0,1,0,"midday"
84,692,98,594,"weekday","beforelunch","working","unknown","grocery",1,1,0,"midday"
84,693,99,594,"weekday","lunch","travelling","unknown","grocery",1,1,0,"midday"
84,698,104,594,"weekday","afternoon","leisure","cold","restaurant",0,1,0,"midday"
84,705,111,594,"weekday","morning","morningrituals","unknown","restaurant",0,1,0,"morning"
84,726,132,594,"weekday","lunch","travelling","hot","grocery",1,1,1,"midday"
84,729,135,594,"weekend","unknown","shopping","cold","grocery",0,1,1,"unknown"
84,734,140,594,"weekday","afternoon","working","warm","restaurant",0,1,1,"midday"
84,742,148,594,"unknown","beforelunch","travelling","freezing","grocery",0,1,1,"midday"
84,744,150,594,"weekend","beforelunch","travelling","cold","grocery",0,1,1,"midday"
84,746,152,594,"weekday","breakfast","travelling","cold","restaurant",0,1,1,"morning"
84,754,160,594,"weekday","earlymorning","travelling","warm","grocery",0,1,1,"morning"
84,760,166,594,"weekday","lunch","travelling","cold","restaurant",0,1,1,"midday"
84,767,173,594,"weekday","lunch","unknown","cold","restaurant",0,1,1,"midday"
85,604,1,603,"weekday","breakfast","shopping","unknown","restaurant",0,0,0,"morning"
85,607,4,603,"weekday","lunch","travelling","freezing","grocery",0,0,0,"midday"
85,608,5,603,"weekday","beforelunch","travelling","freezing","restaurant",0,0,0,"midday"
85,609,6,603,"weekday","lunch","travelling","warm","grocery",0,0,0,"midday"
85,610,7,603,"weekend","beforelunch","travelling","freezing","grocery",0,0,0,"midday"
85,613,10,603,"weekday","breakfast","working","unknown","restaurant",0,0,0,"morning"
85,615,12,603,"weekday","afternoon","travelling","freezing","grocery",0,0,0,"midday"
85,616,13,603,"weekend","afternoon","travelling","freezing","grocery",1,0,0,"midday"
85,619,16,603,"weekday","beforelunch","travelling","hot","grocery",0,0,0,"midday"
85,620,17,603,"weekday","lunch","unknown","hot","grocery",0,0,0,"midday"
85,623,20,603,"weekend","afternoon","working","freezing","grocery",0,0,0,"midday"
85,624,21,603,"weekday","afternoon","leisure","hot","grocery",1,0,0,"midday"
85,625,22,603,"weekday","lunch","unknown","unknown","restaurant",0,0,0,"midday"
85,626,23,603,"weekend","beforelunch","travelling","warm","restaurant",1,0,0,"midday"
85,627,24,603,"weekday","lunch","unknown","unknown","grocery",1,0,0,"midday"
85,629,26,603,"weekday","breakfast","travelling","cold","restaurant",0,0,0,"morning"
85,630,27,603,"weekday","afternoon","working","hot","restaurant",0,0,0,"midday"
85,631,28,603,"weekday","lunch","unknown","unknown","restaurant",0,0,0,"midday"
85,632,29,603,"weekend","breakfast","unknown","warm","grocery",1,0,0,"morning"
85,633,30,603,"weekday","lunch","travelling","unknown","grocery",0,0,0,"midday"
85,635,32,603,"weekday","afternoon","working","freezing","grocery",0,0,0,"midday"
85,638,35,603,"weekday","morning","travelling","freezing","restaurant",1,0,0,"morning"
85,639,36,603,"weekday","afternoon","working","freezing","grocery",0,0,0,"midday"
85,640,37,603,"weekday","lunch","travelling","freezing","restaurant",0,0,0,"midday"
85,641,38,603,"weekend","lunch","working","cold","grocery",0,0,0,"midday"
85,643,40,603,"weekday","afternoon","travelling","freezing","grocery",0,0,0,"midday"
85,644,41,603,"weekend","morning","shopping","freezing","grocery",1,0,0,"morning"
85,647,44,603,"weekend","beforelunch","morningrituals","freezing","grocery",0,0,0,"midday"
85,648,45,603,"weekend","earlymorning","unknown","unknown","grocery",0,0,0,"morning"
85,649,46,603,"weekday","breakfast","working","cold","restaurant",0,0,0,"morning"
85,650,47,603,"weekend","breakfast","travelling","freezing","restaurant",1,0,0,"morning"
85,652,49,603,"weekday","afternoon","working","hot","restaurant",0,0,0,"midday"
85,653,50,603,"weekday","lunch","travelling","unknown","restaurant",0,0,0,"midday"
85,654,51,603,"weekday","beforelunch","unknown","unknown","grocery",0,0,0,"midday"
85,655,52,603,"weekend","afternoon","housework","cold","grocery",0,0,0,"midday"
85,657,54,603,"weekday","lunch","shopping","cold","restaurant",0,0,0,"midday"
85,658,55,603,"weekday","lunch","shopping","unknown","grocery",0,0,0,"midday"
85,659,56,603,"weekday","breakfast","travelling","freezing","grocery",0,0,0,"morning"
85,660,57,603,"weekday","lunch","travelling","hot","grocery",0,1,0,"midday"
85,664,61,603,"weekday","afternoon","travelling","cold","restaurant",1,1,0,"midday"
85,668,65,603,"weekday","breakfast","travelling","hot","grocery",0,1,0,"morning"
85,670,67,603,"weekend","lunch","travelling","cold","grocery",0,1,0,"midday"
85,671,68,603,"weekend","afternoon","travelling","freezing","grocery",1,1,0,"midday"
85,672,69,603,"weekday","beforelunch","travelling","unknown","restaurant",0,1,0,"midday"
85,673,70,603,"weekday","breakfast","working","warm","restaurant",1,1,0,"morning"
85,674,71,603,"weekday","afternoon","leisure","freezing","restaurant",0,1,0,"midday"
85,675,72,603,"weekend","lunch","shopping","unknown","restaurant",0,1,0,"midday"
85,676,73,603,"weekend","dinner","travelling","cold","grocery",0,1,0,"night"
85,677,74,603,"weekend","beforelunch","unknown","unknown","grocery",0,1,0,"midday"
85,678,75,603,"weekend","lunch","travelling","hot","grocery",1,1,0,"midday"
85,680,77,603,"weekday","morning","working","freezing","grocery",1,1,0,"morning"
85,681,78,603,"weekday","breakfast","morningrituals","cold","grocery",0,1,0,"morning"
85,683,80,603,"weekday","beforelunch","unknown","warm","grocery",0,1,0,"midday"
85,684,81,603,"weekday","unknown","travelling","unknown","restaurant",1,1,0,"unknown"
85,685,82,603,"weekday","beforelunch","leisure","unknown","grocery",0,1,0,"midday"
85,688,85,603,"weekend","lunch","working","freezing","grocery",0,1,0,"midday"
85,689,86,603,"weekday","beforelunch","travelling","cold","grocery",1,1,0,"midday"
85,690,87,603,"weekday","dinner","working","unknown","grocery",0,1,0,"night"
85,691,88,603,"weekday","beforelunch","unknown","cold","grocery",0,1,0,"midday"
85,692,89,603,"weekday","breakfast","morningrituals","cold","restaurant",0,1,0,"morning"
85,693,90,603,"weekday","afternoon","unknown","freezing","restaurant",0,1,0,"midday"
85,694,91,603,"weekend","beforelunch","leisure","freezing","restaurant",0,1,0,"midday"
85,696,93,603,"weekday","lunch","travelling","unknown","restaurant",1,1,0,"midday"
85,697,94,603,"weekday","breakfast","travelling","cold","restaurant",0,1,0,"morning"
85,700,97,603,"weekday","afternoon","unknown","cold","grocery",0,1,0,"midday"
85,701,98,603,"weekday","afternoon","travelling","unknown","restaurant",0,1,0,"midday"
85,702,99,603,"weekday","afternoon","travelling","cold","grocery",1,1,0,"midday"
85,703,100,603,"weekday","afternoon","shopping","cold","restaurant",0,1,0,"midday"
85,704,101,603,"weekday","morning","travelling","cold","grocery",0,1,0,"morning"
85,705,102,603,"weekday","beforelunch","morningrituals","unknown","restaurant",0,1,0,"midday"
85,709,106,603,"weekday","lunch","travelling","unknown","grocery",0,1,0,"midday"
85,710,107,603,"weekday","afternoon","unknown","freezing","restaurant",1,1,0,"midday"
85,711,108,603,"weekday","morning","travelling","unknown","grocery",1,1,0,"morning"
85,712,109,603,"weekday","beforelunch","unknown","warm","restaurant",0,1,0,"midday"
85,713,110,603,"weekend","beforelunch","working","warm","grocery",0,1,0,"midday"
85,714,111,603,"weekday","dinner","unknown","freezing","restaurant",1,1,0,"night"
85,715,112,603,"weekday","lunch","unknown","cold","grocery",1,1,0,"midday"
85,716,113,603,"weekday","dinner","travelling","cold","grocery",1,1,1,"night"
85,717,114,603,"weekday","breakfast","travelling","freezing","grocery",1,1,1,"morning"
85,718,115,603,"weekday","lunch","shopping","freezing","restaurant",1,1,1,"midday"
85,720,117,603,"weekend","lunch","travelling","warm","restaurant",0,1,1,"midday"
85,723,120,603,"weekday","lunch","travelling","freezing","grocery",0,1,1,"midday"
85,724,121,603,"weekday","afternoon","unknown","cold","restaurant",0,1,1,"midday"
85,725,122,603,"weekday","breakfast","working","cold","restaurant",0,1,1,"morning"
85,727,124,603,"weekday","beforelunch","travelling","cold","grocery",0,1,1,"midday"
85,728,125,603,"weekday","lunch","working","cold","grocery",1,1,1,"midday"
85,729,126,603,"weekday","beforelunch","travelling","unknown","grocery",0,1,1,"midday"
85,730,127,603,"weekday","lunch","travelling","freezing","restaurant",1,1,1,"midday"
85,731,128,603,"weekday","beforelunch","unknown","warm","restaurant",0,1,1,"midday"
85,732,129,603,"weekday","breakfast","working","warm","restaurant",0,1,1,"morning"
85,733,130,603,"weekday","afternoon","morningrituals","unknown","grocery",1,1,1,"midday"
85,734,131,603,"weekday","beforelunch","travelling","cold","grocery",0,1,1,"midday"
85,736,133,603,"weekday","afternoon","travelling","unknown","restaurant",0,1,1,"midday"
85,738,135,603,"weekday","afternoon","leisure","unknown","restaurant",0,1,1,"midday"
85,739,136,603,"weekday","dinner","unknown","cold","restaurant",0,1,1,"night"
85,740,137,603,"weekend","breakfast","working","freezing","restaurant",1,1,1,"morning"
85,741,138,603,"weekend","afternoon","workingout","warm","grocery",0,1,1,"midday"
85,742,139,603,"weekday","morning","shopping","unknown","grocery",0,1,1,"morning"
85,747,144,603,"weekday","lunch","travelling","unknown","restaurant",1,1,1,"midday"
85,749,146,603,"weekday","lunch","working","hot","grocery",0,1,1,"midday"
85,750,147,603,"weekend","afternoon","travelling","unknown","restaurant",1,1,1,"midday"
85,751,148,603,"weekday","unknown","unknown","unknown","restaurant",0,1,1,"unknown"
85,752,149,603,"weekend","afternoon","travelling","freezing","restaurant",1,1,1,"midday"
85,754,151,603,"weekday","beforelunch","travelling","warm","grocery",0,1,1,"midday"
85,755,152,603,"unknown","lunch","travelling","cold","grocery",0,1,1,"midday"
85,757,154,603,"weekday","afternoon","travelling","warm","grocery",0,1,1,"midday"
85,758,155,603,"weekend","afternoon","travelling","cold","grocery",0,1,1,"midday"
85,759,156,603,"weekday","afternoon","travelling","warm","restaurant",1,1,1,"midday"
85,760,157,603,"weekday","dinner","travelling","cold","restaurant",1,1,1,"night"
85,761,158,603,"weekend","afternoon","travelling","hot","restaurant",0,1,1,"midday"
85,762,159,603,"weekend","afternoon","working","unknown","restaurant",0,1,1,"midday"
85,763,160,603,"weekend","lunch","travelling","warm","grocery",0,1,1,"midday"
85,767,164,603,"weekday","lunch","morningrituals","cold","restaurant",0,1,1,"midday"
85,769,166,603,"weekday","breakfast","unknown","cold","grocery",1,1,1,"morning"
85,770,167,603,"weekday","afternoon","working","freezing","restaurant",0,1,1,"midday"
85,771,168,603,"weekday","lunch","travelling","cold","restaurant",0,1,1,"midday"
85,772,169,603,"weekday","beforelunch","travelling","unknown","restaurant",0,1,1,"midday"
85,773,170,603,"unknown","afternoon","shopping","warm","restaurant",0,1,1,"midday"
85,774,171,603,"weekend","breakfast","travelling","warm","grocery",0,1,1,"morning"
85,775,172,603,"weekday","afternoon","travelling","cold","grocery",0,1,1,"midday"
85,776,173,603,"weekend","beforelunch","working","unknown","restaurant",1,1,1,"midday"
85,777,174,603,"weekend","morning","working","cold","restaurant",1,1,1,"morning"
85,781,178,603,"weekday","beforelunch","travelling","warm","grocery",1,1,1,"midday"
85,782,179,603,"weekday","lunch","travelling","freezing","grocery",0,1,1,"midday"
85,785,182,603,"weekday","afternoon","unknown","freezing","restaurant",0,1,1,"midday"
85,786,183,603,"weekday","beforelunch","unknown","warm","grocery",0,1,1,"midday"
86,607,0,607,"weekday","lunch","unknown","cold","grocery",1,0,0,"midday"
86,609,2,607,"weekday","beforelunch","leisure","freezing","grocery",0,0,0,"midday"
86,612,5,607,"weekday","beforelunch","leisure","unknown","grocery",0,0,0,"midday"
86,615,8,607,"weekday","beforelunch","working","hot","restaurant",0,0,0,"midday"
86,616,9,607,"weekend","breakfast","travelling","freezing","grocery",0,0,0,"morning"
86,618,11,607,"weekday","beforelunch","travelling","unknown","restaurant",0,0,0,"midday"
86,619,12,607,"weekday","afternoon","working","warm","restaurant",0,0,0,"midday"
86,621,14,607,"weekend","dinner","travelling","warm","restaurant",0,0,0,"night"
86,624,17,607,"weekday","earlymorning","travelling","cold","restaurant",1,0,0,"morning"
86,625,18,607,"weekday","morning","unknown","warm","restaurant",0,0,0,"morning"
86,626,19,607,"weekend","unknown","travelling","hot","grocery",1,0,0,"unknown"
86,629,22,607,"weekend","beforelunch","unknown","freezing","grocery",0,0,0,"midday"
86,631,24,607,"weekday","afternoon","leisure","warm","restaurant",0,0,0,"midday"
86,633,26,607,"weekday","beforelunch","travelling","freezing","restaurant",0,0,0,"midday"
86,635,28,607,"weekday","beforelunch","travelling","unknown","grocery",0,0,0,"midday"
86,639,32,607,"weekday","afternoon","shopping","hot","grocery",0,0,0,"midday"
86,641,34,607,"weekend","afternoon","travelling","warm","restaurant",0,0,0,"midday"
86,642,35,607,"weekend","breakfast","travelling","warm","grocery",0,0,0,"morning"
86,643,36,607,"weekday","lunch","unknown","freezing","grocery",1,0,0,"midday"
86,644,37,607,"weekday","lunch","travelling","cold","grocery",0,0,0,"midday"
86,647,40,607,"weekday","morning","travelling","unknown","grocery",0,0,0,"morning"
86,650,43,607,"weekday","dinner","travelling","unknown","restaurant",0,0,0,"night"
86,651,44,607,"weekday","lunch","travelling","warm","grocery",0,0,0,"midday"
86,652,45,607,"weekday","beforelunch","unknown","warm","grocery",0,0,0,"midday"
86,653,46,607,"weekday","beforelunch","unknown","freezing","restaurant",0,0,0,"midday"
86,654,47,607,"weekday","beforelunch","travelling","cold","grocery",0,0,0,"midday"
86,655,48,607,"weekend","morning","working","warm","restaurant",0,0,0,"morning"
86,656,49,607,"weekend","beforelunch","travelling","unknown","grocery",0,0,0,"midday"
86,658,51,607,"weekday","beforelunch","travelling","warm","restaurant",0,0,0,"midday"
86,660,53,607,"weekday","beforelunch","working","cold","grocery",1,0,0,"midday"
86,661,54,607,"weekday","beforelunch","travelling","warm","restaurant",1,0,0,"midday"
86,664,57,607,"weekday","afternoon","working","warm","restaurant",1,1,0,"midday"
86,665,58,607,"weekend","lunch","working","unknown","restaurant",0,1,0,"midday"
86,666,59,607,"weekday","beforelunch","shopping","unknown","grocery",1,1,0,"midday"
86,669,62,607,"weekend","morning","travelling","cold","restaurant",1,1,0,"morning"
86,670,63,607,"weekday","beforelunch","travelling","cold","grocery",0,1,0,"midday"
86,672,65,607,"weekday","afternoon","unknown","freezing","grocery",0,1,0,"midday"
86,678,71,607,"weekend","morning","travelling","warm","restaurant",0,1,0,"morning"
86,681,74,607,"weekday","afternoon","travelling","freezing","grocery",0,1,0,"midday"
86,683,76,607,"unknown","lunch","unknown","cold","restaurant",0,1,0,"midday"
86,684,77,607,"weekday","evening","working","cold","restaurant",0,1,0,"night"
86,686,79,607,"weekday","breakfast","travelling","freezing","restaurant",0,1,0,"morning"
86,687,80,607,"weekday","breakfast","unknown","cold","restaurant",0,1,0,"morning"
86,689,82,607,"weekend","afternoon","travelling","warm","restaurant",1,1,0,"midday"
86,691,84,607,"weekend","dinner","working","unknown","restaurant",0,1,0,"night"
86,692,85,607,"weekend","lunch","travelling","freezing","grocery",0,1,0,"midday"
86,694,87,607,"weekend","afternoon","travelling","cold","grocery",1,1,0,"midday"
86,695,88,607,"weekday","beforelunch","travelling","freezing","grocery",1,1,0,"midday"
86,696,89,607,"weekday","dinner","unknown","freezing","restaurant",0,1,0,"night"
86,697,90,607,"weekday","breakfast","travelling","cold","grocery",0,1,0,"morning"
86,698,91,607,"weekday","beforelunch","travelling","warm","grocery",0,1,0,"midday"
86,700,93,607,"weekend","afternoon","working","freezing","restaurant",0,1,0,"midday"
86,705,98,607,"weekday","beforelunch","travelling","hot","restaurant",0,1,0,"midday"
86,706,99,607,"weekday","afternoon","travelling","warm","restaurant",0,1,0,"midday"
86,708,101,607,"weekday","beforelunch","travelling","cold","grocery",0,1,0,"midday"
86,709,102,607,"weekday","lunch","travelling","warm","restaurant",0,1,0,"midday"
86,710,103,607,"weekend","afternoon","leisure","hot","restaurant",0,1,0,"midday"
86,711,104,607,"weekend","morning","travelling","cold","grocery",0,1,0,"morning"
86,712,105,607,"weekday","dinner","working","unknown","restaurant",1,1,0,"night"
86,713,106,607,"weekday","morning","working","freezing","grocery",0,1,0,"morning"
86,716,109,607,"weekday","lunch","travelling","freezing","grocery",1,1,0,"midday"
86,717,110,607,"weekday","lunch","working","cold","grocery",0,1,0,"midday"
86,718,111,607,"weekend","afternoon","travelling","unknown","grocery",0,1,0,"midday"
86,721,114,607,"weekday","unknown","travelling","cold","grocery",0,1,1,"unknown"
86,723,116,607,"weekday","breakfast","shopping","cold","restaurant",1,1,1,"morning"
86,726,119,607,"weekday","afternoon","travelling","freezing","grocery",0,1,1,"midday"
86,731,124,607,"weekday","morning","leisure","unknown","grocery",0,1,1,"morning"
86,732,125,607,"weekend","earlymorning","leisure","freezing","restaurant",0,1,1,"morning"
86,733,126,607,"weekend","afternoon","travelling","hot","grocery",1,1,1,"midday"
86,734,127,607,"weekend","lunch","travelling","warm","restaurant",0,1,1,"midday"
86,738,131,607,"weekday","beforelunch","unknown","freezing","restaurant",0,1,1,"midday"
86,741,134,607,"weekend","morning","travelling","hot","restaurant",1,1,1,"morning"
86,742,135,607,"weekend","afternoon","working","cold","grocery",0,1,1,"midday"
86,744,137,607,"weekday","beforelunch","shopping","warm","restaurant",1,1,1,"midday"
86,745,138,607,"weekday","afternoon","travelling","freezing","grocery",0,1,1,"midday"
86,748,141,607,"weekday","lunch","unknown","freezing","restaurant",0,1,1,"midday"
86,749,142,607,"weekday","unknown","travelling","warm","grocery",0,1,1,"unknown"
86,750,143,607,"weekday","lunch","leisure","unknown","restaurant",1,1,1,"midday"
86,751,144,607,"weekday","lunch","travelling","unknown","restaurant",0,1,1,"midday"
86,752,145,607,"weekday","morning","travelling","unknown","grocery",0,1,1,"morning"
86,754,147,607,"weekday","afternoon","travelling","unknown","grocery",0,1,1,"midday"
86,755,148,607,"weekend","afternoon","working","cold","grocery",1,1,1,"midday"
86,756,149,607,"weekday","lunch","travelling","hot","restaurant",1,1,1,"midday"
86,757,150,607,"weekday","breakfast","morningrituals","unknown","grocery",0,1,1,"morning"
86,758,151,607,"weekend","dinner","travelling","unknown","restaurant",0,1,1,"night"
86,759,152,607,"weekend","afternoon","travelling","unknown","restaurant",0,1,1,"midday"
86,761,154,607,"weekday","lunch","unknown","freezing","restaurant",0,1,1,"midday"
86,762,155,607,"weekday","earlymorning","travelling","warm","restaurant",0,1,1,"morning"
86,765,158,607,"weekday","lunch","travelling","warm","restaurant",1,1,1,"midday"
86,767,160,607,"weekday","morning","travelling","unknown","grocery",1,1,1,"morning"
86,769,162,607,"weekday","lunch","travelling","freezing","restaurant",1,1,1,"midday"
86,775,168,607,"weekend","afternoon","travelling","unknown","restaurant",0,1,1,"midday"
86,777,170,607,"weekday","breakfast","shopping","cold","restaurant",1,1,1,"morning"
86,778,171,607,"weekday","lunch","travelling","unknown","restaurant",0,1,1,"midday"
86,779,172,607,"weekday","breakfast","travelling","freezing","grocery",0,1,1,"morning"
86,780,173,607,"weekend","afternoon","travelling","cold","restaurant",0,1,1,"midday"
86,781,174,607,"weekday","lunch","travelling","cold","restaurant",1,1,1,"midday"
86,782,175,607,"weekday","lunch","unknown","warm","grocery",0,1,1,"midday"
86,784,177,607,"weekday","breakfast","leisure","unknown","restaurant",0,1,1,"morning"
86,785,178,607,"unknown","beforelunch","unknown","unknown","grocery",1,1,1,"midday"
86,788,181,607,"weekday","night","shopping","cold","restaurant",0,1,1,"night"
87,617,0,617,"weekday","beforelunch","morningrituals","hot","grocery",0,0,0,"midday"
87,629,12,617,"weekday","lunch","travelling","cold","restaurant",1,0,0,"midday"
87,632,15,617,"weekday","breakfast","travelling","cold","grocery",1,0,0,"morning"
87,646,29,617,"weekday","lunch","travelling","unknown","grocery",0,0,0,"midday"
87,651,34,617,"weekend","lunch","working","cold","grocery",0,0,0,"midday"
87,652,35,617,"weekday","dinner","travelling","warm","grocery",1,0,0,"night"
87,659,42,617,"weekday","lunch","travelling","freezing","restaurant",0,0,0,"midday"
87,664,47,617,"weekday","night","travelling","warm","grocery",0,0,0,"night"
87,665,48,617,"weekday","afternoon","shopping","unknown","restaurant",0,0,0,"midday"
87,672,55,617,"weekday","afternoon","leisure","cold","grocery",0,0,0,"midday"
87,676,59,617,"weekend","afternoon","working","cold","restaurant",0,1,0,"midday"
87,679,62,617,"weekday","breakfast","travelling","freezing","restaurant",0,1,0,"morning"
87,682,65,617,"weekday","afternoon","unknown","warm","grocery",0,1,0,"midday"
87,684,67,617,"weekend","morning","unknown","freezing","grocery",0,1,0,"morning"
87,689,72,617,"weekend","lunch","leisure","freezing","restaurant",0,1,0,"midday"
87,693,76,617,"weekday","lunch","working","unknown","restaurant",1,1,0,"midday"
87,697,80,617,"weekend","breakfast","working","unknown","grocery",1,1,0,"morning"
87,700,83,617,"weekday","breakfast","travelling","cold","restaurant",1,1,0,"morning"
87,717,100,617,"weekday","breakfast","unknown","warm","restaurant",1,1,0,"morning"
87,720,103,617,"weekday","afternoon","travelling","warm","grocery",0,1,0,"midday"
87,735,118,617,"weekday","lunch","travelling","warm","restaurant",0,1,1,"midday"
87,736,119,617,"weekday","lunch","travelling","unknown","restaurant",0,1,1,"midday"
87,745,128,617,"weekend","night","leisure","cold","restaurant",1,1,1,"night"
87,746,129,617,"weekend","breakfast","travelling","freezing","restaurant",0,1,1,"morning"
87,748,131,617,"weekday","breakfast","unknown","cold","restaurant",1,1,1,"morning"
87,750,133,617,"weekday","breakfast","travelling","hot","grocery",0,1,1,"morning"
87,755,138,617,"weekend","lunch","travelling","freezing","restaurant",0,1,1,"midday"
87,760,143,617,"weekend","beforelunch","travelling","unknown","restaurant",1,1,1,"midday"
87,764,147,617,"weekday","night","travelling","unknown","restaurant",0,1,1,"night"
87,765,148,617,"weekday","afternoon","unknown","freezing","grocery",0,1,1,"midday"
87,777,160,617,"unknown","beforelunch","travelling","cold","grocery",0,1,1,"midday"
87,780,163,617,"weekend","lunch","leisure","warm","grocery",0,1,1,"midday"
87,787,170,617,"weekday","lunch","travelling","hot","grocery",1,1,1,"midday"
87,795,178,617,"weekend","afternoon","shopping","cold","restaurant",1,1,1,"midday"
88,620,0,620,"weekend","morning","working","cold","restaurant",0,0,0,"morning"
88,622,2,620,"weekday","afternoon","travelling","warm","grocery",1,0,0,"midday"
88,625,5,620,"weekday","morning","travelling","cold","restaurant",1,0,0,"morning"
88,627,7,620,"weekday","afternoon","travelling","warm","grocery",0,0,0,"midday"
88,630,10,620,"weekend","lunch","travelling","unknown","grocery",0,0,0,"midday"
88,631,11,620,"weekday","afternoon","unknown","freezing","grocery",0,0,0,"midday"
88,633,13,620,"weekend","afternoon","travelling","unknown","restaurant",1,0,0,"midday"
88,634,14,620,"weekend","afternoon","travelling","hot","grocery",1,0,0,"midday"
88,636,16,620,"weekend","morning","travelling","cold","restaurant",1,0,0,"morning"
88,637,17,620,"weekday","afternoon","travelling","cold","grocery",0,0,0,"midday"
88,638,18,620,"weekday","dinner","shopping","freezing","restaurant",1,0,0,"night"
88,640,20,620,"weekday","afternoon","travelling","warm","restaurant",0,0,0,"midday"
88,641,21,620,"weekday","beforelunch","travelling","freezing","grocery",0,0,0,"midday"
88,644,24,620,"weekday","lunch","shopping","cold","restaurant",0,0,0,"midday"
88,645,25,620,"weekend","afternoon","leisure","cold","grocery",0,0,0,"midday"
88,646,26,620,"weekday","beforelunch","travelling","unknown","restaurant",0,0,0,"midday"
88,648,28,620,"weekend","breakfast","working","cold","grocery",0,0,0,"morning"
88,650,30,620,"weekday","beforelunch","shopping","freezing","restaurant",1,0,0,"midday"
88,652,32,620,"weekend","beforelunch","travelling","freezing","restaurant",0,0,0,"midday"
88,653,33,620,"weekend","beforelunch","leisure","warm","restaurant",0,0,0,"midday"
88,654,34,620,"weekend","afternoon","working","warm","restaurant",0,0,0,"midday"
88,656,36,620,"weekday","beforelunch","travelling","cold","grocery",0,0,0,"midday"
88,658,38,620,"weekday","afternoon","shopping","freezing","restaurant",0,0,0,"midday"
88,659,39,620,"weekday","night","travelling","warm","grocery",1,0,0,"night"
88,660,40,620,"weekday","afternoon","travelling","freezing","restaurant",1,0,0,"midday"
88,662,42,620,"weekday","afternoon","leisure","unknown","restaurant",0,0,0,"midday"
88,664,44,620,"weekday","afternoon","travelling","freezing","grocery",0,0,0,"midday"
88,665,45,620,"weekday","afternoon","travelling","warm","restaurant",0,0,0,"midday"
88,666,46,620,"weekday","beforelunch","travelling","cold","grocery",1,0,0,"midday"
88,668,48,620,"weekday","lunch","travelling","unknown","grocery",1,0,0,"midday"
88,669,49,620,"weekday","morning","shopping","freezing","grocery",0,0,0,"morning"
88,670,50,620,"weekday","beforelunch","travelling","freezing","grocery",0,0,0,"midday"
88,671,51,620,"weekend","breakfast","travelling","freezing","restaurant",0,0,0,"morning"
88,672,52,620,"weekday","beforelunch","travelling","warm","restaurant",1,0,0,"midday"
88,674,54,620,"weekday","lunch","working","cold","restaurant",0,0,0,"midday"
88,676,56,620,"weekday","earlymorning","working","unknown","restaurant",1,0,0,"morning"
88,677,57,620,"weekday","afternoon","shopping","unknown","grocery",0,1,0,"midday"
88,678,58,620,"weekend","unknown","shopping","cold","restaurant",0,1,0,"unknown"
88,679,59,620,"weekday","earlymorning","travelling","unknown","restaurant",1,1,0,"morning"
88,680,60,620,"weekday","beforelunch","leisure","unknown","grocery",0,1,0,"midday"
88,682,62,620,"unknown","beforelunch","travelling","hot","grocery",1,1,0,"midday"
88,683,63,620,"weekday","breakfast","travelling","freezing","grocery",0,1,0,"morning"
88,688,68,620,"weekday","lunch","travelling","warm","restaurant",1,1,0,"midday"
88,691,71,620,"unknown","afternoon","travelling","freezing","restaurant",0,1,0,"midday"
88,692,72,620,"weekday","afternoon","travelling","cold","grocery",0,1,0,"midday"
88,693,73,620,"weekend","lunch","leisure","unknown","grocery",1,1,0,"midday"
88,695,75,620,"weekday","lunch","working","unknown","grocery",0,1,0,"midday"
88,696,76,620,"weekend","afternoon","travelling","cold","grocery",0,1,0,"midday"
88,697,77,620,"weekend","afternoon","travelling","warm","restaurant",0,1,0,"midday"
88,698,78,620,"weekday","morning","travelling","unknown","grocery",0,1,0,"morning"
88,702,82,620,"weekend","beforelunch","travelling","cold","restaurant",1,1,0,"midday"
88,703,83,620,"weekday","beforelunch","unknown","warm","grocery",1,1,0,"midday"
88,704,84,620,"weekend","afternoon","morningrituals","freezing","restaurant",0,1,0,"midday"
88,705,85,620,"weekday","beforelunch","working","cold","restaurant",0,1,0,"midday"
88,707,87,620,"weekend","breakfast","travelling","cold","grocery",0,1,0,"morning"
88,708,88,620,"weekday","beforelunch","travelling","cold","grocery",0,1,0,"midday"
88,710,90,620,"weekday","night","unknown","freezing","restaurant",1,1,0,"night"
88,711,91,620,"weekday","afternoon","travelling","freezing","grocery",1,1,0,"midday"
88,712,92,620,"weekday","morning","travelling","unknown","restaurant",0,1,0,"morning"
88,715,95,620,"weekday","beforelunch","morningrituals","warm","grocery",1,1,0,"midday"
88,716,96,620,"weekday","lunch","travelling","freezing","grocery",0,1,0,"midday"
88,718,98,620,"weekday","afternoon","travelling","cold","restaurant",0,1,0,"midday"
88,719,99,620,"weekday","dinner","travelling","freezing","restaurant",1,1,0,"night"
88,721,101,620,"weekday","afternoon","travelling","unknown","grocery",1,1,0,"midday"
88,722,102,620,"weekday","morning","travelling","cold","grocery",0,1,0,"morning"
88,723,103,620,"weekday","breakfast","travelling","freezing","grocery",0,1,0,"morning"
88,724,104,620,"weekday","beforelunch","travelling","hot","grocery",1,1,0,"midday"
88,725,105,620,"weekday","lunch","travelling","cold","restaurant",0,1,0,"midday"
88,727,107,620,"weekday","earlymorning","travelling","cold","restaurant",0,1,0,"morning"
88,728,108,620,"weekend","lunch","morningrituals","freezing","grocery",1,1,0,"midday"
88,729,109,620,"weekday","lunch","working","cold","restaurant",0,1,0,"midday"
88,732,112,620,"weekday","afternoon","travelling","freezing","grocery",0,1,0,"midday"
88,733,113,620,"weekday","beforelunch","shopping","cold","restaurant",1,1,1,"midday"
88,734,114,620,"weekday","lunch","travelling","freezing","restaurant",0,1,1,"midday"
88,735,115,620,"weekday","lunch","travelling","cold","restaurant",1,1,1,"midday"
88,737,117,620,"weekday","beforelunch","leisure","cold","restaurant",0,1,1,"midday"
88,738,118,620,"weekend","afternoon","unknown","warm","restaurant",1,1,1,"midday"
88,739,119,620,"weekday","breakfast","travelling","freezing","restaurant",0,1,1,"morning"
88,743,123,620,"weekday","beforelunch","working","unknown","grocery",1,1,1,"midday"
88,745,125,620,"weekend","beforelunch","travelling","unknown","restaurant",0,1,1,"midday"
88,746,126,620,"weekend","breakfast","travelling","warm","restaurant",0,1,1,"morning"
88,747,127,620,"weekday","afternoon","travelling","unknown","grocery",0,1,1,"midday"
88,748,128,620,"weekend","lunch","leisure","unknown","grocery",0,1,1,"midday"
88,749,129,620,"weekend","afternoon","travelling","cold","grocery",0,1,1,"midday"
88,750,130,620,"weekend","morning","travelling","unknown","grocery",0,1,1,"morning"
88,753,133,620,"weekday","lunch","travelling","freezing","grocery",0,1,1,"midday"
88,754,134,620,"weekday","afternoon","working","warm","restaurant",0,1,1,"midday"
88,755,135,620,"unknown","breakfast","travelling","cold","restaurant",0,1,1,"morning"
88,756,136,620,"weekday","lunch","travelling","unknown","restaurant",0,1,1,"midday"
88,757,137,620,"weekday","lunch","travelling","freezing","restaurant",0,1,1,"midday"
88,758,138,620,"weekday","morning","travelling","freezing","grocery",0,1,1,"morning"
88,759,139,620,"weekday","breakfast","unknown","freezing","grocery",0,1,1,"morning"
88,760,140,620,"weekday","afternoon","travelling","cold","grocery",0,1,1,"midday"
88,763,143,620,"weekend","lunch","leisure","warm","restaurant",1,1,1,"midday"
88,764,144,620,"weekday","breakfast","unknown","hot","grocery",1,1,1,"morning"
88,765,145,620,"weekend","breakfast","morningrituals","warm","restaurant",0,1,1,"morning"
88,766,146,620,"weekday","afternoon","travelling","hot","grocery",0,1,1,"midday"
88,767,147,620,"weekday","afternoon","unknown","cold","restaurant",0,1,1,"midday"
88,768,148,620,"weekday","beforelunch","leisure","cold","grocery",0,1,1,"midday"
88,769,149,620,"weekday","afternoon","leisure","hot","restaurant",0,1,1,"midday"
88,771,151,620,"weekend","dinner","travelling","warm","grocery",1,1,1,"night"
88,772,152,620,"weekday","beforelunch","travelling","unknown","grocery",0,1,1,"midday"
88,773,153,620,"weekday","unknown","morningrituals","freezing","restaurant",0,1,1,"unknown"
88,775,155,620,"weekday","unknown","travelling","freezing","restaurant",1,1,1,"unknown"
88,776,156,620,"weekend","afternoon","travelling","cold","restaurant",1,1,1,"midday"
88,777,157,620,"weekday","latenight","unknown","unknown","restaurant",1,1,1,"night"
88,779,159,620,"weekday","afternoon","travelling","warm","grocery",0,1,1,"midday"
88,780,160,620,"weekday","afternoon","travelling","cold","restaurant",0,1,1,"midday"
88,784,164,620,"weekday","night","travelling","unknown","restaurant",0,1,1,"night"
88,785,165,620,"weekday","afternoon","travelling","freezing","grocery",0,1,1,"midday"
88,786,166,620,"weekend","earlymorning","unknown","warm","grocery",0,1,1,"morning"
88,788,168,620,"weekday","morning","travelling","hot","restaurant",1,1,1,"morning"
88,789,169,620,"weekend","afternoon","travelling","unknown","grocery",0,1,1,"midday"
88,790,170,620,"weekend","lunch","leisure","unknown","grocery",0,1,1,"midday"
88,791,171,620,"weekday","lunch","travelling","cold","grocery",0,1,1,"midday"
88,792,172,620,"weekday","afternoon","leisure","freezing","grocery",0,1,1,"midday"
88,795,175,620,"weekday","morning","travelling","unknown","restaurant",0,1,1,"morning"
88,796,176,620,"weekday","beforelunch","working","freezing","restaurant",1,1,1,"midday"
88,797,177,620,"weekend","beforelunch","travelling","cold","grocery",0,1,1,"midday"
88,798,178,620,"weekday","afternoon","leisure","freezing","grocery",0,1,1,"midday"
88,799,179,620,"weekday","afternoon","travelling","unknown","grocery",0,1,1,"midday"
88,800,180,620,"weekday","night","unknown","unknown","restaurant",0,1,1,"night"
88,801,181,620,"weekend","beforelunch","travelling","freezing","restaurant",0,1,1,"midday"
88,803,183,620,"weekend","beforelunch","travelling","cold","grocery",0,1,1,"midday"
89,623,1,622,"weekday","lunch","working","freezing","grocery",0,0,0,"midday"
89,624,2,622,"weekday","lunch","travelling","unknown","grocery",0,0,0,"midday"
89,627,5,622,"weekday","afternoon","travelling","unknown","restaurant",0,0,0,"midday"
89,628,6,622,"weekday","beforelunch","travelling","freezing","grocery",0,0,0,"midday"
89,629,7,622,"weekday","lunch","unknown","cold","grocery",0,0,0,"midday"
89,632,10,622,"weekday","breakfast","working","hot","restaurant",0,0,0,"morning"
89,633,11,622,"weekend","afternoon","unknown","cold","grocery",0,0,0,"midday"
89,635,13,622,"weekday","beforelunch","travelling","warm","restaurant",0,0,0,"midday"
89,636,14,622,"weekend","afternoon","travelling","cold","restaurant",0,0,0,"midday"
89,638,16,622,"weekday","breakfast","working","unknown","restaurant",1,0,0,"morning"
89,641,19,622,"weekday","beforelunch","unknown","unknown","grocery",0,0,0,"midday"
89,643,21,622,"weekday","lunch","morningrituals","hot","grocery",0,0,0,"midday"
89,644,22,622,"weekday","afternoon","leisure","unknown","restaurant",1,0,0,"midday"
89,648,26,622,"weekday","afternoon","unknown","unknown","restaurant",0,0,0,"midday"
89,649,27,622,"weekend","breakfast","travelling","freezing","restaurant",0,0,0,"morning"
89,651,29,622,"weekday","evening","travelling","cold","restaurant",0,0,0,"night"
89,652,30,622,"weekday","afternoon","travelling","warm","restaurant",1,0,0,"midday"
89,655,33,622,"weekday","afternoon","unknown","cold","grocery",0,0,0,"midday"
89,656,34,622,"weekday","afternoon","shopping","freezing","grocery",0,0,0,"midday"
89,657,35,622,"weekend","afternoon","shopping","freezing","restaurant",0,0,0,"midday"
89,658,36,622,"weekday","breakfast","travelling","freezing","grocery",0,0,0,"morning"
89,659,37,622,"weekday","morning","travelling","cold","grocery",0,0,0,"morning"
89,660,38,622,"weekday","afternoon","travelling","cold","restaurant",0,0,0,"midday"
89,661,39,622,"weekday","lunch","travelling","warm","grocery",0,0,0,"midday"
89,663,41,622,"weekday","afternoon","working","cold","restaurant",1,0,0,"midday"
89,664,42,622,"weekday","lunch","travelling","unknown","grocery",0,0,0,"midday"
89,665,43,622,"weekday","lunch","travelling","cold","grocery",0,0,0,"midday"
89,666,44,622,"weekday","afternoon","travelling","cold","restaurant",0,0,0,"midday"
89,667,45,622,"weekend","lunch","travelling","hot","restaurant",1,0,0,"midday"
89,668,46,622,"weekend","afternoon","travelling","cold","grocery",0,0,0,"midday"
89,671,49,622,"weekday","afternoon","unknown","unknown","restaurant",0,0,0,"midday"
89,672,50,622,"weekday","breakfast","travelling","warm","restaurant",0,0,0,"morning"
89,674,52,622,"weekday","beforelunch","unknown","freezing","restaurant",0,0,0,"midday"
89,675,53,622,"weekday","afternoon","travelling","cold","restaurant",0,0,0,"midday"
89,677,55,622,"weekday","breakfast","working","freezing","grocery",0,0,0,"morning"
89,678,56,622,"weekend","lunch","shopping","unknown","grocery",0,0,0,"midday"
89,681,59,622,"weekday","beforelunch","unknown","cold","restaurant",1,1,0,"midday"
89,682,60,622,"weekend","beforelunch","morningrituals","freezing","restaurant",0,1,0,"midday"
89,683,61,622,"weekend","afternoon","travelling","unknown","restaurant",1,1,0,"midday"
89,684,62,622,"weekday","dinner","leisure","hot","grocery",0,1,0,"night"
89,687,65,622,"weekday","lunch","morningrituals","cold","grocery",0,1,0,"midday"
89,689,67,622,"weekend","lunch","travelling","warm","grocery",0,1,0,"midday"
89,690,68,622,"weekend","afternoon","shopping","cold","grocery",1,1,0,"midday"
89,692,70,622,"weekday","afternoon","travelling","cold","grocery",0,1,0,"midday"
89,697,75,622,"weekend","lunch","travelling","warm","grocery",0,1,0,"midday"
89,700,78,622,"weekend","afternoon","working","hot","restaurant",0,1,0,"midday"
89,701,79,622,"weekday","morning","travelling","freezing","restaurant",1,1,0,"morning"
89,703,81,622,"weekday","lunch","travelling","unknown","grocery",0,1,0,"midday"
89,704,82,622,"weekday","afternoon","travelling","unknown","restaurant",0,1,0,"midday"
89,707,85,622,"weekday","lunch","leisure","cold","grocery",0,1,0,"midday"
89,708,86,622,"weekend","beforelunch","travelling","hot","grocery",0,1,0,"midday"
89,709,87,622,"weekday","beforelunch","travelling","freezing","restaurant",0,1,0,"midday"
89,712,90,622,"weekday","morning","unknown","freezing","restaurant",0,1,0,"morning"
89,713,91,622,"weekday","beforelunch","travelling","cold","grocery",0,1,0,"midday"
89,717,95,622,"weekday","afternoon","travelling","freezing","restaurant",0,1,0,"midday"
89,720,98,622,"weekday","lunch","working","warm","restaurant",0,1,0,"midday"
89,722,100,622,"weekend","afternoon","travelling","hot","grocery",0,1,0,"midday"
89,723,101,622,"weekend","night","working","freezing","grocery",0,1,0,"night"
89,727,105,622,"weekday","afternoon","working","unknown","restaurant",0,1,0,"midday"
89,728,106,622,"weekday","breakfast","travelling","unknown","grocery",0,1,0,"morning"
89,729,107,622,"weekend","beforelunch","travelling","freezing","grocery",1,1,0,"midday"
89,730,108,622,"weekday","lunch","travelling","hot","grocery",0,1,0,"midday"
89,731,109,622,"weekday","lunch","working","cold","restaurant",1,1,0,"midday"
89,733,111,622,"weekday","lunch","travelling","hot","grocery",0,1,0,"midday"
89,734,112,622,"weekday","beforelunch","travelling","cold","grocery",0,1,0,"midday"
89,738,116,622,"weekend","beforelunch","travelling","freezing","grocery",1,1,1,"midday"
89,739,117,622,"weekday","lunch","travelling","cold","restaurant",0,1,1,"midday"
89,741,119,622,"weekday","breakfast","travelling","hot","grocery",0,1,1,"morning"
89,743,121,622,"weekday","beforelunch","morningrituals","unknown","restaurant",1,1,1,"midday"
89,745,123,622,"weekday","afternoon","working","cold","restaurant",0,1,1,"midday"
89,747,125,622,"weekday","lunch","travelling","warm","restaurant",0,1,1,"midday"
89,749,127,622,"weekday","afternoon","travelling","freezing","grocery",0,1,1,"midday"
89,750,128,622,"weekday","afternoon","travelling","warm","restaurant",0,1,1,"midday"
89,754,132,622,"weekday","beforelunch","travelling","unknown","restaurant",0,1,1,"midday"
89,756,134,622,"weekday","lunch","travelling","cold","restaurant",0,1,1,"midday"
89,759,137,622,"weekday","afternoon","unknown","unknown","grocery",0,1,1,"midday"
89,761,139,622,"weekend","afternoon","travelling","cold","grocery",0,1,1,"midday"
89,762,140,622,"unknown","earlymorning","unknown","warm","restaurant",0,1,1,"morning"
89,763,141,622,"weekday","dinner","travelling","unknown","restaurant",0,1,1,"night"
89,765,143,622,"weekday","lunch","travelling","hot","grocery",0,1,1,"midday"
89,766,144,622,"weekday","lunch","travelling","unknown","grocery",0,1,1,"midday"
89,767,145,622,"weekend","afternoon","travelling","hot","restaurant",0,1,1,"midday"
89,768,146,622,"weekday","afternoon","unknown","cold","grocery",0,1,1,"midday"
89,770,148,622,"weekend","beforelunch","travelling","freezing","restaurant",0,1,1,"midday"
89,771,149,622,"weekday","breakfast","travelling","hot","grocery",0,1,1,"morning"
89,772,150,622,"weekday","dinner","unknown","cold","restaurant",0,1,1,"night"
89,775,153,622,"weekend","lunch","travelling","cold","grocery",0,1,1,"midday"
89,778,156,622,"unknown","morning","travelling","cold","restaurant",1,1,1,"morning"
89,779,157,622,"weekday","evening","travelling","unknown","restaurant",0,1,1,"night"
89,781,159,622,"weekend","breakfast","unknown","cold","grocery",0,1,1,"morning"
89,784,162,622,"weekday","dinner","morningrituals","hot","restaurant",0,1,1,"night"
89,786,164,622,"weekday","lunch","travelling","freezing","grocery",0,1,1,"midday"
89,787,165,622,"weekday","breakfast","travelling","cold","restaurant",0,1,1,"morning"
89,789,167,622,"weekday","unknown","travelling","hot","grocery",0,1,1,"unknown"
89,790,168,622,"weekday","night","travelling","freezing","restaurant",1,1,1,"night"
89,791,169,622,"weekday","afternoon","travelling","cold","grocery",0,1,1,"midday"
89,794,172,622,"weekday","lunch","leisure","freezing","restaurant",0,1,1,"midday"
89,797,175,622,"weekend","breakfast","leisure","cold","grocery",1,1,1,"morning"
89,798,176,622,"weekend","beforelunch","travelling","cold","restaurant",1,1,1,"midday"
89,801,179,622,"weekday","dinner","unknown","cold","grocery",1,1,1,"night"
89,802,180,622,"weekday","earlymorning","travelling","hot","restaurant",0,1,1,"morning"
90,632,0,632,"weekday","beforelunch","travelling","cold","restaurant",0,0,0,"midday"
90,633,1,632,"weekday","lunch","unknown","cold","grocery",1,0,0,"midday"
90,634,2,632,"weekend","breakfast","shopping","cold","grocery",0,0,0,"morning"
90,635,3,632,"weekday","breakfast","working","freezing","restaurant",0,0,0,"morning"
90,637,5,632,"weekday","lunch","unknown","cold","grocery",0,0,0,"midday"
90,638,6,632,"weekend","afternoon","travelling","cold","grocery",0,0,0,"midday"
90,639,7,632,"weekend","morning","shopping","unknown","restaurant",0,0,0,"morning"
90,640,8,632,"weekday","afternoon","travelling","freezing","restaurant",0,0,0,"midday"
90,642,10,632,"weekday","lunch","unknown","unknown","grocery",1,0,0,"midday"
90,643,11,632,"weekday","lunch","travelling","unknown","grocery",0,0,0,"midday"
90,644,12,632,"weekday","dinner","unknown","cold","restaurant",0,0,0,"night"
90,645,13,632,"weekend","afternoon","travelling","warm","restaurant",0,0,0,"midday"
90,647,15,632,"weekday","lunch","unknown","cold","restaurant",1,0,0,"midday"
90,648,16,632,"weekend","breakfast","travelling","warm","restaurant",0,0,0,"morning"
90,650,18,632,"weekday","afternoon","unknown","hot","grocery",0,0,0,"midday"
90,651,19,632,"weekday","beforelunch","leisure","unknown","restaurant",0,0,0,"midday"
90,652,20,632,"weekend","lunch","travelling","cold","restaurant",0,0,0,"midday"
90,656,24,632,"weekday","afternoon","shopping","freezing","grocery",1,0,0,"midday"
90,657,25,632,"weekend","lunch","unknown","hot","restaurant",0,0,0,"midday"
90,659,27,632,"weekday","lunch","travelling","freezing","grocery",0,0,0,"midday"
90,660,28,632,"weekday","lunch","leisure","cold","grocery",1,0,0,"midday"
90,661,29,632,"unknown","unknown","travelling","cold","restaurant",0,0,0,"unknown"
90,662,30,632,"weekend","afternoon","working","freezing","restaurant",0,0,0,"midday"
90,663,31,632,"weekend","beforelunch","working","freezing","restaurant",1,0,0,"midday"
90,664,32,632,"weekday","breakfast","travelling","cold","restaurant",0,0,0,"morning"
90,665,33,632,"unknown","beforelunch","travelling","unknown","restaurant",0,0,0,"midday"
90,666,34,632,"weekday","afternoon","travelling","unknown","grocery",0,0,0,"midday"
90,667,35,632,"weekday","afternoon","working","freezing","grocery",0,0,0,"midday"
90,668,36,632,"weekday","breakfast","unknown","freezing","restaurant",0,0,0,"morning"
90,670,38,632,"weekend","lunch","travelling","unknown","restaurant",0,0,0,"midday"
90,673,41,632,"weekend","beforelunch","travelling","freezing","grocery",1,0,0,"midday"
90,674,42,632,"weekday","lunch","travelling","warm","grocery",0,0,0,"midday"
90,675,43,632,"unknown","afternoon","travelling","freezing","restaurant",0,0,0,"midday"
90,676,44,632,"weekend","morning","working","cold","restaurant",0,0,0,"morning"
90,677,45,632,"weekday","lunch","working","freezing","grocery",0,0,0,"midday"
90,678,46,632,"weekday","afternoon","travelling","cold","grocery",0,0,0,"midday"
90,679,47,632,"weekday","beforelunch","travelling","unknown","grocery",0,0,0,"midday"
90,681,49,632,"weekday","lunch","housework","warm","restaurant",0,0,0,"midday"
90,683,51,632,"weekday","morning","travelling","unknown","grocery",1,0,0,"morning"
90,685,53,632,"weekday","beforelunch","travelling","hot","restaurant",0,0,0,"midday"
90,689,57,632,"weekday","lunch","travelling","warm","restaurant",0,1,0,"midday"
90,690,58,632,"weekday","afternoon","travelling","unknown","restaurant",0,1,0,"midday"
90,691,59,632,"weekday","afternoon","workingout","unknown","restaurant",0,1,0,"midday"
90,692,60,632,"weekday","lunch","travelling","unknown","restaurant",0,1,0,"midday"
90,694,62,632,"weekend","morning","travelling","cold","grocery",0,1,0,"morning"
90,695,63,632,"weekday","afternoon","shopping","cold","restaurant",0,1,0,"midday"
90,696,64,632,"weekend","beforelunch","travelling","freezing","grocery",0,1,0,"midday"
90,697,65,632,"weekday","lunch","leisure","hot","grocery",0,1,0,"midday"
90,698,66,632,"weekend","afternoon","travelling","cold","grocery",0,1,0,"midday"
90,699,67,632,"weekday","afternoon","workingout","freezing","grocery",1,1,0,"midday"
90,700,68,632,"weekday","lunch","travelling","cold","grocery",1,1,0,"midday"
90,701,69,632,"weekend","dinner","travelling","hot","grocery",0,1,0,"night"
90,702,70,632,"weekend","lunch","unknown","unknown","grocery",0,1,0,"midday"
90,703,71,632,"weekend","beforelunch","unknown","warm","grocery",0,1,0,"midday"
90,705,73,632,"weekday","breakfast","travelling","unknown","restaurant",0,1,0,"morning"
90,706,74,632,"weekday","beforelunch","shopping","hot","grocery",0,1,0,"midday"
90,708,76,632,"weekday","beforelunch","unknown","cold","grocery",0,1,0,"midday"
90,709,77,632,"weekday","lunch","travelling","unknown","grocery",0,1,0,"midday"
90,710,78,632,"weekend","afternoon","travelling","warm","restaurant",0,1,0,"midday"
90,713,81,632,"weekday","afternoon","travelling","unknown","restaurant",0,1,0,"midday"
90,714,82,632,"weekday","beforelunch","travelling","freezing","restaurant",0,1,0,"midday"
90,715,83,632,"weekend","lunch","travelling","warm","restaurant",1,1,0,"midday"
90,716,84,632,"weekday","afternoon","travelling","cold","restaurant",0,1,0,"midday"
90,717,85,632,"weekday","dinner","travelling","freezing","grocery",0,1,0,"night"
90,718,86,632,"weekday","afternoon","travelling","freezing","restaurant",0,1,0,"midday"
90,720,88,632,"weekday","breakfast","unknown","freezing","grocery",0,1,0,"morning"
90,721,89,632,"weekend","beforelunch","travelling","cold","restaurant",0,1,0,"midday"
90,722,90,632,"weekday","afternoon","working","warm","restaurant",1,1,0,"midday"
90,724,92,632,"weekend","afternoon","morningrituals","freezing","restaurant",0,1,0,"midday"
90,726,94,632,"weekday","dinner","travelling","unknown","grocery",0,1,0,"night"
90,728,96,632,"weekend","earlymorning","leisure","warm","restaurant",1,1,0,"morning"
90,729,97,632,"weekday","lunch","travelling","unknown","restaurant",1,1,0,"midday"
90,730,98,632,"weekday","breakfast","travelling","unknown","restaurant",1,1,0,"morning"
90,733,101,632,"weekday","afternoon","unknown","unknown","grocery",0,1,0,"midday"
90,734,102,632,"weekday","breakfast","leisure","freezing","restaurant",1,1,0,"morning"
90,736,104,632,"weekday","beforelunch","working","hot","restaurant",0,1,0,"midday"
90,738,106,632,"weekend","afternoon","morningrituals","freezing","restaurant",0,1,0,"midday"
90,739,107,632,"weekend","afternoon","travelling","cold","grocery",0,1,0,"midday"
90,741,109,632,"weekday","morning","travelling","unknown","restaurant",0,1,0,"morning"
90,742,110,632,"weekend","morning","shopping","cold","grocery",1,1,0,"morning"
90,744,112,632,"weekend","latenight","shopping","unknown","grocery",1,1,0,"night"
90,746,114,632,"weekday","beforelunch","travelling","unknown","restaurant",1,1,1,"midday"
90,747,115,632,"weekend","unknown","leisure","hot","grocery",0,1,1,"unknown"
90,748,116,632,"weekday","afternoon","travelling","freezing","grocery",0,1,1,"midday"
90,749,117,632,"weekday","lunch","travelling","cold","restaurant",0,1,1,"midday"
90,751,119,632,"weekend","lunch","leisure","cold","restaurant",0,1,1,"midday"
90,752,120,632,"weekend","breakfast","leisure","cold","grocery",0,1,1,"morning"
90,755,123,632,"weekday","afternoon","shopping","unknown","grocery",1,1,1,"midday"
90,756,124,632,"weekday","breakfast","unknown","unknown","grocery",0,1,1,"morning"
90,757,125,632,"weekday","lunch","unknown","unknown","grocery",1,1,1,"midday"
90,758,126,632,"weekend","afternoon","shopping","unknown","grocery",1,1,1,"midday"
90,759,127,632,"weekday","breakfast","travelling","cold","restaurant",0,1,1,"morning"
90,760,128,632,"weekday","beforelunch","travelling","cold","restaurant",1,1,1,"midday"
90,762,130,632,"weekend","afternoon","travelling","cold","restaurant",0,1,1,"midday"
90,764,132,632,"weekday","earlymorning","unknown","warm","grocery",0,1,1,"morning"
90,769,137,632,"weekday","afternoon","leisure","unknown","restaurant",0,1,1,"midday"
90,770,138,632,"weekday","afternoon","unknown","unknown","restaurant",1,1,1,"midday"
90,771,139,632,"weekday","lunch","travelling","warm","restaurant",0,1,1,"midday"
90,772,140,632,"weekend","lunch","travelling","unknown","grocery",1,1,1,"midday"
90,774,142,632,"weekday","evening","travelling","warm","grocery",0,1,1,"night"
90,776,144,632,"weekday","lunch","travelling","warm","restaurant",1,1,1,"midday"
90,778,146,632,"weekday","afternoon","travelling","unknown","restaurant",0,1,1,"midday"
90,779,147,632,"weekday","breakfast","travelling","unknown","grocery",0,1,1,"morning"
90,782,150,632,"weekday","beforelunch","travelling","warm","grocery",0,1,1,"midday"
90,783,151,632,"weekend","morning","travelling","cold","restaurant",0,1,1,"morning"
90,784,152,632,"weekday","lunch","travelling","warm","grocery",0,1,1,"midday"
90,785,153,632,"weekday","beforelunch","unknown","cold","restaurant",0,1,1,"midday"
90,786,154,632,"weekend","breakfast","travelling","freezing","grocery",0,1,1,"morning"
90,792,160,632,"weekday","lunch","travelling","unknown","restaurant",0,1,1,"midday"
90,793,161,632,"weekday","breakfast","leisure","freezing","grocery",0,1,1,"morning"
90,794,162,632,"weekend","earlymorning","working","unknown","grocery",0,1,1,"morning"
90,795,163,632,"weekday","lunch","travelling","hot","restaurant",0,1,1,"midday"
90,796,164,632,"weekday","afternoon","travelling","hot","restaurant",0,1,1,"midday"
90,798,166,632,"weekday","night","travelling","cold","grocery",0,1,1,"night"
90,799,167,632,"weekday","dinner","leisure","warm","grocery",0,1,1,"night"
90,800,168,632,"weekday","lunch","travelling","unknown","restaurant",0,1,1,"midday"
90,801,169,632,"weekday","afternoon","travelling","hot","restaurant",1,1,1,"midday"
90,804,172,632,"weekend","afternoon","travelling","cold","grocery",1,1,1,"midday"
90,806,174,632,"weekend","lunch","working","unknown","grocery",0,1,1,"midday"
90,807,175,632,"weekday","afternoon","travelling","unknown","restaurant",0,1,1,"midday"
90,808,176,632,"weekday","lunch","working","cold","restaurant",0,1,1,"midday"
90,809,177,632,"weekend","lunch","working","warm","grocery",0,1,1,"midday"
90,812,180,632,"weekend","breakfast","travelling","cold","restaurant",1,1,1,"morning"
90,814,182,632,"weekend","afternoon","morningrituals","unknown","grocery",0,1,1,"midday"
91,645,1,644,"weekday","afternoon","travelling","warm","restaurant",0,0,0,"midday"
91,646,2,644,"weekday","beforelunch","shopping","warm","grocery",0,0,0,"midday"
91,648,4,644,"weekday","lunch","travelling","warm","grocery",1,0,0,"midday"
91,650,6,644,"weekday","beforelunch","leisure","cold","grocery",1,0,0,"midday"
91,652,8,644,"weekday","lunch","shopping","unknown","restaurant",0,0,0,"midday"
91,655,11,644,"weekday","lunch","travelling","warm","restaurant",0,0,0,"midday"
91,657,13,644,"weekday","breakfast","leisure","freezing","restaurant",0,0,0,"morning"
91,676,32,644,"unknown","afternoon","travelling","freezing","restaurant",0,0,0,"midday"
91,677,33,644,"weekday","afternoon","travelling","hot","grocery",0,0,0,"midday"
91,678,34,644,"weekend","afternoon","travelling","cold","grocery",0,0,0,"midday"
91,681,37,644,"weekend","afternoon","travelling","cold","restaurant",0,0,0,"midday"
91,682,38,644,"weekday","breakfast","travelling","hot","restaurant",0,0,0,"morning"
91,687,43,644,"weekday","lunch","working","freezing","grocery",1,0,0,"midday"
91,693,49,644,"weekday","breakfast","travelling","unknown","grocery",0,0,0,"morning"
91,699,55,644,"weekday","beforelunch","travelling","warm","restaurant",0,0,0,"midday"
91,702,58,644,"weekday","unknown","leisure","warm","restaurant",1,1,0,"unknown"
91,705,61,644,"weekend","afternoon","travelling","unknown","grocery",0,1,0,"midday"
91,711,67,644,"weekend","breakfast","travelling","cold","grocery",1,1,0,"morning"
91,720,76,644,"weekday","latenight","working","cold","grocery",0,1,0,"night"
91,721,77,644,"weekend","afternoon","working","cold","grocery",0,1,0,"midday"
91,742,98,644,"unknown","lunch","travelling","unknown","restaurant",0,1,0,"midday"
91,757,113,644,"weekend","dinner","travelling","freezing","restaurant",0,1,1,"night"
91,768,124,644,"weekday","afternoon","travelling","unknown","grocery",0,1,1,"midday"
91,769,125,644,"weekday","breakfast","working","unknown","restaurant",0,1,1,"morning"
91,770,126,644,"weekday","lunch","travelling","unknown","restaurant",0,1,1,"midday"
91,774,130,644,"weekday","beforelunch","travelling","cold","grocery",0,1,1,"midday"
91,780,136,644,"weekend","afternoon","unknown","cold","grocery",0,1,1,"midday"
91,787,143,644,"weekday","afternoon","working","cold","restaurant",0,1,1,"midday"
91,790,146,644,"weekday","morning","travelling","freezing","grocery",1,1,1,"morning"
91,808,164,644,"unknown","dinner","unknown","warm","grocery",0,1,1,"night"
91,809,165,644,"weekday","afternoon","travelling","freezing","restaurant",0,1,1,"midday"
91,814,170,644,"weekday","afternoon","working","freezing","grocery",0,1,1,"midday"
91,819,175,644,"weekday","afternoon","shopping","cold","restaurant",1,1,1,"midday"
91,825,181,644,"weekday","afternoon","unknown","warm","restaurant",1,1,1,"midday"
92,652,5,647,"weekday","breakfast","leisure","freezing","grocery",0,0,0,"morning"
92,653,6,647,"weekend","beforelunch","travelling","cold","restaurant",1,0,0,"midday"
92,657,10,647,"weekday","lunch","travelling","hot","grocery",0,0,0,"midday"
92,661,14,647,"weekend","lunch","travelling","cold","restaurant",1,0,0,"midday"
92,662,15,647,"weekday","afternoon","unknown","unknown","grocery",0,0,0,"midday"
92,663,16,647,"weekday","breakfast","working","cold","grocery",0,0,0,"morning"
92,665,18,647,"weekday","breakfast","travelling","hot","restaurant",0,0,0,"morning"
92,679,32,647,"weekday","afternoon","travelling","warm","grocery",0,0,0,"midday"
92,681,34,647,"weekday","lunch","travelling","freezing","grocery",0,0,0,"midday"
92,682,35,647,"weekday","lunch","travelling","unknown","grocery",1,0,0,"midday"
92,687,40,647,"weekday","lunch","travelling","unknown","restaurant",0,0,0,"midday"
92,688,41,647,"weekend","lunch","working","unknown","grocery",0,0,0,"midday"
92,690,43,647,"weekday","afternoon","unknown","cold","restaurant",1,0,0,"midday"
92,691,44,647,"weekday","earlymorning","travelling","cold","grocery",0,0,0,"morning"
92,694,47,647,"weekday","lunch","shopping","cold","restaurant",0,0,0,"midday"
92,700,53,647,"weekday","lunch","working","freezing","restaurant",0,0,0,"midday"
92,702,55,647,"weekday","beforelunch","travelling","warm","restaurant",1,0,0,"midday"
92,706,59,647,"weekday","beforelunch","travelling","warm","grocery",0,1,0,"midday"
92,707,60,647,"weekday","morning","unknown","unknown","restaurant",1,1,0,"morning"
92,709,62,647,"weekday","morning","leisure","warm","restaurant",0,1,0,"morning"
92,712,65,647,"weekend","unknown","unknown","hot","grocery",1,1,0,"unknown"
92,713,66,647,"weekday","afternoon","travelling","unknown","restaurant",0,1,0,"midday"
92,716,69,647,"weekday","lunch","travelling","freezing","restaurant",0,1,0,"midday"
92,717,70,647,"weekday","afternoon","travelling","warm","grocery",0,1,0,"midday"
92,719,72,647,"weekday","lunch","travelling","unknown","grocery",0,1,0,"midday"
92,720,73,647,"weekday","lunch","travelling","cold","restaurant",0,1,0,"midday"
92,725,78,647,"weekend","lunch","travelling","cold","restaurant",0,1,0,"midday"
92,728,81,647,"weekday","afternoon","travelling","cold","grocery",1,1,0,"midday"
92,731,84,647,"weekday","morning","travelling","warm","restaurant",0,1,0,"morning"
92,732,85,647,"weekday","latenight","travelling","cold","grocery",0,1,0,"night"
92,734,87,647,"weekday","morning","unknown","hot","grocery",0,1,0,"morning"
92,740,93,647,"weekend","morning","travelling","hot","grocery",1,1,0,"morning"
92,741,94,647,"unknown","lunch","travelling","unknown","restaurant",0,1,0,"midday"
92,742,95,647,"weekend","morning","leisure","unknown","grocery",0,1,0,"morning"
92,743,96,647,"weekday","afternoon","travelling","unknown","grocery",0,1,0,"midday"
92,746,99,647,"weekend","beforelunch","unknown","cold","grocery",0,1,0,"midday"
92,747,100,647,"weekday","lunch","travelling","unknown","restaurant",1,1,0,"midday"
92,749,102,647,"weekday","dinner","travelling","unknown","restaurant",0,1,0,"night"
92,751,104,647,"weekday","morning","shopping","freezing","grocery",0,1,0,"morning"
92,752,105,647,"weekday","beforelunch","travelling","warm","grocery",0,1,0,"midday"
92,753,106,647,"weekend","beforelunch","working","cold","grocery",1,1,0,"midday"
92,757,110,647,"weekday","beforelunch","unknown","unknown","restaurant",0,1,0,"midday"
92,759,112,647,"weekday","breakfast","working","cold","restaurant",0,1,0,"morning"
92,760,113,647,"weekend","afternoon","unknown","hot","restaurant",1,1,1,"midday"
92,761,114,647,"weekend","lunch","unknown","cold","restaurant",0,1,1,"midday"
92,762,115,647,"weekday","breakfast","travelling","cold","restaurant",1,1,1,"morning"
92,764,117,647,"weekend","afternoon","travelling","unknown","grocery",1,1,1,"midday"
92,766,119,647,"weekday","lunch","travelling","cold","restaurant",0,1,1,"midday"
92,772,125,647,"weekday","morning","leisure","unknown","grocery",0,1,1,"morning"
92,778,131,647,"weekday","afternoon","travelling","cold","grocery",0,1,1,"midday"
92,779,132,647,"weekday","lunch","travelling","freezing","restaurant",0,1,1,"midday"
92,780,133,647,"weekday","morning","travelling","cold","restaurant",0,1,1,"morning"
92,781,134,647,"weekday","dinner","travelling","unknown","grocery",0,1,1,"night"
92,782,135,647,"weekday","lunch","unknown","unknown","restaurant",0,1,1,"midday"
92,790,143,647,"weekday","breakfast","shopping","cold","restaurant",1,1,1,"morning"
92,793,146,647,"weekend","afternoon","working","cold","grocery",0,1,1,"midday"
92,795,148,647,"weekday","beforelunch","travelling","warm","restaurant",0,1,1,"midday"
92,800,153,647,"weekend","lunch","unknown","freezing","restaurant",0,1,1,"midday"
92,801,154,647,"weekday","night","travelling","warm","grocery",0,1,1,"night"
92,802,155,647,"weekend","lunch","unknown","freezing","restaurant",1,1,1,"midday"
92,804,157,647,"weekday","breakfast","travelling","freezing","restaurant",0,1,1,"morning"
92,808,161,647,"unknown","breakfast","working","freezing","restaurant",0,1,1,"morning"
92,810,163,647,"weekend","lunch","travelling","hot","restaurant",0,1,1,"midday"
92,813,166,647,"weekday","lunch","travelling","freezing","restaurant",1,1,1,"midday"
92,815,168,647,"weekday","breakfast","travelling","hot","restaurant",1,1,1,"morning"
92,822,175,647,"weekday","breakfast","shopping","cold","grocery",0,1,1,"morning"
92,827,180,647,"weekday","afternoon","leisure","freezing","restaurant",0,1,1,"midday"
92,830,183,647,"weekday","afternoon","travelling","cold","grocery",0,1,1,"midday"
93,661,5,656,"weekday","breakfast","working","warm","restaurant",0,0,0,"morning"
93,662,6,656,"weekday","beforelunch","travelling","cold","restaurant",0,0,0,"midday"
93,663,7,656,"weekday","morning","travelling","unknown","restaurant",0,0,0,"morning"
93,668,12,656,"weekend","lunch","leisure","cold","grocery",0,0,0,"midday"
93,669,13,656,"weekday","breakfast","travelling","unknown","grocery",0,0,0,"morning"
93,671,15,656,"weekday","afternoon","unknown","hot","grocery",0,0,0,"midday"
93,675,19,656,"weekday","morning","travelling","unknown","restaurant",1,0,0,"morning"
93,684,28,656,"weekday","lunch","travelling","cold","grocery",0,0,0,"midday"
93,687,31,656,"weekday","evening","leisure","unknown","grocery",0,0,0,"night"
93,690,34,656,"weekday","unknown","shopping","freezing","restaurant",0,0,0,"unknown"
93,694,38,656,"weekday","lunch","travelling","cold","restaurant",0,0,0,"midday"
93,698,42,656,"weekend","afternoon","travelling","unknown","restaurant",1,0,0,"midday"
93,705,49,656,"weekday","afternoon","travelling","unknown","restaurant",0,0,0,"midday"
93,706,50,656,"weekend","afternoon","travelling","unknown","restaurant",1,0,0,"midday"
93,721,65,656,"weekday","lunch","leisure","cold","restaurant",0,1,0,"midday"
93,732,76,656,"weekday","lunch","morningrituals","unknown","grocery",0,1,0,"midday"
93,745,89,656,"weekday","beforelunch","travelling","unknown","grocery",1,1,0,"midday"
93,747,91,656,"weekday","beforelunch","travelling","cold","restaurant",1,1,0,"midday"
93,768,112,656,"weekday","breakfast","unknown","unknown","restaurant",1,1,0,"morning"
93,777,121,656,"weekday","afternoon","travelling","cold","grocery",1,1,1,"midday"
93,779,123,656,"weekday","lunch","unknown","cold","restaurant",0,1,1,"midday"
93,786,130,656,"weekday","breakfast","travelling","unknown","grocery",0,1,1,"morning"
93,787,131,656,"weekend","beforelunch","travelling","hot","restaurant",1,1,1,"midday"
93,789,133,656,"weekend","afternoon","morningrituals","cold","restaurant",0,1,1,"midday"
93,793,137,656,"weekday","earlymorning","travelling","freezing","restaurant",0,1,1,"morning"
93,798,142,656,"weekend","afternoon","unknown","cold","grocery",1,1,1,"midday"
93,799,143,656,"weekday","afternoon","travelling","cold","grocery",0,1,1,"midday"
93,800,144,656,"weekend","afternoon","travelling","freezing","grocery",0,1,1,"midday"
93,802,146,656,"weekday","afternoon","housework","cold","restaurant",1,1,1,"midday"
93,807,151,656,"weekend","lunch","travelling","cold","restaurant",0,1,1,"midday"
93,808,152,656,"weekday","afternoon","travelling","cold","grocery",0,1,1,"midday"
93,809,153,656,"weekend","afternoon","travelling","warm","grocery",1,1,1,"midday"
93,810,154,656,"weekday","night","travelling","cold","restaurant",0,1,1,"night"
93,815,159,656,"weekday","lunch","working","cold","grocery",0,1,1,"midday"
93,823,167,656,"weekday","dinner","travelling","freezing","grocery",0,1,1,"night"
93,827,171,656,"weekend","beforelunch","travelling","unknown","restaurant",0,1,1,"midday"
93,839,183,656,"weekday","beforelunch","travelling","freezing","grocery",0,1,1,"midday"
94,658,1,657,"weekend","beforelunch","shopping","cold","restaurant",0,0,0,"midday"
94,662,5,657,"weekday","evening","shopping","freezing","grocery",0,0,0,"night"
94,664,7,657,"weekday","afternoon","travelling","unknown","restaurant",1,0,0,"midday"
94,665,8,657,"weekday","afternoon","travelling","cold","grocery",0,0,0,"midday"
94,666,9,657,"weekend","afternoon","shopping","hot","grocery",0,0,0,"midday"
94,667,10,657,"weekday","dinner","travelling","freezing","grocery",0,0,0,"night"
94,668,11,657,"weekday","beforelunch","travelling","freezing","grocery",0,0,0,"midday"
94,669,12,657,"weekday","dinner","travelling","freezing","restaurant",0,0,0,"night"
94,670,13,657,"weekday","afternoon","shopping","freezing","grocery",0,0,0,"midday"
94,672,15,657,"weekday","afternoon","travelling","freezing","grocery",0,0,0,"midday"
94,674,17,657,"weekday","breakfast","unknown","cold","restaurant",0,0,0,"morning"
94,679,22,657,"weekday","beforelunch","unknown","freezing","grocery",0,0,0,"midday"
94,681,24,657,"weekday","beforelunch","travelling","freezing","restaurant",1,0,0,"midday"
94,685,28,657,"weekend","morning","travelling","cold","grocery",1,0,0,"morning"
94,686,29,657,"weekday","afternoon","travelling","warm","restaurant",0,0,0,"midday"
94,687,30,657,"unknown","afternoon","unknown","cold","restaurant",0,0,0,"midday"
94,688,31,657,"weekend","earlymorning","travelling","freezing","restaurant",0,0,0,"morning"
94,689,32,657,"weekday","unknown","travelling","freezing","grocery",0,0,0,"unknown"
94,692,35,657,"weekday","afternoon","leisure","cold","grocery",1,0,0,"midday"
94,693,36,657,"weekend","dinner","unknown","cold","grocery",0,0,0,"night"
94,696,39,657,"weekday","lunch","travelling","warm","restaurant",0,0,0,"midday"
94,698,41,657,"weekday","breakfast","travelling","freezing","restaurant",0,0,0,"morning"
94,699,42,657,"weekday","afternoon","travelling","cold","restaurant",0,0,0,"midday"
94,700,43,657,"weekday","afternoon","travelling","warm","grocery",0,0,0,"midday"
94,701,44,657,"weekday","afternoon","shopping","warm","restaurant",0,0,0,"midday"
94,703,46,657,"weekday","afternoon","unknown","cold","restaurant",1,0,0,"midday"
94,704,47,657,"weekday","breakfast","travelling","freezing","grocery",1,0,0,"morning"
94,709,52,657,"weekday","afternoon","travelling","warm","grocery",1,0,0,"midday"
94,710,53,657,"unknown","earlymorning","travelling","cold","grocery",1,0,0,"morning"
94,711,54,657,"weekday","afternoon","travelling","freezing","restaurant",0,0,0,"midday"
94,712,55,657,"weekend","lunch","morningrituals","unknown","grocery",1,0,0,"midday"
94,714,57,657,"weekday","lunch","travelling","unknown","restaurant",1,1,0,"midday"
94,716,59,657,"weekday","afternoon","travelling","unknown","restaurant",0,1,0,"midday"
94,717,60,657,"weekday","breakfast","travelling","warm","restaurant",0,1,0,"morning"
94,718,61,657,"weekday","lunch","travelling","unknown","restaurant",1,1,0,"midday"
94,723,66,657,"weekday","lunch","travelling","freezing","restaurant",1,1,0,"midday"
94,726,69,657,"weekday","lunch","unknown","warm","restaurant",0,1,0,"midday"
94,727,70,657,"weekday","lunch","shopping","cold","grocery",0,1,0,"midday"
94,728,71,657,"weekday","beforelunch","travelling","unknown","grocery",0,1,0,"midday"
94,733,76,657,"weekend","morning","morningrituals","cold","restaurant",1,1,0,"morning"
94,734,77,657,"weekday","beforelunch","travelling","unknown","restaurant",0,1,0,"midday"
94,737,80,657,"weekday","afternoon","travelling","cold","restaurant",0,1,0,"midday"
94,740,83,657,"weekday","afternoon","unknown","unknown","restaurant",0,1,0,"midday"
94,743,86,657,"weekend","lunch","leisure","hot","grocery",0,1,0,"midday"
94,745,88,657,"weekday","lunch","leisure","unknown","restaurant",0,1,0,"midday"
94,746,89,657,"weekday","afternoon","travelling","cold","restaurant",0,1,0,"midday"
94,747,90,657,"weekday","afternoon","leisure","warm","grocery",1,1,0,"midday"
94,748,91,657,"weekday","afternoon","unknown","freezing","restaurant",1,1,0,"midday"
94,750,93,657,"weekday","morning","working","cold","restaurant",1,1,0,"morning"
94,751,94,657,"weekend","beforelunch","unknown","freezing","grocery",1,1,0,"midday"
94,752,95,657,"weekday","lunch","unknown","freezing","restaurant",0,1,0,"midday"
94,753,96,657,"weekend","night","leisure","freezing","grocery",0,1,0,"night"
94,755,98,657,"weekday","night","leisure","freezing","restaurant",0,1,0,"night"
94,756,99,657,"weekday","afternoon","leisure","unknown","restaurant",0,1,0,"midday"
94,757,100,657,"weekday","beforelunch","travelling","unknown","restaurant",0,1,0,"midday"
94,758,101,657,"weekend","beforelunch","travelling","unknown","restaurant",0,1,0,"midday"
94,759,102,657,"weekday","beforelunch","travelling","cold","restaurant",0,1,0,"midday"
94,761,104,657,"weekend","beforelunch","travelling","freezing","grocery",0,1,0,"midday"
94,763,106,657,"weekend","beforelunch","travelling","cold","grocery",1,1,0,"midday"
94,764,107,657,"weekday","dinner","leisure","warm","grocery",0,1,0,"night"
94,767,110,657,"weekday","beforelunch","working","freezing","grocery",0,1,0,"midday"
94,768,111,657,"weekday","lunch","travelling","unknown","restaurant",0,1,0,"midday"
94,770,113,657,"weekday","lunch","travelling","warm","grocery",0,1,1,"midday"
94,771,114,657,"weekday","breakfast","unknown","unknown","restaurant",1,1,1,"morning"
94,772,115,657,"weekday","beforelunch","travelling","freezing","grocery",0,1,1,"midday"
94,776,119,657,"weekday","dinner","leisure","freezing","restaurant",0,1,1,"night"
94,778,121,657,"weekday","afternoon","travelling","cold","grocery",1,1,1,"midday"
94,779,122,657,"weekend","breakfast","unknown","cold","restaurant",1,1,1,"morning"
94,781,124,657,"weekday","lunch","travelling","freezing","restaurant",1,1,1,"midday"
94,783,126,657,"weekday","morning","unknown","cold","restaurant",0,1,1,"morning"
94,784,127,657,"weekday","lunch","travelling","warm","restaurant",1,1,1,"midday"
94,785,128,657,"weekday","beforelunch","travelling","cold","grocery",0,1,1,"midday"
94,788,131,657,"weekday","morning","travelling","cold","restaurant",0,1,1,"morning"
94,790,133,657,"unknown","lunch","working","freezing","restaurant",0,1,1,"midday"
94,791,134,657,"weekday","breakfast","travelling","cold","restaurant",0,1,1,"morning"
94,794,137,657,"weekend","afternoon","travelling","cold","restaurant",0,1,1,"midday"
94,797,140,657,"weekday","morning","travelling","unknown","restaurant",0,1,1,"morning"
94,800,143,657,"weekday","lunch","travelling","cold","grocery",0,1,1,"midday"
94,801,144,657,"weekend","morning","unknown","cold","restaurant",1,1,1,"morning"
94,805,148,657,"weekday","latenight","unknown","unknown","restaurant",1,1,1,"night"
94,806,149,657,"weekday","evening","travelling","warm","grocery",1,1,1,"night"
94,807,150,657,"weekend","beforelunch","morningrituals","hot","restaurant",0,1,1,"midday"
94,810,153,657,"weekend","beforelunch","travelling","freezing","grocery",1,1,1,"midday"
94,811,154,657,"weekday","breakfast","travelling","warm","grocery",0,1,1,"morning"
94,813,156,657,"weekday","beforelunch","travelling","unknown","grocery",0,1,1,"midday"
94,816,159,657,"weekday","afternoon","travelling","unknown","restaurant",0,1,1,"midday"
94,819,162,657,"weekday","breakfast","travelling","cold","grocery",0,1,1,"morning"
94,823,166,657,"weekend","lunch","unknown","hot","restaurant",0,1,1,"midday"
94,824,167,657,"weekday","afternoon","unknown","warm","grocery",0,1,1,"midday"
94,825,168,657,"weekday","afternoon","travelling","hot","grocery",0,1,1,"midday"
94,830,173,657,"weekend","afternoon","travelling","unknown","grocery",1,1,1,"midday"
94,831,174,657,"weekday","morning","travelling","freezing","restaurant",1,1,1,"morning"
94,835,178,657,"weekday","breakfast","travelling","warm","grocery",0,1,1,"morning"
94,837,180,657,"weekend","breakfast","travelling","cold","grocery",1,1,1,"morning"
94,838,181,657,"weekend","beforelunch","leisure","warm","grocery",0,1,1,"midday"
94,840,183,657,"weekday","afternoon","travelling","cold","restaurant",0,1,1,"midday"
95,664,5,659,"weekday","beforelunch","travelling","warm","restaurant",0,0,0,"midday"
95,666,7,659,"unknown","afternoon","travelling","warm","restaurant",1,0,0,"midday"
95,667,8,659,"weekday","afternoon","morningrituals","cold","grocery",1,0,0,"midday"
95,674,15,659,"weekend","beforelunch","travelling","freezing","restaurant",0,0,0,"midday"
95,677,18,659,"weekday","afternoon","travelling","freezing","restaurant",1,0,0,"midday"
95,679,20,659,"weekday","lunch","shopping","cold","restaurant",0,0,0,"midday"
95,682,23,659,"weekday","afternoon","travelling","cold","restaurant",1,0,0,"midday"
95,686,27,659,"weekday","afternoon","shopping","unknown","grocery",0,0,0,"midday"
95,687,28,659,"weekend","afternoon","leisure","cold","restaurant",1,0,0,"midday"
95,688,29,659,"weekday","beforelunch","working","warm","grocery",0,0,0,"midday"
95,691,32,659,"weekday","earlymorning","travelling","unknown","restaurant",0,0,0,"morning"
95,692,33,659,"weekday","beforelunch","working","unknown","restaurant",0,0,0,"midday"
95,696,37,659,"weekday","dinner","travelling","unknown","grocery",0,0,0,"night"
95,698,39,659,"weekend","lunch","shopping","cold","grocery",1,0,0,"midday"
95,701,42,659,"weekend","night","travelling","warm","restaurant",1,0,0,"night"
95,703,44,659,"weekend","lunch","unknown","unknown","restaurant",1,0,0,"midday"
95,707,48,659,"weekday","afternoon","unknown","warm","restaurant",0,0,0,"midday"
95,710,51,659,"weekend","afternoon","travelling","unknown","restaurant",0,0,0,"midday"
95,716,57,659,"weekday","afternoon","unknown","cold","restaurant",0,1,0,"midday"
95,725,66,659,"weekend","morning","unknown","cold","restaurant",0,1,0,"morning"
95,729,70,659,"weekday","breakfast","unknown","cold","grocery",0,1,0,"morning"
95,730,71,659,"weekend","beforelunch","travelling","cold","grocery",0,1,0,"midday"
95,732,73,659,"weekday","morning","leisure","freezing","grocery",0,1,0,"morning"
95,736,77,659,"weekday","morning","travelling","freezing","restaurant",1,1,0,"morning"
95,747,88,659,"weekday","afternoon","morningrituals","cold","grocery",0,1,0,"midday"
95,748,89,659,"weekday","unknown","unknown","unknown","restaurant",0,1,0,"unknown"
95,752,93,659,"weekday","breakfast","morningrituals","hot","grocery",0,1,0,"morning"
95,753,94,659,"weekday","morning","travelling","unknown","restaurant",0,1,0,"morning"
95,764,105,659,"weekday","lunch","working","warm","grocery",0,1,0,"midday"
95,766,107,659,"weekday","night","shopping","unknown","restaurant",0,1,0,"night"
95,767,108,659,"weekday","breakfast","travelling","cold","restaurant",1,1,0,"morning"
95,778,119,659,"weekend","afternoon","unknown","cold","grocery",0,1,1,"midday"
95,779,120,659,"weekday","afternoon","travelling","cold","restaurant",1,1,1,"midday"
95,780,121,659,"weekday","morning","travelling","unknown","restaurant",0,1,1,"morning"
95,781,122,659,"weekday","afternoon","travelling","cold","restaurant",0,1,1,"midday"
95,783,124,659,"weekday","lunch","unknown","unknown","restaurant",1,1,1,"midday"
95,784,125,659,"unknown","afternoon","unknown","unknown","grocery",0,1,1,"midday"
95,795,136,659,"weekend","beforelunch","leisure","unknown","restaurant",0,1,1,"midday"
95,797,138,659,"weekday","afternoon","unknown","unknown","grocery",0,1,1,"midday"
95,799,140,659,"weekday","beforelunch","travelling","freezing","restaurant",0,1,1,"midday"
95,807,148,659,"weekday","lunch","travelling","freezing","grocery",0,1,1,"midday"
95,817,158,659,"weekday","afternoon","travelling","unknown","restaurant",0,1,1,"midday"
95,821,162,659,"weekend","beforelunch","unknown","freezing","restaurant",0,1,1,"midday"
95,822,163,659,"weekday","beforelunch","working","cold","grocery",0,1,1,"midday"
95,826,167,659,"weekday","dinner","travelling","warm","restaurant",0,1,1,"night"
95,827,168,659,"weekday","beforelunch","unknown","warm","grocery",1,1,1,"midday"
95,830,171,659,"weekday","beforelunch","leisure","warm","grocery",1,1,1,"midday"
95,831,172,659,"weekend","lunch","travelling","freezing","grocery",0,1,1,"midday"
95,833,174,659,"weekday","lunch","travelling","unknown","grocery",0,1,1,"midday"
95,836,177,659,"weekday","breakfast","travelling","hot","grocery",0,1,1,"morning"
96,664,0,664,"weekend","afternoon","travelling","cold","grocery",0,0,0,"midday"
96,668,4,664,"weekday","beforelunch","morningrituals","warm","grocery",1,0,0,"midday"
96,678,14,664,"weekday","lunch","morningrituals","freezing","restaurant",0,0,0,"midday"
96,681,17,664,"weekday","afternoon","travelling","cold","grocery",1,0,0,"midday"
96,685,21,664,"weekday","afternoon","unknown","cold","restaurant",1,0,0,"midday"
96,704,40,664,"weekday","night","travelling","freezing","grocery",0,0,0,"night"
96,717,53,664,"weekend","breakfast","travelling","freezing","restaurant",0,0,0,"morning"
96,721,57,664,"weekend","beforelunch","travelling","warm","grocery",0,1,0,"midday"
96,728,64,664,"weekday","breakfast","unknown","freezing","grocery",0,1,0,"morning"
96,730,66,664,"weekday","breakfast","travelling","warm","restaurant",0,1,0,"morning"
96,735,71,664,"weekday","breakfast","unknown","freezing","grocery",0,1,0,"morning"
96,743,79,664,"weekend","beforelunch","travelling","unknown","grocery",1,1,0,"midday"
96,746,82,664,"weekday","beforelunch","unknown","unknown","restaurant",0,1,0,"midday"
96,772,108,664,"weekday","night","leisure","freezing","grocery",1,1,0,"night"
96,791,127,664,"weekday","afternoon","working","hot","grocery",0,1,1,"midday"
96,800,136,664,"weekday","afternoon","travelling","cold","restaurant",1,1,1,"midday"
96,801,137,664,"weekday","lunch","travelling","cold","restaurant",0,1,1,"midday"
96,811,147,664,"weekday","breakfast","travelling","warm","restaurant",0,1,1,"morning"
96,816,152,664,"weekend","lunch","travelling","freezing","grocery",0,1,1,"midday"
96,822,158,664,"weekday","beforelunch","travelling","cold","grocery",0,1,1,"midday"
96,827,163,664,"weekend","afternoon","travelling","hot","restaurant",1,1,1,"midday"
96,833,169,664,"weekend","afternoon","working","cold","grocery",0,1,1,"midday"
96,837,173,664,"weekday","afternoon","travelling","cold","restaurant",0,1,1,"midday"
96,842,178,664,"weekend","breakfast","travelling","unknown","grocery",1,1,1,"morning"
96,847,183,664,"weekday","beforelunch","unknown","freezing","grocery",0,1,1,"midday"
97,673,2,671,"weekday","lunch","travelling","warm","grocery",1,0,0,"midday"
97,675,4,671,"weekday","lunch","unknown","freezing","restaurant",0,0,0,"midday"
97,678,7,671,"weekday","afternoon","unknown","cold","grocery",1,0,0,"midday"
97,684,13,671,"weekday","afternoon","unknown","cold","restaurant",0,0,0,"midday"
97,688,17,671,"weekday","afternoon","leisure","unknown","grocery",0,0,0,"midday"
97,690,19,671,"weekday","afternoon","travelling","cold","restaurant",0,0,0,"midday"
97,694,23,671,"weekday","afternoon","unknown","cold","restaurant",1,0,0,"midday"
97,700,29,671,"weekend","lunch","shopping","cold","grocery",0,0,0,"midday"
97,701,30,671,"weekday","dinner","unknown","freezing","grocery",0,0,0,"night"
97,702,31,671,"weekday","beforelunch","unknown","cold","restaurant",0,0,0,"midday"
97,705,34,671,"weekday","breakfast","working","cold","restaurant",0,0,0,"morning"
97,709,38,671,"weekday","breakfast","travelling","freezing","grocery",0,0,0,"morning"
97,713,42,671,"weekday","afternoon","travelling","unknown","grocery",0,0,0,"midday"
97,718,47,671,"weekday","beforelunch","travelling","warm","restaurant",1,0,0,"midday"
97,723,52,671,"weekday","beforelunch","travelling","freezing","grocery",0,0,0,"midday"
97,725,54,671,"weekday","earlymorning","travelling","warm","grocery",0,0,0,"morning"
97,726,55,671,"weekend","breakfast","shopping","freezing","restaurant",0,0,0,"morning"
97,728,57,671,"weekday","dinner","travelling","unknown","grocery",0,1,0,"night"
97,732,61,671,"weekday","afternoon","unknown","cold","grocery",0,1,0,"midday"
97,733,62,671,"weekend","lunch","travelling","warm","restaurant",0,1,0,"midday"
97,734,63,671,"weekday","afternoon","unknown","cold","restaurant",0,1,0,"midday"
97,737,66,671,"weekend","morning","travelling","freezing","grocery",0,1,0,"morning"
97,740,69,671,"weekday","unknown","unknown","freezing","grocery",1,1,0,"unknown"
97,741,70,671,"weekday","afternoon","working","freezing","grocery",1,1,0,"midday"
97,746,75,671,"weekday","lunch","leisure","unknown","restaurant",0,1,0,"midday"
97,747,76,671,"weekday","unknown","travelling","hot","restaurant",1,1,0,"unknown"
97,753,82,671,"weekday","breakfast","working","unknown","grocery",0,1,0,"morning"
97,754,83,671,"weekday","dinner","travelling","cold","grocery",0,1,0,"night"
97,755,84,671,"weekday","afternoon","leisure","cold","grocery",1,1,0,"midday"
97,766,95,671,"weekday","dinner","travelling","unknown","restaurant",0,1,0,"night"
97,768,97,671,"weekend","beforelunch","travelling","freezing","restaurant",0,1,0,"midday"
97,775,104,671,"weekend","beforelunch","unknown","unknown","grocery",1,1,0,"midday"
97,776,105,671,"weekend","lunch","travelling","hot","restaurant",1,1,0,"midday"
97,781,110,671,"weekend","lunch","travelling","cold","restaurant",0,1,0,"midday"
97,784,113,671,"weekday","afternoon","travelling","warm","restaurant",1,1,1,"midday"
97,785,114,671,"weekday","lunch","travelling","cold","restaurant",1,1,1,"midday"
97,786,115,671,"weekday","lunch","unknown","freezing","grocery",0,1,1,"midday"
97,788,117,671,"weekday","breakfast","unknown","cold","grocery",0,1,1,"morning"
97,791,120,671,"weekday","breakfast","travelling","unknown","restaurant",0,1,1,"morning"
97,792,121,671,"weekday","morning","travelling","cold","restaurant",0,1,1,"morning"
97,796,125,671,"weekday","lunch","travelling","hot","restaurant",0,1,1,"midday"
97,797,126,671,"weekday","lunch","morningrituals","cold","restaurant",1,1,1,"midday"
97,803,132,671,"weekday","beforelunch","travelling","cold","restaurant",0,1,1,"midday"
97,804,133,671,"weekday","morning","travelling","warm","grocery",1,1,1,"morning"
97,805,134,671,"weekday","beforelunch","leisure","cold","restaurant",0,1,1,"midday"
97,806,135,671,"weekday","beforelunch","travelling","cold","grocery",0,1,1,"midday"
97,809,138,671,"weekday","beforelunch","travelling","cold","restaurant",0,1,1,"midday"
97,811,140,671,"weekend","afternoon","shopping","unknown","grocery",0,1,1,"midday"
97,817,146,671,"weekday","beforelunch","shopping","warm","restaurant",0,1,1,"midday"
97,818,147,671,"weekday","beforelunch","travelling","cold","restaurant",1,1,1,"midday"
97,820,149,671,"weekday","beforelunch","travelling","warm","grocery",0,1,1,"midday"
97,830,159,671,"weekday","afternoon","travelling","cold","restaurant",1,1,1,"midday"
97,835,164,671,"weekday","afternoon","travelling","freezing","restaurant",0,1,1,"midday"
97,837,166,671,"weekend","morning","travelling","warm","restaurant",0,1,1,"morning"
97,841,170,671,"weekday","lunch","travelling","unknown","restaurant",0,1,1,"midday"
97,842,171,671,"weekday","beforelunch","leisure","warm","restaurant",0,1,1,"midday"
97,843,172,671,"weekday","dinner","shopping","freezing","grocery",0,1,1,"night"
97,844,173,671,"weekday","beforelunch","working","freezing","grocery",0,1,1,"midday"
97,847,176,671,"weekday","lunch","morningrituals","freezing","restaurant",0,1,1,"midday"
97,854,183,671,"weekend","afternoon","travelling","cold","restaurant",0,1,1,"midday"
98,688,7,681,"weekday","beforelunch","travelling","freezing","restaurant",0,0,0,"midday"
98,695,14,681,"unknown","lunch","travelling","unknown","restaurant",0,0,0,"midday"
98,700,19,681,"weekday","lunch","shopping","warm","grocery",1,0,0,"midday"
98,707,26,681,"weekday","morning","leisure","cold","restaurant",0,0,0,"morning"
98,712,31,681,"weekend","afternoon","travelling","unknown","restaurant",1,0,0,"midday"
98,719,38,681,"weekday","beforelunch","unknown","unknown","grocery",0,0,0,"midday"
98,722,41,681,"weekday","lunch","travelling","freezing","grocery",0,0,0,"midday"
98,723,42,681,"weekend","beforelunch","travelling","warm","grocery",1,0,0,"midday"
98,724,43,681,"weekday","lunch","travelling","warm","grocery",0,0,0,"midday"
98,726,45,681,"weekend","lunch","travelling","warm","restaurant",0,0,0,"midday"
98,729,48,681,"weekday","beforelunch","travelling","cold","restaurant",1,0,0,"midday"
98,732,51,681,"weekday","afternoon","housework","cold","restaurant",0,0,0,"midday"
98,733,52,681,"weekday","afternoon","travelling","unknown","grocery",0,0,0,"midday"
98,734,53,681,"weekday","afternoon","travelling","cold","restaurant",1,0,0,"midday"
98,738,57,681,"weekday","afternoon","travelling","cold","grocery",1,1,0,"midday"
98,743,62,681,"weekday","lunch","travelling","unknown","restaurant",0,1,0,"midday"
98,745,64,681,"weekday","lunch","working","hot","restaurant",0,1,0,"midday"
98,746,65,681,"weekday","beforelunch","travelling","unknown","grocery",0,1,0,"midday"
98,749,68,681,"weekend","unknown","travelling","cold","restaurant",0,1,0,"unknown"
98,752,71,681,"weekday","lunch","morningrituals","unknown","grocery",0,1,0,"midday"
98,754,73,681,"weekday","afternoon","travelling","warm","restaurant",0,1,0,"midday"
98,764,83,681,"weekday","beforelunch","travelling","unknown","restaurant",1,1,0,"midday"
98,766,85,681,"weekday","beforelunch","travelling","freezing","restaurant",1,1,0,"midday"
98,772,91,681,"weekday","beforelunch","travelling","freezing","restaurant",1,1,0,"midday"
98,773,92,681,"weekday","breakfast","unknown","hot","grocery",0,1,0,"morning"
98,783,102,681,"unknown","beforelunch","morningrituals","warm","grocery",0,1,0,"midday"
98,784,103,681,"weekend","morning","unknown","hot","restaurant",0,1,0,"morning"
98,788,107,681,"weekday","lunch","travelling","warm","restaurant",0,1,0,"midday"
98,790,109,681,"weekday","beforelunch","travelling","cold","grocery",0,1,0,"midday"
98,792,111,681,"weekday","lunch","unknown","freezing","grocery",0,1,0,"midday"
98,794,113,681,"weekday","lunch","travelling","cold","restaurant",1,1,1,"midday"
98,798,117,681,"unknown","breakfast","leisure","warm","restaurant",0,1,1,"morning"
98,801,120,681,"weekday","beforelunch","travelling","warm","grocery",0,1,1,"midday"
98,807,126,681,"weekday","lunch","travelling","hot","grocery",1,1,1,"midday"
98,812,131,681,"weekday","afternoon","unknown","freezing","grocery",0,1,1,"midday"
98,813,132,681,"weekday","beforelunch","travelling","freezing","grocery",0,1,1,"midday"
98,817,136,681,"weekday","morning","unknown","freezing","grocery",1,1,1,"morning"
98,818,137,681,"weekday","earlymorning","travelling","unknown","grocery",0,1,1,"morning"
98,819,138,681,"weekday","morning","leisure","warm","restaurant",0,1,1,"morning"
98,820,139,681,"weekend","lunch","travelling","hot","restaurant",0,1,1,"midday"
98,825,144,681,"weekend","beforelunch","travelling","cold","grocery",1,1,1,"midday"
98,834,153,681,"weekday","unknown","travelling","unknown","grocery",0,1,1,"unknown"
98,837,156,681,"weekend","afternoon","travelling","cold","grocery",0,1,1,"midday"
98,842,161,681,"weekend","lunch","travelling","cold","restaurant",1,1,1,"midday"
98,844,163,681,"weekend","afternoon","unknown","freezing","grocery",0,1,1,"midday"
98,854,173,681,"weekday","beforelunch","travelling","unknown","restaurant",0,1,1,"midday"
98,855,174,681,"weekday","lunch","travelling","cold","grocery",0,1,1,"midday"
98,856,175,681,"weekend","beforelunch","travelling","freezing","grocery",0,1,1,"midday"
98,857,176,681,"weekday","morning","travelling","freezing","restaurant",1,1,1,"morning"
98,858,177,681,"weekday","lunch","travelling","unknown","restaurant",0,1,1,"midday"
98,860,179,681,"weekday","breakfast","travelling","cold","restaurant",1,1,1,"morning"
98,863,182,681,"weekday","morning","morningrituals","warm","grocery",0,1,1,"morning"
99,687,2,685,"weekday","afternoon","travelling","freezing","restaurant",0,0,0,"midday"
99,688,3,685,"weekend","beforelunch","working","warm","grocery",0,0,0,"midday"
99,698,13,685,"weekday","breakfast","travelling","cold","grocery",0,0,0,"morning"
99,707,22,685,"weekday","dinner","travelling","warm","grocery",0,0,0,"night"
99,708,23,685,"weekday","beforelunch","travelling","warm","restaurant",0,0,0,"midday"
99,712,27,685,"weekday","afternoon","travelling","cold","grocery",1,0,0,"midday"
99,719,34,685,"weekday","lunch","working","warm","grocery",0,0,0,"midday"
99,726,41,685,"weekday","lunch","travelling","cold","grocery",0,0,0,"midday"
99,738,53,685,"weekend","morning","travelling","warm","grocery",1,0,0,"morning"
99,741,56,685,"weekend","lunch","unknown","cold","restaurant",0,0,0,"midday"
99,742,57,685,"weekday","beforelunch","travelling","unknown","restaurant",1,1,0,"midday"
99,744,59,685,"weekday","morning","travelling","cold","grocery",0,1,0,"morning"
99,751,66,685,"weekday","afternoon","travelling","warm","grocery",0,1,0,"midday"
99,755,70,685,"unknown","night","unknown","cold","restaurant",0,1,0,"night"
99,760,75,685,"weekday","earlymorning","travelling","freezing","grocery",0,1,0,"morning"
99,762,77,685,"weekday","beforelunch","travelling","unknown","restaurant",1,1,0,"midday"
99,763,78,685,"weekday","lunch","unknown","freezing","grocery",0,1,0,"midday"
99,766,81,685,"weekday","afternoon","travelling","unknown","restaurant",0,1,0,"midday"
99,770,85,685,"weekday","beforelunch","unknown","cold","grocery",0,1,0,"midday"
99,771,86,685,"weekday","beforelunch","working","freezing","grocery",0,1,0,"midday"
99,775,90,685,"weekday","afternoon","travelling","hot","restaurant",0,1,0,"midday"
99,781,96,685,"weekend","lunch","travelling","cold","grocery",0,1,0,"midday"
99,786,101,685,"weekday","breakfast","morningrituals","cold","grocery",0,1,0,"morning"
99,789,104,685,"weekend","breakfast","unknown","cold","restaurant",1,1,0,"morning"
99,790,105,685,"weekday","morning","travelling","cold","grocery",0,1,0,"morning"
99,792,107,685,"weekend","morning","travelling","unknown","restaurant",1,1,0,"morning"
99,796,111,685,"weekday","afternoon","travelling","freezing","grocery",0,1,0,"midday"
99,797,112,685,"weekday","dinner","travelling","unknown","restaurant",1,1,0,"night"
99,806,121,685,"weekend","afternoon","travelling","freezing","restaurant",1,1,1,"midday"
99,808,123,685,"weekend","breakfast","working","unknown","grocery",1,1,1,"morning"
99,809,124,685,"weekday","beforelunch","travelling","cold","grocery",0,1,1,"midday"
99,813,128,685,"weekday","beforelunch","travelling","warm","restaurant",1,1,1,"midday"
99,820,135,685,"unknown","breakfast","travelling","warm","restaurant",0,1,1,"morning"
99,829,144,685,"weekday","afternoon","travelling","cold","grocery",1,1,1,"midday"
99,830,145,685,"weekday","afternoon","unknown","unknown","grocery",0,1,1,"midday"
99,831,146,685,"weekday","morning","travelling","cold","grocery",1,1,1,"morning"
99,844,159,685,"weekday","beforelunch","leisure","hot","grocery",0,1,1,"midday"
99,847,162,685,"weekday","lunch","unknown","warm","grocery",0,1,1,"midday"
99,849,164,685,"weekday","night","travelling","cold","grocery",1,1,1,"night"
99,853,168,685,"weekday","lunch","travelling","hot","grocery",0,1,1,"midday"
99,862,177,685,"weekend","morning","working","hot","restaurant",0,1,1,"morning"
99,864,179,685,"weekend","afternoon","unknown","unknown","grocery",1,1,1,"midday"
100,698,1,697,"weekday","morning","travelling","freezing","grocery",0,0,0,"morning"
100,708,11,697,"weekday","breakfast","travelling","freezing","grocery",0,0,0,"morning"
100,712,15,697,"weekday","breakfast","travelling","hot","grocery",1,0,0,"morning"
100,723,26,697,"weekday","dinner","travelling","cold","restaurant",0,0,0,"night"
100,728,31,697,"weekday","morning","travelling","unknown","restaurant",0,0,0,"morning"
100,731,34,697,"weekday","afternoon","travelling","freezing","grocery",0,0,0,"midday"
100,741,44,697,"weekday","dinner","travelling","freezing","grocery",0,0,0,"night"
100,743,46,697,"weekend","breakfast","travelling","cold","restaurant",0,0,0,"morning"
100,753,56,697,"weekend","lunch","unknown","cold","restaurant",0,0,0,"midday"
100,754,57,697,"weekend","beforelunch","travelling","cold","restaurant",0,1,0,"midday"
100,755,58,697,"weekday","lunch","leisure","cold","restaurant",0,1,0,"midday"
100,758,61,697,"weekday","afternoon","travelling","cold","grocery",0,1,0,"midday"
100,766,69,697,"weekday","dinner","travelling","unknown","grocery",0,1,0,"night"
100,769,72,697,"weekend","lunch","travelling","cold","restaurant",0,1,0,"midday"
100,771,74,697,"weekday","afternoon","unknown","cold","grocery",0,1,0,"midday"
100,784,87,697,"weekend","breakfast","working","unknown","grocery",1,1,0,"morning"
100,791,94,697,"weekday","lunch","shopping","freezing","grocery",1,1,0,"midday"
100,796,99,697,"weekday","breakfast","shopping","cold","grocery",0,1,0,"morning"
100,800,103,697,"weekday","afternoon","travelling","cold","restaurant",1,1,0,"midday"
100,803,106,697,"weekday","afternoon","working","cold","restaurant",0,1,0,"midday"
100,811,114,697,"weekend","breakfast","unknown","warm","restaurant",0,1,1,"morning"
100,812,115,697,"weekday","lunch","travelling","unknown","grocery",1,1,1,"midday"
100,818,121,697,"weekday","lunch","unknown","hot","restaurant",0,1,1,"midday"
100,824,127,697,"weekend","afternoon","unknown","hot","grocery",0,1,1,"midday"
100,829,132,697,"weekday","breakfast","travelling","freezing","grocery",1,1,1,"morning"
100,834,137,697,"weekday","beforelunch","travelling","warm","restaurant",0,1,1,"midday"
100,847,150,697,"weekday","afternoon","travelling","unknown","restaurant",1,1,1,"midday"
100,852,155,697,"weekday","beforelunch","shopping","cold","restaurant",0,1,1,"midday"
100,857,160,697,"weekday","night","travelling","warm","restaurant",0,1,1,"night"
100,859,162,697,"weekend","beforelunch","travelling","freezing","grocery",0,1,1,"midday"
100,862,165,697,"weekday","beforelunch","travelling","freezing","grocery",0,1,1,"midday"
100,866,169,697,"weekday","beforelunch","leisure","unknown","restaurant",1,1,1,"midday"
100,875,178,697,"weekend","morning","working","freezing","grocery",0,1,1,"morning"
100,877,180,697,"weekday","afternoon","unknown","unknown","restaurant",0,1,1,"midday"
100,878,181,697,"weekend","afternoon","shopping","freezing","grocery",1,1,1,"midday"
