"pid","day","daysInStudy","day_zero","time_type","time_time","situation_major","weather_temperature","notification_type","engagement","S1","S2","time_time_simple"
1,0,0,0,"weekend","beforelunch","travelling","cold","restaurant",0,0,0,"midday"
1,3,3,0,"weekday","lunch","working","unknown","grocery",0,0,0,"midday"
1,7,7,0,"weekend","lunch","shopping","warm","restaurant",1,0,0,"midday"
1,11,11,0,"weekday","breakfast","travelling","unknown","grocery",0,0,0,"morning"
1,12,12,0,"weekend","morning","shopping","hot","grocery",1,0,0,"morning"
1,19,19,0,"weekday","morning","leisure","unknown","restaurant",0,0,0,"morning"
1,20,20,0,"weekday","afternoon","travelling","warm","restaurant",0,0,0,"midday"
1,22,22,0,"weekday","lunch","travelling","cold","grocery",0,0,0,"midday"
1,23,23,0,"weekend","night","travelling","hot","grocery",0,0,0,"night"
1,24,24,0,"weekend","afternoon","unknown","unknown","restaurant",0,0,0,"midday"
1,26,26,0,"weekday","afternoon","morningrituals","cold","grocery",1,0,0,"midday"
1,28,28,0,"weekday","breakfast","travelling","freezing","restaurant",0,0,0,"morning"
1,30,30,0,"weekday","lunch","travelling","freezing","grocery",1,0,0,"midday"
1,39,39,0,"weekday","morning","leisure","hot","restaurant",1,0,0,"morning"
1,43,43,0,"weekday","beforelunch","leisure","cold","restaurant",1,0,0,"midday"
1,45,45,0,"weekday","lunch","travelling","hot","restaurant",1,0,0,"midday"
1,48,48,0,"weekday","beforelunch","travelling","freezing","restaurant",0,0,0,"midday"
1,52,52,0,"weekday","lunch","travelling","unknown","restaurant",0,0,0,"midday"
1,55,55,0,"weekend","afternoon","travelling","cold","grocery",0,0,0,"midday"
1,56,56,0,"weekday","breakfast","travelling","hot","restaurant",0,0,0,"morning"
1,57,57,0,"weekday","lunch","unknown","warm","restaurant",0,1,0,"midday"
1,58,58,0,"weekday","breakfast","shopping","cold","restaurant",1,1,0,"morning"
1,59,59,0,"weekday","lunch","morningrituals","unknown","restaurant",0,1,0,"midday"
1,60,60,0,"weekday","lunch","travelling","unknown","grocery",1,1,0,"midday"
1,61,61,0,"weekday","lunch","travelling","freezing","grocery",0,1,0,"midday"
1,62,62,0,"weekday","breakfast","unknown","unknown","grocery",0,1,0,"morning"
1,63,63,0,"weekday","beforelunch","travelling","cold","grocery",0,1,0,"midday"
1,65,65,0,"weekend","lunch","working","freezing","grocery",0,1,0,"midday"
1,72,72,0,"weekend","night","morningrituals","cold","grocery",1,1,0,"night"
1,78,78,0,"weekday","afternoon","unknown","freezing","grocery",0,1,0,"midday"
1,79,79,0,"weekday","afternoon","shopping","freezing","restaurant",0,1,0,"midday"
1,82,82,0,"weekday","lunch","unknown","cold","grocery",0,1,0,"midday"
1,83,83,0,"weekend","afternoon","travelling","unknown","grocery",1,1,0,"midday"
1,86,86,0,"weekday","beforelunch","travelling","hot","restaurant",0,1,0,"midday"
1,90,90,0,"weekday","afternoon","morningrituals","unknown","restaurant",0,1,0,"midday"
1,91,91,0,"weekday","afternoon","working","cold","restaurant",0,1,0,"midday"
1,95,95,0,"weekday","breakfast","travelling","freezing","restaurant",0,1,0,"morning"
1,97,97,0,"weekday","afternoon","leisure","freezing","restaurant",0,1,0,"midday"
1,99,99,0,"weekday","afternoon","travelling","freezing","grocery",0,1,0,"midday"
1,102,102,0,"weekend","breakfast","shopping","cold","restaurant",0,1,0,"morning"
1,103,103,0,"weekend","dinner","leisure","freezing","restaurant",0,1,0,"night"
1,105,105,0,"weekday","night","travelling","freezing","restaurant",0,1,0,"night"
1,106,106,0,"weekday","lunch","travelling","freezing","grocery",1,1,0,"midday"
1,119,119,0,"weekday","lunch","unknown","unknown","restaurant",0,1,1,"midday"
1,120,120,0,"weekend","breakfast","travelling","unknown","grocery",0,1,1,"morning"
1,122,122,0,"weekday","lunch","travelling","unknown","grocery",1,1,1,"midday"
1,127,127,0,"weekend","afternoon","travelling","freezing","restaurant",0,1,1,"midday"
1,131,131,0,"weekday","morning","travelling","freezing","grocery",1,1,1,"morning"
1,135,135,0,"weekday","lunch","leisure","cold","grocery",0,1,1,"midday"
1,136,136,0,"weekday","afternoon","working","hot","restaurant",1,1,1,"midday"
1,137,137,0,"weekday","afternoon","travelling","cold","grocery",1,1,1,"midday"
1,138,138,0,"weekday","afternoon","unknown","freezing","grocery",0,1,1,"midday"
1,141,141,0,"weekend","morning","travelling","cold","restaurant",0,1,1,"morning"
1,143,143,0,"weekday","afternoon","travelling","freezing","grocery",1,1,1,"midday"
1,145,145,0,"weekday","lunch","travelling","cold","restaurant",1,1,1,"midday"
1,146,146,0,"weekday","afternoon","shopping","warm","restaurant",1,1,1,"midday"
1,147,147,0,"weekday","morning","travelling","warm","restaurant",0,1,1,"morning"
1,149,149,0,"weekday","morning","travelling","warm","grocery",1,1,1,"morning"
1,150,150,0,"weekend","lunch","working","freezing","restaurant",0,1,1,"midday"
1,151,151,0,"weekday","lunch","travelling","freezing","restaurant",0,1,1,"midday"
1,156,156,0,"weekday","beforelunch","unknown","warm","restaurant",0,1,1,"midday"
1,167,167,0,"weekday","lunch","travelling","freezing","restaurant",0,1,1,"midday"
1,168,168,0,"weekend","morning","unknown","warm","grocery",1,1,1,"morning"
1,169,169,0,"weekday","beforelunch","travelling","warm","restaurant",1,1,1,"midday"
1,170,170,0,"weekday","afternoon","travelling","warm","restaurant",1,1,1,"midday"
1,171,171,0,"weekday","dinner","travelling","freezing","grocery",1,1,1,"night"
1,173,173,0,"weekday","afternoon","travelling","warm","grocery",0,1,1,"midday"
1,176,176,0,"weekday","lunch","working","cold","grocery",0,1,1,"midday"
1,177,177,0,"weekday","afternoon","working","unknown","grocery",1,1,1,"midday"
1,178,178,0,"weekday","breakfast","travelling","warm","grocery",0,1,1,"morning"
1,179,179,0,"weekday","beforelunch","working","cold","restaurant",1,1,1,"midday"
1,181,181,0,"weekday","beforelunch","travelling","cold","restaurant",1,1,1,"midday"
1,182,182,0,"weekday","afternoon","travelling","freezing","restaurant",1,1,1,"midday"
2,6,1,5,"weekend","lunch","travelling","cold","restaurant",1,0,0,"midday"
2,7,2,5,"weekday","breakfast","travelling","unknown","restaurant",0,0,0,"morning"
2,11,6,5,"weekday","dinner","leisure","freezing","restaurant",0,0,0,"night"
2,14,9,5,"weekday","lunch","unknown","unknown","restaurant",1,0,0,"midday"
2,20,15,5,"weekday","lunch","unknown","cold","restaurant",0,0,0,"midday"
2,21,16,5,"weekday","breakfast","travelling","cold","restaurant",0,0,0,"morning"
2,23,18,5,"weekday","lunch","unknown","hot","restaurant",0,0,0,"midday"
2,24,19,5,"weekday","dinner","unknown","unknown","grocery",1,0,0,"night"
2,27,22,5,"weekday","beforelunch","travelling","cold","grocery",0,0,0,"midday"
2,29,24,5,"weekend","beforelunch","travelling","unknown","grocery",0,0,0,"midday"
2,31,26,5,"weekday","beforelunch","unknown","unknown","restaurant",1,0,0,"midday"
2,35,30,5,"weekday","lunch","travelling","warm","grocery",0,0,0,"midday"
2,39,34,5,"weekend","unknown","leisure","warm","restaurant",0,0,0,"unknown"
2,41,36,5,"weekday","afternoon","travelling","warm","restaurant",0,0,0,"midday"
2,47,42,5,"weekday","breakfast","leisure","hot","grocery",1,0,0,"morning"
2,49,44,5,"weekday","afternoon","travelling","unknown","grocery",0,0,0,"midday"
2,54,49,5,"weekday","afternoon","travelling","freezing","restaurant",0,0,0,"midday"
2,58,53,5,"weekend","lunch","travelling","unknown","grocery",0,0,0,"midday"
2,63,58,5,"weekday","lunch","travelling","freezing","grocery",0,1,0,"midday"
2,64,59,5,"weekend","afternoon","morningrituals","freezing","restaurant",0,1,0,"midday"
2,66,61,5,"weekend","beforelunch","travelling","cold","grocery",0,1,0,"midday"
2,68,63,5,"weekday","lunch","unknown","freezing","restaurant",0,1,0,"midday"
2,69,64,5,"weekday","breakfast","leisure","freezing","restaurant",0,1,0,"morning"
2,78,73,5,"weekday","morning","working","freezing","grocery",0,1,0,"morning"
2,83,78,5,"weekday","afternoon","working","cold","restaurant",0,1,0,"midday"
2,85,80,5,"weekday","beforelunch","unknown","freezing","restaurant",0,1,0,"midday"
2,86,81,5,"weekday","afternoon","travelling","freezing","grocery",1,1,0,"midday"
2,87,82,5,"weekday","morning","travelling","freezing","restaurant",1,1,0,"morning"
2,89,84,5,"weekday","afternoon","travelling","cold","restaurant",0,1,0,"midday"
2,91,86,5,"weekday","lunch","travelling","freezing","restaurant",0,1,0,"midday"
2,95,90,5,"weekday","beforelunch","travelling","cold","restaurant",0,1,0,"midday"
2,99,94,5,"weekend","earlymorning","leisure","cold","grocery",0,1,0,"morning"
2,105,100,5,"weekend","afternoon","unknown","cold","restaurant",0,1,0,"midday"
2,107,102,5,"weekday","breakfast","travelling","hot","grocery",1,1,0,"morning"
2,110,105,5,"weekend","afternoon","travelling","cold","grocery",0,1,0,"midday"
2,111,106,5,"weekend","morning","unknown","cold","restaurant",0,1,0,"morning"
2,116,111,5,"weekday","lunch","travelling","cold","grocery",1,1,0,"midday"
2,121,116,5,"weekday","breakfast","travelling","unknown","restaurant",0,1,1,"morning"
2,122,117,5,"weekday","afternoon","travelling","warm","grocery",1,1,1,"midday"
2,127,122,5,"weekend","afternoon","travelling","unknown","restaurant",1,1,1,"midday"
2,128,123,5,"weekday","afternoon","unknown","cold","restaurant",0,1,1,"midday"
2,129,124,5,"weekend","dinner","unknown","warm","restaurant",0,1,1,"night"
2,130,125,5,"weekday","afternoon","leisure","cold","grocery",0,1,1,"midday"
2,131,126,5,"weekday","afternoon","travelling","unknown","restaurant",0,1,1,"midday"
2,132,127,5,"weekday","beforelunch","working","unknown","restaurant",0,1,1,"midday"
2,135,130,5,"weekend","breakfast","unknown","cold","grocery",1,1,1,"morning"
2,138,133,5,"weekday","beforelunch","travelling","warm","grocery",0,1,1,"midday"
2,139,134,5,"weekday","beforelunch","leisure","warm","grocery",0,1,1,"midday"
2,143,138,5,"weekday","earlymorning","unknown","unknown","grocery",0,1,1,"morning"
2,144,139,5,"weekday","afternoon","leisure","cold","grocery",0,1,1,"midday"
2,145,140,5,"weekend","breakfast","unknown","warm","restaurant",0,1,1,"morning"
2,148,143,5,"weekday","afternoon","travelling","cold","grocery",0,1,1,"midday"
2,149,144,5,"weekday","morning","travelling","cold","grocery",0,1,1,"morning"
2,151,146,5,"weekend","night","shopping","unknown","grocery",1,1,1,"night"
2,154,149,5,"weekend","beforelunch","travelling","unknown","restaurant",1,1,1,"midday"
2,158,153,5,"weekday","afternoon","unknown","unknown","restaurant",0,1,1,"midday"
2,159,154,5,"weekend","afternoon","travelling","cold","restaurant",0,1,1,"midday"
2,160,155,5,"weekday","lunch","travelling","freezing","grocery",0,1,1,"midday"
2,165,160,5,"weekday","beforelunch","unknown","unknown","restaurant",0,1,1,"midday"
2,166,161,5,"weekday","morning","travelling","freezing","grocery",0,1,1,"morning"
2,167,162,5,"weekend","afternoon","working","hot","grocery",0,1,1,"midday"
2,169,164,5,"weekday","afternoon","working","freezing","grocery",0,1,1,"midday"
2,176,171,5,"weekday","afternoon","travelling","cold","restaurant",0,1,1,"midday"
2,177,172,5,"weekday","afternoon","travelling","warm","restaurant",1,1,1,"midday"
2,178,173,5,"weekday","beforelunch","travelling","cold","restaurant",0,1,1,"midday"
2,179,174,5,"weekday","lunch","travelling","unknown","restaurant",0,1,1,"midday"
2,180,175,5,"weekend","beforelunch","working","unknown","restaurant",0,1,1,"midday"
2,187,182,5,"weekday","dinner","shopping","unknown","grocery",0,1,1,"night"
3,21,11,10,"weekday","beforelunch","travelling","hot","grocery",1,0,0,"midday"
3,33,23,10,"weekday","earlymorning","leisure","freezing","restaurant",0,0,0,"morning"
3,110,100,10,"weekday","dinner","travelling","cold","grocery",0,1,0,"night"
3,130,120,10,"weekday","afternoon","travelling","freezing","grocery",1,1,1,"midday"
3,136,126,10,"weekday","beforelunch","unknown","warm","grocery",0,1,1,"midday"
3,149,139,10,"weekday","lunch","working","cold","grocery",0,1,1,"midday"
3,153,143,10,"weekday","breakfast","travelling","unknown","restaurant",0,1,1,"morning"
3,177,167,10,"weekday","beforelunch","travelling","freezing","restaurant",0,1,1,"midday"
3,183,173,10,"weekday","lunch","unknown","cold","restaurant",0,1,1,"midday"
3,186,176,10,"weekend","beforelunch","unknown","cold","restaurant",0,1,1,"midday"
4,32,14,18,"weekday","afternoon","travelling","cold","grocery",0,0,0,"midday"
4,119,101,18,"weekday","breakfast","morningrituals","freezing","grocery",0,1,0,"morning"
4,129,111,18,"weekend","beforelunch","travelling","cold","grocery",0,1,0,"midday"
4,144,126,18,"weekday","unknown","shopping","cold","restaurant",1,1,1,"unknown"
4,165,147,18,"weekday","afternoon","travelling","freezing","grocery",0,1,1,"midday"
4,186,168,18,"weekday","breakfast","travelling","unknown","grocery",0,1,1,"morning"
4,188,170,18,"weekday","lunch","workingout","cold","grocery",0,1,1,"midday"
5,36,14,22,"weekend","afternoon","morningrituals","cold","grocery",0,0,0,"midday"
5,45,23,22,"weekday","afternoon","travelling","unknown","grocery",1,0,0,"midday"
5,47,25,22,"weekday","lunch","travelling","cold","grocery",0,0,0,"midday"
5,64,42,22,"weekday","afternoon","travelling","cold","restaurant",1,0,0,"midday"
5,67,45,22,"weekday","lunch","unknown","unknown","restaurant",0,0,0,"midday"
5,84,62,22,"weekday","morning","morningrituals","freezing","grocery",0,1,0,"morning"
5,85,63,22,"weekday","afternoon","working","unknown","grocery",1,1,0,"midday"
5,86,64,22,"weekday","breakfast","travelling","hot","grocery",1,1,0,"morning"
5,90,68,22,"weekday","afternoon","travelling","freezing","restaurant",1,1,0,"midday"
5,100,78,22,"weekday","beforelunch","travelling","freezing","restaurant",0,1,0,"midday"
5,103,81,22,"weekday","lunch","travelling","cold","restaurant",0,1,0,"midday"
5,117,95,22,"weekday","afternoon","shopping","cold","grocery",1,1,0,"midday"
5,119,97,22,"weekday","beforelunch","travelling","cold","restaurant",1,1,0,"midday"
5,125,103,22,"weekend","lunch","travelling","cold","grocery",1,1,0,"midday"
5,128,106,22,"weekend","lunch","unknown","freezing","grocery",0,1,0,"midday"
5,129,107,22,"weekday","morning","unknown","hot","restaurant",1,1,0,"morning"
5,139,117,22,"weekday","lunch","working","warm","grocery",0,1,1,"midday"
5,143,121,22,"weekend","beforelunch","leisure","freezing","restaurant",1,1,1,"midday"
5,145,123,22,"weekend","unknown","travelling","unknown","grocery",0,1,1,"unknown"
5,167,145,22,"weekday","dinner","travelling","cold","restaurant",1,1,1,"night"
5,174,152,22,"weekday","lunch","shopping","unknown","restaurant",1,1,1,"midday"
5,180,158,22,"weekday","afternoon","travelling","cold","grocery",0,1,1,"midday"
5,182,160,22,"weekday","afternoon","unknown","freezing","restaurant",0,1,1,"midday"
5,183,161,22,"weekend","breakfast","travelling","cold","restaurant",0,1,1,"morning"
5,186,164,22,"weekday","beforelunch","leisure","warm","restaurant",0,1,1,"midday"
5,193,171,22,"weekend","earlymorning","travelling","unknown","restaurant",0,1,1,"morning"
5,196,174,22,"weekday","beforelunch","travelling","unknown","grocery",1,1,1,"midday"
5,198,176,22,"weekday","beforelunch","travelling","unknown","restaurant",0,1,1,"midday"
5,205,183,22,"weekday","afternoon","shopping","hot","grocery",0,1,1,"midday"
6,33,0,33,"weekend","dinner","leisure","freezing","grocery",0,0,0,"night"
6,36,3,33,"weekday","unknown","unknown","hot","grocery",1,0,0,"unknown"
6,37,4,33,"weekday","lunch","working","unknown","grocery",0,0,0,"midday"
6,39,6,33,"weekday","beforelunch","travelling","hot","grocery",1,0,0,"midday"
6,45,12,33,"weekend","beforelunch","unknown","freezing","grocery",0,0,0,"midday"
6,46,13,33,"weekday","lunch","morningrituals","warm","grocery",1,0,0,"midday"
6,50,17,33,"weekday","afternoon","shopping","unknown","restaurant",0,0,0,"midday"
6,51,18,33,"weekday","beforelunch","travelling","cold","grocery",0,0,0,"midday"
6,52,19,33,"weekday","afternoon","travelling","freezing","grocery",1,0,0,"midday"
6,53,20,33,"weekday","beforelunch","travelling","cold","grocery",0,0,0,"midday"
6,54,21,33,"weekday","beforelunch","shopping","cold","grocery",0,0,0,"midday"
6,55,22,33,"weekday","beforelunch","leisure","freezing","restaurant",0,0,0,"midday"
6,56,23,33,"weekday","lunch","travelling","cold","restaurant",0,0,0,"midday"
6,58,25,33,"weekend","dinner","travelling","freezing","grocery",0,0,0,"night"
6,62,29,33,"weekday","breakfast","unknown","cold","restaurant",0,0,0,"morning"
6,68,35,33,"weekend","lunch","working","unknown","grocery",0,0,0,"midday"
6,74,41,33,"weekend","afternoon","morningrituals","cold","restaurant",0,0,0,"midday"
6,76,43,33,"weekday","beforelunch","travelling","cold","grocery",1,0,0,"midday"
6,79,46,33,"weekday","afternoon","travelling","warm","restaurant",0,0,0,"midday"
6,82,49,33,"weekend","beforelunch","travelling","warm","restaurant",0,0,0,"midday"
6,85,52,33,"weekday","lunch","unknown","unknown","restaurant",0,0,0,"midday"
6,87,54,33,"weekend","beforelunch","travelling","warm","grocery",0,0,0,"midday"
6,88,55,33,"weekday","beforelunch","travelling","unknown","restaurant",0,0,0,"midday"
6,90,57,33,"weekday","breakfast","travelling","warm","grocery",0,1,0,"morning"
6,91,58,33,"weekday","beforelunch","travelling","hot","restaurant",0,1,0,"midday"
6,97,64,33,"weekday","morning","travelling","freezing","restaurant",1,1,0,"morning"
6,101,68,33,"weekend","afternoon","travelling","cold","grocery",0,1,0,"midday"
6,102,69,33,"weekday","lunch","unknown","freezing","grocery",1,1,0,"midday"
6,103,70,33,"weekend","afternoon","travelling","cold","grocery",1,1,0,"midday"
6,104,71,33,"weekday","lunch","travelling","freezing","grocery",0,1,0,"midday"
6,105,72,33,"weekday","beforelunch","travelling","unknown","grocery",0,1,0,"midday"
6,109,76,33,"weekend","lunch","travelling","warm","grocery",0,1,0,"midday"
6,112,79,33,"weekend","dinner","unknown","unknown","grocery",0,1,0,"night"
6,113,80,33,"weekday","afternoon","travelling","warm","grocery",0,1,0,"midday"
6,114,81,33,"weekend","afternoon","travelling","cold","restaurant",1,1,0,"midday"
6,116,83,33,"weekday","beforelunch","travelling","unknown","restaurant",0,1,0,"midday"
6,117,84,33,"weekday","beforelunch","travelling","warm","grocery",1,1,0,"midday"
6,119,86,33,"weekday","earlymorning","travelling","freezing","restaurant",0,1,0,"morning"
6,120,87,33,"weekday","afternoon","travelling","cold","restaurant",0,1,0,"midday"
6,122,89,33,"weekday","afternoon","travelling","cold","grocery",0,1,0,"midday"
6,130,97,33,"weekday","dinner","travelling","unknown","restaurant",1,1,0,"night"
6,132,99,33,"weekday","afternoon","morningrituals","cold","grocery",0,1,0,"midday"
6,134,101,33,"weekday","beforelunch","travelling","cold","grocery",0,1,0,"midday"
6,135,102,33,"weekday","afternoon","travelling","freezing","grocery",1,1,0,"midday"
6,136,103,33,"weekday","unknown","travelling","freezing","grocery",1,1,0,"unknown"
6,137,104,33,"weekend","lunch","travelling","unknown","restaurant",0,1,0,"midday"
6,140,107,33,"weekday","afternoon","working","cold","restaurant",0,1,0,"midday"
6,141,108,33,"weekday","breakfast","morningrituals","cold","grocery",0,1,0,"morning"
6,143,110,33,"weekday","afternoon","unknown","cold","restaurant",0,1,0,"midday"
6,145,112,33,"weekday","afternoon","travelling","cold","restaurant",1,1,0,"midday"
6,147,114,33,"weekend","dinner","travelling","unknown","grocery",1,1,1,"night"
6,149,116,33,"unknown","beforelunch","leisure","hot","grocery",0,1,1,"midday"
6,150,117,33,"weekday","beforelunch","travelling","cold","grocery",0,1,1,"midday"
6,153,120,33,"weekend","latenight","unknown","hot","restaurant",0,1,1,"night"
6,154,121,33,"weekend","beforelunch","leisure","freezing","grocery",0,1,1,"midday"
6,155,122,33,"weekday","breakfast","travelling","freezing","grocery",0,1,1,"morning"
6,157,124,33,"weekday","afternoon","shopping","cold","grocery",0,1,1,"midday"
6,165,132,33,"weekday","afternoon","travelling","cold","restaurant",0,1,1,"midday"
6,168,135,33,"weekday","afternoon","unknown","warm","restaurant",0,1,1,"midday"
6,169,136,33,"weekend","lunch","shopping","freezing","restaurant",0,1,1,"midday"
6,170,137,33,"weekend","breakfast","travelling","freezing","grocery",1,1,1,"morning"
6,172,139,33,"weekday","afternoon","leisure","warm","restaurant",0,1,1,"midday"
6,173,140,33,"weekday","unknown","travelling","cold","grocery",0,1,1,"unknown"
6,177,144,33,"weekday","lunch","travelling","warm","grocery",1,1,1,"midday"
6,181,148,33,"weekday","beforelunch","unknown","cold","grocery",0,1,1,"midday"
6,183,150,33,"weekend","breakfast","working","cold","restaurant",0,1,1,"morning"
6,184,151,33,"weekday","lunch","travelling","unknown","grocery",0,1,1,"midday"
6,187,154,33,"weekday","afternoon","unknown","freezing","grocery",0,1,1,"midday"
6,191,158,33,"weekday","dinner","travelling","cold","grocery",1,1,1,"night"
6,192,159,33,"weekday","breakfast","travelling","unknown","grocery",0,1,1,"morning"
6,193,160,33,"weekday","afternoon","leisure","cold","restaurant",0,1,1,"midday"
6,194,161,33,"weekday","beforelunch","travelling","cold","restaurant",1,1,1,"midday"
6,199,166,33,"weekday","breakfast","working","cold","grocery",1,1,1,"morning"
6,200,167,33,"weekend","lunch","shopping","freezing","grocery",1,1,1,"midday"
6,202,169,33,"weekday","lunch","unknown","freezing","restaurant",0,1,1,"midday"
6,207,174,33,"weekday","breakfast","unknown","freezing","grocery",0,1,1,"morning"
6,208,175,33,"weekend","afternoon","travelling","unknown","grocery",0,1,1,"midday"
6,210,177,33,"weekday","afternoon","travelling","cold","restaurant",0,1,1,"midday"
6,211,178,33,"weekday","breakfast","unknown","freezing","grocery",1,1,1,"morning"
6,212,179,33,"unknown","afternoon","morningrituals","cold","restaurant",0,1,1,"midday"
6,213,180,33,"weekend","latenight","travelling","warm","restaurant",1,1,1,"night"
6,214,181,33,"weekday","lunch","travelling","cold","grocery",0,1,1,"midday"
6,215,182,33,"weekday","dinner","travelling","freezing","grocery",0,1,1,"night"
7,36,2,34,"weekday","afternoon","morningrituals","unknown","restaurant",0,0,0,"midday"
7,38,4,34,"weekday","breakfast","travelling","warm","grocery",1,0,0,"morning"
7,42,8,34,"weekday","beforelunch","travelling","warm","grocery",0,0,0,"midday"
7,44,10,34,"weekend","lunch","travelling","cold","restaurant",0,0,0,"midday"
7,45,11,34,"weekday","lunch","travelling","warm","restaurant",0,0,0,"midday"
7,46,12,34,"unknown","breakfast","travelling","warm","grocery",0,0,0,"morning"
7,48,14,34,"weekday","beforelunch","leisure","freezing","restaurant",1,0,0,"midday"
7,49,15,34,"weekday","afternoon","travelling","hot","grocery",1,0,0,"midday"
7,50,16,34,"weekend","beforelunch","travelling","unknown","restaurant",0,0,0,"midday"
7,52,18,34,"weekend","afternoon","travelling","cold","grocery",1,0,0,"midday"
7,53,19,34,"weekday","morning","travelling","unknown","restaurant",1,0,0,"morning"
7,54,20,34,"weekday","beforelunch","shopping","cold","restaurant",0,0,0,"midday"
7,55,21,34,"weekday","dinner","leisure","unknown","grocery",0,0,0,"night"
7,56,22,34,"weekday","afternoon","unknown","unknown","grocery",0,0,0,"midday"
7,57,23,34,"weekend","breakfast","travelling","warm","grocery",0,0,0,"morning"
7,58,24,34,"weekday","morning","travelling","cold","grocery",0,0,0,"morning"
7,61,27,34,"weekend","morning","travelling","cold","restaurant",0,0,0,"morning"
7,62,28,34,"weekday","lunch","travelling","cold","restaurant",0,0,0,"midday"
7,64,30,34,"weekday","morning","leisure","unknown","grocery",0,0,0,"morning"
7,66,32,34,"weekday","afternoon","shopping","cold","restaurant",0,0,0,"midday"
7,68,34,34,"weekday","earlymorning","unknown","freezing","grocery",1,0,0,"morning"
7,69,35,34,"weekday","lunch","travelling","unknown","restaurant",0,0,0,"midday"
7,70,36,34,"unknown","afternoon","unknown","cold","restaurant",0,0,0,"midday"
7,71,37,34,"weekend","lunch","unknown","warm","restaurant",0,0,0,"midday"
7,72,38,34,"weekday","lunch","travelling","unknown","grocery",0,0,0,"midday"
7,73,39,34,"weekday","morning","travelling","cold","grocery",0,0,0,"morning"
7,74,40,34,"weekend","lunch","travelling","warm","grocery",0,0,0,"midday"
7,75,41,34,"weekday","afternoon","travelling","cold","restaurant",0,0,0,"midday"
7,77,43,34,"weekday","afternoon","travelling","warm","restaurant",0,0,0,"midday"
7,80,46,34,"weekday","breakfast","leisure","cold","grocery",0,0,0,"morning"
7,81,47,34,"weekday","unknown","travelling","cold","grocery",1,0,0,"unknown"
7,85,51,34,"weekend","beforelunch","unknown","unknown","grocery",0,0,0,"midday"
7,86,52,34,"weekend","lunch","travelling","freezing","grocery",0,0,0,"midday"
7,87,53,34,"weekend","beforelunch","travelling","cold","grocery",0,0,0,"midday"
7,89,55,34,"weekday","earlymorning","travelling","unknown","grocery",0,0,0,"morning"
7,90,56,34,"weekend","dinner","working","cold","grocery",0,0,0,"night"
7,91,57,34,"weekday","breakfast","unknown","freezing","restaurant",1,1,0,"morning"
7,92,58,34,"weekday","lunch","unknown","cold","restaurant",1,1,0,"midday"
7,95,61,34,"weekend","evening","unknown","cold","grocery",0,1,0,"night"
7,97,63,34,"weekday","breakfast","travelling","unknown","grocery",0,1,0,"morning"
7,98,64,34,"weekday","afternoon","working","unknown","restaurant",0,1,0,"midday"
7,99,65,34,"weekday","morning","travelling","freezing","grocery",1,1,0,"morning"
7,101,67,34,"weekend","dinner","travelling","freezing","restaurant",1,1,0,"night"
7,102,68,34,"weekday","breakfast","travelling","freezing","restaurant",0,1,0,"morning"
7,104,70,34,"weekday","breakfast","leisure","unknown","restaurant",0,1,0,"morning"
7,105,71,34,"weekday","beforelunch","travelling","freezing","grocery",0,1,0,"midday"
7,107,73,34,"weekend","beforelunch","travelling","cold","restaurant",1,1,0,"midday"
7,108,74,34,"weekday","beforelunch","unknown","freezing","restaurant",1,1,0,"midday"
7,109,75,34,"weekday","afternoon","working","unknown","restaurant",0,1,0,"midday"
7,110,76,34,"unknown","lunch","travelling","freezing","grocery",0,1,0,"midday"
7,111,77,34,"weekday","morning","travelling","warm","restaurant",0,1,0,"morning"
7,112,78,34,"weekend","afternoon","morningrituals","freezing","restaurant",0,1,0,"midday"
7,114,80,34,"weekday","earlymorning","travelling","hot","grocery",0,1,0,"morning"
7,115,81,34,"weekday","latenight","leisure","cold","restaurant",1,1,0,"night"
7,117,83,34,"weekday","afternoon","travelling","cold","grocery",0,1,0,"midday"
7,118,84,34,"weekday","afternoon","travelling","cold","grocery",0,1,0,"midday"
7,119,85,34,"weekday","lunch","travelling","freezing","restaurant",1,1,0,"midday"
7,120,86,34,"weekday","beforelunch","travelling","unknown","grocery",0,1,0,"midday"
7,121,87,34,"weekend","night","travelling","freezing","grocery",0,1,0,"night"
7,122,88,34,"weekday","evening","travelling","cold","restaurant",0,1,0,"night"
7,123,89,34,"weekend","breakfast","travelling","unknown","grocery",0,1,0,"morning"
7,124,90,34,"weekday","beforelunch","travelling","warm","restaurant",0,1,0,"midday"
7,127,93,34,"weekday","lunch","travelling","cold","grocery",0,1,0,"midday"
7,129,95,34,"weekend","breakfast","unknown","cold","grocery",0,1,0,"morning"
7,130,96,34,"weekend","beforelunch","travelling","freezing","grocery",0,1,0,"midday"
7,132,98,34,"weekday","breakfast","travelling","cold","grocery",0,1,0,"morning"
7,135,101,34,"weekday","afternoon","travelling","freezing","grocery",0,1,0,"midday"
7,136,102,34,"weekend","afternoon","travelling","warm","grocery",0,1,0,"midday"
7,140,106,34,"weekday","afternoon","travelling","freezing","restaurant",1,1,0,"midday"
7,141,107,34,"weekday","afternoon","leisure","unknown","restaurant",0,1,0,"midday"
7,143,109,34,"weekend","lunch","travelling","cold","restaurant",0,1,0,"midday"
7,145,111,34,"weekday","lunch","morningrituals","unknown","restaurant",1,1,0,"midday"
7,146,112,34,"weekday","lunch","shopping","cold","grocery",0,1,0,"midday"
7,148,114,34,"weekend","beforelunch","working","freezing","restaurant",1,1,1,"midday"
7,149,115,34,"weekend","lunch","travelling","freezing","grocery",1,1,1,"midday"
7,150,116,34,"weekday","breakfast","unknown","unknown","restaurant",0,1,1,"morning"
7,154,120,34,"weekend","lunch","travelling","cold","grocery",0,1,1,"midday"
7,155,121,34,"weekday","lunch","travelling","unknown","restaurant",0,1,1,"midday"
7,157,123,34,"weekday","breakfast","travelling","unknown","restaurant",0,1,1,"morning"
7,158,124,34,"weekend","beforelunch","unknown","cold","grocery",1,1,1,"midday"
7,159,125,34,"weekday","afternoon","travelling","cold","grocery",0,1,1,"midday"
7,160,126,34,"weekday","afternoon","travelling","cold","restaurant",0,1,1,"midday"
7,161,127,34,"weekday","breakfast","travelling","unknown","restaurant",1,1,1,"morning"
7,162,128,34,"weekend","afternoon","travelling","cold","grocery",0,1,1,"midday"
7,163,129,34,"weekend","dinner","travelling","hot","grocery",1,1,1,"night"
7,164,130,34,"weekday","beforelunch","travelling","cold","restaurant",0,1,1,"midday"
7,165,131,34,"weekday","beforelunch","shopping","freezing","grocery",0,1,1,"midday"
7,166,132,34,"weekday","afternoon","working","cold","restaurant",0,1,1,"midday"
7,167,133,34,"weekday","breakfast","working","cold","grocery",1,1,1,"morning"
7,168,134,34,"weekday","afternoon","working","freezing","grocery",0,1,1,"midday"
7,171,137,34,"weekday","earlymorning","travelling","cold","restaurant",0,1,1,"morning"
7,174,140,34,"weekend","afternoon","travelling","warm","grocery",0,1,1,"midday"
7,177,143,34,"weekday","afternoon","travelling","cold","restaurant",0,1,1,"midday"
7,179,145,34,"weekday","beforelunch","travelling","freezing","restaurant",0,1,1,"midday"
7,181,147,34,"weekday","lunch","travelling","cold","grocery",0,1,1,"midday"
7,182,148,34,"weekday","lunch","leisure","unknown","grocery",0,1,1,"midday"
7,183,149,34,"unknown","afternoon","travelling","freezing","restaurant",0,1,1,"midday"
7,185,151,34,"weekday","latenight","travelling","cold","restaurant",1,1,1,"night"
7,187,153,34,"weekend","beforelunch","travelling","cold","restaurant",0,1,1,"midday"
7,189,155,34,"weekday","lunch","shopping","unknown","restaurant",0,1,1,"midday"
7,190,156,34,"weekday","afternoon","travelling","freezing","restaurant",0,1,1,"midday"
7,191,157,34,"weekday","breakfast","unknown","cold","restaurant",0,1,1,"morning"
7,192,158,34,"weekend","lunch","travelling","freezing","grocery",0,1,1,"midday"
7,195,161,34,"weekend","beforelunch","unknown","unknown","restaurant",0,1,1,"midday"
7,196,162,34,"weekday","breakfast","travelling","freezing","grocery",1,1,1,"morning"
7,198,164,34,"weekday","lunch","working","cold","restaurant",0,1,1,"midday"
7,199,165,34,"weekend","breakfast","travelling","cold","restaurant",0,1,1,"morning"
7,200,166,34,"weekday","lunch","travelling","hot","grocery",1,1,1,"midday"
7,201,167,34,"weekend","lunch","travelling","cold","grocery",1,1,1,"midday"
7,202,168,34,"weekday","breakfast","working","cold","restaurant",0,1,1,"morning"
7,204,170,34,"weekday","morning","travelling","hot","grocery",0,1,1,"morning"
7,205,171,34,"weekend","afternoon","unknown","unknown","grocery",0,1,1,"midday"
7,207,173,34,"weekday","lunch","travelling","hot","restaurant",1,1,1,"midday"
7,208,174,34,"weekday","morning","travelling","freezing","restaurant",0,1,1,"morning"
7,210,176,34,"weekday","lunch","travelling","cold","restaurant",0,1,1,"midday"
7,211,177,34,"weekday","lunch","travelling","unknown","grocery",0,1,1,"midday"
7,212,178,34,"weekend","lunch","leisure","warm","grocery",1,1,1,"midday"
7,213,179,34,"weekday","lunch","leisure","cold","restaurant",0,1,1,"midday"
7,215,181,34,"weekend","dinner","shopping","unknown","grocery",0,1,1,"night"
7,217,183,34,"weekday","lunch","travelling","unknown","grocery",0,1,1,"midday"
8,50,5,45,"weekend","lunch","travelling","unknown","restaurant",1,0,0,"midday"
8,51,6,45,"weekday","lunch","travelling","cold","grocery",0,0,0,"midday"
8,52,7,45,"unknown","beforelunch","working","cold","restaurant",0,0,0,"midday"
8,53,8,45,"weekend","night","working","cold","grocery",0,0,0,"night"
8,57,12,45,"weekend","afternoon","working","unknown","restaurant",0,0,0,"midday"
8,64,19,45,"weekday","lunch","travelling","unknown","grocery",0,0,0,"midday"
8,81,36,45,"weekday","lunch","unknown","warm","restaurant",0,0,0,"midday"
8,89,44,45,"weekday","lunch","travelling","hot","restaurant",1,0,0,"midday"
8,90,45,45,"weekend","afternoon","travelling","freezing","grocery",0,0,0,"midday"
8,99,54,45,"weekday","morning","travelling","unknown","grocery",0,0,0,"morning"
8,101,56,45,"weekend","night","travelling","freezing","restaurant",0,0,0,"night"
8,108,63,45,"weekday","afternoon","travelling","unknown","grocery",0,1,0,"midday"
8,111,66,45,"weekday","lunch","morningrituals","cold","grocery",1,1,0,"midday"
8,115,70,45,"weekend","afternoon","travelling","unknown","restaurant",0,1,0,"midday"
8,125,80,45,"weekday","afternoon","travelling","warm","grocery",0,1,0,"midday"
8,133,88,45,"weekday","lunch","working","unknown","restaurant",0,1,0,"midday"
8,135,90,45,"weekday","breakfast","travelling","cold","restaurant",0,1,0,"morning"
8,137,92,45,"weekday","breakfast","travelling","cold","restaurant",0,1,0,"morning"
8,140,95,45,"weekend","breakfast","working","cold","restaurant",0,1,0,"morning"
8,141,96,45,"weekday","lunch","travelling","unknown","restaurant",1,1,0,"midday"
8,142,97,45,"weekday","lunch","travelling","hot","grocery",0,1,0,"midday"
8,145,100,45,"weekday","beforelunch","travelling","warm","grocery",0,1,0,"midday"
8,150,105,45,"weekday","afternoon","travelling","cold","grocery",0,1,0,"midday"
8,174,129,45,"weekday","afternoon","unknown","warm","grocery",0,1,1,"midday"
8,183,138,45,"weekend","breakfast","leisure","cold","grocery",0,1,1,"morning"
8,188,143,45,"weekday","afternoon","travelling","unknown","restaurant",0,1,1,"midday"
8,189,144,45,"weekend","lunch","shopping","freezing","grocery",0,1,1,"midday"
8,190,145,45,"weekday","lunch","unknown","hot","grocery",1,1,1,"midday"
8,198,153,45,"weekend","afternoon","unknown","warm","grocery",0,1,1,"midday"
8,199,154,45,"weekday","breakfast","unknown","cold","grocery",0,1,1,"morning"
8,203,158,45,"weekday","beforelunch","working","cold","restaurant",0,1,1,"midday"
8,208,163,45,"weekday","night","travelling","unknown","restaurant",0,1,1,"night"
8,214,169,45,"weekend","morning","travelling","hot","grocery",1,1,1,"morning"
8,215,170,45,"weekday","beforelunch","travelling","warm","grocery",0,1,1,"midday"
8,217,172,45,"weekday","beforelunch","travelling","freezing","restaurant",0,1,1,"midday"
8,218,173,45,"weekday","afternoon","leisure","cold","grocery",0,1,1,"midday"
8,219,174,45,"weekday","dinner","travelling","unknown","restaurant",0,1,1,"night"
9,57,3,54,"unknown","lunch","travelling","unknown","grocery",0,0,0,"midday"
9,60,6,54,"weekday","earlymorning","travelling","warm","grocery",0,0,0,"morning"
9,73,19,54,"weekday","beforelunch","travelling","cold","restaurant",1,0,0,"midday"
9,85,31,54,"weekend","lunch","travelling","hot","grocery",0,0,0,"midday"
9,86,32,54,"weekday","beforelunch","leisure","freezing","restaurant",0,0,0,"midday"
9,97,43,54,"unknown","lunch","morningrituals","freezing","grocery",0,0,0,"midday"
9,109,55,54,"weekday","beforelunch","shopping","freezing","restaurant",1,0,0,"midday"
9,116,62,54,"weekend","beforelunch","shopping","cold","grocery",0,1,0,"midday"
9,117,63,54,"weekday","afternoon","shopping","hot","restaurant",0,1,0,"midday"
9,118,64,54,"weekday","lunch","leisure","cold","restaurant",0,1,0,"midday"
9,120,66,54,"weekday","dinner","travelling","hot","restaurant",1,1,0,"night"
9,121,67,54,"weekend","afternoon","travelling","freezing","grocery",0,1,0,"midday"
9,124,70,54,"weekday","breakfast","working","freezing","grocery",1,1,0,"morning"
9,126,72,54,"weekday","lunch","travelling","freezing","grocery",1,1,0,"midday"
9,128,74,54,"weekday","lunch","workingout","unknown","grocery",0,1,0,"midday"
9,134,80,54,"weekday","beforelunch","travelling","warm","restaurant",0,1,0,"midday"
9,145,91,54,"weekday","afternoon","working","unknown","grocery",0,1,0,"midday"
9,147,93,54,"weekday","morning","travelling","hot","grocery",1,1,0,"morning"
9,174,120,54,"weekday","afternoon","shopping","cold","grocery",1,1,1,"midday"
9,181,127,54,"weekday","lunch","shopping","cold","restaurant",0,1,1,"midday"
9,182,128,54,"weekend","unknown","working","unknown","grocery",0,1,1,"unknown"
9,191,137,54,"weekday","breakfast","shopping","hot","restaurant",0,1,1,"morning"
9,203,149,54,"weekday","lunch","travelling","hot","grocery",1,1,1,"midday"
9,208,154,54,"weekday","lunch","leisure","cold","grocery",1,1,1,"midday"
9,218,164,54,"unknown","morning","shopping","unknown","grocery",0,1,1,"morning"
9,219,165,54,"weekend","lunch","travelling","freezing","restaurant",0,1,1,"midday"
9,221,167,54,"weekday","lunch","shopping","unknown","grocery",0,1,1,"midday"
9,225,171,54,"weekday","breakfast","travelling","unknown","grocery",0,1,1,"morning"
9,232,178,54,"weekday","afternoon","travelling","unknown","grocery",1,1,1,"midday"
10,64,0,64,"weekday","night","travelling","cold","grocery",0,0,0,"night"
10,80,16,64,"weekday","unknown","travelling","cold","restaurant",0,0,0,"unknown"
10,81,17,64,"weekend","lunch","travelling","unknown","grocery",0,0,0,"midday"
10,83,19,64,"weekday","lunch","travelling","cold","restaurant",0,0,0,"midday"
10,89,25,64,"weekday","afternoon","unknown","cold","restaurant",1,0,0,"midday"
10,102,38,64,"weekend","breakfast","travelling","freezing","restaurant",0,0,0,"morning"
10,105,41,64,"weekend","lunch","leisure","freezing","grocery",0,0,0,"midday"
10,115,51,64,"weekday","breakfast","travelling","freezing","grocery",0,0,0,"morning"
10,120,56,64,"weekday","beforelunch","unknown","cold","grocery",0,0,0,"midday"
10,121,57,64,"weekend","beforelunch","travelling","cold","restaurant",0,1,0,"midday"
10,123,59,64,"weekend","afternoon","unknown","unknown","restaurant",1,1,0,"midday"
10,129,65,64,"weekday","lunch","travelling","warm","restaurant",0,1,0,"midday"
10,141,77,64,"weekday","beforelunch","shopping","cold","grocery",1,1,0,"midday"
10,143,79,64,"weekday","afternoon","travelling","hot","grocery",1,1,0,"midday"
10,147,83,64,"weekend","lunch","leisure","warm","grocery",0,1,0,"midday"
10,148,84,64,"weekday","morning","unknown","cold","restaurant",0,1,0,"morning"
10,165,101,64,"weekday","breakfast","travelling","freezing","restaurant",0,1,0,"morning"
10,184,120,64,"weekday","afternoon","travelling","unknown","grocery",1,1,1,"midday"
10,185,121,64,"weekday","afternoon","unknown","cold","grocery",0,1,1,"midday"
10,191,127,64,"weekday","lunch","travelling","warm","restaurant",0,1,1,"midday"
10,204,140,64,"weekend","lunch","travelling","warm","restaurant",0,1,1,"midday"
10,212,148,64,"weekday","lunch","shopping","freezing","grocery",0,1,1,"midday"
10,235,171,64,"weekday","lunch","travelling","hot","restaurant",1,1,1,"midday"
10,237,173,64,"weekday","dinner","travelling","unknown","restaurant",0,1,1,"night"
11,65,0,65,"weekday","beforelunch","travelling","cold","restaurant",0,0,0,"midday"
11,67,2,65,"weekday","lunch","travelling","hot","restaurant",1,0,0,"midday"
11,76,11,65,"weekday","beforelunch","shopping","unknown","grocery",0,0,0,"midday"
11,77,12,65,"weekday","afternoon","travelling","freezing","grocery",1,0,0,"midday"
11,79,14,65,"weekday","lunch","unknown","cold","restaurant",0,0,0,"midday"
11,83,18,65,"weekday","evening","unknown","freezing","restaurant",0,0,0,"night"
11,87,22,65,"weekday","afternoon","travelling","unknown","restaurant",1,0,0,"midday"
11,97,32,65,"weekday","afternoon","leisure","freezing","grocery",0,0,0,"midday"
11,106,41,65,"weekday","beforelunch","travelling","cold","restaurant",0,0,0,"midday"
11,107,42,65,"weekday","afternoon","travelling","unknown","restaurant",0,0,0,"midday"
11,109,44,65,"weekend","beforelunch","travelling","cold","restaurant",1,0,0,"midday"
11,115,50,65,"weekday","breakfast","travelling","cold","restaurant",0,0,0,"morning"
11,120,55,65,"weekday","breakfast","unknown","unknown","grocery",1,0,0,"morning"
11,128,63,65,"weekday","beforelunch","unknown","warm","grocery",1,1,0,"midday"
11,129,64,65,"weekday","lunch","morningrituals","cold","restaurant",0,1,0,"midday"
11,136,71,65,"weekend","breakfast","travelling","cold","grocery",0,1,0,"morning"
11,149,84,65,"weekday","beforelunch","travelling","warm","grocery",0,1,0,"midday"
11,152,87,65,"weekday","morning","travelling","cold","grocery",0,1,0,"morning"
11,153,88,65,"weekday","afternoon","unknown","freezing","grocery",0,1,0,"midday"
11,156,91,65,"weekday","afternoon","leisure","cold","grocery",0,1,0,"midday"
11,159,94,65,"weekday","beforelunch","travelling","cold","grocery",0,1,0,"midday"
11,162,97,65,"weekday","night","working","unknown","restaurant",1,1,0,"night"
11,167,102,65,"weekday","afternoon","travelling","warm","grocery",0,1,0,"midday"
11,169,104,65,"weekend","beforelunch","leisure","unknown","grocery",0,1,0,"midday"
11,173,108,65,"weekday","beforelunch","travelling","cold","grocery",0,1,0,"midday"
11,176,111,65,"weekday","afternoon","shopping","freezing","grocery",0,1,0,"midday"
11,189,124,65,"weekday","afternoon","travelling","freezing","restaurant",1,1,1,"midday"
11,198,133,65,"weekday","night","travelling","warm","restaurant",1,1,1,"night"
11,209,144,65,"weekday","night","travelling","warm","grocery",1,1,1,"night"
11,213,148,65,"weekday","lunch","travelling","cold","grocery",0,1,1,"midday"
11,228,163,65,"weekday","lunch","travelling","unknown","grocery",0,1,1,"midday"
11,235,170,65,"weekday","beforelunch","travelling","cold","restaurant",1,1,1,"midday"
11,238,173,65,"weekend","afternoon","shopping","warm","grocery",0,1,1,"midday"
11,242,177,65,"weekday","dinner","unknown","cold","grocery",1,1,1,"night"
11,245,180,65,"weekday","afternoon","unknown","warm","restaurant",0,1,1,"midday"
11,248,183,65,"weekday","lunch","travelling","cold","restaurant",0,1,1,"midday"
12,79,3,76,"weekend","lunch","unknown","cold","restaurant",0,0,0,"midday"
12,80,4,76,"weekday","lunch","travelling","warm","grocery",0,0,0,"midday"
12,81,5,76,"weekday","lunch","travelling","cold","restaurant",0,0,0,"midday"
12,88,12,76,"weekend","lunch","travelling","freezing","grocery",0,0,0,"midday"
12,89,13,76,"weekday","beforelunch","unknown","unknown","restaurant",1,0,0,"midday"
12,91,15,76,"weekday","latenight","travelling","warm","grocery",0,0,0,"night"
12,93,17,76,"weekday","beforelunch","shopping","cold","grocery",0,0,0,"midday"
12,102,26,76,"weekend","lunch","unknown","hot","restaurant",0,0,0,"midday"
12,105,29,76,"weekday","beforelunch","leisure","warm","restaurant",0,0,0,"midday"
12,106,30,76,"weekday","unknown","travelling","cold","restaurant",0,0,0,"unknown"
12,108,32,76,"weekday","lunch","travelling","cold","restaurant",0,0,0,"midday"
12,111,35,76,"weekday","morning","working","cold","restaurant",1,0,0,"morning"
12,116,40,76,"weekday","lunch","shopping","cold","restaurant",0,0,0,"midday"
12,134,58,76,"weekend","breakfast","travelling","freezing","restaurant",0,1,0,"morning"
12,142,66,76,"weekend","evening","travelling","cold","grocery",0,1,0,"night"
12,144,68,76,"weekday","beforelunch","travelling","hot","grocery",1,1,0,"midday"
12,145,69,76,"weekday","afternoon","working","freezing","grocery",0,1,0,"midday"
12,150,74,76,"weekend","beforelunch","travelling","cold","grocery",1,1,0,"midday"
12,155,79,76,"weekday","lunch","travelling","warm","restaurant",0,1,0,"midday"
12,157,81,76,"weekday","beforelunch","working","unknown","restaurant",0,1,0,"midday"
12,158,82,76,"weekend","beforelunch","unknown","cold","restaurant",0,1,0,"midday"
12,159,83,76,"unknown","afternoon","travelling","freezing","restaurant",0,1,0,"midday"
12,166,90,76,"weekday","breakfast","shopping","cold","grocery",0,1,0,"morning"
12,173,97,76,"weekday","breakfast","leisure","cold","restaurant",1,1,0,"morning"
12,176,100,76,"weekday","afternoon","travelling","hot","restaurant",1,1,0,"midday"
12,178,102,76,"weekday","beforelunch","travelling","unknown","restaurant",0,1,0,"midday"
12,181,105,76,"weekday","afternoon","working","hot","restaurant",0,1,0,"midday"
12,191,115,76,"weekday","beforelunch","travelling","warm","restaurant",0,1,1,"midday"
12,195,119,76,"weekday","beforelunch","travelling","cold","restaurant",0,1,1,"midday"
12,196,120,76,"weekday","lunch","leisure","unknown","restaurant",0,1,1,"midday"
12,198,122,76,"weekday","lunch","travelling","freezing","grocery",0,1,1,"midday"
12,200,124,76,"weekday","beforelunch","shopping","unknown","restaurant",0,1,1,"midday"
12,201,125,76,"weekday","night","working","unknown","grocery",0,1,1,"night"
12,208,132,76,"weekday","beforelunch","unknown","freezing","restaurant",0,1,1,"midday"
12,210,134,76,"weekday","breakfast","travelling","unknown","restaurant",0,1,1,"morning"
12,211,135,76,"weekday","lunch","leisure","cold","grocery",0,1,1,"midday"
12,214,138,76,"weekday","night","travelling","unknown","grocery",1,1,1,"night"
12,217,141,76,"weekend","afternoon","shopping","cold","restaurant",0,1,1,"midday"
12,218,142,76,"weekday","morning","travelling","freezing","grocery",0,1,1,"morning"
12,219,143,76,"weekend","morning","travelling","unknown","restaurant",0,1,1,"morning"
12,235,159,76,"weekend","breakfast","travelling","unknown","grocery",1,1,1,"morning"
12,242,166,76,"weekday","lunch","travelling","freezing","restaurant",0,1,1,"midday"
12,246,170,76,"weekday","afternoon","unknown","unknown","grocery",1,1,1,"midday"
12,254,178,76,"weekday","dinner","unknown","unknown","restaurant",0,1,1,"night"
13,87,0,87,"weekend","night","leisure","warm","grocery",0,0,0,"night"
13,106,19,87,"weekday","breakfast","travelling","hot","restaurant",0,0,0,"morning"
13,110,23,87,"weekday","afternoon","travelling","unknown","restaurant",1,0,0,"midday"
13,115,28,87,"weekday","afternoon","travelling","cold","restaurant",0,0,0,"midday"
13,120,33,87,"weekend","morning","unknown","unknown","grocery",0,0,0,"morning"
13,122,35,87,"weekend","afternoon","travelling","unknown","restaurant",1,0,0,"midday"
13,125,38,87,"weekday","lunch","working","cold","grocery",0,0,0,"midday"
13,126,39,87,"weekday","evening","working","warm","grocery",1,0,0,"night"
13,128,41,87,"weekend","lunch","travelling","freezing","grocery",0,0,0,"midday"
13,132,45,87,"weekday","morning","unknown","unknown","restaurant",0,0,0,"morning"
13,134,47,87,"weekday","breakfast","travelling","hot","grocery",1,0,0,"morning"
13,135,48,87,"weekend","lunch","shopping","unknown","restaurant",0,0,0,"midday"
13,138,51,87,"weekday","lunch","morningrituals","unknown","restaurant",1,0,0,"midday"
13,145,58,87,"weekend","evening","working","warm","grocery",1,1,0,"night"
13,152,65,87,"weekday","breakfast","travelling","cold","grocery",0,1,0,"morning"
13,164,77,87,"weekend","lunch","travelling","warm","restaurant",0,1,0,"midday"
13,165,78,87,"weekday","lunch","travelling","hot","restaurant",1,1,0,"midday"
13,172,85,87,"weekday","breakfast","travelling","freezing","grocery",0,1,0,"morning"
13,173,86,87,"weekend","dinner","unknown","warm","grocery",0,1,0,"night"
13,177,90,87,"weekday","earlymorning","working","cold","restaurant",0,1,0,"morning"
13,180,93,87,"weekday","lunch","travelling","freezing","restaurant",1,1,0,"midday"
13,182,95,87,"weekday","morning","travelling","freezing","restaurant",0,1,0,"morning"
13,186,99,87,"weekday","afternoon","travelling","unknown","grocery",0,1,0,"midday"
13,194,107,87,"weekend","lunch","leisure","warm","restaurant",1,1,0,"midday"
13,209,122,87,"weekday","breakfast","travelling","cold","grocery",0,1,1,"morning"
13,214,127,87,"weekday","lunch","travelling","unknown","restaurant",1,1,1,"midday"
13,215,128,87,"weekday","afternoon","shopping","freezing","restaurant",1,1,1,"midday"
13,222,135,87,"weekday","lunch","travelling","warm","restaurant",1,1,1,"midday"
13,228,141,87,"weekday","morning","travelling","freezing","grocery",0,1,1,"morning"
13,230,143,87,"weekend","afternoon","travelling","unknown","restaurant",1,1,1,"midday"
13,231,144,87,"weekend","breakfast","unknown","cold","grocery",0,1,1,"morning"
13,232,145,87,"weekend","lunch","working","hot","grocery",1,1,1,"midday"
13,233,146,87,"weekday","lunch","travelling","freezing","restaurant",0,1,1,"midday"
13,237,150,87,"weekend","afternoon","working","unknown","grocery",1,1,1,"midday"
13,241,154,87,"weekend","lunch","travelling","freezing","grocery",0,1,1,"midday"
13,243,156,87,"weekday","afternoon","travelling","cold","grocery",1,1,1,"midday"
13,245,158,87,"weekend","beforelunch","travelling","unknown","grocery",0,1,1,"midday"
13,246,159,87,"weekend","beforelunch","travelling","warm","grocery",1,1,1,"midday"
13,249,162,87,"weekday","breakfast","travelling","cold","restaurant",1,1,1,"morning"
13,263,176,87,"weekday","afternoon","travelling","cold","restaurant",1,1,1,"midday"
13,267,180,87,"weekday","beforelunch","travelling","cold","grocery",1,1,1,"midday"
13,268,181,87,"weekday","beforelunch","unknown","unknown","grocery",1,1,1,"midday"
14,101,3,98,"weekday","afternoon","travelling","freezing","grocery",1,0,0,"midday"
14,102,4,98,"weekday","lunch","unknown","freezing","restaurant",0,0,0,"midday"
14,105,7,98,"weekday","breakfast","travelling","unknown","restaurant",1,0,0,"morning"
14,106,8,98,"weekday","night","shopping","cold","restaurant",0,0,0,"night"
14,107,9,98,"weekday","afternoon","leisure","freezing","grocery",0,0,0,"midday"
14,108,10,98,"weekday","beforelunch","travelling","freezing","restaurant",1,0,0,"midday"
14,115,17,98,"weekend","night","leisure","cold","restaurant",0,0,0,"night"
14,116,18,98,"weekday","evening","shopping","warm","restaurant",0,0,0,"night"
14,117,19,98,"weekend","breakfast","travelling","warm","grocery",0,0,0,"morning"
14,118,20,98,"weekday","breakfast","travelling","warm","restaurant",0,0,0,"morning"
14,126,28,98,"weekday","lunch","travelling","warm","restaurant",0,0,0,"midday"
14,130,32,98,"weekday","afternoon","travelling","hot","grocery",0,0,0,"midday"
14,131,33,98,"weekday","beforelunch","travelling","warm","restaurant",1,0,0,"midday"
14,133,35,98,"weekday","afternoon","travelling","freezing","grocery",0,0,0,"midday"
14,138,40,98,"weekday","afternoon","travelling","hot","restaurant",0,0,0,"midday"
14,145,47,98,"weekday","lunch","travelling","hot","restaurant",0,0,0,"midday"
14,146,48,98,"weekday","afternoon","unknown","warm","restaurant",0,0,0,"midday"
14,153,55,98,"weekday","breakfast","travelling","cold","grocery",0,0,0,"morning"
14,154,56,98,"weekday","afternoon","travelling","warm","restaurant",1,0,0,"midday"
14,155,57,98,"weekday","lunch","travelling","cold","grocery",0,1,0,"midday"
14,159,61,98,"weekday","afternoon","travelling","unknown","restaurant",0,1,0,"midday"
14,164,66,98,"weekday","lunch","travelling","cold","restaurant",1,1,0,"midday"
14,167,69,98,"weekday","morning","unknown","unknown","grocery",0,1,0,"morning"
14,171,73,98,"weekday","lunch","morningrituals","cold","grocery",0,1,0,"midday"
14,173,75,98,"weekday","afternoon","leisure","cold","restaurant",1,1,0,"midday"
14,175,77,98,"weekday","afternoon","travelling","unknown","restaurant",0,1,0,"midday"
14,182,84,98,"weekday","afternoon","travelling","warm","restaurant",0,1,0,"midday"
14,184,86,98,"weekday","afternoon","morningrituals","cold","grocery",0,1,0,"midday"
14,185,87,98,"weekday","dinner","travelling","freezing","grocery",0,1,0,"night"
14,186,88,98,"weekend","breakfast","unknown","cold","restaurant",1,1,0,"morning"
14,190,92,98,"weekend","afternoon","leisure","unknown","grocery",0,1,0,"midday"
14,193,95,98,"weekday","morning","leisure","cold","restaurant",0,1,0,"morning"
14,194,96,98,"weekday","lunch","travelling","freezing","restaurant",0,1,0,"midday"
14,196,98,98,"weekday","lunch","unknown","unknown","restaurant",0,1,0,"midday"
14,197,99,98,"weekend","breakfast","travelling","unknown","grocery",0,1,0,"morning"
14,199,101,98,"weekday","beforelunch","travelling","hot","grocery",0,1,0,"midday"
14,201,103,98,"weekday","beforelunch","travelling","unknown","grocery",0,1,0,"midday"
14,202,104,98,"weekday","lunch","working","cold","restaurant",0,1,0,"midday"
14,205,107,98,"weekday","afternoon","working","unknown","restaurant",0,1,0,"midday"
14,212,114,98,"weekday","afternoon","working","cold","restaurant",0,1,1,"midday"
14,215,117,98,"weekday","lunch","travelling","cold","restaurant",1,1,1,"midday"
14,218,120,98,"weekend","lunch","travelling","freezing","restaurant",0,1,1,"midday"
14,219,121,98,"weekend","afternoon","travelling","unknown","restaurant",0,1,1,"midday"
14,220,122,98,"weekday","beforelunch","working","unknown","grocery",0,1,1,"midday"
14,221,123,98,"weekday","breakfast","travelling","freezing","grocery",1,1,1,"morning"
14,222,124,98,"weekday","beforelunch","travelling","unknown","restaurant",0,1,1,"midday"
14,226,128,98,"weekday","earlymorning","travelling","hot","grocery",0,1,1,"morning"
14,230,132,98,"weekday","afternoon","leisure","warm","grocery",0,1,1,"midday"
14,231,133,98,"weekday","beforelunch","travelling","cold","grocery",1,1,1,"midday"
14,234,136,98,"weekday","beforelunch","travelling","cold","restaurant",1,1,1,"midday"
14,235,137,98,"weekday","morning","leisure","cold","grocery",1,1,1,"morning"
14,238,140,98,"weekday","morning","unknown","cold","grocery",1,1,1,"morning"
14,240,142,98,"weekday","beforelunch","working","freezing","restaurant",1,1,1,"midday"
14,248,150,98,"weekday","beforelunch","travelling","unknown","restaurant",1,1,1,"midday"
14,252,154,98,"weekday","beforelunch","travelling","freezing","restaurant",1,1,1,"midday"
14,256,158,98,"weekday","lunch","travelling","freezing","restaurant",0,1,1,"midday"
14,265,167,98,"weekday","lunch","travelling","cold","restaurant",1,1,1,"midday"
14,266,168,98,"weekend","afternoon","travelling","hot","grocery",0,1,1,"midday"
14,272,174,98,"weekday","afternoon","shopping","cold","grocery",0,1,1,"midday"
14,280,182,98,"weekday","lunch","unknown","unknown","restaurant",1,1,1,"midday"
15,107,4,103,"weekday","afternoon","travelling","unknown","grocery",0,0,0,"midday"
15,109,6,103,"weekend","lunch","travelling","cold","grocery",1,0,0,"midday"
15,120,17,103,"weekday","afternoon","travelling","unknown","grocery",1,0,0,"midday"
15,123,20,103,"weekday","lunch","travelling","cold","grocery",1,0,0,"midday"
15,125,22,103,"weekday","breakfast","travelling","cold","restaurant",0,0,0,"morning"
15,141,38,103,"unknown","breakfast","travelling","cold","restaurant",0,0,0,"morning"
15,152,49,103,"weekend","afternoon","leisure","cold","grocery",1,0,0,"midday"
15,157,54,103,"weekend","breakfast","working","unknown","restaurant",0,0,0,"morning"
15,172,69,103,"weekday","lunch","unknown","warm","restaurant",1,1,0,"midday"
15,187,84,103,"weekday","morning","morningrituals","freezing","restaurant",0,1,0,"morning"
15,194,91,103,"weekend","beforelunch","travelling","unknown","grocery",0,1,0,"midday"
15,204,101,103,"weekend","beforelunch","unknown","cold","restaurant",0,1,0,"midday"
15,207,104,103,"weekday","breakfast","unknown","cold","grocery",0,1,0,"morning"
15,220,117,103,"weekday","afternoon","travelling","freezing","grocery",0,1,1,"midday"
15,221,118,103,"weekend","lunch","unknown","freezing","grocery",0,1,1,"midday"
15,228,125,103,"weekday","lunch","travelling","freezing","grocery",0,1,1,"midday"
15,233,130,103,"weekday","beforelunch","working","cold","restaurant",0,1,1,"midday"
15,236,133,103,"weekday","afternoon","unknown","unknown","restaurant",0,1,1,"midday"
15,242,139,103,"weekend","beforelunch","travelling","cold","grocery",1,1,1,"midday"
15,245,142,103,"weekday","morning","unknown","cold","restaurant",0,1,1,"morning"
15,249,146,103,"weekday","afternoon","unknown","unknown","restaurant",0,1,1,"midday"
15,256,153,103,"weekday","afternoon","travelling","unknown","grocery",0,1,1,"midday"
15,272,169,103,"weekend","unknown","travelling","warm","grocery",0,1,1,"unknown"
15,284,181,103,"weekday","afternoon","travelling","cold","grocery",1,1,1,"midday"
16,105,0,105,"weekend","lunch","travelling","hot","restaurant",0,0,0,"midday"
16,106,1,105,"weekday","lunch","working","cold","grocery",0,0,0,"midday"
16,115,10,105,"weekday","afternoon","leisure","warm","grocery",0,0,0,"midday"
16,116,11,105,"weekday","lunch","unknown","warm","restaurant",0,0,0,"midday"
16,117,12,105,"weekday","afternoon","workingout","hot","grocery",0,0,0,"midday"
16,121,16,105,"weekday","unknown","leisure","warm","restaurant",0,0,0,"unknown"
16,124,19,105,"weekend","lunch","travelling","hot","restaurant",1,0,0,"midday"
16,125,20,105,"weekend","beforelunch","unknown","cold","grocery",0,0,0,"midday"
16,126,21,105,"weekday","afternoon","working","warm","grocery",0,0,0,"midday"
16,128,23,105,"weekend","afternoon","unknown","freezing","grocery",0,0,0,"midday"
16,129,24,105,"weekday","breakfast","leisure","unknown","restaurant",1,0,0,"morning"
16,136,31,105,"weekday","afternoon","shopping","cold","grocery",0,0,0,"midday"
16,141,36,105,"weekend","afternoon","travelling","unknown","restaurant",0,0,0,"midday"
16,143,38,105,"weekday","afternoon","travelling","cold","restaurant",0,0,0,"midday"
16,147,42,105,"weekday","lunch","working","cold","grocery",0,0,0,"midday"
16,149,44,105,"weekend","breakfast","shopping","hot","restaurant",1,0,0,"morning"
16,154,49,105,"weekday","afternoon","leisure","freezing","restaurant",0,0,0,"midday"
16,157,52,105,"weekday","dinner","travelling","cold","restaurant",0,0,0,"night"
16,160,55,105,"weekend","beforelunch","working","cold","grocery",1,0,0,"midday"
16,163,58,105,"weekday","morning","travelling","warm","restaurant",0,1,0,"morning"
16,167,62,105,"weekday","afternoon","unknown","warm","grocery",0,1,0,"midday"
16,168,63,105,"weekday","morning","travelling","freezing","restaurant",0,1,0,"morning"
16,174,69,105,"weekday","beforelunch","travelling","hot","grocery",0,1,0,"midday"
16,175,70,105,"weekend","dinner","travelling","warm","grocery",0,1,0,"night"
16,176,71,105,"weekday","beforelunch","housework","freezing","restaurant",0,1,0,"midday"
16,178,73,105,"weekend","afternoon","unknown","cold","grocery",1,1,0,"midday"
16,179,74,105,"weekend","afternoon","travelling","cold","restaurant",1,1,0,"midday"
16,182,77,105,"weekday","lunch","unknown","freezing","grocery",1,1,0,"midday"
16,183,78,105,"weekday","afternoon","travelling","unknown","grocery",0,1,0,"midday"
16,185,80,105,"weekday","morning","unknown","unknown","grocery",1,1,0,"morning"
16,186,81,105,"weekday","afternoon","working","hot","grocery",1,1,0,"midday"
16,200,95,105,"weekend","breakfast","travelling","cold","restaurant",0,1,0,"morning"
16,203,98,105,"weekday","beforelunch","travelling","hot","restaurant",1,1,0,"midday"
16,204,99,105,"weekday","afternoon","travelling","cold","grocery",1,1,0,"midday"
16,209,104,105,"weekday","afternoon","travelling","cold","grocery",0,1,0,"midday"
16,210,105,105,"weekday","beforelunch","travelling","cold","grocery",0,1,0,"midday"
16,212,107,105,"weekday","afternoon","travelling","freezing","restaurant",0,1,0,"midday"
16,218,113,105,"weekend","afternoon","unknown","warm","grocery",0,1,1,"midday"
16,219,114,105,"weekday","beforelunch","travelling","warm","grocery",1,1,1,"midday"
16,224,119,105,"weekday","breakfast","morningrituals","cold","restaurant",0,1,1,"morning"
16,226,121,105,"weekend","morning","unknown","cold","restaurant",1,1,1,"morning"
16,230,125,105,"weekday","lunch","travelling","cold","grocery",0,1,1,"midday"
16,234,129,105,"weekend","breakfast","travelling","freezing","grocery",0,1,1,"morning"
16,238,133,105,"weekday","beforelunch","travelling","freezing","grocery",0,1,1,"midday"
16,241,136,105,"weekend","afternoon","travelling","hot","grocery",0,1,1,"midday"
16,245,140,105,"weekend","afternoon","travelling","warm","restaurant",0,1,1,"midday"
16,247,142,105,"weekend","lunch","travelling","freezing","grocery",0,1,1,"midday"
16,248,143,105,"weekday","afternoon","unknown","freezing","grocery",1,1,1,"midday"
16,255,150,105,"weekday","beforelunch","travelling","cold","grocery",1,1,1,"midday"
16,256,151,105,"weekend","afternoon","travelling","cold","grocery",0,1,1,"midday"
16,257,152,105,"weekday","afternoon","working","freezing","restaurant",0,1,1,"midday"
16,260,155,105,"weekday","lunch","travelling","unknown","restaurant",0,1,1,"midday"
16,266,161,105,"weekend","lunch","unknown","cold","restaurant",0,1,1,"midday"
16,279,174,105,"weekday","dinner","travelling","cold","restaurant",0,1,1,"night"
16,284,179,105,"weekday","beforelunch","travelling","unknown","grocery",0,1,1,"midday"
16,287,182,105,"weekday","night","unknown","unknown","restaurant",1,1,1,"night"
17,115,0,115,"weekday","morning","working","freezing","restaurant",0,0,0,"morning"
17,116,1,115,"weekend","beforelunch","travelling","warm","restaurant",0,0,0,"midday"
17,117,2,115,"weekday","lunch","morningrituals","freezing","restaurant",1,0,0,"midday"
17,118,3,115,"weekday","lunch","travelling","cold","restaurant",0,0,0,"midday"
17,119,4,115,"weekday","beforelunch","travelling","freezing","grocery",0,0,0,"midday"
17,120,5,115,"weekday","lunch","travelling","unknown","grocery",0,0,0,"midday"
17,121,6,115,"weekday","lunch","working","unknown","restaurant",0,0,0,"midday"
17,123,8,115,"weekday","breakfast","travelling","unknown","grocery",0,0,0,"morning"
17,124,9,115,"weekend","unknown","unknown","cold","grocery",0,0,0,"unknown"
17,125,10,115,"weekday","breakfast","leisure","hot","restaurant",0,0,0,"morning"
17,126,11,115,"weekend","latenight","travelling","warm","grocery",0,0,0,"night"
17,127,12,115,"weekday","earlymorning","working","cold","grocery",0,0,0,"morning"
17,128,13,115,"weekend","lunch","morningrituals","cold","restaurant",1,0,0,"midday"
17,129,14,115,"unknown","morning","travelling","unknown","grocery",0,0,0,"morning"
17,130,15,115,"weekday","lunch","unknown","freezing","grocery",1,0,0,"midday"
17,131,16,115,"weekend","breakfast","shopping","hot","grocery",0,0,0,"morning"
17,133,18,115,"weekend","morning","unknown","freezing","restaurant",1,0,0,"morning"
17,134,19,115,"weekday","afternoon","unknown","unknown","restaurant",0,0,0,"midday"
17,135,20,115,"weekend","lunch","working","cold","grocery",0,0,0,"midday"
17,136,21,115,"weekday","morning","travelling","freezing","grocery",0,0,0,"morning"
17,137,22,115,"weekend","lunch","unknown","unknown","restaurant",0,0,0,"midday"
17,138,23,115,"weekend","afternoon","leisure","cold","restaurant",0,0,0,"midday"
17,139,24,115,"unknown","morning","travelling","freezing","grocery",0,0,0,"morning"
17,140,25,115,"weekend","morning","morningrituals","hot","grocery",0,0,0,"morning"
17,141,26,115,"weekday","lunch","travelling","hot","restaurant",0,0,0,"midday"
17,142,27,115,"weekend","morning","travelling","cold","restaurant",0,0,0,"morning"
17,143,28,115,"weekend","afternoon","travelling","cold","restaurant",1,0,0,"midday"
17,144,29,115,"weekend","lunch","shopping","warm","grocery",1,0,0,"midday"
17,145,30,115,"weekday","night","working","freezing","grocery",1,0,0,"night"
17,146,31,115,"weekday","morning","travelling","warm","grocery",0,0,0,"morning"
17,147,32,115,"weekday","beforelunch","shopping","freezing","restaurant",0,0,0,"midday"
17,148,33,115,"weekday","morning","travelling","unknown","restaurant",0,0,0,"morning"
17,149,34,115,"weekend","beforelunch","travelling","freezing","grocery",0,0,0,"midday"
17,150,35,115,"weekday","dinner","travelling","cold","restaurant",0,0,0,"night"
17,151,36,115,"weekday","breakfast","unknown","freezing","grocery",0,0,0,"morning"
17,152,37,115,"weekday","beforelunch","leisure","cold","grocery",0,0,0,"midday"
17,153,38,115,"weekday","lunch","travelling","freezing","grocery",1,0,0,"midday"
17,154,39,115,"weekday","beforelunch","travelling","freezing","grocery",0,0,0,"midday"
17,156,41,115,"weekday","breakfast","unknown","freezing","restaurant",0,0,0,"morning"
17,158,43,115,"weekday","lunch","shopping","cold","restaurant",1,0,0,"midday"
17,160,45,115,"weekday","afternoon","travelling","cold","restaurant",1,0,0,"midday"
17,162,47,115,"weekday","beforelunch","working","cold","grocery",0,0,0,"midday"
17,163,48,115,"weekend","afternoon","travelling","freezing","restaurant",0,0,0,"midday"
17,164,49,115,"weekday","lunch","travelling","freezing","restaurant",1,0,0,"midday"
17,166,51,115,"weekday","night","shopping","cold","restaurant",1,0,0,"night"
17,167,52,115,"weekend","afternoon","travelling","hot","grocery",1,0,0,"midday"
17,168,53,115,"weekend","afternoon","travelling","unknown","grocery",0,0,0,"midday"
17,169,54,115,"weekday","breakfast","travelling","warm","grocery",0,0,0,"morning"
17,170,55,115,"weekday","lunch","travelling","cold","grocery",1,0,0,"midday"
17,171,56,115,"weekday","breakfast","travelling","unknown","restaurant",1,0,0,"morning"
17,173,58,115,"weekday","breakfast","travelling","unknown","restaurant",0,1,0,"morning"
17,174,59,115,"weekend","beforelunch","travelling","freezing","grocery",0,1,0,"midday"
17,175,60,115,"weekday","beforelunch","travelling","cold","grocery",1,1,0,"midday"
17,176,61,115,"weekday","beforelunch","leisure","unknown","restaurant",1,1,0,"midday"
17,177,62,115,"weekend","breakfast","travelling","warm","grocery",0,1,0,"morning"
17,178,63,115,"weekday","afternoon","leisure","cold","restaurant",0,1,0,"midday"
17,179,64,115,"weekday","breakfast","travelling","unknown","grocery",0,1,0,"morning"
17,180,65,115,"weekday","breakfast","leisure","freezing","grocery",0,1,0,"morning"
17,182,67,115,"weekend","breakfast","leisure","cold","restaurant",0,1,0,"morning"
17,183,68,115,"weekday","lunch","travelling","warm","restaurant",1,1,0,"midday"
17,184,69,115,"weekday","afternoon","unknown","unknown","grocery",1,1,0,"midday"
17,185,70,115,"weekday","beforelunch","unknown","freezing","restaurant",0,1,0,"midday"
17,188,73,115,"weekday","afternoon","travelling","hot","restaurant",1,1,0,"midday"
17,189,74,115,"weekend","afternoon","working","cold","restaurant",0,1,0,"midday"
17,190,75,115,"weekday","beforelunch","shopping","freezing","restaurant",0,1,0,"midday"
17,191,76,115,"weekday","afternoon","leisure","cold","restaurant",0,1,0,"midday"
17,192,77,115,"weekend","night","travelling","freezing","grocery",0,1,0,"night"
17,194,79,115,"weekday","breakfast","travelling","freezing","restaurant",1,1,0,"morning"
17,196,81,115,"weekend","morning","travelling","cold","restaurant",1,1,0,"morning"
17,197,82,115,"weekend","beforelunch","working","warm","grocery",0,1,0,"midday"
17,198,83,115,"weekday","afternoon","unknown","warm","grocery",0,1,0,"midday"
17,200,85,115,"weekend","breakfast","shopping","unknown","grocery",0,1,0,"morning"
17,202,87,115,"weekday","lunch","unknown","unknown","grocery",0,1,0,"midday"
17,203,88,115,"weekday","afternoon","unknown","hot","restaurant",1,1,0,"midday"
17,205,90,115,"weekday","beforelunch","travelling","cold","restaurant",0,1,0,"midday"
17,206,91,115,"weekend","afternoon","travelling","unknown","grocery",0,1,0,"midday"
17,207,92,115,"weekend","afternoon","unknown","unknown","restaurant",0,1,0,"midday"
17,208,93,115,"weekday","breakfast","leisure","unknown","grocery",0,1,0,"morning"
17,209,94,115,"weekday","breakfast","travelling","hot","grocery",1,1,0,"morning"
17,210,95,115,"weekday","lunch","travelling","warm","grocery",0,1,0,"midday"
17,211,96,115,"weekday","afternoon","travelling","unknown","grocery",0,1,0,"midday"
17,212,97,115,"weekend","lunch","travelling","warm","restaurant",0,1,0,"midday"
17,214,99,115,"weekday","breakfast","shopping","unknown","restaurant",1,1,0,"morning"
17,215,100,115,"weekday","beforelunch","unknown","cold","grocery",0,1,0,"midday"
17,216,101,115,"weekday","afternoon","travelling","cold","grocery",1,1,0,"midday"
17,217,102,115,"weekday","lunch","unknown","freezing","restaurant",0,1,0,"midday"
17,218,103,115,"weekday","afternoon","working","cold","grocery",1,1,0,"midday"
17,221,106,115,"weekday","latenight","travelling","freezing","restaurant",0,1,0,"night"
17,222,107,115,"weekend","afternoon","working","warm","grocery",1,1,0,"midday"
17,224,109,115,"weekend","lunch","travelling","unknown","grocery",1,1,0,"midday"
17,225,110,115,"weekday","afternoon","leisure","warm","restaurant",0,1,0,"midday"
17,227,112,115,"weekday","morning","travelling","cold","restaurant",0,1,0,"morning"
17,229,114,115,"weekend","breakfast","travelling","cold","restaurant",0,1,1,"morning"
17,231,116,115,"weekday","breakfast","working","freezing","restaurant",0,1,1,"morning"
17,232,117,115,"weekday","afternoon","shopping","cold","grocery",1,1,1,"midday"
17,233,118,115,"weekday","afternoon","working","freezing","restaurant",0,1,1,"midday"
17,234,119,115,"weekend","morning","travelling","warm","grocery",0,1,1,"morning"
17,235,120,115,"weekday","morning","travelling","cold","grocery",1,1,1,"morning"
17,236,121,115,"weekday","earlymorning","shopping","cold","grocery",0,1,1,"morning"
17,237,122,115,"weekday","afternoon","travelling","unknown","restaurant",0,1,1,"midday"
17,238,123,115,"weekend","breakfast","travelling","unknown","restaurant",0,1,1,"morning"
17,239,124,115,"weekday","unknown","travelling","unknown","restaurant",0,1,1,"unknown"
17,240,125,115,"weekday","lunch","travelling","cold","restaurant",0,1,1,"midday"
17,241,126,115,"weekday","afternoon","travelling","unknown","restaurant",0,1,1,"midday"
17,242,127,115,"weekday","afternoon","leisure","unknown","restaurant",0,1,1,"midday"
17,243,128,115,"weekday","lunch","travelling","freezing","grocery",1,1,1,"midday"
17,244,129,115,"weekday","unknown","travelling","hot","restaurant",0,1,1,"unknown"
17,245,130,115,"weekend","afternoon","leisure","freezing","restaurant",0,1,1,"midday"
17,246,131,115,"weekend","afternoon","unknown","cold","restaurant",0,1,1,"midday"
17,248,133,115,"weekday","afternoon","travelling","cold","restaurant",0,1,1,"midday"
17,249,134,115,"weekday","breakfast","travelling","warm","restaurant",0,1,1,"morning"
17,250,135,115,"weekday","afternoon","unknown","cold","restaurant",0,1,1,"midday"
17,251,136,115,"weekend","breakfast","travelling","freezing","grocery",0,1,1,"morning"
17,252,137,115,"weekday","afternoon","travelling","unknown","grocery",0,1,1,"midday"
17,253,138,115,"weekend","morning","travelling","cold","restaurant",1,1,1,"morning"
17,254,139,115,"weekday","afternoon","unknown","hot","restaurant",0,1,1,"midday"
17,256,141,115,"weekend","afternoon","unknown","warm","restaurant",0,1,1,"midday"
17,257,142,115,"weekend","afternoon","travelling","hot","restaurant",0,1,1,"midday"
17,258,143,115,"weekday","afternoon","travelling","unknown","grocery",0,1,1,"midday"
17,259,144,115,"weekday","lunch","travelling","hot","grocery",1,1,1,"midday"
17,260,145,115,"weekday","beforelunch","travelling","freezing","restaurant",0,1,1,"midday"
17,261,146,115,"weekday","beforelunch","unknown","unknown","restaurant",0,1,1,"midday"
17,262,147,115,"weekday","earlymorning","travelling","warm","restaurant",0,1,1,"morning"
17,263,148,115,"weekday","morning","travelling","freezing","restaurant",0,1,1,"morning"
17,265,150,115,"weekday","afternoon","working","cold","grocery",1,1,1,"midday"
17,267,152,115,"unknown","afternoon","shopping","unknown","restaurant",0,1,1,"midday"
17,268,153,115,"weekday","breakfast","working","unknown","grocery",0,1,1,"morning"
17,269,154,115,"weekday","night","travelling","freezing","restaurant",0,1,1,"night"
17,270,155,115,"weekday","morning","shopping","warm","restaurant",0,1,1,"morning"
17,271,156,115,"weekend","afternoon","leisure","unknown","grocery",0,1,1,"midday"
17,273,158,115,"weekday","breakfast","travelling","unknown","restaurant",0,1,1,"morning"
17,276,161,115,"weekend","lunch","unknown","cold","restaurant",1,1,1,"midday"
17,277,162,115,"weekday","afternoon","leisure","cold","grocery",1,1,1,"midday"
17,279,164,115,"weekday","beforelunch","travelling","warm","grocery",0,1,1,"midday"
17,280,165,115,"weekday","afternoon","travelling","warm","grocery",1,1,1,"midday"
17,281,166,115,"weekday","breakfast","travelling","freezing","grocery",0,1,1,"morning"
17,282,167,115,"weekday","afternoon","leisure","freezing","grocery",0,1,1,"midday"
17,284,169,115,"weekday","dinner","travelling","hot","restaurant",0,1,1,"night"
17,285,170,115,"weekday","breakfast","travelling","freezing","grocery",1,1,1,"morning"
17,286,171,115,"weekend","breakfast","unknown","hot","grocery",1,1,1,"morning"
17,287,172,115,"weekend","beforelunch","unknown","warm","grocery",0,1,1,"midday"
17,288,173,115,"weekday","breakfast","travelling","cold","grocery",0,1,1,"morning"
17,291,176,115,"weekday","dinner","shopping","unknown","grocery",0,1,1,"night"
17,292,177,115,"weekday","beforelunch","travelling","unknown","restaurant",1,1,1,"midday"
17,293,178,115,"weekday","beforelunch","leisure","warm","grocery",0,1,1,"midday"
17,294,179,115,"weekday","afternoon","travelling","freezing","restaurant",1,1,1,"midday"
17,295,180,115,"weekday","lunch","working","warm","grocery",0,1,1,"midday"
17,297,182,115,"weekday","unknown","unknown","cold","grocery",1,1,1,"unknown"
17,298,183,115,"weekday","beforelunch","working","unknown","grocery",1,1,1,"midday"
18,122,0,122,"weekday","afternoon","travelling","freezing","restaurant",1,0,0,"midday"
18,124,2,122,"weekend","afternoon","leisure","warm","grocery",1,0,0,"midday"
18,128,6,122,"weekend","breakfast","travelling","cold","restaurant",1,0,0,"morning"
18,129,7,122,"weekday","lunch","travelling","cold","restaurant",0,0,0,"midday"
18,134,12,122,"weekday","beforelunch","travelling","cold","grocery",0,0,0,"midday"
18,140,18,122,"weekday","dinner","travelling","cold","grocery",0,0,0,"night"
18,143,21,122,"weekday","beforelunch","travelling","hot","restaurant",0,0,0,"midday"
18,146,24,122,"weekend","afternoon","travelling","cold","grocery",0,0,0,"midday"
18,149,27,122,"weekday","afternoon","travelling","freezing","restaurant",1,0,0,"midday"
18,150,28,122,"weekday","lunch","travelling","freezing","restaurant",1,0,0,"midday"
18,153,31,122,"weekday","afternoon","unknown","hot","grocery",1,0,0,"midday"
18,154,32,122,"weekday","dinner","travelling","unknown","grocery",0,0,0,"night"
18,159,37,122,"weekday","beforelunch","travelling","unknown","restaurant",0,0,0,"midday"
18,160,38,122,"weekend","morning","morningrituals","unknown","grocery",1,0,0,"morning"
18,164,42,122,"weekend","lunch","unknown","freezing","grocery",1,0,0,"midday"
18,165,43,122,"weekday","afternoon","leisure","cold","grocery",0,0,0,"midday"
18,168,46,122,"weekday","latenight","working","hot","restaurant",0,0,0,"night"
18,177,55,122,"weekday","morning","working","unknown","grocery",0,0,0,"morning"
18,178,56,122,"weekday","lunch","travelling","cold","restaurant",0,0,0,"midday"
18,188,66,122,"weekday","breakfast","travelling","unknown","restaurant",1,1,0,"morning"
18,196,74,122,"weekday","afternoon","unknown","unknown","restaurant",0,1,0,"midday"
18,202,80,122,"weekday","lunch","travelling","unknown","grocery",0,1,0,"midday"
18,215,93,122,"weekday","beforelunch","travelling","freezing","grocery",1,1,0,"midday"
18,221,99,122,"weekday","morning","unknown","unknown","grocery",0,1,0,"morning"
18,225,103,122,"weekday","afternoon","working","cold","grocery",0,1,0,"midday"
18,229,107,122,"weekend","breakfast","travelling","unknown","grocery",0,1,0,"morning"
18,232,110,122,"weekday","unknown","unknown","cold","restaurant",0,1,0,"unknown"
18,238,116,122,"weekend","afternoon","unknown","freezing","grocery",1,1,1,"midday"
18,239,117,122,"weekday","lunch","travelling","cold","grocery",0,1,1,"midday"
18,240,118,122,"weekend","afternoon","unknown","cold","restaurant",0,1,1,"midday"
18,243,121,122,"weekday","afternoon","unknown","unknown","restaurant",1,1,1,"midday"
18,247,125,122,"weekday","afternoon","unknown","cold","restaurant",1,1,1,"midday"
18,251,129,122,"weekend","breakfast","unknown","unknown","restaurant",0,1,1,"morning"
18,258,136,122,"weekday","lunch","working","freezing","grocery",0,1,1,"midday"
18,259,137,122,"unknown","lunch","unknown","hot","grocery",1,1,1,"midday"
18,261,139,122,"unknown","beforelunch","unknown","cold","grocery",0,1,1,"midday"
18,263,141,122,"weekday","dinner","travelling","warm","grocery",1,1,1,"night"
18,268,146,122,"weekend","unknown","shopping","freezing","restaurant",1,1,1,"unknown"
18,287,165,122,"weekday","afternoon","unknown","unknown","grocery",1,1,1,"midday"
18,290,168,122,"weekday","afternoon","working","freezing","restaurant",1,1,1,"midday"
18,291,169,122,"weekday","afternoon","travelling","unknown","restaurant",0,1,1,"midday"
18,298,176,122,"weekday","lunch","travelling","cold","restaurant",1,1,1,"midday"
18,301,179,122,"weekday","afternoon","shopping","cold","grocery",1,1,1,"midday"
18,303,181,122,"weekend","afternoon","travelling","unknown","restaurant",0,1,1,"midday"
19,127,1,126,"weekday","lunch","working","unknown","grocery",1,0,0,"midday"
19,129,3,126,"weekend","morning","travelling","freezing","grocery",0,0,0,"morning"
19,131,5,126,"weekday","lunch","travelling","freezing","restaurant",1,0,0,"midday"
19,132,6,126,"weekday","dinner","travelling","cold","grocery",0,0,0,"night"
19,134,8,126,"weekend","afternoon","working","freezing","grocery",0,0,0,"midday"
19,135,9,126,"weekday","afternoon","travelling","cold","grocery",0,0,0,"midday"
19,137,11,126,"weekend","breakfast","unknown","unknown","grocery",0,0,0,"morning"
19,138,12,126,"weekday","afternoon","leisure","freezing","restaurant",1,0,0,"midday"
19,139,13,126,"weekday","afternoon","travelling","freezing","restaurant",1,0,0,"midday"
19,140,14,126,"weekend","afternoon","leisure","cold","restaurant",0,0,0,"midday"
19,141,15,126,"weekday","beforelunch","unknown","hot","grocery",1,0,0,"midday"
19,143,17,126,"weekday","dinner","travelling","warm","grocery",0,0,0,"night"
19,144,18,126,"weekday","lunch","working","freezing","grocery",0,0,0,"midday"
19,145,19,126,"weekend","breakfast","travelling","unknown","restaurant",0,0,0,"morning"
19,147,21,126,"weekday","lunch","travelling","cold","grocery",0,0,0,"midday"
19,148,22,126,"weekday","lunch","shopping","freezing","restaurant",1,0,0,"midday"
19,149,23,126,"weekday","afternoon","working","cold","grocery",0,0,0,"midday"
19,152,26,126,"weekend","beforelunch","travelling","unknown","grocery",0,0,0,"midday"
19,155,29,126,"weekday","evening","travelling","cold","grocery",1,0,0,"night"
19,156,30,126,"weekend","lunch","travelling","cold","grocery",0,0,0,"midday"
19,159,33,126,"weekday","beforelunch","leisure","cold","grocery",0,0,0,"midday"
19,161,35,126,"weekday","breakfast","travelling","freezing","restaurant",1,0,0,"morning"
19,163,37,126,"weekday","lunch","travelling","freezing","restaurant",1,0,0,"midday"
19,164,38,126,"weekend","unknown","travelling","freezing","grocery",1,0,0,"unknown"
19,166,40,126,"weekday","beforelunch","leisure","cold","grocery",0,0,0,"midday"
19,168,42,126,"weekday","beforelunch","unknown","freezing","restaurant",0,0,0,"midday"
19,169,43,126,"weekday","breakfast","working","freezing","grocery",1,0,0,"morning"
19,170,44,126,"weekday","afternoon","travelling","hot","grocery",0,0,0,"midday"
19,171,45,126,"weekday","unknown","travelling","freezing","grocery",0,0,0,"unknown"
19,173,47,126,"weekday","unknown","travelling","hot","grocery",0,0,0,"unknown"
19,177,51,126,"weekend","breakfast","working","unknown","grocery",0,0,0,"morning"
19,178,52,126,"weekend","beforelunch","unknown","unknown","grocery",0,0,0,"midday"
19,179,53,126,"weekday","evening","unknown","hot","restaurant",0,0,0,"night"
19,180,54,126,"weekday","lunch","travelling","freezing","restaurant",0,0,0,"midday"
19,181,55,126,"weekday","lunch","unknown","cold","restaurant",1,0,0,"midday"
19,184,58,126,"weekday","dinner","working","freezing","restaurant",0,1,0,"night"
19,185,59,126,"weekend","afternoon","travelling","cold","grocery",1,1,0,"midday"
19,188,62,126,"weekday","lunch","travelling","cold","grocery",1,1,0,"midday"
19,189,63,126,"weekend","afternoon","travelling","freezing","restaurant",1,1,0,"midday"
19,190,64,126,"weekday","lunch","travelling","hot","restaurant",0,1,0,"midday"
19,191,65,126,"weekday","beforelunch","travelling","freezing","grocery",1,1,0,"midday"
19,192,66,126,"weekday","lunch","leisure","cold","grocery",1,1,0,"midday"
19,193,67,126,"weekday","lunch","travelling","freezing","grocery",0,1,0,"midday"
19,195,69,126,"weekday","afternoon","leisure","freezing","restaurant",0,1,0,"midday"
19,196,70,126,"weekend","afternoon","travelling","cold","restaurant",0,1,0,"midday"
19,197,71,126,"weekday","lunch","shopping","cold","grocery",0,1,0,"midday"
19,198,72,126,"weekday","lunch","travelling","warm","grocery",0,1,0,"midday"
19,202,76,126,"weekday","lunch","travelling","warm","grocery",0,1,0,"midday"
19,203,77,126,"weekday","morning","shopping","warm","restaurant",0,1,0,"morning"
19,204,78,126,"weekday","earlymorning","travelling","unknown","restaurant",1,1,0,"morning"
19,205,79,126,"weekday","afternoon","working","cold","grocery",1,1,0,"midday"
19,206,80,126,"weekend","beforelunch","unknown","unknown","grocery",0,1,0,"midday"
19,207,81,126,"weekday","evening","travelling","cold","restaurant",0,1,0,"night"
19,208,82,126,"weekday","earlymorning","shopping","cold","restaurant",0,1,0,"morning"
19,209,83,126,"weekday","afternoon","working","freezing","grocery",0,1,0,"midday"
19,210,84,126,"weekday","lunch","travelling","cold","restaurant",0,1,0,"midday"
19,211,85,126,"weekday","evening","unknown","freezing","restaurant",0,1,0,"night"
19,215,89,126,"weekday","earlymorning","travelling","unknown","restaurant",0,1,0,"morning"
19,216,90,126,"weekend","dinner","unknown","warm","grocery",0,1,0,"night"
19,219,93,126,"weekday","breakfast","travelling","unknown","grocery",0,1,0,"morning"
19,220,94,126,"weekday","afternoon","working","cold","restaurant",0,1,0,"midday"
19,221,95,126,"weekday","afternoon","travelling","warm","restaurant",0,1,0,"midday"
19,222,96,126,"weekday","afternoon","travelling","warm","grocery",0,1,0,"midday"
19,223,97,126,"weekday","breakfast","morningrituals","warm","grocery",0,1,0,"morning"
19,224,98,126,"weekend","morning","travelling","warm","grocery",0,1,0,"morning"
19,226,100,126,"weekend","beforelunch","travelling","warm","grocery",0,1,0,"midday"
19,227,101,126,"weekday","breakfast","travelling","warm","grocery",0,1,0,"morning"
19,228,102,126,"weekday","breakfast","travelling","cold","restaurant",0,1,0,"morning"
19,229,103,126,"weekend","afternoon","travelling","unknown","grocery",0,1,0,"midday"
19,230,104,126,"weekday","breakfast","travelling","unknown","restaurant",0,1,0,"morning"
19,231,105,126,"weekday","afternoon","travelling","freezing","grocery",1,1,0,"midday"
19,232,106,126,"weekend","unknown","working","cold","grocery",1,1,0,"unknown"
19,235,109,126,"weekday","lunch","travelling","unknown","grocery",0,1,0,"midday"
19,236,110,126,"weekday","lunch","travelling","cold","restaurant",0,1,0,"midday"
19,237,111,126,"weekday","breakfast","working","warm","grocery",0,1,0,"morning"
19,238,112,126,"weekday","lunch","travelling","cold","restaurant",0,1,0,"midday"
19,239,113,126,"weekend","beforelunch","leisure","unknown","grocery",0,1,1,"midday"
19,240,114,126,"weekday","afternoon","shopping","freezing","grocery",1,1,1,"midday"
19,242,116,126,"weekend","lunch","travelling","warm","grocery",0,1,1,"midday"
19,243,117,126,"weekday","beforelunch","travelling","cold","restaurant",0,1,1,"midday"
19,244,118,126,"weekday","lunch","travelling","unknown","restaurant",0,1,1,"midday"
19,245,119,126,"weekday","beforelunch","workingout","cold","restaurant",1,1,1,"midday"
19,246,120,126,"weekend","afternoon","shopping","hot","restaurant",0,1,1,"midday"
19,249,123,126,"weekend","afternoon","shopping","unknown","restaurant",1,1,1,"midday"
19,250,124,126,"weekend","morning","unknown","unknown","restaurant",0,1,1,"morning"
19,251,125,126,"weekend","morning","travelling","hot","grocery",1,1,1,"morning"
19,252,126,126,"weekday","morning","leisure","hot","restaurant",1,1,1,"morning"
19,253,127,126,"weekday","dinner","morningrituals","hot","restaurant",0,1,1,"night"
19,254,128,126,"weekday","morning","travelling","cold","grocery",0,1,1,"morning"
19,255,129,126,"weekday","afternoon","travelling","unknown","restaurant",0,1,1,"midday"
19,258,132,126,"weekday","afternoon","travelling","unknown","restaurant",1,1,1,"midday"
19,260,134,126,"weekday","morning","travelling","freezing","grocery",0,1,1,"morning"
19,261,135,126,"weekday","beforelunch","unknown","unknown","restaurant",0,1,1,"midday"
19,264,138,126,"weekday","afternoon","shopping","unknown","restaurant",0,1,1,"midday"
19,267,141,126,"weekend","morning","travelling","freezing","restaurant",0,1,1,"morning"
19,268,142,126,"weekend","lunch","working","unknown","grocery",1,1,1,"midday"
19,269,143,126,"weekday","lunch","travelling","cold","grocery",0,1,1,"midday"
19,271,145,126,"weekday","lunch","leisure","unknown","grocery",1,1,1,"midday"
19,272,146,126,"weekend","afternoon","travelling","warm","restaurant",0,1,1,"midday"
19,274,148,126,"weekday","breakfast","shopping","hot","grocery",0,1,1,"morning"
19,275,149,126,"weekday","lunch","travelling","freezing","grocery",1,1,1,"midday"
19,276,150,126,"weekday","morning","travelling","freezing","restaurant",0,1,1,"morning"
19,277,151,126,"weekday","beforelunch","unknown","cold","restaurant",1,1,1,"midday"
19,278,152,126,"weekday","morning","travelling","unknown","grocery",0,1,1,"morning"
19,281,155,126,"weekday","beforelunch","unknown","unknown","restaurant",0,1,1,"midday"
19,283,157,126,"weekday","beforelunch","travelling","unknown","restaurant",1,1,1,"midday"
19,285,159,126,"weekday","afternoon","shopping","freezing","restaurant",0,1,1,"midday"
19,286,160,126,"weekday","dinner","morningrituals","unknown","restaurant",0,1,1,"night"
19,287,161,126,"weekday","beforelunch","travelling","cold","restaurant",1,1,1,"midday"
19,288,162,126,"weekend","night","travelling","warm","restaurant",0,1,1,"night"
19,289,163,126,"weekday","beforelunch","travelling","unknown","grocery",1,1,1,"midday"
19,290,164,126,"weekend","afternoon","working","warm","grocery",1,1,1,"midday"
19,292,166,126,"weekday","dinner","travelling","freezing","restaurant",0,1,1,"night"
19,295,169,126,"weekday","breakfast","travelling","hot","grocery",0,1,1,"morning"
19,296,170,126,"weekday","afternoon","travelling","cold","grocery",0,1,1,"midday"
19,298,172,126,"weekday","breakfast","travelling","cold","grocery",0,1,1,"morning"
19,301,175,126,"weekday","lunch","unknown","unknown","grocery",0,1,1,"midday"
19,303,177,126,"weekday","beforelunch","travelling","hot","restaurant",1,1,1,"midday"
19,305,179,126,"weekday","lunch","travelling","warm","restaurant",1,1,1,"midday"
19,308,182,126,"weekday","breakfast","travelling","freezing","restaurant",0,1,1,"morning"
20,141,2,139,"weekday","afternoon","travelling","cold","grocery",0,0,0,"midday"
20,142,3,139,"weekend","afternoon","leisure","warm","grocery",0,0,0,"midday"
20,155,16,139,"weekday","afternoon","workingout","hot","restaurant",0,0,0,"midday"
20,157,18,139,"weekday","breakfast","working","freezing","restaurant",0,0,0,"morning"
20,158,19,139,"weekday","lunch","shopping","freezing","restaurant",0,0,0,"midday"
20,167,28,139,"weekday","afternoon","leisure","unknown","restaurant",0,0,0,"midday"
20,169,30,139,"weekday","breakfast","unknown","freezing","restaurant",0,0,0,"morning"
20,171,32,139,"weekday","afternoon","unknown","cold","grocery",1,0,0,"midday"
20,175,36,139,"weekday","afternoon","working","cold","restaurant",1,0,0,"midday"
20,180,41,139,"weekday","afternoon","travelling","unknown","grocery",0,0,0,"midday"
20,183,44,139,"weekend","afternoon","travelling","cold","grocery",1,0,0,"midday"
20,184,45,139,"weekday","earlymorning","unknown","cold","grocery",0,0,0,"morning"
20,193,54,139,"weekday","morning","travelling","freezing","grocery",0,0,0,"morning"
20,204,65,139,"weekday","afternoon","travelling","warm","restaurant",0,1,0,"midday"
20,207,68,139,"weekday","dinner","unknown","unknown","grocery",0,1,0,"night"
20,209,70,139,"weekend","morning","travelling","freezing","grocery",0,1,0,"morning"
20,215,76,139,"weekday","unknown","travelling","warm","grocery",0,1,0,"unknown"
20,223,84,139,"weekday","afternoon","travelling","unknown","grocery",0,1,0,"midday"
20,225,86,139,"weekday","breakfast","travelling","warm","grocery",1,1,0,"morning"
20,227,88,139,"weekday","night","working","unknown","grocery",1,1,0,"night"
20,228,89,139,"weekday","lunch","leisure","cold","grocery",1,1,0,"midday"
20,236,97,139,"weekday","lunch","leisure","freezing","grocery",1,1,0,"midday"
20,237,98,139,"weekday","afternoon","travelling","cold","grocery",1,1,0,"midday"
20,240,101,139,"weekday","morning","travelling","warm","grocery",1,1,0,"morning"
20,255,116,139,"weekday","afternoon","travelling","freezing","restaurant",0,1,1,"midday"
20,260,121,139,"weekday","afternoon","working","unknown","restaurant",1,1,1,"midday"
20,266,127,139,"weekday","breakfast","travelling","unknown","restaurant",0,1,1,"morning"
20,267,128,139,"weekday","beforelunch","shopping","unknown","grocery",0,1,1,"midday"
20,281,142,139,"weekday","afternoon","travelling","cold","restaurant",0,1,1,"midday"
20,300,161,139,"weekend","lunch","travelling","freezing","restaurant",0,1,1,"midday"
20,303,164,139,"weekday","unknown","unknown","unknown","grocery",0,1,1,"unknown"
20,304,165,139,"weekend","breakfast","travelling","freezing","grocery",1,1,1,"morning"
21,162,12,150,"weekday","beforelunch","travelling","unknown","grocery",1,0,0,"midday"
21,168,18,150,"weekend","earlymorning","travelling","freezing","restaurant",0,0,0,"morning"
21,185,35,150,"weekend","morning","travelling","unknown","restaurant",0,0,0,"morning"
21,186,36,150,"weekday","afternoon","travelling","warm","restaurant",0,0,0,"midday"
21,190,40,150,"weekday","afternoon","unknown","cold","restaurant",0,0,0,"midday"
21,193,43,150,"weekday","lunch","travelling","freezing","grocery",0,0,0,"midday"
21,213,63,150,"weekday","afternoon","travelling","warm","grocery",0,1,0,"midday"
21,214,64,150,"weekday","earlymorning","working","cold","restaurant",0,1,0,"morning"
21,217,67,150,"weekend","dinner","leisure","warm","grocery",0,1,0,"night"
21,219,69,150,"weekday","afternoon","travelling","cold","restaurant",1,1,0,"midday"
21,221,71,150,"weekday","afternoon","unknown","cold","restaurant",0,1,0,"midday"
21,224,74,150,"weekday","afternoon","morningrituals","cold","restaurant",1,1,0,"midday"
21,227,77,150,"weekend","beforelunch","travelling","freezing","restaurant",1,1,0,"midday"
21,230,80,150,"weekend","afternoon","travelling","cold","restaurant",0,1,0,"midday"
21,246,96,150,"weekday","lunch","travelling","hot","grocery",0,1,0,"midday"
21,248,98,150,"weekday","lunch","working","freezing","grocery",0,1,0,"midday"
21,251,101,150,"weekday","morning","shopping","freezing","grocery",0,1,0,"morning"
21,263,113,150,"weekday","afternoon","shopping","freezing","restaurant",0,1,1,"midday"
21,265,115,150,"weekend","lunch","travelling","freezing","grocery",1,1,1,"midday"
21,271,121,150,"weekday","breakfast","unknown","unknown","grocery",0,1,1,"morning"
21,275,125,150,"weekend","afternoon","travelling","unknown","restaurant",1,1,1,"midday"
21,283,133,150,"weekday","afternoon","travelling","freezing","grocery",0,1,1,"midday"
21,306,156,150,"weekday","lunch","shopping","cold","grocery",0,1,1,"midday"
21,314,164,150,"weekend","morning","shopping","unknown","restaurant",0,1,1,"morning"
21,319,169,150,"weekday","lunch","travelling","freezing","restaurant",0,1,1,"midday"
21,320,170,150,"weekday","afternoon","travelling","unknown","grocery",0,1,1,"midday"
22,153,0,153,"weekend","dinner","unknown","unknown","grocery",0,0,0,"night"
22,154,1,153,"weekday","unknown","travelling","unknown","restaurant",0,0,0,"unknown"
22,155,2,153,"weekday","afternoon","travelling","freezing","grocery",1,0,0,"midday"
22,156,3,153,"weekday","lunch","travelling","warm","restaurant",1,0,0,"midday"
22,158,5,153,"weekend","beforelunch","working","unknown","restaurant",1,0,0,"midday"
22,160,7,153,"weekday","afternoon","unknown","warm","grocery",1,0,0,"midday"
22,163,10,153,"weekend","lunch","unknown","cold","grocery",1,0,0,"midday"
22,165,12,153,"weekend","afternoon","travelling","freezing","restaurant",0,0,0,"midday"
22,166,13,153,"weekday","night","travelling","unknown","grocery",0,0,0,"night"
22,168,15,153,"weekend","dinner","travelling","cold","grocery",0,0,0,"night"
22,169,16,153,"weekend","afternoon","travelling","warm","grocery",0,0,0,"midday"
22,170,17,153,"weekday","lunch","travelling","warm","restaurant",0,0,0,"midday"
22,171,18,153,"weekend","beforelunch","leisure","cold","grocery",0,0,0,"midday"
22,172,19,153,"weekday","beforelunch","working","cold","grocery",0,0,0,"midday"
22,173,20,153,"weekday","beforelunch","travelling","warm","grocery",0,0,0,"midday"
22,174,21,153,"weekday","lunch","travelling","cold","grocery",1,0,0,"midday"
22,176,23,153,"weekday","evening","unknown","freezing","grocery",1,0,0,"night"
22,177,24,153,"weekend","beforelunch","travelling","cold","grocery",0,0,0,"midday"
22,178,25,153,"weekday","afternoon","travelling","warm","restaurant",0,0,0,"midday"
22,181,28,153,"weekday","breakfast","travelling","cold","restaurant",1,0,0,"morning"
22,182,29,153,"weekday","beforelunch","travelling","freezing","grocery",0,0,0,"midday"
22,184,31,153,"weekday","afternoon","leisure","warm","restaurant",0,0,0,"midday"
22,188,35,153,"weekday","lunch","unknown","freezing","restaurant",0,0,0,"midday"
22,189,36,153,"weekend","unknown","travelling","cold","grocery",0,0,0,"unknown"
22,192,39,153,"weekday","beforelunch","working","freezing","grocery",0,0,0,"midday"
22,193,40,153,"weekend","lunch","unknown","cold","restaurant",1,0,0,"midday"
22,194,41,153,"weekday","beforelunch","unknown","cold","restaurant",0,0,0,"midday"
22,195,42,153,"weekend","morning","unknown","warm","grocery",1,0,0,"morning"
22,197,44,153,"weekday","beforelunch","morningrituals","cold","grocery",1,0,0,"midday"
22,199,46,153,"weekend","breakfast","leisure","hot","grocery",1,0,0,"morning"
22,201,48,153,"weekday","breakfast","travelling","freezing","grocery",0,0,0,"morning"
22,202,49,153,"weekday","afternoon","unknown","cold","grocery",1,0,0,"midday"
22,203,50,153,"weekday","lunch","travelling","unknown","grocery",1,0,0,"midday"
22,205,52,153,"weekday","beforelunch","shopping","cold","restaurant",0,0,0,"midday"
22,207,54,153,"weekday","afternoon","travelling","cold","grocery",0,0,0,"midday"
22,208,55,153,"weekday","beforelunch","travelling","cold","grocery",0,0,0,"midday"
22,209,56,153,"weekend","lunch","leisure","cold","grocery",0,0,0,"midday"
22,210,57,153,"weekday","unknown","travelling","unknown","grocery",0,1,0,"unknown"
22,213,60,153,"weekday","afternoon","travelling","freezing","restaurant",1,1,0,"midday"
22,215,62,153,"weekday","afternoon","travelling","cold","grocery",0,1,0,"midday"
22,216,63,153,"weekday","afternoon","travelling","cold","grocery",0,1,0,"midday"
22,218,65,153,"weekday","lunch","leisure","cold","restaurant",0,1,0,"midday"
22,219,66,153,"weekday","lunch","travelling","unknown","grocery",0,1,0,"midday"
22,221,68,153,"weekend","lunch","unknown","unknown","grocery",1,1,0,"midday"
22,223,70,153,"weekday","evening","shopping","warm","restaurant",0,1,0,"night"
22,227,74,153,"weekday","lunch","working","cold","grocery",1,1,0,"midday"
22,229,76,153,"weekday","morning","travelling","cold","grocery",0,1,0,"morning"
22,230,77,153,"weekday","morning","travelling","cold","restaurant",0,1,0,"morning"
22,231,78,153,"weekend","afternoon","travelling","cold","grocery",0,1,0,"midday"
22,232,79,153,"weekend","afternoon","travelling","unknown","grocery",0,1,0,"midday"
22,234,81,153,"weekday","beforelunch","travelling","unknown","grocery",0,1,0,"midday"
22,237,84,153,"weekend","earlymorning","travelling","cold","grocery",0,1,0,"morning"
22,238,85,153,"weekend","beforelunch","shopping","warm","restaurant",1,1,0,"midday"
22,240,87,153,"weekday","afternoon","shopping","warm","grocery",1,1,0,"midday"
22,242,89,153,"weekend","afternoon","working","cold","grocery",0,1,0,"midday"
22,243,90,153,"unknown","beforelunch","travelling","freezing","restaurant",0,1,0,"midday"
22,244,91,153,"weekend","lunch","travelling","cold","grocery",0,1,0,"midday"
22,245,92,153,"weekday","dinner","shopping","unknown","restaurant",1,1,0,"night"
22,247,94,153,"weekday","afternoon","working","warm","restaurant",0,1,0,"midday"
22,252,99,153,"weekend","beforelunch","morningrituals","warm","restaurant",1,1,0,"midday"
22,253,100,153,"weekend","breakfast","travelling","freezing","grocery",0,1,0,"morning"
22,255,102,153,"weekday","beforelunch","unknown","hot","grocery",1,1,0,"midday"
22,257,104,153,"weekday","beforelunch","travelling","unknown","restaurant",1,1,0,"midday"
22,258,105,153,"weekday","unknown","travelling","cold","restaurant",0,1,0,"unknown"
22,259,106,153,"weekday","lunch","travelling","cold","grocery",0,1,0,"midday"
22,260,107,153,"weekend","earlymorning","unknown","cold","restaurant",1,1,0,"morning"
22,264,111,153,"weekend","afternoon","travelling","cold","restaurant",0,1,0,"midday"
22,265,112,153,"weekday","lunch","travelling","hot","restaurant",0,1,0,"midday"
22,266,113,153,"weekend","beforelunch","travelling","warm","restaurant",0,1,1,"midday"
22,269,116,153,"weekend","beforelunch","travelling","unknown","grocery",1,1,1,"midday"
22,271,118,153,"weekend","lunch","travelling","unknown","grocery",0,1,1,"midday"
22,272,119,153,"weekday","morning","leisure","cold","restaurant",1,1,1,"morning"
22,274,121,153,"weekend","afternoon","travelling","cold","restaurant",1,1,1,"midday"
22,275,122,153,"weekday","beforelunch","travelling","cold","restaurant",1,1,1,"midday"
22,277,124,153,"weekday","beforelunch","travelling","unknown","restaurant",0,1,1,"midday"
22,279,126,153,"weekday","afternoon","unknown","warm","restaurant",0,1,1,"midday"
22,280,127,153,"weekday","lunch","morningrituals","cold","restaurant",0,1,1,"midday"
22,281,128,153,"weekday","afternoon","shopping","hot","grocery",0,1,1,"midday"
22,282,129,153,"weekday","afternoon","shopping","unknown","grocery",0,1,1,"midday"
22,284,131,153,"weekday","afternoon","travelling","cold","restaurant",0,1,1,"midday"
22,285,132,153,"weekend","evening","unknown","cold","grocery",0,1,1,"night"
22,287,134,153,"weekday","morning","travelling","cold","restaurant",0,1,1,"morning"
22,288,135,153,"weekday","lunch","travelling","hot","restaurant",0,1,1,"midday"
22,290,137,153,"weekend","lunch","morningrituals","cold","restaurant",0,1,1,"midday"
22,292,139,153,"weekday","lunch","travelling","freezing","restaurant",0,1,1,"midday"
22,294,141,153,"weekday","beforelunch","travelling","cold","grocery",0,1,1,"midday"
22,297,144,153,"weekday","afternoon","travelling","warm","restaurant",0,1,1,"midday"
22,298,145,153,"weekday","afternoon","travelling","unknown","restaurant",0,1,1,"midday"
22,300,147,153,"weekday","afternoon","shopping","cold","restaurant",0,1,1,"midday"
22,302,149,153,"weekday","breakfast","travelling","cold","grocery",0,1,1,"morning"
22,304,151,153,"weekday","breakfast","travelling","unknown","restaurant",0,1,1,"morning"
22,306,153,153,"weekday","morning","leisure","cold","restaurant",0,1,1,"morning"
22,310,157,153,"weekend","afternoon","travelling","warm","grocery",0,1,1,"midday"
22,311,158,153,"weekday","earlymorning","shopping","freezing","restaurant",0,1,1,"morning"
22,312,159,153,"weekday","afternoon","travelling","cold","grocery",0,1,1,"midday"
22,315,162,153,"weekday","lunch","shopping","cold","restaurant",1,1,1,"midday"
22,317,164,153,"weekday","afternoon","unknown","cold","grocery",1,1,1,"midday"
22,318,165,153,"weekday","breakfast","travelling","unknown","restaurant",0,1,1,"morning"
22,319,166,153,"weekend","breakfast","leisure","warm","grocery",1,1,1,"morning"
22,320,167,153,"weekend","afternoon","travelling","cold","grocery",0,1,1,"midday"
22,322,169,153,"weekday","lunch","travelling","unknown","restaurant",0,1,1,"midday"
22,323,170,153,"weekday","breakfast","travelling","hot","grocery",0,1,1,"morning"
22,324,171,153,"weekday","morning","travelling","hot","grocery",0,1,1,"morning"
22,325,172,153,"weekday","afternoon","travelling","hot","grocery",0,1,1,"midday"
22,330,177,153,"weekday","earlymorning","unknown","warm","grocery",1,1,1,"morning"
22,331,178,153,"weekday","night","travelling","freezing","grocery",1,1,1,"night"
22,333,180,153,"weekend","afternoon","travelling","cold","grocery",1,1,1,"midday"
22,335,182,153,"weekend","lunch","working","unknown","restaurant",0,1,1,"midday"
22,336,183,153,"weekend","beforelunch","travelling","unknown","grocery",1,1,1,"midday"
23,160,0,160,"weekday","beforelunch","travelling","warm","restaurant",1,0,0,"midday"
23,162,2,160,"weekday","beforelunch","travelling","cold","restaurant",0,0,0,"midday"
23,163,3,160,"weekend","lunch","travelling","freezing","grocery",0,0,0,"midday"
23,164,4,160,"weekend","beforelunch","travelling","warm","restaurant",1,0,0,"midday"
23,166,6,160,"unknown","earlymorning","unknown","warm","grocery",0,0,0,"morning"
23,167,7,160,"weekday","beforelunch","travelling","unknown","grocery",0,0,0,"midday"
23,168,8,160,"weekday","dinner","unknown","unknown","grocery",0,0,0,"night"
23,169,9,160,"weekday","beforelunch","leisure","warm","grocery",0,0,0,"midday"
23,171,11,160,"weekend","lunch","leisure","cold","grocery",0,0,0,"midday"
23,172,12,160,"weekday","afternoon","travelling","cold","restaurant",0,0,0,"midday"
23,174,14,160,"weekday","latenight","shopping","warm","grocery",0,0,0,"night"
23,175,15,160,"weekend","breakfast","travelling","freezing","restaurant",1,0,0,"morning"
23,176,16,160,"weekday","afternoon","travelling","hot","restaurant",0,0,0,"midday"
23,177,17,160,"weekday","lunch","travelling","freezing","grocery",0,0,0,"midday"
23,178,18,160,"weekday","dinner","leisure","cold","restaurant",1,0,0,"night"
23,179,19,160,"weekday","afternoon","unknown","cold","grocery",0,0,0,"midday"
23,180,20,160,"weekday","lunch","travelling","unknown","grocery",0,0,0,"midday"
23,182,22,160,"weekday","lunch","travelling","warm","restaurant",0,0,0,"midday"
23,184,24,160,"weekday","beforelunch","travelling","unknown","grocery",0,0,0,"midday"
23,185,25,160,"weekday","breakfast","travelling","warm","grocery",0,0,0,"morning"
23,187,27,160,"weekday","morning","travelling","cold","restaurant",0,0,0,"morning"
23,190,30,160,"weekday","breakfast","working","freezing","restaurant",0,0,0,"morning"
23,191,31,160,"weekday","morning","unknown","unknown","grocery",0,0,0,"morning"
23,193,33,160,"weekday","beforelunch","travelling","unknown","restaurant",0,0,0,"midday"
23,194,34,160,"weekday","afternoon","unknown","freezing","grocery",1,0,0,"midday"
23,196,36,160,"unknown","afternoon","travelling","freezing","grocery",0,0,0,"midday"
23,197,37,160,"weekday","lunch","working","freezing","restaurant",0,0,0,"midday"
23,200,40,160,"weekday","afternoon","travelling","unknown","grocery",0,0,0,"midday"
23,201,41,160,"weekday","morning","travelling","unknown","restaurant",0,0,0,"morning"
23,202,42,160,"weekend","beforelunch","travelling","hot","restaurant",0,0,0,"midday"
23,203,43,160,"weekday","lunch","unknown","cold","restaurant",0,0,0,"midday"
23,205,45,160,"weekday","lunch","shopping","cold","restaurant",0,0,0,"midday"
23,206,46,160,"weekend","afternoon","travelling","unknown","restaurant",1,0,0,"midday"
23,207,47,160,"weekday","afternoon","leisure","hot","restaurant",1,0,0,"midday"
23,209,49,160,"weekday","afternoon","travelling","freezing","grocery",0,0,0,"midday"
23,210,50,160,"weekend","afternoon","travelling","cold","grocery",0,0,0,"midday"
23,213,53,160,"weekend","afternoon","working","freezing","restaurant",0,0,0,"midday"
23,214,54,160,"weekend","beforelunch","working","cold","grocery",0,0,0,"midday"
23,219,59,160,"weekday","afternoon","working","cold","restaurant",0,1,0,"midday"
23,220,60,160,"weekend","afternoon","travelling","warm","restaurant",1,1,0,"midday"
23,221,61,160,"weekday","afternoon","travelling","cold","restaurant",0,1,0,"midday"
23,223,63,160,"weekday","breakfast","unknown","unknown","grocery",1,1,0,"morning"
23,226,66,160,"weekday","breakfast","travelling","cold","grocery",0,1,0,"morning"
23,228,68,160,"weekday","afternoon","travelling","unknown","restaurant",0,1,0,"midday"
23,230,70,160,"weekday","afternoon","unknown","cold","grocery",0,1,0,"midday"
23,236,76,160,"weekday","lunch","travelling","unknown","restaurant",0,1,0,"midday"
23,237,77,160,"weekday","beforelunch","travelling","warm","restaurant",1,1,0,"midday"
23,239,79,160,"weekday","beforelunch","morningrituals","unknown","restaurant",0,1,0,"midday"
23,242,82,160,"weekday","afternoon","travelling","cold","grocery",0,1,0,"midday"
23,251,91,160,"weekday","afternoon","unknown","freezing","restaurant",0,1,0,"midday"
23,256,96,160,"weekend","lunch","unknown","freezing","grocery",0,1,0,"midday"
23,258,98,160,"weekday","afternoon","working","cold","grocery",0,1,0,"midday"
23,259,99,160,"weekday","beforelunch","working","unknown","grocery",1,1,0,"midday"
23,260,100,160,"weekday","lunch","travelling","cold","grocery",1,1,0,"midday"
23,262,102,160,"weekday","breakfast","travelling","warm","restaurant",1,1,0,"morning"
23,270,110,160,"weekday","lunch","unknown","hot","restaurant",0,1,0,"midday"
23,271,111,160,"weekend","breakfast","travelling","cold","restaurant",1,1,0,"morning"
23,272,112,160,"weekday","afternoon","travelling","warm","grocery",0,1,0,"midday"
23,274,114,160,"weekday","beforelunch","unknown","cold","restaurant",0,1,1,"midday"
23,277,117,160,"weekend","morning","travelling","hot","grocery",0,1,1,"morning"
23,279,119,160,"weekday","lunch","leisure","cold","restaurant",1,1,1,"midday"
23,280,120,160,"weekday","lunch","travelling","cold","restaurant",0,1,1,"midday"
23,283,123,160,"weekday","breakfast","travelling","cold","grocery",1,1,1,"morning"
23,284,124,160,"weekday","beforelunch","shopping","cold","restaurant",0,1,1,"midday"
23,285,125,160,"weekday","lunch","travelling","unknown","restaurant",1,1,1,"midday"
23,287,127,160,"weekend","afternoon","leisure","cold","restaurant",1,1,1,"midday"
23,290,130,160,"weekend","breakfast","shopping","hot","restaurant",0,1,1,"morning"
23,291,131,160,"weekday","beforelunch","working","cold","restaurant",0,1,1,"midday"
23,292,132,160,"weekend","dinner","travelling","freezing","grocery",0,1,1,"night"
23,294,134,160,"weekday","beforelunch","travelling","cold","grocery",1,1,1,"midday"
23,295,135,160,"weekday","afternoon","unknown","unknown","grocery",0,1,1,"midday"
23,296,136,160,"weekday","afternoon","travelling","cold","grocery",1,1,1,"midday"
23,297,137,160,"weekend","afternoon","travelling","cold","grocery",0,1,1,"midday"
23,298,138,160,"weekend","lunch","unknown","cold","grocery",0,1,1,"midday"
23,299,139,160,"weekday","unknown","travelling","cold","grocery",0,1,1,"unknown"
23,300,140,160,"weekday","lunch","travelling","freezing","grocery",0,1,1,"midday"
23,301,141,160,"weekday","dinner","travelling","unknown","grocery",1,1,1,"night"
23,305,145,160,"weekday","lunch","travelling","cold","grocery",0,1,1,"midday"
23,306,146,160,"weekday","morning","leisure","cold","grocery",0,1,1,"morning"
23,307,147,160,"weekend","beforelunch","travelling","freezing","restaurant",0,1,1,"midday"
23,311,151,160,"weekday","lunch","unknown","cold","restaurant",0,1,1,"midday"
23,312,152,160,"weekend","afternoon","travelling","unknown","grocery",1,1,1,"midday"
23,313,153,160,"weekday","beforelunch","unknown","cold","restaurant",0,1,1,"midday"
23,315,155,160,"weekday","afternoon","travelling","unknown","grocery",1,1,1,"midday"
23,316,156,160,"weekend","lunch","unknown","unknown","grocery",0,1,1,"midday"
23,317,157,160,"weekday","afternoon","travelling","cold","restaurant",0,1,1,"midday"
23,318,158,160,"weekday","dinner","travelling","cold","grocery",0,1,1,"night"
23,320,160,160,"weekday","afternoon","leisure","unknown","grocery",0,1,1,"midday"
23,321,161,160,"weekend","evening","travelling","unknown","restaurant",0,1,1,"night"
23,322,162,160,"weekend","lunch","leisure","warm","grocery",0,1,1,"midday"
23,323,163,160,"unknown","afternoon","travelling","freezing","restaurant",0,1,1,"midday"
23,325,165,160,"weekday","beforelunch","unknown","cold","grocery",0,1,1,"midday"
23,327,167,160,"weekday","afternoon","travelling","unknown","grocery",0,1,1,"midday"
23,331,171,160,"weekday","dinner","unknown","cold","restaurant",1,1,1,"night"
23,335,175,160,"weekend","afternoon","travelling","cold","restaurant",1,1,1,"midday"
23,337,177,160,"weekday","morning","unknown","cold","restaurant",0,1,1,"morning"
23,338,178,160,"weekday","morning","unknown","unknown","grocery",0,1,1,"morning"
23,339,179,160,"weekend","breakfast","travelling","unknown","grocery",0,1,1,"morning"
23,340,180,160,"weekday","lunch","travelling","hot","grocery",1,1,1,"midday"
23,341,181,160,"weekend","breakfast","travelling","freezing","grocery",0,1,1,"morning"
23,342,182,160,"weekday","morning","unknown","unknown","restaurant",1,1,1,"morning"
24,165,1,164,"weekend","afternoon","unknown","hot","grocery",0,0,0,"midday"
24,166,2,164,"weekday","earlymorning","leisure","freezing","grocery",0,0,0,"morning"
24,167,3,164,"weekday","beforelunch","unknown","unknown","grocery",0,0,0,"midday"
24,168,4,164,"weekday","beforelunch","unknown","cold","grocery",0,0,0,"midday"
24,172,8,164,"weekday","breakfast","travelling","hot","grocery",1,0,0,"morning"
24,175,11,164,"weekend","afternoon","travelling","warm","grocery",0,0,0,"midday"
24,178,14,164,"weekday","dinner","travelling","hot","restaurant",1,0,0,"night"
24,179,15,164,"weekday","lunch","travelling","cold","grocery",0,0,0,"midday"
24,184,20,164,"weekday","afternoon","unknown","unknown","grocery",0,0,0,"midday"
24,186,22,164,"weekday","beforelunch","unknown","unknown","grocery",0,0,0,"midday"
24,190,26,164,"weekend","lunch","travelling","unknown","restaurant",1,0,0,"midday"
24,195,31,164,"weekday","morning","travelling","cold","restaurant",0,0,0,"morning"
24,196,32,164,"weekend","lunch","travelling","freezing","grocery",1,0,0,"midday"
24,200,36,164,"weekend","lunch","travelling","cold","restaurant",0,0,0,"midday"
24,201,37,164,"weekday","afternoon","travelling","warm","grocery",1,0,0,"midday"
24,203,39,164,"weekday","breakfast","travelling","unknown","grocery",0,0,0,"morning"
24,204,40,164,"weekday","afternoon","unknown","hot","grocery",0,0,0,"midday"
24,207,43,164,"weekend","afternoon","travelling","hot","restaurant",0,0,0,"midday"
24,208,44,164,"weekday","afternoon","working","cold","grocery",0,0,0,"midday"
24,210,46,164,"weekday","dinner","working","unknown","grocery",0,0,0,"night"
24,211,47,164,"weekend","lunch","travelling","hot","restaurant",1,0,0,"midday"
24,212,48,164,"weekend","breakfast","travelling","unknown","grocery",0,0,0,"morning"
24,213,49,164,"weekday","beforelunch","unknown","freezing","restaurant",0,0,0,"midday"
24,214,50,164,"weekday","morning","travelling","cold","grocery",0,0,0,"morning"
24,215,51,164,"weekday","morning","travelling","cold","restaurant",0,0,0,"morning"
24,220,56,164,"weekday","morning","travelling","cold","grocery",1,0,0,"morning"
24,225,61,164,"weekend","beforelunch","leisure","cold","grocery",0,1,0,"midday"
24,227,63,164,"weekday","beforelunch","shopping","unknown","restaurant",0,1,0,"midday"
24,228,64,164,"weekend","lunch","travelling","freezing","restaurant",0,1,0,"midday"
24,229,65,164,"weekday","beforelunch","travelling","warm","restaurant",0,1,0,"midday"
24,230,66,164,"weekday","breakfast","travelling","hot","restaurant",0,1,0,"morning"
24,232,68,164,"weekend","breakfast","travelling","hot","restaurant",1,1,0,"morning"
24,237,73,164,"weekday","lunch","travelling","unknown","restaurant",1,1,0,"midday"
24,238,74,164,"weekday","afternoon","leisure","warm","restaurant",0,1,0,"midday"
24,239,75,164,"weekday","lunch","travelling","cold","grocery",0,1,0,"midday"
24,240,76,164,"weekday","lunch","travelling","warm","restaurant",0,1,0,"midday"
24,241,77,164,"weekend","lunch","unknown","unknown","grocery",0,1,0,"midday"
24,242,78,164,"weekday","breakfast","unknown","warm","restaurant",0,1,0,"morning"
24,243,79,164,"weekday","afternoon","working","cold","grocery",0,1,0,"midday"
24,245,81,164,"weekday","night","leisure","hot","restaurant",0,1,0,"night"
24,246,82,164,"weekday","afternoon","travelling","unknown","grocery",1,1,0,"midday"
24,248,84,164,"weekday","dinner","travelling","freezing","restaurant",0,1,0,"night"
24,249,85,164,"weekday","beforelunch","travelling","unknown","restaurant",0,1,0,"midday"
24,250,86,164,"weekday","lunch","leisure","cold","restaurant",0,1,0,"midday"
24,251,87,164,"weekday","dinner","travelling","unknown","grocery",0,1,0,"night"
24,252,88,164,"weekday","afternoon","housework","unknown","grocery",0,1,0,"midday"
24,256,92,164,"weekday","morning","travelling","cold","restaurant",0,1,0,"morning"
24,259,95,164,"weekday","morning","travelling","warm","grocery",0,1,0,"morning"
24,262,98,164,"weekday","beforelunch","travelling","cold","grocery",1,1,0,"midday"
24,264,100,164,"weekday","breakfast","travelling","hot","grocery",0,1,0,"morning"
24,265,101,164,"weekend","beforelunch","working","cold","restaurant",0,1,0,"midday"
24,266,102,164,"weekday","lunch","travelling","unknown","grocery",0,1,0,"midday"
24,267,103,164,"weekday","evening","travelling","cold","restaurant",0,1,0,"night"
24,269,105,164,"weekday","beforelunch","travelling","freezing","grocery",0,1,0,"midday"
24,271,107,164,"weekday","afternoon","leisure","freezing","grocery",1,1,0,"midday"
24,274,110,164,"weekday","lunch","unknown","hot","grocery",0,1,0,"midday"
24,276,112,164,"weekday","beforelunch","travelling","freezing","grocery",0,1,0,"midday"
24,278,114,164,"weekday","afternoon","travelling","cold","grocery",0,1,1,"midday"
24,281,117,164,"weekend","afternoon","travelling","cold","restaurant",0,1,1,"midday"
24,284,120,164,"weekday","morning","travelling","cold","restaurant",0,1,1,"morning"
24,288,124,164,"weekday","lunch","travelling","cold","grocery",1,1,1,"midday"
24,291,127,164,"weekday","morning","working","hot","restaurant",0,1,1,"morning"
24,292,128,164,"weekday","earlymorning","travelling","cold","grocery",1,1,1,"morning"
24,293,129,164,"weekday","lunch","travelling","warm","restaurant",0,1,1,"midday"
24,296,132,164,"weekend","afternoon","shopping","warm","grocery",1,1,1,"midday"
24,300,136,164,"weekday","lunch","travelling","warm","grocery",0,1,1,"midday"
24,302,138,164,"weekday","breakfast","travelling","hot","grocery",0,1,1,"morning"
24,304,140,164,"weekday","afternoon","travelling","freezing","grocery",1,1,1,"midday"
24,306,142,164,"weekday","earlymorning","travelling","cold","grocery",1,1,1,"morning"
24,307,143,164,"weekday","beforelunch","travelling","freezing","restaurant",1,1,1,"midday"
24,308,144,164,"weekday","afternoon","travelling","unknown","restaurant",0,1,1,"midday"
24,315,151,164,"weekend","breakfast","unknown","cold","grocery",0,1,1,"morning"
24,316,152,164,"weekday","lunch","travelling","warm","restaurant",1,1,1,"midday"
24,319,155,164,"weekday","breakfast","leisure","hot","restaurant",1,1,1,"morning"
24,320,156,164,"weekday","afternoon","shopping","freezing","restaurant",0,1,1,"midday"
24,321,157,164,"weekday","afternoon","unknown","warm","grocery",0,1,1,"midday"
24,325,161,164,"weekday","beforelunch","leisure","warm","grocery",0,1,1,"midday"
24,326,162,164,"weekday","latenight","unknown","warm","grocery",0,1,1,"night"
24,328,164,164,"weekday","morning","travelling","cold","grocery",1,1,1,"morning"
24,329,165,164,"weekday","afternoon","travelling","freezing","grocery",1,1,1,"midday"
24,335,171,164,"weekday","afternoon","travelling","hot","restaurant",0,1,1,"midday"
24,343,179,164,"weekday","lunch","travelling","unknown","grocery",0,1,1,"midday"
24,345,181,164,"weekend","lunch","morningrituals","cold","grocery",0,1,1,"midday"
24,346,182,164,"weekday","beforelunch","travelling","warm","grocery",0,1,1,"midday"
24,347,183,164,"weekday","beforelunch","working","unknown","restaurant",1,1,1,"midday"
25,171,5,166,"weekday","afternoon","working","cold","restaurant",1,0,0,"midday"
25,172,6,166,"weekday","dinner","travelling","cold","restaurant",1,0,0,"night"
25,182,16,166,"weekday","lunch","working","cold","restaurant",0,0,0,"midday"
25,183,17,166,"weekday","lunch","working","warm","grocery",0,0,0,"midday"
25,186,20,166,"weekday","dinner","travelling","freezing","restaurant",0,0,0,"night"
25,198,32,166,"weekday","beforelunch","travelling","cold","restaurant",1,0,0,"midday"
25,199,33,166,"weekday","afternoon","unknown","hot","restaurant",1,0,0,"midday"
25,210,44,166,"weekday","afternoon","working","hot","grocery",0,0,0,"midday"
25,213,47,166,"unknown","dinner","leisure","cold","restaurant",0,0,0,"night"
25,215,49,166,"weekday","earlymorning","unknown","cold","restaurant",0,0,0,"morning"
25,222,56,166,"weekday","morning","morningrituals","hot","restaurant",1,0,0,"morning"
25,224,58,166,"weekday","earlymorning","leisure","warm","grocery",0,1,0,"morning"
25,225,59,166,"weekday","beforelunch","travelling","warm","restaurant",0,1,0,"midday"
25,228,62,166,"weekend","lunch","travelling","unknown","restaurant",0,1,0,"midday"
25,242,76,166,"weekday","lunch","travelling","cold","grocery",0,1,0,"midday"
25,243,77,166,"weekday","afternoon","leisure","cold","restaurant",1,1,0,"midday"
25,253,87,166,"weekday","afternoon","working","hot","grocery",1,1,0,"midday"
25,256,90,166,"unknown","beforelunch","shopping","freezing","restaurant",0,1,0,"midday"
25,257,91,166,"weekday","afternoon","unknown","freezing","grocery",1,1,0,"midday"
25,264,98,166,"weekday","lunch","travelling","cold","grocery",1,1,0,"midday"
25,271,105,166,"weekday","dinner","working","freezing","restaurant",0,1,0,"night"
25,273,107,166,"weekday","afternoon","travelling","hot","restaurant",0,1,0,"midday"
25,277,111,166,"weekday","lunch","travelling","cold","restaurant",0,1,0,"midday"
25,282,116,166,"weekend","afternoon","travelling","cold","restaurant",0,1,1,"midday"
25,285,119,166,"weekday","breakfast","travelling","cold","grocery",0,1,1,"morning"
25,286,120,166,"weekend","lunch","working","warm","grocery",1,1,1,"midday"
25,292,126,166,"weekday","morning","working","freezing","grocery",1,1,1,"morning"
25,293,127,166,"weekday","breakfast","travelling","unknown","restaurant",1,1,1,"morning"
25,295,129,166,"weekday","lunch","travelling","freezing","grocery",0,1,1,"midday"
25,298,132,166,"weekday","lunch","travelling","warm","restaurant",0,1,1,"midday"
25,306,140,166,"weekday","unknown","leisure","cold","restaurant",1,1,1,"unknown"
25,309,143,166,"weekday","lunch","travelling","cold","grocery",1,1,1,"midday"
25,320,154,166,"weekend","afternoon","travelling","cold","grocery",0,1,1,"midday"
25,321,155,166,"weekend","morning","travelling","warm","restaurant",0,1,1,"morning"
25,327,161,166,"weekday","lunch","shopping","unknown","restaurant",0,1,1,"midday"
25,330,164,166,"weekday","unknown","working","freezing","grocery",1,1,1,"unknown"
25,331,165,166,"weekday","beforelunch","unknown","unknown","restaurant",0,1,1,"midday"
25,334,168,166,"weekday","breakfast","shopping","freezing","grocery",0,1,1,"morning"
25,335,169,166,"weekday","afternoon","travelling","cold","grocery",1,1,1,"midday"
25,339,173,166,"weekend","beforelunch","leisure","unknown","grocery",0,1,1,"midday"
25,344,178,166,"weekday","afternoon","travelling","hot","restaurant",0,1,1,"midday"
25,345,179,166,"weekday","afternoon","travelling","freezing","restaurant",0,1,1,"midday"
26,182,14,168,"weekday","afternoon","working","freezing","grocery",0,0,0,"midday"
26,187,19,168,"weekend","afternoon","travelling","warm","grocery",0,0,0,"midday"
26,195,27,168,"weekday","afternoon","travelling","freezing","restaurant",0,0,0,"midday"
26,207,39,168,"weekday","morning","travelling","freezing","grocery",1,0,0,"morning"
26,216,48,168,"weekday","afternoon","leisure","warm","grocery",1,0,0,"midday"
26,223,55,168,"weekend","lunch","leisure","unknown","grocery",0,0,0,"midday"
26,228,60,168,"weekend","afternoon","travelling","freezing","restaurant",1,1,0,"midday"
26,232,64,168,"weekday","afternoon","morningrituals","freezing","restaurant",0,1,0,"midday"
26,235,67,168,"weekday","afternoon","unknown","unknown","grocery",1,1,0,"midday"
26,260,92,168,"weekday","beforelunch","travelling","unknown","grocery",0,1,0,"midday"
26,264,96,168,"weekend","beforelunch","working","cold","restaurant",0,1,0,"midday"
26,266,98,168,"weekend","lunch","travelling","warm","grocery",0,1,0,"midday"
26,268,100,168,"weekday","earlymorning","morningrituals","warm","grocery",1,1,0,"morning"
26,284,116,168,"weekday","breakfast","travelling","cold","restaurant",0,1,1,"morning"
26,293,125,168,"weekend","lunch","working","unknown","grocery",0,1,1,"midday"
26,297,129,168,"weekday","evening","unknown","unknown","grocery",0,1,1,"night"
26,302,134,168,"weekday","night","travelling","freezing","grocery",0,1,1,"night"
26,307,139,168,"weekday","breakfast","travelling","warm","restaurant",0,1,1,"morning"
26,310,142,168,"weekday","lunch","travelling","warm","grocery",0,1,1,"midday"
26,313,145,168,"weekday","lunch","travelling","unknown","restaurant",1,1,1,"midday"
26,319,151,168,"weekday","lunch","travelling","unknown","grocery",0,1,1,"midday"
26,326,158,168,"weekday","afternoon","working","freezing","grocery",1,1,1,"midday"
26,333,165,168,"weekend","breakfast","leisure","unknown","grocery",0,1,1,"morning"
26,335,167,168,"weekday","beforelunch","travelling","freezing","restaurant",1,1,1,"midday"
26,346,178,168,"weekday","afternoon","travelling","cold","restaurant",0,1,1,"midday"
26,348,180,168,"weekday","afternoon","travelling","unknown","grocery",1,1,1,"midday"
27,178,1,177,"weekday","beforelunch","housework","freezing","grocery",1,0,0,"midday"
27,179,2,177,"weekday","afternoon","unknown","unknown","restaurant",0,0,0,"midday"
27,181,4,177,"weekday","morning","travelling","cold","restaurant",0,0,0,"morning"
27,186,9,177,"weekend","afternoon","travelling","warm","grocery",0,0,0,"midday"
27,189,12,177,"weekday","afternoon","workingout","unknown","grocery",1,0,0,"midday"
27,193,16,177,"weekday","earlymorning","travelling","freezing","restaurant",0,0,0,"morning"
27,194,17,177,"weekend","morning","travelling","cold","restaurant",0,0,0,"morning"
27,196,19,177,"weekday","beforelunch","travelling","warm","restaurant",1,0,0,"midday"
27,206,29,177,"weekday","afternoon","leisure","unknown","restaurant",0,0,0,"midday"
27,210,33,177,"weekday","lunch","leisure","unknown","restaurant",0,0,0,"midday"
27,214,37,177,"weekday","breakfast","travelling","freezing","grocery",0,0,0,"morning"
27,217,40,177,"weekday","afternoon","travelling","warm","restaurant",0,0,0,"midday"
27,225,48,177,"weekday","afternoon","unknown","freezing","restaurant",1,0,0,"midday"
27,226,49,177,"weekday","afternoon","travelling","freezing","grocery",0,0,0,"midday"
27,233,56,177,"weekend","afternoon","working","unknown","restaurant",0,0,0,"midday"
27,234,57,177,"weekday","morning","morningrituals","hot","grocery",1,1,0,"morning"
27,235,58,177,"weekday","night","travelling","warm","restaurant",0,1,0,"night"
27,236,59,177,"weekday","dinner","travelling","unknown","grocery",0,1,0,"night"
27,239,62,177,"weekend","lunch","unknown","freezing","grocery",1,1,0,"midday"
27,245,68,177,"weekday","beforelunch","leisure","cold","grocery",0,1,0,"midday"
27,253,76,177,"weekend","earlymorning","unknown","freezing","restaurant",0,1,0,"morning"
27,262,85,177,"weekend","beforelunch","travelling","hot","restaurant",0,1,0,"midday"
27,265,88,177,"weekday","morning","travelling","unknown","grocery",0,1,0,"morning"
27,267,90,177,"weekday","afternoon","travelling","hot","grocery",0,1,0,"midday"
27,270,93,177,"unknown","morning","travelling","cold","grocery",0,1,0,"morning"
27,272,95,177,"weekend","afternoon","travelling","unknown","grocery",0,1,0,"midday"
27,273,96,177,"weekend","lunch","working","cold","grocery",1,1,0,"midday"
27,274,97,177,"weekday","afternoon","travelling","cold","grocery",0,1,0,"midday"
27,275,98,177,"weekend","beforelunch","travelling","cold","grocery",0,1,0,"midday"
27,285,108,177,"weekday","afternoon","unknown","warm","restaurant",0,1,0,"midday"
27,294,117,177,"weekend","afternoon","travelling","freezing","restaurant",0,1,1,"midday"
27,295,118,177,"weekday","beforelunch","travelling","freezing","restaurant",0,1,1,"midday"
27,296,119,177,"weekday","beforelunch","workingout","unknown","grocery",1,1,1,"midday"
27,300,123,177,"weekday","beforelunch","working","cold","grocery",1,1,1,"midday"
27,301,124,177,"weekday","afternoon","shopping","freezing","grocery",0,1,1,"midday"
27,302,125,177,"weekend","morning","travelling","warm","grocery",0,1,1,"morning"
27,303,126,177,"weekday","afternoon","unknown","cold","restaurant",0,1,1,"midday"
27,318,141,177,"weekday","morning","travelling","cold","grocery",0,1,1,"morning"
27,325,148,177,"weekday","afternoon","unknown","unknown","restaurant",1,1,1,"midday"
27,327,150,177,"weekday","breakfast","travelling","cold","grocery",0,1,1,"morning"
27,328,151,177,"weekday","afternoon","working","warm","grocery",1,1,1,"midday"
27,333,156,177,"weekday","afternoon","unknown","hot","grocery",1,1,1,"midday"
27,336,159,177,"weekday","breakfast","travelling","freezing","restaurant",0,1,1,"morning"
27,337,160,177,"weekday","lunch","unknown","hot","grocery",0,1,1,"midday"
27,339,162,177,"weekend","beforelunch","leisure","unknown","grocery",1,1,1,"midday"
27,340,163,177,"weekday","beforelunch","travelling","unknown","grocery",0,1,1,"midday"
27,342,165,177,"unknown","dinner","travelling","cold","restaurant",0,1,1,"night"
27,347,170,177,"weekday","lunch","social","hot","grocery",0,1,1,"midday"
27,351,174,177,"weekday","beforelunch","leisure","cold","restaurant",0,1,1,"midday"
27,358,181,177,"weekday","beforelunch","travelling","hot","restaurant",1,1,1,"midday"
28,189,0,189,"weekday","earlymorning","travelling","unknown","restaurant",1,0,0,"morning"
28,190,1,189,"weekday","beforelunch","unknown","unknown","restaurant",0,0,0,"midday"
28,191,2,189,"weekday","afternoon","travelling","warm","restaurant",1,0,0,"midday"
28,192,3,189,"weekday","evening","travelling","warm","grocery",0,0,0,"night"
28,193,4,189,"weekday","lunch","unknown","cold","grocery",0,0,0,"midday"
28,194,5,189,"weekday","earlymorning","travelling","cold","restaurant",0,0,0,"morning"
28,195,6,189,"weekend","lunch","working","freezing","restaurant",0,0,0,"midday"
28,197,8,189,"weekday","breakfast","unknown","unknown","grocery",0,0,0,"morning"
28,198,9,189,"weekday","afternoon","travelling","freezing","grocery",0,0,0,"midday"
28,199,10,189,"weekday","breakfast","working","cold","restaurant",0,0,0,"morning"
28,201,12,189,"weekday","breakfast","travelling","cold","grocery",1,0,0,"morning"
28,202,13,189,"weekday","lunch","travelling","freezing","restaurant",1,0,0,"midday"
28,203,14,189,"weekday","afternoon","travelling","unknown","restaurant",0,0,0,"midday"
28,204,15,189,"weekday","dinner","travelling","freezing","grocery",0,0,0,"night"
28,206,17,189,"weekday","breakfast","travelling","unknown","grocery",0,0,0,"morning"
28,207,18,189,"weekday","lunch","travelling","unknown","restaurant",1,0,0,"midday"
28,208,19,189,"weekday","afternoon","travelling","cold","grocery",0,0,0,"midday"
28,209,20,189,"weekday","afternoon","travelling","cold","grocery",1,0,0,"midday"
28,210,21,189,"weekday","afternoon","travelling","unknown","grocery",0,0,0,"midday"
28,212,23,189,"weekday","lunch","travelling","warm","grocery",0,0,0,"midday"
28,214,25,189,"weekday","afternoon","shopping","freezing","restaurant",0,0,0,"midday"
28,215,26,189,"weekday","lunch","travelling","cold","grocery",0,0,0,"midday"
28,218,29,189,"weekday","earlymorning","travelling","hot","restaurant",0,0,0,"morning"
28,219,30,189,"unknown","beforelunch","travelling","freezing","grocery",0,0,0,"midday"
28,220,31,189,"weekday","lunch","leisure","freezing","grocery",1,0,0,"midday"
28,221,32,189,"weekday","lunch","unknown","cold","restaurant",0,0,0,"midday"
28,223,34,189,"weekday","beforelunch","leisure","cold","restaurant",0,0,0,"midday"
28,228,39,189,"weekday","morning","travelling","freezing","grocery",0,0,0,"morning"
28,229,40,189,"unknown","afternoon","travelling","freezing","grocery",0,0,0,"midday"
28,230,41,189,"weekday","breakfast","shopping","freezing","restaurant",0,0,0,"morning"
28,231,42,189,"weekday","afternoon","shopping","cold","grocery",0,0,0,"midday"
28,233,44,189,"weekday","breakfast","leisure","cold","restaurant",0,0,0,"morning"
28,234,45,189,"weekday","afternoon","travelling","cold","grocery",0,0,0,"midday"
28,235,46,189,"unknown","afternoon","travelling","freezing","restaurant",0,0,0,"midday"
28,238,49,189,"weekend","lunch","shopping","freezing","restaurant",0,0,0,"midday"
28,243,54,189,"weekday","dinner","working","hot","restaurant",0,0,0,"night"
28,245,56,189,"weekday","breakfast","travelling","cold","restaurant",1,0,0,"morning"
28,247,58,189,"weekday","breakfast","unknown","cold","grocery",0,1,0,"morning"
28,248,59,189,"weekday","night","travelling","unknown","restaurant",0,1,0,"night"
28,252,63,189,"weekday","beforelunch","morningrituals","hot","restaurant",0,1,0,"midday"
28,253,64,189,"weekend","afternoon","travelling","cold","restaurant",0,1,0,"midday"
28,257,68,189,"weekend","lunch","working","unknown","grocery",0,1,0,"midday"
28,258,69,189,"weekday","afternoon","leisure","unknown","restaurant",1,1,0,"midday"
28,262,73,189,"weekday","lunch","travelling","cold","restaurant",0,1,0,"midday"
28,263,74,189,"weekday","afternoon","travelling","cold","restaurant",1,1,0,"midday"
28,264,75,189,"weekday","earlymorning","travelling","cold","restaurant",1,1,0,"morning"
28,265,76,189,"weekday","lunch","working","warm","restaurant",0,1,0,"midday"
28,266,77,189,"weekend","afternoon","travelling","unknown","grocery",0,1,0,"midday"
28,267,78,189,"weekday","afternoon","travelling","cold","restaurant",0,1,0,"midday"
28,268,79,189,"weekend","lunch","travelling","warm","grocery",0,1,0,"midday"
28,270,81,189,"weekend","afternoon","working","hot","restaurant",0,1,0,"midday"
28,272,83,189,"weekend","beforelunch","travelling","warm","grocery",1,1,0,"midday"
28,273,84,189,"weekday","lunch","travelling","freezing","grocery",0,1,0,"midday"
28,275,86,189,"weekday","beforelunch","shopping","cold","restaurant",0,1,0,"midday"
28,277,88,189,"weekend","afternoon","travelling","freezing","restaurant",0,1,0,"midday"
28,278,89,189,"weekday","afternoon","travelling","warm","grocery",0,1,0,"midday"
28,280,91,189,"weekday","afternoon","travelling","freezing","restaurant",0,1,0,"midday"
28,285,96,189,"weekday","afternoon","travelling","warm","restaurant",0,1,0,"midday"
28,286,97,189,"weekend","lunch","working","cold","restaurant",0,1,0,"midday"
28,287,98,189,"weekday","afternoon","working","warm","restaurant",1,1,0,"midday"
28,288,99,189,"weekend","beforelunch","morningrituals","warm","restaurant",0,1,0,"midday"
28,289,100,189,"weekday","lunch","leisure","hot","grocery",1,1,0,"midday"
28,290,101,189,"weekday","beforelunch","workingout","cold","restaurant",1,1,0,"midday"
28,291,102,189,"weekday","afternoon","travelling","warm","restaurant",1,1,0,"midday"
28,294,105,189,"weekday","lunch","leisure","warm","grocery",1,1,0,"midday"
28,295,106,189,"weekday","afternoon","shopping","freezing","grocery",1,1,0,"midday"
28,298,109,189,"weekday","afternoon","travelling","unknown","restaurant",0,1,0,"midday"
28,299,110,189,"weekday","morning","travelling","unknown","restaurant",1,1,0,"morning"
28,301,112,189,"weekday","lunch","shopping","freezing","grocery",1,1,0,"midday"
28,302,113,189,"weekday","beforelunch","travelling","unknown","restaurant",0,1,1,"midday"
28,303,114,189,"weekday","dinner","travelling","warm","restaurant",1,1,1,"night"
28,304,115,189,"weekday","lunch","travelling","unknown","grocery",0,1,1,"midday"
28,306,117,189,"weekday","evening","travelling","hot","restaurant",1,1,1,"night"
28,307,118,189,"weekday","morning","unknown","cold","restaurant",0,1,1,"morning"
28,308,119,189,"weekday","afternoon","travelling","cold","grocery",0,1,1,"midday"
28,309,120,189,"weekend","morning","unknown","unknown","grocery",0,1,1,"morning"
28,310,121,189,"weekday","beforelunch","shopping","cold","grocery",0,1,1,"midday"
28,311,122,189,"weekend","lunch","travelling","cold","grocery",0,1,1,"midday"
28,312,123,189,"weekday","unknown","unknown","freezing","grocery",1,1,1,"unknown"
28,318,129,189,"unknown","evening","leisure","hot","restaurant",0,1,1,"night"
28,320,131,189,"weekday","afternoon","travelling","cold","grocery",0,1,1,"midday"
28,322,133,189,"weekday","afternoon","travelling","warm","grocery",0,1,1,"midday"
28,324,135,189,"weekend","lunch","travelling","cold","grocery",0,1,1,"midday"
28,326,137,189,"weekday","beforelunch","travelling","hot","grocery",1,1,1,"midday"
28,328,139,189,"weekday","afternoon","housework","warm","restaurant",1,1,1,"midday"
28,329,140,189,"weekday","beforelunch","unknown","unknown","grocery",0,1,1,"midday"
28,331,142,189,"weekday","lunch","morningrituals","unknown","restaurant",0,1,1,"midday"
28,332,143,189,"weekday","beforelunch","leisure","freezing","grocery",1,1,1,"midday"
28,333,144,189,"weekday","lunch","leisure","freezing","restaurant",0,1,1,"midday"
28,334,145,189,"weekday","beforelunch","working","unknown","grocery",0,1,1,"midday"
28,335,146,189,"weekday","beforelunch","travelling","unknown","restaurant",0,1,1,"midday"
28,336,147,189,"weekday","evening","leisure","cold","restaurant",0,1,1,"night"
28,338,149,189,"weekday","afternoon","unknown","warm","grocery",0,1,1,"midday"
28,345,156,189,"weekday","lunch","travelling","unknown","restaurant",0,1,1,"midday"
28,346,157,189,"weekday","afternoon","unknown","cold","grocery",1,1,1,"midday"
28,347,158,189,"weekday","afternoon","unknown","unknown","restaurant",0,1,1,"midday"
28,349,160,189,"weekday","breakfast","leisure","hot","restaurant",0,1,1,"morning"
28,352,163,189,"weekday","beforelunch","unknown","hot","restaurant",0,1,1,"midday"
28,353,164,189,"weekday","breakfast","travelling","warm","restaurant",0,1,1,"morning"
28,356,167,189,"weekend","beforelunch","housework","unknown","grocery",0,1,1,"midday"
28,357,168,189,"weekday","lunch","unknown","unknown","grocery",0,1,1,"midday"
28,358,169,189,"weekday","beforelunch","travelling","unknown","restaurant",0,1,1,"midday"
28,361,172,189,"weekday","dinner","working","unknown","grocery",0,1,1,"night"
28,362,173,189,"weekend","morning","travelling","freezing","grocery",1,1,1,"morning"
28,363,174,189,"weekday","beforelunch","working","unknown","restaurant",1,1,1,"midday"
28,370,181,189,"weekday","afternoon","travelling","cold","restaurant",1,1,1,"midday"
28,372,183,189,"weekday","afternoon","travelling","cold","restaurant",0,1,1,"midday"
29,215,25,190,"weekday","afternoon","travelling","unknown","restaurant",0,0,0,"midday"
29,230,40,190,"weekday","beforelunch","shopping","freezing","restaurant",0,0,0,"midday"
29,234,44,190,"weekday","lunch","travelling","cold","restaurant",0,0,0,"midday"
29,256,66,190,"weekday","afternoon","travelling","cold","grocery",0,1,0,"midday"
29,263,73,190,"weekday","morning","working","hot","restaurant",1,1,0,"morning"
29,269,79,190,"weekend","beforelunch","unknown","hot","restaurant",0,1,0,"midday"
29,296,106,190,"weekday","breakfast","travelling","hot","restaurant",1,1,0,"morning"
29,307,117,190,"weekend","lunch","shopping","freezing","restaurant",0,1,1,"midday"
29,315,125,190,"weekday","lunch","unknown","warm","grocery",0,1,1,"midday"
29,317,127,190,"weekday","afternoon","travelling","unknown","restaurant",1,1,1,"midday"
29,335,145,190,"weekday","evening","unknown","unknown","restaurant",1,1,1,"night"
30,198,1,197,"weekday","lunch","travelling","freezing","restaurant",0,0,0,"midday"
30,201,4,197,"weekday","beforelunch","travelling","cold","grocery",0,0,0,"midday"
30,203,6,197,"weekday","afternoon","working","cold","restaurant",0,0,0,"midday"
30,204,7,197,"weekend","latenight","travelling","cold","restaurant",1,0,0,"night"
30,206,9,197,"weekday","breakfast","travelling","hot","grocery",0,0,0,"morning"
30,208,11,197,"weekend","afternoon","unknown","unknown","restaurant",0,0,0,"midday"
30,210,13,197,"weekday","lunch","travelling","unknown","restaurant",0,0,0,"midday"
30,212,15,197,"weekday","morning","travelling","freezing","restaurant",0,0,0,"morning"
30,213,16,197,"weekday","lunch","travelling","cold","restaurant",0,0,0,"midday"
30,214,17,197,"weekend","lunch","travelling","unknown","restaurant",0,0,0,"midday"
30,215,18,197,"weekend","lunch","shopping","freezing","grocery",1,0,0,"midday"
30,218,21,197,"weekday","afternoon","unknown","hot","grocery",0,0,0,"midday"
30,221,24,197,"weekday","breakfast","travelling","cold","grocery",0,0,0,"morning"
30,222,25,197,"weekday","afternoon","travelling","freezing","restaurant",0,0,0,"midday"
30,223,26,197,"weekday","dinner","morningrituals","warm","grocery",1,0,0,"night"
30,224,27,197,"weekend","afternoon","travelling","unknown","grocery",0,0,0,"midday"
30,226,29,197,"weekday","earlymorning","travelling","cold","grocery",0,0,0,"morning"
30,230,33,197,"weekday","beforelunch","morningrituals","unknown","restaurant",1,0,0,"midday"
30,231,34,197,"weekday","earlymorning","travelling","cold","restaurant",1,0,0,"morning"
30,232,35,197,"weekday","lunch","travelling","warm","grocery",1,0,0,"midday"
30,233,36,197,"weekday","night","shopping","cold","restaurant",0,0,0,"night"
30,236,39,197,"weekend","lunch","travelling","freezing","restaurant",0,0,0,"midday"
30,238,41,197,"weekday","afternoon","travelling","cold","grocery",1,0,0,"midday"
30,240,43,197,"weekday","dinner","travelling","unknown","grocery",0,0,0,"night"
30,241,44,197,"weekday","afternoon","travelling","cold","restaurant",1,0,0,"midday"
30,243,46,197,"weekday","lunch","leisure","unknown","restaurant",0,0,0,"midday"
30,244,47,197,"weekday","afternoon","travelling","cold","grocery",0,0,0,"midday"
30,246,49,197,"weekend","lunch","leisure","unknown","grocery",1,0,0,"midday"
30,248,51,197,"weekday","beforelunch","travelling","freezing","grocery",0,0,0,"midday"
30,249,52,197,"weekday","breakfast","morningrituals","warm","restaurant",0,0,0,"morning"
30,251,54,197,"weekend","lunch","shopping","cold","grocery",0,0,0,"midday"
30,253,56,197,"weekday","beforelunch","unknown","freezing","grocery",0,0,0,"midday"
30,255,58,197,"weekend","lunch","travelling","cold","restaurant",0,1,0,"midday"
30,261,64,197,"weekend","afternoon","morningrituals","freezing","restaurant",0,1,0,"midday"
30,262,65,197,"weekday","lunch","travelling","freezing","grocery",1,1,0,"midday"
30,263,66,197,"weekend","morning","unknown","cold","grocery",0,1,0,"morning"
30,267,70,197,"weekday","afternoon","leisure","hot","grocery",0,1,0,"midday"
30,270,73,197,"weekday","lunch","travelling","freezing","grocery",1,1,0,"midday"
30,271,74,197,"weekday","afternoon","working","cold","grocery",0,1,0,"midday"
30,274,77,197,"weekday","unknown","travelling","warm","restaurant",0,1,0,"unknown"
30,278,81,197,"weekday","lunch","travelling","warm","restaurant",0,1,0,"midday"
30,284,87,197,"weekend","afternoon","unknown","unknown","grocery",0,1,0,"midday"
30,286,89,197,"weekday","beforelunch","travelling","cold","grocery",0,1,0,"midday"
30,289,92,197,"weekday","afternoon","travelling","cold","restaurant",0,1,0,"midday"
30,290,93,197,"weekday","beforelunch","travelling","warm","restaurant",1,1,0,"midday"
30,291,94,197,"weekend","beforelunch","working","hot","restaurant",0,1,0,"midday"
30,292,95,197,"weekday","breakfast","unknown","cold","grocery",1,1,0,"morning"
30,293,96,197,"weekend","breakfast","travelling","cold","restaurant",1,1,0,"morning"
30,294,97,197,"weekday","lunch","travelling","hot","restaurant",0,1,0,"midday"
30,295,98,197,"weekday","lunch","travelling","warm","grocery",0,1,0,"midday"
30,296,99,197,"weekend","afternoon","leisure","unknown","restaurant",0,1,0,"midday"
30,298,101,197,"unknown","breakfast","travelling","unknown","grocery",0,1,0,"morning"
30,299,102,197,"weekend","afternoon","travelling","cold","grocery",0,1,0,"midday"
30,300,103,197,"weekday","afternoon","leisure","unknown","restaurant",1,1,0,"midday"
30,301,104,197,"weekday","afternoon","travelling","freezing","grocery",1,1,0,"midday"
30,304,107,197,"weekday","beforelunch","travelling","freezing","restaurant",1,1,0,"midday"
30,307,110,197,"weekend","breakfast","travelling","warm","grocery",0,1,0,"morning"
30,309,112,197,"weekday","afternoon","travelling","unknown","grocery",0,1,0,"midday"
30,310,113,197,"weekday","earlymorning","leisure","freezing","restaurant",0,1,1,"morning"
30,311,114,197,"weekend","beforelunch","working","freezing","grocery",0,1,1,"midday"
30,312,115,197,"weekend","breakfast","travelling","freezing","grocery",0,1,1,"morning"
30,313,116,197,"weekend","afternoon","travelling","freezing","restaurant",0,1,1,"midday"
30,314,117,197,"weekend","afternoon","travelling","cold","grocery",1,1,1,"midday"
30,315,118,197,"weekday","evening","shopping","hot","restaurant",0,1,1,"night"
30,316,119,197,"weekday","afternoon","travelling","freezing","grocery",0,1,1,"midday"
30,317,120,197,"weekday","lunch","travelling","warm","restaurant",0,1,1,"midday"
30,318,121,197,"weekend","earlymorning","travelling","freezing","restaurant",0,1,1,"morning"
30,324,127,197,"weekday","earlymorning","unknown","warm","restaurant",0,1,1,"morning"
30,325,128,197,"weekday","latenight","unknown","unknown","restaurant",1,1,1,"night"
30,326,129,197,"weekend","latenight","travelling","warm","restaurant",0,1,1,"night"
30,327,130,197,"weekend","afternoon","morningrituals","cold","grocery",0,1,1,"midday"
30,330,133,197,"weekday","night","travelling","cold","grocery",0,1,1,"night"
30,335,138,197,"weekend","afternoon","working","cold","restaurant",0,1,1,"midday"
30,337,140,197,"weekday","evening","travelling","unknown","restaurant",1,1,1,"night"
30,338,141,197,"weekday","beforelunch","travelling","cold","restaurant",0,1,1,"midday"
30,340,143,197,"weekend","afternoon","leisure","hot","grocery",0,1,1,"midday"
30,342,145,197,"weekday","afternoon","travelling","hot","grocery",0,1,1,"midday"
30,343,146,197,"weekend","lunch","travelling","cold","restaurant",0,1,1,"midday"
30,347,150,197,"weekend","breakfast","working","warm","grocery",0,1,1,"morning"
30,350,153,197,"weekend","breakfast","travelling","freezing","restaurant",0,1,1,"morning"
30,351,154,197,"weekend","afternoon","travelling","warm","restaurant",0,1,1,"midday"
30,354,157,197,"weekend","afternoon","travelling","cold","grocery",0,1,1,"midday"
30,355,158,197,"weekday","breakfast","unknown","cold","grocery",0,1,1,"morning"
30,356,159,197,"weekday","earlymorning","travelling","cold","restaurant",0,1,1,"morning"
30,358,161,197,"weekend","lunch","travelling","cold","restaurant",1,1,1,"midday"
30,361,164,197,"weekday","afternoon","travelling","cold","grocery",1,1,1,"midday"
30,362,165,197,"weekday","lunch","travelling","unknown","restaurant",1,1,1,"midday"
30,364,167,197,"weekend","afternoon","unknown","unknown","grocery",0,1,1,"midday"
30,368,171,197,"weekday","dinner","unknown","freezing","grocery",1,1,1,"night"
30,370,173,197,"weekday","earlymorning","leisure","cold","restaurant",0,1,1,"morning"
30,371,174,197,"weekday","beforelunch","travelling","freezing","grocery",0,1,1,"midday"
30,373,176,197,"weekday","afternoon","travelling","unknown","grocery",0,1,1,"midday"
30,374,177,197,"weekday","morning","travelling","unknown","restaurant",1,1,1,"morning"
30,375,178,197,"weekday","afternoon","travelling","freezing","restaurant",0,1,1,"midday"
30,376,179,197,"weekend","dinner","travelling","unknown","grocery",0,1,1,"night"
30,379,182,197,"weekday","beforelunch","morningrituals","cold","grocery",0,1,1,"midday"
30,380,183,197,"weekday","breakfast","shopping","hot","grocery",0,1,1,"morning"
31,212,14,198,"weekday","afternoon","unknown","freezing","restaurant",0,0,0,"midday"
31,263,65,198,"weekday","beforelunch","travelling","freezing","grocery",0,1,0,"midday"
31,288,90,198,"weekday","afternoon","travelling","unknown","grocery",0,1,0,"midday"
31,316,118,198,"weekday","afternoon","working","cold","grocery",0,1,1,"midday"
31,317,119,198,"weekend","lunch","travelling","cold","grocery",0,1,1,"midday"
31,334,136,198,"weekday","lunch","travelling","cold","grocery",0,1,1,"midday"
31,344,146,198,"weekday","beforelunch","working","warm","grocery",1,1,1,"midday"
32,204,0,204,"weekday","lunch","leisure","freezing","restaurant",0,0,0,"midday"
32,205,1,204,"weekday","beforelunch","working","cold","grocery",0,0,0,"midday"
32,206,2,204,"weekday","beforelunch","unknown","warm","grocery",1,0,0,"midday"
32,209,5,204,"weekday","morning","leisure","cold","grocery",0,0,0,"morning"
32,210,6,204,"weekday","beforelunch","unknown","unknown","grocery",1,0,0,"midday"
32,216,12,204,"weekday","afternoon","travelling","unknown","restaurant",0,0,0,"midday"
32,218,14,204,"weekday","dinner","unknown","freezing","grocery",0,0,0,"night"
32,219,15,204,"weekday","beforelunch","leisure","cold","restaurant",0,0,0,"midday"
32,224,20,204,"weekday","evening","unknown","cold","grocery",0,0,0,"night"
32,225,21,204,"weekday","lunch","unknown","unknown","grocery",1,0,0,"midday"
32,226,22,204,"weekday","afternoon","leisure","cold","grocery",0,0,0,"midday"
32,229,25,204,"weekday","lunch","unknown","cold","grocery",0,0,0,"midday"
32,230,26,204,"unknown","lunch","leisure","freezing","restaurant",1,0,0,"midday"
32,232,28,204,"weekend","afternoon","travelling","freezing","grocery",0,0,0,"midday"
32,240,36,204,"weekday","afternoon","travelling","unknown","restaurant",1,0,0,"midday"
32,250,46,204,"weekday","lunch","travelling","unknown","grocery",0,0,0,"midday"
32,254,50,204,"weekday","breakfast","travelling","cold","grocery",0,0,0,"morning"
32,259,55,204,"weekday","lunch","unknown","unknown","grocery",0,0,0,"midday"
32,263,59,204,"weekday","lunch","travelling","unknown","grocery",0,1,0,"midday"
32,264,60,204,"weekend","beforelunch","travelling","cold","restaurant",0,1,0,"midday"
32,265,61,204,"weekend","morning","travelling","unknown","restaurant",0,1,0,"morning"
32,271,67,204,"weekend","night","working","freezing","restaurant",0,1,0,"night"
32,273,69,204,"weekday","dinner","leisure","cold","restaurant",0,1,0,"night"
32,276,72,204,"weekend","lunch","travelling","unknown","restaurant",0,1,0,"midday"
32,277,73,204,"weekday","morning","unknown","warm","restaurant",1,1,0,"morning"
32,279,75,204,"weekday","beforelunch","travelling","cold","restaurant",1,1,0,"midday"
32,294,90,204,"weekday","afternoon","travelling","cold","grocery",0,1,0,"midday"
32,296,92,204,"weekend","afternoon","travelling","hot","grocery",0,1,0,"midday"
32,298,94,204,"weekday","unknown","travelling","unknown","grocery",0,1,0,"unknown"
32,300,96,204,"weekday","lunch","travelling","freezing","restaurant",1,1,0,"midday"
32,302,98,204,"weekday","afternoon","travelling","hot","restaurant",0,1,0,"midday"
32,304,100,204,"weekday","afternoon","working","warm","grocery",0,1,0,"midday"
32,305,101,204,"weekend","morning","travelling","freezing","grocery",0,1,0,"morning"
32,307,103,204,"weekend","earlymorning","travelling","unknown","restaurant",1,1,0,"morning"
32,311,107,204,"weekday","lunch","working","unknown","grocery",0,1,0,"midday"
32,314,110,204,"weekday","lunch","travelling","cold","restaurant",0,1,0,"midday"
32,316,112,204,"weekday","afternoon","shopping","warm","restaurant",1,1,0,"midday"
32,319,115,204,"weekday","earlymorning","travelling","cold","grocery",1,1,1,"morning"
32,321,117,204,"weekday","beforelunch","travelling","freezing","restaurant",0,1,1,"midday"
32,326,122,204,"weekday","afternoon","unknown","warm","grocery",0,1,1,"midday"
32,328,124,204,"weekday","afternoon","unknown","freezing","restaurant",1,1,1,"midday"
32,332,128,204,"weekend","evening","travelling","hot","restaurant",0,1,1,"night"
32,334,130,204,"weekend","dinner","travelling","cold","restaurant",1,1,1,"night"
32,337,133,204,"weekday","lunch","travelling","cold","grocery",1,1,1,"midday"
32,338,134,204,"weekend","earlymorning","travelling","freezing","restaurant",0,1,1,"morning"
32,340,136,204,"weekday","lunch","unknown","warm","restaurant",0,1,1,"midday"
32,344,140,204,"weekday","beforelunch","shopping","cold","restaurant",1,1,1,"midday"
32,345,141,204,"weekday","unknown","travelling","cold","restaurant",0,1,1,"unknown"
32,347,143,204,"weekend","night","travelling","freezing","grocery",0,1,1,"night"
32,348,144,204,"weekday","afternoon","leisure","cold","grocery",0,1,1,"midday"
32,349,145,204,"unknown","lunch","travelling","unknown","grocery",1,1,1,"midday"
32,350,146,204,"weekday","breakfast","travelling","cold","restaurant",0,1,1,"morning"
32,356,152,204,"weekend","morning","shopping","unknown","restaurant",0,1,1,"morning"
32,360,156,204,"weekend","lunch","unknown","hot","grocery",0,1,1,"midday"
32,363,159,204,"weekday","afternoon","shopping","freezing","grocery",0,1,1,"midday"
32,364,160,204,"weekend","beforelunch","unknown","cold","restaurant",0,1,1,"midday"
32,367,163,204,"weekend","lunch","unknown","cold","grocery",0,1,1,"midday"
32,368,164,204,"weekday","lunch","travelling","cold","grocery",0,1,1,"midday"
32,371,167,204,"weekday","beforelunch","travelling","cold","grocery",1,1,1,"midday"
32,375,171,204,"weekday","earlymorning","leisure","unknown","restaurant",1,1,1,"morning"
32,376,172,204,"weekday","unknown","leisure","cold","restaurant",1,1,1,"unknown"
32,377,173,204,"weekday","afternoon","travelling","freezing","grocery",0,1,1,"midday"
32,379,175,204,"weekday","beforelunch","travelling","hot","restaurant",1,1,1,"midday"
33,208,1,207,"weekday","dinner","shopping","warm","grocery",0,0,0,"night"
33,210,3,207,"weekend","beforelunch","travelling","freezing","restaurant",0,0,0,"midday"
33,211,4,207,"weekday","afternoon","travelling","hot","restaurant",0,0,0,"midday"
33,212,5,207,"unknown","afternoon","travelling","warm","grocery",0,0,0,"midday"
33,221,14,207,"weekday","night","travelling","freezing","restaurant",1,0,0,"night"
33,222,15,207,"weekday","afternoon","travelling","freezing","grocery",0,0,0,"midday"
33,224,17,207,"weekend","afternoon","travelling","unknown","restaurant",0,0,0,"midday"
33,225,18,207,"weekday","evening","morningrituals","cold","grocery",1,0,0,"night"
33,226,19,207,"weekday","lunch","travelling","unknown","grocery",0,0,0,"midday"
33,227,20,207,"weekday","dinner","travelling","cold","grocery",0,0,0,"night"
33,228,21,207,"weekday","afternoon","travelling","unknown","grocery",1,0,0,"midday"
33,229,22,207,"weekday","beforelunch","travelling","cold","grocery",1,0,0,"midday"
33,230,23,207,"weekday","breakfast","travelling","hot","restaurant",0,0,0,"morning"
33,231,24,207,"weekday","beforelunch","leisure","unknown","restaurant",0,0,0,"midday"
33,236,29,207,"weekday","afternoon","travelling","cold","grocery",0,0,0,"midday"
33,237,30,207,"weekday","lunch","travelling","warm","restaurant",0,0,0,"midday"
33,238,31,207,"weekend","afternoon","travelling","cold","grocery",0,0,0,"midday"
33,240,33,207,"weekday","afternoon","travelling","unknown","grocery",0,0,0,"midday"
33,241,34,207,"weekday","lunch","leisure","warm","restaurant",1,0,0,"midday"
33,245,38,207,"weekday","lunch","travelling","unknown","grocery",0,0,0,"midday"
33,246,39,207,"weekday","afternoon","travelling","cold","restaurant",0,0,0,"midday"
33,248,41,207,"weekend","beforelunch","travelling","cold","grocery",0,0,0,"midday"
33,253,46,207,"weekday","lunch","travelling","freezing","restaurant",0,0,0,"midday"
33,254,47,207,"weekday","afternoon","travelling","cold","grocery",0,0,0,"midday"
33,256,49,207,"weekend","beforelunch","shopping","unknown","restaurant",0,0,0,"midday"
33,258,51,207,"weekday","breakfast","unknown","freezing","restaurant",1,0,0,"morning"
33,259,52,207,"weekend","breakfast","travelling","cold","restaurant",1,0,0,"morning"
33,269,62,207,"weekday","lunch","shopping","hot","restaurant",1,1,0,"midday"
33,271,64,207,"weekday","morning","travelling","cold","grocery",0,1,0,"morning"
33,273,66,207,"weekday","afternoon","morningrituals","cold","grocery",0,1,0,"midday"
33,274,67,207,"weekend","beforelunch","travelling","unknown","restaurant",0,1,0,"midday"
33,276,69,207,"weekday","morning","shopping","freezing","grocery",1,1,0,"morning"
33,278,71,207,"weekday","unknown","unknown","cold","restaurant",0,1,0,"unknown"
33,280,73,207,"weekday","afternoon","working","warm","grocery",0,1,0,"midday"
33,285,78,207,"weekday","breakfast","shopping","freezing","restaurant",1,1,0,"morning"
33,286,79,207,"weekend","lunch","morningrituals","cold","grocery",0,1,0,"midday"
33,288,81,207,"weekday","dinner","travelling","warm","grocery",0,1,0,"night"
33,290,83,207,"weekend","lunch","travelling","unknown","grocery",0,1,0,"midday"
33,291,84,207,"weekday","beforelunch","travelling","cold","grocery",0,1,0,"midday"
33,293,86,207,"weekday","unknown","travelling","cold","restaurant",1,1,0,"unknown"
33,294,87,207,"weekend","afternoon","travelling","cold","restaurant",1,1,0,"midday"
33,298,91,207,"weekday","afternoon","travelling","warm","restaurant",0,1,0,"midday"
33,303,96,207,"weekday","beforelunch","working","hot","restaurant",0,1,0,"midday"
33,304,97,207,"weekend","afternoon","leisure","hot","grocery",0,1,0,"midday"
33,305,98,207,"weekend","afternoon","shopping","unknown","grocery",0,1,0,"midday"
33,306,99,207,"weekend","afternoon","travelling","warm","grocery",0,1,0,"midday"
33,309,102,207,"weekday","afternoon","morningrituals","unknown","grocery",0,1,0,"midday"
33,310,103,207,"weekday","breakfast","working","cold","restaurant",0,1,0,"morning"
33,312,105,207,"weekday","morning","travelling","cold","grocery",0,1,0,"morning"
33,314,107,207,"weekday","breakfast","travelling","freezing","grocery",0,1,0,"morning"
33,315,108,207,"weekday","afternoon","morningrituals","warm","restaurant",0,1,0,"midday"
33,316,109,207,"weekday","latenight","travelling","cold","grocery",0,1,0,"night"
33,317,110,207,"weekday","afternoon","housework","freezing","restaurant",0,1,0,"midday"
33,319,112,207,"weekday","afternoon","travelling","unknown","restaurant",1,1,0,"midday"
33,321,114,207,"weekend","morning","leisure","cold","grocery",0,1,1,"morning"
33,323,116,207,"weekday","lunch","unknown","hot","restaurant",1,1,1,"midday"
33,324,117,207,"weekend","afternoon","unknown","cold","grocery",0,1,1,"midday"
33,326,119,207,"weekday","lunch","travelling","unknown","restaurant",0,1,1,"midday"
33,327,120,207,"weekday","afternoon","travelling","cold","restaurant",0,1,1,"midday"
33,328,121,207,"weekday","afternoon","shopping","freezing","restaurant",0,1,1,"midday"
33,331,124,207,"unknown","breakfast","unknown","freezing","restaurant",0,1,1,"morning"
33,332,125,207,"weekday","lunch","workingout","warm","restaurant",0,1,1,"midday"
33,335,128,207,"weekday","morning","working","warm","restaurant",0,1,1,"morning"
33,336,129,207,"weekday","afternoon","travelling","freezing","restaurant",0,1,1,"midday"
33,337,130,207,"weekday","beforelunch","shopping","warm","grocery",0,1,1,"midday"
33,340,133,207,"weekend","dinner","travelling","cold","grocery",0,1,1,"night"
33,342,135,207,"weekday","lunch","working","unknown","restaurant",0,1,1,"midday"
33,343,136,207,"weekday","lunch","travelling","freezing","restaurant",0,1,1,"midday"
33,344,137,207,"weekday","lunch","travelling","freezing","grocery",0,1,1,"midday"
33,345,138,207,"weekend","breakfast","travelling","freezing","grocery",0,1,1,"morning"
33,346,139,207,"weekend","lunch","travelling","freezing","grocery",0,1,1,"midday"
33,347,140,207,"weekday","lunch","travelling","warm","grocery",0,1,1,"midday"
33,348,141,207,"weekday","morning","shopping","cold","grocery",0,1,1,"morning"
33,349,142,207,"weekday","afternoon","unknown","hot","grocery",0,1,1,"midday"
33,351,144,207,"weekend","beforelunch","travelling","cold","grocery",1,1,1,"midday"
33,352,145,207,"weekend","unknown","working","hot","grocery",0,1,1,"unknown"
33,353,146,207,"weekday","afternoon","shopping","freezing","grocery",0,1,1,"midday"
33,354,147,207,"weekday","beforelunch","working","unknown","restaurant",0,1,1,"midday"
33,356,149,207,"weekday","afternoon","unknown","cold","restaurant",0,1,1,"midday"
33,360,153,207,"weekday","morning","travelling","unknown","restaurant",0,1,1,"morning"
33,361,154,207,"weekday","beforelunch","travelling","cold","grocery",1,1,1,"midday"
33,362,155,207,"weekend","beforelunch","travelling","freezing","grocery",0,1,1,"midday"
33,363,156,207,"weekday","lunch","unknown","cold","restaurant",0,1,1,"midday"
33,365,158,207,"weekend","morning","shopping","cold","restaurant",0,1,1,"morning"
33,370,163,207,"weekend","breakfast","travelling","warm","grocery",1,1,1,"morning"
33,372,165,207,"weekday","earlymorning","working","unknown","restaurant",0,1,1,"morning"
33,373,166,207,"unknown","lunch","travelling","cold","grocery",1,1,1,"midday"
33,374,167,207,"weekday","morning","travelling","cold","grocery",0,1,1,"morning"
33,377,170,207,"weekday","breakfast","travelling","cold","grocery",0,1,1,"morning"
33,378,171,207,"weekend","morning","travelling","hot","restaurant",0,1,1,"morning"
33,379,172,207,"weekday","afternoon","travelling","cold","grocery",0,1,1,"midday"
33,381,174,207,"weekend","evening","travelling","cold","grocery",0,1,1,"night"
33,382,175,207,"weekday","breakfast","shopping","cold","restaurant",1,1,1,"morning"
33,384,177,207,"weekday","breakfast","unknown","cold","grocery",0,1,1,"morning"
33,385,178,207,"weekday","lunch","morningrituals","cold","grocery",0,1,1,"midday"
33,386,179,207,"weekend","lunch","travelling","cold","restaurant",0,1,1,"midday"
33,390,183,207,"weekday","lunch","leisure","cold","grocery",1,1,1,"midday"
34,220,5,215,"weekday","afternoon","leisure","warm","grocery",1,0,0,"midday"
34,221,6,215,"weekday","afternoon","travelling","cold","grocery",1,0,0,"midday"
34,223,8,215,"weekday","afternoon","working","unknown","grocery",0,0,0,"midday"
34,227,12,215,"weekday","afternoon","travelling","unknown","restaurant",0,0,0,"midday"
34,228,13,215,"weekday","night","travelling","freezing","restaurant",0,0,0,"night"
34,233,18,215,"weekend","afternoon","travelling","cold","restaurant",0,0,0,"midday"
34,234,19,215,"weekend","breakfast","travelling","cold","restaurant",1,0,0,"morning"
34,236,21,215,"weekday","beforelunch","shopping","cold","restaurant",1,0,0,"midday"
34,238,23,215,"weekday","lunch","travelling","freezing","restaurant",0,0,0,"midday"
34,239,24,215,"weekday","afternoon","travelling","unknown","restaurant",0,0,0,"midday"
34,245,30,215,"weekday","beforelunch","shopping","warm","restaurant",0,0,0,"midday"
34,247,32,215,"weekday","lunch","travelling","hot","restaurant",0,0,0,"midday"
34,249,34,215,"weekend","lunch","travelling","hot","restaurant",0,0,0,"midday"
34,253,38,215,"weekday","afternoon","travelling","freezing","grocery",1,0,0,"midday"
34,262,47,215,"weekend","beforelunch","travelling","hot","grocery",1,0,0,"midday"
34,264,49,215,"weekday","breakfast","shopping","freezing","restaurant",1,0,0,"morning"
34,271,56,215,"weekend","afternoon","travelling","warm","restaurant",0,0,0,"midday"
34,272,57,215,"weekday","lunch","shopping","hot","restaurant",1,1,0,"midday"
34,283,68,215,"weekday","lunch","travelling","warm","grocery",0,1,0,"midday"
34,284,69,215,"weekend","morning","shopping","cold","grocery",0,1,0,"morning"
34,289,74,215,"weekday","lunch","unknown","freezing","grocery",0,1,0,"midday"
34,291,76,215,"weekday","lunch","working","warm","restaurant",0,1,0,"midday"
34,301,86,215,"weekend","unknown","working","warm","grocery",0,1,0,"unknown"
34,308,93,215,"weekday","dinner","travelling","unknown","restaurant",0,1,0,"night"
34,317,102,215,"weekday","afternoon","leisure","warm","restaurant",0,1,0,"midday"
34,320,105,215,"weekday","lunch","unknown","freezing","grocery",0,1,0,"midday"
34,326,111,215,"weekday","afternoon","travelling","unknown","grocery",0,1,0,"midday"
34,327,112,215,"weekday","beforelunch","leisure","cold","grocery",0,1,0,"midday"
34,328,113,215,"weekday","afternoon","working","cold","grocery",0,1,1,"midday"
34,329,114,215,"weekend","afternoon","travelling","cold","restaurant",1,1,1,"midday"
34,332,117,215,"weekday","unknown","travelling","unknown","grocery",1,1,1,"unknown"
34,336,121,215,"weekday","breakfast","unknown","unknown","restaurant",0,1,1,"morning"
34,340,125,215,"weekday","lunch","travelling","freezing","restaurant",1,1,1,"midday"
34,342,127,215,"weekday","breakfast","working","unknown","restaurant",0,1,1,"morning"
34,345,130,215,"weekday","afternoon","travelling","freezing","grocery",0,1,1,"midday"
34,348,133,215,"weekday","lunch","unknown","hot","restaurant",1,1,1,"midday"
34,362,147,215,"weekday","lunch","travelling","cold","restaurant",0,1,1,"midday"
34,364,149,215,"weekday","beforelunch","unknown","freezing","restaurant",0,1,1,"midday"
34,368,153,215,"weekday","lunch","unknown","warm","restaurant",1,1,1,"midday"
34,372,157,215,"weekday","breakfast","travelling","warm","grocery",1,1,1,"morning"
34,374,159,215,"weekend","afternoon","travelling","unknown","grocery",1,1,1,"midday"
34,377,162,215,"weekend","afternoon","travelling","cold","grocery",0,1,1,"midday"
34,379,164,215,"weekday","morning","travelling","freezing","restaurant",0,1,1,"morning"
34,381,166,215,"weekday","night","travelling","unknown","restaurant",1,1,1,"night"
34,387,172,215,"weekend","beforelunch","unknown","hot","grocery",1,1,1,"midday"
34,389,174,215,"weekday","night","leisure","warm","grocery",0,1,1,"night"
35,234,11,223,"weekday","afternoon","travelling","freezing","grocery",1,0,0,"midday"
35,236,13,223,"weekday","beforelunch","travelling","freezing","grocery",0,0,0,"midday"
35,245,22,223,"weekday","afternoon","working","warm","restaurant",0,0,0,"midday"
35,256,33,223,"weekday","lunch","unknown","warm","grocery",0,0,0,"midday"
35,294,71,223,"weekday","beforelunch","travelling","warm","restaurant",0,1,0,"midday"
35,322,99,223,"weekend","earlymorning","travelling","freezing","grocery",1,1,0,"morning"
35,332,109,223,"weekday","evening","unknown","cold","grocery",0,1,0,"night"
35,354,131,223,"weekday","morning","morningrituals","unknown","restaurant",0,1,1,"morning"
35,366,143,223,"weekday","breakfast","travelling","freezing","grocery",1,1,1,"morning"
35,367,144,223,"weekday","lunch","unknown","cold","grocery",0,1,1,"midday"
35,370,147,223,"weekday","lunch","unknown","cold","restaurant",0,1,1,"midday"
35,382,159,223,"weekday","beforelunch","travelling","cold","restaurant",0,1,1,"midday"
35,392,169,223,"weekday","earlymorning","unknown","cold","grocery",0,1,1,"morning"
36,245,11,234,"weekday","breakfast","unknown","freezing","restaurant",0,0,0,"morning"
36,249,15,234,"weekday","beforelunch","travelling","unknown","grocery",1,0,0,"midday"
36,250,16,234,"weekday","lunch","working","warm","restaurant",0,0,0,"midday"
36,255,21,234,"weekday","beforelunch","travelling","cold","grocery",0,0,0,"midday"
36,273,39,234,"weekend","afternoon","travelling","cold","grocery",0,0,0,"midday"
36,276,42,234,"weekend","afternoon","travelling","unknown","restaurant",0,0,0,"midday"
36,286,52,234,"weekday","afternoon","travelling","warm","grocery",0,0,0,"midday"
36,310,76,234,"weekday","earlymorning","travelling","warm","grocery",1,1,0,"morning"
36,311,77,234,"weekday","lunch","unknown","warm","restaurant",0,1,0,"midday"
36,317,83,234,"weekend","beforelunch","shopping","warm","restaurant",0,1,0,"midday"
36,333,99,234,"weekday","afternoon","travelling","warm","restaurant",0,1,0,"midday"
36,336,102,234,"weekday","breakfast","unknown","unknown","grocery",0,1,0,"morning"
36,337,103,234,"weekend","breakfast","shopping","hot","grocery",0,1,0,"morning"
36,342,108,234,"weekday","beforelunch","unknown","cold","restaurant",0,1,0,"midday"
36,345,111,234,"weekend","lunch","travelling","freezing","grocery",1,1,0,"midday"
36,352,118,234,"weekday","dinner","travelling","freezing","grocery",1,1,1,"night"
36,367,133,234,"weekend","afternoon","shopping","cold","restaurant",0,1,1,"midday"
36,369,135,234,"weekend","lunch","leisure","cold","restaurant",1,1,1,"midday"
36,372,138,234,"weekday","night","travelling","freezing","grocery",0,1,1,"night"
36,374,140,234,"unknown","afternoon","travelling","cold","restaurant",1,1,1,"midday"
36,385,151,234,"weekday","lunch","shopping","cold","grocery",0,1,1,"midday"
36,393,159,234,"weekday","morning","working","cold","grocery",0,1,1,"morning"
36,406,172,234,"weekday","beforelunch","travelling","cold","restaurant",1,1,1,"midday"
36,408,174,234,"weekend","beforelunch","travelling","unknown","restaurant",0,1,1,"midday"
37,245,0,245,"weekday","afternoon","working","warm","restaurant",0,0,0,"midday"
37,246,1,245,"weekday","evening","unknown","unknown","grocery",1,0,0,"night"
37,248,3,245,"weekend","beforelunch","travelling","unknown","restaurant",0,0,0,"midday"
37,250,5,245,"weekend","afternoon","travelling","freezing","restaurant",1,0,0,"midday"
37,260,15,245,"weekday","lunch","travelling","hot","grocery",0,0,0,"midday"
37,261,16,245,"weekday","lunch","travelling","cold","restaurant",1,0,0,"midday"
37,269,24,245,"weekend","lunch","unknown","warm","grocery",1,0,0,"midday"
37,272,27,245,"weekend","afternoon","unknown","warm","grocery",1,0,0,"midday"
37,274,29,245,"weekend","breakfast","working","unknown","restaurant",0,0,0,"morning"
37,277,32,245,"weekend","lunch","travelling","cold","grocery",1,0,0,"midday"
37,279,34,245,"weekday","lunch","shopping","freezing","restaurant",0,0,0,"midday"
37,284,39,245,"weekday","lunch","leisure","unknown","grocery",1,0,0,"midday"
37,286,41,245,"weekday","afternoon","leisure","warm","grocery",1,0,0,"midday"
37,290,45,245,"weekend","lunch","unknown","unknown","grocery",0,0,0,"midday"
37,292,47,245,"weekend","beforelunch","unknown","freezing","restaurant",1,0,0,"midday"
37,294,49,245,"weekday","lunch","travelling","cold","grocery",0,0,0,"midday"
37,297,52,245,"weekend","lunch","travelling","unknown","grocery",0,0,0,"midday"
37,303,58,245,"weekday","earlymorning","leisure","freezing","grocery",0,1,0,"morning"
37,309,64,245,"weekday","afternoon","leisure","freezing","restaurant",0,1,0,"midday"
37,311,66,245,"weekday","earlymorning","travelling","cold","grocery",0,1,0,"morning"
37,314,69,245,"unknown","afternoon","unknown","cold","restaurant",1,1,0,"midday"
37,316,71,245,"weekday","lunch","travelling","freezing","restaurant",0,1,0,"midday"
37,319,74,245,"weekday","beforelunch","working","cold","restaurant",1,1,0,"midday"
37,320,75,245,"weekend","afternoon","travelling","cold","restaurant",0,1,0,"midday"
37,326,81,245,"weekday","afternoon","travelling","cold","restaurant",0,1,0,"midday"
37,327,82,245,"weekday","afternoon","travelling","cold","grocery",1,1,0,"midday"
37,331,86,245,"weekend","lunch","shopping","freezing","grocery",0,1,0,"midday"
37,337,92,245,"weekend","beforelunch","shopping","cold","grocery",1,1,0,"midday"
37,339,94,245,"weekend","lunch","travelling","cold","grocery",0,1,0,"midday"
37,345,100,245,"weekday","unknown","travelling","cold","restaurant",0,1,0,"unknown"
37,352,107,245,"weekday","latenight","unknown","cold","restaurant",0,1,0,"night"
37,357,112,245,"weekday","lunch","unknown","freezing","restaurant",0,1,0,"midday"
37,367,122,245,"weekday","beforelunch","working","cold","grocery",0,1,1,"midday"
37,372,127,245,"weekday","lunch","travelling","unknown","restaurant",0,1,1,"midday"
37,376,131,245,"weekday","breakfast","travelling","warm","restaurant",1,1,1,"morning"
37,381,136,245,"weekday","lunch","travelling","cold","grocery",0,1,1,"midday"
37,382,137,245,"weekday","lunch","travelling","hot","grocery",1,1,1,"midday"
37,386,141,245,"weekday","beforelunch","travelling","unknown","grocery",1,1,1,"midday"
37,388,143,245,"weekday","afternoon","unknown","unknown","restaurant",1,1,1,"midday"
37,390,145,245,"weekday","morning","travelling","cold","restaurant",0,1,1,"morning"
37,398,153,245,"weekday","lunch","travelling","freezing","grocery",0,1,1,"midday"
37,400,155,245,"weekday","night","travelling","freezing","restaurant",0,1,1,"night"
37,402,157,245,"weekend","dinner","leisure","warm","restaurant",1,1,1,"night"
37,404,159,245,"weekday","unknown","leisure","hot","grocery",1,1,1,"unknown"
37,409,164,245,"weekday","beforelunch","travelling","unknown","restaurant",0,1,1,"midday"
37,410,165,245,"weekday","lunch","shopping","hot","grocery",1,1,1,"midday"
37,415,170,245,"weekday","afternoon","travelling","cold","restaurant",0,1,1,"midday"
37,420,175,245,"weekday","beforelunch","travelling","freezing","restaurant",0,1,1,"midday"
37,421,176,245,"weekday","afternoon","travelling","unknown","grocery",0,1,1,"midday"
37,423,178,245,"weekday","lunch","leisure","cold","restaurant",0,1,1,"midday"
37,426,181,245,"weekday","breakfast","unknown","hot","restaurant",0,1,1,"morning"
37,428,183,245,"weekday","afternoon","shopping","freezing","restaurant",1,1,1,"midday"
38,261,6,255,"weekday","afternoon","unknown","cold","grocery",0,0,0,"midday"
38,266,11,255,"weekend","beforelunch","shopping","warm","grocery",0,0,0,"midday"
38,273,18,255,"weekday","night","travelling","freezing","grocery",0,0,0,"night"
38,274,19,255,"weekend","breakfast","travelling","cold","grocery",1,0,0,"morning"
38,279,24,255,"weekday","lunch","travelling","freezing","restaurant",0,0,0,"midday"
38,287,32,255,"weekday","lunch","travelling","unknown","restaurant",0,0,0,"midday"
38,303,48,255,"weekday","lunch","morningrituals","freezing","restaurant",0,0,0,"midday"
38,306,51,255,"weekend","afternoon","travelling","freezing","grocery",0,0,0,"midday"
38,318,63,255,"weekday","beforelunch","travelling","freezing","restaurant",1,1,0,"midday"
38,320,65,255,"weekday","afternoon","travelling","warm","grocery",1,1,0,"midday"
38,323,68,255,"weekday","beforelunch","travelling","cold","restaurant",0,1,0,"midday"
38,331,76,255,"weekday","unknown","leisure","cold","restaurant",1,1,0,"unknown"
38,343,88,255,"weekday","lunch","unknown","hot","grocery",0,1,0,"midday"
38,345,90,255,"weekday","afternoon","travelling","hot","grocery",0,1,0,"midday"
38,346,91,255,"weekend","morning","travelling","unknown","restaurant",1,1,0,"morning"
38,347,92,255,"weekday","beforelunch","leisure","freezing","grocery",0,1,0,"midday"
38,351,96,255,"weekend","breakfast","travelling","warm","grocery",0,1,0,"morning"
38,353,98,255,"weekday","afternoon","travelling","unknown","grocery",1,1,0,"midday"
38,354,99,255,"weekday","afternoon","unknown","hot","restaurant",1,1,0,"midday"
38,359,104,255,"weekday","breakfast","leisure","cold","grocery",0,1,0,"morning"
38,360,105,255,"weekday","beforelunch","morningrituals","cold","grocery",0,1,0,"midday"
38,361,106,255,"weekday","afternoon","travelling","warm","restaurant",0,1,0,"midday"
38,363,108,255,"weekday","latenight","travelling","freezing","grocery",1,1,0,"night"
38,367,112,255,"weekend","breakfast","travelling","warm","grocery",1,1,0,"morning"
38,371,116,255,"weekday","beforelunch","leisure","cold","restaurant",0,1,1,"midday"
38,373,118,255,"weekday","afternoon","travelling","unknown","grocery",1,1,1,"midday"
38,375,120,255,"weekday","beforelunch","travelling","cold","restaurant",0,1,1,"midday"
38,376,121,255,"weekday","morning","travelling","cold","grocery",0,1,1,"morning"
38,377,122,255,"weekend","lunch","travelling","unknown","grocery",0,1,1,"midday"
38,388,133,255,"weekday","afternoon","unknown","freezing","grocery",1,1,1,"midday"
38,405,150,255,"weekday","morning","leisure","hot","grocery",0,1,1,"morning"
38,414,159,255,"weekend","afternoon","travelling","cold","grocery",0,1,1,"midday"
38,416,161,255,"weekday","dinner","unknown","unknown","grocery",1,1,1,"night"
38,424,169,255,"weekday","afternoon","shopping","freezing","grocery",0,1,1,"midday"
38,437,182,255,"weekend","beforelunch","unknown","freezing","grocery",1,1,1,"midday"
39,266,0,266,"weekday","afternoon","travelling","freezing","grocery",0,0,0,"midday"
39,267,1,266,"weekday","afternoon","leisure","freezing","restaurant",0,0,0,"midday"
39,269,3,266,"weekday","lunch","working","warm","restaurant",1,0,0,"midday"
39,271,5,266,"weekend","afternoon","unknown","cold","restaurant",0,0,0,"midday"
39,274,8,266,"weekday","afternoon","shopping","hot","grocery",0,0,0,"midday"
39,276,10,266,"weekend","lunch","travelling","warm","restaurant",1,0,0,"midday"
39,278,12,266,"weekday","afternoon","working","hot","restaurant",1,0,0,"midday"
39,280,14,266,"weekday","afternoon","unknown","warm","grocery",0,0,0,"midday"
39,281,15,266,"weekday","afternoon","travelling","unknown","grocery",0,0,0,"midday"
39,284,18,266,"weekday","breakfast","unknown","unknown","grocery",0,0,0,"morning"
39,285,19,266,"weekend","beforelunch","leisure","cold","restaurant",0,0,0,"midday"
39,286,20,266,"weekday","lunch","travelling","hot","grocery",0,0,0,"midday"
39,287,21,266,"weekend","afternoon","unknown","freezing","restaurant",0,0,0,"midday"
39,288,22,266,"weekday","lunch","travelling","unknown","grocery",1,0,0,"midday"
39,289,23,266,"weekday","afternoon","travelling","warm","restaurant",1,0,0,"midday"
39,290,24,266,"weekday","afternoon","travelling","cold","restaurant",0,0,0,"midday"
39,291,25,266,"weekday","breakfast","unknown","warm","restaurant",0,0,0,"morning"
39,292,26,266,"weekday","afternoon","travelling","cold","restaurant",0,0,0,"midday"
39,294,28,266,"unknown","afternoon","unknown","unknown","grocery",0,0,0,"midday"
39,296,30,266,"weekday","unknown","travelling","freezing","restaurant",1,0,0,"unknown"
39,297,31,266,"weekday","afternoon","travelling","unknown","restaurant",0,0,0,"midday"
39,299,33,266,"weekday","lunch","travelling","warm","restaurant",1,0,0,"midday"
39,300,34,266,"weekday","afternoon","travelling","cold","restaurant",1,0,0,"midday"
39,301,35,266,"weekday","afternoon","leisure","cold","grocery",0,0,0,"midday"
39,302,36,266,"weekday","afternoon","working","warm","grocery",1,0,0,"midday"
39,303,37,266,"weekend","morning","shopping","cold","restaurant",0,0,0,"morning"
39,306,40,266,"weekday","morning","leisure","cold","grocery",0,0,0,"morning"
39,307,41,266,"weekend","afternoon","unknown","warm","restaurant",1,0,0,"midday"
39,308,42,266,"weekday","morning","unknown","cold","restaurant",1,0,0,"morning"
39,309,43,266,"weekday","lunch","unknown","cold","restaurant",1,0,0,"midday"
39,312,46,266,"weekend","beforelunch","leisure","cold","grocery",0,0,0,"midday"
39,313,47,266,"weekend","lunch","working","cold","restaurant",0,0,0,"midday"
39,314,48,266,"weekend","lunch","travelling","warm","grocery",1,0,0,"midday"
39,315,49,266,"weekend","beforelunch","travelling","unknown","grocery",0,0,0,"midday"
39,316,50,266,"weekday","lunch","unknown","cold","restaurant",0,0,0,"midday"
39,317,51,266,"weekend","breakfast","travelling","cold","grocery",1,0,0,"morning"
39,318,52,266,"weekday","afternoon","unknown","freezing","grocery",0,0,0,"midday"
39,319,53,266,"weekend","lunch","working","hot","restaurant",0,0,0,"midday"
39,320,54,266,"weekend","dinner","shopping","cold","grocery",1,0,0,"night"
39,321,55,266,"weekday","lunch","working","cold","restaurant",0,0,0,"midday"
39,322,56,266,"weekday","afternoon","travelling","warm","restaurant",0,0,0,"midday"
39,323,57,266,"weekday","afternoon","morningrituals","cold","restaurant",0,1,0,"midday"
39,327,61,266,"weekend","afternoon","unknown","freezing","grocery",0,1,0,"midday"
39,329,63,266,"weekend","afternoon","unknown","cold","restaurant",0,1,0,"midday"
39,331,65,266,"weekday","morning","travelling","cold","grocery",1,1,0,"morning"
39,332,66,266,"weekday","afternoon","travelling","freezing","grocery",0,1,0,"midday"
39,333,67,266,"weekday","lunch","travelling","unknown","grocery",0,1,0,"midday"
39,336,70,266,"weekday","breakfast","unknown","cold","grocery",1,1,0,"morning"
39,340,74,266,"weekday","lunch","travelling","cold","grocery",1,1,0,"midday"
39,341,75,266,"weekday","afternoon","leisure","freezing","restaurant",1,1,0,"midday"
39,343,77,266,"weekend","afternoon","travelling","cold","grocery",1,1,0,"midday"
39,344,78,266,"weekday","morning","travelling","cold","grocery",1,1,0,"morning"
39,345,79,266,"weekday","beforelunch","travelling","hot","grocery",0,1,0,"midday"
39,346,80,266,"weekend","beforelunch","travelling","freezing","grocery",0,1,0,"midday"
39,347,81,266,"weekend","lunch","travelling","cold","grocery",0,1,0,"midday"
39,350,84,266,"weekend","morning","travelling","warm","grocery",1,1,0,"morning"
39,352,86,266,"weekend","breakfast","travelling","unknown","restaurant",0,1,0,"morning"
39,353,87,266,"weekday","lunch","unknown","warm","restaurant",1,1,0,"midday"
39,354,88,266,"weekend","afternoon","travelling","hot","grocery",0,1,0,"midday"
39,355,89,266,"weekend","lunch","travelling","freezing","restaurant",0,1,0,"midday"
39,357,91,266,"weekend","lunch","travelling","freezing","restaurant",0,1,0,"midday"
39,358,92,266,"weekday","lunch","travelling","freezing","grocery",0,1,0,"midday"
39,359,93,266,"weekday","breakfast","unknown","unknown","restaurant",1,1,0,"morning"
39,360,94,266,"weekend","afternoon","leisure","freezing","grocery",0,1,0,"midday"
39,362,96,266,"weekday","breakfast","travelling","warm","grocery",1,1,0,"morning"
39,364,98,266,"weekday","beforelunch","working","freezing","restaurant",0,1,0,"midday"
39,365,99,266,"weekday","afternoon","unknown","unknown","restaurant",0,1,0,"midday"
39,366,100,266,"weekday","lunch","morningrituals","freezing","restaurant",0,1,0,"midday"
39,369,103,266,"weekday","beforelunch","travelling","unknown","grocery",0,1,0,"midday"
39,370,104,266,"weekday","afternoon","travelling","unknown","restaurant",0,1,0,"midday"
39,371,105,266,"weekday","afternoon","travelling","cold","grocery",1,1,0,"midday"
39,372,106,266,"weekday","beforelunch","unknown","cold","restaurant",0,1,0,"midday"
39,373,107,266,"weekend","afternoon","unknown","freezing","grocery",1,1,0,"midday"
39,374,108,266,"weekday","lunch","travelling","cold","grocery",1,1,0,"midday"
39,376,110,266,"weekday","earlymorning","travelling","warm","restaurant",0,1,0,"morning"
39,378,112,266,"weekday","lunch","travelling","cold","restaurant",0,1,0,"midday"
39,379,113,266,"weekday","morning","unknown","cold","restaurant",1,1,1,"morning"
39,381,115,266,"weekday","dinner","travelling","freezing","grocery",1,1,1,"night"
39,382,116,266,"weekday","dinner","travelling","cold","restaurant",0,1,1,"night"
39,385,119,266,"weekday","dinner","unknown","freezing","grocery",0,1,1,"night"
39,386,120,266,"weekday","morning","unknown","hot","grocery",0,1,1,"morning"
39,388,122,266,"weekday","earlymorning","travelling","cold","restaurant",0,1,1,"morning"
39,392,126,266,"weekday","lunch","shopping","freezing","restaurant",0,1,1,"midday"
39,393,127,266,"weekday","lunch","travelling","freezing","grocery",0,1,1,"midday"
39,394,128,266,"weekday","afternoon","travelling","unknown","grocery",0,1,1,"midday"
39,395,129,266,"weekday","lunch","unknown","freezing","restaurant",1,1,1,"midday"
39,396,130,266,"weekday","breakfast","working","warm","restaurant",0,1,1,"morning"
39,397,131,266,"weekday","breakfast","travelling","warm","grocery",0,1,1,"morning"
39,398,132,266,"weekday","beforelunch","travelling","freezing","restaurant",0,1,1,"midday"
39,399,133,266,"weekend","lunch","leisure","hot","grocery",0,1,1,"midday"
39,400,134,266,"weekday","afternoon","travelling","freezing","restaurant",1,1,1,"midday"
39,403,137,266,"weekday","lunch","unknown","cold","restaurant",1,1,1,"midday"
39,404,138,266,"weekday","beforelunch","leisure","freezing","grocery",0,1,1,"midday"
39,406,140,266,"weekday","lunch","travelling","freezing","grocery",0,1,1,"midday"
39,407,141,266,"weekday","afternoon","leisure","freezing","restaurant",1,1,1,"midday"
39,408,142,266,"weekday","beforelunch","working","hot","restaurant",0,1,1,"midday"
39,409,143,266,"weekday","lunch","shopping","cold","restaurant",0,1,1,"midday"
39,410,144,266,"weekday","afternoon","travelling","unknown","restaurant",0,1,1,"midday"
39,411,145,266,"weekend","morning","working","hot","grocery",0,1,1,"morning"
39,412,146,266,"weekend","beforelunch","shopping","warm","grocery",0,1,1,"midday"
39,413,147,266,"weekend","afternoon","unknown","freezing","grocery",1,1,1,"midday"
39,414,148,266,"weekday","morning","travelling","unknown","restaurant",1,1,1,"morning"
39,415,149,266,"unknown","lunch","travelling","cold","restaurant",0,1,1,"midday"
39,417,151,266,"weekday","afternoon","travelling","warm","restaurant",0,1,1,"midday"
39,418,152,266,"weekday","beforelunch","working","cold","grocery",0,1,1,"midday"
39,419,153,266,"weekday","breakfast","working","hot","restaurant",0,1,1,"morning"
39,423,157,266,"weekday","lunch","travelling","unknown","restaurant",0,1,1,"midday"
39,425,159,266,"weekday","afternoon","unknown","cold","restaurant",0,1,1,"midday"
39,426,160,266,"weekend","morning","morningrituals","cold","restaurant",1,1,1,"morning"
39,427,161,266,"weekday","morning","travelling","unknown","grocery",0,1,1,"morning"
39,428,162,266,"weekday","afternoon","leisure","warm","restaurant",1,1,1,"midday"
39,429,163,266,"weekday","afternoon","travelling","unknown","restaurant",0,1,1,"midday"
39,432,166,266,"weekend","afternoon","travelling","cold","grocery",0,1,1,"midday"
39,433,167,266,"weekday","afternoon","travelling","hot","grocery",1,1,1,"midday"
39,435,169,266,"weekend","afternoon","travelling","cold","grocery",0,1,1,"midday"
39,436,170,266,"weekday","dinner","travelling","unknown","grocery",0,1,1,"night"
39,437,171,266,"weekday","afternoon","travelling","freezing","grocery",1,1,1,"midday"
39,438,172,266,"weekend","afternoon","unknown","unknown","restaurant",0,1,1,"midday"
39,439,173,266,"weekday","breakfast","travelling","unknown","grocery",1,1,1,"morning"
39,440,174,266,"weekday","afternoon","travelling","cold","grocery",0,1,1,"midday"
39,441,175,266,"weekday","morning","travelling","unknown","grocery",0,1,1,"morning"
39,445,179,266,"weekday","afternoon","unknown","cold","grocery",0,1,1,"midday"
39,446,180,266,"weekend","breakfast","travelling","cold","restaurant",0,1,1,"morning"
39,447,181,266,"weekday","beforelunch","shopping","unknown","grocery",0,1,1,"midday"
40,280,6,274,"weekday","night","shopping","hot","restaurant",0,0,0,"night"
40,281,7,274,"weekday","morning","travelling","freezing","grocery",1,0,0,"morning"
40,287,13,274,"weekday","latenight","travelling","freezing","grocery",0,0,0,"night"
40,290,16,274,"weekend","lunch","shopping","cold","grocery",0,0,0,"midday"
40,291,17,274,"weekday","earlymorning","leisure","warm","restaurant",0,0,0,"morning"
40,298,24,274,"weekend","afternoon","travelling","freezing","grocery",1,0,0,"midday"
40,306,32,274,"weekend","morning","travelling","unknown","restaurant",0,0,0,"morning"
40,311,37,274,"weekday","afternoon","travelling","freezing","grocery",0,0,0,"midday"
40,312,38,274,"weekday","afternoon","travelling","cold","restaurant",0,0,0,"midday"
40,314,40,274,"weekday","dinner","shopping","warm","restaurant",0,0,0,"night"
40,315,41,274,"unknown","afternoon","leisure","freezing","grocery",0,0,0,"midday"
40,323,49,274,"weekday","dinner","travelling","freezing","grocery",0,0,0,"night"
40,327,53,274,"weekday","lunch","travelling","cold","restaurant",0,0,0,"midday"
40,330,56,274,"weekday","afternoon","unknown","warm","grocery",0,0,0,"midday"
40,331,57,274,"weekday","afternoon","leisure","freezing","restaurant",0,1,0,"midday"
40,345,71,274,"weekday","dinner","working","warm","grocery",0,1,0,"night"
40,346,72,274,"weekend","afternoon","shopping","hot","grocery",1,1,0,"midday"
40,349,75,274,"weekday","breakfast","leisure","hot","grocery",1,1,0,"morning"
40,352,78,274,"weekday","morning","working","unknown","grocery",1,1,0,"morning"
40,354,80,274,"weekday","afternoon","unknown","hot","restaurant",0,1,0,"midday"
40,369,95,274,"weekday","lunch","morningrituals","freezing","restaurant",0,1,0,"midday"
40,377,103,274,"weekday","afternoon","travelling","cold","restaurant",0,1,0,"midday"
40,385,111,274,"weekday","breakfast","travelling","unknown","grocery",1,1,0,"morning"
40,394,120,274,"weekday","morning","leisure","freezing","grocery",0,1,1,"morning"
40,402,128,274,"weekend","lunch","unknown","warm","grocery",0,1,1,"midday"
40,410,136,274,"weekday","beforelunch","travelling","freezing","grocery",1,1,1,"midday"
40,420,146,274,"weekday","afternoon","travelling","cold","restaurant",1,1,1,"midday"
40,422,148,274,"weekday","beforelunch","unknown","cold","restaurant",0,1,1,"midday"
40,431,157,274,"weekday","afternoon","travelling","cold","grocery",1,1,1,"midday"
40,433,159,274,"weekday","breakfast","travelling","cold","grocery",1,1,1,"morning"
40,434,160,274,"weekday","afternoon","travelling","unknown","restaurant",1,1,1,"midday"
40,437,163,274,"weekday","afternoon","travelling","freezing","restaurant",0,1,1,"midday"
40,448,174,274,"weekend","afternoon","shopping","cold","grocery",0,1,1,"midday"
41,285,0,285,"weekend","unknown","travelling","warm","restaurant",0,0,0,"unknown"
41,286,1,285,"weekday","afternoon","travelling","unknown","restaurant",0,0,0,"midday"
41,288,3,285,"weekend","afternoon","travelling","cold","grocery",0,0,0,"midday"
41,290,5,285,"weekday","earlymorning","leisure","unknown","restaurant",0,0,0,"morning"
41,293,8,285,"weekday","beforelunch","working","cold","grocery",0,0,0,"midday"
41,295,10,285,"weekday","breakfast","unknown","freezing","grocery",1,0,0,"morning"
41,296,11,285,"weekday","beforelunch","travelling","freezing","restaurant",0,0,0,"midday"
41,297,12,285,"weekday","afternoon","travelling","freezing","grocery",0,0,0,"midday"
41,299,14,285,"weekday","beforelunch","travelling","freezing","grocery",1,0,0,"midday"
41,300,15,285,"weekend","morning","travelling","cold","grocery",0,0,0,"morning"
41,301,16,285,"weekday","afternoon","unknown","warm","grocery",0,0,0,"midday"
41,303,18,285,"weekday","afternoon","shopping","cold","grocery",0,0,0,"midday"
41,304,19,285,"weekday","beforelunch","working","warm","restaurant",0,0,0,"midday"
41,306,21,285,"weekday","breakfast","leisure","freezing","grocery",1,0,0,"morning"
41,308,23,285,"weekend","lunch","travelling","cold","restaurant",1,0,0,"midday"
41,309,24,285,"weekday","afternoon","leisure","freezing","grocery",0,0,0,"midday"
41,310,25,285,"weekday","afternoon","unknown","cold","restaurant",0,0,0,"midday"
41,311,26,285,"weekday","afternoon","unknown","warm","grocery",1,0,0,"midday"
41,312,27,285,"weekday","breakfast","travelling","cold","grocery",0,0,0,"morning"
41,313,28,285,"weekday","lunch","travelling","freezing","restaurant",0,0,0,"midday"
41,314,29,285,"weekday","beforelunch","travelling","freezing","grocery",0,0,0,"midday"
41,315,30,285,"weekend","breakfast","travelling","unknown","restaurant",0,0,0,"morning"
41,316,31,285,"unknown","lunch","travelling","unknown","grocery",0,0,0,"midday"
41,317,32,285,"weekday","dinner","working","warm","restaurant",0,0,0,"night"
41,319,34,285,"weekday","lunch","working","cold","restaurant",1,0,0,"midday"
41,320,35,285,"weekday","breakfast","travelling","warm","grocery",1,0,0,"morning"
41,321,36,285,"weekday","beforelunch","travelling","cold","restaurant",1,0,0,"midday"
41,322,37,285,"weekday","afternoon","travelling","hot","grocery",1,0,0,"midday"
41,323,38,285,"weekday","afternoon","travelling","unknown","restaurant",0,0,0,"midday"
41,325,40,285,"weekday","lunch","unknown","freezing","grocery",0,0,0,"midday"
41,328,43,285,"weekday","breakfast","unknown","hot","restaurant",0,0,0,"morning"
41,329,44,285,"weekday","beforelunch","travelling","cold","restaurant",0,0,0,"midday"
41,330,45,285,"weekday","morning","travelling","unknown","restaurant",0,0,0,"morning"
41,333,48,285,"weekday","breakfast","leisure","unknown","grocery",0,0,0,"morning"
41,335,50,285,"weekday","lunch","shopping","unknown","grocery",1,0,0,"midday"
41,336,51,285,"weekday","unknown","unknown","unknown","grocery",0,0,0,"unknown"
41,337,52,285,"weekday","lunch","travelling","cold","grocery",1,0,0,"midday"
41,339,54,285,"weekday","earlymorning","leisure","unknown","grocery",0,0,0,"morning"
41,340,55,285,"weekday","afternoon","travelling","warm","restaurant",0,0,0,"midday"
41,341,56,285,"weekday","beforelunch","travelling","cold","grocery",0,0,0,"midday"
41,342,57,285,"weekday","breakfast","leisure","cold","grocery",0,1,0,"morning"
41,343,58,285,"weekday","afternoon","travelling","warm","restaurant",1,1,0,"midday"
41,345,60,285,"weekday","afternoon","travelling","unknown","grocery",0,1,0,"midday"
41,346,61,285,"weekday","lunch","travelling","cold","grocery",0,1,0,"midday"
41,347,62,285,"weekday","breakfast","travelling","cold","grocery",0,1,0,"morning"
41,348,63,285,"weekday","lunch","travelling","unknown","restaurant",0,1,0,"midday"
41,349,64,285,"weekday","breakfast","travelling","freezing","grocery",0,1,0,"morning"
41,350,65,285,"weekend","afternoon","travelling","cold","grocery",0,1,0,"midday"
41,351,66,285,"weekday","lunch","unknown","cold","grocery",0,1,0,"midday"
41,352,67,285,"weekday","morning","unknown","warm","restaurant",0,1,0,"morning"
41,353,68,285,"weekday","afternoon","travelling","warm","restaurant",0,1,0,"midday"
41,354,69,285,"weekday","morning","travelling","warm","restaurant",1,1,0,"morning"
41,355,70,285,"weekend","beforelunch","travelling","hot","restaurant",0,1,0,"midday"
41,357,72,285,"weekend","afternoon","travelling","hot","restaurant",0,1,0,"midday"
41,360,75,285,"weekday","afternoon","unknown","unknown","grocery",0,1,0,"midday"
41,361,76,285,"weekday","afternoon","travelling","cold","restaurant",0,1,0,"midday"
41,362,77,285,"weekday","lunch","unknown","freezing","grocery",0,1,0,"midday"
41,363,78,285,"weekday","afternoon","travelling","freezing","restaurant",0,1,0,"midday"
41,365,80,285,"weekday","lunch","travelling","freezing","grocery",0,1,0,"midday"
41,366,81,285,"weekend","morning","working","freezing","grocery",1,1,0,"morning"
41,367,82,285,"weekday","afternoon","travelling","cold","restaurant",0,1,0,"midday"
41,369,84,285,"weekend","beforelunch","working","freezing","restaurant",1,1,0,"midday"
41,370,85,285,"weekday","afternoon","unknown","hot","restaurant",0,1,0,"midday"
41,372,87,285,"weekday","afternoon","unknown","cold","grocery",1,1,0,"midday"
41,374,89,285,"weekday","lunch","travelling","cold","grocery",0,1,0,"midday"
41,375,90,285,"unknown","beforelunch","shopping","cold","restaurant",1,1,0,"midday"
41,376,91,285,"weekday","latenight","unknown","warm","restaurant",0,1,0,"night"
41,377,92,285,"weekend","lunch","leisure","cold","restaurant",0,1,0,"midday"
41,380,95,285,"weekday","breakfast","shopping","unknown","grocery",1,1,0,"morning"
41,381,96,285,"weekday","dinner","travelling","cold","restaurant",0,1,0,"night"
41,382,97,285,"weekday","lunch","leisure","warm","grocery",0,1,0,"midday"
41,386,101,285,"weekday","morning","travelling","cold","restaurant",1,1,0,"morning"
41,387,102,285,"weekday","breakfast","unknown","freezing","grocery",0,1,0,"morning"
41,388,103,285,"weekday","beforelunch","unknown","freezing","grocery",0,1,0,"midday"
41,393,108,285,"weekend","earlymorning","unknown","unknown","restaurant",0,1,0,"morning"
41,396,111,285,"weekday","dinner","travelling","hot","restaurant",1,1,0,"night"
41,397,112,285,"weekday","afternoon","morningrituals","cold","restaurant",1,1,0,"midday"
41,399,114,285,"weekday","breakfast","travelling","cold","grocery",0,1,1,"morning"
41,400,115,285,"weekend","breakfast","travelling","cold","grocery",1,1,1,"morning"
41,401,116,285,"weekday","lunch","leisure","cold","grocery",0,1,1,"midday"
41,403,118,285,"weekend","afternoon","travelling","unknown","grocery",0,1,1,"midday"
41,404,119,285,"weekday","afternoon","travelling","freezing","restaurant",0,1,1,"midday"
41,405,120,285,"weekday","dinner","travelling","hot","grocery",0,1,1,"night"
41,406,121,285,"weekday","beforelunch","travelling","freezing","grocery",0,1,1,"midday"
41,407,122,285,"weekday","afternoon","travelling","warm","grocery",1,1,1,"midday"
41,408,123,285,"weekday","beforelunch","travelling","hot","restaurant",0,1,1,"midday"
41,412,127,285,"weekend","afternoon","travelling","freezing","grocery",0,1,1,"midday"
41,413,128,285,"weekday","afternoon","shopping","warm","restaurant",0,1,1,"midday"
41,414,129,285,"weekday","afternoon","travelling","freezing","grocery",0,1,1,"midday"
41,416,131,285,"weekday","afternoon","travelling","cold","restaurant",1,1,1,"midday"
41,417,132,285,"weekday","unknown","travelling","freezing","restaurant",1,1,1,"unknown"
41,418,133,285,"weekday","beforelunch","working","warm","restaurant",0,1,1,"midday"
41,419,134,285,"weekday","afternoon","travelling","freezing","restaurant",1,1,1,"midday"
41,420,135,285,"weekday","night","travelling","warm","grocery",0,1,1,"night"
41,421,136,285,"weekday","lunch","shopping","freezing","restaurant",1,1,1,"midday"
41,424,139,285,"weekend","afternoon","unknown","hot","grocery",1,1,1,"midday"
41,425,140,285,"weekend","beforelunch","unknown","unknown","restaurant",0,1,1,"midday"
41,428,143,285,"weekend","lunch","shopping","unknown","grocery",0,1,1,"midday"
41,429,144,285,"weekday","earlymorning","travelling","unknown","grocery",0,1,1,"morning"
41,430,145,285,"weekday","lunch","travelling","freezing","restaurant",1,1,1,"midday"
41,431,146,285,"weekday","afternoon","travelling","freezing","grocery",1,1,1,"midday"
41,433,148,285,"weekday","lunch","unknown","warm","restaurant",0,1,1,"midday"
41,435,150,285,"weekday","lunch","travelling","unknown","grocery",1,1,1,"midday"
41,436,151,285,"weekday","afternoon","unknown","freezing","grocery",0,1,1,"midday"
41,437,152,285,"weekday","afternoon","travelling","cold","restaurant",0,1,1,"midday"
41,441,156,285,"weekday","afternoon","travelling","unknown","grocery",0,1,1,"midday"
41,443,158,285,"weekend","lunch","travelling","cold","grocery",0,1,1,"midday"
41,444,159,285,"weekend","afternoon","working","hot","grocery",0,1,1,"midday"
41,445,160,285,"weekend","lunch","leisure","freezing","restaurant",1,1,1,"midday"
41,447,162,285,"weekday","beforelunch","shopping","unknown","restaurant",0,1,1,"midday"
41,448,163,285,"weekday","unknown","working","cold","restaurant",1,1,1,"unknown"
41,449,164,285,"weekend","afternoon","shopping","warm","grocery",0,1,1,"midday"
41,450,165,285,"weekday","lunch","working","warm","grocery",0,1,1,"midday"
41,452,167,285,"weekend","unknown","unknown","warm","restaurant",1,1,1,"unknown"
41,453,168,285,"weekend","lunch","unknown","warm","restaurant",0,1,1,"midday"
41,454,169,285,"weekday","beforelunch","shopping","freezing","restaurant",0,1,1,"midday"
41,456,171,285,"weekday","afternoon","shopping","freezing","restaurant",0,1,1,"midday"
41,458,173,285,"weekday","morning","travelling","cold","restaurant",1,1,1,"morning"
41,460,175,285,"weekday","breakfast","travelling","freezing","restaurant",0,1,1,"morning"
41,461,176,285,"weekday","lunch","working","hot","restaurant",0,1,1,"midday"
41,463,178,285,"weekday","night","morningrituals","hot","restaurant",0,1,1,"night"
41,465,180,285,"weekend","lunch","travelling","freezing","restaurant",0,1,1,"midday"
41,466,181,285,"weekday","afternoon","travelling","warm","restaurant",0,1,1,"midday"
41,467,182,285,"weekday","beforelunch","travelling","cold","grocery",1,1,1,"midday"
42,329,33,296,"weekday","lunch","travelling","unknown","restaurant",0,0,0,"midday"
42,362,66,296,"weekday","unknown","travelling","freezing","restaurant",1,1,0,"unknown"
42,379,83,296,"weekday","afternoon","travelling","freezing","restaurant",1,1,0,"midday"
42,397,101,296,"weekday","lunch","travelling","cold","grocery",0,1,0,"midday"
42,415,119,296,"weekday","afternoon","leisure","unknown","grocery",0,1,1,"midday"
42,427,131,296,"weekday","afternoon","unknown","cold","grocery",0,1,1,"midday"
42,431,135,296,"weekday","afternoon","working","freezing","restaurant",0,1,1,"midday"
42,440,144,296,"weekday","afternoon","unknown","cold","grocery",1,1,1,"midday"
42,460,164,296,"weekday","breakfast","shopping","hot","restaurant",1,1,1,"morning"
42,471,175,296,"weekday","beforelunch","shopping","unknown","restaurant",0,1,1,"midday"
43,308,2,306,"weekday","afternoon","travelling","freezing","restaurant",1,0,0,"midday"
43,319,13,306,"weekday","afternoon","morningrituals","unknown","grocery",0,0,0,"midday"
43,320,14,306,"weekday","morning","travelling","freezing","restaurant",1,0,0,"morning"
43,323,17,306,"weekday","morning","shopping","unknown","restaurant",0,0,0,"morning"
43,324,18,306,"weekday","lunch","morningrituals","warm","grocery",0,0,0,"midday"
43,332,26,306,"weekday","lunch","travelling","unknown","grocery",0,0,0,"midday"
43,333,27,306,"weekend","lunch","leisure","cold","restaurant",0,0,0,"midday"
43,338,32,306,"weekday","afternoon","travelling","warm","restaurant",1,0,0,"midday"
43,340,34,306,"weekend","beforelunch","unknown","cold","restaurant",1,0,0,"midday"
43,343,37,306,"weekday","lunch","unknown","freezing","grocery",0,0,0,"midday"
43,344,38,306,"weekday","afternoon","travelling","unknown","grocery",1,0,0,"midday"
43,348,42,306,"weekday","afternoon","travelling","cold","grocery",1,0,0,"midday"
43,349,43,306,"weekday","afternoon","travelling","unknown","grocery",1,0,0,"midday"
43,351,45,306,"weekend","afternoon","unknown","unknown","grocery",0,0,0,"midday"
43,358,52,306,"weekday","beforelunch","travelling","warm","grocery",1,0,0,"midday"
43,363,57,306,"weekday","afternoon","travelling","cold","restaurant",0,1,0,"midday"
43,367,61,306,"weekday","lunch","travelling","freezing","restaurant",1,1,0,"midday"
43,371,65,306,"weekday","beforelunch","travelling","unknown","restaurant",1,1,0,"midday"
43,377,71,306,"weekend","beforelunch","travelling","cold","grocery",1,1,0,"midday"
43,390,84,306,"weekday","dinner","working","cold","restaurant",0,1,0,"night"
43,401,95,306,"weekday","lunch","working","unknown","grocery",0,1,0,"midday"
43,410,104,306,"weekday","lunch","shopping","freezing","restaurant",1,1,0,"midday"
43,415,109,306,"weekend","afternoon","leisure","cold","grocery",0,1,0,"midday"
43,419,113,306,"weekend","breakfast","travelling","cold","grocery",1,1,1,"morning"
43,425,119,306,"weekend","breakfast","unknown","cold","restaurant",0,1,1,"morning"
43,432,126,306,"weekend","afternoon","travelling","cold","restaurant",1,1,1,"midday"
43,442,136,306,"weekend","lunch","travelling","warm","restaurant",0,1,1,"midday"
43,451,145,306,"weekday","afternoon","travelling","cold","restaurant",1,1,1,"midday"
43,459,153,306,"weekday","lunch","travelling","freezing","grocery",1,1,1,"midday"
43,460,154,306,"weekend","afternoon","working","cold","restaurant",0,1,1,"midday"
43,465,159,306,"weekday","afternoon","travelling","warm","grocery",0,1,1,"midday"
43,468,162,306,"weekend","afternoon","travelling","cold","grocery",1,1,1,"midday"
43,469,163,306,"weekday","beforelunch","shopping","cold","restaurant",0,1,1,"midday"
43,483,177,306,"weekend","breakfast","travelling","unknown","restaurant",1,1,1,"morning"
43,485,179,306,"weekday","beforelunch","travelling","unknown","grocery",0,1,1,"midday"
43,486,180,306,"unknown","lunch","leisure","warm","grocery",0,1,1,"midday"
44,330,14,316,"weekend","morning","travelling","freezing","grocery",0,0,0,"morning"
44,344,28,316,"weekend","lunch","travelling","cold","restaurant",1,0,0,"midday"
44,371,55,316,"weekday","lunch","travelling","hot","grocery",0,0,0,"midday"
44,414,98,316,"weekday","breakfast","travelling","hot","restaurant",0,1,0,"morning"
44,418,102,316,"weekday","beforelunch","travelling","cold","grocery",0,1,0,"midday"
44,423,107,316,"weekday","lunch","shopping","unknown","grocery",1,1,0,"midday"
44,426,110,316,"weekday","lunch","travelling","hot","restaurant",0,1,0,"midday"
45,346,19,327,"weekday","afternoon","travelling","unknown","restaurant",0,0,0,"midday"
45,352,25,327,"weekday","afternoon","leisure","cold","restaurant",0,0,0,"midday"
45,355,28,327,"weekday","afternoon","travelling","cold","restaurant",0,0,0,"midday"
45,366,39,327,"weekday","afternoon","unknown","freezing","restaurant",0,0,0,"midday"
45,369,42,327,"weekday","unknown","travelling","cold","restaurant",0,0,0,"unknown"
45,374,47,327,"weekend","breakfast","leisure","freezing","restaurant",0,0,0,"morning"
45,377,50,327,"weekday","morning","travelling","cold","grocery",1,0,0,"morning"
45,382,55,327,"weekday","beforelunch","travelling","cold","grocery",0,0,0,"midday"
45,389,62,327,"weekday","afternoon","travelling","cold","restaurant",0,1,0,"midday"
45,392,65,327,"weekday","afternoon","unknown","cold","restaurant",0,1,0,"midday"
45,394,67,327,"weekday","unknown","morningrituals","freezing","restaurant",0,1,0,"unknown"
45,398,71,327,"weekday","lunch","shopping","unknown","restaurant",0,1,0,"midday"
45,402,75,327,"weekday","lunch","travelling","cold","restaurant",0,1,0,"midday"
45,412,85,327,"weekday","breakfast","leisure","freezing","restaurant",0,1,0,"morning"
45,413,86,327,"weekend","breakfast","working","unknown","restaurant",1,1,0,"morning"
45,414,87,327,"weekend","breakfast","unknown","cold","restaurant",1,1,0,"morning"
45,419,92,327,"weekday","afternoon","travelling","freezing","grocery",0,1,0,"midday"
45,422,95,327,"weekday","dinner","travelling","freezing","grocery",0,1,0,"night"
45,432,105,327,"weekend","dinner","travelling","cold","restaurant",0,1,0,"night"
45,433,106,327,"weekend","lunch","travelling","unknown","restaurant",0,1,0,"midday"
45,435,108,327,"weekend","breakfast","travelling","hot","grocery",1,1,0,"morning"
45,438,111,327,"unknown","beforelunch","travelling","cold","restaurant",0,1,0,"midday"
45,455,128,327,"weekday","afternoon","travelling","unknown","restaurant",0,1,1,"midday"
45,467,140,327,"weekend","evening","travelling","freezing","restaurant",0,1,1,"night"
45,468,141,327,"weekday","lunch","unknown","cold","grocery",0,1,1,"midday"
45,472,145,327,"weekday","lunch","travelling","freezing","restaurant",0,1,1,"midday"
45,483,156,327,"weekday","lunch","travelling","unknown","grocery",0,1,1,"midday"
45,490,163,327,"weekend","breakfast","unknown","unknown","grocery",0,1,1,"morning"
45,492,165,327,"weekend","afternoon","travelling","unknown","grocery",0,1,1,"midday"
45,498,171,327,"weekday","afternoon","travelling","unknown","restaurant",1,1,1,"midday"
45,500,173,327,"weekend","lunch","shopping","cold","restaurant",0,1,1,"midday"
45,502,175,327,"weekend","beforelunch","housework","cold","grocery",1,1,1,"midday"
46,340,1,339,"weekday","beforelunch","travelling","cold","restaurant",1,0,0,"midday"
46,341,2,339,"weekend","lunch","unknown","cold","grocery",0,0,0,"midday"
46,342,3,339,"weekday","beforelunch","shopping","cold","grocery",0,0,0,"midday"
46,343,4,339,"weekday","dinner","shopping","hot","grocery",1,0,0,"night"
46,349,10,339,"weekend","afternoon","leisure","cold","grocery",0,0,0,"midday"
46,350,11,339,"weekday","afternoon","travelling","freezing","restaurant",0,0,0,"midday"
46,351,12,339,"weekday","afternoon","travelling","hot","grocery",0,0,0,"midday"
46,352,13,339,"weekday","beforelunch","shopping","freezing","grocery",0,0,0,"midday"
46,353,14,339,"weekday","beforelunch","shopping","warm","restaurant",0,0,0,"midday"
46,354,15,339,"weekday","morning","travelling","unknown","restaurant",0,0,0,"morning"
46,355,16,339,"weekend","breakfast","travelling","warm","restaurant",0,0,0,"morning"
46,356,17,339,"weekend","afternoon","unknown","freezing","grocery",1,0,0,"midday"
46,357,18,339,"weekend","afternoon","travelling","cold","grocery",0,0,0,"midday"
46,358,19,339,"weekend","afternoon","shopping","freezing","grocery",0,0,0,"midday"
46,359,20,339,"weekend","afternoon","leisure","cold","grocery",0,0,0,"midday"
46,360,21,339,"weekend","afternoon","shopping","freezing","grocery",0,0,0,"midday"
46,362,23,339,"weekend","afternoon","travelling","cold","restaurant",0,0,0,"midday"
46,363,24,339,"weekday","unknown","travelling","unknown","restaurant",0,0,0,"unknown"
46,364,25,339,"weekday","earlymorning","travelling","warm","restaurant",0,0,0,"morning"
46,366,27,339,"weekday","beforelunch","unknown","freezing","restaurant",0,0,0,"midday"
46,367,28,339,"weekend","night","travelling","hot","grocery",1,0,0,"night"
46,368,29,339,"weekday","lunch","working","cold","grocery",0,0,0,"midday"
46,369,30,339,"weekend","afternoon","travelling","hot","grocery",1,0,0,"midday"
46,371,32,339,"weekday","afternoon","travelling","warm","grocery",1,0,0,"midday"
46,372,33,339,"weekday","afternoon","travelling","warm","grocery",0,0,0,"midday"
46,373,34,339,"weekday","breakfast","working","cold","grocery",0,0,0,"morning"
46,374,35,339,"weekend","morning","travelling","freezing","restaurant",0,0,0,"morning"
46,376,37,339,"weekday","beforelunch","working","freezing","restaurant",0,0,0,"midday"
46,377,38,339,"weekend","lunch","travelling","unknown","grocery",1,0,0,"midday"
46,378,39,339,"weekday","unknown","unknown","unknown","grocery",0,0,0,"unknown"
46,379,40,339,"weekday","afternoon","morningrituals","warm","restaurant",0,0,0,"midday"
46,380,41,339,"weekday","afternoon","leisure","cold","grocery",0,0,0,"midday"
46,381,42,339,"weekday","afternoon","travelling","cold","grocery",1,0,0,"midday"
46,382,43,339,"weekday","lunch","travelling","hot","restaurant",0,0,0,"midday"
46,383,44,339,"weekday","beforelunch","travelling","cold","grocery",0,0,0,"midday"
46,384,45,339,"weekday","lunch","unknown","cold","grocery",1,0,0,"midday"
46,385,46,339,"weekday","earlymorning","travelling","cold","restaurant",1,0,0,"morning"
46,389,50,339,"weekday","breakfast","travelling","cold","grocery",0,0,0,"morning"
46,391,52,339,"weekday","afternoon","travelling","freezing","restaurant",1,0,0,"midday"
46,394,55,339,"weekday","lunch","shopping","freezing","restaurant",0,0,0,"midday"
46,395,56,339,"weekday","morning","travelling","warm","grocery",0,0,0,"morning"
46,399,60,339,"weekday","morning","travelling","cold","restaurant",0,1,0,"morning"
46,400,61,339,"weekday","beforelunch","shopping","hot","grocery",1,1,0,"midday"
46,401,62,339,"weekday","beforelunch","shopping","hot","restaurant",0,1,0,"midday"
46,402,63,339,"weekday","earlymorning","travelling","cold","grocery",1,1,0,"morning"
46,403,64,339,"weekend","lunch","travelling","freezing","restaurant",1,1,0,"midday"
46,404,65,339,"weekday","earlymorning","travelling","hot","restaurant",0,1,0,"morning"
46,405,66,339,"weekday","lunch","unknown","freezing","grocery",0,1,0,"midday"
46,407,68,339,"weekday","afternoon","unknown","unknown","restaurant",1,1,0,"midday"
46,413,74,339,"weekday","lunch","leisure","hot","grocery",0,1,0,"midday"
46,414,75,339,"weekday","lunch","leisure","unknown","grocery",0,1,0,"midday"
46,415,76,339,"weekend","afternoon","travelling","warm","restaurant",0,1,0,"midday"
46,416,77,339,"weekday","lunch","travelling","cold","restaurant",0,1,0,"midday"
46,418,79,339,"weekend","beforelunch","travelling","freezing","restaurant",0,1,0,"midday"
46,419,80,339,"weekday","morning","travelling","cold","grocery",0,1,0,"morning"
46,425,86,339,"weekday","dinner","working","cold","grocery",0,1,0,"night"
46,427,88,339,"weekday","dinner","unknown","freezing","grocery",1,1,0,"night"
46,430,91,339,"weekday","afternoon","travelling","cold","grocery",0,1,0,"midday"
46,431,92,339,"unknown","breakfast","travelling","unknown","grocery",0,1,0,"morning"
46,433,94,339,"weekend","afternoon","morningrituals","cold","restaurant",0,1,0,"midday"
46,434,95,339,"weekday","afternoon","leisure","freezing","restaurant",1,1,0,"midday"
46,435,96,339,"weekday","beforelunch","leisure","cold","restaurant",0,1,0,"midday"
46,437,98,339,"weekend","afternoon","travelling","freezing","grocery",0,1,0,"midday"
46,438,99,339,"weekday","afternoon","shopping","unknown","grocery",0,1,0,"midday"
46,440,101,339,"weekday","dinner","travelling","freezing","restaurant",1,1,0,"night"
46,441,102,339,"weekday","lunch","unknown","cold","restaurant",0,1,0,"midday"
46,444,105,339,"weekend","unknown","travelling","warm","grocery",0,1,0,"unknown"
46,445,106,339,"weekday","lunch","travelling","hot","grocery",0,1,0,"midday"
46,446,107,339,"weekday","lunch","travelling","freezing","restaurant",0,1,0,"midday"
46,447,108,339,"weekday","lunch","unknown","cold","grocery",0,1,0,"midday"
46,448,109,339,"weekday","lunch","travelling","freezing","restaurant",0,1,0,"midday"
46,449,110,339,"weekend","breakfast","unknown","warm","restaurant",0,1,0,"morning"
46,452,113,339,"weekday","lunch","travelling","cold","grocery",1,1,1,"midday"
46,453,114,339,"weekday","afternoon","unknown","cold","grocery",0,1,1,"midday"
46,460,121,339,"weekday","breakfast","unknown","freezing","restaurant",1,1,1,"morning"
46,461,122,339,"weekday","beforelunch","working","hot","restaurant",0,1,1,"midday"
46,462,123,339,"weekday","lunch","shopping","cold","restaurant",0,1,1,"midday"
46,463,124,339,"weekend","earlymorning","travelling","freezing","grocery",0,1,1,"morning"
46,464,125,339,"weekday","lunch","unknown","cold","grocery",0,1,1,"midday"
46,465,126,339,"weekday","lunch","travelling","cold","restaurant",0,1,1,"midday"
46,466,127,339,"weekday","beforelunch","leisure","cold","grocery",0,1,1,"midday"
46,467,128,339,"weekday","lunch","travelling","cold","restaurant",1,1,1,"midday"
46,468,129,339,"weekday","morning","working","unknown","restaurant",1,1,1,"morning"
46,472,133,339,"weekday","breakfast","travelling","unknown","grocery",0,1,1,"morning"
46,473,134,339,"weekday","lunch","travelling","warm","restaurant",0,1,1,"midday"
46,474,135,339,"weekday","breakfast","unknown","warm","restaurant",0,1,1,"morning"
46,475,136,339,"weekend","breakfast","leisure","cold","restaurant",0,1,1,"morning"
46,476,137,339,"weekday","beforelunch","travelling","freezing","restaurant",0,1,1,"midday"
46,477,138,339,"weekday","afternoon","travelling","hot","restaurant",0,1,1,"midday"
46,478,139,339,"weekday","evening","workingout","freezing","restaurant",0,1,1,"night"
46,479,140,339,"weekend","lunch","travelling","unknown","grocery",1,1,1,"midday"
46,480,141,339,"weekend","beforelunch","travelling","warm","grocery",0,1,1,"midday"
46,481,142,339,"weekday","morning","travelling","freezing","restaurant",0,1,1,"morning"
46,482,143,339,"weekday","breakfast","travelling","unknown","grocery",0,1,1,"morning"
46,485,146,339,"weekday","beforelunch","working","warm","restaurant",0,1,1,"midday"
46,487,148,339,"weekday","lunch","unknown","warm","restaurant",0,1,1,"midday"
46,488,149,339,"weekday","beforelunch","travelling","cold","grocery",0,1,1,"midday"
46,491,152,339,"weekday","beforelunch","working","cold","restaurant",1,1,1,"midday"
46,492,153,339,"weekday","evening","shopping","cold","grocery",1,1,1,"night"
46,493,154,339,"weekday","unknown","working","hot","grocery",0,1,1,"unknown"
46,497,158,339,"weekday","breakfast","travelling","cold","grocery",0,1,1,"morning"
46,498,159,339,"weekday","dinner","working","freezing","restaurant",1,1,1,"night"
46,499,160,339,"weekday","morning","leisure","cold","restaurant",0,1,1,"morning"
46,500,161,339,"weekend","afternoon","travelling","freezing","restaurant",0,1,1,"midday"
46,501,162,339,"weekday","breakfast","unknown","freezing","restaurant",0,1,1,"morning"
46,502,163,339,"weekend","morning","travelling","cold","grocery",0,1,1,"morning"
46,503,164,339,"weekday","lunch","travelling","unknown","grocery",0,1,1,"midday"
46,504,165,339,"weekday","beforelunch","unknown","cold","grocery",0,1,1,"midday"
46,505,166,339,"weekday","afternoon","unknown","warm","restaurant",0,1,1,"midday"
46,507,168,339,"weekday","lunch","travelling","freezing","grocery",0,1,1,"midday"
46,509,170,339,"weekend","afternoon","travelling","freezing","grocery",0,1,1,"midday"
46,513,174,339,"weekday","beforelunch","travelling","warm","restaurant",0,1,1,"midday"
46,514,175,339,"weekday","afternoon","unknown","warm","restaurant",0,1,1,"midday"
46,515,176,339,"weekday","earlymorning","unknown","cold","grocery",0,1,1,"morning"
46,516,177,339,"weekday","afternoon","travelling","hot","grocery",1,1,1,"midday"
46,517,178,339,"weekday","afternoon","travelling","unknown","restaurant",0,1,1,"midday"
46,518,179,339,"weekday","afternoon","leisure","hot","restaurant",0,1,1,"midday"
46,519,180,339,"weekday","afternoon","travelling","freezing","restaurant",0,1,1,"midday"
46,521,182,339,"weekend","afternoon","travelling","unknown","grocery",1,1,1,"midday"
46,522,183,339,"weekend","afternoon","working","warm","grocery",0,1,1,"midday"
47,348,1,347,"weekend","afternoon","leisure","warm","restaurant",0,0,0,"midday"
47,350,3,347,"weekday","afternoon","travelling","hot","restaurant",1,0,0,"midday"
47,353,6,347,"weekday","afternoon","travelling","warm","grocery",0,0,0,"midday"
47,356,9,347,"weekday","lunch","unknown","warm","grocery",0,0,0,"midday"
47,359,12,347,"weekday","lunch","unknown","cold","restaurant",1,0,0,"midday"
47,366,19,347,"weekend","lunch","morningrituals","cold","restaurant",1,0,0,"midday"
47,369,22,347,"weekday","lunch","leisure","warm","restaurant",0,0,0,"midday"
47,370,23,347,"weekday","lunch","travelling","freezing","grocery",0,0,0,"midday"
47,373,26,347,"weekend","afternoon","travelling","freezing","grocery",0,0,0,"midday"
47,378,31,347,"weekday","beforelunch","travelling","unknown","grocery",1,0,0,"midday"
47,381,34,347,"weekend","breakfast","travelling","unknown","grocery",0,0,0,"morning"
47,382,35,347,"unknown","breakfast","shopping","hot","restaurant",0,0,0,"morning"
47,383,36,347,"weekday","beforelunch","unknown","unknown","restaurant",1,0,0,"midday"
47,384,37,347,"weekday","beforelunch","shopping","warm","grocery",0,0,0,"midday"
47,388,41,347,"weekday","breakfast","travelling","freezing","restaurant",0,0,0,"morning"
47,391,44,347,"weekday","afternoon","unknown","freezing","restaurant",0,0,0,"midday"
47,392,45,347,"weekday","beforelunch","travelling","cold","restaurant",1,0,0,"midday"
47,400,53,347,"weekend","beforelunch","travelling","warm","restaurant",1,0,0,"midday"
47,401,54,347,"unknown","breakfast","leisure","warm","restaurant",0,0,0,"morning"
47,404,57,347,"weekday","lunch","travelling","unknown","grocery",0,1,0,"midday"
47,405,58,347,"weekday","lunch","unknown","cold","grocery",0,1,0,"midday"
47,409,62,347,"weekday","afternoon","travelling","cold","grocery",1,1,0,"midday"
47,412,65,347,"weekday","afternoon","leisure","cold","grocery",0,1,0,"midday"
47,417,70,347,"weekday","unknown","travelling","unknown","restaurant",0,1,0,"unknown"
47,424,77,347,"weekday","beforelunch","working","cold","grocery",0,1,0,"midday"
47,426,79,347,"weekday","afternoon","travelling","cold","grocery",1,1,0,"midday"
47,431,84,347,"weekday","lunch","travelling","cold","restaurant",0,1,0,"midday"
47,434,87,347,"weekday","unknown","shopping","unknown","grocery",1,1,0,"unknown"
47,435,88,347,"weekday","afternoon","travelling","cold","grocery",0,1,0,"midday"
47,438,91,347,"weekday","lunch","travelling","warm","grocery",1,1,0,"midday"
47,441,94,347,"weekday","lunch","travelling","freezing","grocery",0,1,0,"midday"
47,445,98,347,"weekend","dinner","working","unknown","restaurant",1,1,0,"night"
47,447,100,347,"weekday","night","unknown","freezing","grocery",0,1,0,"night"
47,454,107,347,"weekend","lunch","leisure","cold","grocery",0,1,0,"midday"
47,476,129,347,"weekday","beforelunch","travelling","cold","grocery",0,1,1,"midday"
47,478,131,347,"weekday","afternoon","travelling","cold","grocery",0,1,1,"midday"
47,480,133,347,"weekend","beforelunch","shopping","freezing","grocery",0,1,1,"midday"
47,482,135,347,"weekday","lunch","travelling","hot","restaurant",0,1,1,"midday"
47,492,145,347,"weekday","unknown","working","cold","restaurant",0,1,1,"unknown"
47,500,153,347,"weekend","beforelunch","travelling","freezing","grocery",0,1,1,"midday"
47,502,155,347,"weekday","breakfast","unknown","unknown","restaurant",1,1,1,"morning"
47,509,162,347,"weekday","night","travelling","cold","grocery",1,1,1,"night"
47,510,163,347,"weekend","morning","travelling","freezing","restaurant",0,1,1,"morning"
47,515,168,347,"weekend","afternoon","travelling","unknown","grocery",1,1,1,"midday"
47,519,172,347,"weekday","breakfast","travelling","freezing","restaurant",0,1,1,"morning"
47,523,176,347,"weekday","lunch","travelling","cold","grocery",1,1,1,"midday"
47,524,177,347,"unknown","morning","travelling","freezing","grocery",1,1,1,"morning"
47,527,180,347,"weekend","afternoon","unknown","warm","grocery",0,1,1,"midday"
47,529,182,347,"weekday","lunch","unknown","cold","restaurant",0,1,1,"midday"
47,530,183,347,"weekday","morning","unknown","unknown","grocery",1,1,1,"morning"
48,367,8,359,"weekday","lunch","travelling","cold","restaurant",1,0,0,"midday"
48,387,28,359,"weekday","beforelunch","working","freezing","restaurant",0,0,0,"midday"
48,390,31,359,"weekday","breakfast","travelling","freezing","grocery",0,0,0,"morning"
48,396,37,359,"weekday","afternoon","travelling","unknown","restaurant",0,0,0,"midday"
48,404,45,359,"weekday","morning","travelling","freezing","grocery",0,0,0,"morning"
48,405,46,359,"weekday","beforelunch","working","warm","grocery",0,0,0,"midday"
48,408,49,359,"weekday","night","travelling","unknown","restaurant",1,0,0,"night"
48,411,52,359,"weekday","dinner","leisure","cold","restaurant",0,0,0,"night"
48,414,55,359,"weekend","latenight","travelling","cold","restaurant",0,0,0,"night"
48,415,56,359,"weekday","afternoon","travelling","cold","restaurant",0,0,0,"midday"
48,423,64,359,"weekday","morning","travelling","unknown","restaurant",0,1,0,"morning"
48,431,72,359,"weekday","afternoon","travelling","freezing","restaurant",1,1,0,"midday"
48,434,75,359,"weekend","beforelunch","travelling","warm","restaurant",0,1,0,"midday"
48,440,81,359,"weekday","afternoon","unknown","cold","restaurant",0,1,0,"midday"
48,450,91,359,"weekday","breakfast","travelling","cold","restaurant",0,1,0,"morning"
48,453,94,359,"weekend","afternoon","travelling","freezing","restaurant",1,1,0,"midday"
48,455,96,359,"weekday","beforelunch","travelling","hot","grocery",0,1,0,"midday"
48,456,97,359,"weekday","breakfast","travelling","unknown","grocery",0,1,0,"morning"
48,466,107,359,"weekday","morning","travelling","unknown","restaurant",1,1,0,"morning"
48,472,113,359,"weekend","breakfast","housework","freezing","grocery",0,1,1,"morning"
48,495,136,359,"weekday","afternoon","unknown","freezing","grocery",1,1,1,"midday"
48,498,139,359,"weekday","dinner","unknown","cold","grocery",0,1,1,"night"
48,502,143,359,"weekday","lunch","travelling","cold","grocery",0,1,1,"midday"
48,505,146,359,"weekend","lunch","working","warm","grocery",0,1,1,"midday"
48,519,160,359,"weekday","beforelunch","travelling","unknown","grocery",0,1,1,"midday"
48,520,161,359,"weekday","afternoon","travelling","cold","grocery",0,1,1,"midday"
48,528,169,359,"weekend","afternoon","travelling","unknown","restaurant",0,1,1,"midday"
48,531,172,359,"weekend","beforelunch","travelling","unknown","grocery",0,1,1,"midday"
48,536,177,359,"weekend","afternoon","travelling","cold","grocery",0,1,1,"midday"
49,364,0,364,"weekday","lunch","leisure","hot","grocery",0,0,0,"midday"
49,372,8,364,"weekend","lunch","unknown","unknown","restaurant",1,0,0,"midday"
49,390,26,364,"weekend","afternoon","unknown","unknown","restaurant",0,0,0,"midday"
49,394,30,364,"weekend","beforelunch","travelling","hot","grocery",1,0,0,"midday"
49,395,31,364,"weekday","beforelunch","travelling","freezing","grocery",0,0,0,"midday"
49,397,33,364,"weekday","morning","unknown","freezing","restaurant",0,0,0,"morning"
49,398,34,364,"weekday","afternoon","travelling","cold","restaurant",0,0,0,"midday"
49,403,39,364,"weekday","lunch","travelling","unknown","grocery",0,0,0,"midday"
49,408,44,364,"weekday","morning","unknown","cold","restaurant",0,0,0,"morning"
49,424,60,364,"weekend","beforelunch","travelling","cold","grocery",0,1,0,"midday"
49,429,65,364,"weekday","lunch","travelling","freezing","restaurant",1,1,0,"midday"
49,435,71,364,"weekend","lunch","unknown","cold","grocery",1,1,0,"midday"
49,441,77,364,"weekday","night","working","cold","restaurant",1,1,0,"night"
49,449,85,364,"weekday","beforelunch","travelling","unknown","grocery",0,1,0,"midday"
49,453,89,364,"weekend","breakfast","unknown","cold","grocery",1,1,0,"morning"
49,460,96,364,"weekday","morning","travelling","freezing","grocery",1,1,0,"morning"
49,464,100,364,"weekend","lunch","unknown","unknown","grocery",1,1,0,"midday"
49,466,102,364,"weekend","beforelunch","working","cold","grocery",1,1,0,"midday"
49,469,105,364,"weekday","breakfast","travelling","hot","grocery",0,1,0,"morning"
49,470,106,364,"weekend","dinner","travelling","cold","grocery",1,1,0,"night"
49,476,112,364,"weekday","afternoon","travelling","warm","grocery",0,1,0,"midday"
49,478,114,364,"weekday","afternoon","travelling","warm","restaurant",0,1,1,"midday"
49,481,117,364,"weekday","lunch","unknown","unknown","grocery",0,1,1,"midday"
49,486,122,364,"weekday","afternoon","shopping","freezing","grocery",0,1,1,"midday"
49,492,128,364,"weekend","breakfast","working","unknown","restaurant",1,1,1,"morning"
49,495,131,364,"weekday","unknown","leisure","warm","restaurant",0,1,1,"unknown"
49,508,144,364,"unknown","afternoon","leisure","freezing","restaurant",0,1,1,"midday"
49,511,147,364,"weekday","beforelunch","travelling","freezing","grocery",1,1,1,"midday"
49,516,152,364,"weekend","afternoon","travelling","cold","restaurant",0,1,1,"midday"
49,523,159,364,"weekday","lunch","travelling","warm","restaurant",0,1,1,"midday"
49,526,162,364,"weekend","breakfast","travelling","freezing","restaurant",0,1,1,"morning"
49,539,175,364,"weekday","night","travelling","warm","grocery",1,1,1,"night"
49,544,180,364,"weekend","lunch","working","cold","grocery",0,1,1,"midday"
50,375,5,370,"weekday","breakfast","unknown","cold","restaurant",0,0,0,"morning"
50,377,7,370,"weekday","lunch","unknown","unknown","restaurant",0,0,0,"midday"
50,378,8,370,"weekday","lunch","travelling","cold","restaurant",0,0,0,"midday"
50,380,10,370,"weekend","afternoon","travelling","warm","grocery",1,0,0,"midday"
50,381,11,370,"weekday","afternoon","travelling","warm","restaurant",1,0,0,"midday"
50,382,12,370,"weekday","night","leisure","cold","grocery",1,0,0,"night"
50,383,13,370,"weekday","lunch","travelling","cold","grocery",0,0,0,"midday"
50,384,14,370,"weekday","dinner","travelling","warm","restaurant",0,0,0,"night"
50,385,15,370,"weekday","afternoon","travelling","cold","grocery",1,0,0,"midday"
50,386,16,370,"weekday","lunch","working","freezing","grocery",1,0,0,"midday"
50,387,17,370,"weekend","afternoon","travelling","cold","restaurant",0,0,0,"midday"
50,389,19,370,"weekday","afternoon","travelling","unknown","grocery",0,0,0,"midday"
50,390,20,370,"weekend","breakfast","unknown","freezing","restaurant",0,0,0,"morning"
50,391,21,370,"weekday","breakfast","travelling","freezing","restaurant",0,0,0,"morning"
50,394,24,370,"weekday","breakfast","working","hot","restaurant",1,0,0,"morning"
50,395,25,370,"weekend","lunch","unknown","cold","restaurant",0,0,0,"midday"
50,396,26,370,"weekday","breakfast","leisure","cold","grocery",1,0,0,"morning"
50,399,29,370,"weekday","evening","unknown","unknown","restaurant",0,0,0,"night"
50,401,31,370,"weekday","lunch","morningrituals","unknown","restaurant",1,0,0,"midday"
50,403,33,370,"weekday","beforelunch","travelling","unknown","restaurant",0,0,0,"midday"
50,404,34,370,"weekend","afternoon","travelling","freezing","restaurant",1,0,0,"midday"
50,405,35,370,"weekday","lunch","travelling","unknown","grocery",1,0,0,"midday"
50,407,37,370,"weekend","earlymorning","travelling","freezing","grocery",0,0,0,"morning"
50,408,38,370,"weekday","beforelunch","leisure","cold","grocery",0,0,0,"midday"
50,409,39,370,"weekday","lunch","travelling","freezing","grocery",1,0,0,"midday"
50,411,41,370,"weekend","unknown","travelling","unknown","restaurant",0,0,0,"unknown"
50,414,44,370,"weekday","afternoon","travelling","cold","restaurant",0,0,0,"midday"
50,418,48,370,"weekday","night","leisure","unknown","grocery",0,0,0,"night"
50,419,49,370,"weekday","afternoon","travelling","freezing","grocery",1,0,0,"midday"
50,423,53,370,"weekday","breakfast","travelling","unknown","grocery",1,0,0,"morning"
50,424,54,370,"weekday","afternoon","leisure","hot","grocery",0,0,0,"midday"
50,425,55,370,"weekend","lunch","travelling","freezing","restaurant",0,0,0,"midday"
50,426,56,370,"weekday","beforelunch","unknown","cold","grocery",1,0,0,"midday"
50,427,57,370,"weekday","dinner","travelling","cold","restaurant",1,1,0,"night"
50,432,62,370,"weekday","afternoon","travelling","cold","grocery",0,1,0,"midday"
50,433,63,370,"weekday","beforelunch","travelling","freezing","grocery",0,1,0,"midday"
50,436,66,370,"weekday","lunch","travelling","warm","grocery",0,1,0,"midday"
50,440,70,370,"weekday","beforelunch","travelling","freezing","grocery",0,1,0,"midday"
50,447,77,370,"weekday","breakfast","travelling","freezing","grocery",0,1,0,"morning"
50,451,81,370,"weekday","afternoon","travelling","freezing","restaurant",0,1,0,"midday"
50,455,85,370,"weekday","lunch","travelling","cold","restaurant",1,1,0,"midday"
50,463,93,370,"weekday","breakfast","travelling","cold","grocery",1,1,0,"morning"
50,466,96,370,"weekend","morning","working","warm","restaurant",0,1,0,"morning"
50,470,100,370,"weekday","evening","travelling","cold","restaurant",1,1,0,"night"
50,473,103,370,"weekday","beforelunch","travelling","warm","grocery",1,1,0,"midday"
50,474,104,370,"unknown","afternoon","working","unknown","restaurant",0,1,0,"midday"
50,476,106,370,"weekend","afternoon","unknown","cold","grocery",0,1,0,"midday"
50,477,107,370,"weekday","afternoon","travelling","freezing","restaurant",0,1,0,"midday"
50,480,110,370,"weekend","afternoon","travelling","cold","grocery",0,1,0,"midday"
50,484,114,370,"weekday","night","travelling","hot","grocery",1,1,1,"night"
50,486,116,370,"weekday","lunch","travelling","cold","grocery",0,1,1,"midday"
50,487,117,370,"weekday","morning","travelling","unknown","restaurant",0,1,1,"morning"
50,488,118,370,"weekday","afternoon","travelling","unknown","grocery",0,1,1,"midday"
50,490,120,370,"weekday","beforelunch","travelling","unknown","restaurant",1,1,1,"midday"
50,491,121,370,"weekend","afternoon","travelling","hot","grocery",0,1,1,"midday"
50,492,122,370,"weekend","earlymorning","working","cold","restaurant",0,1,1,"morning"
50,495,125,370,"weekday","breakfast","travelling","hot","restaurant",0,1,1,"morning"
50,499,129,370,"weekday","beforelunch","travelling","cold","grocery",0,1,1,"midday"
50,501,131,370,"weekday","beforelunch","travelling","cold","grocery",0,1,1,"midday"
50,504,134,370,"weekday","lunch","unknown","unknown","restaurant",0,1,1,"midday"
50,506,136,370,"weekday","morning","travelling","hot","grocery",0,1,1,"morning"
50,509,139,370,"weekend","morning","travelling","unknown","restaurant",0,1,1,"morning"
50,510,140,370,"weekend","afternoon","travelling","cold","grocery",0,1,1,"midday"
50,511,141,370,"weekday","beforelunch","travelling","warm","restaurant",1,1,1,"midday"
50,514,144,370,"weekday","afternoon","unknown","unknown","restaurant",1,1,1,"midday"
50,515,145,370,"weekday","lunch","travelling","cold","grocery",0,1,1,"midday"
50,516,146,370,"weekday","dinner","travelling","cold","restaurant",0,1,1,"night"
50,517,147,370,"weekday","beforelunch","working","cold","restaurant",0,1,1,"midday"
50,520,150,370,"weekday","breakfast","travelling","cold","grocery",0,1,1,"morning"
50,521,151,370,"weekend","lunch","leisure","freezing","restaurant",1,1,1,"midday"
50,523,153,370,"weekend","lunch","leisure","cold","restaurant",0,1,1,"midday"
50,524,154,370,"weekday","breakfast","unknown","cold","grocery",0,1,1,"morning"
50,525,155,370,"weekday","lunch","morningrituals","hot","restaurant",0,1,1,"midday"
50,531,161,370,"weekday","afternoon","working","warm","restaurant",0,1,1,"midday"
50,532,162,370,"weekday","unknown","unknown","freezing","restaurant",0,1,1,"unknown"
50,534,164,370,"weekday","beforelunch","travelling","hot","grocery",0,1,1,"midday"
50,535,165,370,"weekend","beforelunch","working","cold","grocery",1,1,1,"midday"
50,540,170,370,"weekday","beforelunch","travelling","unknown","restaurant",0,1,1,"midday"
50,543,173,370,"weekend","breakfast","morningrituals","unknown","grocery",0,1,1,"morning"
50,546,176,370,"weekday","unknown","travelling","cold","grocery",1,1,1,"unknown"
50,547,177,370,"weekend","lunch","unknown","cold","restaurant",1,1,1,"midday"
50,548,178,370,"weekday","beforelunch","travelling","cold","restaurant",0,1,1,"midday"
50,549,179,370,"weekend","afternoon","travelling","freezing","restaurant",0,1,1,"midday"
50,552,182,370,"weekday","earlymorning","travelling","warm","restaurant",0,1,1,"morning"
50,553,183,370,"weekend","beforelunch","travelling","cold","grocery",1,1,1,"midday"
51,380,0,380,"weekday","beforelunch","unknown","warm","grocery",0,0,0,"midday"
51,383,3,380,"weekday","morning","travelling","cold","restaurant",1,0,0,"morning"
51,389,9,380,"weekday","morning","travelling","cold","grocery",1,0,0,"morning"
51,393,13,380,"weekday","lunch","shopping","unknown","restaurant",0,0,0,"midday"
51,401,21,380,"weekday","afternoon","working","freezing","grocery",0,0,0,"midday"
51,405,25,380,"weekend","afternoon","unknown","warm","restaurant",1,0,0,"midday"
51,408,28,380,"weekday","afternoon","travelling","warm","restaurant",1,0,0,"midday"
51,414,34,380,"weekday","breakfast","unknown","unknown","grocery",0,0,0,"morning"
51,417,37,380,"weekday","lunch","unknown","hot","restaurant",0,0,0,"midday"
51,418,38,380,"weekday","lunch","travelling","cold","restaurant",0,0,0,"midday"
51,419,39,380,"weekday","lunch","travelling","cold","restaurant",0,0,0,"midday"
51,423,43,380,"weekday","afternoon","travelling","warm","grocery",0,0,0,"midday"
51,424,44,380,"weekday","afternoon","travelling","hot","restaurant",1,0,0,"midday"
51,425,45,380,"weekday","night","travelling","unknown","restaurant",1,0,0,"night"
51,428,48,380,"weekday","evening","unknown","unknown","grocery",0,0,0,"night"
51,429,49,380,"weekend","lunch","unknown","freezing","restaurant",0,0,0,"midday"
51,431,51,380,"weekday","afternoon","travelling","warm","restaurant",0,0,0,"midday"
51,435,55,380,"weekend","afternoon","travelling","hot","grocery",0,0,0,"midday"
51,438,58,380,"weekend","morning","working","cold","grocery",0,1,0,"morning"
51,439,59,380,"weekday","morning","leisure","cold","grocery",0,1,0,"morning"
51,440,60,380,"weekday","dinner","travelling","freezing","restaurant",0,1,0,"night"
51,443,63,380,"weekday","breakfast","travelling","unknown","restaurant",0,1,0,"morning"
51,445,65,380,"weekday","breakfast","travelling","unknown","restaurant",1,1,0,"morning"
51,447,67,380,"weekday","night","working","warm","restaurant",0,1,0,"night"
51,451,71,380,"weekday","dinner","unknown","unknown","restaurant",0,1,0,"night"
51,453,73,380,"weekend","afternoon","unknown","hot","grocery",0,1,0,"midday"
51,454,74,380,"weekday","afternoon","travelling","unknown","restaurant",1,1,0,"midday"
51,459,79,380,"weekday","breakfast","travelling","freezing","restaurant",1,1,0,"morning"
51,462,82,380,"weekday","lunch","travelling","unknown","restaurant",0,1,0,"midday"
51,464,84,380,"weekday","beforelunch","working","cold","grocery",0,1,0,"midday"
51,471,91,380,"weekday","breakfast","leisure","freezing","restaurant",0,1,0,"morning"
51,473,93,380,"weekday","afternoon","leisure","warm","grocery",1,1,0,"midday"
51,487,107,380,"weekday","afternoon","shopping","unknown","restaurant",0,1,0,"midday"
51,488,108,380,"weekday","lunch","travelling","hot","restaurant",0,1,0,"midday"
51,489,109,380,"weekend","dinner","unknown","cold","restaurant",0,1,0,"night"
51,490,110,380,"weekday","morning","travelling","cold","restaurant",1,1,0,"morning"
51,497,117,380,"weekday","afternoon","travelling","unknown","restaurant",0,1,1,"midday"
51,501,121,380,"weekday","beforelunch","travelling","cold","grocery",0,1,1,"midday"
51,502,122,380,"weekday","afternoon","unknown","warm","restaurant",0,1,1,"midday"
51,503,123,380,"weekday","breakfast","leisure","unknown","grocery",1,1,1,"morning"
51,504,124,380,"unknown","afternoon","travelling","warm","grocery",1,1,1,"midday"
51,509,129,380,"weekday","lunch","travelling","warm","restaurant",0,1,1,"midday"
51,511,131,380,"weekday","morning","travelling","cold","restaurant",1,1,1,"morning"
51,512,132,380,"weekday","afternoon","travelling","cold","restaurant",0,1,1,"midday"
51,514,134,380,"weekday","morning","travelling","warm","restaurant",0,1,1,"morning"
51,515,135,380,"weekday","morning","working","warm","grocery",0,1,1,"morning"
51,519,139,380,"weekend","beforelunch","travelling","hot","grocery",0,1,1,"midday"
51,520,140,380,"weekend","dinner","unknown","warm","restaurant",0,1,1,"night"
51,521,141,380,"weekday","lunch","shopping","unknown","restaurant",0,1,1,"midday"
51,526,146,380,"weekend","afternoon","leisure","freezing","restaurant",0,1,1,"midday"
51,529,149,380,"weekday","beforelunch","travelling","freezing","restaurant",0,1,1,"midday"
51,531,151,380,"weekday","afternoon","travelling","freezing","grocery",1,1,1,"midday"
51,533,153,380,"weekday","morning","travelling","cold","grocery",0,1,1,"morning"
51,536,156,380,"weekday","morning","travelling","unknown","grocery",0,1,1,"morning"
51,550,170,380,"weekend","afternoon","working","freezing","grocery",0,1,1,"midday"
51,553,173,380,"weekday","morning","travelling","freezing","restaurant",1,1,1,"morning"
51,555,175,380,"weekend","afternoon","unknown","cold","restaurant",0,1,1,"midday"
51,558,178,380,"weekday","beforelunch","travelling","warm","grocery",0,1,1,"midday"
51,560,180,380,"weekday","morning","leisure","warm","grocery",0,1,1,"morning"
51,561,181,380,"weekend","lunch","travelling","unknown","grocery",0,1,1,"midday"
52,389,1,388,"weekend","beforelunch","unknown","hot","restaurant",0,0,0,"midday"
52,390,2,388,"weekday","lunch","travelling","cold","grocery",0,0,0,"midday"
52,391,3,388,"weekend","dinner","travelling","freezing","restaurant",0,0,0,"night"
52,392,4,388,"weekend","breakfast","travelling","freezing","grocery",0,0,0,"morning"
52,394,6,388,"weekend","unknown","shopping","hot","grocery",0,0,0,"unknown"
52,395,7,388,"weekday","afternoon","shopping","hot","restaurant",1,0,0,"midday"
52,397,9,388,"weekday","morning","shopping","hot","grocery",0,0,0,"morning"
52,398,10,388,"weekday","afternoon","morningrituals","unknown","restaurant",0,0,0,"midday"
52,399,11,388,"weekday","beforelunch","unknown","unknown","grocery",1,0,0,"midday"
52,402,14,388,"weekend","morning","shopping","cold","grocery",1,0,0,"morning"
52,404,16,388,"weekend","lunch","travelling","cold","restaurant",0,0,0,"midday"
52,408,20,388,"weekday","beforelunch","travelling","hot","restaurant",0,0,0,"midday"
52,409,21,388,"weekday","earlymorning","unknown","hot","grocery",1,0,0,"morning"
52,410,22,388,"weekday","afternoon","leisure","freezing","restaurant",1,0,0,"midday"
52,412,24,388,"weekday","lunch","unknown","hot","restaurant",0,0,0,"midday"
52,413,25,388,"weekday","afternoon","unknown","warm","grocery",0,0,0,"midday"
52,414,26,388,"weekend","lunch","travelling","cold","restaurant",0,0,0,"midday"
52,418,30,388,"weekday","afternoon","unknown","warm","grocery",0,0,0,"midday"
52,419,31,388,"weekday","beforelunch","travelling","freezing","restaurant",0,0,0,"midday"
52,420,32,388,"weekend","beforelunch","travelling","cold","restaurant",0,0,0,"midday"
52,422,34,388,"weekday","beforelunch","travelling","unknown","restaurant",1,0,0,"midday"
52,424,36,388,"weekday","dinner","travelling","unknown","grocery",0,0,0,"night"
52,426,38,388,"weekend","afternoon","travelling","unknown","restaurant",1,0,0,"midday"
52,427,39,388,"weekend","dinner","working","cold","restaurant",1,0,0,"night"
52,428,40,388,"weekday","unknown","travelling","warm","restaurant",0,0,0,"unknown"
52,430,42,388,"weekday","afternoon","travelling","cold","grocery",1,0,0,"midday"
52,431,43,388,"weekend","afternoon","travelling","unknown","restaurant",0,0,0,"midday"
52,432,44,388,"weekday","lunch","working","unknown","grocery",0,0,0,"midday"
52,437,49,388,"weekday","beforelunch","travelling","cold","restaurant",0,0,0,"midday"
52,438,50,388,"weekday","beforelunch","travelling","cold","grocery",0,0,0,"midday"
52,439,51,388,"weekday","beforelunch","working","unknown","grocery",0,0,0,"midday"
52,441,53,388,"weekday","beforelunch","unknown","freezing","grocery",0,0,0,"midday"
52,443,55,388,"weekday","beforelunch","travelling","hot","grocery",1,0,0,"midday"
52,444,56,388,"weekday","afternoon","travelling","hot","restaurant",0,0,0,"midday"
52,445,57,388,"weekday","dinner","morningrituals","unknown","grocery",1,1,0,"night"
52,447,59,388,"weekday","lunch","travelling","warm","restaurant",0,1,0,"midday"
52,452,64,388,"weekend","lunch","leisure","freezing","grocery",1,1,0,"midday"
52,455,67,388,"weekday","afternoon","travelling","hot","grocery",1,1,0,"midday"
52,459,71,388,"weekday","afternoon","unknown","warm","restaurant",0,1,0,"midday"
52,461,73,388,"weekday","lunch","travelling","freezing","grocery",0,1,0,"midday"
52,462,74,388,"weekend","breakfast","travelling","freezing","grocery",1,1,0,"morning"
52,464,76,388,"weekday","lunch","travelling","unknown","grocery",0,1,0,"midday"
52,466,78,388,"weekday","lunch","leisure","warm","grocery",1,1,0,"midday"
52,469,81,388,"weekday","afternoon","travelling","cold","grocery",0,1,0,"midday"
52,471,83,388,"weekday","breakfast","travelling","freezing","grocery",0,1,0,"morning"
52,473,85,388,"weekday","dinner","travelling","cold","grocery",0,1,0,"night"
52,476,88,388,"weekday","afternoon","unknown","freezing","grocery",0,1,0,"midday"
52,478,90,388,"weekday","breakfast","travelling","hot","restaurant",0,1,0,"morning"
52,479,91,388,"weekday","lunch","travelling","hot","restaurant",0,1,0,"midday"
52,481,93,388,"weekend","afternoon","unknown","freezing","grocery",0,1,0,"midday"
52,482,94,388,"weekend","earlymorning","shopping","unknown","restaurant",0,1,0,"morning"
52,483,95,388,"weekday","lunch","travelling","cold","grocery",0,1,0,"midday"
52,485,97,388,"weekday","lunch","shopping","warm","restaurant",1,1,0,"midday"
52,486,98,388,"weekend","afternoon","travelling","cold","restaurant",0,1,0,"midday"
52,492,104,388,"weekday","dinner","travelling","hot","grocery",0,1,0,"night"
52,494,106,388,"unknown","beforelunch","travelling","freezing","grocery",0,1,0,"midday"
52,497,109,388,"weekday","lunch","working","freezing","grocery",0,1,0,"midday"
52,498,110,388,"weekday","evening","travelling","freezing","restaurant",0,1,0,"night"
52,499,111,388,"weekend","lunch","unknown","freezing","grocery",1,1,0,"midday"
52,500,112,388,"weekday","lunch","travelling","freezing","restaurant",0,1,0,"midday"
52,502,114,388,"weekday","lunch","travelling","freezing","grocery",0,1,1,"midday"
52,505,117,388,"weekday","lunch","shopping","cold","grocery",0,1,1,"midday"
52,506,118,388,"weekday","dinner","leisure","freezing","restaurant",0,1,1,"night"
52,509,121,388,"weekday","lunch","travelling","freezing","restaurant",1,1,1,"midday"
52,511,123,388,"weekday","beforelunch","travelling","unknown","restaurant",0,1,1,"midday"
52,512,124,388,"weekday","afternoon","working","freezing","grocery",0,1,1,"midday"
52,514,126,388,"weekday","beforelunch","travelling","cold","grocery",0,1,1,"midday"
52,516,128,388,"weekday","breakfast","leisure","cold","grocery",0,1,1,"morning"
52,517,129,388,"weekend","beforelunch","travelling","warm","grocery",1,1,1,"midday"
52,518,130,388,"weekday","beforelunch","travelling","cold","restaurant",1,1,1,"midday"
52,519,131,388,"weekday","breakfast","unknown","hot","grocery",1,1,1,"morning"
52,521,133,388,"weekday","beforelunch","travelling","freezing","restaurant",0,1,1,"midday"
52,522,134,388,"weekday","breakfast","travelling","freezing","restaurant",0,1,1,"morning"
52,524,136,388,"weekday","lunch","travelling","cold","restaurant",1,1,1,"midday"
52,525,137,388,"weekend","evening","morningrituals","freezing","grocery",1,1,1,"night"
52,526,138,388,"weekday","lunch","travelling","unknown","restaurant",1,1,1,"midday"
52,528,140,388,"weekday","afternoon","travelling","unknown","grocery",0,1,1,"midday"
52,531,143,388,"weekend","night","travelling","hot","grocery",0,1,1,"night"
52,532,144,388,"weekday","lunch","travelling","freezing","restaurant",0,1,1,"midday"
52,533,145,388,"weekday","lunch","travelling","unknown","restaurant",0,1,1,"midday"
52,534,146,388,"weekday","morning","travelling","hot","grocery",0,1,1,"morning"
52,535,147,388,"weekday","afternoon","leisure","warm","restaurant",0,1,1,"midday"
52,538,150,388,"weekend","dinner","working","warm","grocery",0,1,1,"night"
52,540,152,388,"weekday","afternoon","unknown","hot","restaurant",0,1,1,"midday"
52,542,154,388,"weekday","afternoon","travelling","unknown","restaurant",0,1,1,"midday"
52,543,155,388,"weekday","dinner","working","hot","grocery",0,1,1,"night"
52,545,157,388,"weekend","afternoon","travelling","cold","grocery",1,1,1,"midday"
52,546,158,388,"weekday","lunch","travelling","freezing","grocery",0,1,1,"midday"
52,548,160,388,"weekday","afternoon","travelling","unknown","restaurant",0,1,1,"midday"
52,549,161,388,"weekday","breakfast","travelling","freezing","grocery",1,1,1,"morning"
52,550,162,388,"weekend","beforelunch","travelling","cold","grocery",1,1,1,"midday"
52,551,163,388,"weekday","breakfast","travelling","hot","grocery",1,1,1,"morning"
52,553,165,388,"weekday","afternoon","housework","unknown","grocery",0,1,1,"midday"
52,556,168,388,"weekday","afternoon","working","cold","grocery",1,1,1,"midday"
52,558,170,388,"weekday","earlymorning","travelling","cold","restaurant",0,1,1,"morning"
52,561,173,388,"weekday","beforelunch","unknown","freezing","restaurant",0,1,1,"midday"
52,564,176,388,"weekday","breakfast","leisure","freezing","restaurant",1,1,1,"morning"
52,567,179,388,"weekday","beforelunch","leisure","freezing","grocery",0,1,1,"midday"
52,569,181,388,"weekend","afternoon","shopping","cold","grocery",0,1,1,"midday"
53,391,0,391,"weekend","beforelunch","unknown","cold","grocery",0,0,0,"midday"
53,392,1,391,"weekday","afternoon","travelling","unknown","grocery",1,0,0,"midday"
53,394,3,391,"weekday","breakfast","unknown","unknown","restaurant",0,0,0,"morning"
53,399,8,391,"weekday","dinner","unknown","cold","restaurant",0,0,0,"night"
53,400,9,391,"weekday","afternoon","morningrituals","unknown","grocery",1,0,0,"midday"
53,401,10,391,"weekday","morning","travelling","warm","grocery",0,0,0,"morning"
53,403,12,391,"weekday","lunch","travelling","hot","restaurant",0,0,0,"midday"
53,405,14,391,"weekday","afternoon","travelling","unknown","restaurant",0,0,0,"midday"
53,408,17,391,"weekday","breakfast","travelling","warm","restaurant",0,0,0,"morning"
53,410,19,391,"weekday","afternoon","leisure","warm","grocery",1,0,0,"midday"
53,412,21,391,"weekend","unknown","travelling","unknown","grocery",0,0,0,"unknown"
53,415,24,391,"weekday","beforelunch","travelling","cold","grocery",0,0,0,"midday"
53,416,25,391,"weekday","breakfast","travelling","cold","restaurant",0,0,0,"morning"
53,417,26,391,"weekday","breakfast","travelling","cold","restaurant",0,0,0,"morning"
53,419,28,391,"weekday","afternoon","unknown","hot","grocery",0,0,0,"midday"
53,420,29,391,"weekday","evening","travelling","cold","grocery",0,0,0,"night"
53,422,31,391,"weekend","afternoon","travelling","cold","grocery",0,0,0,"midday"
53,423,32,391,"weekday","beforelunch","travelling","cold","grocery",0,0,0,"midday"
53,427,36,391,"weekday","beforelunch","unknown","hot","grocery",0,0,0,"midday"
53,428,37,391,"weekend","evening","shopping","cold","restaurant",1,0,0,"night"
53,430,39,391,"weekend","lunch","working","freezing","restaurant",1,0,0,"midday"
53,432,41,391,"weekend","morning","travelling","freezing","grocery",0,0,0,"morning"
53,433,42,391,"weekday","afternoon","travelling","cold","restaurant",0,0,0,"midday"
53,440,49,391,"weekday","unknown","travelling","cold","restaurant",0,0,0,"unknown"
53,441,50,391,"weekend","lunch","travelling","warm","grocery",1,0,0,"midday"
53,443,52,391,"weekday","breakfast","travelling","cold","restaurant",0,0,0,"morning"
53,444,53,391,"weekday","lunch","travelling","warm","restaurant",0,0,0,"midday"
53,446,55,391,"weekday","afternoon","travelling","freezing","grocery",1,0,0,"midday"
53,448,57,391,"weekday","breakfast","travelling","warm","restaurant",0,1,0,"morning"
53,449,58,391,"weekday","lunch","travelling","cold","grocery",0,1,0,"midday"
53,450,59,391,"weekday","beforelunch","travelling","unknown","grocery",1,1,0,"midday"
53,452,61,391,"unknown","lunch","travelling","cold","grocery",0,1,0,"midday"
53,455,64,391,"weekday","morning","housework","warm","grocery",0,1,0,"morning"
53,456,65,391,"weekday","afternoon","travelling","freezing","restaurant",0,1,0,"midday"
53,458,67,391,"weekend","afternoon","travelling","hot","restaurant",0,1,0,"midday"
53,459,68,391,"weekday","lunch","travelling","warm","grocery",1,1,0,"midday"
53,462,71,391,"weekend","morning","travelling","cold","restaurant",0,1,0,"morning"
53,463,72,391,"weekday","beforelunch","shopping","hot","restaurant",0,1,0,"midday"
53,464,73,391,"weekday","unknown","working","unknown","restaurant",1,1,0,"unknown"
53,466,75,391,"weekend","afternoon","travelling","cold","restaurant",1,1,0,"midday"
53,467,76,391,"weekday","lunch","travelling","freezing","restaurant",1,1,0,"midday"
53,469,78,391,"weekday","earlymorning","travelling","hot","restaurant",0,1,0,"morning"
53,470,79,391,"weekday","lunch","travelling","cold","grocery",0,1,0,"midday"
53,474,83,391,"weekend","beforelunch","unknown","unknown","grocery",1,1,0,"midday"
53,477,86,391,"weekday","afternoon","leisure","cold","grocery",1,1,0,"midday"
53,479,88,391,"weekday","beforelunch","unknown","unknown","grocery",0,1,0,"midday"
53,480,89,391,"weekday","afternoon","travelling","warm","restaurant",0,1,0,"midday"
53,481,90,391,"weekday","breakfast","unknown","freezing","restaurant",1,1,0,"morning"
53,482,91,391,"weekend","afternoon","travelling","freezing","grocery",0,1,0,"midday"
53,484,93,391,"weekend","beforelunch","travelling","freezing","grocery",1,1,0,"midday"
53,486,95,391,"weekend","lunch","unknown","freezing","grocery",0,1,0,"midday"
53,490,99,391,"weekday","afternoon","travelling","unknown","grocery",1,1,0,"midday"
53,492,101,391,"weekday","afternoon","unknown","cold","restaurant",1,1,0,"midday"
53,493,102,391,"weekday","lunch","travelling","cold","grocery",0,1,0,"midday"
53,494,103,391,"weekend","beforelunch","working","unknown","restaurant",0,1,0,"midday"
53,495,104,391,"weekday","beforelunch","travelling","freezing","grocery",0,1,0,"midday"
53,496,105,391,"weekday","night","travelling","cold","restaurant",0,1,0,"night"
53,497,106,391,"weekday","lunch","shopping","unknown","grocery",0,1,0,"midday"
53,499,108,391,"weekday","morning","travelling","cold","restaurant",0,1,0,"morning"
53,500,109,391,"weekday","afternoon","working","cold","restaurant",1,1,0,"midday"
53,504,113,391,"weekend","beforelunch","unknown","unknown","restaurant",0,1,1,"midday"
53,506,115,391,"weekend","lunch","travelling","unknown","restaurant",0,1,1,"midday"
53,508,117,391,"weekend","lunch","travelling","freezing","restaurant",1,1,1,"midday"
53,512,121,391,"weekday","lunch","morningrituals","warm","grocery",0,1,1,"midday"
53,513,122,391,"weekday","beforelunch","travelling","hot","restaurant",0,1,1,"midday"
53,514,123,391,"weekend","beforelunch","travelling","freezing","restaurant",1,1,1,"midday"
53,515,124,391,"weekday","morning","travelling","unknown","restaurant",1,1,1,"morning"
53,517,126,391,"weekday","lunch","unknown","cold","grocery",0,1,1,"midday"
53,519,128,391,"weekday","beforelunch","working","unknown","grocery",1,1,1,"midday"
53,521,130,391,"weekday","lunch","unknown","unknown","grocery",0,1,1,"midday"
53,522,131,391,"weekday","lunch","travelling","freezing","grocery",1,1,1,"midday"
53,523,132,391,"weekday","lunch","travelling","cold","grocery",1,1,1,"midday"
53,524,133,391,"weekday","breakfast","travelling","cold","restaurant",0,1,1,"morning"
53,526,135,391,"weekday","beforelunch","travelling","freezing","restaurant",0,1,1,"midday"
53,528,137,391,"weekday","unknown","travelling","cold","restaurant",1,1,1,"unknown"
53,530,139,391,"weekday","afternoon","unknown","unknown","restaurant",0,1,1,"midday"
53,532,141,391,"weekday","lunch","travelling","freezing","grocery",0,1,1,"midday"
53,534,143,391,"weekday","breakfast","unknown","cold","restaurant",0,1,1,"morning"
53,537,146,391,"weekday","afternoon","working","cold","grocery",0,1,1,"midday"
53,542,151,391,"weekday","evening","travelling","cold","restaurant",0,1,1,"night"
53,543,152,391,"weekday","morning","travelling","unknown","grocery",0,1,1,"morning"
53,545,154,391,"weekday","dinner","travelling","hot","grocery",1,1,1,"night"
53,548,157,391,"weekday","lunch","travelling","unknown","restaurant",0,1,1,"midday"
53,549,158,391,"weekday","afternoon","travelling","warm","restaurant",0,1,1,"midday"
53,551,160,391,"weekday","morning","travelling","cold","grocery",0,1,1,"morning"
53,555,164,391,"weekend","beforelunch","unknown","cold","grocery",1,1,1,"midday"
53,557,166,391,"weekday","lunch","working","cold","restaurant",0,1,1,"midday"
53,559,168,391,"weekend","morning","travelling","cold","grocery",1,1,1,"morning"
53,563,172,391,"weekday","breakfast","leisure","hot","grocery",0,1,1,"morning"
53,564,173,391,"weekday","breakfast","shopping","cold","restaurant",1,1,1,"morning"
53,567,176,391,"weekday","morning","working","freezing","grocery",0,1,1,"morning"
53,568,177,391,"weekday","lunch","unknown","unknown","grocery",0,1,1,"midday"
53,569,178,391,"weekday","breakfast","leisure","warm","grocery",0,1,1,"morning"
53,570,179,391,"weekend","unknown","travelling","unknown","restaurant",1,1,1,"unknown"
53,572,181,391,"weekday","beforelunch","travelling","unknown","restaurant",1,1,1,"midday"
53,573,182,391,"weekday","breakfast","travelling","unknown","restaurant",0,1,1,"morning"
54,394,0,394,"weekday","afternoon","shopping","cold","restaurant",0,0,0,"midday"
54,395,1,394,"weekday","evening","travelling","cold","grocery",1,0,0,"night"
54,396,2,394,"weekend","beforelunch","unknown","unknown","grocery",0,0,0,"midday"
54,397,3,394,"weekday","lunch","unknown","cold","grocery",0,0,0,"midday"
54,398,4,394,"weekday","afternoon","unknown","cold","grocery",1,0,0,"midday"
54,399,5,394,"weekday","afternoon","travelling","cold","grocery",0,0,0,"midday"
54,401,7,394,"weekday","evening","travelling","cold","restaurant",0,0,0,"night"
54,402,8,394,"weekday","afternoon","working","freezing","grocery",0,0,0,"midday"
54,403,9,394,"weekday","afternoon","travelling","cold","restaurant",0,0,0,"midday"
54,404,10,394,"weekday","lunch","leisure","warm","grocery",0,0,0,"midday"
54,405,11,394,"weekday","afternoon","unknown","freezing","grocery",0,0,0,"midday"
54,406,12,394,"weekday","beforelunch","unknown","cold","restaurant",0,0,0,"midday"
54,407,13,394,"weekday","afternoon","travelling","cold","restaurant",0,0,0,"midday"
54,408,14,394,"weekday","breakfast","travelling","warm","restaurant",1,0,0,"morning"
54,409,15,394,"weekday","afternoon","travelling","freezing","restaurant",1,0,0,"midday"
54,410,16,394,"weekday","morning","travelling","freezing","grocery",1,0,0,"morning"
54,411,17,394,"weekend","morning","unknown","cold","grocery",0,0,0,"morning"
54,412,18,394,"weekday","lunch","travelling","freezing","restaurant",0,0,0,"midday"
54,413,19,394,"weekday","afternoon","travelling","cold","grocery",1,0,0,"midday"
54,416,22,394,"weekday","dinner","travelling","unknown","restaurant",1,0,0,"night"
54,417,23,394,"weekend","lunch","travelling","cold","grocery",1,0,0,"midday"
54,418,24,394,"weekday","afternoon","unknown","cold","restaurant",1,0,0,"midday"
54,419,25,394,"weekend","lunch","travelling","warm","restaurant",0,0,0,"midday"
54,420,26,394,"weekday","afternoon","unknown","cold","grocery",1,0,0,"midday"
54,422,28,394,"weekday","breakfast","unknown","hot","grocery",0,0,0,"morning"
54,423,29,394,"weekday","beforelunch","unknown","freezing","restaurant",0,0,0,"midday"
54,425,31,394,"weekend","lunch","travelling","unknown","restaurant",0,0,0,"midday"
54,426,32,394,"weekday","beforelunch","unknown","unknown","restaurant",0,0,0,"midday"
54,427,33,394,"weekday","beforelunch","travelling","freezing","grocery",0,0,0,"midday"
54,431,37,394,"weekday","lunch","unknown","warm","restaurant",0,0,0,"midday"
54,432,38,394,"weekday","beforelunch","travelling","warm","grocery",0,0,0,"midday"
54,434,40,394,"weekday","beforelunch","travelling","cold","grocery",0,0,0,"midday"
54,435,41,394,"weekend","beforelunch","morningrituals","cold","grocery",0,0,0,"midday"
54,437,43,394,"weekday","earlymorning","working","unknown","grocery",0,0,0,"morning"
54,439,45,394,"weekday","afternoon","travelling","freezing","restaurant",0,0,0,"midday"
54,440,46,394,"weekday","beforelunch","leisure","cold","grocery",1,0,0,"midday"
54,441,47,394,"weekend","morning","travelling","cold","grocery",0,0,0,"morning"
54,442,48,394,"weekday","dinner","travelling","cold","restaurant",1,0,0,"night"
54,444,50,394,"weekday","lunch","working","unknown","grocery",0,0,0,"midday"
54,445,51,394,"weekday","beforelunch","travelling","warm","restaurant",1,0,0,"midday"
54,446,52,394,"weekday","lunch","travelling","unknown","grocery",1,0,0,"midday"
54,448,54,394,"weekend","afternoon","travelling","freezing","restaurant",1,0,0,"midday"
54,451,57,394,"weekday","morning","travelling","warm","restaurant",0,1,0,"morning"
54,452,58,394,"weekday","afternoon","morningrituals","freezing","restaurant",1,1,0,"midday"
54,455,61,394,"weekday","afternoon","travelling","freezing","restaurant",0,1,0,"midday"
54,456,62,394,"weekday","afternoon","travelling","cold","restaurant",1,1,0,"midday"
54,457,63,394,"unknown","afternoon","travelling","cold","grocery",1,1,0,"midday"
54,459,65,394,"weekday","afternoon","working","freezing","restaurant",0,1,0,"midday"
54,460,66,394,"weekday","afternoon","workingout","cold","grocery",0,1,0,"midday"
54,461,67,394,"weekday","afternoon","travelling","freezing","restaurant",1,1,0,"midday"
54,462,68,394,"weekday","afternoon","travelling","cold","grocery",0,1,0,"midday"
54,463,69,394,"weekend","lunch","unknown","freezing","restaurant",0,1,0,"midday"
54,464,70,394,"weekend","lunch","travelling","unknown","restaurant",0,1,0,"midday"
54,466,72,394,"weekday","lunch","morningrituals","freezing","grocery",0,1,0,"midday"
54,467,73,394,"weekday","night","travelling","hot","grocery",0,1,0,"night"
54,468,74,394,"weekday","afternoon","travelling","freezing","grocery",0,1,0,"midday"
54,469,75,394,"weekday","afternoon","travelling","unknown","grocery",0,1,0,"midday"
54,470,76,394,"weekday","morning","travelling","warm","grocery",0,1,0,"morning"
54,471,77,394,"weekday","lunch","unknown","freezing","grocery",0,1,0,"midday"
54,472,78,394,"weekend","breakfast","working","cold","restaurant",0,1,0,"morning"
54,473,79,394,"weekday","afternoon","travelling","unknown","grocery",1,1,0,"midday"
54,474,80,394,"weekend","breakfast","unknown","freezing","restaurant",0,1,0,"morning"
54,475,81,394,"weekday","lunch","working","freezing","restaurant",0,1,0,"midday"
54,476,82,394,"weekday","afternoon","working","cold","grocery",1,1,0,"midday"
54,477,83,394,"weekend","afternoon","unknown","freezing","grocery",0,1,0,"midday"
54,478,84,394,"weekday","lunch","shopping","unknown","restaurant",0,1,0,"midday"
54,480,86,394,"weekday","evening","working","cold","restaurant",0,1,0,"night"
54,481,87,394,"weekend","afternoon","travelling","cold","restaurant",0,1,0,"midday"
54,482,88,394,"weekday","breakfast","unknown","warm","grocery",0,1,0,"morning"
54,483,89,394,"weekday","morning","travelling","cold","restaurant",0,1,0,"morning"
54,484,90,394,"weekday","beforelunch","travelling","warm","grocery",1,1,0,"midday"
54,485,91,394,"weekday","afternoon","travelling","unknown","restaurant",0,1,0,"midday"
54,489,95,394,"weekday","lunch","travelling","warm","grocery",0,1,0,"midday"
54,491,97,394,"weekend","breakfast","travelling","hot","grocery",0,1,0,"morning"
54,492,98,394,"weekday","unknown","unknown","unknown","grocery",0,1,0,"unknown"
54,493,99,394,"weekday","beforelunch","travelling","freezing","restaurant",0,1,0,"midday"
54,495,101,394,"weekday","lunch","shopping","unknown","grocery",0,1,0,"midday"
54,496,102,394,"weekday","morning","travelling","cold","restaurant",0,1,0,"morning"
54,497,103,394,"weekday","breakfast","travelling","hot","grocery",0,1,0,"morning"
54,498,104,394,"weekday","beforelunch","travelling","unknown","grocery",0,1,0,"midday"
54,499,105,394,"weekday","beforelunch","working","freezing","restaurant",0,1,0,"midday"
54,500,106,394,"weekday","beforelunch","unknown","cold","restaurant",1,1,0,"midday"
54,501,107,394,"weekday","beforelunch","travelling","unknown","restaurant",0,1,0,"midday"
54,502,108,394,"weekday","lunch","unknown","freezing","grocery",0,1,0,"midday"
54,504,110,394,"weekday","breakfast","travelling","freezing","restaurant",1,1,0,"morning"
54,506,112,394,"weekday","afternoon","unknown","cold","grocery",0,1,0,"midday"
54,507,113,394,"weekday","lunch","morningrituals","unknown","grocery",1,1,1,"midday"
54,509,115,394,"weekday","lunch","travelling","unknown","grocery",0,1,1,"midday"
54,510,116,394,"weekday","night","travelling","freezing","restaurant",1,1,1,"night"
54,511,117,394,"weekday","breakfast","travelling","freezing","restaurant",0,1,1,"morning"
54,515,121,394,"weekend","lunch","morningrituals","freezing","grocery",1,1,1,"midday"
54,516,122,394,"weekday","afternoon","working","hot","restaurant",0,1,1,"midday"
54,518,124,394,"weekday","lunch","unknown","warm","restaurant",0,1,1,"midday"
54,519,125,394,"weekend","breakfast","travelling","unknown","restaurant",0,1,1,"morning"
54,520,126,394,"weekend","afternoon","unknown","warm","restaurant",0,1,1,"midday"
54,521,127,394,"weekday","lunch","unknown","hot","restaurant",0,1,1,"midday"
54,525,131,394,"weekday","dinner","travelling","cold","restaurant",1,1,1,"night"
54,527,133,394,"weekday","lunch","travelling","hot","grocery",1,1,1,"midday"
54,528,134,394,"weekend","lunch","leisure","unknown","restaurant",0,1,1,"midday"
54,529,135,394,"weekday","afternoon","travelling","unknown","grocery",0,1,1,"midday"
54,530,136,394,"weekday","breakfast","shopping","cold","grocery",1,1,1,"morning"
54,531,137,394,"weekday","morning","leisure","cold","restaurant",1,1,1,"morning"
54,532,138,394,"weekday","afternoon","leisure","unknown","grocery",0,1,1,"midday"
54,534,140,394,"weekday","earlymorning","working","unknown","restaurant",0,1,1,"morning"
54,535,141,394,"weekend","lunch","working","unknown","restaurant",0,1,1,"midday"
54,536,142,394,"weekend","afternoon","travelling","unknown","restaurant",1,1,1,"midday"
54,537,143,394,"weekend","dinner","leisure","cold","restaurant",1,1,1,"night"
54,538,144,394,"weekend","afternoon","travelling","cold","restaurant",0,1,1,"midday"
54,539,145,394,"weekend","latenight","travelling","warm","restaurant",0,1,1,"night"
54,540,146,394,"weekday","lunch","unknown","warm","restaurant",0,1,1,"midday"
54,542,148,394,"weekend","afternoon","travelling","unknown","grocery",0,1,1,"midday"
54,543,149,394,"weekday","afternoon","shopping","cold","restaurant",0,1,1,"midday"
54,544,150,394,"weekday","morning","unknown","cold","restaurant",1,1,1,"morning"
54,546,152,394,"weekday","morning","travelling","unknown","grocery",1,1,1,"morning"
54,547,153,394,"weekday","afternoon","travelling","cold","grocery",1,1,1,"midday"
54,549,155,394,"weekday","morning","travelling","warm","restaurant",0,1,1,"morning"
54,550,156,394,"weekday","lunch","travelling","unknown","restaurant",0,1,1,"midday"
54,552,158,394,"weekend","beforelunch","leisure","hot","grocery",0,1,1,"midday"
54,553,159,394,"weekend","afternoon","travelling","unknown","grocery",1,1,1,"midday"
54,555,161,394,"weekend","beforelunch","travelling","warm","grocery",1,1,1,"midday"
54,556,162,394,"weekday","morning","travelling","freezing","restaurant",0,1,1,"morning"
54,557,163,394,"weekday","lunch","travelling","cold","restaurant",0,1,1,"midday"
54,558,164,394,"weekday","afternoon","travelling","cold","restaurant",0,1,1,"midday"
54,560,166,394,"weekend","unknown","travelling","warm","restaurant",1,1,1,"unknown"
54,561,167,394,"weekend","beforelunch","working","freezing","grocery",1,1,1,"midday"
54,562,168,394,"weekend","lunch","travelling","freezing","restaurant",1,1,1,"midday"
54,563,169,394,"weekday","breakfast","travelling","freezing","grocery",0,1,1,"morning"
54,564,170,394,"weekend","lunch","travelling","unknown","grocery",0,1,1,"midday"
54,565,171,394,"weekday","morning","working","freezing","restaurant",0,1,1,"morning"
54,566,172,394,"weekend","beforelunch","shopping","warm","grocery",1,1,1,"midday"
54,567,173,394,"weekday","afternoon","travelling","freezing","restaurant",0,1,1,"midday"
54,568,174,394,"weekday","lunch","travelling","cold","grocery",0,1,1,"midday"
54,569,175,394,"weekend","lunch","travelling","cold","restaurant",0,1,1,"midday"
54,570,176,394,"weekday","lunch","travelling","warm","restaurant",0,1,1,"midday"
54,571,177,394,"weekday","lunch","travelling","warm","restaurant",0,1,1,"midday"
54,573,179,394,"weekday","morning","travelling","cold","restaurant",0,1,1,"morning"
54,575,181,394,"weekday","afternoon","leisure","cold","restaurant",0,1,1,"midday"
54,576,182,394,"weekend","lunch","travelling","freezing","grocery",0,1,1,"midday"
55,412,14,398,"weekday","afternoon","morningrituals","cold","restaurant",1,0,0,"midday"
55,433,35,398,"weekday","afternoon","travelling","cold","restaurant",0,0,0,"midday"
55,434,36,398,"weekend","afternoon","leisure","warm","grocery",0,0,0,"midday"
55,439,41,398,"weekday","afternoon","unknown","warm","restaurant",0,0,0,"midday"
55,440,42,398,"weekend","afternoon","travelling","freezing","restaurant",0,0,0,"midday"
55,444,46,398,"weekday","breakfast","travelling","warm","restaurant",1,0,0,"morning"
55,445,47,398,"weekend","night","travelling","freezing","grocery",0,0,0,"night"
55,447,49,398,"weekday","beforelunch","travelling","warm","grocery",0,0,0,"midday"
55,450,52,398,"weekend","morning","travelling","cold","grocery",0,0,0,"morning"
55,453,55,398,"weekday","beforelunch","travelling","freezing","restaurant",0,0,0,"midday"
55,454,56,398,"weekend","afternoon","travelling","unknown","restaurant",1,0,0,"midday"
55,463,65,398,"weekday","lunch","travelling","unknown","grocery",0,1,0,"midday"
55,469,71,398,"weekend","dinner","travelling","warm","grocery",0,1,0,"night"
55,512,114,398,"weekday","lunch","unknown","cold","grocery",0,1,1,"midday"
55,515,117,398,"weekday","dinner","travelling","warm","grocery",0,1,1,"night"
55,523,125,398,"weekday","afternoon","shopping","cold","grocery",1,1,1,"midday"
55,535,137,398,"weekend","morning","travelling","unknown","restaurant",0,1,1,"morning"
55,536,138,398,"weekday","beforelunch","unknown","warm","grocery",0,1,1,"midday"
55,549,151,398,"weekend","unknown","travelling","freezing","grocery",0,1,1,"unknown"
55,553,155,398,"weekday","breakfast","travelling","cold","grocery",0,1,1,"morning"
55,556,158,398,"weekday","beforelunch","leisure","unknown","restaurant",0,1,1,"midday"
55,564,166,398,"weekday","afternoon","travelling","freezing","restaurant",0,1,1,"midday"
55,572,174,398,"weekday","afternoon","travelling","cold","grocery",0,1,1,"midday"
55,576,178,398,"weekday","lunch","travelling","unknown","grocery",0,1,1,"midday"
56,407,1,406,"weekday","beforelunch","travelling","unknown","grocery",0,0,0,"midday"
56,412,6,406,"weekday","afternoon","travelling","cold","restaurant",1,0,0,"midday"
56,416,10,406,"weekend","afternoon","travelling","unknown","restaurant",0,0,0,"midday"
56,418,12,406,"weekday","beforelunch","travelling","warm","restaurant",0,0,0,"midday"
56,419,13,406,"weekday","afternoon","travelling","cold","grocery",0,0,0,"midday"
56,428,22,406,"weekday","unknown","unknown","freezing","grocery",1,0,0,"unknown"
56,430,24,406,"weekday","morning","unknown","warm","grocery",0,0,0,"morning"
56,431,25,406,"weekend","lunch","travelling","freezing","restaurant",0,0,0,"midday"
56,437,31,406,"weekday","afternoon","travelling","freezing","grocery",1,0,0,"midday"
56,438,32,406,"weekend","afternoon","working","freezing","restaurant",0,0,0,"midday"
56,439,33,406,"weekday","morning","unknown","unknown","restaurant",1,0,0,"morning"
56,442,36,406,"weekday","breakfast","leisure","hot","restaurant",0,0,0,"morning"
56,444,38,406,"weekday","beforelunch","travelling","freezing","grocery",1,0,0,"midday"
56,452,46,406,"weekday","morning","working","freezing","grocery",0,0,0,"morning"
56,453,47,406,"weekend","afternoon","travelling","cold","restaurant",1,0,0,"midday"
56,461,55,406,"weekday","afternoon","working","unknown","restaurant",0,0,0,"midday"
56,463,57,406,"weekday","beforelunch","travelling","unknown","grocery",0,1,0,"midday"
56,467,61,406,"weekday","afternoon","travelling","unknown","restaurant",0,1,0,"midday"
56,468,62,406,"weekday","lunch","shopping","warm","grocery",1,1,0,"midday"
56,469,63,406,"weekday","afternoon","travelling","cold","grocery",0,1,0,"midday"
56,481,75,406,"weekend","lunch","unknown","freezing","grocery",1,1,0,"midday"
56,486,80,406,"weekday","breakfast","working","cold","grocery",1,1,0,"morning"
56,491,85,406,"weekday","afternoon","unknown","cold","restaurant",0,1,0,"midday"
56,499,93,406,"weekday","lunch","travelling","unknown","grocery",0,1,0,"midday"
56,501,95,406,"weekday","afternoon","travelling","freezing","grocery",0,1,0,"midday"
56,503,97,406,"weekend","afternoon","working","unknown","grocery",0,1,0,"midday"
56,508,102,406,"weekday","lunch","travelling","cold","grocery",1,1,0,"midday"
56,512,106,406,"weekday","afternoon","shopping","cold","grocery",1,1,0,"midday"
56,515,109,406,"weekday","afternoon","morningrituals","freezing","restaurant",1,1,0,"midday"
56,516,110,406,"weekday","lunch","travelling","unknown","restaurant",1,1,0,"midday"
56,517,111,406,"weekend","afternoon","unknown","cold","restaurant",0,1,0,"midday"
56,519,113,406,"weekday","afternoon","unknown","hot","grocery",1,1,1,"midday"
56,534,128,406,"weekday","afternoon","travelling","unknown","restaurant",0,1,1,"midday"
56,554,148,406,"weekend","dinner","leisure","unknown","restaurant",1,1,1,"night"
56,555,149,406,"weekday","beforelunch","unknown","unknown","restaurant",0,1,1,"midday"
56,557,151,406,"weekday","afternoon","travelling","hot","grocery",0,1,1,"midday"
56,560,154,406,"weekday","lunch","shopping","freezing","restaurant",1,1,1,"midday"
56,566,160,406,"weekday","breakfast","working","cold","grocery",0,1,1,"morning"
56,569,163,406,"weekend","afternoon","leisure","cold","grocery",1,1,1,"midday"
56,574,168,406,"weekday","beforelunch","travelling","cold","grocery",1,1,1,"midday"
56,580,174,406,"weekend","earlymorning","unknown","freezing","restaurant",1,1,1,"morning"
56,587,181,406,"weekend","beforelunch","travelling","unknown","grocery",0,1,1,"midday"
57,416,5,411,"weekday","afternoon","travelling","unknown","restaurant",0,0,0,"midday"
57,427,16,411,"weekday","afternoon","travelling","unknown","restaurant",1,0,0,"midday"
57,433,22,411,"weekday","beforelunch","travelling","warm","grocery",0,0,0,"midday"
57,434,23,411,"weekday","lunch","unknown","unknown","grocery",1,0,0,"midday"
57,440,29,411,"weekend","morning","travelling","unknown","grocery",0,0,0,"morning"
57,441,30,411,"weekday","beforelunch","travelling","freezing","restaurant",0,0,0,"midday"
57,445,34,411,"weekend","beforelunch","travelling","freezing","grocery",0,0,0,"midday"
57,451,40,411,"weekday","beforelunch","travelling","unknown","restaurant",1,0,0,"midday"
57,461,50,411,"weekday","afternoon","travelling","warm","grocery",0,0,0,"midday"
57,463,52,411,"weekday","breakfast","travelling","cold","restaurant",0,0,0,"morning"
57,480,69,411,"weekday","afternoon","unknown","cold","restaurant",0,1,0,"midday"
57,499,88,411,"weekday","beforelunch","travelling","unknown","grocery",0,1,0,"midday"
57,503,92,411,"weekend","breakfast","travelling","warm","grocery",1,1,0,"morning"
57,521,110,411,"weekday","lunch","unknown","cold","restaurant",0,1,0,"midday"
57,524,113,411,"weekend","beforelunch","leisure","warm","restaurant",0,1,1,"midday"
57,529,118,411,"weekday","afternoon","travelling","cold","grocery",0,1,1,"midday"
57,530,119,411,"weekend","lunch","travelling","hot","restaurant",1,1,1,"midday"
57,532,121,411,"weekday","afternoon","travelling","freezing","restaurant",1,1,1,"midday"
57,545,134,411,"weekday","morning","working","cold","grocery",1,1,1,"morning"
57,559,148,411,"weekend","beforelunch","travelling","freezing","grocery",1,1,1,"midday"
57,568,157,411,"weekday","breakfast","travelling","cold","restaurant",1,1,1,"morning"
57,570,159,411,"weekday","morning","leisure","freezing","grocery",0,1,1,"morning"
57,572,161,411,"weekday","beforelunch","leisure","freezing","restaurant",0,1,1,"midday"
57,576,165,411,"weekday","afternoon","travelling","cold","grocery",0,1,1,"midday"
57,585,174,411,"weekday","afternoon","leisure","hot","grocery",1,1,1,"midday"
57,590,179,411,"weekday","afternoon","working","cold","grocery",0,1,1,"midday"
58,415,0,415,"weekday","afternoon","travelling","freezing","grocery",0,0,0,"midday"
58,417,2,415,"weekday","breakfast","travelling","freezing","restaurant",0,0,0,"morning"
58,418,3,415,"weekend","latenight","leisure","cold","grocery",1,0,0,"night"
58,419,4,415,"weekday","beforelunch","travelling","cold","restaurant",0,0,0,"midday"
58,420,5,415,"weekday","beforelunch","travelling","hot","grocery",1,0,0,"midday"
58,422,7,415,"weekend","breakfast","travelling","freezing","restaurant",1,0,0,"morning"
58,427,12,415,"weekday","night","travelling","warm","restaurant",1,0,0,"night"
58,428,13,415,"unknown","breakfast","travelling","cold","restaurant",0,0,0,"morning"
58,430,15,415,"weekday","lunch","travelling","cold","grocery",0,0,0,"midday"
58,431,16,415,"weekday","lunch","unknown","cold","grocery",0,0,0,"midday"
58,433,18,415,"weekday","afternoon","working","unknown","restaurant",0,0,0,"midday"
58,436,21,415,"unknown","beforelunch","unknown","cold","grocery",0,0,0,"midday"
58,437,22,415,"weekday","beforelunch","unknown","warm","grocery",0,0,0,"midday"
58,439,24,415,"weekday","lunch","leisure","freezing","grocery",0,0,0,"midday"
58,441,26,415,"weekday","afternoon","travelling","freezing","restaurant",1,0,0,"midday"
58,442,27,415,"weekday","afternoon","shopping","hot","restaurant",0,0,0,"midday"
58,443,28,415,"weekday","lunch","travelling","freezing","restaurant",0,0,0,"midday"
58,445,30,415,"weekend","afternoon","travelling","warm","grocery",0,0,0,"midday"
58,446,31,415,"weekday","lunch","travelling","unknown","restaurant",0,0,0,"midday"
58,447,32,415,"weekday","lunch","travelling","hot","restaurant",1,0,0,"midday"
58,448,33,415,"weekday","lunch","leisure","warm","grocery",0,0,0,"midday"
58,449,34,415,"weekend","afternoon","travelling","cold","restaurant",0,0,0,"midday"
58,455,40,415,"weekday","morning","travelling","hot","restaurant",1,0,0,"morning"
58,457,42,415,"weekend","breakfast","travelling","warm","grocery",0,0,0,"morning"
58,458,43,415,"weekday","lunch","travelling","unknown","restaurant",0,0,0,"midday"
58,459,44,415,"weekend","beforelunch","travelling","unknown","grocery",0,0,0,"midday"
58,460,45,415,"weekend","afternoon","working","cold","restaurant",0,0,0,"midday"
58,462,47,415,"weekend","beforelunch","working","cold","restaurant",0,0,0,"midday"
58,463,48,415,"weekend","afternoon","travelling","cold","grocery",1,0,0,"midday"
58,470,55,415,"weekday","unknown","unknown","unknown","grocery",1,0,0,"unknown"
58,471,56,415,"weekday","lunch","leisure","hot","restaurant",1,0,0,"midday"
58,472,57,415,"weekend","beforelunch","travelling","warm","restaurant",0,1,0,"midday"
58,473,58,415,"weekend","afternoon","travelling","warm","grocery",1,1,0,"midday"
58,474,59,415,"weekend","earlymorning","shopping","warm","grocery",0,1,0,"morning"
58,475,60,415,"weekday","dinner","travelling","warm","grocery",0,1,0,"night"
58,478,63,415,"weekend","lunch","travelling","cold","restaurant",0,1,0,"midday"
58,479,64,415,"weekday","breakfast","unknown","warm","grocery",0,1,0,"morning"
58,481,66,415,"weekday","afternoon","leisure","cold","restaurant",0,1,0,"midday"
58,484,69,415,"weekday","afternoon","travelling","cold","restaurant",0,1,0,"midday"
58,485,70,415,"weekday","lunch","working","freezing","grocery",1,1,0,"midday"
58,490,75,415,"weekend","lunch","travelling","freezing","restaurant",0,1,0,"midday"
58,492,77,415,"weekday","breakfast","working","hot","restaurant",0,1,0,"morning"
58,496,81,415,"weekend","lunch","leisure","warm","grocery",0,1,0,"midday"
58,497,82,415,"weekday","morning","travelling","unknown","grocery",0,1,0,"morning"
58,499,84,415,"weekend","beforelunch","travelling","freezing","restaurant",1,1,0,"midday"
58,505,90,415,"weekday","afternoon","working","unknown","grocery",0,1,0,"midday"
58,506,91,415,"weekday","afternoon","unknown","freezing","restaurant",1,1,0,"midday"
58,511,96,415,"weekday","beforelunch","working","unknown","grocery",0,1,0,"midday"
58,512,97,415,"weekday","lunch","shopping","cold","grocery",1,1,0,"midday"
58,513,98,415,"weekend","earlymorning","unknown","hot","grocery",0,1,0,"morning"
58,515,100,415,"weekend","afternoon","travelling","freezing","grocery",1,1,0,"midday"
58,516,101,415,"weekday","lunch","unknown","unknown","grocery",0,1,0,"midday"
58,518,103,415,"weekday","beforelunch","travelling","cold","grocery",0,1,0,"midday"
58,520,105,415,"weekday","lunch","shopping","cold","grocery",0,1,0,"midday"
58,524,109,415,"weekday","afternoon","travelling","unknown","restaurant",1,1,0,"midday"
58,526,111,415,"weekend","afternoon","travelling","unknown","grocery",1,1,0,"midday"
58,527,112,415,"weekday","afternoon","travelling","warm","grocery",1,1,0,"midday"
58,535,120,415,"weekday","breakfast","travelling","unknown","restaurant",0,1,1,"morning"
58,537,122,415,"weekend","beforelunch","unknown","freezing","grocery",0,1,1,"midday"
58,539,124,415,"weekday","beforelunch","morningrituals","hot","restaurant",0,1,1,"midday"
58,544,129,415,"weekend","lunch","travelling","cold","grocery",0,1,1,"midday"
58,546,131,415,"weekend","beforelunch","travelling","cold","restaurant",0,1,1,"midday"
58,551,136,415,"weekend","lunch","travelling","warm","grocery",0,1,1,"midday"
58,553,138,415,"weekday","breakfast","unknown","unknown","restaurant",1,1,1,"morning"
58,554,139,415,"weekday","breakfast","travelling","cold","restaurant",0,1,1,"morning"
58,555,140,415,"weekend","afternoon","travelling","cold","grocery",0,1,1,"midday"
58,558,143,415,"weekday","beforelunch","morningrituals","cold","grocery",1,1,1,"midday"
58,560,145,415,"weekday","lunch","working","cold","restaurant",0,1,1,"midday"
58,562,147,415,"weekend","lunch","working","cold","grocery",0,1,1,"midday"
58,563,148,415,"weekday","beforelunch","travelling","cold","grocery",0,1,1,"midday"
58,564,149,415,"weekday","beforelunch","travelling","unknown","restaurant",0,1,1,"midday"
58,565,150,415,"weekday","morning","leisure","warm","restaurant",0,1,1,"morning"
58,568,153,415,"weekday","morning","travelling","cold","restaurant",0,1,1,"morning"
58,570,155,415,"weekday","beforelunch","travelling","unknown","grocery",0,1,1,"midday"
58,571,156,415,"weekday","afternoon","travelling","unknown","grocery",0,1,1,"midday"
58,572,157,415,"weekday","morning","travelling","cold","restaurant",1,1,1,"morning"
58,577,162,415,"weekend","beforelunch","leisure","freezing","restaurant",0,1,1,"midday"
58,580,165,415,"weekday","lunch","shopping","cold","restaurant",1,1,1,"midday"
58,583,168,415,"weekend","breakfast","travelling","freezing","restaurant",0,1,1,"morning"
58,584,169,415,"weekday","lunch","travelling","unknown","grocery",0,1,1,"midday"
58,587,172,415,"weekday","afternoon","unknown","hot","grocery",0,1,1,"midday"
58,589,174,415,"weekday","afternoon","travelling","freezing","grocery",1,1,1,"midday"
58,590,175,415,"weekday","earlymorning","travelling","unknown","grocery",0,1,1,"morning"
58,594,179,415,"weekday","lunch","unknown","unknown","restaurant",0,1,1,"midday"
58,596,181,415,"weekday","afternoon","travelling","freezing","grocery",0,1,1,"midday"
59,424,3,421,"weekday","beforelunch","travelling","cold","restaurant",0,0,0,"midday"
59,426,5,421,"weekday","morning","travelling","hot","grocery",0,0,0,"morning"
59,432,11,421,"weekday","morning","travelling","hot","restaurant",0,0,0,"morning"
59,434,13,421,"weekday","morning","travelling","cold","grocery",0,0,0,"morning"
59,436,15,421,"weekend","dinner","unknown","hot","grocery",0,0,0,"night"
59,439,18,421,"weekday","afternoon","travelling","cold","grocery",0,0,0,"midday"
59,440,19,421,"weekday","lunch","travelling","freezing","restaurant",0,0,0,"midday"
59,442,21,421,"weekend","afternoon","leisure","cold","grocery",0,0,0,"midday"
59,444,23,421,"weekday","afternoon","travelling","cold","grocery",0,0,0,"midday"
59,446,25,421,"weekday","afternoon","working","hot","grocery",1,0,0,"midday"
59,447,26,421,"weekend","lunch","travelling","cold","restaurant",0,0,0,"midday"
59,448,27,421,"weekday","beforelunch","travelling","warm","restaurant",1,0,0,"midday"
59,449,28,421,"weekday","afternoon","travelling","warm","grocery",0,0,0,"midday"
59,450,29,421,"weekend","dinner","housework","freezing","restaurant",0,0,0,"night"
59,456,35,421,"weekend","lunch","leisure","unknown","restaurant",0,0,0,"midday"
59,457,36,421,"weekday","afternoon","travelling","cold","grocery",0,0,0,"midday"
59,458,37,421,"weekday","afternoon","leisure","unknown","restaurant",0,0,0,"midday"
59,459,38,421,"weekday","beforelunch","travelling","unknown","restaurant",0,0,0,"midday"
59,463,42,421,"weekday","beforelunch","unknown","cold","grocery",0,0,0,"midday"
59,465,44,421,"weekday","lunch","travelling","unknown","grocery",0,0,0,"midday"
59,468,47,421,"weekend","lunch","travelling","freezing","grocery",0,0,0,"midday"
59,473,52,421,"weekday","earlymorning","unknown","unknown","grocery",0,0,0,"morning"
59,475,54,421,"unknown","afternoon","working","warm","grocery",1,0,0,"midday"
59,477,56,421,"weekday","morning","leisure","freezing","restaurant",0,0,0,"morning"
59,478,57,421,"weekday","afternoon","travelling","freezing","grocery",1,1,0,"midday"
59,481,60,421,"weekday","morning","working","cold","grocery",1,1,0,"morning"
59,482,61,421,"weekday","breakfast","unknown","warm","restaurant",0,1,0,"morning"
59,484,63,421,"weekday","afternoon","unknown","cold","grocery",0,1,0,"midday"
59,488,67,421,"weekday","lunch","travelling","freezing","restaurant",0,1,0,"midday"
59,490,69,421,"weekend","lunch","travelling","warm","grocery",1,1,0,"midday"
59,491,70,421,"weekend","beforelunch","travelling","unknown","grocery",0,1,0,"midday"
59,494,73,421,"weekday","lunch","travelling","cold","grocery",1,1,0,"midday"
59,495,74,421,"unknown","beforelunch","working","cold","grocery",1,1,0,"midday"
59,496,75,421,"weekday","afternoon","travelling","unknown","restaurant",0,1,0,"midday"
59,509,88,421,"weekday","beforelunch","travelling","unknown","grocery",0,1,0,"midday"
59,512,91,421,"weekend","lunch","morningrituals","unknown","grocery",0,1,0,"midday"
59,515,94,421,"weekday","morning","travelling","freezing","grocery",1,1,0,"morning"
59,517,96,421,"weekday","beforelunch","travelling","unknown","restaurant",0,1,0,"midday"
59,518,97,421,"weekend","night","travelling","cold","restaurant",1,1,0,"night"
59,520,99,421,"weekday","afternoon","unknown","warm","restaurant",1,1,0,"midday"
59,521,100,421,"weekday","breakfast","travelling","freezing","grocery",1,1,0,"morning"
59,522,101,421,"weekday","lunch","travelling","unknown","grocery",1,1,0,"midday"
59,524,103,421,"weekend","lunch","unknown","warm","grocery",0,1,0,"midday"
59,525,104,421,"weekday","lunch","travelling","cold","restaurant",1,1,0,"midday"
59,527,106,421,"weekend","afternoon","travelling","warm","restaurant",0,1,0,"midday"
59,528,107,421,"weekday","breakfast","travelling","cold","grocery",0,1,0,"morning"
59,532,111,421,"weekday","morning","travelling","unknown","grocery",0,1,0,"morning"
59,533,112,421,"weekday","night","travelling","freezing","restaurant",0,1,0,"night"
59,535,114,421,"weekday","afternoon","leisure","freezing","restaurant",0,1,1,"midday"
59,538,117,421,"weekday","afternoon","unknown","freezing","grocery",1,1,1,"midday"
59,540,119,421,"weekday","lunch","shopping","cold","grocery",0,1,1,"midday"
59,544,123,421,"weekday","night","working","unknown","grocery",0,1,1,"night"
59,546,125,421,"weekday","beforelunch","travelling","unknown","restaurant",1,1,1,"midday"
59,549,128,421,"weekend","breakfast","working","freezing","grocery",0,1,1,"morning"
59,555,134,421,"weekend","lunch","working","cold","grocery",0,1,1,"midday"
59,557,136,421,"weekday","lunch","unknown","cold","restaurant",0,1,1,"midday"
59,562,141,421,"weekday","breakfast","morningrituals","freezing","grocery",0,1,1,"morning"
59,565,144,421,"weekday","beforelunch","travelling","unknown","restaurant",0,1,1,"midday"
59,566,145,421,"weekday","lunch","unknown","unknown","restaurant",1,1,1,"midday"
59,568,147,421,"weekend","morning","leisure","cold","grocery",0,1,1,"morning"
59,570,149,421,"weekday","afternoon","unknown","freezing","restaurant",1,1,1,"midday"
59,579,158,421,"weekday","beforelunch","working","freezing","restaurant",0,1,1,"midday"
59,580,159,421,"weekday","afternoon","working","cold","restaurant",1,1,1,"midday"
59,582,161,421,"weekday","beforelunch","travelling","freezing","restaurant",0,1,1,"midday"
59,585,164,421,"weekday","beforelunch","travelling","unknown","restaurant",0,1,1,"midday"
59,587,166,421,"weekday","lunch","travelling","hot","restaurant",1,1,1,"midday"
59,588,167,421,"weekday","afternoon","travelling","unknown","restaurant",0,1,1,"midday"
59,590,169,421,"weekday","night","shopping","warm","grocery",0,1,1,"night"
59,591,170,421,"weekday","morning","shopping","freezing","grocery",0,1,1,"morning"
59,592,171,421,"weekday","afternoon","unknown","unknown","grocery",0,1,1,"midday"
59,598,177,421,"weekday","lunch","housework","warm","restaurant",0,1,1,"midday"
59,599,178,421,"weekday","afternoon","leisure","freezing","restaurant",0,1,1,"midday"
59,603,182,421,"weekday","afternoon","travelling","unknown","grocery",1,1,1,"midday"
60,425,0,425,"weekday","evening","travelling","cold","restaurant",0,0,0,"night"
60,426,1,425,"weekday","afternoon","travelling","unknown","grocery",0,0,0,"midday"
60,428,3,425,"weekday","lunch","unknown","cold","grocery",0,0,0,"midday"
60,432,7,425,"weekday","afternoon","unknown","cold","grocery",0,0,0,"midday"
60,433,8,425,"weekend","lunch","shopping","unknown","grocery",0,0,0,"midday"
60,435,10,425,"weekend","breakfast","travelling","warm","restaurant",0,0,0,"morning"
60,439,14,425,"weekday","afternoon","unknown","unknown","grocery",0,0,0,"midday"
60,442,17,425,"weekday","afternoon","unknown","warm","grocery",0,0,0,"midday"
60,443,18,425,"weekday","lunch","leisure","warm","grocery",0,0,0,"midday"
60,445,20,425,"weekday","afternoon","travelling","cold","restaurant",0,0,0,"midday"
60,451,26,425,"weekday","afternoon","shopping","cold","grocery",1,0,0,"midday"
60,456,31,425,"unknown","evening","unknown","freezing","grocery",0,0,0,"night"
60,458,33,425,"weekend","lunch","leisure","hot","grocery",1,0,0,"midday"
60,461,36,425,"weekday","morning","working","freezing","grocery",0,0,0,"morning"
60,463,38,425,"weekend","afternoon","travelling","cold","restaurant",0,0,0,"midday"
60,465,40,425,"weekday","beforelunch","shopping","freezing","restaurant",0,0,0,"midday"
60,468,43,425,"weekend","beforelunch","shopping","cold","grocery",0,0,0,"midday"
60,470,45,425,"weekday","afternoon","travelling","unknown","grocery",1,0,0,"midday"
60,474,49,425,"weekday","afternoon","shopping","cold","restaurant",0,0,0,"midday"
60,478,53,425,"weekday","lunch","travelling","hot","grocery",0,0,0,"midday"
60,481,56,425,"weekday","breakfast","travelling","cold","restaurant",1,0,0,"morning"
60,485,60,425,"weekday","lunch","unknown","cold","grocery",0,1,0,"midday"
60,493,68,425,"weekday","lunch","travelling","freezing","grocery",0,1,0,"midday"
60,501,76,425,"weekday","afternoon","morningrituals","cold","restaurant",1,1,0,"midday"
60,511,86,425,"weekend","lunch","working","cold","grocery",0,1,0,"midday"
60,514,89,425,"weekend","night","travelling","freezing","restaurant",1,1,0,"night"
60,515,90,425,"weekday","beforelunch","travelling","warm","grocery",0,1,0,"midday"
60,518,93,425,"weekday","afternoon","travelling","cold","restaurant",1,1,0,"midday"
60,528,103,425,"weekday","afternoon","unknown","cold","grocery",0,1,0,"midday"
60,531,106,425,"weekday","afternoon","travelling","freezing","grocery",0,1,0,"midday"
60,535,110,425,"weekday","afternoon","travelling","warm","grocery",0,1,0,"midday"
60,555,130,425,"weekday","afternoon","leisure","warm","restaurant",0,1,1,"midday"
60,563,138,425,"weekday","breakfast","travelling","cold","grocery",0,1,1,"morning"
60,565,140,425,"weekday","morning","travelling","cold","restaurant",1,1,1,"morning"
60,567,142,425,"weekday","night","working","cold","restaurant",0,1,1,"night"
60,569,144,425,"weekday","beforelunch","travelling","unknown","restaurant",0,1,1,"midday"
60,572,147,425,"weekend","beforelunch","travelling","cold","grocery",0,1,1,"midday"
60,582,157,425,"weekday","beforelunch","working","unknown","restaurant",1,1,1,"midday"
60,584,159,425,"weekday","beforelunch","leisure","freezing","grocery",0,1,1,"midday"
60,586,161,425,"weekend","breakfast","leisure","cold","grocery",0,1,1,"morning"
60,587,162,425,"weekday","beforelunch","leisure","unknown","grocery",1,1,1,"midday"
60,602,177,425,"weekday","beforelunch","travelling","cold","restaurant",1,1,1,"midday"
60,603,178,425,"weekday","night","leisure","freezing","restaurant",0,1,1,"night"
60,607,182,425,"weekday","afternoon","shopping","cold","grocery",0,1,1,"midday"
60,608,183,425,"weekday","breakfast","travelling","freezing","restaurant",0,1,1,"morning"
61,435,5,430,"weekday","earlymorning","travelling","hot","grocery",0,0,0,"morning"
61,436,6,430,"weekday","afternoon","unknown","unknown","restaurant",1,0,0,"midday"
61,455,25,430,"weekday","lunch","shopping","unknown","grocery",0,0,0,"midday"
61,458,28,430,"weekday","lunch","unknown","unknown","restaurant",0,0,0,"midday"
61,460,30,430,"weekday","breakfast","working","unknown","grocery",0,0,0,"morning"
61,463,33,430,"weekday","unknown","travelling","cold","restaurant",0,0,0,"unknown"
61,464,34,430,"weekend","morning","leisure","cold","restaurant",1,0,0,"morning"
61,467,37,430,"weekday","lunch","leisure","freezing","grocery",0,0,0,"midday"
61,468,38,430,"weekday","lunch","travelling","cold","grocery",0,0,0,"midday"
61,481,51,430,"weekday","morning","travelling","warm","grocery",0,0,0,"morning"
61,482,52,430,"weekday","evening","travelling","cold","grocery",0,0,0,"night"
61,487,57,430,"weekday","beforelunch","travelling","cold","restaurant",1,1,0,"midday"
61,490,60,430,"weekday","beforelunch","travelling","unknown","grocery",0,1,0,"midday"
61,514,84,430,"weekend","afternoon","travelling","unknown","grocery",0,1,0,"midday"
61,520,90,430,"weekday","beforelunch","travelling","cold","grocery",0,1,0,"midday"
61,528,98,430,"weekend","lunch","travelling","cold","restaurant",0,1,0,"midday"
61,540,110,430,"weekend","afternoon","travelling","freezing","grocery",0,1,0,"midday"
61,542,112,430,"weekday","beforelunch","shopping","freezing","grocery",0,1,0,"midday"
61,557,127,430,"weekday","afternoon","shopping","cold","restaurant",1,1,1,"midday"
61,562,132,430,"weekend","lunch","travelling","warm","grocery",1,1,1,"midday"
61,564,134,430,"weekday","lunch","travelling","unknown","grocery",0,1,1,"midday"
61,569,139,430,"weekend","afternoon","travelling","warm","grocery",0,1,1,"midday"
61,573,143,430,"weekend","night","unknown","unknown","grocery",0,1,1,"night"
61,574,144,430,"weekday","lunch","working","unknown","grocery",0,1,1,"midday"
61,581,151,430,"weekend","lunch","unknown","cold","grocery",1,1,1,"midday"
61,582,152,430,"weekday","lunch","working","cold","restaurant",0,1,1,"midday"
61,591,161,430,"weekday","afternoon","shopping","unknown","grocery",0,1,1,"midday"
61,596,166,430,"weekday","afternoon","unknown","warm","grocery",1,1,1,"midday"
61,611,181,430,"weekday","night","working","freezing","restaurant",1,1,1,"night"
62,438,0,438,"weekday","afternoon","travelling","cold","restaurant",1,0,0,"midday"
62,439,1,438,"weekday","afternoon","travelling","cold","restaurant",0,0,0,"midday"
62,455,17,438,"weekday","lunch","unknown","cold","restaurant",1,0,0,"midday"
62,460,22,438,"weekend","morning","morningrituals","unknown","restaurant",1,0,0,"morning"
62,465,27,438,"weekday","dinner","shopping","unknown","grocery",0,0,0,"night"
62,466,28,438,"weekday","lunch","travelling","cold","restaurant",0,0,0,"midday"
62,470,32,438,"weekend","beforelunch","travelling","unknown","grocery",0,0,0,"midday"
62,475,37,438,"weekday","dinner","shopping","warm","restaurant",1,0,0,"night"
62,476,38,438,"weekday","lunch","working","cold","restaurant",0,0,0,"midday"
62,482,44,438,"weekend","lunch","leisure","freezing","grocery",0,0,0,"midday"
62,484,46,438,"weekday","evening","travelling","unknown","restaurant",1,0,0,"night"
62,487,49,438,"weekday","afternoon","unknown","unknown","restaurant",0,0,0,"midday"
62,491,53,438,"weekday","afternoon","travelling","cold","grocery",0,0,0,"midday"
62,492,54,438,"weekday","breakfast","travelling","warm","restaurant",0,0,0,"morning"
62,493,55,438,"weekday","afternoon","morningrituals","cold","grocery",0,0,0,"midday"
62,494,56,438,"weekday","afternoon","travelling","unknown","restaurant",0,0,0,"midday"
62,501,63,438,"weekday","afternoon","travelling","warm","grocery",1,1,0,"midday"
62,503,65,438,"weekday","lunch","travelling","cold","restaurant",0,1,0,"midday"
62,504,66,438,"weekday","breakfast","shopping","cold","restaurant",0,1,0,"morning"
62,505,67,438,"weekday","lunch","travelling","cold","restaurant",0,1,0,"midday"
62,514,76,438,"weekday","lunch","travelling","freezing","restaurant",1,1,0,"midday"
62,518,80,438,"weekday","beforelunch","travelling","unknown","grocery",1,1,0,"midday"
62,521,83,438,"weekend","lunch","travelling","cold","restaurant",0,1,0,"midday"
62,522,84,438,"weekday","morning","travelling","unknown","restaurant",0,1,0,"morning"
62,524,86,438,"weekend","lunch","travelling","cold","grocery",1,1,0,"midday"
62,525,87,438,"weekend","morning","travelling","cold","restaurant",1,1,0,"morning"
62,535,97,438,"weekend","morning","travelling","warm","restaurant",1,1,0,"morning"
62,536,98,438,"weekend","afternoon","travelling","unknown","grocery",0,1,0,"midday"
62,537,99,438,"weekend","breakfast","working","unknown","grocery",0,1,0,"morning"
62,538,100,438,"unknown","lunch","travelling","freezing","grocery",1,1,0,"midday"
62,540,102,438,"weekend","evening","working","freezing","restaurant",0,1,0,"night"
62,543,105,438,"weekday","lunch","unknown","cold","restaurant",0,1,0,"midday"
62,544,106,438,"weekday","lunch","travelling","unknown","restaurant",0,1,0,"midday"
62,545,107,438,"weekday","afternoon","travelling","cold","grocery",0,1,0,"midday"
62,548,110,438,"weekday","afternoon","travelling","warm","restaurant",0,1,0,"midday"
62,563,125,438,"weekday","lunch","working","freezing","grocery",0,1,1,"midday"
62,568,130,438,"weekend","morning","travelling","hot","restaurant",1,1,1,"morning"
62,570,132,438,"weekend","afternoon","travelling","freezing","grocery",1,1,1,"midday"
62,571,133,438,"weekday","beforelunch","travelling","cold","grocery",1,1,1,"midday"
62,573,135,438,"weekday","breakfast","travelling","cold","grocery",1,1,1,"morning"
62,574,136,438,"weekday","afternoon","leisure","freezing","restaurant",1,1,1,"midday"
62,578,140,438,"weekday","afternoon","leisure","hot","restaurant",0,1,1,"midday"
62,591,153,438,"weekday","lunch","working","cold","grocery",0,1,1,"midday"
62,596,158,438,"unknown","afternoon","travelling","warm","restaurant",0,1,1,"midday"
62,601,163,438,"weekend","lunch","travelling","freezing","grocery",1,1,1,"midday"
62,603,165,438,"weekday","lunch","travelling","cold","restaurant",0,1,1,"midday"
62,605,167,438,"weekday","beforelunch","travelling","unknown","restaurant",0,1,1,"midday"
62,606,168,438,"weekday","afternoon","unknown","unknown","grocery",0,1,1,"midday"
62,608,170,438,"weekday","morning","travelling","cold","restaurant",0,1,1,"morning"
62,611,173,438,"weekday","earlymorning","travelling","freezing","restaurant",1,1,1,"morning"
62,612,174,438,"weekday","beforelunch","working","cold","restaurant",0,1,1,"midday"
62,620,182,438,"weekend","lunch","travelling","freezing","restaurant",0,1,1,"midday"
63,451,2,449,"weekday","lunch","travelling","cold","restaurant",0,0,0,"midday"
63,458,9,449,"weekday","lunch","travelling","warm","grocery",0,0,0,"midday"
63,459,10,449,"weekday","afternoon","unknown","cold","restaurant",1,0,0,"midday"
63,460,11,449,"weekday","beforelunch","travelling","hot","restaurant",0,0,0,"midday"
63,462,13,449,"weekend","beforelunch","travelling","hot","grocery",0,0,0,"midday"
63,463,14,449,"weekday","afternoon","leisure","cold","restaurant",0,0,0,"midday"
63,466,17,449,"unknown","morning","leisure","cold","grocery",1,0,0,"morning"
63,484,35,449,"weekday","lunch","travelling","unknown","restaurant",0,0,0,"midday"
63,485,36,449,"weekday","afternoon","unknown","hot","restaurant",0,0,0,"midday"
63,488,39,449,"weekday","beforelunch","travelling","hot","grocery",1,0,0,"midday"
63,498,49,449,"weekday","afternoon","unknown","unknown","grocery",1,0,0,"midday"
63,500,51,449,"weekday","afternoon","leisure","cold","restaurant",0,0,0,"midday"
63,504,55,449,"weekday","lunch","travelling","freezing","restaurant",0,0,0,"midday"
63,507,58,449,"weekday","afternoon","unknown","cold","restaurant",0,1,0,"midday"
63,508,59,449,"weekday","lunch","unknown","cold","restaurant",0,1,0,"midday"
63,511,62,449,"weekday","lunch","travelling","cold","grocery",0,1,0,"midday"
63,519,70,449,"weekend","lunch","travelling","warm","restaurant",0,1,0,"midday"
63,522,73,449,"weekday","afternoon","working","unknown","grocery",0,1,0,"midday"
63,532,83,449,"weekday","beforelunch","working","warm","grocery",1,1,0,"midday"
63,534,85,449,"weekday","morning","travelling","freezing","restaurant",0,1,0,"morning"
63,535,86,449,"weekday","afternoon","travelling","unknown","grocery",0,1,0,"midday"
63,536,87,449,"weekday","afternoon","housework","unknown","grocery",1,1,0,"midday"
63,542,93,449,"weekend","afternoon","shopping","cold","grocery",1,1,0,"midday"
63,544,95,449,"weekday","afternoon","travelling","cold","grocery",0,1,0,"midday"
63,552,103,449,"weekend","earlymorning","travelling","freezing","restaurant",1,1,0,"morning"
63,556,107,449,"weekday","afternoon","travelling","freezing","grocery",0,1,0,"midday"
63,567,118,449,"weekday","beforelunch","travelling","cold","restaurant",0,1,1,"midday"
63,570,121,449,"weekday","lunch","travelling","cold","grocery",0,1,1,"midday"
63,575,126,449,"weekday","beforelunch","unknown","unknown","restaurant",1,1,1,"midday"
63,579,130,449,"weekday","lunch","leisure","hot","restaurant",1,1,1,"midday"
63,583,134,449,"weekday","lunch","unknown","hot","grocery",0,1,1,"midday"
63,588,139,449,"weekend","evening","travelling","unknown","restaurant",0,1,1,"night"
63,596,147,449,"weekend","afternoon","shopping","freezing","grocery",1,1,1,"midday"
63,603,154,449,"weekday","lunch","travelling","hot","restaurant",0,1,1,"midday"
63,609,160,449,"weekday","lunch","shopping","cold","grocery",0,1,1,"midday"
63,616,167,449,"weekday","afternoon","travelling","cold","restaurant",0,1,1,"midday"
63,632,183,449,"weekday","lunch","unknown","unknown","grocery",0,1,1,"midday"
64,463,1,462,"weekend","morning","travelling","freezing","grocery",1,0,0,"morning"
64,469,7,462,"weekday","lunch","leisure","unknown","restaurant",1,0,0,"midday"
64,473,11,462,"weekend","afternoon","leisure","unknown","grocery",1,0,0,"midday"
64,474,12,462,"weekday","lunch","travelling","warm","restaurant",0,0,0,"midday"
64,476,14,462,"weekday","unknown","travelling","freezing","grocery",0,0,0,"unknown"
64,478,16,462,"weekday","dinner","unknown","freezing","restaurant",0,0,0,"night"
64,481,19,462,"unknown","afternoon","travelling","freezing","grocery",0,0,0,"midday"
64,492,30,462,"weekday","lunch","travelling","hot","restaurant",0,0,0,"midday"
64,499,37,462,"weekend","unknown","travelling","hot","grocery",1,0,0,"unknown"
64,502,40,462,"weekday","lunch","travelling","cold","grocery",1,0,0,"midday"
64,505,43,462,"weekday","afternoon","working","warm","restaurant",0,0,0,"midday"
64,508,46,462,"weekend","afternoon","working","unknown","restaurant",0,0,0,"midday"
64,513,51,462,"weekend","afternoon","travelling","freezing","grocery",0,0,0,"midday"
64,515,53,462,"weekend","latenight","travelling","freezing","restaurant",1,0,0,"night"
64,517,55,462,"weekday","lunch","travelling","warm","grocery",0,0,0,"midday"
64,519,57,462,"weekday","afternoon","travelling","warm","restaurant",1,1,0,"midday"
64,522,60,462,"weekend","afternoon","unknown","unknown","restaurant",0,1,0,"midday"
64,523,61,462,"weekday","afternoon","unknown","cold","restaurant",0,1,0,"midday"
64,524,62,462,"weekday","lunch","leisure","cold","grocery",0,1,0,"midday"
64,526,64,462,"weekend","breakfast","travelling","hot","grocery",1,1,0,"morning"
64,536,74,462,"weekday","lunch","travelling","hot","restaurant",0,1,0,"midday"
64,540,78,462,"weekday","breakfast","travelling","warm","grocery",0,1,0,"morning"
64,542,80,462,"weekday","lunch","travelling","cold","restaurant",1,1,0,"midday"
64,543,81,462,"weekday","beforelunch","travelling","unknown","restaurant",0,1,0,"midday"
64,545,83,462,"weekend","afternoon","unknown","unknown","restaurant",0,1,0,"midday"
64,546,84,462,"weekday","afternoon","travelling","warm","restaurant",0,1,0,"midday"
64,547,85,462,"weekday","unknown","travelling","cold","restaurant",1,1,0,"unknown"
64,550,88,462,"weekday","evening","travelling","freezing","restaurant",1,1,0,"night"
64,560,98,462,"weekday","morning","working","hot","restaurant",0,1,0,"morning"
64,562,100,462,"weekday","evening","unknown","cold","grocery",0,1,0,"night"
64,564,102,462,"weekend","lunch","travelling","unknown","grocery",0,1,0,"midday"
64,565,103,462,"weekday","beforelunch","unknown","unknown","restaurant",0,1,0,"midday"
64,575,113,462,"weekday","lunch","travelling","cold","grocery",0,1,1,"midday"
64,578,116,462,"weekday","lunch","travelling","cold","grocery",1,1,1,"midday"
64,581,119,462,"weekend","afternoon","shopping","cold","grocery",1,1,1,"midday"
64,582,120,462,"weekend","afternoon","working","freezing","grocery",0,1,1,"midday"
64,586,124,462,"weekend","morning","travelling","hot","restaurant",0,1,1,"morning"
64,587,125,462,"weekend","afternoon","travelling","freezing","restaurant",1,1,1,"midday"
64,588,126,462,"weekend","afternoon","travelling","freezing","grocery",0,1,1,"midday"
64,595,133,462,"weekday","afternoon","working","cold","restaurant",0,1,1,"midday"
64,599,137,462,"weekday","beforelunch","travelling","warm","grocery",0,1,1,"midday"
64,609,147,462,"weekday","dinner","travelling","cold","grocery",1,1,1,"night"
64,613,151,462,"weekday","lunch","morningrituals","cold","grocery",1,1,1,"midday"
64,616,154,462,"weekday","lunch","shopping","warm","grocery",0,1,1,"midday"
64,617,155,462,"weekday","afternoon","travelling","unknown","restaurant",0,1,1,"midday"
64,618,156,462,"weekend","earlymorning","working","unknown","grocery",1,1,1,"morning"
64,622,160,462,"weekday","morning","shopping","freezing","restaurant",1,1,1,"morning"
64,632,170,462,"weekend","lunch","travelling","hot","restaurant",0,1,1,"midday"
64,635,173,462,"weekday","beforelunch","working","cold","restaurant",0,1,1,"midday"
64,637,175,462,"weekday","lunch","travelling","unknown","grocery",0,1,1,"midday"
64,638,176,462,"weekend","lunch","travelling","warm","grocery",0,1,1,"midday"
64,641,179,462,"weekday","beforelunch","unknown","unknown","restaurant",1,1,1,"midday"
65,474,1,473,"weekday","afternoon","shopping","warm","restaurant",0,0,0,"midday"
65,476,3,473,"weekday","morning","travelling","cold","restaurant",0,0,0,"morning"
65,482,9,473,"weekday","afternoon","leisure","warm","restaurant",0,0,0,"midday"
65,484,11,473,"weekday","beforelunch","travelling","unknown","grocery",0,0,0,"midday"
65,486,13,473,"unknown","lunch","leisure","unknown","restaurant",0,0,0,"midday"
65,489,16,473,"weekday","beforelunch","travelling","warm","restaurant",0,0,0,"midday"
65,492,19,473,"weekday","breakfast","working","cold","restaurant",0,0,0,"morning"
65,509,36,473,"weekend","breakfast","working","cold","restaurant",1,0,0,"morning"
65,514,41,473,"weekend","breakfast","shopping","freezing","grocery",0,0,0,"morning"
65,515,42,473,"weekday","afternoon","travelling","freezing","grocery",0,0,0,"midday"
65,516,43,473,"weekday","breakfast","travelling","unknown","restaurant",0,0,0,"morning"
65,530,57,473,"weekday","beforelunch","travelling","freezing","restaurant",0,1,0,"midday"
65,536,63,473,"weekday","dinner","travelling","hot","restaurant",0,1,0,"night"
65,540,67,473,"weekday","afternoon","travelling","cold","restaurant",1,1,0,"midday"
65,554,81,473,"weekend","morning","leisure","warm","restaurant",1,1,0,"morning"
65,561,88,473,"weekend","morning","travelling","freezing","grocery",0,1,0,"morning"
65,568,95,473,"weekday","lunch","travelling","warm","grocery",1,1,0,"midday"
65,571,98,473,"weekend","lunch","unknown","unknown","grocery",1,1,0,"midday"
65,590,117,473,"weekday","breakfast","travelling","cold","grocery",0,1,1,"morning"
65,595,122,473,"weekday","lunch","travelling","warm","grocery",0,1,1,"midday"
65,601,128,473,"weekend","unknown","travelling","freezing","grocery",0,1,1,"unknown"
65,607,134,473,"weekday","breakfast","unknown","unknown","restaurant",0,1,1,"morning"
65,611,138,473,"weekday","night","unknown","warm","restaurant",0,1,1,"night"
65,616,143,473,"weekend","beforelunch","unknown","warm","restaurant",1,1,1,"midday"
65,617,144,473,"weekday","beforelunch","travelling","unknown","grocery",0,1,1,"midday"
65,626,153,473,"weekday","afternoon","travelling","unknown","grocery",0,1,1,"midday"
65,627,154,473,"weekday","afternoon","travelling","unknown","restaurant",0,1,1,"midday"
65,641,168,473,"weekday","afternoon","travelling","hot","grocery",0,1,1,"midday"
65,654,181,473,"weekday","afternoon","travelling","cold","restaurant",0,1,1,"midday"
66,483,2,481,"weekday","breakfast","travelling","cold","grocery",0,0,0,"morning"
66,485,4,481,"weekday","afternoon","unknown","unknown","grocery",0,0,0,"midday"
66,488,7,481,"weekday","beforelunch","travelling","unknown","grocery",0,0,0,"midday"
66,492,11,481,"weekday","afternoon","travelling","unknown","restaurant",0,0,0,"midday"
66,496,15,481,"weekday","morning","shopping","cold","restaurant",1,0,0,"morning"
66,498,17,481,"weekday","afternoon","unknown","freezing","grocery",1,0,0,"midday"
66,503,22,481,"weekday","beforelunch","travelling","unknown","grocery",0,0,0,"midday"
66,507,26,481,"weekend","evening","travelling","cold","restaurant",1,0,0,"night"
66,511,30,481,"weekday","lunch","working","warm","grocery",0,0,0,"midday"
66,518,37,481,"weekday","afternoon","leisure","cold","restaurant",0,0,0,"midday"
66,519,38,481,"weekday","beforelunch","working","freezing","restaurant",0,0,0,"midday"
66,520,39,481,"weekday","morning","working","freezing","restaurant",0,0,0,"morning"
66,521,40,481,"unknown","beforelunch","leisure","unknown","grocery",1,0,0,"midday"
66,522,41,481,"weekday","afternoon","unknown","freezing","grocery",0,0,0,"midday"
66,523,42,481,"weekday","morning","travelling","warm","grocery",1,0,0,"morning"
66,526,45,481,"weekday","afternoon","travelling","unknown","restaurant",0,0,0,"midday"
66,527,46,481,"weekday","beforelunch","leisure","freezing","grocery",1,0,0,"midday"
66,531,50,481,"weekend","lunch","travelling","cold","restaurant",0,0,0,"midday"
66,535,54,481,"unknown","lunch","shopping","cold","restaurant",0,0,0,"midday"
66,537,56,481,"weekday","beforelunch","travelling","unknown","grocery",0,0,0,"midday"
66,540,59,481,"weekday","beforelunch","working","freezing","grocery",0,1,0,"midday"
66,543,62,481,"weekday","breakfast","travelling","freezing","restaurant",0,1,0,"morning"
66,552,71,481,"weekday","lunch","leisure","freezing","grocery",0,1,0,"midday"
66,560,79,481,"weekday","lunch","travelling","warm","grocery",0,1,0,"midday"
66,577,96,481,"weekday","afternoon","travelling","cold","grocery",0,1,0,"midday"
66,579,98,481,"weekday","afternoon","travelling","cold","restaurant",0,1,0,"midday"
66,583,102,481,"unknown","afternoon","unknown","cold","grocery",1,1,0,"midday"
66,604,123,481,"weekday","morning","leisure","cold","grocery",0,1,1,"morning"
66,616,135,481,"weekday","evening","travelling","cold","grocery",0,1,1,"night"
66,633,152,481,"weekday","beforelunch","travelling","freezing","grocery",1,1,1,"midday"
66,634,153,481,"weekday","dinner","unknown","cold","grocery",0,1,1,"night"
66,636,155,481,"weekday","afternoon","leisure","warm","restaurant",1,1,1,"midday"
66,637,156,481,"weekend","beforelunch","travelling","hot","restaurant",1,1,1,"midday"
66,642,161,481,"weekday","afternoon","leisure","unknown","grocery",0,1,1,"midday"
66,644,163,481,"weekday","latenight","travelling","hot","grocery",1,1,1,"night"
66,646,165,481,"weekend","afternoon","leisure","cold","grocery",0,1,1,"midday"
66,647,166,481,"weekday","dinner","working","cold","grocery",0,1,1,"night"
66,648,167,481,"weekday","breakfast","leisure","freezing","grocery",0,1,1,"morning"
66,651,170,481,"weekday","morning","travelling","cold","grocery",0,1,1,"morning"
66,652,171,481,"unknown","beforelunch","travelling","freezing","restaurant",0,1,1,"midday"
66,654,173,481,"weekday","beforelunch","travelling","freezing","grocery",0,1,1,"midday"
66,655,174,481,"weekday","beforelunch","shopping","cold","grocery",0,1,1,"midday"
66,658,177,481,"unknown","lunch","travelling","freezing","restaurant",1,1,1,"midday"
66,662,181,481,"weekday","lunch","travelling","unknown","restaurant",0,1,1,"midday"
67,485,0,485,"weekday","morning","morningrituals","freezing","grocery",1,0,0,"morning"
67,490,5,485,"weekday","lunch","unknown","freezing","grocery",0,0,0,"midday"
67,496,11,485,"weekday","earlymorning","working","freezing","restaurant",1,0,0,"morning"
67,498,13,485,"weekend","afternoon","travelling","warm","restaurant",0,0,0,"midday"
67,504,19,485,"weekday","afternoon","travelling","cold","grocery",0,0,0,"midday"
67,511,26,485,"weekday","beforelunch","travelling","cold","grocery",0,0,0,"midday"
67,521,36,485,"weekend","afternoon","travelling","unknown","restaurant",1,0,0,"midday"
67,522,37,485,"weekend","afternoon","leisure","freezing","restaurant",1,0,0,"midday"
67,529,44,485,"unknown","afternoon","unknown","warm","restaurant",0,0,0,"midday"
67,536,51,485,"weekday","afternoon","travelling","freezing","restaurant",0,0,0,"midday"
67,538,53,485,"weekday","afternoon","leisure","cold","restaurant",1,0,0,"midday"
67,551,66,485,"weekday","evening","travelling","unknown","restaurant",1,1,0,"night"
67,553,68,485,"weekday","breakfast","unknown","warm","restaurant",1,1,0,"morning"
67,567,82,485,"weekday","lunch","travelling","unknown","restaurant",0,1,0,"midday"
67,574,89,485,"weekend","afternoon","travelling","unknown","grocery",0,1,0,"midday"
67,581,96,485,"weekend","afternoon","travelling","cold","grocery",1,1,0,"midday"
67,610,125,485,"weekday","lunch","unknown","cold","restaurant",0,1,1,"midday"
67,616,131,485,"weekday","afternoon","unknown","cold","restaurant",0,1,1,"midday"
67,617,132,485,"unknown","morning","travelling","cold","restaurant",0,1,1,"morning"
67,624,139,485,"weekday","evening","travelling","hot","grocery",0,1,1,"night"
67,628,143,485,"weekend","lunch","working","hot","grocery",0,1,1,"midday"
67,633,148,485,"weekday","breakfast","unknown","unknown","grocery",0,1,1,"morning"
67,635,150,485,"weekend","afternoon","travelling","freezing","restaurant",0,1,1,"midday"
67,640,155,485,"weekday","evening","working","cold","grocery",0,1,1,"night"
67,643,158,485,"weekday","lunch","travelling","hot","restaurant",0,1,1,"midday"
67,650,165,485,"weekend","beforelunch","working","cold","restaurant",0,1,1,"midday"
67,652,167,485,"weekday","afternoon","travelling","freezing","grocery",0,1,1,"midday"
67,664,179,485,"weekday","beforelunch","travelling","cold","restaurant",0,1,1,"midday"
67,666,181,485,"weekday","lunch","unknown","cold","restaurant",1,1,1,"midday"
68,508,12,496,"weekday","afternoon","travelling","cold","restaurant",0,0,0,"midday"
68,519,23,496,"weekday","afternoon","unknown","cold","grocery",0,0,0,"midday"
68,526,30,496,"weekday","breakfast","travelling","freezing","restaurant",1,0,0,"morning"
68,531,35,496,"weekday","lunch","travelling","cold","restaurant",1,0,0,"midday"
68,532,36,496,"weekday","unknown","working","unknown","grocery",0,0,0,"unknown"
68,552,56,496,"weekend","beforelunch","travelling","warm","grocery",1,0,0,"midday"
68,554,58,496,"weekday","afternoon","morningrituals","freezing","grocery",0,1,0,"midday"
68,558,62,496,"weekday","afternoon","shopping","cold","restaurant",1,1,0,"midday"
68,565,69,496,"unknown","beforelunch","travelling","freezing","restaurant",1,1,0,"midday"
68,572,76,496,"weekday","dinner","travelling","freezing","grocery",0,1,0,"night"
68,585,89,496,"weekend","morning","travelling","freezing","restaurant",0,1,0,"morning"
68,586,90,496,"weekday","lunch","unknown","freezing","grocery",0,1,0,"midday"
68,590,94,496,"weekend","breakfast","travelling","unknown","restaurant",0,1,0,"morning"
68,600,104,496,"weekday","afternoon","shopping","hot","grocery",0,1,0,"midday"
68,603,107,496,"weekday","breakfast","travelling","cold","restaurant",1,1,0,"morning"
68,608,112,496,"weekday","breakfast","travelling","freezing","grocery",0,1,0,"morning"
68,615,119,496,"weekday","beforelunch","travelling","cold","grocery",0,1,1,"midday"
68,618,122,496,"weekend","morning","working","hot","grocery",1,1,1,"morning"
68,621,125,496,"weekday","beforelunch","travelling","cold","restaurant",1,1,1,"midday"
68,629,133,496,"weekday","afternoon","travelling","freezing","restaurant",1,1,1,"midday"
68,630,134,496,"weekday","evening","unknown","warm","restaurant",0,1,1,"night"
68,631,135,496,"unknown","lunch","travelling","unknown","grocery",0,1,1,"midday"
68,632,136,496,"weekday","afternoon","travelling","unknown","restaurant",0,1,1,"midday"
68,634,138,496,"weekday","breakfast","working","cold","grocery",0,1,1,"morning"
68,660,164,496,"weekend","lunch","shopping","warm","restaurant",1,1,1,"midday"
68,661,165,496,"weekend","afternoon","housework","cold","restaurant",0,1,1,"midday"
69,504,0,504,"weekend","afternoon","unknown","unknown","restaurant",0,0,0,"midday"
69,507,3,504,"weekend","lunch","travelling","unknown","grocery",1,0,0,"midday"
69,521,17,504,"weekday","beforelunch","travelling","freezing","restaurant",0,0,0,"midday"
69,524,20,504,"weekday","lunch","travelling","cold","grocery",1,0,0,"midday"
69,526,22,504,"weekday","morning","travelling","unknown","restaurant",0,0,0,"morning"
69,531,27,504,"weekday","beforelunch","travelling","freezing","grocery",0,0,0,"midday"
69,534,30,504,"weekday","night","travelling","warm","restaurant",0,0,0,"night"
69,538,34,504,"weekend","morning","travelling","unknown","grocery",1,0,0,"morning"
69,539,35,504,"weekday","beforelunch","morningrituals","cold","restaurant",0,0,0,"midday"
69,548,44,504,"weekday","lunch","workingout","unknown","restaurant",0,0,0,"midday"
69,553,49,504,"weekday","beforelunch","travelling","cold","restaurant",0,0,0,"midday"
69,555,51,504,"weekday","afternoon","working","cold","grocery",1,0,0,"midday"
69,556,52,504,"weekend","afternoon","travelling","warm","grocery",0,0,0,"midday"
69,560,56,504,"weekday","beforelunch","shopping","freezing","grocery",1,0,0,"midday"
69,561,57,504,"weekend","dinner","unknown","unknown","grocery",0,1,0,"night"
69,563,59,504,"weekday","lunch","shopping","unknown","restaurant",0,1,0,"midday"
69,564,60,504,"weekday","afternoon","travelling","warm","grocery",0,1,0,"midday"
69,566,62,504,"weekday","lunch","travelling","cold","restaurant",1,1,0,"midday"
69,568,64,504,"weekday","lunch","unknown","cold","grocery",0,1,0,"midday"
69,569,65,504,"weekday","lunch","travelling","freezing","grocery",1,1,0,"midday"
69,577,73,504,"weekday","afternoon","unknown","cold","restaurant",0,1,0,"midday"
69,579,75,504,"weekend","breakfast","travelling","warm","grocery",0,1,0,"morning"
69,583,79,504,"weekday","dinner","unknown","cold","grocery",0,1,0,"night"
69,584,80,504,"weekday","breakfast","unknown","warm","grocery",0,1,0,"morning"
69,590,86,504,"weekday","lunch","travelling","freezing","grocery",0,1,0,"midday"
69,596,92,504,"weekday","beforelunch","travelling","freezing","grocery",0,1,0,"midday"
69,601,97,504,"weekday","breakfast","travelling","cold","grocery",1,1,0,"morning"
69,604,100,504,"weekend","afternoon","working","cold","restaurant",0,1,0,"midday"
69,606,102,504,"weekday","lunch","travelling","cold","grocery",1,1,0,"midday"
69,617,113,504,"weekday","lunch","working","cold","grocery",0,1,1,"midday"
69,618,114,504,"weekday","afternoon","travelling","cold","restaurant",1,1,1,"midday"
69,623,119,504,"weekday","afternoon","unknown","freezing","grocery",1,1,1,"midday"
69,624,120,504,"weekday","beforelunch","working","freezing","grocery",0,1,1,"midday"
69,627,123,504,"weekend","breakfast","working","unknown","restaurant",0,1,1,"morning"
69,631,127,504,"weekend","breakfast","travelling","cold","grocery",1,1,1,"morning"
69,633,129,504,"weekday","morning","leisure","unknown","grocery",0,1,1,"morning"
69,659,155,504,"weekday","beforelunch","travelling","freezing","restaurant",1,1,1,"midday"
69,666,162,504,"weekday","lunch","unknown","hot","grocery",0,1,1,"midday"
69,680,176,504,"weekday","afternoon","travelling","cold","grocery",0,1,1,"midday"
69,682,178,504,"weekend","lunch","travelling","unknown","grocery",0,1,1,"midday"
69,684,180,504,"weekend","beforelunch","unknown","freezing","grocery",0,1,1,"midday"
69,687,183,504,"weekday","beforelunch","travelling","unknown","restaurant",0,1,1,"midday"
70,510,3,507,"weekday","lunch","travelling","unknown","restaurant",0,0,0,"midday"
70,514,7,507,"weekday","breakfast","travelling","unknown","restaurant",1,0,0,"morning"
70,515,8,507,"weekday","lunch","travelling","warm","grocery",0,0,0,"midday"
70,521,14,507,"weekday","beforelunch","travelling","cold","restaurant",0,0,0,"midday"
70,522,15,507,"weekday","morning","travelling","cold","restaurant",0,0,0,"morning"
70,525,18,507,"weekday","beforelunch","leisure","freezing","restaurant",0,0,0,"midday"
70,529,22,507,"weekend","morning","travelling","cold","grocery",0,0,0,"morning"
70,530,23,507,"weekend","morning","leisure","cold","grocery",1,0,0,"morning"
70,531,24,507,"weekday","beforelunch","leisure","warm","grocery",0,0,0,"midday"
70,532,25,507,"weekday","afternoon","travelling","unknown","grocery",0,0,0,"midday"
70,533,26,507,"weekday","afternoon","travelling","hot","grocery",0,0,0,"midday"
70,538,31,507,"weekday","afternoon","travelling","warm","restaurant",0,0,0,"midday"
70,542,35,507,"weekday","morning","travelling","hot","restaurant",0,0,0,"morning"
70,543,36,507,"weekend","dinner","travelling","freezing","restaurant",0,0,0,"night"
70,545,38,507,"weekend","night","travelling","warm","grocery",0,0,0,"night"
70,546,39,507,"weekday","afternoon","travelling","warm","grocery",0,0,0,"midday"
70,548,41,507,"weekend","beforelunch","unknown","freezing","grocery",0,0,0,"midday"
70,551,44,507,"weekend","lunch","leisure","warm","grocery",1,0,0,"midday"
70,558,51,507,"weekday","beforelunch","travelling","cold","grocery",0,0,0,"midday"
70,561,54,507,"weekday","beforelunch","travelling","warm","restaurant",0,0,0,"midday"
70,562,55,507,"weekday","beforelunch","travelling","unknown","restaurant",0,0,0,"midday"
70,563,56,507,"weekday","afternoon","leisure","hot","grocery",0,0,0,"midday"
70,564,57,507,"weekday","afternoon","working","cold","restaurant",0,1,0,"midday"
70,567,60,507,"weekend","afternoon","travelling","warm","restaurant",0,1,0,"midday"
70,568,61,507,"weekend","earlymorning","travelling","unknown","grocery",1,1,0,"morning"
70,576,69,507,"weekday","lunch","travelling","hot","grocery",0,1,0,"midday"
70,593,86,507,"weekday","beforelunch","working","unknown","grocery",1,1,0,"midday"
70,595,88,507,"weekday","unknown","working","cold","grocery",1,1,0,"unknown"
70,598,91,507,"weekday","beforelunch","leisure","hot","grocery",0,1,0,"midday"
70,602,95,507,"weekend","afternoon","unknown","freezing","grocery",0,1,0,"midday"
70,603,96,507,"weekend","afternoon","travelling","cold","grocery",1,1,0,"midday"
70,604,97,507,"weekend","dinner","travelling","cold","grocery",0,1,0,"night"
70,609,102,507,"weekday","breakfast","travelling","hot","restaurant",1,1,0,"morning"
70,610,103,507,"weekday","lunch","shopping","cold","restaurant",0,1,0,"midday"
70,613,106,507,"weekend","evening","unknown","cold","grocery",0,1,0,"night"
70,620,113,507,"weekday","lunch","travelling","unknown","grocery",0,1,1,"midday"
70,621,114,507,"weekday","lunch","travelling","cold","restaurant",1,1,1,"midday"
70,623,116,507,"weekday","lunch","working","cold","grocery",1,1,1,"midday"
70,624,117,507,"weekday","lunch","working","unknown","restaurant",0,1,1,"midday"
70,625,118,507,"weekend","lunch","travelling","unknown","restaurant",0,1,1,"midday"
70,629,122,507,"weekday","afternoon","travelling","freezing","grocery",0,1,1,"midday"
70,636,129,507,"weekday","evening","travelling","unknown","restaurant",0,1,1,"night"
70,641,134,507,"weekday","lunch","travelling","warm","restaurant",0,1,1,"midday"
70,643,136,507,"weekday","lunch","travelling","unknown","grocery",0,1,1,"midday"
70,646,139,507,"weekday","afternoon","unknown","unknown","grocery",0,1,1,"midday"
70,657,150,507,"weekday","breakfast","travelling","cold","grocery",1,1,1,"morning"
70,659,152,507,"weekday","afternoon","travelling","unknown","restaurant",0,1,1,"midday"
70,660,153,507,"weekend","beforelunch","travelling","cold","restaurant",1,1,1,"midday"
70,663,156,507,"weekday","beforelunch","travelling","cold","grocery",1,1,1,"midday"
70,665,158,507,"weekday","lunch","travelling","hot","grocery",0,1,1,"midday"
70,671,164,507,"weekday","afternoon","travelling","cold","grocery",0,1,1,"midday"
70,674,167,507,"weekday","breakfast","working","cold","restaurant",0,1,1,"morning"
70,679,172,507,"weekday","dinner","working","unknown","grocery",0,1,1,"night"
70,680,173,507,"weekday","lunch","working","warm","restaurant",0,1,1,"midday"
70,682,175,507,"weekday","lunch","unknown","cold","grocery",0,1,1,"midday"
70,683,176,507,"weekend","breakfast","travelling","unknown","restaurant",1,1,1,"morning"
70,685,178,507,"weekday","lunch","travelling","unknown","grocery",0,1,1,"midday"
70,686,179,507,"weekend","afternoon","travelling","unknown","restaurant",1,1,1,"midday"
70,689,182,507,"weekday","afternoon","travelling","freezing","grocery",0,1,1,"midday"
70,690,183,507,"weekday","lunch","travelling","freezing","grocery",0,1,1,"midday"
71,564,45,519,"weekday","afternoon","unknown","cold","restaurant",1,0,0,"midday"
71,568,49,519,"weekday","morning","travelling","warm","grocery",1,0,0,"morning"
71,576,57,519,"weekend","lunch","travelling","hot","restaurant",0,1,0,"midday"
71,584,65,519,"weekday","morning","travelling","unknown","restaurant",1,1,0,"morning"
71,655,136,519,"weekend","dinner","morningrituals","freezing","grocery",0,1,1,"night"
72,531,0,531,"weekday","afternoon","travelling","cold","grocery",1,0,0,"midday"
72,534,3,531,"weekend","breakfast","unknown","unknown","grocery",0,0,0,"morning"
72,535,4,531,"weekend","beforelunch","travelling","unknown","grocery",0,0,0,"midday"
72,536,5,531,"weekday","beforelunch","travelling","cold","restaurant",0,0,0,"midday"
72,537,6,531,"weekday","lunch","travelling","cold","grocery",0,0,0,"midday"
72,539,8,531,"weekday","lunch","unknown","freezing","restaurant",0,0,0,"midday"
72,541,10,531,"weekend","breakfast","travelling","freezing","grocery",1,0,0,"morning"
72,543,12,531,"weekday","afternoon","leisure","unknown","grocery",0,0,0,"midday"
72,544,13,531,"weekday","morning","travelling","cold","restaurant",0,0,0,"morning"
72,545,14,531,"weekday","afternoon","morningrituals","warm","restaurant",0,0,0,"midday"
72,546,15,531,"weekday","dinner","travelling","freezing","grocery",0,0,0,"night"
72,548,17,531,"weekday","lunch","working","cold","restaurant",1,0,0,"midday"
72,552,21,531,"weekday","lunch","travelling","freezing","restaurant",1,0,0,"midday"
72,553,22,531,"weekday","lunch","travelling","unknown","restaurant",0,0,0,"midday"
72,554,23,531,"weekday","afternoon","unknown","unknown","restaurant",1,0,0,"midday"
72,555,24,531,"weekend","lunch","working","unknown","restaurant",1,0,0,"midday"
72,559,28,531,"weekday","beforelunch","travelling","freezing","grocery",0,0,0,"midday"
72,560,29,531,"weekday","beforelunch","unknown","hot","grocery",1,0,0,"midday"
72,563,32,531,"weekday","beforelunch","travelling","freezing","grocery",1,0,0,"midday"
72,565,34,531,"weekday","afternoon","travelling","unknown","grocery",1,0,0,"midday"
72,566,35,531,"weekday","beforelunch","travelling","cold","grocery",1,0,0,"midday"
72,569,38,531,"weekend","evening","housework","unknown","grocery",0,0,0,"night"
72,571,40,531,"weekday","morning","shopping","hot","restaurant",0,0,0,"morning"
72,574,43,531,"weekday","beforelunch","travelling","freezing","grocery",0,0,0,"midday"
72,575,44,531,"weekday","unknown","unknown","unknown","restaurant",0,0,0,"unknown"
72,576,45,531,"weekday","lunch","unknown","unknown","restaurant",0,0,0,"midday"
72,577,46,531,"weekend","breakfast","travelling","unknown","grocery",1,0,0,"morning"
72,579,48,531,"weekend","afternoon","travelling","freezing","restaurant",0,0,0,"midday"
72,581,50,531,"weekday","evening","travelling","freezing","grocery",0,0,0,"night"
72,583,52,531,"weekday","lunch","travelling","warm","restaurant",0,0,0,"midday"
72,588,57,531,"weekday","afternoon","travelling","unknown","grocery",1,1,0,"midday"
72,591,60,531,"weekday","breakfast","travelling","cold","grocery",1,1,0,"morning"
72,593,62,531,"weekend","earlymorning","unknown","unknown","grocery",0,1,0,"morning"
72,594,63,531,"weekday","afternoon","travelling","freezing","grocery",0,1,0,"midday"
72,595,64,531,"weekday","breakfast","travelling","warm","restaurant",0,1,0,"morning"
72,598,67,531,"weekend","lunch","morningrituals","cold","restaurant",0,1,0,"midday"
72,600,69,531,"weekday","evening","travelling","unknown","grocery",0,1,0,"night"
72,601,70,531,"weekday","afternoon","unknown","hot","grocery",0,1,0,"midday"
72,602,71,531,"weekday","lunch","travelling","cold","restaurant",0,1,0,"midday"
72,603,72,531,"weekend","evening","unknown","cold","grocery",0,1,0,"night"
72,604,73,531,"weekday","lunch","working","hot","restaurant",0,1,0,"midday"
72,605,74,531,"weekend","earlymorning","travelling","cold","grocery",1,1,0,"morning"
72,608,77,531,"weekend","afternoon","unknown","cold","grocery",0,1,0,"midday"
72,610,79,531,"weekday","breakfast","shopping","freezing","restaurant",1,1,0,"morning"
72,613,82,531,"weekend","dinner","leisure","unknown","grocery",0,1,0,"night"
72,615,84,531,"weekend","beforelunch","travelling","cold","grocery",0,1,0,"midday"
72,616,85,531,"weekday","morning","travelling","freezing","grocery",0,1,0,"morning"
72,618,87,531,"weekend","afternoon","unknown","cold","restaurant",0,1,0,"midday"
72,619,88,531,"weekend","afternoon","shopping","warm","restaurant",0,1,0,"midday"
72,620,89,531,"weekday","morning","working","freezing","grocery",0,1,0,"morning"
72,623,92,531,"weekday","morning","travelling","unknown","grocery",1,1,0,"morning"
72,625,94,531,"weekday","lunch","working","unknown","restaurant",0,1,0,"midday"
72,626,95,531,"weekday","afternoon","travelling","freezing","restaurant",0,1,0,"midday"
72,627,96,531,"weekday","beforelunch","travelling","warm","grocery",1,1,0,"midday"
72,630,99,531,"weekend","afternoon","travelling","freezing","grocery",1,1,0,"midday"
72,634,103,531,"weekend","breakfast","travelling","hot","grocery",0,1,0,"morning"
72,635,104,531,"weekday","afternoon","working","unknown","restaurant",0,1,0,"midday"
72,636,105,531,"weekend","morning","working","cold","grocery",0,1,0,"morning"
72,637,106,531,"weekday","afternoon","travelling","freezing","grocery",0,1,0,"midday"
72,640,109,531,"weekday","lunch","leisure","hot","restaurant",1,1,0,"midday"
72,642,111,531,"weekday","beforelunch","travelling","freezing","restaurant",0,1,0,"midday"
72,643,112,531,"weekday","afternoon","travelling","cold","grocery",0,1,0,"midday"
72,644,113,531,"weekend","night","unknown","cold","restaurant",0,1,1,"night"
72,646,115,531,"weekend","dinner","travelling","unknown","grocery",0,1,1,"night"
72,649,118,531,"weekend","breakfast","travelling","cold","restaurant",0,1,1,"morning"
72,652,121,531,"weekday","breakfast","travelling","hot","grocery",0,1,1,"morning"
72,653,122,531,"weekday","lunch","travelling","warm","grocery",0,1,1,"midday"
72,654,123,531,"weekend","beforelunch","travelling","freezing","restaurant",0,1,1,"midday"
72,655,124,531,"weekday","afternoon","unknown","unknown","restaurant",0,1,1,"midday"
72,656,125,531,"weekday","beforelunch","travelling","cold","restaurant",0,1,1,"midday"
72,657,126,531,"weekday","breakfast","working","unknown","restaurant",0,1,1,"morning"
72,659,128,531,"weekday","lunch","unknown","cold","restaurant",0,1,1,"midday"
72,660,129,531,"weekday","afternoon","travelling","warm","restaurant",0,1,1,"midday"
72,662,131,531,"weekend","afternoon","shopping","warm","grocery",0,1,1,"midday"
72,663,132,531,"weekday","morning","travelling","warm","restaurant",0,1,1,"morning"
72,664,133,531,"weekday","lunch","travelling","freezing","restaurant",0,1,1,"midday"
72,665,134,531,"weekday","morning","travelling","unknown","grocery",0,1,1,"morning"
72,666,135,531,"weekday","beforelunch","travelling","unknown","restaurant",1,1,1,"midday"
72,667,136,531,"weekday","afternoon","travelling","unknown","restaurant",0,1,1,"midday"
72,675,144,531,"weekday","beforelunch","travelling","unknown","restaurant",1,1,1,"midday"
72,676,145,531,"weekday","unknown","shopping","unknown","grocery",0,1,1,"unknown"
72,677,146,531,"weekday","lunch","travelling","cold","grocery",1,1,1,"midday"
72,678,147,531,"weekend","lunch","travelling","cold","grocery",0,1,1,"midday"
72,680,149,531,"weekday","afternoon","travelling","cold","restaurant",0,1,1,"midday"
72,683,152,531,"weekend","beforelunch","leisure","hot","restaurant",1,1,1,"midday"
72,684,153,531,"weekend","afternoon","travelling","cold","grocery",1,1,1,"midday"
72,687,156,531,"weekday","latenight","leisure","freezing","grocery",0,1,1,"night"
72,689,158,531,"weekday","afternoon","unknown","cold","grocery",1,1,1,"midday"
72,690,159,531,"weekday","afternoon","travelling","warm","grocery",0,1,1,"midday"
72,692,161,531,"weekday","dinner","travelling","cold","restaurant",0,1,1,"night"
72,694,163,531,"weekday","afternoon","unknown","unknown","restaurant",0,1,1,"midday"
72,695,164,531,"weekday","lunch","travelling","warm","grocery",0,1,1,"midday"
72,698,167,531,"weekday","dinner","travelling","unknown","restaurant",0,1,1,"night"
72,701,170,531,"weekday","afternoon","travelling","cold","grocery",1,1,1,"midday"
72,702,171,531,"weekday","lunch","travelling","cold","grocery",0,1,1,"midday"
72,703,172,531,"weekday","dinner","travelling","cold","restaurant",0,1,1,"night"
72,707,176,531,"weekend","night","travelling","warm","grocery",0,1,1,"night"
72,709,178,531,"weekday","afternoon","travelling","unknown","grocery",0,1,1,"midday"
72,710,179,531,"weekday","lunch","leisure","cold","restaurant",0,1,1,"midday"
72,712,181,531,"weekday","lunch","unknown","freezing","grocery",1,1,1,"midday"
72,713,182,531,"weekend","lunch","unknown","unknown","restaurant",1,1,1,"midday"
73,543,1,542,"weekday","morning","working","unknown","restaurant",0,0,0,"morning"
73,546,4,542,"weekday","afternoon","travelling","unknown","grocery",0,0,0,"midday"
73,547,5,542,"weekend","lunch","unknown","cold","restaurant",0,0,0,"midday"
73,548,6,542,"weekday","dinner","leisure","unknown","grocery",0,0,0,"night"
73,553,11,542,"weekday","beforelunch","working","cold","restaurant",1,0,0,"midday"
73,556,14,542,"weekday","afternoon","unknown","cold","restaurant",1,0,0,"midday"
73,558,16,542,"weekend","morning","leisure","cold","grocery",0,0,0,"morning"
73,559,17,542,"weekday","afternoon","working","hot","grocery",0,0,0,"midday"
73,562,20,542,"weekend","earlymorning","travelling","cold","restaurant",0,0,0,"morning"
73,563,21,542,"weekday","beforelunch","travelling","cold","restaurant",0,0,0,"midday"
73,564,22,542,"weekend","afternoon","travelling","cold","grocery",0,0,0,"midday"
73,574,32,542,"weekend","afternoon","leisure","cold","restaurant",0,0,0,"midday"
73,577,35,542,"weekday","afternoon","working","unknown","restaurant",0,0,0,"midday"
73,579,37,542,"weekend","dinner","leisure","freezing","grocery",0,0,0,"night"
73,580,38,542,"weekday","breakfast","travelling","freezing","grocery",0,0,0,"morning"
73,582,40,542,"weekday","earlymorning","unknown","warm","grocery",0,0,0,"morning"
73,583,41,542,"weekday","lunch","travelling","freezing","restaurant",0,0,0,"midday"
73,588,46,542,"weekend","beforelunch","unknown","warm","restaurant",1,0,0,"midday"
73,591,49,542,"weekday","lunch","travelling","freezing","restaurant",0,0,0,"midday"
73,593,51,542,"weekday","lunch","travelling","cold","grocery",1,0,0,"midday"
73,595,53,542,"weekday","breakfast","travelling","freezing","restaurant",1,0,0,"morning"
73,596,54,542,"weekend","morning","travelling","freezing","grocery",1,0,0,"morning"
73,597,55,542,"weekend","afternoon","travelling","freezing","restaurant",1,0,0,"midday"
73,598,56,542,"weekday","afternoon","unknown","unknown","restaurant",0,0,0,"midday"
73,599,57,542,"weekday","afternoon","leisure","freezing","grocery",0,1,0,"midday"
73,600,58,542,"weekday","earlymorning","shopping","unknown","grocery",1,1,0,"morning"
73,602,60,542,"weekday","morning","shopping","cold","grocery",1,1,0,"morning"
73,603,61,542,"weekday","lunch","travelling","cold","grocery",1,1,0,"midday"
73,606,64,542,"weekday","lunch","working","freezing","grocery",0,1,0,"midday"
73,607,65,542,"weekday","lunch","travelling","cold","grocery",0,1,0,"midday"
73,608,66,542,"weekend","lunch","working","cold","grocery",0,1,0,"midday"
73,611,69,542,"weekday","lunch","travelling","cold","restaurant",0,1,0,"midday"
73,612,70,542,"weekend","lunch","unknown","freezing","restaurant",0,1,0,"midday"
73,614,72,542,"weekday","lunch","unknown","warm","restaurant",0,1,0,"midday"
73,617,75,542,"weekday","dinner","travelling","freezing","grocery",1,1,0,"night"
73,618,76,542,"weekday","beforelunch","leisure","cold","restaurant",0,1,0,"midday"
73,621,79,542,"weekday","morning","travelling","warm","restaurant",0,1,0,"morning"
73,630,88,542,"weekday","lunch","travelling","cold","grocery",0,1,0,"midday"
73,631,89,542,"weekend","earlymorning","travelling","unknown","restaurant",1,1,0,"morning"
73,633,91,542,"weekday","lunch","travelling","freezing","grocery",0,1,0,"midday"
73,636,94,542,"weekday","afternoon","shopping","freezing","restaurant",1,1,0,"midday"
73,639,97,542,"weekday","afternoon","travelling","unknown","restaurant",0,1,0,"midday"
73,641,99,542,"weekend","earlymorning","unknown","cold","grocery",0,1,0,"morning"
73,646,104,542,"weekend","afternoon","leisure","cold","grocery",0,1,0,"midday"
73,648,106,542,"weekend","afternoon","leisure","freezing","grocery",1,1,0,"midday"
73,649,107,542,"weekday","beforelunch","unknown","cold","grocery",1,1,0,"midday"
73,650,108,542,"weekday","lunch","unknown","unknown","restaurant",0,1,0,"midday"
73,652,110,542,"weekday","breakfast","travelling","hot","restaurant",0,1,0,"morning"
73,653,111,542,"weekday","dinner","leisure","freezing","grocery",0,1,0,"night"
73,655,113,542,"weekday","afternoon","leisure","warm","restaurant",1,1,1,"midday"
73,658,116,542,"weekday","lunch","leisure","warm","restaurant",0,1,1,"midday"
73,659,117,542,"weekend","afternoon","working","unknown","grocery",0,1,1,"midday"
73,660,118,542,"weekday","morning","unknown","warm","grocery",0,1,1,"morning"
73,661,119,542,"weekday","afternoon","unknown","unknown","restaurant",1,1,1,"midday"
73,663,121,542,"weekday","dinner","shopping","warm","grocery",0,1,1,"night"
73,665,123,542,"weekday","lunch","travelling","freezing","restaurant",1,1,1,"midday"
73,666,124,542,"weekday","afternoon","unknown","unknown","restaurant",0,1,1,"midday"
73,668,126,542,"weekday","lunch","travelling","freezing","restaurant",1,1,1,"midday"
73,669,127,542,"weekend","dinner","travelling","hot","restaurant",0,1,1,"night"
73,671,129,542,"weekday","breakfast","travelling","hot","grocery",0,1,1,"morning"
73,673,131,542,"weekday","breakfast","travelling","cold","restaurant",0,1,1,"morning"
73,674,132,542,"weekend","afternoon","working","hot","grocery",0,1,1,"midday"
73,675,133,542,"weekday","beforelunch","travelling","cold","grocery",0,1,1,"midday"
73,679,137,542,"weekend","breakfast","travelling","freezing","grocery",1,1,1,"morning"
73,682,140,542,"weekday","breakfast","travelling","hot","restaurant",0,1,1,"morning"
73,683,141,542,"weekend","lunch","travelling","cold","grocery",0,1,1,"midday"
73,684,142,542,"weekday","lunch","travelling","cold","restaurant",0,1,1,"midday"
73,686,144,542,"weekday","beforelunch","travelling","cold","grocery",1,1,1,"midday"
73,692,150,542,"weekday","earlymorning","travelling","warm","restaurant",0,1,1,"morning"
73,695,153,542,"weekend","afternoon","travelling","freezing","grocery",0,1,1,"midday"
73,700,158,542,"weekend","afternoon","leisure","cold","restaurant",0,1,1,"midday"
73,703,161,542,"weekday","earlymorning","unknown","unknown","grocery",0,1,1,"morning"
73,704,162,542,"weekend","evening","travelling","unknown","restaurant",0,1,1,"night"
73,705,163,542,"weekday","afternoon","working","freezing","restaurant",0,1,1,"midday"
73,706,164,542,"weekday","dinner","unknown","warm","grocery",0,1,1,"night"
73,710,168,542,"weekday","afternoon","unknown","cold","restaurant",0,1,1,"midday"
73,711,169,542,"weekday","afternoon","travelling","unknown","restaurant",1,1,1,"midday"
73,714,172,542,"weekend","afternoon","travelling","warm","grocery",0,1,1,"midday"
73,716,174,542,"weekend","morning","travelling","cold","grocery",0,1,1,"morning"
73,718,176,542,"weekend","afternoon","travelling","freezing","grocery",0,1,1,"midday"
73,722,180,542,"weekday","lunch","leisure","warm","restaurant",0,1,1,"midday"
73,723,181,542,"weekend","afternoon","travelling","warm","grocery",0,1,1,"midday"
73,724,182,542,"weekday","breakfast","morningrituals","unknown","restaurant",1,1,1,"morning"
74,549,4,545,"weekend","lunch","travelling","unknown","restaurant",0,0,0,"midday"
74,550,5,545,"weekday","breakfast","unknown","cold","restaurant",0,0,0,"morning"
74,551,6,545,"weekend","afternoon","unknown","hot","restaurant",0,0,0,"midday"
74,552,7,545,"weekday","afternoon","travelling","cold","grocery",1,0,0,"midday"
74,553,8,545,"weekend","afternoon","travelling","warm","grocery",0,0,0,"midday"
74,555,10,545,"weekday","breakfast","shopping","cold","restaurant",0,0,0,"morning"
74,559,14,545,"weekday","afternoon","travelling","cold","grocery",0,0,0,"midday"
74,560,15,545,"weekday","afternoon","travelling","cold","grocery",0,0,0,"midday"
74,561,16,545,"weekday","lunch","unknown","unknown","restaurant",0,0,0,"midday"
74,563,18,545,"weekend","breakfast","unknown","hot","grocery",0,0,0,"morning"
74,565,20,545,"weekday","beforelunch","leisure","warm","grocery",0,0,0,"midday"
74,567,22,545,"weekday","lunch","travelling","freezing","restaurant",1,0,0,"midday"
74,568,23,545,"weekday","dinner","leisure","freezing","grocery",0,0,0,"night"
74,572,27,545,"weekday","afternoon","travelling","hot","restaurant",0,0,0,"midday"
74,573,28,545,"weekday","morning","travelling","unknown","restaurant",0,0,0,"morning"
74,574,29,545,"weekday","lunch","travelling","cold","grocery",0,0,0,"midday"
74,575,30,545,"weekday","lunch","working","cold","grocery",0,0,0,"midday"
74,576,31,545,"weekday","beforelunch","travelling","warm","restaurant",0,0,0,"midday"
74,578,33,545,"weekday","lunch","travelling","cold","restaurant",1,0,0,"midday"
74,583,38,545,"weekday","lunch","travelling","cold","grocery",1,0,0,"midday"
74,584,39,545,"weekday","beforelunch","unknown","freezing","restaurant",0,0,0,"midday"
74,585,40,545,"weekend","dinner","travelling","unknown","restaurant",1,0,0,"night"
74,587,42,545,"weekend","breakfast","travelling","unknown","restaurant",1,0,0,"morning"
74,589,44,545,"weekend","night","working","cold","grocery",0,0,0,"night"
74,594,49,545,"weekday","beforelunch","travelling","cold","restaurant",1,0,0,"midday"
74,596,51,545,"weekday","afternoon","shopping","cold","restaurant",0,0,0,"midday"
74,599,54,545,"weekday","dinner","travelling","unknown","restaurant",0,0,0,"night"
74,600,55,545,"weekday","morning","travelling","freezing","restaurant",0,0,0,"morning"
74,601,56,545,"weekend","unknown","unknown","unknown","restaurant",0,0,0,"unknown"
74,602,57,545,"weekend","afternoon","travelling","unknown","grocery",1,1,0,"midday"
74,609,64,545,"weekday","afternoon","working","cold","restaurant",0,1,0,"midday"
74,613,68,545,"weekday","beforelunch","travelling","cold","restaurant",0,1,0,"midday"
74,615,70,545,"weekday","afternoon","travelling","freezing","restaurant",0,1,0,"midday"
74,617,72,545,"weekend","earlymorning","working","freezing","restaurant",0,1,0,"morning"
74,618,73,545,"weekday","lunch","leisure","freezing","restaurant",0,1,0,"midday"
74,623,78,545,"weekday","afternoon","travelling","cold","restaurant",0,1,0,"midday"
74,631,86,545,"weekday","breakfast","unknown","freezing","grocery",1,1,0,"morning"
74,635,90,545,"weekday","breakfast","travelling","unknown","grocery",0,1,0,"morning"
74,636,91,545,"weekend","lunch","unknown","unknown","grocery",0,1,0,"midday"
74,643,98,545,"weekday","beforelunch","morningrituals","cold","restaurant",1,1,0,"midday"
74,644,99,545,"weekend","afternoon","working","cold","grocery",0,1,0,"midday"
74,648,103,545,"weekday","breakfast","working","cold","restaurant",1,1,0,"morning"
74,650,105,545,"weekday","breakfast","travelling","unknown","grocery",0,1,0,"morning"
74,651,106,545,"weekday","morning","morningrituals","warm","restaurant",0,1,0,"morning"
74,654,109,545,"weekday","breakfast","travelling","freezing","restaurant",0,1,0,"morning"
74,657,112,545,"weekday","lunch","travelling","unknown","grocery",0,1,0,"midday"
74,658,113,545,"weekday","beforelunch","travelling","unknown","restaurant",0,1,1,"midday"
74,660,115,545,"weekday","lunch","travelling","unknown","grocery",0,1,1,"midday"
74,662,117,545,"weekend","afternoon","working","hot","restaurant",1,1,1,"midday"
74,663,118,545,"weekday","breakfast","travelling","cold","restaurant",0,1,1,"morning"
74,664,119,545,"weekday","morning","travelling","cold","grocery",0,1,1,"morning"
74,665,120,545,"weekday","afternoon","travelling","unknown","grocery",0,1,1,"midday"
74,667,122,545,"weekend","beforelunch","travelling","warm","restaurant",0,1,1,"midday"
74,670,125,545,"weekday","evening","unknown","hot","restaurant",0,1,1,"night"
74,672,127,545,"weekday","dinner","travelling","cold","grocery",0,1,1,"night"
74,674,129,545,"weekday","evening","leisure","unknown","grocery",1,1,1,"night"
74,675,130,545,"weekday","lunch","working","unknown","restaurant",0,1,1,"midday"
74,676,131,545,"weekday","afternoon","travelling","freezing","grocery",0,1,1,"midday"
74,679,134,545,"weekend","lunch","leisure","hot","restaurant",0,1,1,"midday"
74,680,135,545,"weekday","lunch","travelling","unknown","restaurant",0,1,1,"midday"
74,681,136,545,"unknown","afternoon","travelling","freezing","restaurant",1,1,1,"midday"
74,685,140,545,"weekday","morning","shopping","unknown","restaurant",0,1,1,"morning"
74,686,141,545,"weekday","beforelunch","shopping","cold","grocery",0,1,1,"midday"
74,687,142,545,"weekday","lunch","travelling","cold","restaurant",0,1,1,"midday"
74,693,148,545,"weekday","lunch","travelling","hot","restaurant",0,1,1,"midday"
74,694,149,545,"weekday","unknown","travelling","cold","grocery",0,1,1,"unknown"
74,697,152,545,"weekday","breakfast","workingout","hot","grocery",0,1,1,"morning"
74,698,153,545,"unknown","night","travelling","unknown","restaurant",0,1,1,"night"
74,699,154,545,"weekday","lunch","leisure","freezing","grocery",1,1,1,"midday"
74,700,155,545,"weekday","afternoon","travelling","hot","grocery",0,1,1,"midday"
74,702,157,545,"weekend","beforelunch","working","hot","grocery",0,1,1,"midday"
74,711,166,545,"weekday","lunch","leisure","unknown","grocery",1,1,1,"midday"
74,712,167,545,"weekday","afternoon","travelling","warm","grocery",1,1,1,"midday"
74,715,170,545,"weekday","night","working","freezing","grocery",0,1,1,"night"
74,716,171,545,"weekend","afternoon","travelling","cold","restaurant",1,1,1,"midday"
74,718,173,545,"weekday","afternoon","travelling","warm","grocery",1,1,1,"midday"
74,719,174,545,"weekend","breakfast","shopping","unknown","restaurant",1,1,1,"morning"
74,720,175,545,"weekday","earlymorning","travelling","cold","grocery",1,1,1,"morning"
74,721,176,545,"weekday","unknown","housework","unknown","grocery",0,1,1,"unknown"
74,723,178,545,"weekend","beforelunch","unknown","cold","grocery",0,1,1,"midday"
74,726,181,545,"weekday","beforelunch","travelling","cold","grocery",0,1,1,"midday"
74,727,182,545,"weekday","lunch","shopping","cold","grocery",0,1,1,"midday"
74,728,183,545,"weekday","afternoon","unknown","unknown","grocery",0,1,1,"midday"
75,549,3,546,"weekday","afternoon","travelling","freezing","restaurant",0,0,0,"midday"
75,554,8,546,"weekend","afternoon","travelling","freezing","restaurant",0,0,0,"midday"
75,557,11,546,"weekday","afternoon","travelling","cold","grocery",0,0,0,"midday"
75,559,13,546,"weekend","lunch","working","cold","restaurant",0,0,0,"midday"
75,560,14,546,"weekday","beforelunch","travelling","cold","grocery",1,0,0,"midday"
75,565,19,546,"weekday","dinner","travelling","hot","restaurant",0,0,0,"night"
75,567,21,546,"weekday","beforelunch","travelling","warm","grocery",0,0,0,"midday"
75,569,23,546,"weekday","beforelunch","travelling","freezing","grocery",0,0,0,"midday"
75,570,24,546,"weekday","night","travelling","cold","grocery",0,0,0,"night"
75,572,26,546,"weekday","lunch","unknown","cold","restaurant",1,0,0,"midday"
75,573,27,546,"weekend","afternoon","morningrituals","warm","restaurant",0,0,0,"midday"
75,577,31,546,"weekday","morning","working","cold","restaurant",0,0,0,"morning"
75,579,33,546,"weekday","beforelunch","travelling","cold","grocery",1,0,0,"midday"
75,584,38,546,"weekday","breakfast","travelling","cold","restaurant",1,0,0,"morning"
75,585,39,546,"weekend","evening","unknown","cold","grocery",0,0,0,"night"
75,588,42,546,"weekday","morning","leisure","cold","restaurant",0,0,0,"morning"
75,590,44,546,"weekend","lunch","shopping","cold","grocery",0,0,0,"midday"
75,593,47,546,"weekday","beforelunch","housework","unknown","restaurant",1,0,0,"midday"
75,598,52,546,"weekday","breakfast","travelling","freezing","restaurant",0,0,0,"morning"
75,600,54,546,"weekday","afternoon","unknown","freezing","restaurant",1,0,0,"midday"
75,601,55,546,"weekday","breakfast","travelling","freezing","grocery",0,0,0,"morning"
75,606,60,546,"weekend","beforelunch","shopping","freezing","restaurant",0,1,0,"midday"
75,611,65,546,"weekend","lunch","travelling","unknown","grocery",0,1,0,"midday"
75,613,67,546,"weekday","afternoon","morningrituals","unknown","grocery",0,1,0,"midday"
75,617,71,546,"weekday","afternoon","travelling","unknown","restaurant",1,1,0,"midday"
75,619,73,546,"weekend","beforelunch","shopping","hot","restaurant",0,1,0,"midday"
75,621,75,546,"weekend","night","shopping","freezing","grocery",0,1,0,"night"
75,622,76,546,"weekday","beforelunch","travelling","unknown","grocery",0,1,0,"midday"
75,623,77,546,"weekday","afternoon","leisure","cold","restaurant",0,1,0,"midday"
75,625,79,546,"weekday","afternoon","travelling","cold","grocery",0,1,0,"midday"
75,629,83,546,"weekday","breakfast","travelling","warm","restaurant",0,1,0,"morning"
75,633,87,546,"weekday","lunch","unknown","warm","grocery",0,1,0,"midday"
75,636,90,546,"weekday","breakfast","travelling","cold","grocery",0,1,0,"morning"
75,644,98,546,"weekday","beforelunch","unknown","cold","grocery",1,1,0,"midday"
75,647,101,546,"weekday","morning","travelling","hot","restaurant",0,1,0,"morning"
75,654,108,546,"weekday","afternoon","travelling","freezing","grocery",0,1,0,"midday"
75,656,110,546,"weekend","beforelunch","travelling","freezing","grocery",0,1,0,"midday"
75,657,111,546,"weekday","lunch","unknown","cold","grocery",1,1,0,"midday"
75,658,112,546,"weekday","beforelunch","travelling","unknown","grocery",0,1,0,"midday"
75,664,118,546,"weekday","lunch","shopping","freezing","restaurant",0,1,1,"midday"
75,667,121,546,"weekend","dinner","travelling","cold","grocery",1,1,1,"night"
75,668,122,546,"weekday","earlymorning","travelling","freezing","restaurant",1,1,1,"morning"
75,670,124,546,"weekday","beforelunch","travelling","unknown","grocery",1,1,1,"midday"
75,671,125,546,"weekday","afternoon","working","hot","grocery",0,1,1,"midday"
75,675,129,546,"weekday","beforelunch","unknown","freezing","grocery",0,1,1,"midday"
75,676,130,546,"weekday","afternoon","travelling","freezing","grocery",0,1,1,"midday"
75,677,131,546,"weekday","lunch","travelling","warm","restaurant",0,1,1,"midday"
75,678,132,546,"weekday","unknown","leisure","freezing","grocery",0,1,1,"unknown"
75,679,133,546,"weekend","morning","travelling","freezing","grocery",0,1,1,"morning"
75,680,134,546,"weekday","evening","travelling","unknown","grocery",0,1,1,"night"
75,681,135,546,"weekend","beforelunch","travelling","cold","restaurant",0,1,1,"midday"
75,682,136,546,"weekday","afternoon","unknown","unknown","restaurant",0,1,1,"midday"
75,688,142,546,"weekday","afternoon","travelling","cold","grocery",0,1,1,"midday"
75,689,143,546,"weekday","breakfast","travelling","hot","grocery",0,1,1,"morning"
75,690,144,546,"weekend","morning","travelling","unknown","restaurant",0,1,1,"morning"
75,693,147,546,"weekday","afternoon","travelling","unknown","grocery",0,1,1,"midday"
75,696,150,546,"weekday","lunch","unknown","warm","grocery",0,1,1,"midday"
75,700,154,546,"weekday","beforelunch","travelling","cold","restaurant",1,1,1,"midday"
75,702,156,546,"weekday","breakfast","working","freezing","grocery",1,1,1,"morning"
75,703,157,546,"weekday","afternoon","travelling","warm","restaurant",0,1,1,"midday"
75,704,158,546,"weekday","lunch","leisure","cold","restaurant",0,1,1,"midday"
75,705,159,546,"weekend","dinner","travelling","warm","restaurant",0,1,1,"night"
75,709,163,546,"weekday","afternoon","travelling","warm","restaurant",0,1,1,"midday"
75,718,172,546,"weekday","lunch","unknown","freezing","grocery",0,1,1,"midday"
75,719,173,546,"weekend","lunch","morningrituals","unknown","grocery",0,1,1,"midday"
75,722,176,546,"weekday","afternoon","working","cold","restaurant",0,1,1,"midday"
75,728,182,546,"weekday","afternoon","working","unknown","grocery",0,1,1,"midday"
75,729,183,546,"weekday","beforelunch","travelling","freezing","restaurant",1,1,1,"midday"
76,565,7,558,"weekday","beforelunch","travelling","cold","restaurant",0,0,0,"midday"
76,568,10,558,"weekday","dinner","working","cold","restaurant",1,0,0,"night"
76,577,19,558,"weekday","afternoon","travelling","freezing","restaurant",1,0,0,"midday"
76,580,22,558,"weekday","lunch","travelling","cold","restaurant",0,0,0,"midday"
76,586,28,558,"weekend","afternoon","travelling","cold","grocery",1,0,0,"midday"
76,595,37,558,"weekend","lunch","travelling","unknown","grocery",0,0,0,"midday"
76,599,41,558,"weekday","breakfast","travelling","freezing","restaurant",0,0,0,"morning"
76,616,58,558,"weekday","afternoon","working","unknown","grocery",0,1,0,"midday"
76,626,68,558,"weekday","lunch","travelling","unknown","restaurant",0,1,0,"midday"
76,632,74,558,"weekday","breakfast","travelling","cold","grocery",0,1,0,"morning"
76,651,93,558,"weekend","earlymorning","travelling","freezing","restaurant",0,1,0,"morning"
76,663,105,558,"weekday","beforelunch","shopping","warm","grocery",0,1,0,"midday"
76,671,113,558,"weekend","beforelunch","housework","warm","restaurant",0,1,1,"midday"
76,682,124,558,"weekday","afternoon","travelling","cold","restaurant",0,1,1,"midday"
76,689,131,558,"weekend","lunch","travelling","unknown","restaurant",0,1,1,"midday"
76,699,141,558,"weekday","afternoon","unknown","freezing","grocery",0,1,1,"midday"
76,705,147,558,"weekday","afternoon","working","warm","grocery",1,1,1,"midday"
76,708,150,558,"weekend","lunch","travelling","cold","restaurant",0,1,1,"midday"
76,716,158,558,"weekday","afternoon","morningrituals","cold","restaurant",1,1,1,"midday"
76,721,163,558,"weekday","beforelunch","travelling","unknown","grocery",1,1,1,"midday"
76,723,165,558,"weekend","afternoon","unknown","warm","restaurant",0,1,1,"midday"
76,729,171,558,"weekday","beforelunch","travelling","cold","restaurant",0,1,1,"midday"
76,732,174,558,"weekday","dinner","travelling","unknown","restaurant",1,1,1,"night"
76,734,176,558,"weekend","afternoon","leisure","unknown","grocery",0,1,1,"midday"
76,740,182,558,"weekend","night","unknown","freezing","restaurant",0,1,1,"night"
77,567,0,567,"weekday","beforelunch","shopping","cold","restaurant",1,0,0,"midday"
77,569,2,567,"weekend","afternoon","travelling","cold","restaurant",0,0,0,"midday"
77,570,3,567,"weekday","lunch","travelling","unknown","grocery",0,0,0,"midday"
77,571,4,567,"weekday","morning","travelling","unknown","grocery",0,0,0,"morning"
77,574,7,567,"weekend","dinner","travelling","cold","restaurant",1,0,0,"night"
77,575,8,567,"weekday","afternoon","travelling","cold","restaurant",0,0,0,"midday"
77,576,9,567,"weekday","afternoon","travelling","cold","restaurant",0,0,0,"midday"
77,577,10,567,"weekday","afternoon","shopping","hot","restaurant",0,0,0,"midday"
77,579,12,567,"weekday","afternoon","unknown","cold","restaurant",0,0,0,"midday"
77,580,13,567,"weekend","beforelunch","shopping","freezing","restaurant",0,0,0,"midday"
77,581,14,567,"weekday","lunch","travelling","warm","grocery",0,0,0,"midday"
77,583,16,567,"weekday","breakfast","unknown","cold","grocery",0,0,0,"morning"
77,584,17,567,"weekday","lunch","travelling","freezing","restaurant",0,0,0,"midday"
77,586,19,567,"unknown","unknown","travelling","freezing","grocery",0,0,0,"unknown"
77,588,21,567,"weekday","earlymorning","travelling","cold","restaurant",0,0,0,"morning"
77,589,22,567,"weekday","afternoon","working","cold","grocery",0,0,0,"midday"
77,594,27,567,"weekend","unknown","unknown","cold","grocery",0,0,0,"unknown"
77,595,28,567,"weekend","unknown","working","unknown","grocery",1,0,0,"unknown"
77,597,30,567,"weekday","lunch","working","unknown","restaurant",0,0,0,"midday"
77,598,31,567,"weekend","breakfast","morningrituals","freezing","grocery",1,0,0,"morning"
77,601,34,567,"weekday","earlymorning","unknown","unknown","grocery",1,0,0,"morning"
77,603,36,567,"weekend","lunch","shopping","cold","restaurant",0,0,0,"midday"
77,604,37,567,"weekday","afternoon","travelling","freezing","grocery",0,0,0,"midday"
77,605,38,567,"weekday","beforelunch","travelling","cold","restaurant",0,0,0,"midday"
77,608,41,567,"weekday","beforelunch","travelling","unknown","grocery",0,0,0,"midday"
77,611,44,567,"weekend","afternoon","leisure","unknown","grocery",0,0,0,"midday"
77,612,45,567,"weekend","morning","leisure","unknown","grocery",0,0,0,"morning"
77,613,46,567,"weekend","lunch","working","warm","restaurant",0,0,0,"midday"
77,614,47,567,"weekday","lunch","unknown","warm","grocery",1,0,0,"midday"
77,615,48,567,"weekday","beforelunch","travelling","hot","grocery",0,0,0,"midday"
77,616,49,567,"weekday","beforelunch","shopping","freezing","grocery",0,0,0,"midday"
77,618,51,567,"weekday","lunch","unknown","hot","grocery",0,0,0,"midday"
77,620,53,567,"weekday","earlymorning","workingout","unknown","restaurant",0,0,0,"morning"
77,621,54,567,"weekend","morning","travelling","cold","grocery",0,0,0,"morning"
77,622,55,567,"weekend","dinner","working","warm","restaurant",1,0,0,"night"
77,624,57,567,"weekday","breakfast","shopping","freezing","restaurant",1,1,0,"morning"
77,625,58,567,"weekday","unknown","unknown","freezing","grocery",0,1,0,"unknown"
77,630,63,567,"weekday","beforelunch","travelling","cold","grocery",1,1,0,"midday"
77,634,67,567,"weekend","lunch","travelling","freezing","grocery",0,1,0,"midday"
77,635,68,567,"unknown","lunch","unknown","warm","grocery",1,1,0,"midday"
77,636,69,567,"weekday","afternoon","travelling","hot","restaurant",1,1,0,"midday"
77,637,70,567,"weekday","beforelunch","travelling","freezing","grocery",0,1,0,"midday"
77,638,71,567,"weekend","afternoon","travelling","hot","grocery",1,1,0,"midday"
77,640,73,567,"weekday","afternoon","travelling","unknown","grocery",1,1,0,"midday"
77,644,77,567,"weekday","beforelunch","unknown","unknown","restaurant",0,1,0,"midday"
77,645,78,567,"weekday","dinner","travelling","freezing","grocery",0,1,0,"night"
77,646,79,567,"weekday","afternoon","working","cold","grocery",0,1,0,"midday"
77,649,82,567,"weekday","morning","unknown","hot","grocery",1,1,0,"morning"
77,652,85,567,"weekday","afternoon","unknown","cold","grocery",1,1,0,"midday"
77,654,87,567,"weekend","breakfast","unknown","hot","grocery",0,1,0,"morning"
77,655,88,567,"weekday","beforelunch","unknown","cold","restaurant",0,1,0,"midday"
77,657,90,567,"weekday","afternoon","travelling","hot","grocery",0,1,0,"midday"
77,658,91,567,"weekday","breakfast","leisure","freezing","restaurant",0,1,0,"morning"
77,663,96,567,"unknown","beforelunch","travelling","unknown","restaurant",0,1,0,"midday"
77,667,100,567,"weekday","morning","shopping","cold","restaurant",0,1,0,"morning"
77,668,101,567,"weekend","afternoon","travelling","cold","grocery",0,1,0,"midday"
77,670,103,567,"unknown","morning","unknown","warm","restaurant",0,1,0,"morning"
77,672,105,567,"weekend","beforelunch","travelling","freezing","grocery",1,1,0,"midday"
77,673,106,567,"weekday","lunch","shopping","hot","restaurant",0,1,0,"midday"
77,674,107,567,"weekday","earlymorning","travelling","hot","grocery",0,1,0,"morning"
77,676,109,567,"weekday","dinner","travelling","unknown","grocery",0,1,0,"night"
77,677,110,567,"weekday","dinner","unknown","unknown","restaurant",0,1,0,"night"
77,681,114,567,"weekday","morning","unknown","cold","restaurant",0,1,1,"morning"
77,682,115,567,"weekday","lunch","working","cold","grocery",0,1,1,"midday"
77,683,116,567,"weekday","lunch","travelling","cold","restaurant",0,1,1,"midday"
77,684,117,567,"weekday","beforelunch","travelling","unknown","restaurant",0,1,1,"midday"
77,686,119,567,"weekday","afternoon","travelling","freezing","grocery",0,1,1,"midday"
77,688,121,567,"weekday","afternoon","shopping","unknown","restaurant",0,1,1,"midday"
77,690,123,567,"weekday","unknown","travelling","freezing","grocery",0,1,1,"unknown"
77,695,128,567,"weekday","beforelunch","travelling","cold","grocery",0,1,1,"midday"
77,697,130,567,"weekday","breakfast","unknown","cold","restaurant",0,1,1,"morning"
77,698,131,567,"weekend","beforelunch","travelling","unknown","restaurant",0,1,1,"midday"
77,702,135,567,"weekday","afternoon","travelling","cold","restaurant",0,1,1,"midday"
77,704,137,567,"weekday","afternoon","travelling","unknown","restaurant",0,1,1,"midday"
77,706,139,567,"weekend","unknown","working","freezing","restaurant",0,1,1,"unknown"
77,708,141,567,"weekday","afternoon","travelling","freezing","restaurant",0,1,1,"midday"
77,712,145,567,"weekday","afternoon","travelling","unknown","grocery",1,1,1,"midday"
77,713,146,567,"weekday","lunch","travelling","freezing","restaurant",1,1,1,"midday"
77,715,148,567,"weekday","breakfast","travelling","hot","restaurant",0,1,1,"morning"
77,717,150,567,"weekday","breakfast","travelling","unknown","grocery",1,1,1,"morning"
77,721,154,567,"weekend","morning","travelling","cold","grocery",0,1,1,"morning"
77,722,155,567,"weekend","afternoon","travelling","hot","restaurant",1,1,1,"midday"
77,723,156,567,"weekday","afternoon","unknown","unknown","grocery",1,1,1,"midday"
77,725,158,567,"weekday","beforelunch","travelling","freezing","restaurant",0,1,1,"midday"
77,728,161,567,"weekday","breakfast","working","unknown","restaurant",0,1,1,"morning"
77,729,162,567,"weekday","beforelunch","travelling","unknown","restaurant",0,1,1,"midday"
77,730,163,567,"weekday","afternoon","leisure","cold","grocery",0,1,1,"midday"
77,732,165,567,"weekday","beforelunch","working","unknown","grocery",0,1,1,"midday"
77,734,167,567,"weekend","lunch","working","unknown","restaurant",0,1,1,"midday"
77,735,168,567,"weekday","afternoon","leisure","cold","grocery",0,1,1,"midday"
77,740,173,567,"weekday","lunch","travelling","cold","restaurant",0,1,1,"midday"
77,741,174,567,"weekday","breakfast","travelling","warm","grocery",0,1,1,"morning"
77,742,175,567,"weekday","afternoon","travelling","unknown","grocery",0,1,1,"midday"
77,744,177,567,"weekday","night","unknown","cold","grocery",0,1,1,"night"
77,745,178,567,"weekday","afternoon","travelling","warm","restaurant",1,1,1,"midday"
77,749,182,567,"weekday","beforelunch","shopping","warm","grocery",1,1,1,"midday"
77,750,183,567,"weekday","breakfast","shopping","cold","grocery",0,1,1,"morning"
78,576,1,575,"weekday","breakfast","travelling","freezing","restaurant",0,0,0,"morning"
78,579,4,575,"weekday","afternoon","travelling","cold","restaurant",0,0,0,"midday"
78,583,8,575,"weekend","lunch","travelling","unknown","grocery",0,0,0,"midday"
78,585,10,575,"weekend","lunch","travelling","cold","restaurant",0,0,0,"midday"
78,588,13,575,"weekday","evening","travelling","cold","restaurant",0,0,0,"night"
78,596,21,575,"weekday","breakfast","unknown","unknown","grocery",0,0,0,"morning"
78,599,24,575,"weekday","lunch","unknown","cold","grocery",0,0,0,"midday"
78,607,32,575,"weekend","beforelunch","unknown","hot","grocery",0,0,0,"midday"
78,613,38,575,"weekday","breakfast","travelling","warm","grocery",1,0,0,"morning"
78,616,41,575,"weekend","beforelunch","leisure","freezing","restaurant",0,0,0,"midday"
78,617,42,575,"weekday","afternoon","shopping","freezing","restaurant",0,0,0,"midday"
78,624,49,575,"weekday","morning","travelling","warm","restaurant",1,0,0,"morning"
78,632,57,575,"weekend","afternoon","leisure","cold","restaurant",0,1,0,"midday"
78,636,61,575,"weekday","beforelunch","working","freezing","restaurant",0,1,0,"midday"
78,637,62,575,"weekday","lunch","leisure","cold","restaurant",0,1,0,"midday"
78,646,71,575,"weekday","lunch","travelling","warm","restaurant",0,1,0,"midday"
78,647,72,575,"weekend","lunch","working","cold","grocery",1,1,0,"midday"
78,669,94,575,"weekday","earlymorning","unknown","unknown","restaurant",0,1,0,"morning"
78,670,95,575,"weekday","beforelunch","shopping","freezing","restaurant",0,1,0,"midday"
78,671,96,575,"weekday","morning","travelling","freezing","grocery",0,1,0,"morning"
78,674,99,575,"weekday","night","travelling","freezing","restaurant",0,1,0,"night"
78,677,102,575,"weekday","lunch","travelling","freezing","restaurant",0,1,0,"midday"
78,678,103,575,"weekend","dinner","unknown","freezing","grocery",0,1,0,"night"
78,686,111,575,"weekend","dinner","unknown","unknown","grocery",0,1,0,"night"
78,687,112,575,"weekend","breakfast","travelling","unknown","grocery",0,1,0,"morning"
78,691,116,575,"weekday","lunch","travelling","cold","restaurant",0,1,1,"midday"
78,699,124,575,"weekday","beforelunch","travelling","cold","restaurant",1,1,1,"midday"
78,700,125,575,"weekend","afternoon","unknown","cold","grocery",0,1,1,"midday"
78,701,126,575,"weekday","afternoon","working","cold","restaurant",1,1,1,"midday"
78,702,127,575,"weekday","afternoon","travelling","unknown","restaurant",0,1,1,"midday"
78,704,129,575,"weekday","night","travelling","freezing","grocery",0,1,1,"night"
78,710,135,575,"weekday","afternoon","working","unknown","grocery",1,1,1,"midday"
78,713,138,575,"unknown","dinner","shopping","freezing","grocery",0,1,1,"night"
78,714,139,575,"weekend","afternoon","shopping","unknown","grocery",0,1,1,"midday"
78,715,140,575,"weekday","lunch","leisure","cold","grocery",1,1,1,"midday"
78,717,142,575,"weekend","breakfast","shopping","freezing","restaurant",0,1,1,"morning"
78,720,145,575,"weekday","beforelunch","unknown","hot","restaurant",0,1,1,"midday"
78,721,146,575,"weekend","beforelunch","leisure","cold","restaurant",0,1,1,"midday"
78,727,152,575,"weekday","lunch","travelling","unknown","grocery",1,1,1,"midday"
78,731,156,575,"weekday","beforelunch","leisure","unknown","restaurant",1,1,1,"midday"
78,742,167,575,"weekday","night","travelling","cold","grocery",0,1,1,"night"
78,749,174,575,"weekday","morning","travelling","cold","restaurant",1,1,1,"morning"
78,752,177,575,"weekday","afternoon","travelling","cold","grocery",0,1,1,"midday"
78,758,183,575,"weekday","breakfast","travelling","freezing","grocery",0,1,1,"morning"
79,583,0,583,"weekday","lunch","travelling","cold","grocery",0,0,0,"midday"
79,584,1,583,"weekend","afternoon","unknown","unknown","restaurant",1,0,0,"midday"
79,586,3,583,"weekday","afternoon","morningrituals","freezing","restaurant",0,0,0,"midday"
79,587,4,583,"weekend","beforelunch","travelling","hot","grocery",0,0,0,"midday"
79,588,5,583,"weekday","afternoon","travelling","warm","grocery",0,0,0,"midday"
79,589,6,583,"weekday","afternoon","travelling","freezing","grocery",1,0,0,"midday"
79,592,9,583,"weekday","beforelunch","travelling","freezing","grocery",1,0,0,"midday"
79,595,12,583,"weekday","afternoon","travelling","unknown","grocery",1,0,0,"midday"
79,597,14,583,"weekend","beforelunch","travelling","warm","grocery",1,0,0,"midday"
79,598,15,583,"weekend","lunch","travelling","unknown","restaurant",0,0,0,"midday"
79,600,17,583,"weekend","earlymorning","travelling","unknown","grocery",0,0,0,"morning"
79,601,18,583,"weekend","lunch","travelling","cold","grocery",0,0,0,"midday"
79,603,20,583,"weekday","afternoon","unknown","cold","grocery",0,0,0,"midday"
79,605,22,583,"weekday","afternoon","working","unknown","restaurant",0,0,0,"midday"
79,606,23,583,"weekend","beforelunch","travelling","cold","restaurant",1,0,0,"midday"
79,607,24,583,"unknown","morning","travelling","freezing","grocery",0,0,0,"morning"
79,609,26,583,"weekend","lunch","travelling","cold","restaurant",0,0,0,"midday"
79,615,32,583,"weekday","breakfast","unknown","freezing","grocery",0,0,0,"morning"
79,616,33,583,"weekend","afternoon","unknown","freezing","grocery",1,0,0,"midday"
79,617,34,583,"weekday","morning","travelling","hot","grocery",0,0,0,"morning"
79,622,39,583,"weekday","unknown","shopping","cold","restaurant",1,0,0,"unknown"
79,624,41,583,"weekday","afternoon","travelling","warm","restaurant",1,0,0,"midday"
79,625,42,583,"weekend","afternoon","unknown","cold","restaurant",0,0,0,"midday"
79,627,44,583,"weekend","afternoon","travelling","warm","restaurant",0,0,0,"midday"
79,628,45,583,"weekend","unknown","workingout","freezing","restaurant",0,0,0,"unknown"
79,630,47,583,"weekday","lunch","travelling","unknown","restaurant",0,0,0,"midday"
79,631,48,583,"weekday","afternoon","travelling","warm","restaurant",1,0,0,"midday"
79,632,49,583,"weekday","afternoon","travelling","cold","grocery",1,0,0,"midday"
79,634,51,583,"weekday","afternoon","unknown","unknown","grocery",0,0,0,"midday"
79,635,52,583,"weekday","afternoon","working","warm","restaurant",0,0,0,"midday"
79,637,54,583,"weekday","afternoon","travelling","warm","grocery",0,0,0,"midday"
79,638,55,583,"weekend","lunch","shopping","warm","grocery",1,0,0,"midday"
79,640,57,583,"weekend","unknown","travelling","cold","grocery",1,1,0,"unknown"
79,641,58,583,"weekday","evening","leisure","unknown","grocery",0,1,0,"night"
79,642,59,583,"weekday","lunch","working","cold","restaurant",1,1,0,"midday"
79,643,60,583,"weekend","beforelunch","shopping","cold","grocery",1,1,0,"midday"
79,648,65,583,"weekday","afternoon","unknown","freezing","grocery",0,1,0,"midday"
79,649,66,583,"weekday","night","travelling","unknown","restaurant",1,1,0,"night"
79,651,68,583,"weekday","afternoon","shopping","cold","grocery",1,1,0,"midday"
79,652,69,583,"weekday","lunch","travelling","unknown","grocery",1,1,0,"midday"
79,653,70,583,"weekday","unknown","travelling","cold","restaurant",0,1,0,"unknown"
79,656,73,583,"weekend","lunch","travelling","freezing","restaurant",0,1,0,"midday"
79,657,74,583,"weekday","afternoon","unknown","warm","restaurant",0,1,0,"midday"
79,658,75,583,"weekday","morning","travelling","unknown","grocery",1,1,0,"morning"
79,661,78,583,"weekend","unknown","leisure","cold","restaurant",1,1,0,"unknown"
79,662,79,583,"weekday","afternoon","travelling","freezing","grocery",0,1,0,"midday"
79,663,80,583,"weekday","afternoon","unknown","cold","restaurant",0,1,0,"midday"
79,667,84,583,"weekday","dinner","unknown","warm","grocery",1,1,0,"night"
79,668,85,583,"weekday","breakfast","travelling","unknown","restaurant",0,1,0,"morning"
79,672,89,583,"weekend","afternoon","travelling","freezing","restaurant",1,1,0,"midday"
79,674,91,583,"weekday","beforelunch","unknown","hot","restaurant",0,1,0,"midday"
79,677,94,583,"weekday","lunch","travelling","freezing","grocery",0,1,0,"midday"
79,678,95,583,"weekend","breakfast","travelling","cold","restaurant",0,1,0,"morning"
79,679,96,583,"weekday","afternoon","unknown","freezing","grocery",1,1,0,"midday"
79,681,98,583,"weekday","beforelunch","travelling","unknown","grocery",0,1,0,"midday"
79,682,99,583,"weekday","morning","travelling","warm","restaurant",0,1,0,"morning"
79,686,103,583,"weekday","lunch","travelling","warm","grocery",0,1,0,"midday"
79,688,105,583,"weekday","breakfast","working","warm","grocery",1,1,0,"morning"
79,689,106,583,"weekday","morning","travelling","freezing","grocery",0,1,0,"morning"
79,695,112,583,"weekday","lunch","working","freezing","restaurant",1,1,0,"midday"
79,696,113,583,"weekday","lunch","travelling","freezing","restaurant",1,1,1,"midday"
79,697,114,583,"weekend","morning","working","cold","grocery",0,1,1,"morning"
79,699,116,583,"weekend","lunch","travelling","freezing","grocery",0,1,1,"midday"
79,702,119,583,"weekday","breakfast","shopping","cold","grocery",0,1,1,"morning"
79,704,121,583,"weekend","beforelunch","travelling","warm","restaurant",0,1,1,"midday"
79,708,125,583,"weekday","beforelunch","unknown","freezing","grocery",0,1,1,"midday"
79,709,126,583,"weekday","dinner","travelling","cold","grocery",0,1,1,"night"
79,710,127,583,"weekend","afternoon","travelling","warm","restaurant",0,1,1,"midday"
79,712,129,583,"weekday","dinner","morningrituals","warm","grocery",0,1,1,"night"
79,715,132,583,"weekday","beforelunch","unknown","unknown","restaurant",0,1,1,"midday"
79,716,133,583,"unknown","beforelunch","leisure","cold","grocery",0,1,1,"midday"
79,717,134,583,"weekday","afternoon","unknown","cold","restaurant",0,1,1,"midday"
79,720,137,583,"weekday","earlymorning","travelling","cold","restaurant",1,1,1,"morning"
79,721,138,583,"weekend","breakfast","travelling","unknown","grocery",0,1,1,"morning"
79,725,142,583,"weekday","afternoon","unknown","warm","grocery",0,1,1,"midday"
79,726,143,583,"weekday","afternoon","travelling","cold","restaurant",1,1,1,"midday"
79,727,144,583,"weekday","morning","travelling","cold","restaurant",0,1,1,"morning"
79,728,145,583,"unknown","beforelunch","housework","warm","restaurant",0,1,1,"midday"
79,730,147,583,"weekday","beforelunch","unknown","warm","grocery",0,1,1,"midday"
79,731,148,583,"weekday","beforelunch","travelling","unknown","grocery",0,1,1,"midday"
79,733,150,583,"weekday","beforelunch","travelling","cold","grocery",0,1,1,"midday"
79,735,152,583,"unknown","lunch","travelling","freezing","restaurant",0,1,1,"midday"
79,737,154,583,"weekday","beforelunch","travelling","cold","grocery",1,1,1,"midday"
79,738,155,583,"weekday","afternoon","unknown","freezing","grocery",0,1,1,"midday"
79,741,158,583,"weekday","beforelunch","working","freezing","restaurant",1,1,1,"midday"
79,742,159,583,"weekend","breakfast","working","warm","restaurant",0,1,1,"morning"
79,744,161,583,"weekday","morning","unknown","cold","grocery",0,1,1,"morning"
79,745,162,583,"weekend","lunch","housework","unknown","restaurant",1,1,1,"midday"
79,747,164,583,"weekday","beforelunch","travelling","hot","restaurant",0,1,1,"midday"
79,748,165,583,"weekday","lunch","travelling","warm","restaurant",1,1,1,"midday"
79,750,167,583,"weekend","afternoon","travelling","unknown","restaurant",1,1,1,"midday"
79,752,169,583,"weekday","beforelunch","travelling","cold","restaurant",0,1,1,"midday"
79,756,173,583,"weekend","afternoon","unknown","warm","grocery",1,1,1,"midday"
79,757,174,583,"weekday","breakfast","travelling","warm","grocery",1,1,1,"morning"
79,760,177,583,"unknown","earlymorning","unknown","cold","grocery",0,1,1,"morning"
79,761,178,583,"weekend","afternoon","travelling","freezing","grocery",0,1,1,"midday"
79,766,183,583,"weekday","lunch","travelling","freezing","restaurant",0,1,1,"midday"
80,595,1,594,"weekend","dinner","unknown","unknown","restaurant",0,0,0,"night"
80,596,2,594,"weekday","morning","travelling","cold","grocery",0,0,0,"morning"
80,597,3,594,"weekday","lunch","travelling","unknown","grocery",0,0,0,"midday"
80,598,4,594,"weekday","afternoon","travelling","freezing","restaurant",0,0,0,"midday"
80,601,7,594,"weekday","lunch","unknown","unknown","grocery",0,0,0,"midday"
80,602,8,594,"weekday","afternoon","travelling","cold","grocery",1,0,0,"midday"
80,604,10,594,"weekday","afternoon","travelling","freezing","restaurant",1,0,0,"midday"
80,605,11,594,"weekend","afternoon","working","cold","grocery",0,0,0,"midday"
80,607,13,594,"weekday","unknown","shopping","cold","restaurant",1,0,0,"unknown"
80,609,15,594,"weekday","afternoon","travelling","unknown","restaurant",0,0,0,"midday"
80,610,16,594,"weekday","beforelunch","travelling","warm","restaurant",0,0,0,"midday"
80,611,17,594,"weekday","afternoon","travelling","warm","grocery",0,0,0,"midday"
80,613,19,594,"weekend","morning","leisure","hot","grocery",0,0,0,"morning"
80,616,22,594,"weekday","breakfast","travelling","warm","grocery",0,0,0,"morning"
80,617,23,594,"weekday","afternoon","shopping","unknown","restaurant",0,0,0,"midday"
80,618,24,594,"weekday","breakfast","travelling","cold","restaurant",0,0,0,"morning"
80,619,25,594,"weekday","beforelunch","unknown","freezing","grocery",0,0,0,"midday"
80,621,27,594,"weekday","afternoon","travelling","hot","grocery",0,0,0,"midday"
80,624,30,594,"weekday","lunch","unknown","unknown","grocery",0,0,0,"midday"
80,626,32,594,"weekday","afternoon","travelling","cold","restaurant",0,0,0,"midday"
80,628,34,594,"weekend","breakfast","travelling","freezing","restaurant",0,0,0,"morning"
80,634,40,594,"weekend","lunch","travelling","cold","grocery",0,0,0,"midday"
80,636,42,594,"weekend","dinner","leisure","cold","grocery",1,0,0,"night"
80,637,43,594,"weekend","afternoon","travelling","cold","restaurant",1,0,0,"midday"
80,638,44,594,"weekend","dinner","housework","freezing","restaurant",0,0,0,"night"
80,639,45,594,"weekday","breakfast","travelling","unknown","restaurant",1,0,0,"morning"
80,641,47,594,"weekday","beforelunch","unknown","cold","restaurant",1,0,0,"midday"
80,642,48,594,"weekday","breakfast","travelling","cold","restaurant",0,0,0,"morning"
80,644,50,594,"weekday","lunch","shopping","unknown","restaurant",0,0,0,"midday"
80,646,52,594,"weekday","lunch","travelling","cold","grocery",0,0,0,"midday"
80,648,54,594,"weekend","afternoon","travelling","cold","grocery",1,0,0,"midday"
80,652,58,594,"weekday","afternoon","travelling","cold","restaurant",1,1,0,"midday"
80,653,59,594,"weekend","afternoon","unknown","cold","restaurant",0,1,0,"midday"
80,656,62,594,"weekday","unknown","travelling","freezing","restaurant",0,1,0,"unknown"
80,657,63,594,"weekend","lunch","travelling","warm","restaurant",0,1,0,"midday"
80,659,65,594,"weekend","breakfast","unknown","warm","grocery",0,1,0,"morning"
80,660,66,594,"weekend","morning","travelling","hot","grocery",0,1,0,"morning"
80,661,67,594,"weekday","afternoon","working","cold","grocery",0,1,0,"midday"
80,664,70,594,"weekend","lunch","unknown","cold","grocery",0,1,0,"midday"
80,666,72,594,"weekday","afternoon","shopping","freezing","grocery",0,1,0,"midday"
80,667,73,594,"weekday","afternoon","travelling","freezing","restaurant",0,1,0,"midday"
80,669,75,594,"weekend","lunch","shopping","hot","grocery",1,1,0,"midday"
80,670,76,594,"weekday","breakfast","travelling","warm","grocery",0,1,0,"morning"
80,672,78,594,"weekday","afternoon","travelling","freezing","grocery",0,1,0,"midday"
80,674,80,594,"weekday","afternoon","unknown","unknown","grocery",0,1,0,"midday"
80,676,82,594,"weekend","beforelunch","travelling","cold","restaurant",1,1,0,"midday"
80,678,84,594,"weekend","breakfast","travelling","cold","restaurant",0,1,0,"morning"
80,679,85,594,"weekend","night","shopping","cold","grocery",0,1,0,"night"
80,681,87,594,"weekend","dinner","leisure","cold","grocery",0,1,0,"night"
80,682,88,594,"weekday","evening","travelling","warm","restaurant",1,1,0,"night"
80,683,89,594,"weekday","morning","working","cold","restaurant",0,1,0,"morning"
80,684,90,594,"weekday","morning","travelling","cold","restaurant",1,1,0,"morning"
80,685,91,594,"weekend","afternoon","travelling","cold","restaurant",0,1,0,"midday"
80,686,92,594,"weekday","afternoon","morningrituals","unknown","restaurant",1,1,0,"midday"
80,688,94,594,"weekday","afternoon","working","cold","grocery",0,1,0,"midday"
80,689,95,594,"weekday","breakfast","travelling","hot","grocery",1,1,0,"morning"
80,690,96,594,"weekday","beforelunch","leisure","warm","restaurant",0,1,0,"midday"
80,691,97,594,"weekday","breakfast","travelling","cold","restaurant",1,1,0,"morning"
80,693,99,594,"weekday","beforelunch","travelling","freezing","restaurant",1,1,0,"midday"
80,694,100,594,"weekday","lunch","travelling","freezing","restaurant",0,1,0,"midday"
80,695,101,594,"weekday","beforelunch","working","unknown","grocery",0,1,0,"midday"
80,696,102,594,"weekday","lunch","travelling","unknown","grocery",1,1,0,"midday"
80,697,103,594,"weekday","afternoon","travelling","unknown","restaurant",1,1,0,"midday"
80,698,104,594,"weekend","lunch","travelling","unknown","grocery",1,1,0,"midday"
80,699,105,594,"weekday","beforelunch","travelling","cold","grocery",0,1,0,"midday"
80,701,107,594,"weekday","lunch","travelling","warm","restaurant",1,1,0,"midday"
80,702,108,594,"weekend","afternoon","unknown","hot","grocery",0,1,0,"midday"
80,704,110,594,"weekday","afternoon","unknown","cold","grocery",0,1,0,"midday"
80,705,111,594,"weekday","breakfast","working","unknown","grocery",0,1,0,"morning"
80,706,112,594,"weekend","breakfast","unknown","freezing","grocery",0,1,0,"morning"
80,707,113,594,"weekday","lunch","travelling","cold","grocery",0,1,1,"midday"
80,709,115,594,"unknown","afternoon","travelling","unknown","grocery",0,1,1,"midday"
80,711,117,594,"weekday","afternoon","travelling","cold","grocery",1,1,1,"midday"
80,713,119,594,"weekday","afternoon","working","cold","grocery",1,1,1,"midday"
80,716,122,594,"weekday","afternoon","unknown","cold","grocery",1,1,1,"midday"
80,717,123,594,"weekday","afternoon","shopping","warm","restaurant",1,1,1,"midday"
80,718,124,594,"weekday","beforelunch","travelling","cold","grocery",1,1,1,"midday"
80,719,125,594,"weekday","morning","travelling","hot","grocery",0,1,1,"morning"
80,721,127,594,"weekday","lunch","unknown","unknown","grocery",0,1,1,"midday"
80,722,128,594,"weekday","breakfast","travelling","cold","grocery",1,1,1,"morning"
80,723,129,594,"weekday","breakfast","travelling","hot","restaurant",1,1,1,"morning"
80,724,130,594,"weekday","breakfast","travelling","unknown","grocery",0,1,1,"morning"
80,725,131,594,"weekday","beforelunch","travelling","freezing","restaurant",0,1,1,"midday"
80,726,132,594,"weekend","lunch","morningrituals","cold","restaurant",1,1,1,"midday"
80,729,135,594,"weekday","afternoon","leisure","freezing","grocery",1,1,1,"midday"
80,730,136,594,"weekday","beforelunch","travelling","warm","grocery",0,1,1,"midday"
80,731,137,594,"weekend","afternoon","leisure","warm","grocery",1,1,1,"midday"
80,734,140,594,"weekday","afternoon","morningrituals","warm","restaurant",0,1,1,"midday"
80,735,141,594,"weekday","afternoon","travelling","cold","restaurant",0,1,1,"midday"
80,736,142,594,"unknown","lunch","leisure","freezing","restaurant",0,1,1,"midday"
80,737,143,594,"weekday","beforelunch","travelling","cold","grocery",0,1,1,"midday"
80,739,145,594,"weekend","beforelunch","travelling","unknown","restaurant",0,1,1,"midday"
80,740,146,594,"weekday","lunch","travelling","freezing","restaurant",0,1,1,"midday"
80,742,148,594,"weekday","afternoon","leisure","freezing","restaurant",0,1,1,"midday"
80,743,149,594,"weekday","lunch","working","unknown","grocery",0,1,1,"midday"
80,744,150,594,"weekend","afternoon","travelling","hot","restaurant",0,1,1,"midday"
80,745,151,594,"weekday","lunch","travelling","warm","grocery",0,1,1,"midday"
80,749,155,594,"weekday","evening","travelling","freezing","grocery",0,1,1,"night"
80,750,156,594,"weekday","afternoon","travelling","unknown","grocery",0,1,1,"midday"
80,752,158,594,"weekday","beforelunch","leisure","freezing","grocery",0,1,1,"midday"
80,753,159,594,"weekend","lunch","travelling","unknown","restaurant",0,1,1,"midday"
80,755,161,594,"weekend","lunch","working","freezing","grocery",0,1,1,"midday"
80,756,162,594,"weekday","breakfast","travelling","unknown","restaurant",0,1,1,"morning"
80,759,165,594,"weekday","afternoon","working","unknown","restaurant",1,1,1,"midday"
80,760,166,594,"weekday","breakfast","leisure","cold","restaurant",1,1,1,"morning"
80,761,167,594,"weekday","afternoon","travelling","warm","restaurant",0,1,1,"midday"
80,762,168,594,"weekday","lunch","travelling","cold","grocery",0,1,1,"midday"
80,763,169,594,"weekday","breakfast","unknown","cold","restaurant",1,1,1,"morning"
80,764,170,594,"weekend","lunch","travelling","cold","restaurant",0,1,1,"midday"
80,765,171,594,"weekday","night","travelling","cold","restaurant",0,1,1,"night"
80,766,172,594,"weekday","beforelunch","travelling","warm","grocery",1,1,1,"midday"
80,767,173,594,"weekend","breakfast","shopping","cold","restaurant",0,1,1,"morning"
80,768,174,594,"weekday","afternoon","travelling","freezing","grocery",1,1,1,"midday"
80,769,175,594,"weekday","lunch","working","cold","restaurant",0,1,1,"midday"
80,771,177,594,"weekday","breakfast","travelling","cold","restaurant",0,1,1,"morning"
80,772,178,594,"weekday","afternoon","travelling","warm","grocery",0,1,1,"midday"
80,774,180,594,"weekday","beforelunch","working","warm","restaurant",0,1,1,"midday"
80,775,181,594,"weekend","beforelunch","working","unknown","restaurant",0,1,1,"midday"
80,776,182,594,"weekend","afternoon","working","freezing","restaurant",0,1,1,"midday"
80,777,183,594,"weekday","afternoon","travelling","unknown","restaurant",1,1,1,"midday"
81,604,2,602,"weekday","lunch","leisure","warm","restaurant",0,0,0,"midday"
81,605,3,602,"weekday","afternoon","working","warm","grocery",0,0,0,"midday"
81,608,6,602,"weekday","lunch","shopping","unknown","grocery",1,0,0,"midday"
81,609,7,602,"weekday","afternoon","shopping","warm","restaurant",0,0,0,"midday"
81,611,9,602,"weekday","breakfast","working","unknown","restaurant",0,0,0,"morning"
81,612,10,602,"weekend","beforelunch","working","unknown","grocery",0,0,0,"midday"
81,613,11,602,"weekday","morning","working","cold","grocery",0,0,0,"morning"
81,614,12,602,"weekend","afternoon","travelling","freezing","grocery",0,0,0,"midday"
81,615,13,602,"weekday","beforelunch","travelling","freezing","restaurant",1,0,0,"midday"
81,616,14,602,"weekday","afternoon","travelling","freezing","grocery",0,0,0,"midday"
81,617,15,602,"weekend","lunch","travelling","unknown","restaurant",1,0,0,"midday"
81,618,16,602,"weekend","morning","unknown","freezing","restaurant",0,0,0,"morning"
81,621,19,602,"weekday","beforelunch","working","freezing","grocery",0,0,0,"midday"
81,623,21,602,"weekday","afternoon","travelling","cold","restaurant",0,0,0,"midday"
81,625,23,602,"weekday","breakfast","travelling","warm","grocery",0,0,0,"morning"
81,626,24,602,"weekday","lunch","leisure","unknown","restaurant",0,0,0,"midday"
81,629,27,602,"weekend","unknown","unknown","freezing","grocery",0,0,0,"unknown"
81,632,30,602,"weekend","afternoon","travelling","cold","restaurant",0,0,0,"midday"
81,636,34,602,"weekday","beforelunch","travelling","warm","grocery",0,0,0,"midday"
81,637,35,602,"weekday","beforelunch","travelling","cold","restaurant",1,0,0,"midday"
81,642,40,602,"weekend","breakfast","working","unknown","grocery",0,0,0,"morning"
81,644,42,602,"weekday","evening","unknown","unknown","grocery",1,0,0,"night"
81,646,44,602,"weekend","dinner","travelling","cold","grocery",1,0,0,"night"
81,648,46,602,"weekend","afternoon","morningrituals","warm","restaurant",0,0,0,"midday"
81,650,48,602,"weekday","lunch","travelling","freezing","restaurant",0,0,0,"midday"
81,655,53,602,"weekday","lunch","travelling","cold","restaurant",0,0,0,"midday"
81,656,54,602,"weekend","afternoon","travelling","warm","restaurant",0,0,0,"midday"
81,657,55,602,"weekday","lunch","travelling","cold","grocery",0,0,0,"midday"
81,658,56,602,"weekday","afternoon","travelling","freezing","restaurant",0,0,0,"midday"
81,660,58,602,"weekday","beforelunch","travelling","cold","grocery",0,1,0,"midday"
81,661,59,602,"weekday","afternoon","travelling","cold","grocery",0,1,0,"midday"
81,663,61,602,"weekday","lunch","travelling","freezing","restaurant",0,1,0,"midday"
81,664,62,602,"weekday","earlymorning","unknown","freezing","grocery",1,1,0,"morning"
81,665,63,602,"weekend","beforelunch","leisure","freezing","restaurant",1,1,0,"midday"
81,666,64,602,"weekday","afternoon","travelling","freezing","restaurant",0,1,0,"midday"
81,669,67,602,"weekday","beforelunch","travelling","freezing","grocery",0,1,0,"midday"
81,670,68,602,"weekday","morning","unknown","unknown","grocery",0,1,0,"morning"
81,672,70,602,"weekday","earlymorning","leisure","cold","restaurant",0,1,0,"morning"
81,674,72,602,"weekday","lunch","unknown","hot","restaurant",1,1,0,"midday"
81,676,74,602,"weekday","afternoon","travelling","freezing","restaurant",1,1,0,"midday"
81,678,76,602,"unknown","breakfast","shopping","freezing","grocery",0,1,0,"morning"
81,679,77,602,"weekend","latenight","travelling","freezing","restaurant",0,1,0,"night"
81,681,79,602,"weekday","lunch","travelling","freezing","restaurant",1,1,0,"midday"
81,683,81,602,"weekday","breakfast","unknown","warm","grocery",0,1,0,"morning"
81,685,83,602,"weekday","lunch","unknown","warm","restaurant",0,1,0,"midday"
81,686,84,602,"unknown","morning","travelling","hot","restaurant",1,1,0,"morning"
81,688,86,602,"weekday","beforelunch","travelling","hot","grocery",1,1,0,"midday"
81,691,89,602,"weekday","beforelunch","unknown","freezing","restaurant",1,1,0,"midday"
81,694,92,602,"weekday","beforelunch","travelling","cold","grocery",0,1,0,"midday"
81,695,93,602,"weekend","afternoon","travelling","unknown","restaurant",0,1,0,"midday"
81,696,94,602,"weekend","lunch","travelling","cold","restaurant",0,1,0,"midday"
81,699,97,602,"weekend","beforelunch","travelling","cold","grocery",0,1,0,"midday"
81,701,99,602,"weekday","lunch","unknown","cold","grocery",1,1,0,"midday"
81,702,100,602,"weekday","beforelunch","working","freezing","restaurant",0,1,0,"midday"
81,703,101,602,"weekend","evening","unknown","hot","restaurant",0,1,0,"night"
81,704,102,602,"weekend","breakfast","shopping","freezing","grocery",1,1,0,"morning"
81,705,103,602,"weekend","beforelunch","working","cold","restaurant",1,1,0,"midday"
81,707,105,602,"weekday","evening","travelling","hot","restaurant",1,1,0,"night"
81,708,106,602,"weekend","breakfast","travelling","cold","grocery",0,1,0,"morning"
81,709,107,602,"weekday","afternoon","travelling","unknown","restaurant",1,1,0,"midday"
81,712,110,602,"weekday","lunch","travelling","freezing","restaurant",0,1,0,"midday"
81,713,111,602,"weekday","beforelunch","unknown","hot","restaurant",0,1,0,"midday"
81,714,112,602,"weekday","lunch","travelling","warm","grocery",1,1,0,"midday"
81,715,113,602,"weekday","afternoon","leisure","unknown","restaurant",0,1,1,"midday"
81,716,114,602,"weekday","breakfast","leisure","freezing","restaurant",1,1,1,"morning"
81,718,116,602,"weekday","beforelunch","leisure","unknown","restaurant",0,1,1,"midday"
81,719,117,602,"weekday","lunch","travelling","hot","restaurant",0,1,1,"midday"
81,722,120,602,"weekday","lunch","shopping","hot","restaurant",0,1,1,"midday"
81,723,121,602,"weekend","morning","travelling","cold","grocery",0,1,1,"morning"
81,724,122,602,"weekday","lunch","morningrituals","freezing","restaurant",1,1,1,"midday"
81,725,123,602,"weekday","afternoon","travelling","freezing","restaurant",0,1,1,"midday"
81,726,124,602,"weekday","beforelunch","working","warm","restaurant",0,1,1,"midday"
81,730,128,602,"weekday","earlymorning","travelling","unknown","grocery",0,1,1,"morning"
81,732,130,602,"weekday","breakfast","working","cold","grocery",0,1,1,"morning"
81,733,131,602,"weekend","lunch","travelling","freezing","restaurant",0,1,1,"midday"
81,734,132,602,"weekend","lunch","travelling","unknown","restaurant",0,1,1,"midday"
81,735,133,602,"weekday","morning","travelling","unknown","grocery",1,1,1,"morning"
81,739,137,602,"weekday","lunch","travelling","freezing","grocery",0,1,1,"midday"
81,741,139,602,"weekday","earlymorning","travelling","cold","restaurant",0,1,1,"morning"
81,743,141,602,"weekday","beforelunch","travelling","warm","restaurant",0,1,1,"midday"
81,745,143,602,"weekend","lunch","leisure","freezing","grocery",1,1,1,"midday"
81,746,144,602,"weekend","lunch","travelling","warm","restaurant",0,1,1,"midday"
81,747,145,602,"weekday","lunch","travelling","freezing","grocery",0,1,1,"midday"
81,748,146,602,"weekend","afternoon","travelling","unknown","restaurant",0,1,1,"midday"
81,749,147,602,"weekday","afternoon","travelling","freezing","restaurant",1,1,1,"midday"
81,750,148,602,"weekday","lunch","leisure","hot","grocery",0,1,1,"midday"
81,751,149,602,"weekday","unknown","travelling","freezing","grocery",1,1,1,"unknown"
81,756,154,602,"weekday","lunch","working","cold","restaurant",0,1,1,"midday"
81,757,155,602,"weekend","morning","travelling","freezing","restaurant",1,1,1,"morning"
81,760,158,602,"weekday","afternoon","leisure","warm","restaurant",1,1,1,"midday"
81,761,159,602,"weekday","afternoon","unknown","warm","restaurant",0,1,1,"midday"
81,762,160,602,"weekday","afternoon","travelling","unknown","restaurant",1,1,1,"midday"
81,763,161,602,"weekday","lunch","travelling","cold","restaurant",0,1,1,"midday"
81,764,162,602,"weekday","evening","travelling","unknown","restaurant",0,1,1,"night"
81,765,163,602,"weekend","afternoon","travelling","unknown","grocery",1,1,1,"midday"
81,767,165,602,"weekend","lunch","travelling","freezing","grocery",0,1,1,"midday"
81,769,167,602,"weekend","lunch","travelling","cold","grocery",0,1,1,"midday"
81,771,169,602,"weekday","afternoon","travelling","freezing","restaurant",0,1,1,"midday"
81,772,170,602,"weekday","afternoon","travelling","hot","grocery",1,1,1,"midday"
81,773,171,602,"weekend","afternoon","working","cold","grocery",0,1,1,"midday"
81,775,173,602,"weekend","lunch","shopping","freezing","restaurant",0,1,1,"midday"
81,776,174,602,"weekday","breakfast","travelling","unknown","grocery",1,1,1,"morning"
81,777,175,602,"weekend","afternoon","leisure","freezing","grocery",0,1,1,"midday"
81,779,177,602,"weekday","breakfast","travelling","unknown","grocery",0,1,1,"morning"
81,780,178,602,"weekend","morning","working","unknown","grocery",1,1,1,"morning"
81,781,179,602,"weekday","latenight","shopping","freezing","restaurant",1,1,1,"night"
81,782,180,602,"weekday","earlymorning","travelling","cold","restaurant",1,1,1,"morning"
81,783,181,602,"weekday","breakfast","unknown","unknown","grocery",0,1,1,"morning"
81,785,183,602,"weekday","afternoon","working","warm","grocery",0,1,1,"midday"
82,615,2,613,"weekday","breakfast","shopping","cold","grocery",0,0,0,"morning"
82,617,4,613,"weekday","afternoon","shopping","cold","restaurant",0,0,0,"midday"
82,618,5,613,"weekday","earlymorning","travelling","cold","restaurant",1,0,0,"morning"
82,621,8,613,"weekday","lunch","travelling","unknown","grocery",0,0,0,"midday"
82,624,11,613,"weekend","beforelunch","leisure","cold","restaurant",0,0,0,"midday"
82,626,13,613,"weekend","beforelunch","travelling","cold","grocery",1,0,0,"midday"
82,629,16,613,"weekday","afternoon","shopping","warm","grocery",0,0,0,"midday"
82,632,19,613,"weekday","afternoon","unknown","freezing","grocery",1,0,0,"midday"
82,635,22,613,"weekend","earlymorning","unknown","warm","restaurant",0,0,0,"morning"
82,638,25,613,"weekday","afternoon","travelling","freezing","restaurant",1,0,0,"midday"
82,640,27,613,"weekday","afternoon","leisure","unknown","grocery",0,0,0,"midday"
82,642,29,613,"weekday","beforelunch","travelling","unknown","grocery",0,0,0,"midday"
82,643,30,613,"weekend","breakfast","working","cold","grocery",0,0,0,"morning"
82,651,38,613,"weekday","morning","unknown","freezing","grocery",0,0,0,"morning"
82,653,40,613,"weekend","breakfast","shopping","cold","restaurant",1,0,0,"morning"
82,656,43,613,"unknown","breakfast","travelling","warm","restaurant",0,0,0,"morning"
82,661,48,613,"weekday","evening","travelling","freezing","grocery",0,0,0,"night"
82,663,50,613,"weekday","lunch","unknown","cold","grocery",0,0,0,"midday"
82,666,53,613,"weekday","beforelunch","leisure","cold","restaurant",0,0,0,"midday"
82,667,54,613,"weekend","lunch","travelling","hot","restaurant",0,0,0,"midday"
82,668,55,613,"weekday","dinner","travelling","unknown","grocery",1,0,0,"night"
82,671,58,613,"unknown","lunch","travelling","hot","grocery",0,1,0,"midday"
82,674,61,613,"weekday","lunch","travelling","warm","restaurant",1,1,0,"midday"
82,675,62,613,"weekday","afternoon","travelling","cold","restaurant",1,1,0,"midday"
82,676,63,613,"weekday","afternoon","travelling","cold","restaurant",0,1,0,"midday"
82,677,64,613,"weekday","dinner","travelling","cold","grocery",0,1,0,"night"
82,678,65,613,"weekend","beforelunch","travelling","hot","grocery",1,1,0,"midday"
82,679,66,613,"weekend","afternoon","travelling","warm","restaurant",1,1,0,"midday"
82,680,67,613,"weekend","lunch","travelling","unknown","restaurant",0,1,0,"midday"
82,682,69,613,"weekend","lunch","travelling","cold","grocery",1,1,0,"midday"
82,683,70,613,"weekday","morning","unknown","unknown","restaurant",0,1,0,"morning"
82,687,74,613,"weekday","beforelunch","travelling","freezing","grocery",0,1,0,"midday"
82,688,75,613,"weekday","unknown","travelling","unknown","restaurant",1,1,0,"unknown"
82,689,76,613,"weekend","morning","travelling","unknown","restaurant",0,1,0,"morning"
82,691,78,613,"weekday","lunch","unknown","freezing","grocery",0,1,0,"midday"
82,694,81,613,"weekday","breakfast","travelling","cold","restaurant",1,1,0,"morning"
82,695,82,613,"weekday","unknown","working","freezing","grocery",0,1,0,"unknown"
82,700,87,613,"weekend","breakfast","travelling","warm","restaurant",0,1,0,"morning"
82,703,90,613,"weekday","afternoon","travelling","warm","restaurant",0,1,0,"midday"
82,708,95,613,"weekend","afternoon","travelling","warm","grocery",0,1,0,"midday"
82,711,98,613,"weekday","afternoon","unknown","warm","grocery",0,1,0,"midday"
82,712,99,613,"weekday","beforelunch","leisure","freezing","grocery",0,1,0,"midday"
82,715,102,613,"weekend","latenight","leisure","cold","grocery",0,1,0,"night"
82,718,105,613,"weekday","afternoon","travelling","cold","grocery",1,1,0,"midday"
82,723,110,613,"weekend","unknown","working","cold","restaurant",1,1,0,"unknown"
82,725,112,613,"weekday","beforelunch","unknown","freezing","restaurant",0,1,0,"midday"
82,727,114,613,"weekday","afternoon","travelling","cold","grocery",0,1,1,"midday"
82,729,116,613,"weekend","breakfast","travelling","freezing","grocery",0,1,1,"morning"
82,733,120,613,"weekend","breakfast","morningrituals","freezing","grocery",0,1,1,"morning"
82,737,124,613,"weekday","lunch","travelling","freezing","grocery",1,1,1,"midday"
82,738,125,613,"weekend","afternoon","travelling","freezing","restaurant",1,1,1,"midday"
82,740,127,613,"weekday","lunch","unknown","unknown","restaurant",0,1,1,"midday"
82,744,131,613,"weekday","afternoon","travelling","cold","grocery",0,1,1,"midday"
82,745,132,613,"weekday","afternoon","travelling","hot","restaurant",1,1,1,"midday"
82,746,133,613,"weekday","morning","leisure","freezing","grocery",1,1,1,"morning"
82,749,136,613,"weekend","beforelunch","travelling","warm","restaurant",0,1,1,"midday"
82,752,139,613,"weekday","lunch","working","cold","restaurant",0,1,1,"midday"
82,756,143,613,"weekday","afternoon","morningrituals","cold","grocery",0,1,1,"midday"
82,757,144,613,"weekday","morning","travelling","cold","grocery",0,1,1,"morning"
82,760,147,613,"weekday","beforelunch","shopping","freezing","grocery",0,1,1,"midday"
82,764,151,613,"weekend","lunch","unknown","cold","grocery",0,1,1,"midday"
82,770,157,613,"weekday","breakfast","travelling","unknown","restaurant",0,1,1,"morning"
82,771,158,613,"weekday","dinner","unknown","freezing","restaurant",0,1,1,"night"
82,774,161,613,"weekday","afternoon","travelling","unknown","grocery",0,1,1,"midday"
82,775,162,613,"weekday","lunch","travelling","freezing","grocery",0,1,1,"midday"
82,782,169,613,"weekday","lunch","travelling","warm","restaurant",0,1,1,"midday"
82,783,170,613,"weekend","afternoon","working","cold","restaurant",0,1,1,"midday"
82,785,172,613,"weekday","afternoon","unknown","unknown","restaurant",0,1,1,"midday"
82,786,173,613,"weekend","afternoon","unknown","cold","restaurant",0,1,1,"midday"
82,791,178,613,"weekday","afternoon","travelling","hot","restaurant",1,1,1,"midday"
82,792,179,613,"weekday","earlymorning","travelling","warm","grocery",0,1,1,"morning"
82,793,180,613,"unknown","dinner","travelling","cold","restaurant",1,1,1,"night"
82,796,183,613,"weekend","afternoon","travelling","unknown","restaurant",0,1,1,"midday"
83,631,5,626,"weekday","beforelunch","unknown","cold","grocery",0,0,0,"midday"
83,633,7,626,"weekday","morning","travelling","freezing","restaurant",1,0,0,"morning"
83,634,8,626,"weekend","dinner","travelling","unknown","restaurant",1,0,0,"night"
83,645,19,626,"weekday","breakfast","travelling","cold","restaurant",1,0,0,"morning"
83,647,21,626,"weekday","lunch","travelling","unknown","grocery",1,0,0,"midday"
83,649,23,626,"weekday","lunch","travelling","cold","restaurant",0,0,0,"midday"
83,679,53,626,"weekday","afternoon","travelling","warm","grocery",1,0,0,"midday"
83,697,71,626,"weekday","lunch","unknown","cold","grocery",1,1,0,"midday"
83,699,73,626,"weekday","beforelunch","travelling","unknown","restaurant",0,1,0,"midday"
83,703,77,626,"weekday","beforelunch","travelling","hot","grocery",0,1,0,"midday"
83,705,79,626,"weekday","unknown","working","unknown","restaurant",1,1,0,"unknown"
83,706,80,626,"weekend","beforelunch","working","cold","grocery",1,1,0,"midday"
83,709,83,626,"weekday","afternoon","travelling","cold","grocery",0,1,0,"midday"
83,718,92,626,"weekend","breakfast","leisure","cold","grocery",0,1,0,"morning"
83,731,105,626,"weekday","lunch","travelling","freezing","restaurant",1,1,0,"midday"
83,732,106,626,"weekday","lunch","travelling","freezing","restaurant",0,1,0,"midday"
83,742,116,626,"weekend","afternoon","travelling","warm","grocery",0,1,1,"midday"
83,745,119,626,"weekend","latenight","travelling","freezing","restaurant",0,1,1,"night"
83,748,122,626,"weekday","afternoon","travelling","unknown","restaurant",0,1,1,"midday"
83,769,143,626,"weekend","lunch","unknown","unknown","restaurant",1,1,1,"midday"
83,780,154,626,"weekday","lunch","travelling","unknown","restaurant",1,1,1,"midday"
83,792,166,626,"weekday","afternoon","morningrituals","cold","restaurant",0,1,1,"midday"
83,795,169,626,"weekend","lunch","travelling","cold","restaurant",1,1,1,"midday"
83,803,177,626,"weekday","lunch","travelling","freezing","restaurant",0,1,1,"midday"
83,805,179,626,"weekend","afternoon","unknown","warm","grocery",0,1,1,"midday"
84,647,11,636,"weekday","afternoon","travelling","cold","restaurant",1,0,0,"midday"
84,648,12,636,"weekend","unknown","travelling","freezing","restaurant",1,0,0,"unknown"
84,654,18,636,"weekend","breakfast","unknown","cold","restaurant",1,0,0,"morning"
84,664,28,636,"weekend","lunch","unknown","freezing","grocery",0,0,0,"midday"
84,666,30,636,"weekend","morning","travelling","cold","restaurant",0,0,0,"morning"
84,669,33,636,"weekday","beforelunch","travelling","warm","restaurant",1,0,0,"midday"
84,672,36,636,"weekday","lunch","travelling","warm","restaurant",1,0,0,"midday"
84,680,44,636,"weekday","breakfast","travelling","warm","grocery",1,0,0,"morning"
84,683,47,636,"weekday","beforelunch","leisure","cold","grocery",0,0,0,"midday"
84,684,48,636,"weekday","breakfast","shopping","cold","grocery",0,0,0,"morning"
84,688,52,636,"unknown","afternoon","travelling","cold","grocery",0,0,0,"midday"
84,692,56,636,"weekday","beforelunch","unknown","cold","grocery",0,0,0,"midday"
84,693,57,636,"weekday","beforelunch","unknown","unknown","restaurant",0,1,0,"midday"
84,706,70,636,"weekday","evening","travelling","freezing","grocery",0,1,0,"night"
84,707,71,636,"weekday","evening","travelling","warm","restaurant",0,1,0,"night"
84,713,77,636,"weekday","lunch","working","unknown","grocery",0,1,0,"midday"
84,721,85,636,"weekend","afternoon","unknown","warm","grocery",0,1,0,"midday"
84,733,97,636,"weekday","morning","travelling","unknown","grocery",0,1,0,"morning"
84,739,103,636,"weekday","afternoon","travelling","freezing","restaurant",0,1,0,"midday"
84,742,106,636,"weekday","afternoon","travelling","unknown","restaurant",0,1,0,"midday"
84,749,113,636,"weekday","lunch","travelling","cold","grocery",0,1,1,"midday"
84,752,116,636,"weekend","lunch","travelling","unknown","grocery",1,1,1,"midday"
84,762,126,636,"weekday","lunch","travelling","cold","grocery",0,1,1,"midday"
84,763,127,636,"weekend","breakfast","unknown","unknown","restaurant",0,1,1,"morning"
84,769,133,636,"weekend","afternoon","travelling","warm","grocery",1,1,1,"midday"
84,772,136,636,"weekday","afternoon","travelling","cold","restaurant",0,1,1,"midday"
84,777,141,636,"weekday","afternoon","travelling","cold","restaurant",1,1,1,"midday"
84,780,144,636,"weekend","afternoon","working","unknown","grocery",1,1,1,"midday"
84,798,162,636,"weekday","earlymorning","working","freezing","restaurant",0,1,1,"morning"
84,802,166,636,"weekday","dinner","shopping","freezing","restaurant",1,1,1,"night"
84,809,173,636,"weekday","afternoon","travelling","unknown","grocery",0,1,1,"midday"
84,814,178,636,"weekend","beforelunch","working","unknown","grocery",0,1,1,"midday"
84,816,180,636,"weekend","afternoon","travelling","freezing","restaurant",1,1,1,"midday"
84,817,181,636,"weekday","evening","travelling","freezing","grocery",0,1,1,"night"
85,689,48,641,"weekday","breakfast","travelling","freezing","grocery",1,0,0,"morning"
85,690,49,641,"weekday","beforelunch","unknown","unknown","grocery",0,0,0,"midday"
85,717,76,641,"weekend","lunch","unknown","freezing","grocery",0,1,0,"midday"
85,721,80,641,"weekday","beforelunch","travelling","unknown","restaurant",0,1,0,"midday"
85,722,81,641,"weekend","lunch","morningrituals","cold","grocery",0,1,0,"midday"
85,755,114,641,"weekend","beforelunch","shopping","freezing","grocery",1,1,1,"midday"
85,790,149,641,"weekday","afternoon","unknown","freezing","restaurant",0,1,1,"midday"
85,799,158,641,"weekday","latenight","unknown","unknown","restaurant",0,1,1,"night"
85,807,166,641,"weekend","afternoon","unknown","warm","restaurant",1,1,1,"midday"
85,818,177,641,"weekday","dinner","travelling","freezing","restaurant",1,1,1,"night"
86,650,2,648,"weekday","lunch","working","unknown","grocery",1,0,0,"midday"
86,652,4,648,"weekday","lunch","travelling","cold","restaurant",0,0,0,"midday"
86,655,7,648,"weekend","afternoon","travelling","cold","restaurant",1,0,0,"midday"
86,657,9,648,"weekend","breakfast","working","unknown","grocery",0,0,0,"morning"
86,660,12,648,"weekday","morning","shopping","warm","restaurant",0,0,0,"morning"
86,661,13,648,"weekday","dinner","leisure","freezing","grocery",0,0,0,"night"
86,663,15,648,"weekday","beforelunch","unknown","warm","restaurant",0,0,0,"midday"
86,665,17,648,"weekday","dinner","travelling","freezing","restaurant",0,0,0,"night"
86,666,18,648,"weekend","night","travelling","unknown","grocery",1,0,0,"night"
86,671,23,648,"weekday","lunch","unknown","unknown","grocery",0,0,0,"midday"
86,675,27,648,"weekday","night","unknown","unknown","grocery",0,0,0,"night"
86,677,29,648,"weekday","beforelunch","travelling","freezing","grocery",0,0,0,"midday"
86,678,30,648,"weekday","earlymorning","working","cold","restaurant",1,0,0,"morning"
86,680,32,648,"weekday","afternoon","working","unknown","restaurant",0,0,0,"midday"
86,684,36,648,"weekend","earlymorning","unknown","freezing","grocery",0,0,0,"morning"
86,685,37,648,"weekday","dinner","travelling","cold","restaurant",0,0,0,"night"
86,687,39,648,"weekend","afternoon","unknown","hot","grocery",0,0,0,"midday"
86,692,44,648,"weekday","beforelunch","travelling","cold","restaurant",0,0,0,"midday"
86,694,46,648,"weekday","afternoon","travelling","cold","grocery",0,0,0,"midday"
86,695,47,648,"weekday","morning","travelling","cold","restaurant",0,0,0,"morning"
86,700,52,648,"weekday","morning","travelling","unknown","restaurant",0,0,0,"morning"
86,702,54,648,"weekday","afternoon","unknown","warm","restaurant",1,0,0,"midday"
86,703,55,648,"weekday","afternoon","travelling","cold","grocery",0,0,0,"midday"
86,712,64,648,"weekend","beforelunch","unknown","unknown","grocery",0,1,0,"midday"
86,713,65,648,"weekday","afternoon","working","unknown","restaurant",0,1,0,"midday"
86,718,70,648,"weekday","afternoon","travelling","warm","grocery",0,1,0,"midday"
86,724,76,648,"weekday","afternoon","travelling","hot","restaurant",1,1,0,"midday"
86,731,83,648,"weekend","breakfast","leisure","unknown","grocery",1,1,0,"morning"
86,741,93,648,"weekday","beforelunch","travelling","cold","restaurant",0,1,0,"midday"
86,742,94,648,"weekday","lunch","leisure","hot","grocery",1,1,0,"midday"
86,746,98,648,"weekday","afternoon","travelling","unknown","grocery",0,1,0,"midday"
86,753,105,648,"weekday","breakfast","travelling","hot","restaurant",1,1,0,"morning"
86,768,120,648,"weekday","lunch","working","warm","grocery",1,1,1,"midday"
86,770,122,648,"weekend","afternoon","leisure","warm","restaurant",0,1,1,"midday"
86,780,132,648,"weekday","lunch","travelling","freezing","grocery",1,1,1,"midday"
86,784,136,648,"weekday","breakfast","unknown","cold","restaurant",0,1,1,"morning"
86,785,137,648,"weekend","morning","travelling","cold","grocery",0,1,1,"morning"
86,788,140,648,"weekday","beforelunch","travelling","cold","restaurant",1,1,1,"midday"
86,792,144,648,"weekday","afternoon","travelling","unknown","grocery",0,1,1,"midday"
86,795,147,648,"weekend","morning","travelling","warm","restaurant",1,1,1,"morning"
86,798,150,648,"weekday","afternoon","travelling","unknown","restaurant",0,1,1,"midday"
86,802,154,648,"weekday","afternoon","travelling","warm","restaurant",1,1,1,"midday"
86,803,155,648,"weekday","lunch","travelling","warm","grocery",0,1,1,"midday"
86,807,159,648,"weekday","afternoon","travelling","cold","restaurant",0,1,1,"midday"
86,812,164,648,"weekday","breakfast","working","cold","restaurant",0,1,1,"morning"
86,817,169,648,"weekday","breakfast","leisure","warm","restaurant",0,1,1,"morning"
86,824,176,648,"weekday","afternoon","travelling","cold","restaurant",0,1,1,"midday"
86,826,178,648,"weekday","morning","working","freezing","grocery",1,1,1,"morning"
86,827,179,648,"unknown","morning","unknown","cold","grocery",0,1,1,"morning"
86,830,182,648,"weekday","lunch","travelling","warm","restaurant",0,1,1,"midday"
87,661,0,661,"weekday","afternoon","travelling","freezing","restaurant",0,0,0,"midday"
87,662,1,661,"weekday","evening","travelling","warm","restaurant",1,0,0,"night"
87,663,2,661,"weekday","dinner","travelling","freezing","grocery",0,0,0,"night"
87,665,4,661,"weekend","afternoon","travelling","hot","grocery",0,0,0,"midday"
87,667,6,661,"weekend","afternoon","shopping","warm","grocery",1,0,0,"midday"
87,669,8,661,"weekday","beforelunch","shopping","unknown","grocery",0,0,0,"midday"
87,671,10,661,"weekday","beforelunch","travelling","freezing","grocery",0,0,0,"midday"
87,672,11,661,"weekday","beforelunch","travelling","freezing","grocery",0,0,0,"midday"
87,674,13,661,"weekday","beforelunch","shopping","cold","grocery",0,0,0,"midday"
87,677,16,661,"weekend","afternoon","working","unknown","grocery",0,0,0,"midday"
87,678,17,661,"weekend","lunch","travelling","warm","grocery",1,0,0,"midday"
87,679,18,661,"weekend","unknown","travelling","hot","restaurant",1,0,0,"unknown"
87,685,24,661,"weekday","afternoon","unknown","freezing","grocery",1,0,0,"midday"
87,686,25,661,"weekday","lunch","travelling","hot","restaurant",0,0,0,"midday"
87,687,26,661,"weekday","latenight","unknown","unknown","restaurant",1,0,0,"night"
87,688,27,661,"weekday","breakfast","travelling","cold","grocery",0,0,0,"morning"
87,689,28,661,"weekday","breakfast","travelling","unknown","restaurant",0,0,0,"morning"
87,690,29,661,"weekend","lunch","leisure","hot","grocery",0,0,0,"midday"
87,693,32,661,"unknown","lunch","travelling","freezing","grocery",1,0,0,"midday"
87,694,33,661,"weekend","earlymorning","travelling","freezing","restaurant",1,0,0,"morning"
87,695,34,661,"weekday","lunch","travelling","cold","grocery",1,0,0,"midday"
87,696,35,661,"weekday","lunch","working","freezing","grocery",0,0,0,"midday"
87,698,37,661,"weekday","dinner","travelling","freezing","restaurant",1,0,0,"night"
87,699,38,661,"unknown","morning","travelling","hot","restaurant",0,0,0,"morning"
87,700,39,661,"weekday","afternoon","shopping","warm","restaurant",0,0,0,"midday"
87,701,40,661,"weekend","breakfast","travelling","freezing","grocery",0,0,0,"morning"
87,702,41,661,"weekday","morning","travelling","warm","restaurant",0,0,0,"morning"
87,703,42,661,"weekday","dinner","working","unknown","grocery",1,0,0,"night"
87,706,45,661,"weekend","breakfast","travelling","freezing","grocery",1,0,0,"morning"
87,708,47,661,"weekday","afternoon","travelling","cold","restaurant",1,0,0,"midday"
87,710,49,661,"weekday","beforelunch","travelling","cold","grocery",0,0,0,"midday"
87,711,50,661,"weekday","afternoon","travelling","hot","grocery",1,0,0,"midday"
87,712,51,661,"weekend","breakfast","working","warm","restaurant",1,0,0,"morning"
87,714,53,661,"weekday","afternoon","unknown","cold","grocery",1,0,0,"midday"
87,715,54,661,"weekday","lunch","travelling","freezing","grocery",0,0,0,"midday"
87,716,55,661,"weekday","afternoon","leisure","unknown","restaurant",0,0,0,"midday"
87,718,57,661,"weekday","lunch","travelling","freezing","grocery",0,1,0,"midday"
87,719,58,661,"weekday","dinner","working","cold","grocery",0,1,0,"night"
87,720,59,661,"weekday","lunch","travelling","cold","restaurant",0,1,0,"midday"
87,721,60,661,"weekday","afternoon","shopping","cold","grocery",0,1,0,"midday"
87,723,62,661,"weekday","afternoon","travelling","unknown","restaurant",0,1,0,"midday"
87,724,63,661,"weekday","dinner","travelling","unknown","grocery",0,1,0,"night"
87,725,64,661,"weekend","beforelunch","travelling","warm","grocery",0,1,0,"midday"
87,727,66,661,"weekend","earlymorning","unknown","cold","restaurant",0,1,0,"morning"
87,729,68,661,"weekday","earlymorning","working","hot","restaurant",0,1,0,"morning"
87,730,69,661,"weekend","breakfast","working","unknown","restaurant",1,1,0,"morning"
87,731,70,661,"weekday","dinner","travelling","cold","grocery",1,1,0,"night"
87,733,72,661,"weekday","lunch","travelling","unknown","restaurant",1,1,0,"midday"
87,735,74,661,"weekday","afternoon","shopping","freezing","restaurant",0,1,0,"midday"
87,739,78,661,"weekday","morning","working","cold","grocery",1,1,0,"morning"
87,740,79,661,"weekday","lunch","travelling","warm","restaurant",0,1,0,"midday"
87,741,80,661,"weekday","afternoon","shopping","cold","restaurant",0,1,0,"midday"
87,742,81,661,"weekday","unknown","working","cold","restaurant",0,1,0,"unknown"
87,744,83,661,"weekday","lunch","leisure","cold","restaurant",0,1,0,"midday"
87,746,85,661,"weekday","breakfast","shopping","cold","restaurant",0,1,0,"morning"
87,747,86,661,"weekend","breakfast","travelling","hot","grocery",0,1,0,"morning"
87,749,88,661,"weekday","afternoon","travelling","freezing","restaurant",0,1,0,"midday"
87,752,91,661,"weekday","lunch","travelling","hot","restaurant",0,1,0,"midday"
87,753,92,661,"weekday","lunch","travelling","freezing","grocery",0,1,0,"midday"
87,754,93,661,"weekend","lunch","travelling","hot","grocery",1,1,0,"midday"
87,755,94,661,"weekday","lunch","travelling","warm","restaurant",0,1,0,"midday"
87,756,95,661,"weekday","lunch","leisure","unknown","restaurant",1,1,0,"midday"
87,758,97,661,"weekday","morning","travelling","warm","grocery",1,1,0,"morning"
87,759,98,661,"weekday","afternoon","leisure","hot","grocery",0,1,0,"midday"
87,762,101,661,"weekday","beforelunch","travelling","warm","restaurant",0,1,0,"midday"
87,763,102,661,"weekday","dinner","working","unknown","restaurant",1,1,0,"night"
87,765,104,661,"weekday","breakfast","travelling","freezing","restaurant",0,1,0,"morning"
87,766,105,661,"weekday","lunch","travelling","freezing","restaurant",1,1,0,"midday"
87,767,106,661,"weekend","lunch","travelling","cold","grocery",1,1,0,"midday"
87,770,109,661,"weekday","unknown","unknown","freezing","restaurant",0,1,0,"unknown"
87,771,110,661,"weekday","beforelunch","travelling","cold","grocery",0,1,0,"midday"
87,772,111,661,"weekday","lunch","travelling","cold","restaurant",1,1,0,"midday"
87,775,114,661,"weekend","afternoon","travelling","freezing","restaurant",0,1,1,"midday"
87,776,115,661,"weekend","beforelunch","travelling","cold","restaurant",0,1,1,"midday"
87,778,117,661,"weekday","lunch","unknown","cold","restaurant",0,1,1,"midday"
87,779,118,661,"weekday","beforelunch","unknown","warm","grocery",0,1,1,"midday"
87,781,120,661,"weekday","afternoon","travelling","freezing","grocery",0,1,1,"midday"
87,782,121,661,"weekend","lunch","shopping","warm","restaurant",0,1,1,"midday"
87,783,122,661,"weekday","beforelunch","travelling","cold","restaurant",0,1,1,"midday"
87,784,123,661,"weekday","beforelunch","shopping","cold","grocery",0,1,1,"midday"
87,785,124,661,"weekend","lunch","unknown","cold","restaurant",1,1,1,"midday"
87,786,125,661,"weekday","lunch","working","freezing","restaurant",0,1,1,"midday"
87,787,126,661,"weekday","lunch","leisure","freezing","grocery",0,1,1,"midday"
87,789,128,661,"weekday","breakfast","shopping","hot","restaurant",0,1,1,"morning"
87,791,130,661,"weekend","lunch","travelling","warm","restaurant",1,1,1,"midday"
87,794,133,661,"weekday","afternoon","travelling","warm","restaurant",1,1,1,"midday"
87,797,136,661,"weekend","afternoon","shopping","warm","restaurant",1,1,1,"midday"
87,798,137,661,"weekday","beforelunch","travelling","warm","grocery",0,1,1,"midday"
87,799,138,661,"weekday","breakfast","working","freezing","restaurant",0,1,1,"morning"
87,800,139,661,"weekend","afternoon","unknown","cold","restaurant",0,1,1,"midday"
87,801,140,661,"weekday","morning","travelling","cold","restaurant",0,1,1,"morning"
87,802,141,661,"weekday","breakfast","shopping","cold","restaurant",0,1,1,"morning"
87,803,142,661,"weekday","breakfast","shopping","unknown","grocery",0,1,1,"morning"
87,806,145,661,"weekend","unknown","travelling","freezing","grocery",0,1,1,"unknown"
87,807,146,661,"weekday","breakfast","travelling","cold","restaurant",0,1,1,"morning"
87,808,147,661,"weekday","lunch","leisure","warm","grocery",0,1,1,"midday"
87,809,148,661,"weekday","afternoon","travelling","warm","grocery",0,1,1,"midday"
87,810,149,661,"weekday","lunch","leisure","warm","grocery",0,1,1,"midday"
87,813,152,661,"weekday","lunch","travelling","unknown","restaurant",0,1,1,"midday"
87,814,153,661,"weekend","dinner","working","unknown","restaurant",0,1,1,"night"
87,815,154,661,"weekday","afternoon","morningrituals","unknown","grocery",1,1,1,"midday"
87,816,155,661,"weekday","morning","shopping","warm","restaurant",1,1,1,"morning"
87,817,156,661,"weekday","beforelunch","travelling","unknown","restaurant",1,1,1,"midday"
87,818,157,661,"weekend","beforelunch","travelling","unknown","restaurant",0,1,1,"midday"
87,820,159,661,"weekday","afternoon","travelling","cold","restaurant",1,1,1,"midday"
87,822,161,661,"weekday","beforelunch","travelling","unknown","restaurant",0,1,1,"midday"
87,823,162,661,"weekday","afternoon","travelling","cold","restaurant",1,1,1,"midday"
87,824,163,661,"weekend","lunch","travelling","hot","grocery",0,1,1,"midday"
87,827,166,661,"weekday","lunch","unknown","cold","grocery",1,1,1,"midday"
87,830,169,661,"weekend","morning","unknown","hot","restaurant",1,1,1,"morning"
87,831,170,661,"weekday","afternoon","travelling","cold","restaurant",0,1,1,"midday"
87,832,171,661,"weekday","lunch","travelling","cold","grocery",1,1,1,"midday"
87,833,172,661,"weekday","morning","travelling","freezing","restaurant",1,1,1,"morning"
87,835,174,661,"weekend","afternoon","travelling","warm","grocery",0,1,1,"midday"
87,836,175,661,"weekday","afternoon","unknown","cold","restaurant",1,1,1,"midday"
87,837,176,661,"weekend","lunch","travelling","unknown","restaurant",1,1,1,"midday"
87,841,180,661,"weekday","beforelunch","shopping","cold","grocery",0,1,1,"midday"
87,842,181,661,"weekday","lunch","travelling","hot","grocery",0,1,1,"midday"
88,663,0,663,"weekend","earlymorning","travelling","warm","restaurant",1,0,0,"morning"
88,664,1,663,"weekday","evening","unknown","unknown","grocery",1,0,0,"night"
88,665,2,663,"weekday","afternoon","leisure","hot","grocery",0,0,0,"midday"
88,666,3,663,"weekday","beforelunch","working","unknown","restaurant",0,0,0,"midday"
88,667,4,663,"weekday","afternoon","travelling","unknown","restaurant",0,0,0,"midday"
88,668,5,663,"weekend","earlymorning","working","cold","restaurant",0,0,0,"morning"
88,669,6,663,"weekday","afternoon","travelling","cold","restaurant",0,0,0,"midday"
88,672,9,663,"weekday","afternoon","travelling","cold","restaurant",1,0,0,"midday"
88,673,10,663,"weekday","afternoon","leisure","warm","grocery",0,0,0,"midday"
88,676,13,663,"weekend","afternoon","leisure","hot","restaurant",0,0,0,"midday"
88,677,14,663,"weekday","dinner","travelling","unknown","restaurant",0,0,0,"night"
88,678,15,663,"weekday","beforelunch","unknown","unknown","restaurant",0,0,0,"midday"
88,680,17,663,"weekday","afternoon","travelling","warm","restaurant",0,0,0,"midday"
88,682,19,663,"unknown","lunch","travelling","unknown","restaurant",1,0,0,"midday"
88,683,20,663,"weekend","beforelunch","leisure","freezing","grocery",0,0,0,"midday"
88,692,29,663,"weekday","earlymorning","shopping","hot","grocery",0,0,0,"morning"
88,695,32,663,"weekday","beforelunch","travelling","unknown","grocery",0,0,0,"midday"
88,702,39,663,"weekday","dinner","travelling","freezing","grocery",1,0,0,"night"
88,703,40,663,"weekday","beforelunch","travelling","cold","grocery",1,0,0,"midday"
88,705,42,663,"weekday","afternoon","unknown","cold","restaurant",1,0,0,"midday"
88,706,43,663,"weekday","beforelunch","shopping","cold","grocery",1,0,0,"midday"
88,707,44,663,"weekend","breakfast","travelling","hot","grocery",0,0,0,"morning"
88,709,46,663,"weekday","lunch","travelling","freezing","grocery",0,0,0,"midday"
88,710,47,663,"weekday","beforelunch","working","cold","grocery",0,0,0,"midday"
88,712,49,663,"weekday","afternoon","travelling","warm","restaurant",0,0,0,"midday"
88,713,50,663,"weekday","lunch","unknown","unknown","grocery",0,0,0,"midday"
88,714,51,663,"weekend","lunch","shopping","unknown","grocery",0,0,0,"midday"
88,715,52,663,"weekend","afternoon","travelling","freezing","restaurant",0,0,0,"midday"
88,716,53,663,"weekday","beforelunch","travelling","unknown","grocery",0,0,0,"midday"
88,718,55,663,"weekday","afternoon","travelling","freezing","grocery",1,0,0,"midday"
88,722,59,663,"weekday","breakfast","travelling","cold","restaurant",0,1,0,"morning"
88,723,60,663,"weekend","beforelunch","shopping","cold","restaurant",0,1,0,"midday"
88,727,64,663,"weekday","afternoon","travelling","hot","grocery",0,1,0,"midday"
88,732,69,663,"weekday","beforelunch","travelling","cold","restaurant",1,1,0,"midday"
88,733,70,663,"weekday","afternoon","travelling","unknown","restaurant",0,1,0,"midday"
88,734,71,663,"weekday","beforelunch","travelling","warm","grocery",0,1,0,"midday"
88,735,72,663,"weekend","lunch","leisure","unknown","grocery",0,1,0,"midday"
88,736,73,663,"weekday","morning","travelling","cold","restaurant",0,1,0,"morning"
88,737,74,663,"weekday","lunch","travelling","cold","restaurant",1,1,0,"midday"
88,740,77,663,"weekday","afternoon","unknown","warm","grocery",1,1,0,"midday"
88,741,78,663,"weekend","lunch","travelling","cold","restaurant",0,1,0,"midday"
88,742,79,663,"weekday","afternoon","working","cold","grocery",0,1,0,"midday"
88,743,80,663,"weekday","afternoon","travelling","cold","restaurant",0,1,0,"midday"
88,748,85,663,"weekday","breakfast","working","warm","grocery",1,1,0,"morning"
88,749,86,663,"weekday","dinner","leisure","warm","restaurant",0,1,0,"night"
88,750,87,663,"weekday","lunch","working","warm","grocery",0,1,0,"midday"
88,753,90,663,"weekday","morning","travelling","freezing","grocery",0,1,0,"morning"
88,754,91,663,"weekday","evening","travelling","cold","restaurant",0,1,0,"night"
88,756,93,663,"weekday","dinner","leisure","unknown","restaurant",1,1,0,"night"
88,757,94,663,"weekend","beforelunch","unknown","cold","grocery",1,1,0,"midday"
88,764,101,663,"weekend","lunch","travelling","unknown","restaurant",1,1,0,"midday"
88,765,102,663,"weekday","afternoon","morningrituals","cold","grocery",0,1,0,"midday"
88,768,105,663,"weekday","beforelunch","unknown","freezing","grocery",1,1,0,"midday"
88,771,108,663,"weekday","dinner","travelling","cold","restaurant",1,1,0,"night"
88,778,115,663,"weekday","breakfast","travelling","warm","restaurant",1,1,1,"morning"
88,779,116,663,"weekday","afternoon","working","freezing","restaurant",0,1,1,"midday"
88,780,117,663,"weekday","breakfast","travelling","freezing","restaurant",0,1,1,"morning"
88,781,118,663,"weekend","breakfast","travelling","cold","restaurant",0,1,1,"morning"
88,782,119,663,"weekday","morning","housework","cold","grocery",0,1,1,"morning"
88,784,121,663,"weekend","afternoon","working","warm","grocery",0,1,1,"midday"
88,786,123,663,"weekend","afternoon","travelling","cold","grocery",0,1,1,"midday"
88,787,124,663,"weekend","lunch","unknown","cold","restaurant",0,1,1,"midday"
88,788,125,663,"weekend","afternoon","shopping","freezing","grocery",0,1,1,"midday"
88,789,126,663,"weekend","afternoon","travelling","freezing","restaurant",1,1,1,"midday"
88,791,128,663,"unknown","breakfast","travelling","warm","grocery",1,1,1,"morning"
88,793,130,663,"weekday","afternoon","leisure","unknown","restaurant",0,1,1,"midday"
88,794,131,663,"weekend","lunch","unknown","cold","grocery",0,1,1,"midday"
88,798,135,663,"weekday","lunch","travelling","unknown","restaurant",0,1,1,"midday"
88,799,136,663,"weekend","lunch","travelling","warm","grocery",0,1,1,"midday"
88,800,137,663,"weekday","afternoon","travelling","unknown","restaurant",1,1,1,"midday"
88,801,138,663,"weekday","morning","unknown","unknown","restaurant",0,1,1,"morning"
88,803,140,663,"weekend","beforelunch","travelling","unknown","grocery",1,1,1,"midday"
88,804,141,663,"weekday","breakfast","travelling","unknown","grocery",0,1,1,"morning"
88,805,142,663,"weekday","beforelunch","shopping","cold","grocery",0,1,1,"midday"
88,806,143,663,"weekday","breakfast","travelling","freezing","grocery",0,1,1,"morning"
88,808,145,663,"weekend","lunch","morningrituals","cold","grocery",1,1,1,"midday"
88,810,147,663,"weekday","beforelunch","travelling","freezing","restaurant",0,1,1,"midday"
88,811,148,663,"weekend","morning","travelling","cold","restaurant",0,1,1,"morning"
88,812,149,663,"weekday","beforelunch","travelling","freezing","grocery",1,1,1,"midday"
88,814,151,663,"weekday","lunch","travelling","freezing","grocery",1,1,1,"midday"
88,816,153,663,"weekend","morning","leisure","unknown","grocery",1,1,1,"morning"
88,817,154,663,"weekend","lunch","shopping","cold","restaurant",0,1,1,"midday"
88,818,155,663,"weekend","dinner","leisure","cold","grocery",1,1,1,"night"
88,820,157,663,"weekday","lunch","travelling","warm","grocery",0,1,1,"midday"
88,821,158,663,"weekday","afternoon","travelling","freezing","restaurant",0,1,1,"midday"
88,823,160,663,"weekday","lunch","travelling","cold","restaurant",1,1,1,"midday"
88,824,161,663,"weekend","afternoon","unknown","cold","restaurant",0,1,1,"midday"
88,825,162,663,"weekday","afternoon","travelling","warm","grocery",0,1,1,"midday"
88,829,166,663,"weekday","afternoon","travelling","unknown","grocery",1,1,1,"midday"
88,831,168,663,"weekend","beforelunch","travelling","freezing","grocery",0,1,1,"midday"
88,834,171,663,"weekday","beforelunch","morningrituals","unknown","grocery",1,1,1,"midday"
88,835,172,663,"weekday","lunch","travelling","unknown","restaurant",1,1,1,"midday"
88,836,173,663,"weekday","afternoon","travelling","cold","grocery",0,1,1,"midday"
88,840,177,663,"weekday","beforelunch","working","cold","grocery",1,1,1,"midday"
88,844,181,663,"weekday","morning","travelling","cold","grocery",0,1,1,"morning"
88,845,182,663,"weekday","beforelunch","travelling","unknown","grocery",0,1,1,"midday"
88,846,183,663,"weekday","dinner","travelling","freezing","restaurant",0,1,1,"night"
89,688,14,674,"weekday","lunch","shopping","freezing","grocery",0,0,0,"midday"
89,691,17,674,"weekday","lunch","travelling","cold","restaurant",0,0,0,"midday"
89,715,41,674,"weekday","afternoon","unknown","cold","restaurant",1,0,0,"midday"
89,722,48,674,"weekend","unknown","leisure","hot","grocery",0,0,0,"unknown"
89,742,68,674,"weekend","beforelunch","travelling","cold","restaurant",0,1,0,"midday"
89,760,86,674,"weekday","beforelunch","unknown","freezing","grocery",0,1,0,"midday"
89,767,93,674,"weekday","breakfast","travelling","freezing","restaurant",0,1,0,"morning"
89,769,95,674,"weekend","lunch","travelling","hot","grocery",0,1,0,"midday"
89,773,99,674,"weekend","afternoon","leisure","warm","grocery",1,1,0,"midday"
89,792,118,674,"weekday","earlymorning","travelling","unknown","grocery",1,1,1,"morning"
90,684,2,682,"weekday","lunch","travelling","warm","grocery",0,0,0,"midday"
90,688,6,682,"weekday","morning","working","freezing","restaurant",0,0,0,"morning"
90,691,9,682,"weekend","afternoon","unknown","cold","grocery",0,0,0,"midday"
90,692,10,682,"weekend","afternoon","leisure","cold","restaurant",0,0,0,"midday"
90,693,11,682,"weekday","afternoon","leisure","freezing","grocery",0,0,0,"midday"
90,696,14,682,"weekday","breakfast","leisure","unknown","grocery",0,0,0,"morning"
90,697,15,682,"weekday","dinner","travelling","warm","restaurant",0,0,0,"night"
90,699,17,682,"weekday","latenight","travelling","cold","grocery",1,0,0,"night"
90,700,18,682,"weekday","afternoon","travelling","freezing","grocery",1,0,0,"midday"
90,708,26,682,"weekday","afternoon","unknown","unknown","restaurant",0,0,0,"midday"
90,714,32,682,"weekend","afternoon","travelling","cold","grocery",0,0,0,"midday"
90,721,39,682,"weekday","beforelunch","shopping","unknown","grocery",1,0,0,"midday"
90,722,40,682,"weekday","morning","travelling","unknown","grocery",1,0,0,"morning"
90,724,42,682,"weekday","afternoon","unknown","warm","restaurant",0,0,0,"midday"
90,725,43,682,"weekday","afternoon","unknown","freezing","restaurant",0,0,0,"midday"
90,730,48,682,"weekday","morning","shopping","unknown","grocery",0,0,0,"morning"
90,732,50,682,"weekday","afternoon","travelling","warm","restaurant",0,0,0,"midday"
90,734,52,682,"weekday","breakfast","unknown","cold","restaurant",0,0,0,"morning"
90,735,53,682,"weekday","earlymorning","travelling","cold","grocery",0,0,0,"morning"
90,737,55,682,"weekend","dinner","travelling","warm","restaurant",1,0,0,"night"
90,743,61,682,"weekday","afternoon","travelling","unknown","grocery",0,1,0,"midday"
90,747,65,682,"weekday","unknown","working","cold","grocery",0,1,0,"unknown"
90,751,69,682,"weekday","lunch","travelling","hot","restaurant",0,1,0,"midday"
90,756,74,682,"weekday","breakfast","travelling","cold","restaurant",1,1,0,"morning"
90,757,75,682,"weekday","afternoon","travelling","cold","grocery",0,1,0,"midday"
90,763,81,682,"weekend","beforelunch","morningrituals","cold","restaurant",1,1,0,"midday"
90,764,82,682,"weekday","dinner","unknown","cold","restaurant",0,1,0,"night"
90,765,83,682,"weekend","afternoon","travelling","hot","grocery",0,1,0,"midday"
90,769,87,682,"weekday","morning","shopping","warm","restaurant",0,1,0,"morning"
90,770,88,682,"weekday","morning","leisure","warm","grocery",0,1,0,"morning"
90,774,92,682,"weekday","lunch","travelling","cold","grocery",0,1,0,"midday"
90,776,94,682,"weekend","beforelunch","unknown","cold","restaurant",0,1,0,"midday"
90,779,97,682,"weekday","breakfast","travelling","hot","restaurant",0,1,0,"morning"
90,780,98,682,"weekday","unknown","travelling","freezing","restaurant",1,1,0,"unknown"
90,788,106,682,"weekday","breakfast","travelling","freezing","restaurant",1,1,0,"morning"
90,791,109,682,"weekday","breakfast","unknown","freezing","grocery",0,1,0,"morning"
90,793,111,682,"weekday","lunch","travelling","warm","restaurant",0,1,0,"midday"
90,794,112,682,"weekday","afternoon","unknown","freezing","grocery",0,1,0,"midday"
90,795,113,682,"weekday","breakfast","travelling","cold","restaurant",0,1,1,"morning"
90,801,119,682,"weekday","afternoon","unknown","freezing","restaurant",0,1,1,"midday"
90,806,124,682,"weekday","afternoon","morningrituals","freezing","restaurant",0,1,1,"midday"
90,809,127,682,"weekday","breakfast","travelling","freezing","grocery",1,1,1,"morning"
90,810,128,682,"weekday","beforelunch","travelling","cold","grocery",0,1,1,"midday"
90,813,131,682,"weekday","lunch","travelling","warm","restaurant",0,1,1,"midday"
90,814,132,682,"weekday","afternoon","travelling","unknown","restaurant",0,1,1,"midday"
90,822,140,682,"weekend","beforelunch","working","warm","grocery",0,1,1,"midday"
90,824,142,682,"weekday","breakfast","travelling","freezing","grocery",1,1,1,"morning"
90,831,149,682,"weekend","dinner","travelling","cold","restaurant",0,1,1,"night"
90,834,152,682,"weekend","afternoon","travelling","cold","grocery",0,1,1,"midday"
90,843,161,682,"weekday","afternoon","working","hot","restaurant",0,1,1,"midday"
90,847,165,682,"weekend","breakfast","working","freezing","grocery",1,1,1,"morning"
90,848,166,682,"weekday","lunch","travelling","warm","restaurant",0,1,1,"midday"
90,849,167,682,"weekday","afternoon","working","freezing","restaurant",0,1,1,"midday"
90,851,169,682,"weekday","lunch","travelling","warm","restaurant",0,1,1,"midday"
90,852,170,682,"weekday","afternoon","travelling","hot","restaurant",0,1,1,"midday"
90,853,171,682,"weekday","evening","travelling","hot","grocery",0,1,1,"night"
90,855,173,682,"weekday","beforelunch","travelling","freezing","grocery",0,1,1,"midday"
90,858,176,682,"weekday","breakfast","travelling","cold","restaurant",0,1,1,"morning"
90,860,178,682,"weekday","lunch","travelling","unknown","restaurant",0,1,1,"midday"
90,862,180,682,"weekday","afternoon","travelling","hot","restaurant",0,1,1,"midday"
90,863,181,682,"weekday","evening","travelling","cold","restaurant",0,1,1,"night"
91,697,11,686,"weekday","dinner","leisure","hot","grocery",0,0,0,"night"
91,721,35,686,"weekend","lunch","unknown","unknown","grocery",0,0,0,"midday"
91,732,46,686,"weekday","afternoon","unknown","freezing","restaurant",0,0,0,"midday"
91,759,73,686,"weekend","morning","travelling","hot","grocery",0,1,0,"morning"
91,775,89,686,"weekday","afternoon","leisure","cold","grocery",0,1,0,"midday"
91,785,99,686,"weekday","afternoon","travelling","cold","restaurant",1,1,0,"midday"
91,829,143,686,"weekday","afternoon","travelling","hot","grocery",1,1,1,"midday"
92,700,8,692,"weekday","beforelunch","unknown","unknown","restaurant",0,0,0,"midday"
92,702,10,692,"weekend","breakfast","working","unknown","restaurant",0,0,0,"morning"
92,707,15,692,"weekday","lunch","travelling","unknown","restaurant",0,0,0,"midday"
92,716,24,692,"weekday","afternoon","travelling","cold","restaurant",0,0,0,"midday"
92,717,25,692,"weekday","afternoon","travelling","cold","restaurant",0,0,0,"midday"
92,721,29,692,"weekday","afternoon","travelling","warm","grocery",1,0,0,"midday"
92,724,32,692,"weekday","afternoon","shopping","freezing","grocery",1,0,0,"midday"
92,736,44,692,"weekend","beforelunch","travelling","freezing","restaurant",0,0,0,"midday"
92,739,47,692,"weekend","beforelunch","working","freezing","restaurant",0,0,0,"midday"
92,744,52,692,"weekend","afternoon","travelling","freezing","grocery",0,0,0,"midday"
92,745,53,692,"weekday","morning","shopping","cold","grocery",0,0,0,"morning"
92,754,62,692,"weekday","breakfast","travelling","cold","grocery",0,1,0,"morning"
92,761,69,692,"weekday","morning","travelling","freezing","restaurant",0,1,0,"morning"
92,763,71,692,"weekday","lunch","travelling","hot","restaurant",0,1,0,"midday"
92,768,76,692,"weekend","afternoon","travelling","cold","grocery",0,1,0,"midday"
92,770,78,692,"weekday","lunch","travelling","hot","restaurant",0,1,0,"midday"
92,776,84,692,"weekend","lunch","unknown","cold","restaurant",0,1,0,"midday"
92,778,86,692,"weekday","morning","working","freezing","grocery",1,1,0,"morning"
92,786,94,692,"weekday","lunch","travelling","unknown","restaurant",0,1,0,"midday"
92,792,100,692,"weekend","afternoon","travelling","unknown","restaurant",0,1,0,"midday"
92,818,126,692,"weekend","afternoon","leisure","unknown","restaurant",0,1,1,"midday"
92,823,131,692,"weekend","lunch","leisure","unknown","grocery",0,1,1,"midday"
92,824,132,692,"weekday","beforelunch","travelling","hot","restaurant",0,1,1,"midday"
92,827,135,692,"weekday","breakfast","shopping","warm","grocery",0,1,1,"morning"
92,828,136,692,"weekday","beforelunch","travelling","cold","restaurant",0,1,1,"midday"
92,834,142,692,"weekday","breakfast","travelling","unknown","restaurant",0,1,1,"morning"
92,837,145,692,"weekday","afternoon","travelling","freezing","grocery",0,1,1,"midday"
92,844,152,692,"weekend","lunch","unknown","cold","grocery",0,1,1,"midday"
92,845,153,692,"weekday","breakfast","morningrituals","unknown","restaurant",0,1,1,"morning"
92,853,161,692,"weekday","beforelunch","travelling","cold","grocery",1,1,1,"midday"
92,855,163,692,"weekday","afternoon","unknown","freezing","restaurant",0,1,1,"midday"
92,875,183,692,"weekday","beforelunch","leisure","unknown","restaurant",1,1,1,"midday"
93,697,0,697,"weekday","beforelunch","unknown","cold","restaurant",0,0,0,"midday"
93,700,3,697,"weekday","beforelunch","travelling","freezing","grocery",0,0,0,"midday"
93,707,10,697,"weekend","breakfast","travelling","freezing","restaurant",0,0,0,"morning"
93,709,12,697,"weekend","morning","unknown","hot","restaurant",0,0,0,"morning"
93,712,15,697,"weekend","afternoon","unknown","hot","restaurant",0,0,0,"midday"
93,720,23,697,"weekday","beforelunch","travelling","cold","grocery",1,0,0,"midday"
93,722,25,697,"weekday","morning","travelling","freezing","restaurant",1,0,0,"morning"
93,724,27,697,"weekday","beforelunch","travelling","unknown","restaurant",0,0,0,"midday"
93,726,29,697,"weekday","lunch","shopping","cold","restaurant",1,0,0,"midday"
93,727,30,697,"weekday","afternoon","shopping","cold","restaurant",0,0,0,"midday"
93,729,32,697,"weekday","morning","travelling","cold","grocery",0,0,0,"morning"
93,730,33,697,"weekday","beforelunch","travelling","freezing","grocery",0,0,0,"midday"
93,734,37,697,"weekday","lunch","travelling","freezing","grocery",0,0,0,"midday"
93,739,42,697,"weekday","breakfast","leisure","freezing","grocery",0,0,0,"morning"
93,741,44,697,"weekday","night","travelling","freezing","grocery",0,0,0,"night"
93,750,53,697,"weekday","morning","shopping","unknown","restaurant",0,0,0,"morning"
93,757,60,697,"weekday","breakfast","shopping","warm","grocery",0,1,0,"morning"
93,774,77,697,"weekday","beforelunch","travelling","cold","restaurant",0,1,0,"midday"
93,780,83,697,"weekday","afternoon","travelling","cold","grocery",0,1,0,"midday"
93,785,88,697,"unknown","morning","unknown","cold","grocery",1,1,0,"morning"
93,786,89,697,"weekday","beforelunch","travelling","cold","restaurant",1,1,0,"midday"
93,787,90,697,"weekday","breakfast","travelling","unknown","grocery",1,1,0,"morning"
93,790,93,697,"weekday","afternoon","travelling","freezing","restaurant",0,1,0,"midday"
93,793,96,697,"weekday","afternoon","travelling","cold","restaurant",1,1,0,"midday"
93,800,103,697,"weekend","breakfast","travelling","cold","restaurant",0,1,0,"morning"
93,802,105,697,"weekday","dinner","working","cold","restaurant",0,1,0,"night"
93,803,106,697,"weekday","lunch","travelling","cold","grocery",0,1,0,"midday"
93,804,107,697,"weekend","beforelunch","unknown","unknown","restaurant",0,1,0,"midday"
93,806,109,697,"weekday","lunch","morningrituals","warm","grocery",0,1,0,"midday"
93,808,111,697,"weekday","beforelunch","morningrituals","freezing","grocery",1,1,0,"midday"
93,810,113,697,"weekend","afternoon","travelling","warm","restaurant",0,1,1,"midday"
93,811,114,697,"weekday","afternoon","travelling","warm","grocery",0,1,1,"midday"
93,814,117,697,"weekday","lunch","leisure","cold","grocery",0,1,1,"midday"
93,822,125,697,"weekday","afternoon","travelling","cold","grocery",0,1,1,"midday"
93,824,127,697,"weekday","afternoon","travelling","unknown","grocery",1,1,1,"midday"
93,832,135,697,"weekday","afternoon","travelling","cold","restaurant",1,1,1,"midday"
93,835,138,697,"weekday","beforelunch","unknown","freezing","grocery",0,1,1,"midday"
93,838,141,697,"weekend","lunch","travelling","freezing","grocery",0,1,1,"midday"
93,839,142,697,"weekday","beforelunch","travelling","freezing","restaurant",0,1,1,"midday"
93,849,152,697,"weekday","morning","travelling","cold","restaurant",1,1,1,"morning"
93,851,154,697,"weekday","morning","travelling","cold","grocery",1,1,1,"morning"
93,852,155,697,"weekend","afternoon","travelling","cold","grocery",1,1,1,"midday"
93,856,159,697,"weekday","beforelunch","travelling","cold","grocery",1,1,1,"midday"
93,858,161,697,"weekday","breakfast","workingout","freezing","restaurant",0,1,1,"morning"
93,862,165,697,"weekend","beforelunch","unknown","unknown","restaurant",0,1,1,"midday"
93,863,166,697,"weekday","morning","travelling","cold","grocery",1,1,1,"morning"
93,864,167,697,"weekend","beforelunch","travelling","warm","restaurant",1,1,1,"midday"
93,866,169,697,"weekday","unknown","travelling","freezing","restaurant",0,1,1,"unknown"
93,867,170,697,"weekday","beforelunch","travelling","hot","grocery",0,1,1,"midday"
93,873,176,697,"weekday","dinner","working","hot","restaurant",0,1,1,"night"
93,876,179,697,"weekday","lunch","travelling","unknown","grocery",0,1,1,"midday"
93,879,182,697,"weekend","breakfast","unknown","unknown","restaurant",0,1,1,"morning"
94,708,0,708,"weekday","afternoon","travelling","freezing","grocery",0,0,0,"midday"
94,709,1,708,"weekend","morning","travelling","cold","restaurant",0,0,0,"morning"
94,711,3,708,"weekday","morning","travelling","cold","grocery",0,0,0,"morning"
94,713,5,708,"weekday","afternoon","travelling","cold","grocery",1,0,0,"midday"
94,714,6,708,"weekday","afternoon","travelling","cold","grocery",0,0,0,"midday"
94,715,7,708,"weekend","breakfast","travelling","unknown","restaurant",1,0,0,"morning"
94,716,8,708,"weekday","afternoon","unknown","cold","restaurant",1,0,0,"midday"
94,718,10,708,"weekend","afternoon","unknown","cold","grocery",0,0,0,"midday"
94,719,11,708,"weekend","lunch","unknown","freezing","restaurant",1,0,0,"midday"
94,720,12,708,"weekday","lunch","shopping","cold","grocery",0,0,0,"midday"
94,722,14,708,"weekday","morning","travelling","cold","grocery",0,0,0,"morning"
94,725,17,708,"weekend","beforelunch","leisure","unknown","restaurant",0,0,0,"midday"
94,726,18,708,"weekday","lunch","leisure","freezing","grocery",0,0,0,"midday"
94,727,19,708,"weekend","beforelunch","unknown","cold","restaurant",0,0,0,"midday"
94,728,20,708,"weekday","breakfast","unknown","cold","restaurant",0,0,0,"morning"
94,730,22,708,"weekday","lunch","working","warm","grocery",0,0,0,"midday"
94,731,23,708,"weekend","afternoon","unknown","freezing","grocery",0,0,0,"midday"
94,732,24,708,"weekday","lunch","travelling","unknown","grocery",1,0,0,"midday"
94,733,25,708,"weekend","beforelunch","working","cold","restaurant",1,0,0,"midday"
94,734,26,708,"weekday","afternoon","travelling","hot","grocery",0,0,0,"midday"
94,735,27,708,"weekday","afternoon","travelling","freezing","restaurant",0,0,0,"midday"
94,737,29,708,"weekend","breakfast","shopping","hot","grocery",0,0,0,"morning"
94,738,30,708,"unknown","night","travelling","freezing","grocery",1,0,0,"night"
94,739,31,708,"weekend","beforelunch","unknown","freezing","restaurant",1,0,0,"midday"
94,740,32,708,"weekday","beforelunch","unknown","warm","restaurant",0,0,0,"midday"
94,742,34,708,"unknown","lunch","travelling","freezing","grocery",1,0,0,"midday"
94,743,35,708,"weekday","breakfast","travelling","warm","restaurant",0,0,0,"morning"
94,744,36,708,"weekday","breakfast","travelling","cold","grocery",0,0,0,"morning"
94,745,37,708,"weekday","lunch","unknown","unknown","grocery",1,0,0,"midday"
94,748,40,708,"weekend","breakfast","travelling","freezing","grocery",0,0,0,"morning"
94,749,41,708,"weekday","beforelunch","morningrituals","warm","grocery",1,0,0,"midday"
94,750,42,708,"unknown","morning","travelling","freezing","restaurant",0,0,0,"morning"
94,751,43,708,"weekend","afternoon","unknown","unknown","grocery",0,0,0,"midday"
94,753,45,708,"weekend","afternoon","travelling","unknown","restaurant",0,0,0,"midday"
94,755,47,708,"weekend","afternoon","shopping","warm","grocery",0,0,0,"midday"
94,757,49,708,"weekend","lunch","working","cold","grocery",0,0,0,"midday"
94,759,51,708,"unknown","breakfast","morningrituals","unknown","restaurant",0,0,0,"morning"
94,760,52,708,"weekday","beforelunch","travelling","cold","restaurant",0,0,0,"midday"
94,762,54,708,"unknown","breakfast","travelling","freezing","grocery",0,0,0,"morning"
94,763,55,708,"weekday","lunch","travelling","unknown","restaurant",0,0,0,"midday"
94,764,56,708,"weekday","afternoon","travelling","freezing","grocery",0,0,0,"midday"
94,765,57,708,"weekday","morning","travelling","hot","restaurant",1,1,0,"morning"
94,766,58,708,"weekday","night","workingout","cold","restaurant",0,1,0,"night"
94,767,59,708,"unknown","lunch","travelling","cold","grocery",0,1,0,"midday"
94,768,60,708,"weekday","dinner","shopping","freezing","restaurant",0,1,0,"night"
94,770,62,708,"weekday","afternoon","working","cold","grocery",0,1,0,"midday"
94,771,63,708,"weekday","dinner","morningrituals","freezing","restaurant",0,1,0,"night"
94,772,64,708,"weekday","beforelunch","working","cold","grocery",0,1,0,"midday"
94,773,65,708,"weekday","beforelunch","travelling","warm","grocery",0,1,0,"midday"
94,774,66,708,"weekend","afternoon","leisure","cold","grocery",0,1,0,"midday"
94,775,67,708,"weekday","lunch","travelling","warm","grocery",0,1,0,"midday"
94,776,68,708,"weekday","afternoon","unknown","cold","restaurant",0,1,0,"midday"
94,777,69,708,"weekend","afternoon","travelling","warm","grocery",0,1,0,"midday"
94,778,70,708,"weekday","night","travelling","freezing","grocery",0,1,0,"night"
94,779,71,708,"weekend","afternoon","leisure","warm","restaurant",0,1,0,"midday"
94,780,72,708,"weekday","breakfast","travelling","cold","grocery",0,1,0,"morning"
94,781,73,708,"weekend","afternoon","travelling","cold","grocery",0,1,0,"midday"
94,783,75,708,"weekday","breakfast","travelling","unknown","restaurant",0,1,0,"morning"
94,785,77,708,"weekday","night","travelling","warm","restaurant",0,1,0,"night"
94,786,78,708,"weekend","beforelunch","unknown","warm","restaurant",1,1,0,"midday"
94,787,79,708,"weekday","morning","leisure","warm","grocery",0,1,0,"morning"
94,788,80,708,"weekday","afternoon","working","cold","grocery",1,1,0,"midday"
94,789,81,708,"weekend","unknown","unknown","warm","grocery",1,1,0,"unknown"
94,790,82,708,"weekday","lunch","morningrituals","freezing","restaurant",1,1,0,"midday"
94,791,83,708,"weekday","breakfast","travelling","hot","restaurant",1,1,0,"morning"
94,792,84,708,"weekday","lunch","travelling","freezing","grocery",0,1,0,"midday"
94,793,85,708,"weekend","breakfast","shopping","unknown","grocery",1,1,0,"morning"
94,795,87,708,"weekday","lunch","travelling","hot","grocery",0,1,0,"midday"
94,796,88,708,"weekday","morning","travelling","freezing","restaurant",0,1,0,"morning"
94,797,89,708,"weekday","beforelunch","travelling","hot","restaurant",1,1,0,"midday"
94,800,92,708,"weekday","breakfast","travelling","cold","grocery",0,1,0,"morning"
94,801,93,708,"weekend","afternoon","travelling","cold","restaurant",0,1,0,"midday"
94,802,94,708,"weekday","breakfast","travelling","cold","restaurant",1,1,0,"morning"
94,805,97,708,"weekday","beforelunch","travelling","unknown","grocery",1,1,0,"midday"
94,806,98,708,"weekday","earlymorning","working","unknown","grocery",0,1,0,"morning"
94,807,99,708,"weekday","lunch","unknown","unknown","restaurant",0,1,0,"midday"
94,808,100,708,"weekday","morning","travelling","cold","grocery",0,1,0,"morning"
94,809,101,708,"weekday","lunch","travelling","cold","restaurant",0,1,0,"midday"
94,810,102,708,"unknown","evening","travelling","cold","grocery",1,1,0,"night"
94,813,105,708,"weekday","afternoon","unknown","freezing","restaurant",1,1,0,"midday"
94,815,107,708,"weekday","morning","travelling","freezing","restaurant",0,1,0,"morning"
94,816,108,708,"weekday","beforelunch","unknown","unknown","grocery",1,1,0,"midday"
94,818,110,708,"weekday","afternoon","travelling","freezing","restaurant",1,1,0,"midday"
94,820,112,708,"weekend","lunch","unknown","freezing","grocery",1,1,0,"midday"
94,822,114,708,"weekday","breakfast","leisure","freezing","restaurant",1,1,1,"morning"
94,823,115,708,"weekday","beforelunch","travelling","cold","restaurant",0,1,1,"midday"
94,825,117,708,"weekend","afternoon","travelling","warm","restaurant",0,1,1,"midday"
94,827,119,708,"weekday","beforelunch","working","cold","restaurant",0,1,1,"midday"
94,828,120,708,"weekday","dinner","unknown","unknown","grocery",0,1,1,"night"
94,829,121,708,"weekday","afternoon","travelling","freezing","restaurant",0,1,1,"midday"
94,830,122,708,"weekend","afternoon","travelling","cold","restaurant",0,1,1,"midday"
94,831,123,708,"unknown","morning","working","cold","grocery",0,1,1,"morning"
94,832,124,708,"weekday","lunch","unknown","freezing","restaurant",1,1,1,"midday"
94,833,125,708,"weekday","afternoon","travelling","freezing","restaurant",0,1,1,"midday"
94,834,126,708,"weekday","beforelunch","travelling","cold","grocery",0,1,1,"midday"
94,835,127,708,"weekday","earlymorning","travelling","cold","restaurant",0,1,1,"morning"
94,836,128,708,"weekday","lunch","working","warm","grocery",0,1,1,"midday"
94,837,129,708,"weekday","afternoon","morningrituals","hot","restaurant",0,1,1,"midday"
94,838,130,708,"weekday","beforelunch","travelling","cold","restaurant",0,1,1,"midday"
94,839,131,708,"unknown","breakfast","leisure","cold","grocery",1,1,1,"morning"
94,840,132,708,"weekday","morning","working","cold","grocery",1,1,1,"morning"
94,841,133,708,"weekday","beforelunch","shopping","warm","restaurant",0,1,1,"midday"
94,842,134,708,"weekday","breakfast","travelling","warm","restaurant",0,1,1,"morning"
94,843,135,708,"weekday","lunch","travelling","unknown","restaurant",0,1,1,"midday"
94,844,136,708,"weekday","afternoon","unknown","unknown","restaurant",0,1,1,"midday"
94,845,137,708,"weekday","beforelunch","unknown","cold","restaurant",0,1,1,"midday"
94,850,142,708,"weekend","morning","unknown","freezing","grocery",0,1,1,"morning"
94,851,143,708,"weekday","lunch","travelling","unknown","restaurant",1,1,1,"midday"
94,852,144,708,"weekday","afternoon","travelling","unknown","grocery",0,1,1,"midday"
94,853,145,708,"weekday","lunch","travelling","unknown","grocery",0,1,1,"midday"
94,855,147,708,"weekend","lunch","leisure","unknown","restaurant",0,1,1,"midday"
94,856,148,708,"weekend","afternoon","shopping","freezing","grocery",0,1,1,"midday"
94,857,149,708,"weekend","earlymorning","travelling","cold","restaurant",1,1,1,"morning"
94,859,151,708,"weekend","afternoon","working","cold","restaurant",0,1,1,"midday"
94,861,153,708,"weekday","afternoon","leisure","warm","grocery",0,1,1,"midday"
94,863,155,708,"weekend","afternoon","travelling","warm","grocery",1,1,1,"midday"
94,864,156,708,"weekday","lunch","travelling","freezing","restaurant",0,1,1,"midday"
94,865,157,708,"weekday","afternoon","shopping","cold","grocery",0,1,1,"midday"
94,866,158,708,"weekday","breakfast","leisure","unknown","grocery",0,1,1,"morning"
94,867,159,708,"weekend","beforelunch","travelling","hot","grocery",1,1,1,"midday"
94,868,160,708,"weekday","morning","working","unknown","grocery",0,1,1,"morning"
94,870,162,708,"weekday","afternoon","working","cold","grocery",0,1,1,"midday"
94,871,163,708,"weekday","beforelunch","travelling","cold","restaurant",0,1,1,"midday"
94,872,164,708,"weekday","dinner","unknown","freezing","restaurant",0,1,1,"night"
94,873,165,708,"weekday","lunch","shopping","freezing","restaurant",0,1,1,"midday"
94,875,167,708,"weekday","afternoon","unknown","cold","restaurant",0,1,1,"midday"
94,876,168,708,"weekend","afternoon","travelling","cold","grocery",0,1,1,"midday"
94,877,169,708,"weekday","afternoon","travelling","unknown","restaurant",0,1,1,"midday"
94,878,170,708,"weekday","lunch","travelling","freezing","restaurant",0,1,1,"midday"
94,880,172,708,"weekday","afternoon","unknown","cold","grocery",0,1,1,"midday"
94,881,173,708,"weekday","afternoon","leisure","unknown","restaurant",0,1,1,"midday"
94,882,174,708,"weekday","afternoon","working","unknown","restaurant",0,1,1,"midday"
94,883,175,708,"weekday","lunch","travelling","cold","restaurant",0,1,1,"midday"
94,884,176,708,"weekend","unknown","travelling","unknown","restaurant",0,1,1,"unknown"
94,886,178,708,"weekday","lunch","leisure","cold","grocery",1,1,1,"midday"
94,887,179,708,"weekday","afternoon","shopping","hot","grocery",0,1,1,"midday"
94,889,181,708,"weekend","afternoon","travelling","warm","grocery",0,1,1,"midday"
94,890,182,708,"weekday","lunch","unknown","cold","restaurant",1,1,1,"midday"
95,721,0,721,"weekend","afternoon","unknown","warm","restaurant",0,0,0,"midday"
95,723,2,721,"weekday","afternoon","travelling","warm","restaurant",0,0,0,"midday"
95,726,5,721,"weekday","lunch","leisure","cold","restaurant",1,0,0,"midday"
95,727,6,721,"weekday","night","travelling","warm","restaurant",0,0,0,"night"
95,728,7,721,"weekday","lunch","unknown","hot","restaurant",1,0,0,"midday"
95,730,9,721,"weekend","afternoon","travelling","unknown","restaurant",0,0,0,"midday"
95,733,12,721,"weekend","night","shopping","cold","grocery",0,0,0,"night"
95,734,13,721,"weekday","afternoon","unknown","warm","grocery",0,0,0,"midday"
95,735,14,721,"weekend","beforelunch","travelling","freezing","restaurant",0,0,0,"midday"
95,736,15,721,"weekday","afternoon","travelling","freezing","restaurant",0,0,0,"midday"
95,739,18,721,"weekday","lunch","working","freezing","grocery",0,0,0,"midday"
95,740,19,721,"weekday","afternoon","shopping","cold","grocery",0,0,0,"midday"
95,742,21,721,"weekday","lunch","travelling","warm","grocery",1,0,0,"midday"
95,743,22,721,"weekday","dinner","travelling","freezing","grocery",0,0,0,"night"
95,745,24,721,"weekday","afternoon","travelling","unknown","restaurant",0,0,0,"midday"
95,746,25,721,"weekday","afternoon","travelling","freezing","grocery",1,0,0,"midday"
95,749,28,721,"weekday","afternoon","working","freezing","grocery",0,0,0,"midday"
95,751,30,721,"weekday","afternoon","travelling","hot","restaurant",1,0,0,"midday"
95,754,33,721,"weekday","beforelunch","travelling","freezing","restaurant",0,0,0,"midday"
95,757,36,721,"weekday","afternoon","morningrituals","unknown","restaurant",0,0,0,"midday"
95,761,40,721,"weekend","earlymorning","travelling","cold","grocery",0,0,0,"morning"
95,765,44,721,"weekday","dinner","shopping","cold","grocery",0,0,0,"night"
95,766,45,721,"weekday","lunch","unknown","freezing","grocery",0,0,0,"midday"
95,769,48,721,"weekday","beforelunch","travelling","unknown","grocery",0,0,0,"midday"
95,770,49,721,"weekday","breakfast","working","freezing","restaurant",0,0,0,"morning"
95,772,51,721,"weekday","night","travelling","freezing","grocery",0,0,0,"night"
95,773,52,721,"weekday","morning","travelling","cold","restaurant",0,0,0,"morning"
95,775,54,721,"weekend","morning","travelling","cold","restaurant",1,0,0,"morning"
95,776,55,721,"weekday","lunch","shopping","cold","grocery",0,0,0,"midday"
95,778,57,721,"weekday","dinner","unknown","cold","grocery",0,1,0,"night"
95,783,62,721,"weekday","afternoon","travelling","cold","grocery",1,1,0,"midday"
95,786,65,721,"weekday","afternoon","leisure","cold","restaurant",1,1,0,"midday"
95,789,68,721,"weekday","dinner","travelling","unknown","restaurant",1,1,0,"night"
95,790,69,721,"weekday","afternoon","travelling","cold","restaurant",1,1,0,"midday"
95,792,71,721,"weekend","lunch","travelling","cold","grocery",0,1,0,"midday"
95,794,73,721,"weekday","night","unknown","hot","grocery",0,1,0,"night"
95,798,77,721,"weekend","breakfast","travelling","warm","grocery",0,1,0,"morning"
95,799,78,721,"weekday","unknown","travelling","freezing","grocery",1,1,0,"unknown"
95,808,87,721,"weekday","breakfast","unknown","freezing","restaurant",1,1,0,"morning"
95,812,91,721,"weekday","breakfast","travelling","freezing","grocery",0,1,0,"morning"
95,813,92,721,"weekday","morning","travelling","cold","restaurant",0,1,0,"morning"
95,816,95,721,"weekday","breakfast","travelling","warm","restaurant",1,1,0,"morning"
95,817,96,721,"weekday","beforelunch","unknown","unknown","grocery",0,1,0,"midday"
95,819,98,721,"weekday","afternoon","travelling","freezing","restaurant",1,1,0,"midday"
95,821,100,721,"weekday","afternoon","unknown","unknown","restaurant",0,1,0,"midday"
95,822,101,721,"weekend","breakfast","travelling","hot","grocery",0,1,0,"morning"
95,823,102,721,"weekend","afternoon","unknown","hot","grocery",0,1,0,"midday"
95,824,103,721,"weekday","afternoon","travelling","cold","restaurant",0,1,0,"midday"
95,825,104,721,"weekday","morning","travelling","cold","restaurant",1,1,0,"morning"
95,828,107,721,"weekday","dinner","travelling","hot","restaurant",0,1,0,"night"
95,829,108,721,"weekday","afternoon","unknown","freezing","grocery",1,1,0,"midday"
95,830,109,721,"weekend","afternoon","leisure","unknown","grocery",0,1,0,"midday"
95,833,112,721,"weekday","unknown","leisure","cold","restaurant",0,1,0,"unknown"
95,838,117,721,"weekday","beforelunch","unknown","freezing","restaurant",1,1,1,"midday"
95,839,118,721,"weekday","morning","travelling","freezing","grocery",1,1,1,"morning"
95,844,123,721,"weekday","breakfast","leisure","unknown","grocery",0,1,1,"morning"
95,845,124,721,"weekday","beforelunch","working","freezing","restaurant",0,1,1,"midday"
95,846,125,721,"weekend","lunch","unknown","cold","restaurant",0,1,1,"midday"
95,847,126,721,"weekday","breakfast","travelling","freezing","grocery",0,1,1,"morning"
95,848,127,721,"weekend","dinner","shopping","warm","restaurant",1,1,1,"night"
95,849,128,721,"weekday","lunch","working","freezing","grocery",0,1,1,"midday"
95,851,130,721,"weekend","afternoon","travelling","freezing","grocery",1,1,1,"midday"
95,855,134,721,"weekend","earlymorning","travelling","cold","grocery",0,1,1,"morning"
95,863,142,721,"weekday","unknown","travelling","unknown","restaurant",0,1,1,"unknown"
95,864,143,721,"weekday","beforelunch","travelling","hot","grocery",0,1,1,"midday"
95,867,146,721,"weekday","afternoon","travelling","freezing","grocery",0,1,1,"midday"
95,868,147,721,"weekend","night","shopping","freezing","grocery",1,1,1,"night"
95,871,150,721,"weekend","morning","travelling","unknown","restaurant",1,1,1,"morning"
95,874,153,721,"weekend","lunch","travelling","freezing","restaurant",0,1,1,"midday"
95,876,155,721,"weekend","beforelunch","leisure","cold","grocery",1,1,1,"midday"
95,878,157,721,"weekday","afternoon","travelling","warm","grocery",1,1,1,"midday"
95,879,158,721,"weekend","beforelunch","travelling","freezing","restaurant",0,1,1,"midday"
95,880,159,721,"weekday","afternoon","travelling","unknown","restaurant",0,1,1,"midday"
95,881,160,721,"weekend","afternoon","travelling","cold","grocery",0,1,1,"midday"
95,883,162,721,"weekday","beforelunch","travelling","warm","restaurant",0,1,1,"midday"
95,884,163,721,"weekday","night","travelling","cold","grocery",0,1,1,"night"
95,889,168,721,"weekday","afternoon","working","cold","grocery",0,1,1,"midday"
95,892,171,721,"weekday","beforelunch","travelling","unknown","grocery",0,1,1,"midday"
95,894,173,721,"weekend","afternoon","unknown","cold","grocery",0,1,1,"midday"
95,896,175,721,"weekday","breakfast","unknown","cold","restaurant",0,1,1,"morning"
95,898,177,721,"weekend","lunch","travelling","unknown","restaurant",1,1,1,"midday"
95,900,179,721,"weekend","beforelunch","travelling","warm","restaurant",0,1,1,"midday"
95,901,180,721,"weekday","morning","shopping","warm","grocery",1,1,1,"morning"
95,902,181,721,"weekday","lunch","working","unknown","grocery",0,1,1,"midday"
95,903,182,721,"weekday","breakfast","travelling","hot","restaurant",0,1,1,"morning"
96,725,1,724,"weekday","lunch","unknown","unknown","restaurant",1,0,0,"midday"
96,726,2,724,"weekday","beforelunch","unknown","warm","grocery",1,0,0,"midday"
96,728,4,724,"weekday","beforelunch","travelling","cold","grocery",1,0,0,"midday"
96,729,5,724,"weekday","beforelunch","shopping","cold","restaurant",1,0,0,"midday"
96,730,6,724,"weekend","afternoon","travelling","freezing","restaurant",0,0,0,"midday"
96,731,7,724,"weekday","afternoon","travelling","warm","grocery",1,0,0,"midday"
96,732,8,724,"weekday","afternoon","travelling","warm","restaurant",0,0,0,"midday"
96,733,9,724,"weekend","afternoon","unknown","unknown","restaurant",1,0,0,"midday"
96,735,11,724,"weekday","afternoon","shopping","unknown","grocery",0,0,0,"midday"
96,736,12,724,"weekday","beforelunch","working","warm","grocery",1,0,0,"midday"
96,740,16,724,"weekday","dinner","travelling","warm","grocery",1,0,0,"night"
96,741,17,724,"weekday","afternoon","travelling","warm","restaurant",0,0,0,"midday"
96,742,18,724,"weekday","afternoon","unknown","hot","restaurant",0,0,0,"midday"
96,743,19,724,"weekday","night","unknown","unknown","restaurant",0,0,0,"night"
96,744,20,724,"weekend","evening","travelling","unknown","grocery",0,0,0,"night"
96,746,22,724,"weekend","morning","unknown","cold","grocery",0,0,0,"morning"
96,747,23,724,"weekday","afternoon","unknown","cold","restaurant",0,0,0,"midday"
96,748,24,724,"weekday","dinner","travelling","unknown","grocery",1,0,0,"night"
96,749,25,724,"weekend","lunch","unknown","unknown","restaurant",0,0,0,"midday"
96,750,26,724,"weekday","night","travelling","unknown","grocery",1,0,0,"night"
96,751,27,724,"weekday","afternoon","unknown","freezing","grocery",0,0,0,"midday"
96,754,30,724,"weekday","beforelunch","unknown","warm","restaurant",0,0,0,"midday"
96,755,31,724,"weekday","beforelunch","travelling","hot","restaurant",0,0,0,"midday"
96,756,32,724,"weekday","afternoon","shopping","freezing","restaurant",0,0,0,"midday"
96,757,33,724,"weekday","dinner","leisure","unknown","grocery",0,0,0,"night"
96,758,34,724,"weekday","lunch","travelling","freezing","grocery",0,0,0,"midday"
96,759,35,724,"weekday","afternoon","travelling","cold","grocery",1,0,0,"midday"
96,760,36,724,"weekday","beforelunch","travelling","cold","restaurant",0,0,0,"midday"
96,761,37,724,"weekday","beforelunch","working","cold","grocery",1,0,0,"midday"
96,765,41,724,"weekday","lunch","leisure","warm","restaurant",0,0,0,"midday"
96,766,42,724,"weekday","afternoon","travelling","freezing","grocery",0,0,0,"midday"
96,767,43,724,"weekday","breakfast","leisure","unknown","restaurant",0,0,0,"morning"
96,768,44,724,"weekday","beforelunch","travelling","cold","restaurant",0,0,0,"midday"
96,769,45,724,"weekday","afternoon","working","unknown","restaurant",1,0,0,"midday"
96,770,46,724,"weekday","breakfast","shopping","cold","restaurant",0,0,0,"morning"
96,771,47,724,"weekday","morning","leisure","freezing","grocery",0,0,0,"morning"
96,772,48,724,"unknown","lunch","unknown","unknown","grocery",1,0,0,"midday"
96,774,50,724,"unknown","dinner","leisure","freezing","grocery",0,0,0,"night"
96,776,52,724,"weekday","lunch","working","warm","grocery",1,0,0,"midday"
96,778,54,724,"weekend","afternoon","shopping","cold","restaurant",0,0,0,"midday"
96,779,55,724,"weekday","breakfast","travelling","unknown","grocery",0,0,0,"morning"
96,781,57,724,"weekday","afternoon","morningrituals","cold","restaurant",0,1,0,"midday"
96,782,58,724,"weekend","beforelunch","leisure","cold","restaurant",0,1,0,"midday"
96,783,59,724,"weekday","lunch","travelling","hot","restaurant",1,1,0,"midday"
96,784,60,724,"weekday","afternoon","travelling","unknown","grocery",0,1,0,"midday"
96,787,63,724,"weekday","afternoon","travelling","warm","grocery",0,1,0,"midday"
96,790,66,724,"weekday","breakfast","travelling","cold","grocery",1,1,0,"morning"
96,792,68,724,"weekday","beforelunch","shopping","warm","restaurant",0,1,0,"midday"
96,793,69,724,"weekday","afternoon","unknown","cold","grocery",0,1,0,"midday"
96,795,71,724,"weekday","afternoon","travelling","freezing","grocery",0,1,0,"midday"
96,796,72,724,"weekend","afternoon","working","hot","grocery",0,1,0,"midday"
96,797,73,724,"weekday","beforelunch","travelling","unknown","restaurant",0,1,0,"midday"
96,798,74,724,"weekend","beforelunch","travelling","freezing","grocery",0,1,0,"midday"
96,799,75,724,"weekday","afternoon","travelling","cold","restaurant",0,1,0,"midday"
96,800,76,724,"weekday","breakfast","travelling","unknown","restaurant",1,1,0,"morning"
96,801,77,724,"weekend","afternoon","travelling","freezing","grocery",1,1,0,"midday"
96,803,79,724,"weekend","evening","unknown","unknown","grocery",0,1,0,"night"
96,804,80,724,"weekday","morning","travelling","freezing","grocery",0,1,0,"morning"
96,806,82,724,"weekday","afternoon","unknown","warm","grocery",0,1,0,"midday"
96,807,83,724,"weekday","beforelunch","leisure","cold","restaurant",0,1,0,"midday"
96,808,84,724,"weekday","breakfast","travelling","freezing","restaurant",0,1,0,"morning"
96,811,87,724,"weekday","beforelunch","travelling","freezing","grocery",0,1,0,"midday"
96,812,88,724,"weekend","lunch","morningrituals","freezing","restaurant",0,1,0,"midday"
96,813,89,724,"weekday","afternoon","travelling","cold","restaurant",0,1,0,"midday"
96,815,91,724,"weekday","afternoon","leisure","warm","grocery",1,1,0,"midday"
96,816,92,724,"weekend","beforelunch","travelling","unknown","grocery",0,1,0,"midday"
96,818,94,724,"weekday","beforelunch","travelling","cold","restaurant",0,1,0,"midday"
96,821,97,724,"weekend","lunch","unknown","freezing","restaurant",1,1,0,"midday"
96,822,98,724,"weekday","beforelunch","travelling","warm","grocery",0,1,0,"midday"
96,823,99,724,"weekday","lunch","shopping","unknown","grocery",0,1,0,"midday"
96,824,100,724,"weekday","breakfast","travelling","unknown","grocery",1,1,0,"morning"
96,825,101,724,"weekday","latenight","travelling","freezing","restaurant",0,1,0,"night"
96,826,102,724,"weekday","beforelunch","working","unknown","grocery",0,1,0,"midday"
96,827,103,724,"weekday","afternoon","shopping","freezing","grocery",1,1,0,"midday"
96,828,104,724,"weekday","afternoon","unknown","cold","grocery",0,1,0,"midday"
96,831,107,724,"weekend","beforelunch","travelling","warm","grocery",0,1,0,"midday"
96,832,108,724,"weekday","breakfast","working","warm","grocery",0,1,0,"morning"
96,833,109,724,"weekday","beforelunch","unknown","warm","restaurant",0,1,0,"midday"
96,836,112,724,"weekday","lunch","unknown","hot","grocery",1,1,0,"midday"
96,838,114,724,"unknown","afternoon","unknown","warm","grocery",0,1,1,"midday"
96,840,116,724,"weekday","breakfast","working","freezing","restaurant",1,1,1,"morning"
96,841,117,724,"weekday","beforelunch","travelling","warm","restaurant",0,1,1,"midday"
96,843,119,724,"weekend","beforelunch","travelling","cold","grocery",0,1,1,"midday"
96,849,125,724,"weekday","afternoon","travelling","cold","grocery",1,1,1,"midday"
96,850,126,724,"weekday","morning","unknown","freezing","restaurant",0,1,1,"morning"
96,853,129,724,"weekday","beforelunch","leisure","unknown","grocery",0,1,1,"midday"
96,854,130,724,"weekday","morning","travelling","freezing","restaurant",1,1,1,"morning"
96,856,132,724,"weekend","beforelunch","working","hot","grocery",1,1,1,"midday"
96,858,134,724,"weekday","afternoon","morningrituals","freezing","grocery",0,1,1,"midday"
96,859,135,724,"weekend","lunch","working","unknown","grocery",1,1,1,"midday"
96,861,137,724,"weekday","lunch","travelling","unknown","restaurant",0,1,1,"midday"
96,863,139,724,"weekend","lunch","travelling","warm","grocery",0,1,1,"midday"
96,864,140,724,"weekday","lunch","travelling","unknown","grocery",0,1,1,"midday"
96,866,142,724,"weekend","breakfast","shopping","cold","restaurant",0,1,1,"morning"
96,867,143,724,"weekday","lunch","working","freezing","restaurant",0,1,1,"midday"
96,868,144,724,"weekday","afternoon","travelling","unknown","restaurant",0,1,1,"midday"
96,869,145,724,"weekday","beforelunch","morningrituals","warm","grocery",0,1,1,"midday"
96,871,147,724,"weekday","beforelunch","travelling","freezing","restaurant",0,1,1,"midday"
96,872,148,724,"weekday","morning","travelling","freezing","grocery",1,1,1,"morning"
96,873,149,724,"weekday","breakfast","travelling","freezing","grocery",1,1,1,"morning"
96,875,151,724,"weekday","afternoon","travelling","cold","grocery",1,1,1,"midday"
96,877,153,724,"weekday","morning","workingout","warm","restaurant",1,1,1,"morning"
96,878,154,724,"weekday","lunch","travelling","freezing","grocery",0,1,1,"midday"
96,879,155,724,"weekday","lunch","travelling","unknown","restaurant",0,1,1,"midday"
96,881,157,724,"weekday","beforelunch","unknown","freezing","grocery",1,1,1,"midday"
96,884,160,724,"weekday","dinner","travelling","warm","restaurant",0,1,1,"night"
96,888,164,724,"weekend","dinner","travelling","cold","restaurant",0,1,1,"night"
96,889,165,724,"weekday","afternoon","working","unknown","grocery",0,1,1,"midday"
96,892,168,724,"weekend","afternoon","leisure","unknown","grocery",0,1,1,"midday"
96,893,169,724,"weekday","breakfast","travelling","warm","grocery",0,1,1,"morning"
96,894,170,724,"weekday","beforelunch","leisure","unknown","restaurant",0,1,1,"midday"
96,896,172,724,"weekday","breakfast","travelling","warm","grocery",1,1,1,"morning"
96,898,174,724,"weekend","unknown","travelling","cold","grocery",0,1,1,"unknown"
96,900,176,724,"weekday","afternoon","travelling","freezing","restaurant",1,1,1,"midday"
96,901,177,724,"weekday","afternoon","travelling","unknown","grocery",0,1,1,"midday"
96,902,178,724,"weekday","afternoon","travelling","unknown","grocery",0,1,1,"midday"
96,904,180,724,"weekday","morning","working","hot","grocery",1,1,1,"morning"
96,906,182,724,"weekday","lunch","travelling","freezing","grocery",0,1,1,"midday"
97,731,2,729,"weekend","afternoon","leisure","unknown","restaurant",1,0,0,"midday"
97,733,4,729,"weekday","beforelunch","travelling","freezing","restaurant",1,0,0,"midday"
97,738,9,729,"weekday","lunch","travelling","warm","restaurant",0,0,0,"midday"
97,762,33,729,"weekday","morning","unknown","unknown","restaurant",0,0,0,"morning"
97,769,40,729,"weekend","afternoon","travelling","unknown","grocery",0,0,0,"midday"
97,771,42,729,"weekday","lunch","travelling","unknown","grocery",0,0,0,"midday"
97,781,52,729,"weekday","lunch","shopping","unknown","grocery",0,0,0,"midday"
97,785,56,729,"weekday","breakfast","travelling","hot","restaurant",1,0,0,"morning"
97,793,64,729,"weekday","afternoon","travelling","unknown","restaurant",1,1,0,"midday"
97,796,67,729,"weekday","lunch","travelling","warm","restaurant",1,1,0,"midday"
97,806,77,729,"weekday","unknown","travelling","cold","restaurant",1,1,0,"unknown"
97,807,78,729,"weekday","afternoon","travelling","cold","grocery",0,1,0,"midday"
97,811,82,729,"weekday","unknown","unknown","warm","restaurant",0,1,0,"unknown"
97,813,84,729,"weekend","lunch","travelling","freezing","restaurant",0,1,0,"midday"
97,814,85,729,"weekend","afternoon","unknown","cold","grocery",0,1,0,"midday"
97,816,87,729,"weekday","lunch","travelling","freezing","restaurant",1,1,0,"midday"
97,817,88,729,"weekday","unknown","leisure","cold","restaurant",0,1,0,"unknown"
97,819,90,729,"weekday","afternoon","travelling","hot","restaurant",1,1,0,"midday"
97,821,92,729,"weekday","afternoon","travelling","cold","restaurant",0,1,0,"midday"
97,824,95,729,"weekend","beforelunch","travelling","freezing","restaurant",0,1,0,"midday"
97,825,96,729,"weekend","breakfast","leisure","hot","grocery",1,1,0,"morning"
97,826,97,729,"weekday","unknown","travelling","unknown","restaurant",1,1,0,"unknown"
97,829,100,729,"weekend","afternoon","travelling","freezing","restaurant",1,1,0,"midday"
97,830,101,729,"weekend","beforelunch","travelling","cold","restaurant",0,1,0,"midday"
97,832,103,729,"weekday","lunch","working","cold","grocery",0,1,0,"midday"
97,836,107,729,"weekday","lunch","travelling","freezing","grocery",0,1,0,"midday"
97,837,108,729,"weekday","lunch","travelling","cold","restaurant",0,1,0,"midday"
97,839,110,729,"weekday","afternoon","travelling","cold","grocery",0,1,0,"midday"
97,840,111,729,"weekday","beforelunch","leisure","freezing","grocery",0,1,0,"midday"
97,844,115,729,"weekend","beforelunch","shopping","warm","restaurant",1,1,1,"midday"
97,848,119,729,"weekday","afternoon","travelling","cold","grocery",0,1,1,"midday"
97,851,122,729,"weekday","beforelunch","unknown","cold","grocery",0,1,1,"midday"
97,856,127,729,"weekday","afternoon","travelling","unknown","grocery",0,1,1,"midday"
97,857,128,729,"weekday","beforelunch","working","unknown","grocery",0,1,1,"midday"
97,861,132,729,"weekday","afternoon","unknown","cold","restaurant",0,1,1,"midday"
97,866,137,729,"unknown","breakfast","travelling","cold","grocery",0,1,1,"morning"
97,882,153,729,"unknown","latenight","unknown","cold","restaurant",0,1,1,"night"
97,883,154,729,"weekend","lunch","travelling","unknown","grocery",1,1,1,"midday"
97,886,157,729,"weekday","afternoon","travelling","cold","restaurant",0,1,1,"midday"
97,889,160,729,"weekday","beforelunch","unknown","cold","grocery",0,1,1,"midday"
97,890,161,729,"weekday","afternoon","travelling","warm","grocery",1,1,1,"midday"
97,893,164,729,"weekend","breakfast","unknown","cold","grocery",0,1,1,"morning"
97,894,165,729,"weekday","beforelunch","travelling","freezing","restaurant",0,1,1,"midday"
97,896,167,729,"weekday","lunch","leisure","warm","grocery",0,1,1,"midday"
97,907,178,729,"weekend","breakfast","working","warm","restaurant",0,1,1,"morning"
98,749,9,740,"weekday","lunch","workingout","unknown","grocery",1,0,0,"midday"
98,750,10,740,"weekday","beforelunch","shopping","warm","grocery",0,0,0,"midday"
98,751,11,740,"weekday","lunch","unknown","unknown","restaurant",0,0,0,"midday"
98,753,13,740,"weekend","morning","travelling","unknown","grocery",0,0,0,"morning"
98,754,14,740,"weekend","lunch","leisure","warm","grocery",1,0,0,"midday"
98,758,18,740,"weekend","afternoon","unknown","freezing","grocery",0,0,0,"midday"
98,763,23,740,"weekday","lunch","leisure","unknown","grocery",0,0,0,"midday"
98,768,28,740,"weekday","dinner","travelling","warm","grocery",0,0,0,"night"
98,769,29,740,"weekend","lunch","unknown","unknown","restaurant",0,0,0,"midday"
98,775,35,740,"weekday","beforelunch","unknown","unknown","restaurant",0,0,0,"midday"
98,781,41,740,"weekday","beforelunch","travelling","warm","restaurant",1,0,0,"midday"
98,785,45,740,"weekday","breakfast","working","cold","restaurant",1,0,0,"morning"
98,787,47,740,"weekend","morning","unknown","unknown","grocery",1,0,0,"morning"
98,789,49,740,"weekday","afternoon","leisure","hot","restaurant",0,0,0,"midday"
98,791,51,740,"weekday","morning","working","warm","grocery",0,0,0,"morning"
98,804,64,740,"weekday","afternoon","shopping","freezing","restaurant",0,1,0,"midday"
98,812,72,740,"weekday","afternoon","travelling","unknown","grocery",0,1,0,"midday"
98,820,80,740,"weekday","afternoon","travelling","freezing","restaurant",0,1,0,"midday"
98,821,81,740,"weekday","afternoon","unknown","cold","restaurant",0,1,0,"midday"
98,829,89,740,"weekend","beforelunch","shopping","hot","grocery",0,1,0,"midday"
98,839,99,740,"weekday","afternoon","leisure","unknown","grocery",1,1,0,"midday"
98,846,106,740,"weekday","afternoon","leisure","unknown","restaurant",1,1,0,"midday"
98,848,108,740,"weekday","afternoon","travelling","warm","restaurant",1,1,0,"midday"
98,864,124,740,"weekday","lunch","travelling","hot","grocery",1,1,1,"midday"
98,865,125,740,"weekday","beforelunch","working","cold","restaurant",0,1,1,"midday"
98,867,127,740,"weekday","afternoon","travelling","unknown","grocery",0,1,1,"midday"
98,870,130,740,"weekday","afternoon","leisure","cold","restaurant",0,1,1,"midday"
98,879,139,740,"weekday","night","travelling","warm","grocery",0,1,1,"night"
98,885,145,740,"weekday","night","leisure","unknown","grocery",0,1,1,"night"
98,892,152,740,"weekday","earlymorning","shopping","warm","restaurant",0,1,1,"morning"
98,895,155,740,"weekend","beforelunch","travelling","unknown","restaurant",0,1,1,"midday"
98,901,161,740,"weekday","beforelunch","working","unknown","grocery",1,1,1,"midday"
99,742,1,741,"weekend","breakfast","travelling","cold","grocery",0,0,0,"morning"
99,743,2,741,"weekday","afternoon","travelling","freezing","grocery",0,0,0,"midday"
99,750,9,741,"weekday","morning","travelling","freezing","restaurant",0,0,0,"morning"
99,756,15,741,"weekday","afternoon","travelling","warm","restaurant",0,0,0,"midday"
99,758,17,741,"weekday","earlymorning","working","cold","grocery",0,0,0,"morning"
99,762,21,741,"weekday","afternoon","travelling","cold","grocery",0,0,0,"midday"
99,763,22,741,"weekend","beforelunch","travelling","warm","grocery",0,0,0,"midday"
99,765,24,741,"weekday","afternoon","leisure","unknown","restaurant",0,0,0,"midday"
99,766,25,741,"weekday","lunch","travelling","freezing","grocery",0,0,0,"midday"
99,767,26,741,"weekday","morning","unknown","unknown","grocery",1,0,0,"morning"
99,771,30,741,"weekday","lunch","travelling","cold","grocery",0,0,0,"midday"
99,773,32,741,"weekday","afternoon","travelling","freezing","restaurant",0,0,0,"midday"
99,777,36,741,"weekday","lunch","morningrituals","cold","grocery",0,0,0,"midday"
99,780,39,741,"weekday","lunch","leisure","warm","restaurant",0,0,0,"midday"
99,782,41,741,"weekend","afternoon","morningrituals","unknown","grocery",0,0,0,"midday"
99,786,45,741,"weekday","beforelunch","travelling","warm","grocery",0,0,0,"midday"
99,787,46,741,"weekday","lunch","leisure","hot","restaurant",0,0,0,"midday"
99,788,47,741,"weekday","afternoon","travelling","warm","grocery",0,0,0,"midday"
99,792,51,741,"weekday","breakfast","unknown","cold","restaurant",0,0,0,"morning"
99,796,55,741,"weekend","afternoon","unknown","cold","grocery",0,0,0,"midday"
99,798,57,741,"weekday","lunch","unknown","warm","grocery",0,1,0,"midday"
99,801,60,741,"weekday","lunch","unknown","cold","restaurant",0,1,0,"midday"
99,808,67,741,"weekday","afternoon","unknown","cold","grocery",0,1,0,"midday"
99,810,69,741,"weekend","beforelunch","unknown","cold","restaurant",0,1,0,"midday"
99,812,71,741,"weekend","beforelunch","unknown","cold","restaurant",0,1,0,"midday"
99,815,74,741,"weekday","beforelunch","shopping","freezing","grocery",0,1,0,"midday"
99,816,75,741,"weekday","afternoon","shopping","warm","grocery",0,1,0,"midday"
99,820,79,741,"weekday","afternoon","travelling","unknown","restaurant",0,1,0,"midday"
99,821,80,741,"weekday","breakfast","leisure","unknown","grocery",0,1,0,"morning"
99,823,82,741,"weekend","earlymorning","leisure","warm","restaurant",0,1,0,"morning"
99,826,85,741,"weekday","afternoon","working","cold","restaurant",0,1,0,"midday"
99,830,89,741,"weekday","morning","working","freezing","restaurant",0,1,0,"morning"
99,838,97,741,"weekday","morning","unknown","unknown","grocery",0,1,0,"morning"
99,839,98,741,"weekday","breakfast","travelling","cold","restaurant",0,1,0,"morning"
99,844,103,741,"weekend","morning","unknown","warm","restaurant",1,1,0,"morning"
99,846,105,741,"weekday","breakfast","travelling","cold","grocery",1,1,0,"morning"
99,847,106,741,"unknown","lunch","morningrituals","cold","grocery",0,1,0,"midday"
99,849,108,741,"weekend","afternoon","travelling","cold","grocery",0,1,0,"midday"
99,854,113,741,"weekday","afternoon","working","warm","grocery",0,1,1,"midday"
99,868,127,741,"weekday","afternoon","travelling","unknown","restaurant",0,1,1,"midday"
99,869,128,741,"weekday","lunch","unknown","cold","restaurant",1,1,1,"midday"
99,870,129,741,"weekend","morning","unknown","hot","grocery",0,1,1,"morning"
99,878,137,741,"weekday","afternoon","travelling","hot","restaurant",0,1,1,"midday"
99,879,138,741,"weekday","lunch","travelling","cold","restaurant",1,1,1,"midday"
99,880,139,741,"weekend","lunch","travelling","cold","restaurant",0,1,1,"midday"
99,884,143,741,"weekday","breakfast","travelling","freezing","grocery",0,1,1,"morning"
99,885,144,741,"weekday","afternoon","travelling","freezing","restaurant",0,1,1,"midday"
99,886,145,741,"weekend","evening","leisure","hot","restaurant",0,1,1,"night"
99,887,146,741,"weekend","breakfast","travelling","cold","grocery",0,1,1,"morning"
99,888,147,741,"weekend","dinner","travelling","warm","restaurant",0,1,1,"night"
99,889,148,741,"weekend","afternoon","unknown","freezing","grocery",0,1,1,"midday"
99,890,149,741,"weekend","beforelunch","unknown","hot","grocery",0,1,1,"midday"
99,900,159,741,"weekday","breakfast","shopping","unknown","grocery",0,1,1,"morning"
99,904,163,741,"weekday","evening","travelling","cold","restaurant",0,1,1,"night"
99,906,165,741,"weekday","afternoon","travelling","warm","grocery",1,1,1,"midday"
99,907,166,741,"weekday","morning","travelling","warm","restaurant",0,1,1,"morning"
99,915,174,741,"weekday","lunch","travelling","warm","grocery",1,1,1,"midday"
99,916,175,741,"weekday","afternoon","travelling","cold","grocery",1,1,1,"midday"
99,923,182,741,"weekday","breakfast","working","cold","grocery",0,1,1,"morning"
99,924,183,741,"weekend","lunch","shopping","unknown","restaurant",1,1,1,"midday"
100,748,1,747,"weekday","earlymorning","working","warm","restaurant",0,0,0,"morning"
100,749,2,747,"weekday","beforelunch","travelling","freezing","grocery",0,0,0,"midday"
100,752,5,747,"weekday","afternoon","travelling","unknown","grocery",1,0,0,"midday"
100,761,14,747,"weekday","afternoon","leisure","unknown","restaurant",1,0,0,"midday"
100,767,20,747,"weekday","beforelunch","travelling","freezing","restaurant",0,0,0,"midday"
100,769,22,747,"weekend","afternoon","working","freezing","restaurant",0,0,0,"midday"
100,770,23,747,"weekday","beforelunch","unknown","cold","restaurant",0,0,0,"midday"
100,775,28,747,"weekday","lunch","unknown","unknown","restaurant",0,0,0,"midday"
100,777,30,747,"weekday","dinner","working","unknown","grocery",0,0,0,"night"
100,781,34,747,"weekend","dinner","travelling","warm","grocery",0,0,0,"night"
100,783,36,747,"weekday","afternoon","travelling","unknown","restaurant",0,0,0,"midday"
100,784,37,747,"weekday","beforelunch","travelling","cold","grocery",1,0,0,"midday"
100,787,40,747,"weekday","dinner","travelling","cold","grocery",0,0,0,"night"
100,788,41,747,"weekday","afternoon","leisure","cold","restaurant",0,0,0,"midday"
100,793,46,747,"weekday","lunch","travelling","freezing","grocery",0,0,0,"midday"
100,796,49,747,"weekday","breakfast","leisure","hot","restaurant",0,0,0,"morning"
100,805,58,747,"weekend","lunch","travelling","warm","grocery",1,1,0,"midday"
100,808,61,747,"weekend","afternoon","working","cold","grocery",0,1,0,"midday"
100,809,62,747,"weekday","morning","working","unknown","grocery",0,1,0,"morning"
100,815,68,747,"weekday","beforelunch","travelling","cold","grocery",0,1,0,"midday"
100,816,69,747,"weekday","breakfast","travelling","warm","grocery",0,1,0,"morning"
100,818,71,747,"weekday","lunch","leisure","unknown","grocery",0,1,0,"midday"
100,835,88,747,"weekday","dinner","working","cold","grocery",0,1,0,"night"
100,836,89,747,"weekday","afternoon","working","freezing","grocery",0,1,0,"midday"
100,841,94,747,"weekday","afternoon","travelling","unknown","restaurant",1,1,0,"midday"
100,847,100,747,"weekday","morning","travelling","freezing","restaurant",1,1,0,"morning"
100,848,101,747,"unknown","breakfast","travelling","unknown","grocery",0,1,0,"morning"
100,851,104,747,"weekday","morning","travelling","unknown","restaurant",0,1,0,"morning"
100,856,109,747,"weekday","breakfast","travelling","unknown","restaurant",0,1,0,"morning"
100,859,112,747,"weekend","lunch","unknown","cold","restaurant",0,1,0,"midday"
100,861,114,747,"weekday","afternoon","shopping","cold","restaurant",1,1,1,"midday"
100,866,119,747,"weekend","morning","shopping","freezing","grocery",0,1,1,"morning"
100,869,122,747,"weekend","breakfast","travelling","freezing","restaurant",1,1,1,"morning"
100,870,123,747,"weekday","afternoon","travelling","warm","grocery",1,1,1,"midday"
100,871,124,747,"weekday","beforelunch","unknown","warm","grocery",0,1,1,"midday"
100,872,125,747,"weekday","lunch","unknown","cold","grocery",0,1,1,"midday"
100,876,129,747,"weekday","afternoon","travelling","freezing","grocery",1,1,1,"midday"
100,879,132,747,"weekday","lunch","travelling","cold","grocery",0,1,1,"midday"
100,882,135,747,"weekday","morning","unknown","cold","grocery",1,1,1,"morning"
100,885,138,747,"weekday","dinner","working","unknown","grocery",1,1,1,"night"
100,886,139,747,"weekday","breakfast","travelling","unknown","grocery",0,1,1,"morning"
100,889,142,747,"weekday","night","working","cold","restaurant",0,1,1,"night"
100,890,143,747,"weekday","beforelunch","unknown","freezing","grocery",0,1,1,"midday"
100,892,145,747,"weekday","unknown","travelling","unknown","grocery",1,1,1,"unknown"
100,895,148,747,"weekday","lunch","working","unknown","restaurant",0,1,1,"midday"
100,896,149,747,"weekday","afternoon","travelling","cold","restaurant",1,1,1,"midday"
100,898,151,747,"weekday","breakfast","working","unknown","grocery",0,1,1,"morning"
100,899,152,747,"weekend","dinner","travelling","cold","grocery",0,1,1,"night"
100,901,154,747,"weekend","lunch","travelling","cold","restaurant",0,1,1,"midday"
100,902,155,747,"weekday","afternoon","leisure","cold","restaurant",1,1,1,"midday"
100,903,156,747,"weekend","afternoon","travelling","hot","grocery",0,1,1,"midday"
100,905,158,747,"weekday","beforelunch","unknown","freezing","grocery",1,1,1,"midday"
100,906,159,747,"weekend","dinner","unknown","freezing","restaurant",0,1,1,"night"
100,907,160,747,"weekday","morning","travelling","cold","restaurant",0,1,1,"morning"
100,911,164,747,"weekday","latenight","travelling","freezing","grocery",1,1,1,"night"
100,913,166,747,"weekend","lunch","unknown","warm","grocery",0,1,1,"midday"
100,917,170,747,"weekend","afternoon","travelling","freezing","grocery",0,1,1,"midday"
100,918,171,747,"weekday","lunch","travelling","unknown","restaurant",1,1,1,"midday"
100,921,174,747,"weekday","earlymorning","travelling","freezing","grocery",0,1,1,"morning"
100,924,177,747,"weekday","lunch","travelling","warm","grocery",0,1,1,"midday"
100,928,181,747,"weekday","lunch","shopping","unknown","restaurant",0,1,1,"midday"
100,929,182,747,"weekend","afternoon","travelling","freezing","grocery",0,1,1,"midday"
100,930,183,747,"weekday","dinner","travelling","cold","grocery",0,1,1,"night"
