"pid","day","daysInStudy","day_zero","time_type","time_time","situation_major","weather_temperature","notification_type","engagement","S1","S2","time_time_simple"
1,3,3,0,"weekend","beforelunch","shopping","cold","restaurant",1,0,0,"midday"
1,6,6,0,"weekday","afternoon","travelling","cold","grocery",0,0,0,"midday"
1,7,7,0,"weekend","breakfast","unknown","unknown","grocery",0,0,0,"morning"
1,8,8,0,"weekday","lunch","unknown","cold","grocery",1,0,0,"midday"
1,13,13,0,"weekday","beforelunch","travelling","unknown","restaurant",0,0,0,"midday"
1,14,14,0,"weekday","beforelunch","travelling","warm","restaurant",0,0,0,"midday"
1,24,24,0,"weekday","lunch","travelling","cold","grocery",0,0,0,"midday"
1,25,25,0,"weekday","beforelunch","travelling","freezing","grocery",1,0,0,"midday"
1,27,27,0,"weekday","beforelunch","shopping","cold","restaurant",0,0,0,"midday"
1,32,32,0,"weekday","lunch","travelling","warm","restaurant",0,0,0,"midday"
1,39,39,0,"weekday","afternoon","travelling","hot","grocery",0,0,0,"midday"
1,50,50,0,"weekday","lunch","travelling","freezing","grocery",0,0,0,"midday"
1,76,76,0,"weekday","afternoon","travelling","cold","grocery",0,1,0,"midday"
1,81,81,0,"weekday","beforelunch","travelling","warm","grocery",0,1,0,"midday"
1,97,97,0,"weekday","beforelunch","travelling","cold","restaurant",0,1,0,"midday"
1,109,109,0,"weekday","lunch","travelling","hot","grocery",0,1,0,"midday"
1,113,113,0,"weekday","afternoon","working","warm","grocery",0,1,1,"midday"
1,121,121,0,"weekday","afternoon","travelling","freezing","restaurant",0,1,1,"midday"
1,122,122,0,"weekday","lunch","unknown","freezing","restaurant",1,1,1,"midday"
1,131,131,0,"weekday","afternoon","travelling","cold","restaurant",0,1,1,"midday"
1,132,132,0,"weekday","beforelunch","travelling","cold","grocery",0,1,1,"midday"
1,133,133,0,"weekday","lunch","travelling","cold","restaurant",0,1,1,"midday"
1,140,140,0,"weekday","afternoon","travelling","cold","grocery",0,1,1,"midday"
1,152,152,0,"weekday","lunch","travelling","cold","restaurant",1,1,1,"midday"
1,161,161,0,"weekday","breakfast","unknown","freezing","grocery",1,1,1,"morning"
1,168,168,0,"weekday","lunch","morningrituals","freezing","restaurant",0,1,1,"midday"
1,182,182,0,"weekday","dinner","unknown","freezing","restaurant",0,1,1,"night"
2,11,1,10,"weekday","lunch","travelling","warm","grocery",0,0,0,"midday"
2,18,8,10,"weekday","morning","travelling","cold","grocery",0,0,0,"morning"
2,26,16,10,"weekday","lunch","working","freezing","grocery",0,0,0,"midday"
2,28,18,10,"weekend","dinner","leisure","freezing","restaurant",0,0,0,"night"
2,43,33,10,"weekend","breakfast","travelling","unknown","restaurant",0,0,0,"morning"
2,44,34,10,"weekday","afternoon","working","warm","restaurant",0,0,0,"midday"
2,48,38,10,"weekday","afternoon","travelling","unknown","grocery",0,0,0,"midday"
2,56,46,10,"weekday","afternoon","travelling","warm","grocery",0,0,0,"midday"
2,63,53,10,"weekday","afternoon","working","unknown","grocery",0,0,0,"midday"
2,66,56,10,"weekday","afternoon","unknown","hot","restaurant",0,0,0,"midday"
2,69,59,10,"weekend","beforelunch","shopping","freezing","grocery",0,1,0,"midday"
2,70,60,10,"weekend","lunch","working","unknown","restaurant",0,1,0,"midday"
2,72,62,10,"weekend","lunch","shopping","unknown","grocery",0,1,0,"midday"
2,74,64,10,"weekday","beforelunch","leisure","freezing","restaurant",0,1,0,"midday"
2,77,67,10,"weekday","afternoon","leisure","cold","grocery",0,1,0,"midday"
2,87,77,10,"weekend","unknown","travelling","warm","restaurant",0,1,0,"unknown"
2,89,79,10,"weekday","afternoon","travelling","cold","restaurant",0,1,0,"midday"
2,92,82,10,"weekend","breakfast","shopping","cold","grocery",0,1,0,"morning"
2,93,83,10,"weekend","evening","travelling","freezing","restaurant",0,1,0,"night"
2,100,90,10,"weekday","beforelunch","unknown","unknown","grocery",0,1,0,"midday"
2,108,98,10,"weekday","latenight","shopping","unknown","grocery",1,1,0,"night"
2,110,100,10,"weekday","breakfast","working","cold","grocery",0,1,0,"morning"
2,111,101,10,"weekday","afternoon","travelling","freezing","restaurant",0,1,0,"midday"
2,120,110,10,"weekday","beforelunch","travelling","unknown","grocery",0,1,0,"midday"
2,138,128,10,"weekend","beforelunch","morningrituals","cold","grocery",0,1,1,"midday"
2,141,131,10,"weekday","lunch","leisure","cold","grocery",1,1,1,"midday"
2,158,148,10,"weekday","afternoon","unknown","cold","grocery",0,1,1,"midday"
2,172,162,10,"weekday","afternoon","unknown","hot","grocery",0,1,1,"midday"
2,184,174,10,"weekend","lunch","travelling","warm","restaurant",0,1,1,"midday"
2,188,178,10,"weekday","afternoon","shopping","cold","grocery",0,1,1,"midday"
2,189,179,10,"weekday","afternoon","travelling","hot","grocery",0,1,1,"midday"
2,191,181,10,"weekend","afternoon","travelling","unknown","grocery",0,1,1,"midday"
3,24,3,21,"weekend","lunch","unknown","cold","grocery",0,0,0,"midday"
3,26,5,21,"weekend","breakfast","travelling","cold","restaurant",0,0,0,"morning"
3,27,6,21,"weekday","morning","travelling","warm","restaurant",1,0,0,"morning"
3,31,10,21,"weekend","breakfast","travelling","cold","grocery",0,0,0,"morning"
3,34,13,21,"weekday","lunch","leisure","cold","restaurant",1,0,0,"midday"
3,42,21,21,"weekday","lunch","travelling","freezing","restaurant",0,0,0,"midday"
3,43,22,21,"weekday","dinner","travelling","freezing","grocery",0,0,0,"night"
3,46,25,21,"weekday","lunch","shopping","cold","restaurant",1,0,0,"midday"
3,47,26,21,"weekday","afternoon","travelling","hot","restaurant",1,0,0,"midday"
3,50,29,21,"weekday","afternoon","working","cold","grocery",0,0,0,"midday"
3,52,31,21,"weekday","breakfast","unknown","freezing","restaurant",0,0,0,"morning"
3,53,32,21,"weekday","lunch","travelling","freezing","restaurant",1,0,0,"midday"
3,54,33,21,"weekday","afternoon","travelling","unknown","restaurant",0,0,0,"midday"
3,58,37,21,"weekday","afternoon","travelling","unknown","restaurant",0,0,0,"midday"
3,64,43,21,"weekend","breakfast","travelling","unknown","restaurant",1,0,0,"morning"
3,65,44,21,"weekday","beforelunch","working","unknown","restaurant",0,0,0,"midday"
3,70,49,21,"weekday","breakfast","working","hot","grocery",0,0,0,"morning"
3,71,50,21,"weekday","breakfast","travelling","unknown","grocery",0,0,0,"morning"
3,73,52,21,"weekday","dinner","unknown","unknown","grocery",0,0,0,"night"
3,82,61,21,"weekday","afternoon","working","warm","grocery",0,1,0,"midday"
3,85,64,21,"weekday","morning","working","unknown","restaurant",1,1,0,"morning"
3,90,69,21,"weekday","lunch","travelling","cold","grocery",0,1,0,"midday"
3,97,76,21,"weekday","breakfast","travelling","cold","restaurant",0,1,0,"morning"
3,101,80,21,"weekday","beforelunch","travelling","unknown","restaurant",0,1,0,"midday"
3,104,83,21,"weekday","afternoon","travelling","unknown","grocery",0,1,0,"midday"
3,106,85,21,"weekday","beforelunch","travelling","cold","grocery",0,1,0,"midday"
3,108,87,21,"weekday","dinner","travelling","cold","grocery",1,1,0,"night"
3,110,89,21,"weekend","morning","leisure","cold","grocery",1,1,0,"morning"
3,111,90,21,"weekday","breakfast","travelling","cold","restaurant",0,1,0,"morning"
3,114,93,21,"weekday","lunch","leisure","unknown","grocery",0,1,0,"midday"
3,115,94,21,"weekday","dinner","travelling","freezing","restaurant",0,1,0,"night"
3,117,96,21,"weekend","lunch","travelling","unknown","grocery",0,1,0,"midday"
3,122,101,21,"weekday","afternoon","shopping","cold","grocery",1,1,0,"midday"
3,126,105,21,"weekday","lunch","unknown","warm","restaurant",0,1,0,"midday"
3,127,106,21,"weekday","morning","travelling","hot","grocery",0,1,0,"morning"
3,131,110,21,"weekend","afternoon","travelling","cold","grocery",0,1,0,"midday"
3,134,113,21,"weekday","afternoon","travelling","freezing","restaurant",0,1,1,"midday"
3,136,115,21,"weekend","afternoon","travelling","cold","grocery",0,1,1,"midday"
3,139,118,21,"weekday","lunch","travelling","hot","restaurant",0,1,1,"midday"
3,140,119,21,"weekend","lunch","travelling","cold","restaurant",0,1,1,"midday"
3,142,121,21,"weekday","beforelunch","working","freezing","grocery",0,1,1,"midday"
3,145,124,21,"weekday","lunch","travelling","cold","restaurant",0,1,1,"midday"
3,148,127,21,"weekend","afternoon","travelling","warm","grocery",0,1,1,"midday"
3,152,131,21,"weekend","lunch","travelling","unknown","restaurant",1,1,1,"midday"
3,155,134,21,"weekday","lunch","leisure","freezing","grocery",0,1,1,"midday"
3,157,136,21,"weekday","afternoon","travelling","freezing","grocery",0,1,1,"midday"
3,159,138,21,"weekday","earlymorning","travelling","unknown","grocery",0,1,1,"morning"
3,163,142,21,"weekday","lunch","working","cold","restaurant",1,1,1,"midday"
3,174,153,21,"weekend","dinner","shopping","warm","grocery",1,1,1,"night"
3,178,157,21,"unknown","afternoon","travelling","freezing","grocery",0,1,1,"midday"
3,180,159,21,"weekend","beforelunch","workingout","cold","restaurant",1,1,1,"midday"
3,182,161,21,"weekend","earlymorning","unknown","cold","grocery",0,1,1,"morning"
3,185,164,21,"weekend","lunch","travelling","unknown","restaurant",0,1,1,"midday"
3,187,166,21,"weekend","latenight","travelling","unknown","grocery",0,1,1,"night"
3,190,169,21,"weekday","lunch","travelling","cold","grocery",0,1,1,"midday"
3,193,172,21,"weekday","earlymorning","unknown","warm","grocery",0,1,1,"morning"
3,194,173,21,"weekday","afternoon","travelling","unknown","restaurant",0,1,1,"midday"
3,195,174,21,"weekday","breakfast","shopping","unknown","restaurant",0,1,1,"morning"
3,196,175,21,"weekday","breakfast","travelling","unknown","grocery",0,1,1,"morning"
3,201,180,21,"weekend","lunch","travelling","cold","grocery",0,1,1,"midday"
4,27,0,27,"weekday","lunch","travelling","hot","grocery",0,0,0,"midday"
4,31,4,27,"weekday","lunch","travelling","cold","restaurant",1,0,0,"midday"
4,32,5,27,"weekday","morning","travelling","unknown","restaurant",0,0,0,"morning"
4,34,7,27,"weekend","lunch","unknown","cold","grocery",0,0,0,"midday"
4,35,8,27,"weekday","morning","travelling","hot","restaurant",0,0,0,"morning"
4,36,9,27,"weekend","lunch","travelling","cold","grocery",0,0,0,"midday"
4,40,13,27,"weekend","lunch","leisure","cold","restaurant",0,0,0,"midday"
4,41,14,27,"weekday","earlymorning","travelling","unknown","restaurant",1,0,0,"morning"
4,42,15,27,"weekday","afternoon","travelling","freezing","restaurant",0,0,0,"midday"
4,44,17,27,"weekday","evening","morningrituals","warm","restaurant",0,0,0,"night"
4,46,19,27,"weekend","afternoon","unknown","cold","grocery",0,0,0,"midday"
4,48,21,27,"weekday","earlymorning","travelling","hot","grocery",0,0,0,"morning"
4,51,24,27,"weekend","afternoon","shopping","cold","grocery",1,0,0,"midday"
4,53,26,27,"weekend","breakfast","unknown","cold","restaurant",1,0,0,"morning"
4,54,27,27,"weekend","beforelunch","travelling","cold","grocery",0,0,0,"midday"
4,55,28,27,"weekday","afternoon","leisure","cold","grocery",0,0,0,"midday"
4,56,29,27,"weekend","beforelunch","travelling","warm","restaurant",0,0,0,"midday"
4,57,30,27,"weekend","afternoon","travelling","hot","restaurant",0,0,0,"midday"
4,58,31,27,"weekday","unknown","leisure","freezing","grocery",0,0,0,"unknown"
4,59,32,27,"weekday","breakfast","travelling","unknown","restaurant",0,0,0,"morning"
4,60,33,27,"weekday","lunch","unknown","unknown","grocery",0,0,0,"midday"
4,61,34,27,"weekend","afternoon","travelling","unknown","restaurant",1,0,0,"midday"
4,63,36,27,"weekday","afternoon","morningrituals","warm","grocery",1,0,0,"midday"
4,67,40,27,"weekend","lunch","travelling","cold","restaurant",0,0,0,"midday"
4,69,42,27,"weekday","morning","travelling","cold","grocery",1,0,0,"morning"
4,71,44,27,"weekday","breakfast","shopping","warm","grocery",0,0,0,"morning"
4,74,47,27,"weekday","afternoon","travelling","warm","restaurant",1,0,0,"midday"
4,75,48,27,"weekend","morning","travelling","freezing","grocery",1,0,0,"morning"
4,76,49,27,"weekday","lunch","unknown","cold","grocery",1,0,0,"midday"
4,78,51,27,"weekday","morning","working","warm","grocery",0,0,0,"morning"
4,79,52,27,"weekend","lunch","travelling","cold","restaurant",0,0,0,"midday"
4,80,53,27,"weekday","beforelunch","morningrituals","unknown","grocery",0,0,0,"midday"
4,82,55,27,"weekday","beforelunch","shopping","unknown","restaurant",0,0,0,"midday"
4,83,56,27,"weekend","dinner","travelling","unknown","grocery",1,0,0,"night"
4,84,57,27,"weekday","afternoon","leisure","warm","restaurant",0,1,0,"midday"
4,85,58,27,"weekend","morning","unknown","hot","restaurant",0,1,0,"morning"
4,86,59,27,"weekday","lunch","shopping","unknown","restaurant",0,1,0,"midday"
4,87,60,27,"weekday","lunch","travelling","unknown","restaurant",0,1,0,"midday"
4,88,61,27,"weekday","breakfast","unknown","cold","grocery",0,1,0,"morning"
4,89,62,27,"weekday","afternoon","travelling","hot","restaurant",0,1,0,"midday"
4,91,64,27,"weekend","afternoon","leisure","unknown","grocery",1,1,0,"midday"
4,95,68,27,"weekday","lunch","unknown","cold","grocery",1,1,0,"midday"
4,96,69,27,"weekday","lunch","travelling","hot","grocery",0,1,0,"midday"
4,98,71,27,"weekend","morning","working","freezing","restaurant",0,1,0,"morning"
4,99,72,27,"weekday","afternoon","working","cold","restaurant",1,1,0,"midday"
4,100,73,27,"weekend","beforelunch","travelling","freezing","restaurant",1,1,0,"midday"
4,102,75,27,"weekday","afternoon","travelling","hot","grocery",1,1,0,"midday"
4,103,76,27,"weekday","lunch","working","cold","restaurant",1,1,0,"midday"
4,105,78,27,"weekday","afternoon","leisure","cold","restaurant",1,1,0,"midday"
4,107,80,27,"unknown","afternoon","travelling","freezing","grocery",0,1,0,"midday"
4,108,81,27,"weekend","lunch","travelling","warm","restaurant",1,1,0,"midday"
4,109,82,27,"weekday","breakfast","leisure","freezing","grocery",0,1,0,"morning"
4,110,83,27,"weekday","lunch","unknown","freezing","restaurant",0,1,0,"midday"
4,111,84,27,"weekday","beforelunch","travelling","cold","restaurant",0,1,0,"midday"
4,112,85,27,"weekday","afternoon","travelling","hot","grocery",0,1,0,"midday"
4,113,86,27,"weekday","morning","travelling","freezing","grocery",1,1,0,"morning"
4,114,87,27,"weekday","evening","working","cold","grocery",1,1,0,"night"
4,115,88,27,"weekday","afternoon","working","unknown","grocery",1,1,0,"midday"
4,116,89,27,"weekday","morning","unknown","hot","grocery",0,1,0,"morning"
4,117,90,27,"weekday","lunch","travelling","unknown","grocery",0,1,0,"midday"
4,122,95,27,"weekend","dinner","travelling","unknown","restaurant",0,1,0,"night"
4,123,96,27,"weekday","morning","leisure","unknown","restaurant",0,1,0,"morning"
4,124,97,27,"weekday","lunch","working","cold","restaurant",1,1,0,"midday"
4,126,99,27,"weekday","dinner","travelling","unknown","restaurant",1,1,0,"night"
4,129,102,27,"weekday","afternoon","unknown","hot","grocery",0,1,0,"midday"
4,130,103,27,"weekday","lunch","unknown","cold","grocery",1,1,0,"midday"
4,131,104,27,"weekday","beforelunch","morningrituals","warm","restaurant",1,1,0,"midday"
4,136,109,27,"weekday","beforelunch","working","cold","grocery",1,1,0,"midday"
4,139,112,27,"weekday","breakfast","working","hot","grocery",0,1,0,"morning"
4,142,115,27,"weekend","lunch","travelling","cold","restaurant",0,1,1,"midday"
4,145,118,27,"weekday","breakfast","travelling","cold","grocery",1,1,1,"morning"
4,148,121,27,"weekday","beforelunch","travelling","warm","grocery",0,1,1,"midday"
4,150,123,27,"weekday","afternoon","travelling","freezing","restaurant",1,1,1,"midday"
4,152,125,27,"weekend","breakfast","unknown","cold","restaurant",0,1,1,"morning"
4,154,127,27,"weekday","lunch","unknown","warm","restaurant",0,1,1,"midday"
4,156,129,27,"weekday","lunch","travelling","freezing","grocery",0,1,1,"midday"
4,158,131,27,"weekday","beforelunch","travelling","warm","restaurant",1,1,1,"midday"
4,159,132,27,"weekday","lunch","unknown","warm","grocery",1,1,1,"midday"
4,160,133,27,"weekday","lunch","travelling","freezing","restaurant",0,1,1,"midday"
4,164,137,27,"weekday","afternoon","travelling","cold","grocery",1,1,1,"midday"
4,165,138,27,"weekend","lunch","working","cold","restaurant",0,1,1,"midday"
4,168,141,27,"weekday","beforelunch","shopping","cold","restaurant",0,1,1,"midday"
4,169,142,27,"weekday","dinner","shopping","unknown","grocery",0,1,1,"night"
4,170,143,27,"weekday","afternoon","unknown","cold","restaurant",1,1,1,"midday"
4,171,144,27,"weekday","lunch","travelling","unknown","grocery",0,1,1,"midday"
4,172,145,27,"weekday","lunch","travelling","cold","grocery",0,1,1,"midday"
4,174,147,27,"weekday","lunch","unknown","cold","grocery",0,1,1,"midday"
4,178,151,27,"weekday","morning","unknown","cold","grocery",1,1,1,"morning"
4,180,153,27,"weekend","afternoon","travelling","cold","grocery",1,1,1,"midday"
4,183,156,27,"weekday","lunch","travelling","cold","restaurant",1,1,1,"midday"
4,184,157,27,"weekend","breakfast","travelling","warm","restaurant",0,1,1,"morning"
4,185,158,27,"weekday","afternoon","travelling","unknown","grocery",1,1,1,"midday"
4,189,162,27,"weekday","afternoon","travelling","unknown","grocery",0,1,1,"midday"
4,191,164,27,"weekday","afternoon","travelling","unknown","restaurant",0,1,1,"midday"
4,192,165,27,"weekend","morning","shopping","freezing","grocery",0,1,1,"morning"
4,194,167,27,"weekend","afternoon","morningrituals","warm","grocery",0,1,1,"midday"
4,195,168,27,"weekend","breakfast","travelling","cold","grocery",0,1,1,"morning"
4,197,170,27,"weekday","lunch","travelling","freezing","grocery",0,1,1,"midday"
4,206,179,27,"weekday","dinner","unknown","cold","grocery",0,1,1,"night"
4,207,180,27,"weekday","lunch","travelling","unknown","restaurant",1,1,1,"midday"
4,210,183,27,"weekday","beforelunch","travelling","freezing","restaurant",0,1,1,"midday"
5,95,60,35,"weekday","afternoon","working","freezing","grocery",1,1,0,"midday"
5,144,109,35,"weekend","lunch","unknown","unknown","grocery",0,1,0,"midday"
5,164,129,35,"weekend","afternoon","travelling","freezing","restaurant",1,1,1,"midday"
5,168,133,35,"weekday","dinner","unknown","cold","grocery",0,1,1,"night"
5,192,157,35,"unknown","morning","working","warm","grocery",1,1,1,"morning"
5,193,158,35,"weekend","morning","working","hot","restaurant",1,1,1,"morning"
5,218,183,35,"weekday","beforelunch","travelling","cold","restaurant",0,1,1,"midday"
6,43,2,41,"weekday","afternoon","travelling","unknown","restaurant",1,0,0,"midday"
6,45,4,41,"weekday","breakfast","shopping","cold","grocery",0,0,0,"morning"
6,50,9,41,"weekday","afternoon","working","unknown","restaurant",0,0,0,"midday"
6,52,11,41,"weekend","morning","travelling","unknown","grocery",0,0,0,"morning"
6,54,13,41,"weekend","afternoon","shopping","hot","grocery",0,0,0,"midday"
6,58,17,41,"weekday","morning","travelling","unknown","grocery",0,0,0,"morning"
6,67,26,41,"weekday","afternoon","travelling","unknown","grocery",0,0,0,"midday"
6,68,27,41,"weekend","beforelunch","travelling","cold","grocery",0,0,0,"midday"
6,69,28,41,"weekday","breakfast","travelling","freezing","grocery",0,0,0,"morning"
6,73,32,41,"weekday","earlymorning","travelling","hot","restaurant",1,0,0,"morning"
6,76,35,41,"weekday","afternoon","travelling","freezing","grocery",0,0,0,"midday"
6,77,36,41,"weekday","beforelunch","travelling","unknown","restaurant",0,0,0,"midday"
6,78,37,41,"weekend","lunch","travelling","cold","grocery",0,0,0,"midday"
6,80,39,41,"unknown","unknown","shopping","cold","restaurant",1,0,0,"unknown"
6,82,41,41,"weekday","lunch","travelling","unknown","grocery",0,0,0,"midday"
6,85,44,41,"weekday","lunch","leisure","freezing","restaurant",0,0,0,"midday"
6,87,46,41,"weekday","afternoon","unknown","unknown","restaurant",1,0,0,"midday"
6,88,47,41,"weekend","morning","unknown","freezing","restaurant",0,0,0,"morning"
6,96,55,41,"weekday","dinner","travelling","unknown","restaurant",1,0,0,"night"
6,99,58,41,"weekday","beforelunch","travelling","freezing","restaurant",0,1,0,"midday"
6,100,59,41,"weekday","night","travelling","unknown","grocery",0,1,0,"night"
6,102,61,41,"weekday","afternoon","travelling","unknown","grocery",0,1,0,"midday"
6,103,62,41,"weekday","unknown","unknown","freezing","grocery",0,1,0,"unknown"
6,106,65,41,"weekend","breakfast","leisure","cold","restaurant",1,1,0,"morning"
6,107,66,41,"weekday","lunch","unknown","warm","grocery",0,1,0,"midday"
6,109,68,41,"weekend","afternoon","shopping","freezing","restaurant",1,1,0,"midday"
6,112,71,41,"weekday","afternoon","unknown","unknown","restaurant",0,1,0,"midday"
6,118,77,41,"weekday","lunch","travelling","unknown","restaurant",0,1,0,"midday"
6,121,80,41,"weekday","morning","shopping","warm","grocery",0,1,0,"morning"
6,124,83,41,"weekday","afternoon","working","cold","grocery",1,1,0,"midday"
6,125,84,41,"weekend","lunch","leisure","freezing","grocery",0,1,0,"midday"
6,126,85,41,"weekend","lunch","travelling","unknown","grocery",0,1,0,"midday"
6,128,87,41,"weekday","beforelunch","unknown","cold","grocery",1,1,0,"midday"
6,129,88,41,"weekend","afternoon","travelling","warm","grocery",0,1,0,"midday"
6,133,92,41,"weekend","lunch","unknown","freezing","restaurant",0,1,0,"midday"
6,134,93,41,"weekday","beforelunch","travelling","cold","grocery",0,1,0,"midday"
6,137,96,41,"weekday","dinner","travelling","cold","grocery",0,1,0,"night"
6,138,97,41,"weekday","beforelunch","travelling","freezing","grocery",0,1,0,"midday"
6,140,99,41,"weekday","breakfast","unknown","warm","grocery",1,1,0,"morning"
6,141,100,41,"weekday","earlymorning","working","cold","grocery",0,1,0,"morning"
6,144,103,41,"weekday","breakfast","leisure","cold","grocery",0,1,0,"morning"
6,147,106,41,"weekday","breakfast","travelling","warm","restaurant",0,1,0,"morning"
6,148,107,41,"weekday","morning","unknown","warm","restaurant",0,1,0,"morning"
6,149,108,41,"weekday","beforelunch","travelling","unknown","restaurant",0,1,0,"midday"
6,150,109,41,"weekday","beforelunch","travelling","hot","grocery",0,1,0,"midday"
6,153,112,41,"weekend","morning","travelling","unknown","grocery",0,1,0,"morning"
6,157,116,41,"weekday","beforelunch","travelling","cold","restaurant",0,1,1,"midday"
6,158,117,41,"weekday","breakfast","shopping","cold","restaurant",0,1,1,"morning"
6,159,118,41,"weekend","afternoon","travelling","unknown","grocery",1,1,1,"midday"
6,162,121,41,"weekend","beforelunch","travelling","unknown","grocery",0,1,1,"midday"
6,163,122,41,"weekday","breakfast","shopping","unknown","restaurant",0,1,1,"morning"
6,167,126,41,"weekday","afternoon","unknown","hot","grocery",0,1,1,"midday"
6,168,127,41,"weekday","afternoon","travelling","unknown","grocery",0,1,1,"midday"
6,173,132,41,"weekday","lunch","unknown","freezing","restaurant",0,1,1,"midday"
6,174,133,41,"weekend","lunch","shopping","unknown","restaurant",0,1,1,"midday"
6,176,135,41,"unknown","afternoon","unknown","cold","grocery",0,1,1,"midday"
6,178,137,41,"weekday","afternoon","leisure","cold","grocery",0,1,1,"midday"
6,181,140,41,"weekend","lunch","travelling","unknown","grocery",1,1,1,"midday"
6,182,141,41,"weekday","lunch","travelling","cold","grocery",1,1,1,"midday"
6,187,146,41,"weekend","afternoon","travelling","freezing","grocery",0,1,1,"midday"
6,188,147,41,"weekday","beforelunch","travelling","cold","restaurant",0,1,1,"midday"
6,189,148,41,"weekday","lunch","travelling","freezing","restaurant",0,1,1,"midday"
6,191,150,41,"weekday","lunch","unknown","cold","grocery",0,1,1,"midday"
6,192,151,41,"weekend","lunch","unknown","cold","grocery",0,1,1,"midday"
6,196,155,41,"weekday","afternoon","leisure","unknown","restaurant",1,1,1,"midday"
6,198,157,41,"weekday","earlymorning","working","cold","grocery",1,1,1,"morning"
6,200,159,41,"weekday","beforelunch","working","freezing","restaurant",0,1,1,"midday"
6,202,161,41,"weekend","lunch","unknown","hot","grocery",1,1,1,"midday"
6,208,167,41,"weekday","dinner","shopping","warm","grocery",1,1,1,"night"
6,209,168,41,"weekend","breakfast","unknown","unknown","restaurant",0,1,1,"morning"
6,217,176,41,"weekday","lunch","working","freezing","grocery",0,1,1,"midday"
6,219,178,41,"weekend","morning","travelling","cold","grocery",1,1,1,"morning"
6,223,182,41,"weekday","afternoon","travelling","unknown","grocery",0,1,1,"midday"
7,43,1,42,"weekend","beforelunch","travelling","cold","restaurant",1,0,0,"midday"
7,44,2,42,"weekday","evening","leisure","cold","restaurant",1,0,0,"night"
7,45,3,42,"weekday","lunch","unknown","unknown","grocery",0,0,0,"midday"
7,47,5,42,"weekday","lunch","unknown","cold","restaurant",1,0,0,"midday"
7,48,6,42,"weekday","lunch","travelling","unknown","grocery",0,0,0,"midday"
7,52,10,42,"weekday","beforelunch","working","cold","restaurant",1,0,0,"midday"
7,55,13,42,"weekend","afternoon","unknown","cold","restaurant",0,0,0,"midday"
7,58,16,42,"weekday","afternoon","travelling","freezing","grocery",1,0,0,"midday"
7,59,17,42,"weekend","dinner","leisure","unknown","grocery",0,0,0,"night"
7,61,19,42,"weekday","morning","unknown","warm","restaurant",1,0,0,"morning"
7,62,20,42,"unknown","afternoon","unknown","warm","grocery",0,0,0,"midday"
7,64,22,42,"weekend","lunch","working","cold","grocery",0,0,0,"midday"
7,65,23,42,"weekday","lunch","travelling","warm","restaurant",0,0,0,"midday"
7,66,24,42,"weekday","morning","travelling","cold","restaurant",1,0,0,"morning"
7,68,26,42,"weekday","afternoon","unknown","cold","restaurant",0,0,0,"midday"
7,74,32,42,"weekday","afternoon","working","warm","grocery",1,0,0,"midday"
7,78,36,42,"weekday","lunch","working","cold","restaurant",1,0,0,"midday"
7,81,39,42,"weekday","afternoon","shopping","cold","restaurant",0,0,0,"midday"
7,85,43,42,"weekend","afternoon","unknown","freezing","restaurant",0,0,0,"midday"
7,86,44,42,"weekday","breakfast","travelling","freezing","grocery",0,0,0,"morning"
7,89,47,42,"weekend","breakfast","morningrituals","hot","grocery",0,0,0,"morning"
7,90,48,42,"weekday","lunch","shopping","freezing","grocery",0,0,0,"midday"
7,92,50,42,"weekend","breakfast","travelling","unknown","grocery",0,0,0,"morning"
7,93,51,42,"weekday","morning","unknown","warm","grocery",0,0,0,"morning"
7,94,52,42,"weekend","lunch","travelling","warm","restaurant",0,0,0,"midday"
7,95,53,42,"weekday","lunch","travelling","cold","restaurant",0,0,0,"midday"
7,96,54,42,"weekday","beforelunch","travelling","cold","restaurant",0,0,0,"midday"
7,97,55,42,"weekday","lunch","travelling","cold","restaurant",1,0,0,"midday"
7,99,57,42,"weekday","evening","travelling","warm","restaurant",0,1,0,"night"
7,103,61,42,"weekend","beforelunch","shopping","cold","restaurant",0,1,0,"midday"
7,106,64,42,"weekday","lunch","travelling","freezing","grocery",0,1,0,"midday"
7,119,77,42,"weekend","lunch","travelling","cold","restaurant",0,1,0,"midday"
7,123,81,42,"weekday","afternoon","unknown","freezing","restaurant",0,1,0,"midday"
7,125,83,42,"weekday","morning","travelling","hot","restaurant",0,1,0,"morning"
7,127,85,42,"weekday","beforelunch","unknown","freezing","restaurant",0,1,0,"midday"
7,129,87,42,"unknown","lunch","travelling","warm","grocery",1,1,0,"midday"
7,131,89,42,"weekday","afternoon","leisure","warm","restaurant",0,1,0,"midday"
7,132,90,42,"weekday","lunch","travelling","cold","restaurant",0,1,0,"midday"
7,139,97,42,"weekday","afternoon","working","unknown","restaurant",0,1,0,"midday"
7,140,98,42,"weekday","afternoon","leisure","freezing","restaurant",0,1,0,"midday"
7,149,107,42,"weekend","afternoon","shopping","warm","restaurant",1,1,0,"midday"
7,153,111,42,"weekday","afternoon","travelling","unknown","restaurant",0,1,0,"midday"
7,156,114,42,"weekend","lunch","travelling","hot","grocery",0,1,1,"midday"
7,159,117,42,"weekday","afternoon","travelling","cold","grocery",0,1,1,"midday"
7,160,118,42,"weekday","lunch","travelling","warm","grocery",0,1,1,"midday"
7,163,121,42,"weekday","dinner","unknown","warm","restaurant",0,1,1,"night"
7,164,122,42,"weekday","beforelunch","travelling","unknown","restaurant",0,1,1,"midday"
7,165,123,42,"weekday","breakfast","unknown","hot","grocery",0,1,1,"morning"
7,167,125,42,"weekday","dinner","travelling","warm","restaurant",0,1,1,"night"
7,173,131,42,"weekday","morning","travelling","unknown","restaurant",0,1,1,"morning"
7,174,132,42,"weekday","afternoon","travelling","warm","restaurant",0,1,1,"midday"
7,177,135,42,"unknown","evening","working","warm","restaurant",0,1,1,"night"
7,178,136,42,"weekday","breakfast","travelling","cold","grocery",0,1,1,"morning"
7,184,142,42,"weekday","lunch","unknown","freezing","grocery",0,1,1,"midday"
7,191,149,42,"weekday","beforelunch","leisure","freezing","restaurant",0,1,1,"midday"
7,192,150,42,"weekday","beforelunch","travelling","freezing","restaurant",0,1,1,"midday"
7,193,151,42,"weekday","lunch","travelling","cold","grocery",1,1,1,"midday"
7,194,152,42,"weekday","night","travelling","unknown","grocery",0,1,1,"night"
7,198,156,42,"weekday","lunch","working","cold","restaurant",0,1,1,"midday"
7,199,157,42,"weekday","beforelunch","shopping","freezing","restaurant",0,1,1,"midday"
7,200,158,42,"weekday","afternoon","travelling","hot","restaurant",0,1,1,"midday"
7,204,162,42,"weekend","lunch","leisure","warm","grocery",1,1,1,"midday"
7,216,174,42,"weekday","afternoon","travelling","unknown","restaurant",1,1,1,"midday"
7,217,175,42,"weekday","breakfast","unknown","freezing","grocery",1,1,1,"morning"
7,221,179,42,"weekday","afternoon","unknown","freezing","restaurant",0,1,1,"midday"
7,222,180,42,"weekend","breakfast","travelling","cold","restaurant",0,1,1,"morning"
7,224,182,42,"weekday","afternoon","travelling","unknown","grocery",0,1,1,"midday"
7,225,183,42,"weekday","breakfast","unknown","cold","grocery",0,1,1,"morning"
8,51,6,45,"weekend","afternoon","travelling","freezing","grocery",1,0,0,"midday"
8,55,10,45,"weekday","afternoon","working","cold","grocery",0,0,0,"midday"
8,56,11,45,"weekend","morning","working","unknown","restaurant",0,0,0,"morning"
8,58,13,45,"weekend","afternoon","travelling","freezing","grocery",1,0,0,"midday"
8,61,16,45,"weekend","evening","travelling","warm","restaurant",0,0,0,"night"
8,63,18,45,"weekday","afternoon","working","freezing","grocery",0,0,0,"midday"
8,64,19,45,"weekend","afternoon","travelling","unknown","restaurant",0,0,0,"midday"
8,69,24,45,"weekday","beforelunch","travelling","cold","grocery",0,0,0,"midday"
8,76,31,45,"weekday","afternoon","travelling","warm","grocery",0,0,0,"midday"
8,81,36,45,"weekday","lunch","working","warm","grocery",0,0,0,"midday"
8,83,38,45,"weekday","lunch","travelling","cold","grocery",0,0,0,"midday"
8,87,42,45,"weekday","lunch","morningrituals","unknown","restaurant",1,0,0,"midday"
8,89,44,45,"weekday","lunch","travelling","freezing","grocery",0,0,0,"midday"
8,91,46,45,"weekend","afternoon","travelling","freezing","grocery",0,0,0,"midday"
8,93,48,45,"weekday","lunch","travelling","cold","restaurant",0,0,0,"midday"
8,104,59,45,"weekend","afternoon","travelling","unknown","restaurant",1,1,0,"midday"
8,107,62,45,"weekday","beforelunch","unknown","warm","restaurant",0,1,0,"midday"
8,109,64,45,"weekday","lunch","leisure","freezing","grocery",0,1,0,"midday"
8,111,66,45,"weekday","morning","travelling","cold","grocery",0,1,0,"morning"
8,114,69,45,"weekday","breakfast","travelling","warm","grocery",0,1,0,"morning"
8,115,70,45,"weekday","breakfast","travelling","freezing","restaurant",1,1,0,"morning"
8,116,71,45,"weekend","beforelunch","travelling","cold","restaurant",0,1,0,"midday"
8,117,72,45,"weekday","morning","travelling","freezing","restaurant",0,1,0,"morning"
8,122,77,45,"weekday","lunch","travelling","hot","restaurant",0,1,0,"midday"
8,129,84,45,"weekend","unknown","unknown","hot","restaurant",0,1,0,"unknown"
8,133,88,45,"weekday","afternoon","travelling","unknown","restaurant",0,1,0,"midday"
8,134,89,45,"weekend","afternoon","travelling","cold","restaurant",0,1,0,"midday"
8,137,92,45,"weekday","lunch","leisure","unknown","grocery",0,1,0,"midday"
8,138,93,45,"weekday","beforelunch","morningrituals","freezing","grocery",0,1,0,"midday"
8,142,97,45,"weekday","afternoon","travelling","cold","grocery",0,1,0,"midday"
8,144,99,45,"weekday","beforelunch","travelling","cold","grocery",0,1,0,"midday"
8,147,102,45,"weekday","beforelunch","working","cold","restaurant",1,1,0,"midday"
8,148,103,45,"weekday","afternoon","travelling","cold","grocery",0,1,0,"midday"
8,150,105,45,"weekend","afternoon","travelling","cold","grocery",0,1,0,"midday"
8,152,107,45,"weekday","afternoon","morningrituals","freezing","restaurant",0,1,0,"midday"
8,155,110,45,"weekday","afternoon","unknown","warm","restaurant",0,1,0,"midday"
8,156,111,45,"weekday","morning","leisure","cold","grocery",0,1,0,"morning"
8,159,114,45,"weekend","lunch","working","warm","restaurant",0,1,1,"midday"
8,160,115,45,"weekend","dinner","travelling","unknown","restaurant",1,1,1,"night"
8,162,117,45,"weekday","afternoon","unknown","cold","restaurant",1,1,1,"midday"
8,168,123,45,"weekday","afternoon","working","warm","grocery",0,1,1,"midday"
8,169,124,45,"weekend","afternoon","unknown","cold","restaurant",0,1,1,"midday"
8,172,127,45,"weekday","lunch","travelling","cold","grocery",0,1,1,"midday"
8,174,129,45,"weekday","morning","unknown","unknown","restaurant",0,1,1,"morning"
8,178,133,45,"weekday","afternoon","unknown","unknown","restaurant",0,1,1,"midday"
8,188,143,45,"weekday","afternoon","travelling","unknown","grocery",0,1,1,"midday"
8,202,157,45,"weekday","afternoon","unknown","freezing","grocery",1,1,1,"midday"
8,210,165,45,"weekday","afternoon","travelling","freezing","restaurant",0,1,1,"midday"
8,213,168,45,"weekday","afternoon","travelling","hot","restaurant",1,1,1,"midday"
8,214,169,45,"weekend","breakfast","travelling","freezing","restaurant",1,1,1,"morning"
8,215,170,45,"weekday","afternoon","working","unknown","restaurant",1,1,1,"midday"
8,217,172,45,"weekend","lunch","unknown","freezing","grocery",0,1,1,"midday"
9,49,0,49,"weekday","afternoon","unknown","cold","restaurant",0,0,0,"midday"
9,51,2,49,"weekday","beforelunch","travelling","cold","grocery",0,0,0,"midday"
9,52,3,49,"weekday","afternoon","leisure","freezing","restaurant",1,0,0,"midday"
9,55,6,49,"weekend","lunch","travelling","unknown","grocery",0,0,0,"midday"
9,56,7,49,"weekday","afternoon","travelling","freezing","restaurant",1,0,0,"midday"
9,58,9,49,"weekday","beforelunch","travelling","cold","grocery",0,0,0,"midday"
9,59,10,49,"weekday","afternoon","travelling","unknown","restaurant",0,0,0,"midday"
9,60,11,49,"weekday","lunch","travelling","freezing","restaurant",0,0,0,"midday"
9,63,14,49,"weekday","beforelunch","unknown","cold","grocery",0,0,0,"midday"
9,65,16,49,"weekday","morning","unknown","cold","grocery",1,0,0,"morning"
9,66,17,49,"weekday","lunch","shopping","freezing","restaurant",0,0,0,"midday"
9,67,18,49,"weekend","dinner","travelling","cold","restaurant",0,0,0,"night"
9,69,20,49,"weekend","afternoon","travelling","freezing","restaurant",1,0,0,"midday"
9,72,23,49,"weekday","breakfast","travelling","freezing","grocery",0,0,0,"morning"
9,73,24,49,"weekend","afternoon","travelling","cold","grocery",1,0,0,"midday"
9,74,25,49,"weekday","beforelunch","working","cold","grocery",0,0,0,"midday"
9,79,30,49,"weekend","dinner","shopping","cold","restaurant",1,0,0,"night"
9,80,31,49,"weekday","beforelunch","working","unknown","grocery",0,0,0,"midday"
9,82,33,49,"weekday","beforelunch","leisure","warm","grocery",1,0,0,"midday"
9,83,34,49,"weekday","beforelunch","travelling","cold","grocery",0,0,0,"midday"
9,84,35,49,"weekday","beforelunch","travelling","cold","restaurant",1,0,0,"midday"
9,88,39,49,"weekday","breakfast","travelling","unknown","restaurant",0,0,0,"morning"
9,89,40,49,"weekday","night","unknown","cold","grocery",0,0,0,"night"
9,90,41,49,"weekend","dinner","morningrituals","warm","grocery",0,0,0,"night"
9,94,45,49,"weekday","beforelunch","travelling","warm","grocery",0,0,0,"midday"
9,97,48,49,"weekend","lunch","travelling","unknown","restaurant",1,0,0,"midday"
9,98,49,49,"weekend","afternoon","working","freezing","restaurant",0,0,0,"midday"
9,99,50,49,"weekday","afternoon","unknown","warm","grocery",1,0,0,"midday"
9,100,51,49,"weekday","evening","unknown","cold","restaurant",0,0,0,"night"
9,103,54,49,"weekday","afternoon","travelling","freezing","grocery",1,0,0,"midday"
9,105,56,49,"weekend","lunch","travelling","freezing","restaurant",0,0,0,"midday"
9,106,57,49,"weekday","morning","unknown","freezing","grocery",1,1,0,"morning"
9,107,58,49,"weekday","afternoon","travelling","warm","grocery",1,1,0,"midday"
9,110,61,49,"weekday","afternoon","unknown","cold","restaurant",0,1,0,"midday"
9,114,65,49,"weekday","lunch","unknown","unknown","restaurant",1,1,0,"midday"
9,115,66,49,"unknown","afternoon","travelling","freezing","grocery",0,1,0,"midday"
9,117,68,49,"weekday","afternoon","leisure","unknown","restaurant",1,1,0,"midday"
9,118,69,49,"weekday","breakfast","travelling","hot","grocery",0,1,0,"morning"
9,119,70,49,"weekday","dinner","travelling","cold","restaurant",0,1,0,"night"
9,120,71,49,"weekday","afternoon","travelling","cold","restaurant",0,1,0,"midday"
9,121,72,49,"weekday","lunch","morningrituals","warm","grocery",1,1,0,"midday"
9,122,73,49,"weekend","dinner","travelling","cold","grocery",1,1,0,"night"
9,123,74,49,"weekend","lunch","unknown","freezing","restaurant",1,1,0,"midday"
9,127,78,49,"weekday","lunch","unknown","hot","grocery",0,1,0,"midday"
9,129,80,49,"weekend","lunch","shopping","warm","grocery",0,1,0,"midday"
9,130,81,49,"weekend","afternoon","unknown","cold","restaurant",0,1,0,"midday"
9,131,82,49,"weekday","beforelunch","unknown","cold","restaurant",1,1,0,"midday"
9,132,83,49,"weekday","beforelunch","unknown","unknown","grocery",0,1,0,"midday"
9,134,85,49,"weekend","latenight","unknown","warm","restaurant",1,1,0,"night"
9,135,86,49,"weekend","beforelunch","travelling","warm","grocery",0,1,0,"midday"
9,138,89,49,"weekend","unknown","travelling","cold","restaurant",0,1,0,"unknown"
9,143,94,49,"weekend","afternoon","travelling","warm","grocery",0,1,0,"midday"
9,144,95,49,"weekday","breakfast","working","freezing","grocery",0,1,0,"morning"
9,150,101,49,"weekday","afternoon","unknown","unknown","restaurant",0,1,0,"midday"
9,153,104,49,"weekday","afternoon","travelling","unknown","grocery",0,1,0,"midday"
9,154,105,49,"weekday","morning","travelling","unknown","grocery",0,1,0,"morning"
9,156,107,49,"weekday","night","travelling","warm","restaurant",0,1,0,"night"
9,157,108,49,"weekday","afternoon","unknown","cold","grocery",1,1,0,"midday"
9,159,110,49,"weekend","lunch","travelling","cold","restaurant",0,1,0,"midday"
9,161,112,49,"weekday","afternoon","leisure","warm","grocery",1,1,0,"midday"
9,162,113,49,"weekday","lunch","travelling","warm","grocery",0,1,1,"midday"
9,164,115,49,"weekday","beforelunch","unknown","cold","restaurant",0,1,1,"midday"
9,165,116,49,"weekday","beforelunch","shopping","freezing","restaurant",0,1,1,"midday"
9,166,117,49,"weekday","beforelunch","working","unknown","restaurant",0,1,1,"midday"
9,167,118,49,"weekday","breakfast","travelling","freezing","restaurant",0,1,1,"morning"
9,168,119,49,"weekday","morning","travelling","cold","grocery",0,1,1,"morning"
9,171,122,49,"weekday","lunch","travelling","freezing","grocery",0,1,1,"midday"
9,172,123,49,"weekday","night","travelling","cold","grocery",0,1,1,"night"
9,173,124,49,"weekday","lunch","travelling","cold","grocery",0,1,1,"midday"
9,174,125,49,"weekday","earlymorning","travelling","unknown","grocery",0,1,1,"morning"
9,177,128,49,"weekend","breakfast","travelling","unknown","grocery",0,1,1,"morning"
9,178,129,49,"weekday","beforelunch","leisure","warm","restaurant",0,1,1,"midday"
9,179,130,49,"weekday","afternoon","travelling","unknown","restaurant",1,1,1,"midday"
9,180,131,49,"weekday","lunch","travelling","freezing","grocery",0,1,1,"midday"
9,184,135,49,"weekday","morning","travelling","cold","restaurant",0,1,1,"morning"
9,187,138,49,"weekend","latenight","travelling","warm","grocery",0,1,1,"night"
9,188,139,49,"unknown","earlymorning","travelling","hot","grocery",0,1,1,"morning"
9,189,140,49,"weekday","afternoon","travelling","cold","restaurant",0,1,1,"midday"
9,192,143,49,"weekday","beforelunch","leisure","unknown","grocery",0,1,1,"midday"
9,193,144,49,"weekend","lunch","travelling","cold","grocery",0,1,1,"midday"
9,194,145,49,"weekday","beforelunch","unknown","unknown","grocery",0,1,1,"midday"
9,198,149,49,"weekday","morning","morningrituals","freezing","grocery",0,1,1,"morning"
9,200,151,49,"weekend","evening","workingout","unknown","grocery",0,1,1,"night"
9,201,152,49,"weekday","afternoon","shopping","unknown","restaurant",0,1,1,"midday"
9,204,155,49,"weekday","beforelunch","travelling","freezing","restaurant",0,1,1,"midday"
9,208,159,49,"weekday","beforelunch","travelling","unknown","grocery",1,1,1,"midday"
9,209,160,49,"weekend","breakfast","travelling","unknown","grocery",0,1,1,"morning"
9,213,164,49,"weekday","earlymorning","shopping","warm","grocery",0,1,1,"morning"
9,216,167,49,"weekday","breakfast","travelling","warm","grocery",0,1,1,"morning"
9,217,168,49,"weekday","afternoon","unknown","freezing","grocery",0,1,1,"midday"
9,218,169,49,"weekend","lunch","travelling","hot","grocery",0,1,1,"midday"
9,219,170,49,"weekend","afternoon","travelling","cold","grocery",0,1,1,"midday"
9,222,173,49,"weekday","morning","travelling","freezing","grocery",0,1,1,"morning"
9,225,176,49,"weekday","afternoon","travelling","hot","grocery",0,1,1,"midday"
9,226,177,49,"weekend","afternoon","travelling","unknown","restaurant",0,1,1,"midday"
9,227,178,49,"weekend","morning","travelling","freezing","grocery",1,1,1,"morning"
9,228,179,49,"weekday","latenight","working","warm","restaurant",0,1,1,"night"
9,229,180,49,"weekend","dinner","travelling","cold","restaurant",0,1,1,"night"
9,232,183,49,"weekday","afternoon","travelling","hot","restaurant",0,1,1,"midday"
10,58,3,55,"weekday","afternoon","working","hot","grocery",0,0,0,"midday"
10,60,5,55,"weekday","beforelunch","travelling","cold","grocery",0,0,0,"midday"
10,64,9,55,"weekday","breakfast","unknown","cold","grocery",0,0,0,"morning"
10,68,13,55,"weekday","earlymorning","leisure","unknown","grocery",1,0,0,"morning"
10,71,16,55,"weekday","night","travelling","unknown","grocery",0,0,0,"night"
10,75,20,55,"weekend","night","travelling","cold","grocery",0,0,0,"night"
10,76,21,55,"weekend","afternoon","shopping","hot","grocery",0,0,0,"midday"
10,78,23,55,"weekend","lunch","social","freezing","grocery",0,0,0,"midday"
10,82,27,55,"weekday","afternoon","working","unknown","grocery",0,0,0,"midday"
10,89,34,55,"weekday","beforelunch","working","hot","grocery",1,0,0,"midday"
10,90,35,55,"weekday","afternoon","unknown","freezing","grocery",0,0,0,"midday"
10,94,39,55,"weekday","beforelunch","travelling","cold","grocery",0,0,0,"midday"
10,100,45,55,"weekday","earlymorning","unknown","freezing","restaurant",0,0,0,"morning"
10,103,48,55,"weekday","breakfast","travelling","unknown","grocery",0,0,0,"morning"
10,110,55,55,"unknown","beforelunch","unknown","warm","restaurant",0,0,0,"midday"
10,117,62,55,"weekend","afternoon","leisure","cold","restaurant",1,1,0,"midday"
10,120,65,55,"weekday","beforelunch","travelling","unknown","grocery",0,1,0,"midday"
10,122,67,55,"weekday","earlymorning","travelling","cold","grocery",0,1,0,"morning"
10,123,68,55,"weekday","lunch","travelling","cold","grocery",0,1,0,"midday"
10,125,70,55,"weekend","latenight","unknown","hot","restaurant",0,1,0,"night"
10,126,71,55,"weekday","breakfast","working","cold","restaurant",0,1,0,"morning"
10,128,73,55,"weekday","earlymorning","travelling","freezing","grocery",1,1,0,"morning"
10,130,75,55,"weekday","afternoon","travelling","warm","grocery",0,1,0,"midday"
10,141,86,55,"weekday","evening","working","unknown","grocery",1,1,0,"night"
10,143,88,55,"weekday","breakfast","unknown","unknown","grocery",0,1,0,"morning"
10,144,89,55,"weekday","breakfast","leisure","cold","restaurant",1,1,0,"morning"
10,147,92,55,"unknown","beforelunch","leisure","freezing","grocery",0,1,0,"midday"
10,154,99,55,"weekday","lunch","working","freezing","grocery",0,1,0,"midday"
10,155,100,55,"weekday","beforelunch","travelling","unknown","restaurant",0,1,0,"midday"
10,158,103,55,"weekend","breakfast","working","cold","restaurant",0,1,0,"morning"
10,163,108,55,"weekday","morning","travelling","cold","grocery",0,1,0,"morning"
10,164,109,55,"weekday","morning","travelling","cold","grocery",1,1,0,"morning"
10,169,114,55,"weekday","unknown","travelling","cold","restaurant",0,1,1,"unknown"
10,170,115,55,"weekday","unknown","travelling","warm","restaurant",1,1,1,"unknown"
10,171,116,55,"weekend","afternoon","travelling","unknown","grocery",0,1,1,"midday"
10,172,117,55,"weekday","beforelunch","travelling","cold","grocery",1,1,1,"midday"
10,173,118,55,"weekday","beforelunch","travelling","warm","restaurant",0,1,1,"midday"
10,174,119,55,"weekday","unknown","travelling","cold","restaurant",1,1,1,"unknown"
10,176,121,55,"weekday","morning","travelling","unknown","grocery",0,1,1,"morning"
10,177,122,55,"weekend","breakfast","working","cold","restaurant",0,1,1,"morning"
10,178,123,55,"weekend","lunch","unknown","cold","restaurant",0,1,1,"midday"
10,185,130,55,"weekend","dinner","unknown","cold","grocery",1,1,1,"night"
10,189,134,55,"weekday","lunch","travelling","freezing","grocery",0,1,1,"midday"
10,194,139,55,"weekend","lunch","shopping","cold","grocery",0,1,1,"midday"
10,196,141,55,"weekday","breakfast","travelling","cold","grocery",1,1,1,"morning"
10,199,144,55,"weekday","lunch","travelling","freezing","restaurant",0,1,1,"midday"
10,200,145,55,"weekend","breakfast","travelling","cold","grocery",0,1,1,"morning"
10,202,147,55,"weekday","lunch","travelling","freezing","restaurant",0,1,1,"midday"
10,203,148,55,"weekday","morning","travelling","freezing","grocery",1,1,1,"morning"
10,204,149,55,"weekday","breakfast","travelling","warm","restaurant",1,1,1,"morning"
10,211,156,55,"weekday","afternoon","shopping","freezing","grocery",0,1,1,"midday"
10,220,165,55,"weekday","afternoon","travelling","unknown","grocery",0,1,1,"midday"
10,223,168,55,"weekday","lunch","working","cold","restaurant",0,1,1,"midday"
10,224,169,55,"weekday","afternoon","morningrituals","freezing","grocery",0,1,1,"midday"
10,227,172,55,"weekend","lunch","travelling","cold","restaurant",0,1,1,"midday"
10,229,174,55,"weekday","afternoon","travelling","unknown","grocery",0,1,1,"midday"
11,69,2,67,"weekend","lunch","travelling","cold","grocery",0,0,0,"midday"
11,78,11,67,"weekend","lunch","unknown","cold","restaurant",0,0,0,"midday"
11,83,16,67,"weekday","afternoon","leisure","freezing","restaurant",0,0,0,"midday"
11,95,28,67,"weekday","beforelunch","leisure","freezing","restaurant",0,0,0,"midday"
11,100,33,67,"weekend","afternoon","travelling","warm","restaurant",1,0,0,"midday"
11,105,38,67,"weekday","breakfast","travelling","freezing","grocery",0,0,0,"morning"
11,108,41,67,"weekday","earlymorning","unknown","unknown","grocery",0,0,0,"morning"
11,110,43,67,"weekday","dinner","travelling","freezing","restaurant",0,0,0,"night"
11,117,50,67,"weekday","earlymorning","travelling","cold","grocery",0,0,0,"morning"
11,122,55,67,"weekday","morning","travelling","cold","grocery",1,0,0,"morning"
11,127,60,67,"weekday","beforelunch","travelling","warm","restaurant",1,1,0,"midday"
11,135,68,67,"unknown","beforelunch","travelling","cold","grocery",1,1,0,"midday"
11,136,69,67,"weekday","lunch","travelling","unknown","grocery",1,1,0,"midday"
11,147,80,67,"weekday","afternoon","travelling","warm","restaurant",0,1,0,"midday"
11,151,84,67,"weekday","latenight","working","unknown","restaurant",0,1,0,"night"
11,154,87,67,"weekend","morning","working","hot","restaurant",0,1,0,"morning"
11,155,88,67,"weekend","morning","unknown","freezing","restaurant",0,1,0,"morning"
11,156,89,67,"weekday","afternoon","travelling","unknown","restaurant",0,1,0,"midday"
11,166,99,67,"weekday","afternoon","morningrituals","warm","restaurant",0,1,0,"midday"
11,171,104,67,"weekday","night","travelling","unknown","restaurant",0,1,0,"night"
11,178,111,67,"weekday","beforelunch","travelling","warm","restaurant",0,1,0,"midday"
11,191,124,67,"weekday","breakfast","unknown","cold","grocery",0,1,1,"morning"
11,194,127,67,"weekday","morning","leisure","unknown","grocery",0,1,1,"morning"
11,201,134,67,"weekday","morning","leisure","warm","restaurant",0,1,1,"morning"
11,212,145,67,"weekday","beforelunch","travelling","freezing","restaurant",1,1,1,"midday"
11,216,149,67,"weekday","afternoon","travelling","freezing","restaurant",0,1,1,"midday"
11,222,155,67,"weekday","breakfast","travelling","cold","grocery",0,1,1,"morning"
11,239,172,67,"weekday","afternoon","leisure","unknown","grocery",0,1,1,"midday"
11,243,176,67,"weekend","beforelunch","travelling","unknown","grocery",0,1,1,"midday"
12,95,20,75,"weekday","afternoon","travelling","cold","grocery",0,0,0,"midday"
12,96,21,75,"weekend","morning","travelling","freezing","grocery",0,0,0,"morning"
12,97,22,75,"weekend","lunch","leisure","unknown","grocery",0,0,0,"midday"
12,99,24,75,"weekend","beforelunch","travelling","freezing","grocery",0,0,0,"midday"
12,100,25,75,"weekday","afternoon","working","warm","grocery",1,0,0,"midday"
12,102,27,75,"unknown","breakfast","leisure","unknown","grocery",1,0,0,"morning"
12,106,31,75,"weekday","beforelunch","travelling","warm","restaurant",1,0,0,"midday"
12,111,36,75,"weekday","breakfast","travelling","cold","restaurant",0,0,0,"morning"
12,132,57,75,"weekday","beforelunch","leisure","cold","grocery",1,1,0,"midday"
12,134,59,75,"unknown","latenight","travelling","unknown","grocery",0,1,0,"night"
12,135,60,75,"weekday","beforelunch","travelling","freezing","restaurant",0,1,0,"midday"
12,138,63,75,"weekday","beforelunch","travelling","freezing","restaurant",0,1,0,"midday"
12,140,65,75,"weekend","afternoon","travelling","freezing","grocery",0,1,0,"midday"
12,143,68,75,"weekday","dinner","unknown","cold","restaurant",0,1,0,"night"
12,144,69,75,"weekday","breakfast","unknown","freezing","restaurant",0,1,0,"morning"
12,164,89,75,"weekend","afternoon","travelling","hot","restaurant",1,1,0,"midday"
12,179,104,75,"weekday","lunch","travelling","unknown","grocery",1,1,0,"midday"
12,184,109,75,"weekday","afternoon","travelling","warm","grocery",0,1,0,"midday"
12,185,110,75,"weekday","afternoon","travelling","cold","grocery",0,1,0,"midday"
12,186,111,75,"weekend","lunch","working","freezing","grocery",1,1,0,"midday"
12,187,112,75,"weekday","breakfast","travelling","cold","restaurant",0,1,0,"morning"
12,188,113,75,"weekday","lunch","travelling","cold","restaurant",0,1,1,"midday"
12,192,117,75,"weekday","afternoon","travelling","unknown","grocery",0,1,1,"midday"
12,196,121,75,"weekday","beforelunch","travelling","unknown","grocery",0,1,1,"midday"
12,199,124,75,"weekend","beforelunch","shopping","freezing","restaurant",1,1,1,"midday"
12,201,126,75,"weekday","lunch","travelling","unknown","grocery",1,1,1,"midday"
12,203,128,75,"weekday","breakfast","travelling","freezing","restaurant",0,1,1,"morning"
12,205,130,75,"weekday","beforelunch","travelling","freezing","restaurant",0,1,1,"midday"
12,214,139,75,"weekend","beforelunch","travelling","unknown","restaurant",0,1,1,"midday"
12,221,146,75,"weekday","unknown","travelling","warm","restaurant",0,1,1,"unknown"
12,222,147,75,"weekday","breakfast","leisure","warm","restaurant",1,1,1,"morning"
12,232,157,75,"weekday","lunch","travelling","cold","grocery",0,1,1,"midday"
12,233,158,75,"weekday","breakfast","unknown","freezing","grocery",0,1,1,"morning"
12,234,159,75,"weekday","afternoon","travelling","cold","grocery",0,1,1,"midday"
12,238,163,75,"weekday","beforelunch","travelling","unknown","grocery",1,1,1,"midday"
12,239,164,75,"weekday","morning","shopping","unknown","grocery",1,1,1,"morning"
12,243,168,75,"weekday","night","leisure","freezing","grocery",0,1,1,"night"
12,246,171,75,"weekend","lunch","travelling","freezing","grocery",0,1,1,"midday"
12,250,175,75,"weekend","afternoon","travelling","unknown","grocery",0,1,1,"midday"
12,252,177,75,"weekday","afternoon","travelling","cold","grocery",0,1,1,"midday"
12,254,179,75,"weekend","lunch","shopping","unknown","restaurant",1,1,1,"midday"
12,257,182,75,"weekend","beforelunch","travelling","cold","restaurant",1,1,1,"midday"
13,82,1,81,"weekend","beforelunch","travelling","cold","grocery",0,0,0,"midday"
13,83,2,81,"weekday","afternoon","travelling","freezing","restaurant",0,0,0,"midday"
13,84,3,81,"weekday","breakfast","unknown","freezing","grocery",0,0,0,"morning"
13,85,4,81,"weekday","evening","travelling","unknown","grocery",0,0,0,"night"
13,86,5,81,"weekday","lunch","working","cold","grocery",0,0,0,"midday"
13,88,7,81,"weekday","lunch","working","warm","grocery",0,0,0,"midday"
13,89,8,81,"weekday","breakfast","travelling","cold","grocery",1,0,0,"morning"
13,91,10,81,"weekday","afternoon","travelling","cold","grocery",0,0,0,"midday"
13,98,17,81,"weekday","beforelunch","travelling","hot","grocery",0,0,0,"midday"
13,100,19,81,"weekday","afternoon","travelling","unknown","grocery",1,0,0,"midday"
13,101,20,81,"weekday","lunch","unknown","warm","grocery",0,0,0,"midday"
13,102,21,81,"weekday","afternoon","working","cold","restaurant",0,0,0,"midday"
13,103,22,81,"weekend","breakfast","shopping","unknown","restaurant",0,0,0,"morning"
13,104,23,81,"weekday","lunch","unknown","unknown","grocery",1,0,0,"midday"
13,105,24,81,"weekday","afternoon","travelling","hot","restaurant",1,0,0,"midday"
13,106,25,81,"weekday","lunch","shopping","warm","grocery",0,0,0,"midday"
13,107,26,81,"weekday","lunch","leisure","cold","restaurant",0,0,0,"midday"
13,108,27,81,"weekday","afternoon","travelling","cold","grocery",0,0,0,"midday"
13,111,30,81,"weekday","dinner","travelling","unknown","grocery",1,0,0,"night"
13,112,31,81,"unknown","morning","housework","cold","grocery",0,0,0,"morning"
13,113,32,81,"weekend","lunch","travelling","warm","restaurant",1,0,0,"midday"
13,114,33,81,"weekday","breakfast","leisure","warm","grocery",0,0,0,"morning"
13,115,34,81,"weekday","unknown","leisure","unknown","restaurant",0,0,0,"unknown"
13,119,38,81,"weekday","lunch","travelling","freezing","grocery",0,0,0,"midday"
13,120,39,81,"weekday","lunch","travelling","cold","grocery",1,0,0,"midday"
13,122,41,81,"weekend","night","unknown","cold","restaurant",0,0,0,"night"
13,124,43,81,"weekend","beforelunch","travelling","cold","grocery",1,0,0,"midday"
13,125,44,81,"weekday","earlymorning","travelling","cold","grocery",0,0,0,"morning"
13,126,45,81,"weekday","beforelunch","travelling","warm","grocery",0,0,0,"midday"
13,127,46,81,"weekday","breakfast","shopping","unknown","restaurant",0,0,0,"morning"
13,128,47,81,"weekend","afternoon","travelling","warm","grocery",0,0,0,"midday"
13,129,48,81,"weekday","latenight","travelling","freezing","grocery",0,0,0,"night"
13,131,50,81,"weekday","afternoon","travelling","freezing","restaurant",0,0,0,"midday"
13,132,51,81,"weekday","beforelunch","working","warm","restaurant",0,0,0,"midday"
13,135,54,81,"weekend","afternoon","shopping","freezing","grocery",0,0,0,"midday"
13,136,55,81,"weekday","afternoon","travelling","warm","restaurant",1,0,0,"midday"
13,138,57,81,"unknown","beforelunch","housework","freezing","restaurant",0,1,0,"midday"
13,139,58,81,"weekend","morning","travelling","cold","restaurant",1,1,0,"morning"
13,146,65,81,"weekend","beforelunch","travelling","cold","grocery",0,1,0,"midday"
13,149,68,81,"weekend","breakfast","unknown","cold","grocery",0,1,0,"morning"
13,150,69,81,"weekday","dinner","travelling","unknown","grocery",1,1,0,"night"
13,152,71,81,"weekday","unknown","unknown","freezing","grocery",1,1,0,"unknown"
13,154,73,81,"weekend","lunch","working","freezing","grocery",0,1,0,"midday"
13,156,75,81,"weekday","earlymorning","travelling","cold","grocery",0,1,0,"morning"
13,158,77,81,"weekend","afternoon","travelling","freezing","restaurant",0,1,0,"midday"
13,161,80,81,"weekend","lunch","workingout","cold","grocery",0,1,0,"midday"
13,162,81,81,"weekday","afternoon","travelling","cold","restaurant",0,1,0,"midday"
13,163,82,81,"weekday","breakfast","travelling","hot","restaurant",0,1,0,"morning"
13,164,83,81,"weekday","afternoon","leisure","cold","restaurant",0,1,0,"midday"
13,165,84,81,"weekday","lunch","working","warm","grocery",0,1,0,"midday"
13,166,85,81,"weekday","lunch","travelling","warm","restaurant",0,1,0,"midday"
13,170,89,81,"weekday","afternoon","unknown","freezing","grocery",0,1,0,"midday"
13,172,91,81,"weekday","lunch","working","cold","grocery",0,1,0,"midday"
13,176,95,81,"weekend","breakfast","unknown","hot","restaurant",1,1,0,"morning"
13,177,96,81,"weekday","earlymorning","travelling","cold","grocery",1,1,0,"morning"
13,179,98,81,"unknown","evening","travelling","freezing","restaurant",0,1,0,"night"
13,180,99,81,"weekday","breakfast","travelling","cold","grocery",0,1,0,"morning"
13,181,100,81,"weekday","lunch","travelling","cold","grocery",0,1,0,"midday"
13,182,101,81,"weekday","beforelunch","working","unknown","restaurant",0,1,0,"midday"
13,183,102,81,"weekday","breakfast","travelling","cold","restaurant",0,1,0,"morning"
13,185,104,81,"weekday","lunch","leisure","unknown","restaurant",0,1,0,"midday"
13,187,106,81,"weekend","morning","travelling","freezing","restaurant",0,1,0,"morning"
13,190,109,81,"unknown","afternoon","travelling","freezing","restaurant",0,1,0,"midday"
13,194,113,81,"weekday","morning","unknown","freezing","grocery",0,1,1,"morning"
13,196,115,81,"weekday","unknown","working","unknown","grocery",0,1,1,"unknown"
13,197,116,81,"weekday","afternoon","travelling","warm","restaurant",0,1,1,"midday"
13,199,118,81,"weekend","beforelunch","working","freezing","grocery",0,1,1,"midday"
13,201,120,81,"weekday","lunch","travelling","unknown","grocery",0,1,1,"midday"
13,202,121,81,"weekday","lunch","leisure","warm","grocery",0,1,1,"midday"
13,206,125,81,"weekday","lunch","unknown","cold","grocery",1,1,1,"midday"
13,207,126,81,"weekday","lunch","shopping","warm","restaurant",1,1,1,"midday"
13,211,130,81,"weekday","afternoon","travelling","warm","restaurant",0,1,1,"midday"
13,213,132,81,"weekday","lunch","workingout","cold","grocery",1,1,1,"midday"
13,214,133,81,"weekday","beforelunch","unknown","cold","grocery",0,1,1,"midday"
13,215,134,81,"weekday","beforelunch","leisure","warm","restaurant",1,1,1,"midday"
13,217,136,81,"weekday","morning","shopping","warm","restaurant",1,1,1,"morning"
13,219,138,81,"weekday","afternoon","leisure","cold","restaurant",0,1,1,"midday"
13,220,139,81,"weekday","lunch","shopping","hot","grocery",1,1,1,"midday"
13,221,140,81,"weekday","beforelunch","leisure","cold","restaurant",0,1,1,"midday"
13,222,141,81,"weekday","breakfast","unknown","freezing","restaurant",0,1,1,"morning"
13,224,143,81,"weekend","lunch","unknown","cold","grocery",0,1,1,"midday"
13,225,144,81,"weekday","afternoon","unknown","cold","grocery",0,1,1,"midday"
13,228,147,81,"weekday","afternoon","leisure","unknown","grocery",0,1,1,"midday"
13,230,149,81,"weekday","morning","travelling","freezing","restaurant",1,1,1,"morning"
13,231,150,81,"weekday","lunch","leisure","freezing","grocery",1,1,1,"midday"
13,233,152,81,"weekday","lunch","travelling","freezing","restaurant",0,1,1,"midday"
13,234,153,81,"weekend","breakfast","working","warm","grocery",1,1,1,"morning"
13,239,158,81,"weekday","beforelunch","travelling","unknown","grocery",1,1,1,"midday"
13,243,162,81,"weekday","lunch","shopping","hot","restaurant",0,1,1,"midday"
13,245,164,81,"weekday","afternoon","travelling","freezing","grocery",1,1,1,"midday"
13,248,167,81,"weekday","lunch","travelling","unknown","grocery",1,1,1,"midday"
13,252,171,81,"weekday","afternoon","unknown","unknown","grocery",0,1,1,"midday"
13,253,172,81,"weekday","beforelunch","travelling","cold","grocery",0,1,1,"midday"
13,258,177,81,"weekday","afternoon","travelling","warm","grocery",0,1,1,"midday"
13,260,179,81,"weekend","beforelunch","travelling","unknown","restaurant",0,1,1,"midday"
13,261,180,81,"weekday","beforelunch","leisure","freezing","grocery",0,1,1,"midday"
13,262,181,81,"weekend","afternoon","travelling","cold","grocery",0,1,1,"midday"
13,263,182,81,"weekday","afternoon","shopping","cold","grocery",0,1,1,"midday"
13,264,183,81,"weekday","breakfast","travelling","cold","grocery",0,1,1,"morning"
14,91,0,91,"weekend","lunch","shopping","cold","restaurant",1,0,0,"midday"
14,97,6,91,"weekday","breakfast","working","cold","grocery",1,0,0,"morning"
14,102,11,91,"weekday","afternoon","working","unknown","restaurant",0,0,0,"midday"
14,106,15,91,"unknown","afternoon","travelling","cold","grocery",0,0,0,"midday"
14,110,19,91,"weekend","evening","working","unknown","grocery",0,0,0,"night"
14,128,37,91,"weekday","lunch","travelling","cold","restaurant",1,0,0,"midday"
14,130,39,91,"weekday","beforelunch","travelling","freezing","grocery",1,0,0,"midday"
14,137,46,91,"weekday","breakfast","travelling","freezing","restaurant",0,0,0,"morning"
14,139,48,91,"weekday","breakfast","travelling","hot","grocery",0,0,0,"morning"
14,140,49,91,"weekday","beforelunch","travelling","hot","grocery",1,0,0,"midday"
14,153,62,91,"weekday","beforelunch","travelling","warm","restaurant",1,1,0,"midday"
14,173,82,91,"weekday","lunch","travelling","freezing","grocery",1,1,0,"midday"
14,175,84,91,"weekday","afternoon","travelling","warm","restaurant",0,1,0,"midday"
14,176,85,91,"weekday","afternoon","travelling","cold","restaurant",0,1,0,"midday"
14,184,93,91,"weekday","lunch","travelling","unknown","restaurant",0,1,0,"midday"
14,185,94,91,"weekday","lunch","unknown","cold","restaurant",0,1,0,"midday"
14,186,95,91,"weekend","afternoon","travelling","cold","grocery",0,1,0,"midday"
14,190,99,91,"weekend","unknown","travelling","freezing","restaurant",0,1,0,"unknown"
14,192,101,91,"weekend","breakfast","travelling","cold","grocery",0,1,0,"morning"
14,206,115,91,"weekday","morning","working","unknown","grocery",0,1,1,"morning"
14,212,121,91,"weekday","breakfast","leisure","cold","restaurant",0,1,1,"morning"
14,213,122,91,"weekend","beforelunch","leisure","cold","grocery",1,1,1,"midday"
14,214,123,91,"weekend","dinner","unknown","cold","restaurant",1,1,1,"night"
14,216,125,91,"weekday","beforelunch","travelling","freezing","grocery",0,1,1,"midday"
14,218,127,91,"weekday","lunch","travelling","cold","restaurant",0,1,1,"midday"
14,219,128,91,"weekday","beforelunch","leisure","cold","restaurant",0,1,1,"midday"
14,226,135,91,"weekend","morning","travelling","cold","grocery",0,1,1,"morning"
14,236,145,91,"weekend","beforelunch","travelling","cold","grocery",0,1,1,"midday"
14,237,146,91,"weekday","lunch","travelling","cold","grocery",1,1,1,"midday"
14,238,147,91,"weekday","morning","leisure","hot","restaurant",1,1,1,"morning"
14,242,151,91,"weekday","lunch","travelling","cold","grocery",0,1,1,"midday"
14,244,153,91,"weekday","beforelunch","working","cold","restaurant",0,1,1,"midday"
14,267,176,91,"weekday","breakfast","leisure","cold","grocery",0,1,1,"morning"
14,272,181,91,"weekday","lunch","shopping","cold","restaurant",0,1,1,"midday"
15,94,1,93,"weekend","afternoon","unknown","warm","restaurant",0,0,0,"midday"
15,96,3,93,"weekend","morning","travelling","warm","restaurant",0,0,0,"morning"
15,97,4,93,"weekend","lunch","travelling","unknown","grocery",1,0,0,"midday"
15,98,5,93,"weekend","beforelunch","travelling","cold","restaurant",1,0,0,"midday"
15,99,6,93,"weekend","beforelunch","travelling","cold","grocery",0,0,0,"midday"
15,100,7,93,"weekday","afternoon","leisure","freezing","restaurant",0,0,0,"midday"
15,101,8,93,"weekend","afternoon","leisure","unknown","restaurant",0,0,0,"midday"
15,102,9,93,"weekday","lunch","travelling","unknown","restaurant",0,0,0,"midday"
15,103,10,93,"weekday","dinner","travelling","unknown","restaurant",0,0,0,"night"
15,104,11,93,"weekday","afternoon","unknown","freezing","grocery",1,0,0,"midday"
15,105,12,93,"weekday","lunch","travelling","freezing","grocery",0,0,0,"midday"
15,107,14,93,"weekday","lunch","unknown","warm","grocery",0,0,0,"midday"
15,108,15,93,"weekend","afternoon","unknown","unknown","restaurant",0,0,0,"midday"
15,109,16,93,"weekday","afternoon","travelling","cold","restaurant",1,0,0,"midday"
15,110,17,93,"weekend","lunch","travelling","freezing","grocery",1,0,0,"midday"
15,111,18,93,"weekday","evening","shopping","freezing","restaurant",1,0,0,"night"
15,112,19,93,"weekend","breakfast","unknown","freezing","grocery",0,0,0,"morning"
15,113,20,93,"weekday","lunch","travelling","cold","grocery",0,0,0,"midday"
15,116,23,93,"weekday","lunch","leisure","unknown","grocery",0,0,0,"midday"
15,117,24,93,"weekend","afternoon","working","warm","restaurant",1,0,0,"midday"
15,120,27,93,"weekday","beforelunch","travelling","freezing","restaurant",1,0,0,"midday"
15,123,30,93,"weekday","earlymorning","travelling","hot","grocery",0,0,0,"morning"
15,125,32,93,"weekday","afternoon","shopping","cold","restaurant",0,0,0,"midday"
15,126,33,93,"weekend","beforelunch","travelling","hot","restaurant",0,0,0,"midday"
15,129,36,93,"weekday","beforelunch","travelling","unknown","grocery",0,0,0,"midday"
15,132,39,93,"weekend","beforelunch","workingout","hot","grocery",0,0,0,"midday"
15,133,40,93,"weekday","afternoon","travelling","hot","grocery",0,0,0,"midday"
15,134,41,93,"weekend","breakfast","travelling","freezing","restaurant",1,0,0,"morning"
15,136,43,93,"weekday","beforelunch","unknown","warm","restaurant",0,0,0,"midday"
15,137,44,93,"weekday","lunch","travelling","warm","grocery",1,0,0,"midday"
15,140,47,93,"weekend","afternoon","travelling","unknown","grocery",0,0,0,"midday"
15,142,49,93,"weekday","morning","travelling","cold","grocery",0,0,0,"morning"
15,143,50,93,"weekday","beforelunch","unknown","freezing","grocery",1,0,0,"midday"
15,145,52,93,"weekday","beforelunch","unknown","cold","grocery",1,0,0,"midday"
15,146,53,93,"weekday","afternoon","travelling","warm","restaurant",0,0,0,"midday"
15,147,54,93,"weekday","beforelunch","travelling","cold","restaurant",0,0,0,"midday"
15,149,56,93,"weekday","evening","travelling","freezing","restaurant",0,0,0,"night"
15,150,57,93,"weekday","lunch","working","cold","restaurant",0,1,0,"midday"
15,151,58,93,"weekday","afternoon","travelling","cold","restaurant",1,1,0,"midday"
15,152,59,93,"weekday","afternoon","travelling","cold","grocery",0,1,0,"midday"
15,154,61,93,"weekend","beforelunch","travelling","freezing","restaurant",1,1,0,"midday"
15,155,62,93,"weekday","lunch","travelling","cold","restaurant",0,1,0,"midday"
15,156,63,93,"unknown","unknown","travelling","cold","restaurant",0,1,0,"unknown"
15,157,64,93,"weekday","breakfast","travelling","cold","restaurant",0,1,0,"morning"
15,158,65,93,"weekend","lunch","travelling","hot","grocery",0,1,0,"midday"
15,159,66,93,"weekday","afternoon","travelling","unknown","grocery",1,1,0,"midday"
15,162,69,93,"weekday","morning","travelling","warm","restaurant",0,1,0,"morning"
15,165,72,93,"weekend","beforelunch","working","cold","grocery",0,1,0,"midday"
15,166,73,93,"weekday","afternoon","travelling","unknown","grocery",1,1,0,"midday"
15,167,74,93,"weekday","lunch","travelling","freezing","grocery",0,1,0,"midday"
15,169,76,93,"weekday","lunch","unknown","freezing","grocery",0,1,0,"midday"
15,170,77,93,"weekday","afternoon","travelling","cold","grocery",0,1,0,"midday"
15,171,78,93,"weekend","beforelunch","travelling","unknown","restaurant",0,1,0,"midday"
15,173,80,93,"weekday","afternoon","travelling","cold","restaurant",0,1,0,"midday"
15,174,81,93,"weekday","lunch","travelling","warm","grocery",0,1,0,"midday"
15,175,82,93,"weekday","lunch","unknown","unknown","grocery",0,1,0,"midday"
15,177,84,93,"weekend","breakfast","leisure","freezing","restaurant",0,1,0,"morning"
15,179,86,93,"weekend","afternoon","travelling","cold","restaurant",0,1,0,"midday"
15,181,88,93,"weekend","lunch","unknown","unknown","grocery",0,1,0,"midday"
15,182,89,93,"weekend","lunch","travelling","warm","grocery",0,1,0,"midday"
15,184,91,93,"weekday","lunch","travelling","freezing","restaurant",1,1,0,"midday"
15,185,92,93,"unknown","afternoon","housework","cold","grocery",1,1,0,"midday"
15,187,94,93,"weekend","breakfast","working","warm","grocery",0,1,0,"morning"
15,190,97,93,"weekday","lunch","leisure","cold","restaurant",0,1,0,"midday"
15,191,98,93,"weekday","afternoon","housework","freezing","grocery",0,1,0,"midday"
15,192,99,93,"weekday","lunch","travelling","freezing","restaurant",0,1,0,"midday"
15,193,100,93,"weekend","breakfast","unknown","unknown","restaurant",1,1,0,"morning"
15,194,101,93,"weekday","afternoon","travelling","unknown","restaurant",0,1,0,"midday"
15,195,102,93,"weekday","lunch","working","freezing","restaurant",0,1,0,"midday"
15,196,103,93,"weekday","afternoon","unknown","warm","restaurant",0,1,0,"midday"
15,197,104,93,"weekend","beforelunch","working","cold","restaurant",0,1,0,"midday"
15,198,105,93,"weekday","lunch","working","unknown","restaurant",1,1,0,"midday"
15,201,108,93,"weekend","lunch","travelling","cold","restaurant",1,1,0,"midday"
15,202,109,93,"weekday","afternoon","travelling","hot","restaurant",1,1,0,"midday"
15,204,111,93,"weekday","lunch","morningrituals","warm","grocery",0,1,0,"midday"
15,206,113,93,"weekday","lunch","working","hot","restaurant",0,1,1,"midday"
15,208,115,93,"weekday","lunch","travelling","unknown","grocery",0,1,1,"midday"
15,210,117,93,"weekday","afternoon","travelling","freezing","restaurant",0,1,1,"midday"
15,211,118,93,"weekday","breakfast","travelling","warm","restaurant",0,1,1,"morning"
15,212,119,93,"weekday","lunch","travelling","warm","restaurant",0,1,1,"midday"
15,213,120,93,"weekday","morning","leisure","cold","grocery",0,1,1,"morning"
15,214,121,93,"weekday","afternoon","unknown","warm","restaurant",0,1,1,"midday"
15,216,123,93,"weekday","lunch","travelling","freezing","restaurant",1,1,1,"midday"
15,218,125,93,"weekday","beforelunch","travelling","cold","grocery",0,1,1,"midday"
15,219,126,93,"weekend","morning","travelling","freezing","grocery",0,1,1,"morning"
15,220,127,93,"weekday","afternoon","travelling","warm","restaurant",0,1,1,"midday"
15,221,128,93,"weekend","breakfast","travelling","cold","restaurant",0,1,1,"morning"
15,222,129,93,"weekend","breakfast","travelling","warm","grocery",0,1,1,"morning"
15,224,131,93,"weekday","afternoon","travelling","warm","grocery",0,1,1,"midday"
15,227,134,93,"weekend","afternoon","shopping","unknown","restaurant",0,1,1,"midday"
15,228,135,93,"weekend","afternoon","travelling","cold","grocery",0,1,1,"midday"
15,230,137,93,"weekday","lunch","travelling","cold","restaurant",0,1,1,"midday"
15,231,138,93,"weekday","morning","leisure","cold","grocery",0,1,1,"morning"
15,233,140,93,"weekday","lunch","travelling","warm","restaurant",0,1,1,"midday"
15,234,141,93,"weekday","latenight","travelling","unknown","restaurant",0,1,1,"night"
15,236,143,93,"weekend","beforelunch","travelling","warm","restaurant",0,1,1,"midday"
15,237,144,93,"weekday","lunch","travelling","cold","grocery",1,1,1,"midday"
15,239,146,93,"weekend","lunch","morningrituals","freezing","grocery",0,1,1,"midday"
15,241,148,93,"weekday","lunch","travelling","freezing","restaurant",1,1,1,"midday"
15,242,149,93,"weekday","afternoon","unknown","freezing","grocery",1,1,1,"midday"
15,243,150,93,"weekday","lunch","travelling","freezing","grocery",0,1,1,"midday"
15,245,152,93,"weekend","morning","unknown","warm","restaurant",0,1,1,"morning"
15,247,154,93,"weekday","lunch","shopping","hot","restaurant",1,1,1,"midday"
15,248,155,93,"weekday","lunch","unknown","unknown","grocery",0,1,1,"midday"
15,250,157,93,"weekday","lunch","unknown","cold","grocery",0,1,1,"midday"
15,253,160,93,"weekday","earlymorning","working","cold","grocery",0,1,1,"morning"
15,257,164,93,"weekday","lunch","travelling","warm","restaurant",0,1,1,"midday"
15,258,165,93,"weekday","lunch","working","cold","restaurant",0,1,1,"midday"
15,259,166,93,"weekday","morning","shopping","cold","grocery",0,1,1,"morning"
15,260,167,93,"weekday","lunch","working","freezing","restaurant",0,1,1,"midday"
15,261,168,93,"weekday","evening","unknown","cold","grocery",0,1,1,"night"
15,263,170,93,"weekday","afternoon","travelling","warm","grocery",0,1,1,"midday"
15,264,171,93,"weekend","breakfast","travelling","cold","restaurant",1,1,1,"morning"
15,267,174,93,"weekday","beforelunch","travelling","warm","restaurant",1,1,1,"midday"
15,270,177,93,"weekday","breakfast","travelling","cold","restaurant",1,1,1,"morning"
15,272,179,93,"weekday","lunch","travelling","unknown","restaurant",1,1,1,"midday"
15,273,180,93,"weekday","breakfast","leisure","cold","restaurant",0,1,1,"morning"
15,274,181,93,"weekend","afternoon","leisure","unknown","grocery",0,1,1,"midday"
16,113,13,100,"weekday","breakfast","travelling","cold","grocery",0,0,0,"morning"
16,121,21,100,"weekday","breakfast","working","hot","grocery",1,0,0,"morning"
16,130,30,100,"weekday","afternoon","unknown","cold","grocery",0,0,0,"midday"
16,133,33,100,"weekday","lunch","working","freezing","grocery",0,0,0,"midday"
16,137,37,100,"weekday","lunch","travelling","freezing","restaurant",0,0,0,"midday"
16,152,52,100,"weekday","breakfast","unknown","cold","restaurant",0,0,0,"morning"
16,157,57,100,"weekend","beforelunch","working","freezing","grocery",0,1,0,"midday"
16,163,63,100,"weekend","afternoon","unknown","cold","grocery",0,1,0,"midday"
16,174,74,100,"weekend","afternoon","travelling","unknown","restaurant",0,1,0,"midday"
16,177,77,100,"weekday","afternoon","working","warm","grocery",0,1,0,"midday"
16,194,94,100,"weekend","afternoon","travelling","cold","restaurant",0,1,0,"midday"
16,202,102,100,"weekday","breakfast","travelling","cold","grocery",1,1,0,"morning"
16,213,113,100,"weekday","afternoon","unknown","hot","grocery",1,1,1,"midday"
16,214,114,100,"weekday","beforelunch","shopping","cold","grocery",0,1,1,"midday"
16,218,118,100,"weekday","beforelunch","shopping","cold","restaurant",1,1,1,"midday"
16,225,125,100,"weekday","dinner","travelling","freezing","restaurant",0,1,1,"night"
16,227,127,100,"weekday","afternoon","travelling","unknown","grocery",0,1,1,"midday"
16,228,128,100,"weekday","dinner","travelling","warm","grocery",1,1,1,"night"
16,245,145,100,"unknown","afternoon","travelling","cold","grocery",0,1,1,"midday"
16,258,158,100,"weekday","morning","travelling","warm","grocery",0,1,1,"morning"
16,261,161,100,"weekday","beforelunch","shopping","warm","grocery",0,1,1,"midday"
16,264,164,100,"weekend","morning","travelling","hot","grocery",1,1,1,"morning"
16,267,167,100,"weekday","breakfast","travelling","cold","restaurant",0,1,1,"morning"
16,271,171,100,"weekend","afternoon","morningrituals","hot","grocery",0,1,1,"midday"
16,272,172,100,"weekday","breakfast","unknown","warm","restaurant",0,1,1,"morning"
16,280,180,100,"weekday","afternoon","leisure","unknown","grocery",1,1,1,"midday"
17,110,0,110,"weekday","unknown","unknown","hot","restaurant",1,0,0,"unknown"
17,113,3,110,"weekend","earlymorning","travelling","warm","restaurant",0,0,0,"morning"
17,115,5,110,"weekend","morning","travelling","cold","restaurant",1,0,0,"morning"
17,116,6,110,"weekday","morning","shopping","unknown","grocery",1,0,0,"morning"
17,120,10,110,"weekday","lunch","travelling","unknown","grocery",1,0,0,"midday"
17,121,11,110,"weekend","breakfast","leisure","unknown","restaurant",0,0,0,"morning"
17,122,12,110,"weekday","beforelunch","unknown","cold","grocery",0,0,0,"midday"
17,123,13,110,"weekday","beforelunch","travelling","warm","restaurant",0,0,0,"midday"
17,124,14,110,"weekday","afternoon","travelling","warm","restaurant",1,0,0,"midday"
17,128,18,110,"weekend","afternoon","travelling","unknown","restaurant",0,0,0,"midday"
17,129,19,110,"weekday","unknown","travelling","unknown","restaurant",0,0,0,"unknown"
17,130,20,110,"weekday","beforelunch","working","freezing","grocery",1,0,0,"midday"
17,131,21,110,"weekday","beforelunch","travelling","hot","restaurant",0,0,0,"midday"
17,132,22,110,"weekday","afternoon","travelling","hot","grocery",0,0,0,"midday"
17,133,23,110,"weekday","afternoon","leisure","cold","restaurant",1,0,0,"midday"
17,134,24,110,"weekday","beforelunch","working","cold","restaurant",1,0,0,"midday"
17,135,25,110,"weekday","lunch","working","warm","grocery",0,0,0,"midday"
17,136,26,110,"weekend","afternoon","travelling","cold","restaurant",1,0,0,"midday"
17,137,27,110,"weekday","breakfast","unknown","freezing","grocery",0,0,0,"morning"
17,138,28,110,"weekend","beforelunch","travelling","warm","grocery",0,0,0,"midday"
17,139,29,110,"weekday","morning","travelling","warm","grocery",0,0,0,"morning"
17,140,30,110,"weekday","afternoon","travelling","freezing","grocery",0,0,0,"midday"
17,142,32,110,"weekday","afternoon","travelling","unknown","restaurant",0,0,0,"midday"
17,143,33,110,"weekday","dinner","travelling","cold","restaurant",0,0,0,"night"
17,144,34,110,"weekday","afternoon","travelling","unknown","restaurant",0,0,0,"midday"
17,146,36,110,"weekday","dinner","travelling","cold","grocery",1,0,0,"night"
17,147,37,110,"weekday","lunch","unknown","warm","restaurant",1,0,0,"midday"
17,149,39,110,"unknown","lunch","travelling","cold","restaurant",1,0,0,"midday"
17,150,40,110,"weekend","afternoon","travelling","unknown","grocery",0,0,0,"midday"
17,151,41,110,"weekday","lunch","travelling","unknown","restaurant",0,0,0,"midday"
17,152,42,110,"weekday","beforelunch","unknown","freezing","restaurant",1,0,0,"midday"
17,153,43,110,"weekday","lunch","working","unknown","grocery",1,0,0,"midday"
17,154,44,110,"weekday","lunch","unknown","unknown","restaurant",0,0,0,"midday"
17,155,45,110,"weekend","breakfast","unknown","freezing","grocery",0,0,0,"morning"
17,156,46,110,"weekday","morning","travelling","cold","restaurant",1,0,0,"morning"
17,157,47,110,"weekend","dinner","working","warm","restaurant",0,0,0,"night"
17,160,50,110,"weekday","morning","unknown","cold","restaurant",0,0,0,"morning"
17,161,51,110,"weekend","breakfast","travelling","warm","restaurant",1,0,0,"morning"
17,162,52,110,"weekday","lunch","travelling","cold","grocery",0,0,0,"midday"
17,163,53,110,"weekday","evening","travelling","unknown","restaurant",0,0,0,"night"
17,164,54,110,"weekend","lunch","shopping","cold","grocery",1,0,0,"midday"
17,165,55,110,"weekday","lunch","travelling","freezing","restaurant",0,0,0,"midday"
17,166,56,110,"weekday","afternoon","travelling","freezing","grocery",1,0,0,"midday"
17,167,57,110,"weekday","night","unknown","freezing","restaurant",1,1,0,"night"
17,168,58,110,"weekend","afternoon","travelling","freezing","restaurant",0,1,0,"midday"
17,169,59,110,"weekday","beforelunch","travelling","freezing","restaurant",1,1,0,"midday"
17,170,60,110,"weekday","afternoon","travelling","cold","grocery",0,1,0,"midday"
17,171,61,110,"weekday","afternoon","working","cold","restaurant",0,1,0,"midday"
17,174,64,110,"weekend","lunch","unknown","cold","restaurant",0,1,0,"midday"
17,175,65,110,"weekend","beforelunch","leisure","unknown","restaurant",0,1,0,"midday"
17,176,66,110,"weekday","beforelunch","travelling","freezing","restaurant",0,1,0,"midday"
17,177,67,110,"weekend","evening","travelling","cold","grocery",0,1,0,"night"
17,178,68,110,"weekday","lunch","travelling","cold","grocery",0,1,0,"midday"
17,179,69,110,"weekend","breakfast","travelling","cold","grocery",0,1,0,"morning"
17,180,70,110,"weekday","afternoon","travelling","cold","restaurant",0,1,0,"midday"
17,181,71,110,"weekday","breakfast","travelling","cold","restaurant",0,1,0,"morning"
17,182,72,110,"weekday","afternoon","travelling","freezing","grocery",0,1,0,"midday"
17,184,74,110,"weekday","lunch","unknown","hot","restaurant",0,1,0,"midday"
17,185,75,110,"weekend","breakfast","shopping","warm","grocery",0,1,0,"morning"
17,186,76,110,"weekend","afternoon","travelling","hot","grocery",0,1,0,"midday"
17,187,77,110,"weekday","afternoon","travelling","freezing","restaurant",1,1,0,"midday"
17,188,78,110,"weekend","breakfast","travelling","warm","grocery",1,1,0,"morning"
17,191,81,110,"weekend","afternoon","leisure","hot","grocery",0,1,0,"midday"
17,192,82,110,"weekday","afternoon","travelling","hot","restaurant",0,1,0,"midday"
17,193,83,110,"weekday","breakfast","leisure","unknown","restaurant",0,1,0,"morning"
17,194,84,110,"weekday","breakfast","working","cold","restaurant",0,1,0,"morning"
17,196,86,110,"weekday","lunch","travelling","cold","grocery",0,1,0,"midday"
17,197,87,110,"weekday","lunch","travelling","unknown","restaurant",0,1,0,"midday"
17,198,88,110,"weekend","breakfast","travelling","unknown","grocery",0,1,0,"morning"
17,199,89,110,"weekday","earlymorning","travelling","freezing","grocery",0,1,0,"morning"
17,203,93,110,"weekday","afternoon","travelling","unknown","restaurant",1,1,0,"midday"
17,205,95,110,"weekday","breakfast","travelling","freezing","grocery",0,1,0,"morning"
17,206,96,110,"weekday","dinner","travelling","cold","grocery",0,1,0,"night"
17,207,97,110,"unknown","afternoon","leisure","unknown","restaurant",0,1,0,"midday"
17,208,98,110,"weekday","breakfast","travelling","cold","restaurant",0,1,0,"morning"
17,209,99,110,"weekday","morning","travelling","freezing","restaurant",0,1,0,"morning"
17,212,102,110,"weekday","afternoon","travelling","freezing","grocery",0,1,0,"midday"
17,213,103,110,"weekend","dinner","shopping","unknown","grocery",0,1,0,"night"
17,214,104,110,"weekend","night","travelling","hot","grocery",0,1,0,"night"
17,215,105,110,"weekend","breakfast","leisure","unknown","grocery",1,1,0,"morning"
17,216,106,110,"weekday","morning","travelling","freezing","restaurant",1,1,0,"morning"
17,217,107,110,"weekday","beforelunch","travelling","unknown","grocery",0,1,0,"midday"
17,219,109,110,"weekday","afternoon","travelling","warm","grocery",0,1,0,"midday"
17,220,110,110,"weekday","morning","travelling","freezing","grocery",1,1,0,"morning"
17,222,112,110,"weekend","beforelunch","travelling","warm","grocery",0,1,0,"midday"
17,223,113,110,"weekday","evening","travelling","freezing","grocery",1,1,1,"night"
17,224,114,110,"weekend","morning","travelling","unknown","restaurant",0,1,1,"morning"
17,225,115,110,"weekday","breakfast","travelling","cold","restaurant",1,1,1,"morning"
17,226,116,110,"weekend","lunch","morningrituals","warm","grocery",0,1,1,"midday"
17,229,119,110,"weekday","afternoon","unknown","cold","grocery",0,1,1,"midday"
17,230,120,110,"weekday","afternoon","unknown","warm","restaurant",0,1,1,"midday"
17,231,121,110,"weekday","afternoon","working","hot","restaurant",0,1,1,"midday"
17,232,122,110,"weekday","dinner","unknown","cold","restaurant",0,1,1,"night"
17,233,123,110,"weekday","night","travelling","cold","grocery",0,1,1,"night"
17,234,124,110,"weekday","lunch","unknown","freezing","grocery",1,1,1,"midday"
17,237,127,110,"weekday","afternoon","working","unknown","restaurant",0,1,1,"midday"
17,238,128,110,"weekend","afternoon","travelling","freezing","grocery",0,1,1,"midday"
17,240,130,110,"weekday","dinner","travelling","cold","restaurant",0,1,1,"night"
17,242,132,110,"weekday","night","travelling","freezing","grocery",0,1,1,"night"
17,244,134,110,"weekday","lunch","unknown","cold","restaurant",0,1,1,"midday"
17,245,135,110,"weekend","afternoon","travelling","freezing","restaurant",0,1,1,"midday"
17,246,136,110,"weekday","evening","travelling","freezing","restaurant",0,1,1,"night"
17,247,137,110,"weekday","lunch","travelling","hot","restaurant",0,1,1,"midday"
17,248,138,110,"weekend","breakfast","morningrituals","cold","grocery",0,1,1,"morning"
17,249,139,110,"weekend","breakfast","travelling","unknown","restaurant",0,1,1,"morning"
17,251,141,110,"weekday","afternoon","travelling","cold","restaurant",0,1,1,"midday"
17,253,143,110,"weekend","afternoon","travelling","unknown","grocery",1,1,1,"midday"
17,254,144,110,"weekday","afternoon","shopping","unknown","grocery",0,1,1,"midday"
17,256,146,110,"weekday","beforelunch","travelling","cold","grocery",0,1,1,"midday"
17,257,147,110,"weekday","lunch","unknown","cold","grocery",0,1,1,"midday"
17,258,148,110,"weekday","dinner","working","cold","grocery",0,1,1,"night"
17,259,149,110,"weekend","lunch","travelling","freezing","restaurant",0,1,1,"midday"
17,260,150,110,"weekend","afternoon","travelling","hot","grocery",0,1,1,"midday"
17,261,151,110,"weekend","beforelunch","travelling","unknown","restaurant",0,1,1,"midday"
17,262,152,110,"weekday","beforelunch","travelling","unknown","restaurant",0,1,1,"midday"
17,265,155,110,"weekday","lunch","unknown","hot","grocery",0,1,1,"midday"
17,266,156,110,"weekend","breakfast","travelling","unknown","grocery",0,1,1,"morning"
17,267,157,110,"weekend","afternoon","travelling","cold","grocery",0,1,1,"midday"
17,268,158,110,"weekday","afternoon","unknown","cold","grocery",0,1,1,"midday"
17,269,159,110,"weekday","lunch","travelling","unknown","grocery",0,1,1,"midday"
17,270,160,110,"weekday","earlymorning","travelling","unknown","grocery",0,1,1,"morning"
17,272,162,110,"weekday","lunch","travelling","unknown","restaurant",0,1,1,"midday"
17,274,164,110,"weekday","lunch","travelling","cold","grocery",0,1,1,"midday"
17,275,165,110,"weekday","afternoon","unknown","unknown","restaurant",0,1,1,"midday"
17,276,166,110,"weekday","lunch","unknown","warm","grocery",1,1,1,"midday"
17,277,167,110,"weekday","lunch","shopping","warm","grocery",1,1,1,"midday"
17,278,168,110,"weekday","afternoon","leisure","hot","grocery",0,1,1,"midday"
17,279,169,110,"weekend","night","travelling","freezing","restaurant",0,1,1,"night"
17,280,170,110,"weekday","dinner","unknown","unknown","grocery",0,1,1,"night"
17,283,173,110,"weekend","lunch","travelling","hot","grocery",0,1,1,"midday"
17,284,174,110,"weekday","afternoon","shopping","freezing","restaurant",1,1,1,"midday"
17,285,175,110,"weekday","afternoon","travelling","unknown","grocery",1,1,1,"midday"
17,286,176,110,"weekday","afternoon","working","cold","grocery",0,1,1,"midday"
17,287,177,110,"weekday","dinner","leisure","freezing","grocery",1,1,1,"night"
17,288,178,110,"weekend","morning","leisure","warm","restaurant",0,1,1,"morning"
17,289,179,110,"weekend","breakfast","unknown","warm","grocery",1,1,1,"morning"
17,290,180,110,"weekday","beforelunch","morningrituals","unknown","restaurant",0,1,1,"midday"
17,293,183,110,"weekend","night","travelling","cold","grocery",0,1,1,"night"
18,117,0,117,"weekday","breakfast","travelling","warm","grocery",0,0,0,"morning"
18,120,3,117,"weekday","lunch","travelling","unknown","restaurant",0,0,0,"midday"
18,125,8,117,"weekday","morning","shopping","cold","grocery",0,0,0,"morning"
18,127,10,117,"weekend","morning","leisure","freezing","grocery",0,0,0,"morning"
18,129,12,117,"weekday","afternoon","travelling","cold","grocery",1,0,0,"midday"
18,130,13,117,"weekday","unknown","unknown","warm","grocery",0,0,0,"unknown"
18,134,17,117,"weekday","morning","leisure","unknown","grocery",0,0,0,"morning"
18,135,18,117,"weekend","lunch","travelling","cold","restaurant",0,0,0,"midday"
18,138,21,117,"weekday","lunch","travelling","freezing","grocery",1,0,0,"midday"
18,139,22,117,"weekend","lunch","travelling","hot","grocery",1,0,0,"midday"
18,141,24,117,"weekday","beforelunch","travelling","freezing","restaurant",1,0,0,"midday"
18,145,28,117,"weekday","breakfast","unknown","unknown","grocery",0,0,0,"morning"
18,148,31,117,"weekend","afternoon","travelling","hot","restaurant",0,0,0,"midday"
18,150,33,117,"weekday","afternoon","travelling","freezing","grocery",0,0,0,"midday"
18,151,34,117,"weekday","afternoon","travelling","warm","restaurant",0,0,0,"midday"
18,153,36,117,"weekday","dinner","travelling","cold","grocery",0,0,0,"night"
18,154,37,117,"weekend","afternoon","travelling","unknown","restaurant",0,0,0,"midday"
18,158,41,117,"weekday","beforelunch","travelling","hot","restaurant",1,0,0,"midday"
18,160,43,117,"weekday","lunch","workingout","cold","restaurant",1,0,0,"midday"
18,162,45,117,"weekend","beforelunch","travelling","hot","restaurant",0,0,0,"midday"
18,164,47,117,"weekday","lunch","travelling","freezing","restaurant",1,0,0,"midday"
18,165,48,117,"weekday","breakfast","unknown","cold","grocery",0,0,0,"morning"
18,168,51,117,"weekday","dinner","leisure","warm","restaurant",0,0,0,"night"
18,169,52,117,"weekday","morning","working","hot","grocery",0,0,0,"morning"
18,170,53,117,"weekday","dinner","unknown","unknown","restaurant",0,0,0,"night"
18,172,55,117,"weekday","unknown","travelling","warm","restaurant",0,0,0,"unknown"
18,173,56,117,"weekday","beforelunch","leisure","cold","restaurant",0,0,0,"midday"
18,174,57,117,"weekend","beforelunch","travelling","cold","restaurant",0,1,0,"midday"
18,175,58,117,"weekend","afternoon","unknown","freezing","grocery",1,1,0,"midday"
18,177,60,117,"weekday","morning","travelling","cold","grocery",0,1,0,"morning"
18,179,62,117,"weekday","afternoon","working","unknown","restaurant",0,1,0,"midday"
18,182,65,117,"weekend","lunch","travelling","freezing","grocery",1,1,0,"midday"
18,186,69,117,"weekday","lunch","leisure","freezing","grocery",0,1,0,"midday"
18,187,70,117,"weekday","breakfast","travelling","cold","grocery",1,1,0,"morning"
18,189,72,117,"weekday","beforelunch","working","cold","restaurant",0,1,0,"midday"
18,191,74,117,"weekend","afternoon","travelling","hot","restaurant",0,1,0,"midday"
18,192,75,117,"weekday","beforelunch","unknown","freezing","grocery",0,1,0,"midday"
18,193,76,117,"weekday","lunch","travelling","cold","grocery",0,1,0,"midday"
18,194,77,117,"weekday","breakfast","travelling","warm","restaurant",0,1,0,"morning"
18,197,80,117,"weekday","breakfast","working","freezing","grocery",0,1,0,"morning"
18,198,81,117,"weekday","beforelunch","working","cold","grocery",0,1,0,"midday"
18,199,82,117,"weekday","earlymorning","working","freezing","grocery",0,1,0,"morning"
18,201,84,117,"weekday","lunch","working","cold","grocery",0,1,0,"midday"
18,202,85,117,"weekday","breakfast","travelling","unknown","restaurant",0,1,0,"morning"
18,204,87,117,"weekday","breakfast","leisure","freezing","grocery",0,1,0,"morning"
18,205,88,117,"weekday","lunch","unknown","cold","grocery",1,1,0,"midday"
18,206,89,117,"weekday","afternoon","travelling","freezing","restaurant",0,1,0,"midday"
18,213,96,117,"weekday","afternoon","unknown","unknown","grocery",1,1,0,"midday"
18,214,97,117,"weekday","afternoon","unknown","cold","grocery",0,1,0,"midday"
18,215,98,117,"weekday","morning","travelling","unknown","restaurant",1,1,0,"morning"
18,219,102,117,"weekend","beforelunch","morningrituals","freezing","restaurant",1,1,0,"midday"
18,220,103,117,"weekday","beforelunch","travelling","cold","grocery",0,1,0,"midday"
18,222,105,117,"weekend","evening","travelling","unknown","grocery",1,1,0,"night"
18,223,106,117,"weekday","earlymorning","travelling","hot","restaurant",0,1,0,"morning"
18,224,107,117,"weekend","beforelunch","travelling","freezing","restaurant",0,1,0,"midday"
18,226,109,117,"weekday","afternoon","travelling","warm","grocery",1,1,0,"midday"
18,227,110,117,"weekday","morning","travelling","freezing","restaurant",0,1,0,"morning"
18,230,113,117,"weekday","breakfast","travelling","unknown","grocery",0,1,1,"morning"
18,234,117,117,"weekday","afternoon","travelling","unknown","grocery",1,1,1,"midday"
18,235,118,117,"weekday","lunch","unknown","cold","grocery",0,1,1,"midday"
18,236,119,117,"weekend","afternoon","travelling","unknown","grocery",0,1,1,"midday"
18,237,120,117,"weekend","breakfast","travelling","cold","grocery",1,1,1,"morning"
18,241,124,117,"weekend","afternoon","travelling","unknown","restaurant",0,1,1,"midday"
18,244,127,117,"weekday","beforelunch","travelling","unknown","restaurant",0,1,1,"midday"
18,245,128,117,"weekday","morning","travelling","freezing","grocery",1,1,1,"morning"
18,247,130,117,"weekend","afternoon","travelling","cold","grocery",0,1,1,"midday"
18,248,131,117,"weekday","afternoon","shopping","hot","grocery",0,1,1,"midday"
18,250,133,117,"weekday","afternoon","travelling","warm","grocery",0,1,1,"midday"
18,251,134,117,"weekday","afternoon","working","cold","grocery",0,1,1,"midday"
18,253,136,117,"weekday","breakfast","travelling","cold","restaurant",1,1,1,"morning"
18,255,138,117,"unknown","lunch","travelling","cold","restaurant",0,1,1,"midday"
18,256,139,117,"weekend","lunch","working","unknown","grocery",0,1,1,"midday"
18,258,141,117,"weekday","afternoon","travelling","freezing","restaurant",0,1,1,"midday"
18,260,143,117,"weekday","afternoon","travelling","unknown","grocery",0,1,1,"midday"
18,262,145,117,"weekday","afternoon","workingout","cold","restaurant",0,1,1,"midday"
18,263,146,117,"weekend","breakfast","shopping","cold","restaurant",0,1,1,"morning"
18,264,147,117,"weekday","afternoon","travelling","warm","grocery",1,1,1,"midday"
18,266,149,117,"unknown","afternoon","unknown","unknown","restaurant",0,1,1,"midday"
18,269,152,117,"weekday","morning","unknown","freezing","grocery",0,1,1,"morning"
18,271,154,117,"weekday","lunch","leisure","freezing","restaurant",0,1,1,"midday"
18,274,157,117,"weekday","lunch","travelling","warm","grocery",0,1,1,"midday"
18,276,159,117,"weekend","afternoon","leisure","unknown","restaurant",1,1,1,"midday"
18,277,160,117,"weekday","unknown","travelling","cold","restaurant",0,1,1,"unknown"
18,278,161,117,"weekend","beforelunch","travelling","freezing","grocery",0,1,1,"midday"
18,279,162,117,"weekend","afternoon","unknown","warm","grocery",1,1,1,"midday"
18,280,163,117,"weekday","afternoon","travelling","hot","grocery",0,1,1,"midday"
18,283,166,117,"weekday","lunch","travelling","unknown","restaurant",0,1,1,"midday"
18,284,167,117,"weekday","afternoon","travelling","cold","restaurant",0,1,1,"midday"
18,285,168,117,"weekend","breakfast","travelling","freezing","restaurant",0,1,1,"morning"
18,286,169,117,"weekday","lunch","morningrituals","cold","restaurant",0,1,1,"midday"
18,287,170,117,"weekday","afternoon","travelling","freezing","grocery",0,1,1,"midday"
18,288,171,117,"weekday","breakfast","travelling","unknown","grocery",0,1,1,"morning"
18,291,174,117,"weekday","lunch","travelling","cold","restaurant",0,1,1,"midday"
18,292,175,117,"weekday","morning","travelling","cold","grocery",1,1,1,"morning"
18,293,176,117,"weekday","beforelunch","travelling","unknown","restaurant",0,1,1,"midday"
18,295,178,117,"weekday","lunch","travelling","warm","restaurant",1,1,1,"midday"
18,298,181,117,"weekday","lunch","working","unknown","restaurant",0,1,1,"midday"
19,121,2,119,"weekday","breakfast","unknown","cold","grocery",1,0,0,"morning"
19,124,5,119,"weekend","unknown","unknown","unknown","grocery",0,0,0,"unknown"
19,125,6,119,"weekday","earlymorning","unknown","cold","grocery",0,0,0,"morning"
19,132,13,119,"weekday","dinner","unknown","freezing","grocery",0,0,0,"night"
19,138,19,119,"weekday","afternoon","shopping","hot","restaurant",0,0,0,"midday"
19,146,27,119,"weekend","earlymorning","unknown","cold","restaurant",0,0,0,"morning"
19,152,33,119,"weekday","morning","shopping","unknown","grocery",0,0,0,"morning"
19,162,43,119,"weekday","lunch","travelling","unknown","grocery",1,0,0,"midday"
19,166,47,119,"weekday","dinner","travelling","cold","grocery",0,0,0,"night"
19,170,51,119,"weekday","beforelunch","unknown","freezing","grocery",0,0,0,"midday"
19,171,52,119,"weekday","breakfast","travelling","hot","restaurant",0,0,0,"morning"
19,175,56,119,"weekday","afternoon","travelling","freezing","restaurant",0,0,0,"midday"
19,180,61,119,"weekend","beforelunch","travelling","hot","grocery",1,1,0,"midday"
19,181,62,119,"weekend","breakfast","leisure","warm","grocery",1,1,0,"morning"
19,188,69,119,"weekday","afternoon","unknown","cold","restaurant",1,1,0,"midday"
19,189,70,119,"weekday","beforelunch","unknown","warm","restaurant",0,1,0,"midday"
19,191,72,119,"weekday","dinner","unknown","hot","restaurant",0,1,0,"night"
19,192,73,119,"weekend","latenight","travelling","cold","grocery",0,1,0,"night"
19,193,74,119,"weekend","earlymorning","travelling","unknown","grocery",0,1,0,"morning"
19,197,78,119,"weekday","beforelunch","travelling","unknown","restaurant",0,1,0,"midday"
19,200,81,119,"weekend","afternoon","travelling","unknown","grocery",1,1,0,"midday"
19,208,89,119,"weekend","morning","travelling","warm","restaurant",1,1,0,"morning"
19,212,93,119,"weekday","lunch","unknown","unknown","grocery",0,1,0,"midday"
19,213,94,119,"weekday","breakfast","unknown","freezing","restaurant",0,1,0,"morning"
19,215,96,119,"weekday","lunch","unknown","unknown","grocery",1,1,0,"midday"
19,217,98,119,"weekday","night","travelling","cold","restaurant",0,1,0,"night"
19,226,107,119,"weekday","lunch","working","cold","grocery",0,1,0,"midday"
19,228,109,119,"weekday","lunch","travelling","unknown","grocery",0,1,0,"midday"
19,229,110,119,"weekday","morning","travelling","unknown","grocery",0,1,0,"morning"
19,236,117,119,"weekday","afternoon","travelling","hot","restaurant",1,1,1,"midday"
19,237,118,119,"weekday","dinner","unknown","unknown","grocery",1,1,1,"night"
19,238,119,119,"weekday","morning","shopping","warm","grocery",1,1,1,"morning"
19,239,120,119,"weekday","evening","shopping","cold","grocery",0,1,1,"night"
19,241,122,119,"weekday","breakfast","unknown","cold","grocery",0,1,1,"morning"
19,243,124,119,"weekday","dinner","travelling","hot","restaurant",0,1,1,"night"
19,245,126,119,"weekday","lunch","working","cold","grocery",1,1,1,"midday"
19,246,127,119,"weekday","breakfast","travelling","warm","restaurant",0,1,1,"morning"
19,252,133,119,"weekend","earlymorning","travelling","freezing","grocery",0,1,1,"morning"
19,253,134,119,"weekday","afternoon","travelling","freezing","grocery",0,1,1,"midday"
19,258,139,119,"weekday","morning","travelling","cold","grocery",0,1,1,"morning"
19,262,143,119,"weekday","afternoon","unknown","warm","restaurant",0,1,1,"midday"
19,267,148,119,"weekday","lunch","unknown","cold","restaurant",1,1,1,"midday"
19,269,150,119,"weekend","afternoon","travelling","cold","grocery",0,1,1,"midday"
19,279,160,119,"weekday","afternoon","leisure","unknown","restaurant",0,1,1,"midday"
19,281,162,119,"weekday","beforelunch","leisure","unknown","grocery",0,1,1,"midday"
19,289,170,119,"weekday","afternoon","leisure","unknown","grocery",0,1,1,"midday"
19,290,171,119,"weekday","afternoon","unknown","freezing","grocery",1,1,1,"midday"
19,291,172,119,"weekend","morning","working","cold","grocery",0,1,1,"morning"
19,293,174,119,"weekend","lunch","working","warm","grocery",0,1,1,"midday"
19,294,175,119,"weekend","morning","travelling","cold","restaurant",1,1,1,"morning"
20,129,3,126,"weekday","lunch","unknown","freezing","grocery",0,0,0,"midday"
20,130,4,126,"weekday","afternoon","unknown","freezing","restaurant",0,0,0,"midday"
20,131,5,126,"weekday","breakfast","leisure","cold","grocery",1,0,0,"morning"
20,143,17,126,"weekday","breakfast","unknown","cold","grocery",0,0,0,"morning"
20,151,25,126,"weekday","afternoon","shopping","freezing","grocery",0,0,0,"midday"
20,159,33,126,"weekend","unknown","unknown","unknown","restaurant",0,0,0,"unknown"
20,166,40,126,"weekday","lunch","working","freezing","grocery",0,0,0,"midday"
20,168,42,126,"weekend","breakfast","leisure","cold","restaurant",1,0,0,"morning"
20,172,46,126,"weekend","breakfast","travelling","cold","restaurant",0,0,0,"morning"
20,175,49,126,"weekday","night","travelling","cold","restaurant",1,0,0,"night"
20,183,57,126,"weekday","morning","morningrituals","cold","grocery",0,1,0,"morning"
20,191,65,126,"weekday","breakfast","travelling","freezing","grocery",1,1,0,"morning"
20,193,67,126,"weekday","afternoon","working","unknown","restaurant",0,1,0,"midday"
20,200,74,126,"weekend","beforelunch","travelling","freezing","restaurant",0,1,0,"midday"
20,216,90,126,"weekday","lunch","morningrituals","warm","grocery",1,1,0,"midday"
20,224,98,126,"weekday","beforelunch","travelling","unknown","restaurant",0,1,0,"midday"
20,227,101,126,"weekday","afternoon","unknown","unknown","restaurant",0,1,0,"midday"
20,233,107,126,"weekday","earlymorning","travelling","freezing","grocery",0,1,0,"morning"
20,241,115,126,"weekday","afternoon","leisure","cold","restaurant",0,1,1,"midday"
20,242,116,126,"weekday","lunch","shopping","unknown","grocery",1,1,1,"midday"
20,252,126,126,"weekday","lunch","travelling","cold","grocery",0,1,1,"midday"
20,254,128,126,"weekend","afternoon","working","cold","grocery",1,1,1,"midday"
20,259,133,126,"weekday","beforelunch","travelling","freezing","restaurant",0,1,1,"midday"
20,269,143,126,"weekday","lunch","working","unknown","grocery",0,1,1,"midday"
20,271,145,126,"weekday","beforelunch","travelling","freezing","grocery",1,1,1,"midday"
20,274,148,126,"unknown","afternoon","travelling","hot","grocery",0,1,1,"midday"
20,282,156,126,"weekday","afternoon","leisure","unknown","grocery",0,1,1,"midday"
20,287,161,126,"weekday","lunch","travelling","cold","grocery",0,1,1,"midday"
20,291,165,126,"weekday","lunch","travelling","cold","restaurant",1,1,1,"midday"
20,292,166,126,"weekday","breakfast","travelling","cold","grocery",1,1,1,"morning"
20,298,172,126,"weekend","afternoon","travelling","hot","restaurant",1,1,1,"midday"
20,306,180,126,"weekend","afternoon","travelling","cold","grocery",0,1,1,"midday"
21,136,0,136,"weekday","beforelunch","morningrituals","hot","grocery",0,0,0,"midday"
21,137,1,136,"weekday","beforelunch","travelling","hot","grocery",0,0,0,"midday"
21,138,2,136,"weekday","evening","unknown","warm","restaurant",1,0,0,"night"
21,139,3,136,"weekday","dinner","travelling","cold","grocery",1,0,0,"night"
21,140,4,136,"weekend","morning","travelling","warm","restaurant",0,0,0,"morning"
21,141,5,136,"weekday","lunch","working","unknown","restaurant",0,0,0,"midday"
21,143,7,136,"weekday","earlymorning","travelling","cold","restaurant",1,0,0,"morning"
21,144,8,136,"weekend","evening","travelling","cold","grocery",0,0,0,"night"
21,145,9,136,"weekday","afternoon","travelling","cold","restaurant",0,0,0,"midday"
21,147,11,136,"weekday","unknown","unknown","hot","grocery",1,0,0,"unknown"
21,148,12,136,"weekend","afternoon","morningrituals","unknown","grocery",0,0,0,"midday"
21,149,13,136,"weekend","unknown","travelling","unknown","restaurant",0,0,0,"unknown"
21,150,14,136,"weekend","beforelunch","leisure","cold","restaurant",0,0,0,"midday"
21,151,15,136,"weekday","beforelunch","travelling","freezing","restaurant",0,0,0,"midday"
21,153,17,136,"weekday","beforelunch","travelling","hot","grocery",1,0,0,"midday"
21,156,20,136,"weekday","unknown","travelling","warm","grocery",1,0,0,"unknown"
21,158,22,136,"weekday","afternoon","travelling","cold","grocery",0,0,0,"midday"
21,159,23,136,"weekday","evening","travelling","cold","grocery",0,0,0,"night"
21,160,24,136,"weekend","afternoon","travelling","unknown","grocery",0,0,0,"midday"
21,161,25,136,"weekday","afternoon","unknown","unknown","grocery",1,0,0,"midday"
21,162,26,136,"weekend","beforelunch","unknown","unknown","restaurant",0,0,0,"midday"
21,163,27,136,"weekend","lunch","travelling","warm","restaurant",1,0,0,"midday"
21,164,28,136,"weekday","afternoon","unknown","cold","grocery",1,0,0,"midday"
21,165,29,136,"weekday","beforelunch","travelling","unknown","grocery",1,0,0,"midday"
21,167,31,136,"weekday","lunch","morningrituals","unknown","restaurant",0,0,0,"midday"
21,168,32,136,"weekend","morning","travelling","cold","grocery",1,0,0,"morning"
21,170,34,136,"weekday","lunch","leisure","cold","restaurant",1,0,0,"midday"
21,171,35,136,"weekend","morning","travelling","warm","grocery",0,0,0,"morning"
21,173,37,136,"weekday","lunch","working","unknown","grocery",0,0,0,"midday"
21,174,38,136,"weekend","afternoon","travelling","unknown","grocery",0,0,0,"midday"
21,175,39,136,"weekday","beforelunch","unknown","unknown","restaurant",0,0,0,"midday"
21,176,40,136,"weekday","afternoon","travelling","cold","grocery",0,0,0,"midday"
21,177,41,136,"weekend","morning","travelling","warm","restaurant",1,0,0,"morning"
21,179,43,136,"weekday","breakfast","travelling","cold","grocery",0,0,0,"morning"
21,180,44,136,"weekend","afternoon","travelling","warm","grocery",1,0,0,"midday"
21,182,46,136,"weekday","morning","travelling","warm","restaurant",0,0,0,"morning"
21,183,47,136,"weekday","lunch","leisure","freezing","restaurant",0,0,0,"midday"
21,184,48,136,"weekend","night","unknown","unknown","restaurant",1,0,0,"night"
21,185,49,136,"weekday","unknown","unknown","cold","restaurant",0,0,0,"unknown"
21,186,50,136,"weekday","afternoon","working","freezing","grocery",1,0,0,"midday"
21,187,51,136,"weekday","dinner","travelling","freezing","grocery",1,0,0,"night"
21,188,52,136,"weekday","morning","travelling","freezing","restaurant",1,0,0,"morning"
21,189,53,136,"weekday","beforelunch","morningrituals","cold","restaurant",0,0,0,"midday"
21,190,54,136,"weekday","afternoon","unknown","warm","grocery",0,0,0,"midday"
21,191,55,136,"weekday","breakfast","travelling","cold","grocery",0,0,0,"morning"
21,192,56,136,"weekday","breakfast","travelling","cold","restaurant",1,0,0,"morning"
21,193,57,136,"weekday","breakfast","travelling","unknown","restaurant",0,1,0,"morning"
21,194,58,136,"weekend","afternoon","travelling","freezing","restaurant",0,1,0,"midday"
21,196,60,136,"weekday","afternoon","travelling","hot","grocery",0,1,0,"midday"
21,197,61,136,"weekday","lunch","unknown","cold","grocery",0,1,0,"midday"
21,198,62,136,"weekend","lunch","morningrituals","hot","restaurant",0,1,0,"midday"
21,199,63,136,"weekday","afternoon","shopping","cold","grocery",1,1,0,"midday"
21,200,64,136,"weekend","morning","travelling","freezing","restaurant",1,1,0,"morning"
21,201,65,136,"weekday","afternoon","travelling","hot","grocery",0,1,0,"midday"
21,202,66,136,"weekday","lunch","travelling","warm","grocery",1,1,0,"midday"
21,203,67,136,"weekday","latenight","unknown","cold","grocery",0,1,0,"night"
21,204,68,136,"weekday","lunch","travelling","cold","restaurant",0,1,0,"midday"
21,206,70,136,"weekday","afternoon","travelling","unknown","grocery",0,1,0,"midday"
21,207,71,136,"weekday","afternoon","leisure","cold","restaurant",0,1,0,"midday"
21,208,72,136,"weekday","morning","travelling","warm","restaurant",0,1,0,"morning"
21,209,73,136,"weekday","latenight","working","cold","restaurant",0,1,0,"night"
21,210,74,136,"weekday","beforelunch","shopping","unknown","grocery",0,1,0,"midday"
21,212,76,136,"weekday","lunch","travelling","cold","restaurant",0,1,0,"midday"
21,213,77,136,"weekday","lunch","leisure","unknown","restaurant",0,1,0,"midday"
21,215,79,136,"weekend","morning","leisure","unknown","grocery",1,1,0,"morning"
21,216,80,136,"unknown","lunch","shopping","unknown","restaurant",1,1,0,"midday"
21,218,82,136,"weekday","unknown","unknown","cold","restaurant",0,1,0,"unknown"
21,219,83,136,"weekend","afternoon","unknown","cold","restaurant",1,1,0,"midday"
21,220,84,136,"weekday","afternoon","travelling","freezing","grocery",0,1,0,"midday"
21,221,85,136,"weekday","lunch","travelling","cold","grocery",0,1,0,"midday"
21,223,87,136,"weekend","morning","travelling","cold","restaurant",0,1,0,"morning"
21,225,89,136,"weekday","lunch","travelling","cold","grocery",1,1,0,"midday"
21,226,90,136,"weekend","morning","travelling","freezing","restaurant",1,1,0,"morning"
21,227,91,136,"weekend","afternoon","travelling","unknown","restaurant",0,1,0,"midday"
21,228,92,136,"weekday","breakfast","working","hot","grocery",0,1,0,"morning"
21,230,94,136,"weekend","evening","travelling","freezing","grocery",0,1,0,"night"
21,231,95,136,"weekday","afternoon","leisure","freezing","restaurant",0,1,0,"midday"
21,232,96,136,"weekend","lunch","social","cold","grocery",0,1,0,"midday"
21,233,97,136,"weekday","beforelunch","travelling","cold","grocery",1,1,0,"midday"
21,234,98,136,"weekday","lunch","unknown","cold","grocery",0,1,0,"midday"
21,236,100,136,"weekend","afternoon","travelling","freezing","grocery",1,1,0,"midday"
21,238,102,136,"weekend","lunch","working","freezing","restaurant",1,1,0,"midday"
21,239,103,136,"weekday","lunch","travelling","unknown","restaurant",0,1,0,"midday"
21,240,104,136,"weekday","afternoon","travelling","cold","restaurant",0,1,0,"midday"
21,243,107,136,"weekday","afternoon","travelling","warm","grocery",1,1,0,"midday"
21,245,109,136,"weekday","afternoon","unknown","cold","restaurant",1,1,0,"midday"
21,246,110,136,"weekend","lunch","travelling","unknown","restaurant",0,1,0,"midday"
21,247,111,136,"weekday","morning","leisure","unknown","grocery",0,1,0,"morning"
21,248,112,136,"weekday","lunch","travelling","warm","grocery",1,1,0,"midday"
21,249,113,136,"weekend","lunch","travelling","cold","restaurant",1,1,1,"midday"
21,252,116,136,"weekday","breakfast","leisure","freezing","grocery",0,1,1,"morning"
21,253,117,136,"weekday","earlymorning","shopping","freezing","grocery",1,1,1,"morning"
21,255,119,136,"weekday","unknown","travelling","unknown","grocery",0,1,1,"unknown"
21,257,121,136,"weekday","breakfast","leisure","warm","restaurant",0,1,1,"morning"
21,258,122,136,"weekday","dinner","travelling","unknown","restaurant",0,1,1,"night"
21,259,123,136,"weekday","lunch","travelling","cold","grocery",1,1,1,"midday"
21,260,124,136,"unknown","lunch","travelling","warm","grocery",0,1,1,"midday"
21,261,125,136,"weekday","afternoon","travelling","warm","grocery",0,1,1,"midday"
21,263,127,136,"weekend","lunch","unknown","warm","restaurant",0,1,1,"midday"
21,264,128,136,"weekday","beforelunch","travelling","freezing","grocery",0,1,1,"midday"
21,266,130,136,"weekday","afternoon","travelling","cold","grocery",1,1,1,"midday"
21,267,131,136,"weekday","afternoon","travelling","unknown","grocery",1,1,1,"midday"
21,268,132,136,"weekend","afternoon","travelling","cold","grocery",0,1,1,"midday"
21,269,133,136,"weekday","afternoon","shopping","cold","grocery",0,1,1,"midday"
21,272,136,136,"weekday","lunch","travelling","cold","grocery",1,1,1,"midday"
21,273,137,136,"weekday","afternoon","travelling","warm","restaurant",0,1,1,"midday"
21,275,139,136,"weekday","afternoon","shopping","cold","restaurant",1,1,1,"midday"
21,276,140,136,"weekday","afternoon","unknown","cold","grocery",0,1,1,"midday"
21,278,142,136,"weekday","breakfast","unknown","cold","grocery",0,1,1,"morning"
21,279,143,136,"weekend","latenight","unknown","cold","grocery",1,1,1,"night"
21,280,144,136,"weekday","afternoon","travelling","warm","restaurant",0,1,1,"midday"
21,283,147,136,"weekday","beforelunch","leisure","warm","restaurant",0,1,1,"midday"
21,284,148,136,"weekday","earlymorning","travelling","cold","grocery",0,1,1,"morning"
21,285,149,136,"weekday","beforelunch","travelling","unknown","restaurant",0,1,1,"midday"
21,287,151,136,"weekday","beforelunch","travelling","cold","grocery",0,1,1,"midday"
21,289,153,136,"weekday","beforelunch","unknown","cold","restaurant",0,1,1,"midday"
21,290,154,136,"weekday","afternoon","unknown","warm","grocery",0,1,1,"midday"
21,291,155,136,"weekday","unknown","travelling","cold","grocery",0,1,1,"unknown"
21,292,156,136,"weekday","beforelunch","travelling","cold","grocery",0,1,1,"midday"
21,293,157,136,"weekend","morning","unknown","cold","restaurant",0,1,1,"morning"
21,294,158,136,"weekday","lunch","travelling","freezing","grocery",0,1,1,"midday"
21,297,161,136,"weekend","lunch","travelling","unknown","grocery",0,1,1,"midday"
21,298,162,136,"weekend","afternoon","leisure","freezing","restaurant",0,1,1,"midday"
21,300,164,136,"weekday","night","unknown","freezing","restaurant",0,1,1,"night"
21,303,167,136,"weekday","breakfast","unknown","unknown","restaurant",0,1,1,"morning"
21,305,169,136,"weekend","lunch","unknown","cold","grocery",0,1,1,"midday"
21,306,170,136,"weekday","afternoon","unknown","warm","grocery",0,1,1,"midday"
21,307,171,136,"weekday","beforelunch","travelling","freezing","grocery",0,1,1,"midday"
21,308,172,136,"weekday","breakfast","travelling","cold","grocery",0,1,1,"morning"
21,309,173,136,"weekend","afternoon","unknown","cold","grocery",0,1,1,"midday"
21,310,174,136,"weekday","beforelunch","travelling","freezing","grocery",0,1,1,"midday"
21,311,175,136,"weekend","lunch","travelling","unknown","restaurant",0,1,1,"midday"
21,312,176,136,"weekday","beforelunch","travelling","hot","grocery",0,1,1,"midday"
21,313,177,136,"weekday","beforelunch","travelling","cold","restaurant",0,1,1,"midday"
21,314,178,136,"weekday","night","travelling","warm","grocery",1,1,1,"night"
21,315,179,136,"weekend","unknown","shopping","cold","restaurant",0,1,1,"unknown"
21,316,180,136,"weekday","afternoon","travelling","cold","restaurant",0,1,1,"midday"
21,317,181,136,"weekday","lunch","travelling","cold","restaurant",0,1,1,"midday"
22,141,0,141,"weekday","beforelunch","working","hot","restaurant",1,0,0,"midday"
22,142,1,141,"weekday","beforelunch","travelling","freezing","restaurant",0,0,0,"midday"
22,144,3,141,"weekend","afternoon","travelling","warm","grocery",0,0,0,"midday"
22,145,4,141,"weekday","night","travelling","warm","grocery",1,0,0,"night"
22,147,6,141,"weekend","earlymorning","travelling","cold","grocery",1,0,0,"morning"
22,148,7,141,"weekend","evening","travelling","unknown","restaurant",0,0,0,"night"
22,153,12,141,"weekday","lunch","travelling","hot","grocery",0,0,0,"midday"
22,155,14,141,"weekend","breakfast","leisure","warm","restaurant",0,0,0,"morning"
22,156,15,141,"weekday","lunch","travelling","warm","grocery",0,0,0,"midday"
22,157,16,141,"weekday","beforelunch","travelling","freezing","grocery",0,0,0,"midday"
22,158,17,141,"weekday","beforelunch","shopping","cold","restaurant",0,0,0,"midday"
22,174,33,141,"weekday","morning","unknown","freezing","restaurant",1,0,0,"morning"
22,176,35,141,"weekday","morning","travelling","cold","restaurant",0,0,0,"morning"
22,178,37,141,"weekday","afternoon","unknown","freezing","restaurant",0,0,0,"midday"
22,180,39,141,"weekday","lunch","travelling","cold","restaurant",0,0,0,"midday"
22,183,42,141,"weekday","beforelunch","shopping","cold","grocery",0,0,0,"midday"
22,184,43,141,"weekday","beforelunch","travelling","freezing","restaurant",0,0,0,"midday"
22,187,46,141,"weekday","beforelunch","unknown","unknown","restaurant",0,0,0,"midday"
22,192,51,141,"weekday","lunch","travelling","cold","restaurant",0,0,0,"midday"
22,194,53,141,"weekday","morning","travelling","unknown","restaurant",0,0,0,"morning"
22,195,54,141,"weekend","afternoon","unknown","unknown","restaurant",0,0,0,"midday"
22,197,56,141,"weekday","afternoon","travelling","freezing","restaurant",0,0,0,"midday"
22,199,58,141,"weekend","lunch","shopping","cold","grocery",1,1,0,"midday"
22,200,59,141,"weekday","lunch","travelling","cold","grocery",1,1,0,"midday"
22,203,62,141,"weekday","beforelunch","travelling","hot","grocery",0,1,0,"midday"
22,204,63,141,"weekday","beforelunch","morningrituals","freezing","grocery",0,1,0,"midday"
22,206,65,141,"weekday","afternoon","unknown","hot","restaurant",1,1,0,"midday"
22,209,68,141,"unknown","lunch","travelling","freezing","restaurant",0,1,0,"midday"
22,211,70,141,"weekday","afternoon","unknown","freezing","grocery",0,1,0,"midday"
22,212,71,141,"weekday","afternoon","unknown","hot","restaurant",1,1,0,"midday"
22,214,73,141,"weekday","afternoon","working","cold","grocery",0,1,0,"midday"
22,216,75,141,"weekday","afternoon","travelling","freezing","restaurant",1,1,0,"midday"
22,218,77,141,"weekday","lunch","travelling","warm","restaurant",0,1,0,"midday"
22,219,78,141,"weekend","beforelunch","unknown","unknown","grocery",0,1,0,"midday"
22,220,79,141,"weekday","afternoon","shopping","cold","restaurant",0,1,0,"midday"
22,221,80,141,"weekday","lunch","working","cold","grocery",0,1,0,"midday"
22,223,82,141,"weekday","earlymorning","leisure","cold","grocery",0,1,0,"morning"
22,224,83,141,"unknown","morning","travelling","cold","grocery",0,1,0,"morning"
22,226,85,141,"weekday","lunch","shopping","unknown","restaurant",0,1,0,"midday"
22,227,86,141,"weekday","dinner","travelling","warm","grocery",0,1,0,"night"
22,233,92,141,"weekend","lunch","unknown","cold","grocery",0,1,0,"midday"
22,234,93,141,"weekday","morning","travelling","freezing","restaurant",0,1,0,"morning"
22,235,94,141,"weekday","lunch","travelling","cold","restaurant",1,1,0,"midday"
22,236,95,141,"weekend","afternoon","travelling","hot","restaurant",0,1,0,"midday"
22,237,96,141,"weekday","lunch","unknown","cold","grocery",0,1,0,"midday"
22,238,97,141,"weekday","beforelunch","travelling","cold","grocery",0,1,0,"midday"
22,239,98,141,"weekday","lunch","travelling","hot","grocery",1,1,0,"midday"
22,241,100,141,"weekend","earlymorning","travelling","unknown","grocery",0,1,0,"morning"
22,242,101,141,"weekday","beforelunch","shopping","warm","restaurant",1,1,0,"midday"
22,243,102,141,"weekday","dinner","travelling","freezing","grocery",0,1,0,"night"
22,247,106,141,"weekday","beforelunch","travelling","cold","grocery",0,1,0,"midday"
22,251,110,141,"weekday","afternoon","travelling","cold","restaurant",0,1,0,"midday"
22,256,115,141,"weekday","afternoon","travelling","unknown","restaurant",1,1,1,"midday"
22,258,117,141,"weekday","lunch","travelling","cold","restaurant",1,1,1,"midday"
22,259,118,141,"weekday","afternoon","working","cold","grocery",0,1,1,"midday"
22,261,120,141,"weekend","afternoon","travelling","unknown","restaurant",0,1,1,"midday"
22,263,122,141,"weekday","lunch","travelling","freezing","grocery",0,1,1,"midday"
22,264,123,141,"weekday","afternoon","travelling","unknown","grocery",1,1,1,"midday"
22,265,124,141,"weekday","afternoon","unknown","cold","grocery",0,1,1,"midday"
22,266,125,141,"unknown","afternoon","unknown","warm","restaurant",0,1,1,"midday"
22,267,126,141,"weekday","morning","leisure","unknown","restaurant",0,1,1,"morning"
22,268,127,141,"weekday","afternoon","working","freezing","grocery",1,1,1,"midday"
22,272,131,141,"weekday","lunch","travelling","freezing","grocery",0,1,1,"midday"
22,273,132,141,"weekday","morning","travelling","freezing","restaurant",0,1,1,"morning"
22,274,133,141,"weekday","lunch","travelling","cold","grocery",1,1,1,"midday"
22,275,134,141,"weekday","morning","travelling","freezing","grocery",0,1,1,"morning"
22,276,135,141,"weekend","lunch","travelling","unknown","grocery",0,1,1,"midday"
22,279,138,141,"weekday","afternoon","leisure","freezing","grocery",0,1,1,"midday"
22,281,140,141,"weekday","afternoon","travelling","cold","restaurant",0,1,1,"midday"
22,283,142,141,"weekend","afternoon","unknown","freezing","grocery",0,1,1,"midday"
22,285,144,141,"weekday","morning","leisure","freezing","grocery",0,1,1,"morning"
22,286,145,141,"weekend","lunch","travelling","cold","restaurant",0,1,1,"midday"
22,287,146,141,"weekday","afternoon","leisure","cold","restaurant",1,1,1,"midday"
22,288,147,141,"weekday","beforelunch","leisure","freezing","restaurant",0,1,1,"midday"
22,290,149,141,"weekday","afternoon","travelling","unknown","restaurant",0,1,1,"midday"
22,294,153,141,"weekday","lunch","unknown","freezing","restaurant",0,1,1,"midday"
22,295,154,141,"weekday","dinner","travelling","warm","restaurant",0,1,1,"night"
22,296,155,141,"weekday","lunch","travelling","unknown","grocery",1,1,1,"midday"
22,303,162,141,"weekday","morning","travelling","cold","grocery",0,1,1,"morning"
22,306,165,141,"weekday","lunch","travelling","hot","restaurant",0,1,1,"midday"
22,315,174,141,"weekend","beforelunch","travelling","cold","restaurant",0,1,1,"midday"
22,317,176,141,"weekday","lunch","travelling","warm","grocery",0,1,1,"midday"
22,319,178,141,"weekend","lunch","travelling","freezing","grocery",1,1,1,"midday"
22,320,179,141,"weekday","breakfast","travelling","unknown","grocery",0,1,1,"morning"
22,323,182,141,"weekday","breakfast","travelling","unknown","restaurant",1,1,1,"morning"
23,143,0,143,"weekday","earlymorning","unknown","warm","grocery",1,0,0,"morning"
23,146,3,143,"weekend","beforelunch","travelling","unknown","restaurant",0,0,0,"midday"
23,147,4,143,"weekday","afternoon","unknown","unknown","grocery",0,0,0,"midday"
23,148,5,143,"weekend","breakfast","unknown","freezing","grocery",0,0,0,"morning"
23,151,8,143,"weekday","afternoon","travelling","unknown","restaurant",0,0,0,"midday"
23,152,9,143,"weekday","beforelunch","travelling","cold","restaurant",0,0,0,"midday"
23,153,10,143,"weekday","morning","travelling","freezing","restaurant",0,0,0,"morning"
23,154,11,143,"weekday","beforelunch","travelling","warm","grocery",0,0,0,"midday"
23,155,12,143,"weekend","beforelunch","leisure","cold","grocery",0,0,0,"midday"
23,157,14,143,"weekday","afternoon","travelling","cold","grocery",1,0,0,"midday"
23,158,15,143,"weekday","morning","leisure","cold","grocery",0,0,0,"morning"
23,159,16,143,"weekday","night","travelling","cold","restaurant",1,0,0,"night"
23,160,17,143,"weekend","afternoon","shopping","unknown","restaurant",0,0,0,"midday"
23,162,19,143,"weekday","lunch","shopping","cold","grocery",1,0,0,"midday"
23,164,21,143,"weekday","breakfast","travelling","freezing","restaurant",0,0,0,"morning"
23,166,23,143,"unknown","breakfast","morningrituals","hot","restaurant",0,0,0,"morning"
23,168,25,143,"weekend","lunch","travelling","cold","restaurant",0,0,0,"midday"
23,169,26,143,"weekday","beforelunch","unknown","unknown","grocery",0,0,0,"midday"
23,170,27,143,"weekday","afternoon","travelling","warm","grocery",0,0,0,"midday"
23,175,32,143,"weekday","afternoon","travelling","warm","grocery",0,0,0,"midday"
23,176,33,143,"weekday","dinner","travelling","freezing","restaurant",0,0,0,"night"
23,179,36,143,"weekday","lunch","travelling","freezing","grocery",0,0,0,"midday"
23,180,37,143,"weekday","lunch","unknown","hot","restaurant",1,0,0,"midday"
23,181,38,143,"weekday","unknown","leisure","freezing","restaurant",0,0,0,"unknown"
23,182,39,143,"weekday","morning","travelling","cold","restaurant",0,0,0,"morning"
23,183,40,143,"weekday","afternoon","working","warm","grocery",1,0,0,"midday"
23,187,44,143,"weekday","afternoon","morningrituals","cold","restaurant",0,0,0,"midday"
23,188,45,143,"weekend","afternoon","travelling","freezing","restaurant",0,0,0,"midday"
23,190,47,143,"weekday","beforelunch","shopping","unknown","grocery",1,0,0,"midday"
23,191,48,143,"weekend","afternoon","travelling","cold","restaurant",0,0,0,"midday"
23,192,49,143,"weekend","beforelunch","travelling","cold","grocery",1,0,0,"midday"
23,196,53,143,"weekday","dinner","travelling","warm","grocery",0,0,0,"night"
23,197,54,143,"weekday","morning","leisure","warm","grocery",0,0,0,"morning"
23,198,55,143,"weekday","breakfast","leisure","cold","grocery",0,0,0,"morning"
23,199,56,143,"weekday","lunch","morningrituals","cold","grocery",0,0,0,"midday"
23,201,58,143,"weekday","morning","travelling","unknown","restaurant",0,1,0,"morning"
23,205,62,143,"weekend","lunch","travelling","freezing","grocery",0,1,0,"midday"
23,206,63,143,"weekend","afternoon","working","cold","restaurant",1,1,0,"midday"
23,207,64,143,"unknown","beforelunch","travelling","unknown","restaurant",0,1,0,"midday"
23,209,66,143,"weekday","earlymorning","travelling","freezing","grocery",0,1,0,"morning"
23,210,67,143,"weekday","beforelunch","leisure","unknown","restaurant",1,1,0,"midday"
23,212,69,143,"weekday","unknown","travelling","cold","restaurant",1,1,0,"unknown"
23,214,71,143,"weekday","beforelunch","travelling","cold","grocery",0,1,0,"midday"
23,216,73,143,"weekend","lunch","shopping","cold","grocery",1,1,0,"midday"
23,217,74,143,"weekday","afternoon","travelling","unknown","restaurant",0,1,0,"midday"
23,218,75,143,"weekend","morning","travelling","freezing","grocery",1,1,0,"morning"
23,220,77,143,"weekend","afternoon","shopping","unknown","grocery",0,1,0,"midday"
23,221,78,143,"weekend","beforelunch","travelling","cold","restaurant",0,1,0,"midday"
23,224,81,143,"weekday","lunch","unknown","warm","grocery",0,1,0,"midday"
23,226,83,143,"weekend","beforelunch","leisure","cold","grocery",0,1,0,"midday"
23,229,86,143,"weekend","beforelunch","travelling","hot","restaurant",1,1,0,"midday"
23,231,88,143,"weekday","night","travelling","cold","grocery",0,1,0,"night"
23,232,89,143,"weekday","afternoon","unknown","freezing","grocery",0,1,0,"midday"
23,234,91,143,"weekend","morning","travelling","freezing","grocery",1,1,0,"morning"
23,235,92,143,"weekday","beforelunch","travelling","freezing","grocery",0,1,0,"midday"
23,236,93,143,"weekday","afternoon","morningrituals","cold","grocery",0,1,0,"midday"
23,238,95,143,"weekend","lunch","working","freezing","restaurant",1,1,0,"midday"
23,240,97,143,"weekday","lunch","working","unknown","restaurant",0,1,0,"midday"
23,241,98,143,"weekend","lunch","morningrituals","cold","grocery",0,1,0,"midday"
23,242,99,143,"weekday","lunch","travelling","freezing","grocery",0,1,0,"midday"
23,245,102,143,"weekend","beforelunch","working","freezing","restaurant",0,1,0,"midday"
23,246,103,143,"weekday","lunch","leisure","freezing","grocery",1,1,0,"midday"
23,247,104,143,"weekend","afternoon","unknown","unknown","restaurant",1,1,0,"midday"
23,250,107,143,"weekday","breakfast","working","freezing","restaurant",1,1,0,"morning"
23,251,108,143,"weekend","breakfast","travelling","unknown","grocery",0,1,0,"morning"
23,252,109,143,"weekday","beforelunch","travelling","cold","restaurant",0,1,0,"midday"
23,253,110,143,"weekday","morning","travelling","cold","grocery",0,1,0,"morning"
23,254,111,143,"weekday","beforelunch","travelling","hot","restaurant",0,1,0,"midday"
23,255,112,143,"weekday","lunch","travelling","unknown","restaurant",0,1,0,"midday"
23,258,115,143,"weekday","lunch","travelling","hot","grocery",0,1,1,"midday"
23,259,116,143,"weekday","afternoon","unknown","cold","restaurant",0,1,1,"midday"
23,263,120,143,"weekday","afternoon","travelling","cold","grocery",1,1,1,"midday"
23,264,121,143,"weekend","beforelunch","travelling","unknown","grocery",0,1,1,"midday"
23,265,122,143,"weekday","beforelunch","travelling","unknown","grocery",0,1,1,"midday"
23,267,124,143,"weekday","breakfast","travelling","hot","grocery",0,1,1,"morning"
23,268,125,143,"weekday","afternoon","travelling","freezing","grocery",0,1,1,"midday"
23,269,126,143,"weekday","afternoon","workingout","warm","grocery",1,1,1,"midday"
23,270,127,143,"weekday","beforelunch","unknown","unknown","restaurant",0,1,1,"midday"
23,273,130,143,"weekday","breakfast","travelling","cold","grocery",0,1,1,"morning"
23,274,131,143,"weekday","dinner","leisure","hot","restaurant",0,1,1,"night"
23,275,132,143,"weekday","lunch","shopping","warm","restaurant",0,1,1,"midday"
23,276,133,143,"weekend","lunch","travelling","warm","restaurant",1,1,1,"midday"
23,277,134,143,"weekend","afternoon","travelling","unknown","grocery",0,1,1,"midday"
23,282,139,143,"weekday","afternoon","travelling","warm","grocery",1,1,1,"midday"
23,283,140,143,"weekday","dinner","unknown","unknown","restaurant",0,1,1,"night"
23,284,141,143,"weekend","lunch","travelling","cold","grocery",0,1,1,"midday"
23,288,145,143,"weekday","breakfast","travelling","hot","restaurant",1,1,1,"morning"
23,289,146,143,"weekday","afternoon","travelling","cold","restaurant",1,1,1,"midday"
23,292,149,143,"weekday","breakfast","shopping","unknown","restaurant",1,1,1,"morning"
23,294,151,143,"weekend","afternoon","travelling","freezing","grocery",0,1,1,"midday"
23,295,152,143,"weekday","morning","unknown","warm","grocery",1,1,1,"morning"
23,296,153,143,"weekday","afternoon","travelling","unknown","restaurant",1,1,1,"midday"
23,298,155,143,"weekday","lunch","working","warm","restaurant",0,1,1,"midday"
23,299,156,143,"weekday","lunch","leisure","freezing","grocery",0,1,1,"midday"
23,301,158,143,"weekday","night","travelling","cold","grocery",0,1,1,"night"
23,303,160,143,"weekday","breakfast","unknown","warm","grocery",1,1,1,"morning"
23,304,161,143,"weekday","breakfast","travelling","unknown","grocery",0,1,1,"morning"
23,306,163,143,"weekend","afternoon","unknown","freezing","grocery",0,1,1,"midday"
23,308,165,143,"weekday","night","morningrituals","unknown","restaurant",1,1,1,"night"
23,310,167,143,"weekday","afternoon","unknown","cold","grocery",1,1,1,"midday"
23,311,168,143,"weekday","breakfast","shopping","hot","grocery",0,1,1,"morning"
23,313,170,143,"unknown","night","unknown","unknown","grocery",0,1,1,"night"
23,314,171,143,"weekday","lunch","working","freezing","restaurant",0,1,1,"midday"
23,315,172,143,"weekday","afternoon","morningrituals","freezing","restaurant",0,1,1,"midday"
23,316,173,143,"weekday","lunch","travelling","cold","grocery",0,1,1,"midday"
23,318,175,143,"weekday","lunch","unknown","cold","restaurant",1,1,1,"midday"
23,319,176,143,"weekday","breakfast","travelling","cold","restaurant",0,1,1,"morning"
23,320,177,143,"weekday","beforelunch","working","unknown","restaurant",1,1,1,"midday"
23,321,178,143,"weekday","afternoon","travelling","freezing","grocery",1,1,1,"midday"
23,324,181,143,"weekday","lunch","shopping","warm","grocery",0,1,1,"midday"
23,325,182,143,"weekend","lunch","travelling","unknown","restaurant",1,1,1,"midday"
23,326,183,143,"weekday","afternoon","working","freezing","restaurant",0,1,1,"midday"
24,157,1,156,"weekday","earlymorning","leisure","unknown","grocery",0,0,0,"morning"
24,158,2,156,"weekday","breakfast","shopping","freezing","grocery",0,0,0,"morning"
24,162,6,156,"weekday","beforelunch","travelling","cold","grocery",0,0,0,"midday"
24,167,11,156,"weekday","dinner","travelling","freezing","restaurant",0,0,0,"night"
24,170,14,156,"weekday","lunch","working","unknown","grocery",1,0,0,"midday"
24,171,15,156,"weekday","lunch","working","warm","restaurant",1,0,0,"midday"
24,172,16,156,"weekday","beforelunch","travelling","freezing","restaurant",0,0,0,"midday"
24,174,18,156,"weekend","lunch","unknown","warm","restaurant",0,0,0,"midday"
24,175,19,156,"weekend","afternoon","travelling","cold","restaurant",0,0,0,"midday"
24,177,21,156,"weekend","afternoon","travelling","freezing","grocery",0,0,0,"midday"
24,178,22,156,"weekday","lunch","unknown","unknown","restaurant",0,0,0,"midday"
24,179,23,156,"weekday","morning","travelling","freezing","grocery",0,0,0,"morning"
24,180,24,156,"weekday","beforelunch","travelling","freezing","grocery",0,0,0,"midday"
24,182,26,156,"weekday","lunch","travelling","cold","restaurant",0,0,0,"midday"
24,184,28,156,"weekday","evening","travelling","cold","grocery",0,0,0,"night"
24,187,31,156,"weekend","morning","travelling","freezing","grocery",0,0,0,"morning"
24,190,34,156,"weekend","afternoon","travelling","freezing","grocery",0,0,0,"midday"
24,192,36,156,"weekend","afternoon","morningrituals","unknown","grocery",0,0,0,"midday"
24,194,38,156,"weekday","lunch","travelling","freezing","grocery",0,0,0,"midday"
24,195,39,156,"weekday","lunch","travelling","cold","restaurant",0,0,0,"midday"
24,197,41,156,"weekend","beforelunch","travelling","hot","restaurant",0,0,0,"midday"
24,199,43,156,"weekday","lunch","leisure","cold","restaurant",0,0,0,"midday"
24,200,44,156,"weekday","lunch","shopping","unknown","restaurant",1,0,0,"midday"
24,201,45,156,"weekday","dinner","shopping","hot","grocery",0,0,0,"night"
24,203,47,156,"weekend","morning","morningrituals","hot","grocery",0,0,0,"morning"
24,204,48,156,"weekday","lunch","shopping","cold","restaurant",0,0,0,"midday"
24,205,49,156,"weekday","afternoon","travelling","unknown","restaurant",0,0,0,"midday"
24,206,50,156,"weekend","afternoon","shopping","hot","restaurant",1,0,0,"midday"
24,210,54,156,"weekday","afternoon","leisure","cold","restaurant",0,0,0,"midday"
24,214,58,156,"weekday","lunch","travelling","freezing","restaurant",0,1,0,"midday"
24,219,63,156,"weekday","breakfast","shopping","unknown","restaurant",0,1,0,"morning"
24,220,64,156,"weekend","earlymorning","shopping","cold","restaurant",1,1,0,"morning"
24,222,66,156,"weekday","afternoon","travelling","cold","grocery",0,1,0,"midday"
24,223,67,156,"weekday","lunch","travelling","warm","restaurant",1,1,0,"midday"
24,226,70,156,"unknown","lunch","travelling","warm","grocery",0,1,0,"midday"
24,227,71,156,"weekend","morning","travelling","unknown","restaurant",0,1,0,"morning"
24,228,72,156,"weekday","lunch","unknown","unknown","grocery",0,1,0,"midday"
24,230,74,156,"weekend","beforelunch","leisure","warm","restaurant",0,1,0,"midday"
24,232,76,156,"weekday","afternoon","travelling","freezing","grocery",0,1,0,"midday"
24,233,77,156,"weekday","night","leisure","freezing","restaurant",0,1,0,"night"
24,236,80,156,"weekend","lunch","unknown","freezing","restaurant",0,1,0,"midday"
24,239,83,156,"weekday","lunch","travelling","hot","restaurant",1,1,0,"midday"
24,241,85,156,"weekday","afternoon","working","freezing","restaurant",0,1,0,"midday"
24,242,86,156,"weekday","afternoon","travelling","cold","restaurant",0,1,0,"midday"
24,246,90,156,"weekday","afternoon","travelling","cold","grocery",0,1,0,"midday"
24,249,93,156,"weekday","afternoon","travelling","unknown","grocery",1,1,0,"midday"
24,252,96,156,"weekday","lunch","travelling","warm","grocery",1,1,0,"midday"
24,255,99,156,"weekday","afternoon","shopping","cold","grocery",0,1,0,"midday"
24,258,102,156,"weekday","morning","unknown","cold","restaurant",0,1,0,"morning"
24,259,103,156,"weekend","morning","unknown","unknown","restaurant",0,1,0,"morning"
24,260,104,156,"weekday","afternoon","travelling","freezing","restaurant",0,1,0,"midday"
24,261,105,156,"weekday","beforelunch","travelling","cold","restaurant",0,1,0,"midday"
24,262,106,156,"weekend","latenight","travelling","warm","restaurant",0,1,0,"night"
24,264,108,156,"weekday","lunch","travelling","warm","grocery",0,1,0,"midday"
24,266,110,156,"weekday","morning","unknown","unknown","restaurant",1,1,0,"morning"
24,269,113,156,"weekday","dinner","leisure","freezing","restaurant",0,1,1,"night"
24,270,114,156,"weekday","afternoon","travelling","unknown","restaurant",1,1,1,"midday"
24,271,115,156,"weekday","afternoon","working","unknown","restaurant",0,1,1,"midday"
24,273,117,156,"weekday","breakfast","travelling","unknown","grocery",0,1,1,"morning"
24,274,118,156,"weekday","morning","travelling","unknown","restaurant",0,1,1,"morning"
24,277,121,156,"weekday","afternoon","working","warm","grocery",1,1,1,"midday"
24,279,123,156,"weekday","morning","shopping","cold","restaurant",1,1,1,"morning"
24,281,125,156,"weekday","afternoon","shopping","freezing","restaurant",1,1,1,"midday"
24,282,126,156,"weekday","morning","travelling","freezing","grocery",0,1,1,"morning"
24,283,127,156,"weekday","breakfast","travelling","freezing","grocery",0,1,1,"morning"
24,285,129,156,"weekday","lunch","morningrituals","cold","restaurant",0,1,1,"midday"
24,286,130,156,"weekend","afternoon","leisure","cold","restaurant",0,1,1,"midday"
24,287,131,156,"weekend","afternoon","unknown","hot","restaurant",0,1,1,"midday"
24,288,132,156,"weekday","afternoon","shopping","cold","restaurant",0,1,1,"midday"
24,290,134,156,"weekday","unknown","leisure","unknown","grocery",1,1,1,"unknown"
24,291,135,156,"weekday","beforelunch","travelling","freezing","grocery",0,1,1,"midday"
24,293,137,156,"weekday","lunch","travelling","warm","restaurant",0,1,1,"midday"
24,294,138,156,"weekend","afternoon","unknown","cold","grocery",0,1,1,"midday"
24,295,139,156,"weekday","breakfast","unknown","hot","restaurant",0,1,1,"morning"
24,297,141,156,"weekend","unknown","travelling","cold","grocery",0,1,1,"unknown"
24,298,142,156,"weekday","unknown","travelling","hot","grocery",0,1,1,"unknown"
24,300,144,156,"weekday","morning","travelling","freezing","restaurant",0,1,1,"morning"
24,301,145,156,"weekday","afternoon","travelling","unknown","restaurant",0,1,1,"midday"
24,302,146,156,"weekend","dinner","travelling","cold","restaurant",1,1,1,"night"
24,306,150,156,"weekday","beforelunch","travelling","cold","grocery",0,1,1,"midday"
24,308,152,156,"weekday","afternoon","shopping","cold","grocery",0,1,1,"midday"
24,310,154,156,"weekday","afternoon","travelling","freezing","grocery",0,1,1,"midday"
24,312,156,156,"weekend","dinner","shopping","unknown","restaurant",0,1,1,"night"
24,313,157,156,"weekday","afternoon","shopping","unknown","restaurant",0,1,1,"midday"
24,314,158,156,"weekend","lunch","travelling","freezing","grocery",1,1,1,"midday"
24,315,159,156,"weekend","beforelunch","unknown","warm","restaurant",1,1,1,"midday"
24,317,161,156,"weekday","beforelunch","travelling","freezing","grocery",0,1,1,"midday"
24,321,165,156,"weekday","lunch","leisure","warm","restaurant",0,1,1,"midday"
24,323,167,156,"weekday","lunch","travelling","freezing","restaurant",1,1,1,"midday"
24,324,168,156,"weekday","afternoon","travelling","cold","restaurant",1,1,1,"midday"
24,328,172,156,"weekend","dinner","travelling","unknown","grocery",1,1,1,"night"
24,330,174,156,"weekday","lunch","travelling","freezing","restaurant",0,1,1,"midday"
24,331,175,156,"weekday","lunch","unknown","cold","restaurant",0,1,1,"midday"
24,333,177,156,"weekday","lunch","morningrituals","freezing","restaurant",0,1,1,"midday"
24,337,181,156,"weekday","lunch","unknown","warm","grocery",1,1,1,"midday"
24,339,183,156,"weekday","beforelunch","shopping","cold","grocery",1,1,1,"midday"
25,162,0,162,"weekday","afternoon","unknown","hot","grocery",0,0,0,"midday"
25,166,4,162,"weekday","breakfast","travelling","warm","grocery",0,0,0,"morning"
25,169,7,162,"weekend","lunch","travelling","freezing","restaurant",0,0,0,"midday"
25,171,9,162,"weekend","afternoon","travelling","hot","grocery",0,0,0,"midday"
25,172,10,162,"weekend","morning","travelling","warm","restaurant",1,0,0,"morning"
25,173,11,162,"weekday","afternoon","working","warm","restaurant",1,0,0,"midday"
25,176,14,162,"weekday","beforelunch","working","warm","grocery",0,0,0,"midday"
25,179,17,162,"weekend","lunch","housework","warm","grocery",1,0,0,"midday"
25,181,19,162,"weekend","afternoon","unknown","unknown","restaurant",1,0,0,"midday"
25,184,22,162,"weekday","afternoon","travelling","freezing","grocery",0,0,0,"midday"
25,185,23,162,"weekday","night","travelling","unknown","restaurant",0,0,0,"night"
25,192,30,162,"weekend","morning","travelling","warm","grocery",0,0,0,"morning"
25,193,31,162,"weekend","earlymorning","leisure","unknown","grocery",0,0,0,"morning"
25,195,33,162,"weekend","afternoon","unknown","cold","restaurant",0,0,0,"midday"
25,196,34,162,"weekday","beforelunch","travelling","unknown","grocery",0,0,0,"midday"
25,199,37,162,"weekday","afternoon","shopping","hot","restaurant",1,0,0,"midday"
25,208,46,162,"weekend","afternoon","travelling","warm","grocery",1,0,0,"midday"
25,213,51,162,"weekday","beforelunch","leisure","freezing","grocery",0,0,0,"midday"
25,214,52,162,"weekday","beforelunch","travelling","cold","restaurant",1,0,0,"midday"
25,217,55,162,"weekend","beforelunch","working","freezing","grocery",1,0,0,"midday"
25,220,58,162,"weekday","earlymorning","travelling","cold","grocery",1,1,0,"morning"
25,224,62,162,"weekday","beforelunch","working","freezing","restaurant",1,1,0,"midday"
25,234,72,162,"weekday","lunch","unknown","warm","grocery",0,1,0,"midday"
25,235,73,162,"weekend","afternoon","shopping","freezing","restaurant",1,1,0,"midday"
25,237,75,162,"weekend","beforelunch","travelling","freezing","restaurant",0,1,0,"midday"
25,241,79,162,"weekday","beforelunch","leisure","cold","grocery",0,1,0,"midday"
25,244,82,162,"weekday","lunch","unknown","cold","grocery",0,1,0,"midday"
25,245,83,162,"weekend","lunch","leisure","freezing","grocery",0,1,0,"midday"
25,248,86,162,"weekday","evening","travelling","unknown","restaurant",0,1,0,"night"
25,251,89,162,"weekend","morning","unknown","cold","grocery",0,1,0,"morning"
25,254,92,162,"weekday","night","travelling","freezing","grocery",1,1,0,"night"
25,255,93,162,"weekend","earlymorning","travelling","cold","grocery",0,1,0,"morning"
25,257,95,162,"weekday","morning","travelling","unknown","grocery",1,1,0,"morning"
25,260,98,162,"weekday","lunch","working","freezing","grocery",0,1,0,"midday"
25,266,104,162,"weekend","breakfast","travelling","hot","restaurant",0,1,0,"morning"
25,268,106,162,"weekday","beforelunch","shopping","freezing","grocery",0,1,0,"midday"
25,269,107,162,"weekend","lunch","unknown","unknown","restaurant",1,1,0,"midday"
25,273,111,162,"weekday","afternoon","travelling","warm","grocery",0,1,0,"midday"
25,277,115,162,"weekday","beforelunch","leisure","unknown","restaurant",0,1,1,"midday"
25,278,116,162,"weekday","morning","unknown","hot","restaurant",0,1,1,"morning"
25,291,129,162,"weekday","beforelunch","travelling","cold","grocery",1,1,1,"midday"
25,296,134,162,"weekday","afternoon","travelling","freezing","grocery",0,1,1,"midday"
25,297,135,162,"weekday","afternoon","travelling","cold","restaurant",0,1,1,"midday"
25,298,136,162,"weekend","beforelunch","travelling","cold","restaurant",0,1,1,"midday"
25,299,137,162,"weekday","morning","working","freezing","restaurant",1,1,1,"morning"
25,300,138,162,"weekday","afternoon","travelling","freezing","grocery",0,1,1,"midday"
25,301,139,162,"unknown","beforelunch","shopping","warm","restaurant",1,1,1,"midday"
25,302,140,162,"weekday","afternoon","shopping","warm","restaurant",0,1,1,"midday"
25,309,147,162,"weekday","afternoon","travelling","freezing","grocery",0,1,1,"midday"
25,311,149,162,"weekday","breakfast","working","unknown","restaurant",1,1,1,"morning"
25,312,150,162,"weekday","dinner","working","cold","grocery",1,1,1,"night"
25,314,152,162,"weekend","afternoon","unknown","unknown","restaurant",0,1,1,"midday"
25,317,155,162,"weekday","evening","shopping","warm","grocery",0,1,1,"night"
25,318,156,162,"weekday","beforelunch","travelling","unknown","restaurant",0,1,1,"midday"
25,321,159,162,"unknown","dinner","unknown","freezing","grocery",0,1,1,"night"
25,323,161,162,"weekday","beforelunch","travelling","cold","restaurant",0,1,1,"midday"
25,328,166,162,"weekend","afternoon","leisure","unknown","grocery",0,1,1,"midday"
25,329,167,162,"weekday","morning","travelling","unknown","grocery",1,1,1,"morning"
25,330,168,162,"weekday","afternoon","travelling","cold","grocery",0,1,1,"midday"
25,333,171,162,"weekday","beforelunch","working","cold","restaurant",0,1,1,"midday"
25,334,172,162,"weekday","afternoon","travelling","cold","restaurant",0,1,1,"midday"
25,335,173,162,"weekend","afternoon","working","hot","restaurant",1,1,1,"midday"
25,338,176,162,"weekday","afternoon","unknown","cold","grocery",0,1,1,"midday"
26,173,0,173,"weekday","afternoon","unknown","unknown","grocery",1,0,0,"midday"
26,178,5,173,"weekday","lunch","travelling","cold","grocery",0,0,0,"midday"
26,185,12,173,"weekend","beforelunch","unknown","cold","restaurant",0,0,0,"midday"
26,188,15,173,"weekday","morning","unknown","unknown","restaurant",1,0,0,"morning"
26,190,17,173,"weekday","beforelunch","working","freezing","grocery",0,0,0,"midday"
26,200,27,173,"weekend","morning","working","warm","grocery",0,0,0,"morning"
26,202,29,173,"weekend","afternoon","unknown","cold","restaurant",0,0,0,"midday"
26,206,33,173,"weekday","beforelunch","morningrituals","cold","restaurant",0,0,0,"midday"
26,208,35,173,"weekday","night","unknown","hot","grocery",0,0,0,"night"
26,212,39,173,"weekday","afternoon","travelling","freezing","grocery",0,0,0,"midday"
26,215,42,173,"weekday","afternoon","shopping","freezing","restaurant",0,0,0,"midday"
26,217,44,173,"weekday","afternoon","travelling","freezing","grocery",0,0,0,"midday"
26,218,45,173,"weekday","beforelunch","working","unknown","restaurant",0,0,0,"midday"
26,222,49,173,"weekday","afternoon","leisure","warm","grocery",0,0,0,"midday"
26,225,52,173,"weekend","afternoon","unknown","cold","restaurant",0,0,0,"midday"
26,230,57,173,"weekend","breakfast","shopping","freezing","grocery",0,1,0,"morning"
26,241,68,173,"weekday","beforelunch","travelling","unknown","grocery",0,1,0,"midday"
26,245,72,173,"weekend","lunch","working","hot","grocery",0,1,0,"midday"
26,246,73,173,"weekday","lunch","leisure","warm","grocery",0,1,0,"midday"
26,251,78,173,"weekday","afternoon","unknown","unknown","restaurant",1,1,0,"midday"
26,252,79,173,"weekday","afternoon","travelling","freezing","grocery",0,1,0,"midday"
26,253,80,173,"weekend","lunch","unknown","hot","grocery",0,1,0,"midday"
26,256,83,173,"weekday","lunch","shopping","warm","restaurant",0,1,0,"midday"
26,257,84,173,"weekday","breakfast","unknown","warm","grocery",0,1,0,"morning"
26,259,86,173,"weekend","lunch","unknown","unknown","restaurant",1,1,0,"midday"
26,260,87,173,"weekend","beforelunch","travelling","cold","grocery",0,1,0,"midday"
26,263,90,173,"weekday","lunch","travelling","hot","grocery",1,1,0,"midday"
26,264,91,173,"weekday","beforelunch","working","warm","restaurant",0,1,0,"midday"
26,268,95,173,"weekend","breakfast","travelling","hot","grocery",0,1,0,"morning"
26,269,96,173,"weekday","lunch","unknown","cold","restaurant",0,1,0,"midday"
26,271,98,173,"weekday","breakfast","working","unknown","grocery",0,1,0,"morning"
26,272,99,173,"weekday","evening","morningrituals","unknown","restaurant",0,1,0,"night"
26,273,100,173,"weekday","lunch","travelling","cold","grocery",0,1,0,"midday"
26,276,103,173,"weekend","afternoon","working","warm","grocery",0,1,0,"midday"
26,277,104,173,"weekday","beforelunch","travelling","cold","restaurant",1,1,0,"midday"
26,281,108,173,"weekday","dinner","travelling","freezing","restaurant",0,1,0,"night"
26,282,109,173,"weekend","afternoon","travelling","unknown","grocery",1,1,0,"midday"
26,288,115,173,"weekday","afternoon","travelling","unknown","restaurant",0,1,1,"midday"
26,290,117,173,"weekday","breakfast","travelling","unknown","grocery",1,1,1,"morning"
26,292,119,173,"weekday","lunch","travelling","cold","restaurant",0,1,1,"midday"
26,293,120,173,"weekday","unknown","working","freezing","grocery",0,1,1,"unknown"
26,297,124,173,"weekday","breakfast","leisure","unknown","grocery",1,1,1,"morning"
26,303,130,173,"weekend","lunch","working","cold","grocery",1,1,1,"midday"
26,305,132,173,"weekend","afternoon","travelling","freezing","grocery",0,1,1,"midday"
26,307,134,173,"weekday","afternoon","travelling","hot","restaurant",0,1,1,"midday"
26,308,135,173,"weekday","lunch","leisure","freezing","grocery",0,1,1,"midday"
26,311,138,173,"weekday","afternoon","unknown","unknown","restaurant",1,1,1,"midday"
26,312,139,173,"weekday","afternoon","travelling","warm","restaurant",0,1,1,"midday"
26,315,142,173,"weekday","afternoon","travelling","cold","grocery",0,1,1,"midday"
26,316,143,173,"weekday","beforelunch","working","freezing","grocery",0,1,1,"midday"
26,319,146,173,"weekday","lunch","leisure","freezing","grocery",1,1,1,"midday"
26,320,147,173,"weekday","breakfast","shopping","warm","restaurant",0,1,1,"morning"
26,324,151,173,"weekday","afternoon","working","hot","grocery",1,1,1,"midday"
26,329,156,173,"weekday","breakfast","travelling","cold","grocery",1,1,1,"morning"
26,330,157,173,"weekday","beforelunch","travelling","cold","grocery",0,1,1,"midday"
26,334,161,173,"weekday","dinner","travelling","warm","restaurant",1,1,1,"night"
26,338,165,173,"weekend","afternoon","leisure","freezing","grocery",0,1,1,"midday"
26,339,166,173,"weekday","afternoon","travelling","cold","grocery",0,1,1,"midday"
26,343,170,173,"weekday","afternoon","travelling","cold","grocery",1,1,1,"midday"
26,345,172,173,"weekend","evening","travelling","freezing","grocery",0,1,1,"night"
27,178,4,174,"weekday","breakfast","leisure","hot","grocery",0,0,0,"morning"
27,180,6,174,"weekday","afternoon","unknown","freezing","grocery",1,0,0,"midday"
27,184,10,174,"weekday","night","shopping","freezing","restaurant",0,0,0,"night"
27,185,11,174,"weekend","breakfast","leisure","hot","restaurant",0,0,0,"morning"
27,187,13,174,"weekday","lunch","travelling","warm","grocery",0,0,0,"midday"
27,190,16,174,"weekend","dinner","travelling","cold","restaurant",0,0,0,"night"
27,194,20,174,"weekend","afternoon","leisure","cold","grocery",0,0,0,"midday"
27,212,38,174,"weekday","lunch","working","cold","grocery",0,0,0,"midday"
27,214,40,174,"weekend","lunch","travelling","unknown","grocery",1,0,0,"midday"
27,215,41,174,"weekend","lunch","travelling","hot","restaurant",1,0,0,"midday"
27,223,49,174,"weekday","afternoon","unknown","freezing","grocery",0,0,0,"midday"
27,225,51,174,"weekday","dinner","travelling","unknown","grocery",1,0,0,"night"
27,238,64,174,"weekday","afternoon","unknown","freezing","grocery",0,1,0,"midday"
27,241,67,174,"weekend","afternoon","travelling","warm","restaurant",1,1,0,"midday"
27,254,80,174,"weekday","beforelunch","travelling","cold","grocery",0,1,0,"midday"
27,275,101,174,"weekday","afternoon","morningrituals","cold","grocery",1,1,0,"midday"
27,280,106,174,"weekday","afternoon","travelling","unknown","grocery",1,1,0,"midday"
27,281,107,174,"weekday","lunch","working","cold","grocery",1,1,0,"midday"
27,282,108,174,"weekday","lunch","leisure","cold","restaurant",1,1,0,"midday"
27,295,121,174,"weekday","dinner","travelling","cold","grocery",0,1,1,"night"
27,298,124,174,"weekend","lunch","unknown","hot","restaurant",1,1,1,"midday"
27,300,126,174,"weekday","morning","unknown","unknown","restaurant",0,1,1,"morning"
27,303,129,174,"weekday","morning","unknown","warm","grocery",1,1,1,"morning"
27,305,131,174,"weekend","beforelunch","travelling","unknown","grocery",0,1,1,"midday"
27,309,135,174,"weekday","lunch","working","cold","restaurant",1,1,1,"midday"
27,314,140,174,"weekday","night","travelling","cold","grocery",1,1,1,"night"
27,321,147,174,"weekday","afternoon","unknown","freezing","grocery",0,1,1,"midday"
27,323,149,174,"weekend","afternoon","shopping","cold","restaurant",0,1,1,"midday"
27,327,153,174,"weekday","lunch","travelling","hot","restaurant",1,1,1,"midday"
27,330,156,174,"weekday","afternoon","travelling","unknown","restaurant",1,1,1,"midday"
27,335,161,174,"weekend","afternoon","travelling","unknown","restaurant",1,1,1,"midday"
27,338,164,174,"weekday","beforelunch","unknown","cold","restaurant",0,1,1,"midday"
27,341,167,174,"weekday","morning","travelling","cold","restaurant",0,1,1,"morning"
27,353,179,174,"weekend","afternoon","working","hot","grocery",1,1,1,"midday"
27,355,181,174,"weekend","breakfast","travelling","warm","restaurant",0,1,1,"morning"
27,356,182,174,"weekday","afternoon","travelling","freezing","restaurant",0,1,1,"midday"
28,187,2,185,"weekday","afternoon","travelling","cold","grocery",0,0,0,"midday"
28,205,20,185,"weekday","beforelunch","travelling","warm","restaurant",0,0,0,"midday"
28,237,52,185,"weekday","breakfast","travelling","warm","grocery",0,0,0,"morning"
28,255,70,185,"weekday","beforelunch","travelling","unknown","restaurant",1,1,0,"midday"
28,273,88,185,"weekday","morning","travelling","cold","grocery",0,1,0,"morning"
28,291,106,185,"weekday","morning","travelling","unknown","grocery",0,1,0,"morning"
28,305,120,185,"weekday","unknown","working","hot","grocery",0,1,1,"unknown"
28,350,165,185,"weekday","afternoon","travelling","freezing","grocery",1,1,1,"midday"
28,355,170,185,"weekday","unknown","travelling","cold","grocery",1,1,1,"unknown"
28,356,171,185,"weekend","lunch","travelling","freezing","restaurant",0,1,1,"midday"
29,207,13,194,"weekday","lunch","travelling","freezing","restaurant",0,0,0,"midday"
29,208,14,194,"weekday","beforelunch","unknown","cold","restaurant",0,0,0,"midday"
29,238,44,194,"weekend","afternoon","travelling","warm","grocery",0,0,0,"midday"
29,252,58,194,"weekday","breakfast","leisure","cold","grocery",0,1,0,"morning"
29,271,77,194,"weekday","beforelunch","unknown","cold","restaurant",1,1,0,"midday"
29,277,83,194,"weekday","unknown","shopping","unknown","restaurant",1,1,0,"unknown"
29,324,130,194,"weekend","lunch","shopping","unknown","grocery",0,1,1,"midday"
29,325,131,194,"weekend","beforelunch","travelling","unknown","grocery",1,1,1,"midday"
29,351,157,194,"weekend","lunch","unknown","cold","grocery",0,1,1,"midday"
29,352,158,194,"weekday","earlymorning","travelling","freezing","grocery",1,1,1,"morning"
30,201,0,201,"weekend","beforelunch","housework","freezing","restaurant",1,0,0,"midday"
30,202,1,201,"weekend","dinner","travelling","cold","restaurant",1,0,0,"night"
30,204,3,201,"weekday","morning","unknown","cold","grocery",0,0,0,"morning"
30,206,5,201,"weekend","beforelunch","leisure","unknown","grocery",1,0,0,"midday"
30,208,7,201,"weekend","dinner","travelling","freezing","grocery",1,0,0,"night"
30,212,11,201,"weekday","morning","leisure","unknown","restaurant",0,0,0,"morning"
30,217,16,201,"weekday","lunch","leisure","cold","restaurant",0,0,0,"midday"
30,220,19,201,"weekday","beforelunch","travelling","freezing","grocery",0,0,0,"midday"
30,221,20,201,"weekday","lunch","travelling","cold","restaurant",0,0,0,"midday"
30,222,21,201,"weekday","afternoon","travelling","freezing","restaurant",1,0,0,"midday"
30,223,22,201,"weekend","breakfast","unknown","warm","grocery",0,0,0,"morning"
30,224,23,201,"weekday","afternoon","unknown","cold","restaurant",0,0,0,"midday"
30,228,27,201,"weekday","afternoon","travelling","freezing","grocery",0,0,0,"midday"
30,230,29,201,"weekend","morning","morningrituals","cold","restaurant",0,0,0,"morning"
30,232,31,201,"weekday","afternoon","unknown","cold","grocery",0,0,0,"midday"
30,236,35,201,"weekday","breakfast","travelling","unknown","grocery",1,0,0,"morning"
30,238,37,201,"weekday","breakfast","unknown","warm","grocery",1,0,0,"morning"
30,241,40,201,"weekday","afternoon","working","cold","grocery",0,0,0,"midday"
30,247,46,201,"weekend","morning","travelling","warm","restaurant",0,0,0,"morning"
30,248,47,201,"weekend","afternoon","unknown","unknown","grocery",1,0,0,"midday"
30,249,48,201,"weekday","beforelunch","unknown","cold","restaurant",0,0,0,"midday"
30,250,49,201,"weekend","lunch","travelling","hot","grocery",0,0,0,"midday"
30,251,50,201,"weekday","afternoon","travelling","freezing","restaurant",1,0,0,"midday"
30,252,51,201,"weekend","afternoon","travelling","cold","grocery",0,0,0,"midday"
30,254,53,201,"weekend","afternoon","travelling","cold","grocery",0,0,0,"midday"
30,255,54,201,"weekday","lunch","unknown","cold","restaurant",0,0,0,"midday"
30,256,55,201,"weekday","beforelunch","travelling","freezing","restaurant",0,0,0,"midday"
30,257,56,201,"weekday","afternoon","morningrituals","warm","restaurant",0,0,0,"midday"
30,260,59,201,"weekday","unknown","travelling","cold","grocery",0,1,0,"unknown"
30,261,60,201,"weekday","afternoon","travelling","warm","grocery",1,1,0,"midday"
30,265,64,201,"weekday","lunch","travelling","freezing","grocery",0,1,0,"midday"
30,266,65,201,"weekday","morning","travelling","cold","grocery",1,1,0,"morning"
30,268,67,201,"weekday","afternoon","unknown","unknown","grocery",0,1,0,"midday"
30,272,71,201,"weekday","beforelunch","travelling","warm","restaurant",1,1,0,"midday"
30,274,73,201,"weekday","afternoon","travelling","unknown","grocery",1,1,0,"midday"
30,275,74,201,"weekday","lunch","travelling","cold","restaurant",1,1,0,"midday"
30,276,75,201,"weekday","afternoon","unknown","cold","grocery",0,1,0,"midday"
30,279,78,201,"weekday","morning","morningrituals","warm","grocery",0,1,0,"morning"
30,280,79,201,"weekday","dinner","travelling","cold","grocery",1,1,0,"night"
30,281,80,201,"weekend","afternoon","travelling","freezing","restaurant",0,1,0,"midday"
30,282,81,201,"weekend","beforelunch","travelling","unknown","grocery",0,1,0,"midday"
30,286,85,201,"weekday","breakfast","unknown","freezing","grocery",0,1,0,"morning"
30,287,86,201,"weekday","morning","leisure","unknown","grocery",0,1,0,"morning"
30,289,88,201,"weekday","morning","leisure","unknown","restaurant",0,1,0,"morning"
30,291,90,201,"weekend","beforelunch","unknown","cold","grocery",1,1,0,"midday"
30,292,91,201,"weekday","afternoon","leisure","warm","restaurant",0,1,0,"midday"
30,296,95,201,"unknown","afternoon","leisure","unknown","restaurant",0,1,0,"midday"
30,297,96,201,"weekday","morning","shopping","warm","grocery",0,1,0,"morning"
30,299,98,201,"weekday","lunch","unknown","freezing","restaurant",0,1,0,"midday"
30,300,99,201,"weekend","lunch","travelling","freezing","restaurant",0,1,0,"midday"
30,302,101,201,"weekday","breakfast","travelling","hot","restaurant",0,1,0,"morning"
30,304,103,201,"weekday","afternoon","travelling","cold","grocery",1,1,0,"midday"
30,305,104,201,"weekday","lunch","unknown","unknown","restaurant",0,1,0,"midday"
30,307,106,201,"weekday","afternoon","travelling","warm","grocery",0,1,0,"midday"
30,310,109,201,"weekday","lunch","leisure","freezing","grocery",0,1,0,"midday"
30,311,110,201,"weekend","lunch","travelling","cold","grocery",0,1,0,"midday"
30,316,115,201,"weekend","lunch","unknown","hot","grocery",0,1,1,"midday"
30,323,122,201,"weekday","morning","unknown","cold","grocery",0,1,1,"morning"
30,326,125,201,"weekday","latenight","shopping","freezing","restaurant",0,1,1,"night"
30,329,128,201,"weekend","lunch","travelling","freezing","restaurant",0,1,1,"midday"
30,330,129,201,"weekday","beforelunch","unknown","freezing","grocery",1,1,1,"midday"
30,331,130,201,"weekday","breakfast","travelling","cold","grocery",1,1,1,"morning"
30,336,135,201,"weekend","afternoon","travelling","freezing","restaurant",0,1,1,"midday"
30,345,144,201,"unknown","earlymorning","travelling","unknown","grocery",0,1,1,"morning"
30,346,145,201,"weekday","lunch","travelling","freezing","grocery",0,1,1,"midday"
30,347,146,201,"weekend","lunch","travelling","unknown","restaurant",0,1,1,"midday"
30,348,147,201,"weekday","afternoon","unknown","cold","restaurant",1,1,1,"midday"
30,350,149,201,"weekend","morning","travelling","unknown","grocery",0,1,1,"morning"
30,352,151,201,"weekend","breakfast","travelling","freezing","grocery",0,1,1,"morning"
30,354,153,201,"weekday","latenight","leisure","cold","restaurant",1,1,1,"night"
30,356,155,201,"weekday","afternoon","travelling","cold","grocery",0,1,1,"midday"
30,357,156,201,"weekday","beforelunch","travelling","cold","grocery",0,1,1,"midday"
30,361,160,201,"weekend","dinner","unknown","warm","restaurant",0,1,1,"night"
30,362,161,201,"weekday","afternoon","travelling","hot","restaurant",1,1,1,"midday"
30,363,162,201,"weekday","afternoon","working","freezing","grocery",1,1,1,"midday"
30,364,163,201,"weekday","beforelunch","travelling","warm","restaurant",0,1,1,"midday"
30,365,164,201,"weekend","lunch","travelling","cold","restaurant",0,1,1,"midday"
30,367,166,201,"weekday","afternoon","travelling","unknown","grocery",0,1,1,"midday"
30,372,171,201,"weekday","beforelunch","unknown","unknown","restaurant",1,1,1,"midday"
30,373,172,201,"weekday","lunch","travelling","cold","restaurant",0,1,1,"midday"
30,375,174,201,"weekday","afternoon","shopping","cold","restaurant",0,1,1,"midday"
30,376,175,201,"weekday","lunch","travelling","unknown","grocery",0,1,1,"midday"
30,378,177,201,"weekday","beforelunch","unknown","cold","restaurant",0,1,1,"midday"
31,208,1,207,"weekday","afternoon","travelling","cold","grocery",1,0,0,"midday"
31,216,9,207,"weekday","afternoon","morningrituals","unknown","restaurant",0,0,0,"midday"
31,218,11,207,"weekday","afternoon","unknown","warm","grocery",0,0,0,"midday"
31,222,15,207,"weekday","beforelunch","unknown","cold","grocery",0,0,0,"midday"
31,225,18,207,"weekday","afternoon","travelling","unknown","grocery",0,0,0,"midday"
31,228,21,207,"unknown","afternoon","travelling","freezing","grocery",0,0,0,"midday"
31,233,26,207,"weekday","lunch","travelling","warm","grocery",0,0,0,"midday"
31,238,31,207,"weekday","breakfast","travelling","cold","grocery",1,0,0,"morning"
31,242,35,207,"weekday","breakfast","working","cold","restaurant",0,0,0,"morning"
31,247,40,207,"weekday","breakfast","shopping","freezing","grocery",0,0,0,"morning"
31,249,42,207,"unknown","beforelunch","travelling","hot","grocery",0,0,0,"midday"
31,253,46,207,"weekend","afternoon","travelling","unknown","restaurant",1,0,0,"midday"
31,258,51,207,"weekday","beforelunch","unknown","cold","grocery",0,0,0,"midday"
31,264,57,207,"weekday","lunch","travelling","unknown","restaurant",1,1,0,"midday"
31,266,59,207,"weekday","lunch","shopping","cold","restaurant",0,1,0,"midday"
31,273,66,207,"weekday","afternoon","unknown","hot","grocery",0,1,0,"midday"
31,275,68,207,"weekday","lunch","travelling","cold","restaurant",0,1,0,"midday"
31,288,81,207,"weekday","lunch","travelling","cold","restaurant",0,1,0,"midday"
31,292,85,207,"weekday","afternoon","working","hot","grocery",1,1,0,"midday"
31,293,86,207,"weekday","lunch","travelling","unknown","restaurant",0,1,0,"midday"
31,298,91,207,"weekday","lunch","travelling","cold","grocery",1,1,0,"midday"
31,303,96,207,"unknown","breakfast","leisure","cold","restaurant",0,1,0,"morning"
31,304,97,207,"weekday","afternoon","travelling","unknown","restaurant",0,1,0,"midday"
31,307,100,207,"unknown","afternoon","leisure","unknown","restaurant",1,1,0,"midday"
31,309,102,207,"weekend","afternoon","travelling","freezing","grocery",1,1,0,"midday"
31,311,104,207,"weekend","afternoon","unknown","cold","grocery",1,1,0,"midday"
31,317,110,207,"weekday","beforelunch","travelling","hot","restaurant",0,1,0,"midday"
31,318,111,207,"weekday","breakfast","shopping","freezing","grocery",0,1,0,"morning"
31,331,124,207,"weekday","afternoon","unknown","cold","restaurant",1,1,1,"midday"
31,333,126,207,"weekday","lunch","unknown","cold","restaurant",0,1,1,"midday"
31,335,128,207,"weekday","unknown","unknown","unknown","restaurant",1,1,1,"unknown"
31,337,130,207,"weekday","afternoon","morningrituals","warm","restaurant",0,1,1,"midday"
31,339,132,207,"weekend","lunch","travelling","cold","grocery",1,1,1,"midday"
31,341,134,207,"weekday","breakfast","shopping","unknown","grocery",0,1,1,"morning"
31,346,139,207,"weekday","lunch","travelling","cold","grocery",0,1,1,"midday"
31,347,140,207,"weekday","afternoon","travelling","unknown","restaurant",1,1,1,"midday"
31,348,141,207,"weekend","afternoon","shopping","freezing","grocery",0,1,1,"midday"
31,357,150,207,"weekday","afternoon","travelling","warm","restaurant",1,1,1,"midday"
31,370,163,207,"weekday","breakfast","unknown","cold","restaurant",0,1,1,"morning"
31,377,170,207,"weekday","beforelunch","working","freezing","grocery",0,1,1,"midday"
31,384,177,207,"weekday","afternoon","leisure","freezing","grocery",0,1,1,"midday"
31,387,180,207,"weekday","afternoon","morningrituals","unknown","restaurant",0,1,1,"midday"
32,219,4,215,"weekday","lunch","travelling","unknown","grocery",1,0,0,"midday"
32,220,5,215,"weekday","breakfast","morningrituals","freezing","restaurant",0,0,0,"morning"
32,221,6,215,"unknown","afternoon","travelling","cold","grocery",0,0,0,"midday"
32,222,7,215,"weekday","afternoon","travelling","cold","restaurant",1,0,0,"midday"
32,227,12,215,"weekday","night","travelling","freezing","grocery",0,0,0,"night"
32,234,19,215,"weekend","afternoon","working","cold","grocery",0,0,0,"midday"
32,235,20,215,"weekday","afternoon","leisure","unknown","grocery",1,0,0,"midday"
32,237,22,215,"weekday","afternoon","travelling","unknown","restaurant",0,0,0,"midday"
32,241,26,215,"weekday","night","travelling","cold","grocery",0,0,0,"night"
32,246,31,215,"weekday","lunch","travelling","hot","grocery",0,0,0,"midday"
32,252,37,215,"weekend","night","travelling","unknown","restaurant",0,0,0,"night"
32,262,47,215,"weekday","unknown","travelling","hot","grocery",0,0,0,"unknown"
32,275,60,215,"weekday","breakfast","leisure","warm","grocery",0,1,0,"morning"
32,282,67,215,"weekday","afternoon","unknown","unknown","restaurant",0,1,0,"midday"
32,284,69,215,"weekday","afternoon","travelling","unknown","restaurant",0,1,0,"midday"
32,293,78,215,"weekend","breakfast","travelling","cold","restaurant",0,1,0,"morning"
32,304,89,215,"weekday","afternoon","travelling","unknown","grocery",0,1,0,"midday"
32,318,103,215,"weekday","beforelunch","travelling","cold","grocery",1,1,0,"midday"
32,333,118,215,"weekday","dinner","working","warm","grocery",0,1,1,"night"
32,337,122,215,"weekday","breakfast","travelling","warm","grocery",0,1,1,"morning"
32,339,124,215,"weekend","afternoon","travelling","freezing","restaurant",0,1,1,"midday"
32,341,126,215,"weekday","breakfast","travelling","warm","grocery",0,1,1,"morning"
32,346,131,215,"weekday","beforelunch","travelling","cold","restaurant",1,1,1,"midday"
32,363,148,215,"weekday","lunch","travelling","unknown","restaurant",1,1,1,"midday"
32,366,151,215,"weekday","afternoon","shopping","cold","grocery",0,1,1,"midday"
32,369,154,215,"weekend","breakfast","leisure","unknown","grocery",0,1,1,"morning"
32,371,156,215,"weekday","beforelunch","travelling","freezing","grocery",0,1,1,"midday"
32,376,161,215,"weekday","afternoon","travelling","freezing","restaurant",1,1,1,"midday"
32,378,163,215,"weekend","beforelunch","shopping","cold","restaurant",1,1,1,"midday"
32,390,175,215,"weekday","beforelunch","unknown","hot","grocery",0,1,1,"midday"
32,392,177,215,"weekday","morning","unknown","cold","restaurant",0,1,1,"morning"
32,394,179,215,"weekday","lunch","travelling","unknown","restaurant",0,1,1,"midday"
33,226,9,217,"weekday","beforelunch","travelling","unknown","restaurant",0,0,0,"midday"
33,231,14,217,"weekday","dinner","morningrituals","unknown","grocery",0,0,0,"night"
33,234,17,217,"weekend","afternoon","working","warm","restaurant",1,0,0,"midday"
33,255,38,217,"weekday","earlymorning","travelling","cold","grocery",1,0,0,"morning"
33,259,42,217,"weekday","breakfast","travelling","unknown","grocery",0,0,0,"morning"
33,266,49,217,"weekday","breakfast","unknown","cold","restaurant",1,0,0,"morning"
33,279,62,217,"weekday","afternoon","travelling","unknown","restaurant",0,1,0,"midday"
33,283,66,217,"weekend","lunch","morningrituals","unknown","grocery",0,1,0,"midday"
33,303,86,217,"weekday","lunch","travelling","freezing","restaurant",0,1,0,"midday"
33,304,87,217,"weekday","beforelunch","unknown","warm","restaurant",0,1,0,"midday"
33,305,88,217,"weekday","beforelunch","travelling","unknown","grocery",1,1,0,"midday"
33,308,91,217,"weekend","lunch","travelling","cold","grocery",0,1,0,"midday"
33,311,94,217,"weekday","dinner","travelling","freezing","grocery",0,1,0,"night"
33,320,103,217,"weekday","night","travelling","unknown","grocery",0,1,0,"night"
33,331,114,217,"unknown","breakfast","travelling","freezing","restaurant",0,1,1,"morning"
33,343,126,217,"unknown","lunch","travelling","freezing","grocery",0,1,1,"midday"
33,344,127,217,"weekend","lunch","working","freezing","restaurant",0,1,1,"midday"
33,346,129,217,"weekend","lunch","shopping","cold","grocery",0,1,1,"midday"
33,353,136,217,"weekday","afternoon","travelling","hot","grocery",0,1,1,"midday"
33,354,137,217,"weekend","breakfast","travelling","hot","restaurant",0,1,1,"morning"
33,361,144,217,"weekday","earlymorning","unknown","cold","restaurant",0,1,1,"morning"
33,362,145,217,"weekend","beforelunch","travelling","freezing","restaurant",1,1,1,"midday"
33,363,146,217,"weekday","beforelunch","travelling","freezing","grocery",1,1,1,"midday"
33,364,147,217,"weekday","beforelunch","unknown","unknown","grocery",0,1,1,"midday"
33,372,155,217,"weekday","morning","leisure","freezing","restaurant",0,1,1,"morning"
33,374,157,217,"weekday","breakfast","morningrituals","unknown","restaurant",1,1,1,"morning"
34,226,0,226,"weekday","afternoon","travelling","unknown","grocery",1,0,0,"midday"
34,228,2,226,"weekday","afternoon","unknown","freezing","restaurant",0,0,0,"midday"
34,229,3,226,"weekend","lunch","travelling","freezing","grocery",0,0,0,"midday"
34,230,4,226,"weekday","afternoon","working","warm","restaurant",1,0,0,"midday"
34,231,5,226,"weekday","beforelunch","travelling","cold","grocery",0,0,0,"midday"
34,232,6,226,"weekday","lunch","leisure","warm","restaurant",0,0,0,"midday"
34,234,8,226,"weekend","beforelunch","travelling","cold","restaurant",0,0,0,"midday"
34,235,9,226,"weekday","dinner","travelling","freezing","restaurant",0,0,0,"night"
34,236,10,226,"weekday","breakfast","working","hot","grocery",0,0,0,"morning"
34,237,11,226,"weekend","beforelunch","travelling","cold","restaurant",1,0,0,"midday"
34,239,13,226,"weekday","breakfast","unknown","hot","restaurant",0,0,0,"morning"
34,240,14,226,"weekday","afternoon","morningrituals","freezing","grocery",0,0,0,"midday"
34,241,15,226,"weekday","afternoon","unknown","warm","restaurant",0,0,0,"midday"
34,242,16,226,"weekday","lunch","leisure","unknown","restaurant",0,0,0,"midday"
34,244,18,226,"weekday","dinner","leisure","freezing","grocery",0,0,0,"night"
34,245,19,226,"weekend","breakfast","travelling","unknown","restaurant",0,0,0,"morning"
34,248,22,226,"weekend","night","travelling","freezing","restaurant",0,0,0,"night"
34,249,23,226,"weekday","morning","travelling","freezing","grocery",0,0,0,"morning"
34,250,24,226,"weekday","afternoon","travelling","warm","restaurant",0,0,0,"midday"
34,251,25,226,"weekend","afternoon","travelling","unknown","grocery",0,0,0,"midday"
34,252,26,226,"weekday","beforelunch","unknown","warm","restaurant",0,0,0,"midday"
34,253,27,226,"weekday","afternoon","travelling","hot","grocery",0,0,0,"midday"
34,254,28,226,"weekday","afternoon","travelling","unknown","grocery",0,0,0,"midday"
34,255,29,226,"weekday","morning","working","cold","restaurant",1,0,0,"morning"
34,256,30,226,"weekday","beforelunch","travelling","cold","restaurant",0,0,0,"midday"
34,257,31,226,"weekend","lunch","working","cold","restaurant",1,0,0,"midday"
34,258,32,226,"weekday","afternoon","working","cold","restaurant",1,0,0,"midday"
34,259,33,226,"weekday","lunch","leisure","freezing","grocery",0,0,0,"midday"
34,260,34,226,"weekday","lunch","travelling","freezing","grocery",0,0,0,"midday"
34,261,35,226,"weekday","lunch","travelling","unknown","restaurant",0,0,0,"midday"
34,262,36,226,"weekday","breakfast","unknown","cold","grocery",0,0,0,"morning"
34,263,37,226,"weekday","lunch","working","unknown","grocery",1,0,0,"midday"
34,264,38,226,"weekday","lunch","travelling","freezing","grocery",0,0,0,"midday"
34,266,40,226,"weekend","afternoon","unknown","freezing","restaurant",1,0,0,"midday"
34,267,41,226,"weekend","afternoon","travelling","freezing","restaurant",1,0,0,"midday"
34,268,42,226,"weekday","afternoon","travelling","unknown","grocery",0,0,0,"midday"
34,269,43,226,"weekday","afternoon","unknown","freezing","grocery",1,0,0,"midday"
34,270,44,226,"weekend","afternoon","travelling","cold","restaurant",0,0,0,"midday"
34,272,46,226,"weekend","lunch","morningrituals","warm","restaurant",0,0,0,"midday"
34,273,47,226,"unknown","lunch","travelling","freezing","grocery",0,0,0,"midday"
34,274,48,226,"weekday","beforelunch","leisure","unknown","grocery",1,0,0,"midday"
34,275,49,226,"weekday","lunch","travelling","hot","grocery",0,0,0,"midday"
34,276,50,226,"weekday","beforelunch","unknown","warm","grocery",0,0,0,"midday"
34,277,51,226,"weekday","lunch","morningrituals","freezing","grocery",0,0,0,"midday"
34,279,53,226,"weekday","afternoon","travelling","freezing","grocery",0,0,0,"midday"
34,281,55,226,"weekend","lunch","working","cold","grocery",0,0,0,"midday"
34,282,56,226,"weekday","morning","travelling","warm","restaurant",1,0,0,"morning"
34,283,57,226,"weekday","afternoon","leisure","cold","grocery",1,1,0,"midday"
34,284,58,226,"weekday","breakfast","travelling","cold","restaurant",0,1,0,"morning"
34,285,59,226,"weekend","breakfast","travelling","freezing","restaurant",0,1,0,"morning"
34,286,60,226,"weekend","morning","shopping","warm","restaurant",0,1,0,"morning"
34,287,61,226,"weekday","lunch","leisure","unknown","grocery",0,1,0,"midday"
34,290,64,226,"weekend","lunch","travelling","cold","restaurant",0,1,0,"midday"
34,291,65,226,"weekday","lunch","unknown","unknown","restaurant",1,1,0,"midday"
34,293,67,226,"weekday","afternoon","travelling","freezing","grocery",0,1,0,"midday"
34,297,71,226,"weekday","beforelunch","travelling","unknown","restaurant",0,1,0,"midday"
34,298,72,226,"weekday","breakfast","travelling","warm","restaurant",0,1,0,"morning"
34,299,73,226,"weekday","beforelunch","travelling","unknown","restaurant",1,1,0,"midday"
34,300,74,226,"weekday","morning","morningrituals","unknown","restaurant",0,1,0,"morning"
34,301,75,226,"weekday","beforelunch","unknown","freezing","grocery",0,1,0,"midday"
34,302,76,226,"weekday","morning","travelling","unknown","grocery",0,1,0,"morning"
34,303,77,226,"weekday","lunch","leisure","unknown","restaurant",0,1,0,"midday"
34,304,78,226,"weekday","breakfast","morningrituals","freezing","grocery",0,1,0,"morning"
34,306,80,226,"weekend","morning","travelling","warm","grocery",0,1,0,"morning"
34,307,81,226,"weekend","beforelunch","travelling","warm","restaurant",0,1,0,"midday"
34,308,82,226,"weekday","breakfast","leisure","freezing","grocery",0,1,0,"morning"
34,309,83,226,"weekday","breakfast","unknown","unknown","restaurant",1,1,0,"morning"
34,310,84,226,"weekday","lunch","working","freezing","grocery",0,1,0,"midday"
34,311,85,226,"weekend","morning","travelling","freezing","restaurant",1,1,0,"morning"
34,312,86,226,"weekday","lunch","travelling","cold","restaurant",0,1,0,"midday"
34,314,88,226,"weekday","afternoon","working","unknown","restaurant",1,1,0,"midday"
34,316,90,226,"weekday","earlymorning","unknown","hot","restaurant",1,1,0,"morning"
34,317,91,226,"weekday","beforelunch","travelling","cold","restaurant",1,1,0,"midday"
34,318,92,226,"weekday","dinner","working","unknown","grocery",1,1,0,"night"
34,319,93,226,"weekday","breakfast","working","warm","restaurant",1,1,0,"morning"
34,320,94,226,"weekday","morning","travelling","freezing","grocery",0,1,0,"morning"
34,322,96,226,"weekend","beforelunch","leisure","warm","restaurant",0,1,0,"midday"
34,323,97,226,"weekend","beforelunch","leisure","cold","restaurant",1,1,0,"midday"
34,325,99,226,"weekend","breakfast","travelling","warm","restaurant",0,1,0,"morning"
34,326,100,226,"weekend","lunch","travelling","warm","restaurant",0,1,0,"midday"
34,328,102,226,"weekday","breakfast","travelling","warm","grocery",0,1,0,"morning"
34,329,103,226,"weekday","afternoon","travelling","cold","grocery",0,1,0,"midday"
34,330,104,226,"weekend","beforelunch","travelling","cold","restaurant",0,1,0,"midday"
34,331,105,226,"weekend","afternoon","travelling","cold","grocery",1,1,0,"midday"
34,332,106,226,"weekday","afternoon","working","freezing","grocery",0,1,0,"midday"
34,333,107,226,"weekday","afternoon","travelling","cold","restaurant",0,1,0,"midday"
34,334,108,226,"weekday","lunch","working","hot","grocery",0,1,0,"midday"
34,336,110,226,"weekday","earlymorning","leisure","unknown","restaurant",1,1,0,"morning"
34,337,111,226,"weekday","beforelunch","travelling","cold","restaurant",0,1,0,"midday"
34,338,112,226,"weekday","afternoon","travelling","cold","grocery",1,1,0,"midday"
34,339,113,226,"weekday","lunch","working","cold","restaurant",0,1,1,"midday"
34,340,114,226,"weekend","earlymorning","shopping","freezing","restaurant",0,1,1,"morning"
34,341,115,226,"weekday","lunch","travelling","cold","restaurant",0,1,1,"midday"
34,342,116,226,"weekday","lunch","unknown","freezing","restaurant",0,1,1,"midday"
34,343,117,226,"weekday","afternoon","travelling","cold","restaurant",0,1,1,"midday"
34,344,118,226,"weekend","lunch","travelling","cold","restaurant",0,1,1,"midday"
34,345,119,226,"weekday","breakfast","travelling","unknown","restaurant",0,1,1,"morning"
34,346,120,226,"weekday","morning","leisure","cold","grocery",0,1,1,"morning"
34,350,124,226,"weekend","beforelunch","travelling","unknown","grocery",0,1,1,"midday"
34,351,125,226,"weekday","breakfast","unknown","cold","grocery",0,1,1,"morning"
34,352,126,226,"weekday","lunch","shopping","cold","restaurant",1,1,1,"midday"
34,353,127,226,"weekday","lunch","travelling","warm","restaurant",0,1,1,"midday"
34,354,128,226,"weekday","afternoon","travelling","cold","restaurant",0,1,1,"midday"
34,355,129,226,"weekday","lunch","travelling","cold","grocery",0,1,1,"midday"
34,357,131,226,"weekday","lunch","shopping","cold","grocery",1,1,1,"midday"
34,358,132,226,"weekday","lunch","travelling","unknown","grocery",0,1,1,"midday"
34,361,135,226,"weekday","afternoon","unknown","freezing","grocery",0,1,1,"midday"
34,362,136,226,"weekend","lunch","working","cold","grocery",0,1,1,"midday"
34,364,138,226,"weekend","afternoon","travelling","freezing","grocery",1,1,1,"midday"
34,365,139,226,"weekday","breakfast","working","cold","restaurant",1,1,1,"morning"
34,366,140,226,"unknown","lunch","unknown","cold","restaurant",0,1,1,"midday"
34,367,141,226,"weekday","lunch","travelling","freezing","restaurant",0,1,1,"midday"
34,368,142,226,"weekday","evening","unknown","unknown","grocery",1,1,1,"night"
34,369,143,226,"weekday","morning","travelling","unknown","restaurant",0,1,1,"morning"
34,370,144,226,"weekend","lunch","unknown","unknown","grocery",0,1,1,"midday"
34,371,145,226,"weekday","afternoon","travelling","unknown","grocery",0,1,1,"midday"
34,372,146,226,"weekday","morning","travelling","unknown","grocery",0,1,1,"morning"
34,373,147,226,"weekday","afternoon","travelling","unknown","restaurant",1,1,1,"midday"
34,374,148,226,"weekday","morning","unknown","freezing","grocery",1,1,1,"morning"
34,375,149,226,"weekday","lunch","travelling","freezing","restaurant",0,1,1,"midday"
34,376,150,226,"unknown","afternoon","travelling","cold","grocery",0,1,1,"midday"
34,377,151,226,"weekday","beforelunch","shopping","hot","grocery",0,1,1,"midday"
34,378,152,226,"weekday","breakfast","unknown","cold","grocery",0,1,1,"morning"
34,379,153,226,"weekday","afternoon","travelling","unknown","grocery",1,1,1,"midday"
34,381,155,226,"weekday","afternoon","travelling","cold","restaurant",0,1,1,"midday"
34,383,157,226,"weekend","afternoon","travelling","unknown","restaurant",1,1,1,"midday"
34,384,158,226,"weekday","dinner","unknown","cold","restaurant",0,1,1,"night"
34,385,159,226,"weekend","beforelunch","travelling","warm","restaurant",0,1,1,"midday"
34,386,160,226,"weekday","afternoon","travelling","cold","restaurant",0,1,1,"midday"
34,387,161,226,"weekend","beforelunch","travelling","warm","grocery",1,1,1,"midday"
34,388,162,226,"weekend","breakfast","working","cold","restaurant",0,1,1,"morning"
34,389,163,226,"weekday","morning","travelling","cold","grocery",0,1,1,"morning"
34,390,164,226,"weekday","beforelunch","travelling","unknown","grocery",0,1,1,"midday"
34,391,165,226,"weekday","beforelunch","working","warm","restaurant",0,1,1,"midday"
34,392,166,226,"weekday","afternoon","travelling","freezing","grocery",0,1,1,"midday"
34,393,167,226,"weekday","breakfast","travelling","freezing","grocery",0,1,1,"morning"
34,394,168,226,"weekday","dinner","travelling","unknown","grocery",0,1,1,"night"
34,395,169,226,"weekday","lunch","travelling","warm","restaurant",0,1,1,"midday"
34,398,172,226,"weekday","beforelunch","travelling","freezing","grocery",1,1,1,"midday"
34,399,173,226,"weekend","beforelunch","travelling","freezing","restaurant",0,1,1,"midday"
34,400,174,226,"weekend","afternoon","working","unknown","restaurant",0,1,1,"midday"
34,401,175,226,"weekday","breakfast","shopping","unknown","restaurant",1,1,1,"morning"
34,402,176,226,"weekday","afternoon","travelling","freezing","grocery",0,1,1,"midday"
34,403,177,226,"weekday","beforelunch","leisure","warm","restaurant",0,1,1,"midday"
34,404,178,226,"weekday","afternoon","travelling","cold","restaurant",0,1,1,"midday"
34,406,180,226,"weekday","afternoon","travelling","cold","grocery",0,1,1,"midday"
34,407,181,226,"weekday","afternoon","travelling","cold","restaurant",0,1,1,"midday"
34,408,182,226,"weekday","morning","working","freezing","grocery",0,1,1,"morning"
34,409,183,226,"weekend","lunch","unknown","unknown","grocery",0,1,1,"midday"
35,233,3,230,"weekday","beforelunch","travelling","cold","restaurant",1,0,0,"midday"
35,265,35,230,"weekday","lunch","working","cold","restaurant",1,0,0,"midday"
35,268,38,230,"weekend","lunch","travelling","cold","restaurant",1,0,0,"midday"
35,274,44,230,"weekday","morning","travelling","freezing","grocery",1,0,0,"morning"
35,309,79,230,"weekday","lunch","working","cold","restaurant",0,1,0,"midday"
35,310,80,230,"weekday","lunch","travelling","hot","restaurant",0,1,0,"midday"
35,314,84,230,"weekday","breakfast","travelling","unknown","grocery",0,1,0,"morning"
35,315,85,230,"weekday","beforelunch","travelling","hot","grocery",0,1,0,"midday"
35,357,127,230,"weekday","breakfast","leisure","warm","grocery",0,1,1,"morning"
35,397,167,230,"weekday","afternoon","workingout","cold","grocery",0,1,1,"midday"
35,398,168,230,"weekday","beforelunch","unknown","cold","restaurant",0,1,1,"midday"
35,407,177,230,"weekend","afternoon","working","cold","grocery",0,1,1,"midday"
35,413,183,230,"weekday","afternoon","travelling","freezing","grocery",0,1,1,"midday"
36,237,1,236,"weekend","afternoon","shopping","unknown","grocery",1,0,0,"midday"
36,238,2,236,"weekend","afternoon","unknown","warm","grocery",0,0,0,"midday"
36,239,3,236,"unknown","lunch","leisure","unknown","grocery",1,0,0,"midday"
36,240,4,236,"weekday","breakfast","travelling","hot","restaurant",1,0,0,"morning"
36,241,5,236,"weekend","dinner","travelling","cold","restaurant",0,0,0,"night"
36,242,6,236,"weekday","afternoon","travelling","warm","restaurant",0,0,0,"midday"
36,246,10,236,"weekday","beforelunch","travelling","unknown","grocery",1,0,0,"midday"
36,247,11,236,"weekend","beforelunch","unknown","cold","restaurant",1,0,0,"midday"
36,249,13,236,"weekday","lunch","travelling","freezing","restaurant",0,0,0,"midday"
36,251,15,236,"weekend","lunch","travelling","freezing","grocery",0,0,0,"midday"
36,252,16,236,"weekday","lunch","leisure","cold","restaurant",1,0,0,"midday"
36,254,18,236,"weekday","lunch","travelling","cold","grocery",0,0,0,"midday"
36,255,19,236,"weekday","beforelunch","travelling","warm","restaurant",0,0,0,"midday"
36,259,23,236,"weekend","breakfast","shopping","freezing","grocery",0,0,0,"morning"
36,261,25,236,"weekday","afternoon","leisure","freezing","grocery",0,0,0,"midday"
36,265,29,236,"weekday","afternoon","working","warm","restaurant",0,0,0,"midday"
36,266,30,236,"weekday","breakfast","working","cold","restaurant",0,0,0,"morning"
36,267,31,236,"weekday","lunch","unknown","cold","grocery",0,0,0,"midday"
36,269,33,236,"weekday","breakfast","shopping","cold","grocery",0,0,0,"morning"
36,270,34,236,"weekday","lunch","travelling","unknown","grocery",0,0,0,"midday"
36,272,36,236,"weekday","afternoon","travelling","freezing","restaurant",0,0,0,"midday"
36,273,37,236,"weekend","beforelunch","unknown","cold","grocery",0,0,0,"midday"
36,277,41,236,"weekday","beforelunch","unknown","cold","grocery",0,0,0,"midday"
36,283,47,236,"weekend","afternoon","travelling","cold","restaurant",0,0,0,"midday"
36,284,48,236,"weekend","lunch","travelling","cold","grocery",0,0,0,"midday"
36,286,50,236,"weekday","lunch","morningrituals","cold","grocery",0,0,0,"midday"
36,288,52,236,"weekday","afternoon","housework","cold","grocery",1,0,0,"midday"
36,293,57,236,"weekday","night","travelling","cold","restaurant",0,1,0,"night"
36,299,63,236,"weekday","afternoon","working","cold","restaurant",0,1,0,"midday"
36,300,64,236,"weekday","beforelunch","travelling","warm","grocery",0,1,0,"midday"
36,301,65,236,"weekday","lunch","morningrituals","hot","grocery",1,1,0,"midday"
36,303,67,236,"weekend","beforelunch","unknown","freezing","restaurant",0,1,0,"midday"
36,307,71,236,"weekend","night","travelling","warm","grocery",0,1,0,"night"
36,313,77,236,"weekday","dinner","leisure","freezing","grocery",0,1,0,"night"
36,314,78,236,"weekday","breakfast","travelling","unknown","restaurant",1,1,0,"morning"
36,315,79,236,"weekday","lunch","travelling","warm","restaurant",1,1,0,"midday"
36,318,82,236,"weekend","breakfast","working","unknown","grocery",0,1,0,"morning"
36,323,87,236,"weekday","afternoon","unknown","warm","restaurant",0,1,0,"midday"
36,325,89,236,"weekday","beforelunch","travelling","hot","restaurant",1,1,0,"midday"
36,327,91,236,"weekday","morning","travelling","cold","restaurant",0,1,0,"morning"
36,329,93,236,"weekday","beforelunch","travelling","unknown","grocery",0,1,0,"midday"
36,331,95,236,"weekday","afternoon","travelling","hot","grocery",0,1,0,"midday"
36,334,98,236,"weekend","night","travelling","cold","grocery",1,1,0,"night"
36,336,100,236,"weekend","afternoon","travelling","freezing","restaurant",0,1,0,"midday"
36,340,104,236,"weekend","beforelunch","travelling","unknown","grocery",1,1,0,"midday"
36,341,105,236,"weekday","afternoon","travelling","cold","grocery",0,1,0,"midday"
36,342,106,236,"weekday","lunch","travelling","cold","grocery",0,1,0,"midday"
36,343,107,236,"weekday","earlymorning","travelling","freezing","restaurant",0,1,0,"morning"
36,347,111,236,"weekday","earlymorning","leisure","warm","restaurant",0,1,0,"morning"
36,350,114,236,"weekday","afternoon","unknown","cold","restaurant",1,1,1,"midday"
36,357,121,236,"weekday","beforelunch","unknown","unknown","grocery",0,1,1,"midday"
36,364,128,236,"weekday","beforelunch","travelling","unknown","grocery",0,1,1,"midday"
36,365,129,236,"weekday","lunch","travelling","cold","grocery",0,1,1,"midday"
36,371,135,236,"weekday","earlymorning","travelling","freezing","restaurant",0,1,1,"morning"
36,372,136,236,"weekday","beforelunch","working","freezing","grocery",0,1,1,"midday"
36,377,141,236,"weekday","evening","travelling","warm","restaurant",0,1,1,"night"
36,380,144,236,"weekend","beforelunch","travelling","cold","grocery",0,1,1,"midday"
36,384,148,236,"weekday","afternoon","travelling","cold","restaurant",1,1,1,"midday"
36,386,150,236,"weekday","morning","travelling","unknown","restaurant",1,1,1,"morning"
36,388,152,236,"weekday","lunch","unknown","cold","restaurant",0,1,1,"midday"
36,389,153,236,"weekday","dinner","travelling","hot","grocery",0,1,1,"night"
36,391,155,236,"weekend","afternoon","travelling","cold","restaurant",0,1,1,"midday"
36,394,158,236,"weekday","lunch","travelling","cold","restaurant",0,1,1,"midday"
36,395,159,236,"weekday","lunch","travelling","cold","restaurant",1,1,1,"midday"
36,400,164,236,"weekday","dinner","unknown","freezing","restaurant",0,1,1,"night"
36,403,167,236,"weekend","lunch","travelling","freezing","restaurant",1,1,1,"midday"
36,407,171,236,"weekday","beforelunch","travelling","cold","grocery",0,1,1,"midday"
36,409,173,236,"weekday","beforelunch","travelling","cold","grocery",0,1,1,"midday"
36,410,174,236,"weekday","breakfast","travelling","unknown","grocery",1,1,1,"morning"
36,411,175,236,"weekday","lunch","travelling","warm","grocery",1,1,1,"midday"
36,414,178,236,"weekday","afternoon","leisure","freezing","grocery",1,1,1,"midday"
36,415,179,236,"weekday","latenight","travelling","warm","restaurant",1,1,1,"night"
36,417,181,236,"weekend","breakfast","travelling","cold","grocery",0,1,1,"morning"
37,243,2,241,"weekday","afternoon","travelling","unknown","restaurant",0,0,0,"midday"
37,262,21,241,"weekday","beforelunch","working","cold","grocery",0,0,0,"midday"
37,274,33,241,"weekday","breakfast","travelling","cold","restaurant",0,0,0,"morning"
37,275,34,241,"weekday","afternoon","unknown","warm","restaurant",0,0,0,"midday"
37,281,40,241,"weekday","afternoon","shopping","cold","grocery",1,0,0,"midday"
37,283,42,241,"weekend","breakfast","shopping","freezing","grocery",1,0,0,"morning"
37,285,44,241,"weekday","lunch","travelling","cold","restaurant",0,0,0,"midday"
37,292,51,241,"weekend","beforelunch","travelling","freezing","grocery",1,0,0,"midday"
37,299,58,241,"weekday","lunch","travelling","freezing","restaurant",0,1,0,"midday"
37,303,62,241,"weekday","lunch","travelling","warm","restaurant",0,1,0,"midday"
37,307,66,241,"weekend","afternoon","working","freezing","restaurant",1,1,0,"midday"
37,309,68,241,"weekday","afternoon","travelling","unknown","restaurant",0,1,0,"midday"
37,310,69,241,"weekend","afternoon","unknown","unknown","restaurant",0,1,0,"midday"
37,312,71,241,"weekday","afternoon","leisure","unknown","grocery",0,1,0,"midday"
37,315,74,241,"weekday","lunch","unknown","freezing","grocery",0,1,0,"midday"
37,316,75,241,"weekday","lunch","travelling","cold","restaurant",0,1,0,"midday"
37,317,76,241,"weekday","afternoon","travelling","warm","restaurant",1,1,0,"midday"
37,322,81,241,"weekday","morning","travelling","freezing","grocery",0,1,0,"morning"
37,324,83,241,"weekday","beforelunch","travelling","cold","restaurant",1,1,0,"midday"
37,326,85,241,"weekday","afternoon","travelling","freezing","restaurant",1,1,0,"midday"
37,329,88,241,"weekday","lunch","travelling","freezing","restaurant",0,1,0,"midday"
37,332,91,241,"weekend","beforelunch","travelling","cold","grocery",0,1,0,"midday"
37,333,92,241,"weekday","beforelunch","travelling","unknown","restaurant",0,1,0,"midday"
37,334,93,241,"weekday","lunch","shopping","hot","restaurant",0,1,0,"midday"
37,336,95,241,"weekday","lunch","travelling","unknown","restaurant",0,1,0,"midday"
37,338,97,241,"weekday","afternoon","travelling","unknown","restaurant",0,1,0,"midday"
37,345,104,241,"weekend","earlymorning","travelling","cold","grocery",0,1,0,"morning"
37,348,107,241,"weekend","afternoon","travelling","warm","grocery",0,1,0,"midday"
37,349,108,241,"weekday","afternoon","unknown","cold","restaurant",0,1,0,"midday"
37,353,112,241,"weekday","lunch","travelling","unknown","grocery",0,1,0,"midday"
37,354,113,241,"weekday","morning","leisure","cold","restaurant",0,1,1,"morning"
37,357,116,241,"weekday","lunch","unknown","warm","restaurant",0,1,1,"midday"
37,358,117,241,"weekend","dinner","travelling","freezing","restaurant",0,1,1,"night"
37,364,123,241,"weekday","morning","travelling","unknown","restaurant",0,1,1,"morning"
37,368,127,241,"weekday","lunch","travelling","freezing","grocery",1,1,1,"midday"
37,373,132,241,"weekend","breakfast","travelling","cold","grocery",0,1,1,"morning"
37,375,134,241,"weekend","afternoon","leisure","warm","grocery",0,1,1,"midday"
37,377,136,241,"weekday","lunch","leisure","cold","grocery",0,1,1,"midday"
37,378,137,241,"weekday","afternoon","unknown","freezing","grocery",0,1,1,"midday"
37,380,139,241,"weekday","dinner","travelling","unknown","grocery",0,1,1,"night"
37,385,144,241,"weekday","dinner","travelling","cold","restaurant",1,1,1,"night"
37,386,145,241,"weekday","afternoon","travelling","freezing","restaurant",0,1,1,"midday"
37,388,147,241,"weekday","morning","unknown","hot","grocery",0,1,1,"morning"
37,390,149,241,"weekday","lunch","travelling","unknown","restaurant",0,1,1,"midday"
37,391,150,241,"weekend","afternoon","travelling","warm","restaurant",0,1,1,"midday"
37,398,157,241,"weekday","afternoon","unknown","unknown","grocery",0,1,1,"midday"
37,399,158,241,"weekend","lunch","travelling","cold","restaurant",1,1,1,"midday"
37,404,163,241,"weekday","dinner","working","cold","restaurant",0,1,1,"night"
37,407,166,241,"weekday","afternoon","travelling","cold","grocery",0,1,1,"midday"
37,414,173,241,"weekday","lunch","unknown","cold","restaurant",0,1,1,"midday"
37,419,178,241,"weekday","morning","travelling","unknown","grocery",1,1,1,"morning"
37,420,179,241,"weekday","afternoon","travelling","cold","grocery",1,1,1,"midday"
38,256,2,254,"weekday","afternoon","working","hot","restaurant",1,0,0,"midday"
38,258,4,254,"weekday","dinner","travelling","warm","grocery",0,0,0,"night"
38,260,6,254,"weekday","morning","travelling","warm","grocery",0,0,0,"morning"
38,269,15,254,"weekday","beforelunch","travelling","hot","grocery",1,0,0,"midday"
38,276,22,254,"weekday","evening","working","hot","grocery",0,0,0,"night"
38,282,28,254,"weekday","lunch","travelling","unknown","restaurant",0,0,0,"midday"
38,283,29,254,"weekday","afternoon","travelling","freezing","grocery",1,0,0,"midday"
38,284,30,254,"weekday","beforelunch","travelling","cold","restaurant",0,0,0,"midday"
38,285,31,254,"weekday","lunch","travelling","unknown","restaurant",0,0,0,"midday"
38,286,32,254,"weekday","afternoon","leisure","cold","grocery",1,0,0,"midday"
38,290,36,254,"weekday","beforelunch","travelling","hot","grocery",0,0,0,"midday"
38,293,39,254,"weekday","beforelunch","unknown","cold","grocery",1,0,0,"midday"
38,295,41,254,"weekend","breakfast","leisure","cold","grocery",0,0,0,"morning"
38,296,42,254,"weekend","morning","working","cold","restaurant",0,0,0,"morning"
38,298,44,254,"weekday","lunch","unknown","freezing","grocery",1,0,0,"midday"
38,299,45,254,"weekday","afternoon","travelling","freezing","grocery",0,0,0,"midday"
38,301,47,254,"weekend","dinner","travelling","warm","restaurant",0,0,0,"night"
38,305,51,254,"weekday","night","working","cold","grocery",0,0,0,"night"
38,308,54,254,"weekday","breakfast","travelling","freezing","grocery",1,0,0,"morning"
38,309,55,254,"weekday","beforelunch","travelling","cold","grocery",0,0,0,"midday"
38,313,59,254,"weekday","afternoon","leisure","unknown","grocery",1,1,0,"midday"
38,319,65,254,"weekday","lunch","travelling","cold","restaurant",0,1,0,"midday"
38,320,66,254,"weekday","afternoon","travelling","unknown","grocery",0,1,0,"midday"
38,330,76,254,"weekday","beforelunch","leisure","freezing","grocery",0,1,0,"midday"
38,333,79,254,"weekday","lunch","leisure","freezing","restaurant",1,1,0,"midday"
38,334,80,254,"weekend","afternoon","travelling","warm","restaurant",0,1,0,"midday"
38,335,81,254,"weekend","lunch","morningrituals","cold","grocery",0,1,0,"midday"
38,336,82,254,"weekday","beforelunch","travelling","warm","restaurant",1,1,0,"midday"
38,338,84,254,"weekend","beforelunch","unknown","cold","grocery",1,1,0,"midday"
38,339,85,254,"weekday","afternoon","morningrituals","warm","grocery",0,1,0,"midday"
38,341,87,254,"unknown","afternoon","travelling","cold","grocery",0,1,0,"midday"
38,342,88,254,"weekday","lunch","unknown","hot","restaurant",0,1,0,"midday"
38,343,89,254,"weekday","afternoon","working","freezing","restaurant",0,1,0,"midday"
38,346,92,254,"weekday","unknown","shopping","freezing","grocery",0,1,0,"unknown"
38,347,93,254,"weekday","night","travelling","cold","restaurant",0,1,0,"night"
38,349,95,254,"weekend","unknown","working","cold","restaurant",1,1,0,"unknown"
38,354,100,254,"weekday","beforelunch","travelling","freezing","restaurant",1,1,0,"midday"
38,355,101,254,"weekend","lunch","travelling","freezing","restaurant",1,1,0,"midday"
38,362,108,254,"weekday","beforelunch","travelling","hot","restaurant",1,1,0,"midday"
38,364,110,254,"weekday","lunch","leisure","cold","restaurant",0,1,0,"midday"
38,367,113,254,"weekday","lunch","working","unknown","grocery",1,1,1,"midday"
38,369,115,254,"weekday","afternoon","shopping","cold","grocery",0,1,1,"midday"
38,371,117,254,"weekday","beforelunch","travelling","cold","grocery",0,1,1,"midday"
38,374,120,254,"weekend","afternoon","leisure","cold","restaurant",1,1,1,"midday"
38,378,124,254,"weekend","beforelunch","travelling","unknown","restaurant",0,1,1,"midday"
38,379,125,254,"weekend","lunch","leisure","warm","grocery",0,1,1,"midday"
38,380,126,254,"weekend","afternoon","travelling","freezing","grocery",1,1,1,"midday"
38,381,127,254,"weekday","morning","travelling","unknown","restaurant",0,1,1,"morning"
38,392,138,254,"weekday","beforelunch","shopping","unknown","restaurant",0,1,1,"midday"
38,397,143,254,"weekday","afternoon","travelling","cold","grocery",1,1,1,"midday"
38,402,148,254,"weekday","lunch","unknown","warm","restaurant",0,1,1,"midday"
38,404,150,254,"weekday","lunch","travelling","cold","restaurant",1,1,1,"midday"
38,406,152,254,"weekend","beforelunch","leisure","freezing","grocery",1,1,1,"midday"
38,408,154,254,"weekend","dinner","shopping","cold","grocery",0,1,1,"night"
38,409,155,254,"weekday","breakfast","unknown","cold","restaurant",1,1,1,"morning"
38,410,156,254,"weekday","morning","working","warm","grocery",0,1,1,"morning"
38,411,157,254,"weekday","night","travelling","cold","restaurant",1,1,1,"night"
38,412,158,254,"weekend","beforelunch","unknown","warm","restaurant",0,1,1,"midday"
38,413,159,254,"weekend","afternoon","leisure","hot","grocery",0,1,1,"midday"
38,414,160,254,"weekday","afternoon","travelling","freezing","restaurant",0,1,1,"midday"
38,416,162,254,"weekday","lunch","travelling","freezing","grocery",1,1,1,"midday"
38,417,163,254,"weekday","lunch","unknown","freezing","grocery",1,1,1,"midday"
38,421,167,254,"weekday","beforelunch","unknown","unknown","grocery",1,1,1,"midday"
38,425,171,254,"weekday","beforelunch","unknown","freezing","grocery",0,1,1,"midday"
38,430,176,254,"weekday","beforelunch","working","cold","grocery",0,1,1,"midday"
38,431,177,254,"weekday","dinner","unknown","freezing","restaurant",1,1,1,"night"
38,432,178,254,"weekday","afternoon","travelling","cold","restaurant",0,1,1,"midday"
38,433,179,254,"weekday","lunch","working","warm","restaurant",1,1,1,"midday"
39,260,0,260,"weekday","lunch","working","cold","restaurant",0,0,0,"midday"
39,262,2,260,"weekday","beforelunch","travelling","hot","restaurant",0,0,0,"midday"
39,266,6,260,"weekday","beforelunch","workingout","freezing","grocery",1,0,0,"midday"
39,267,7,260,"weekday","beforelunch","unknown","unknown","grocery",0,0,0,"midday"
39,271,11,260,"weekday","afternoon","travelling","unknown","restaurant",0,0,0,"midday"
39,278,18,260,"weekday","afternoon","travelling","unknown","restaurant",0,0,0,"midday"
39,280,20,260,"weekday","beforelunch","travelling","cold","restaurant",0,0,0,"midday"
39,283,23,260,"weekday","unknown","leisure","unknown","grocery",0,0,0,"unknown"
39,286,26,260,"weekday","beforelunch","travelling","freezing","grocery",0,0,0,"midday"
39,297,37,260,"weekday","breakfast","travelling","unknown","grocery",1,0,0,"morning"
39,303,43,260,"weekday","afternoon","shopping","cold","grocery",1,0,0,"midday"
39,309,49,260,"weekday","lunch","leisure","cold","grocery",0,0,0,"midday"
39,321,61,260,"weekday","breakfast","working","cold","restaurant",0,1,0,"morning"
39,322,62,260,"weekday","beforelunch","working","unknown","restaurant",0,1,0,"midday"
39,325,65,260,"weekend","lunch","shopping","cold","restaurant",0,1,0,"midday"
39,326,66,260,"weekend","breakfast","unknown","freezing","grocery",0,1,0,"morning"
39,328,68,260,"weekday","afternoon","travelling","cold","grocery",0,1,0,"midday"
39,329,69,260,"weekday","beforelunch","travelling","cold","restaurant",0,1,0,"midday"
39,331,71,260,"weekend","dinner","travelling","unknown","grocery",0,1,0,"night"
39,334,74,260,"weekday","morning","travelling","cold","restaurant",1,1,0,"morning"
39,337,77,260,"weekday","lunch","travelling","freezing","grocery",0,1,0,"midday"
39,340,80,260,"weekday","beforelunch","shopping","cold","grocery",0,1,0,"midday"
39,341,81,260,"weekday","afternoon","travelling","hot","grocery",0,1,0,"midday"
39,343,83,260,"weekend","breakfast","working","freezing","grocery",0,1,0,"morning"
39,348,88,260,"weekday","breakfast","travelling","cold","restaurant",1,1,0,"morning"
39,349,89,260,"weekday","lunch","unknown","cold","grocery",1,1,0,"midday"
39,352,92,260,"weekend","beforelunch","travelling","cold","restaurant",1,1,0,"midday"
39,362,102,260,"weekday","afternoon","travelling","unknown","grocery",1,1,0,"midday"
39,363,103,260,"weekday","afternoon","travelling","warm","restaurant",0,1,0,"midday"
39,372,112,260,"weekday","afternoon","working","unknown","restaurant",0,1,0,"midday"
39,380,120,260,"weekend","dinner","travelling","freezing","restaurant",0,1,1,"night"
39,384,124,260,"weekday","dinner","unknown","warm","grocery",1,1,1,"night"
39,387,127,260,"weekday","lunch","leisure","cold","restaurant",0,1,1,"midday"
39,390,130,260,"weekend","lunch","travelling","cold","restaurant",1,1,1,"midday"
39,396,136,260,"weekday","morning","travelling","cold","grocery",0,1,1,"morning"
39,403,143,260,"weekday","breakfast","travelling","cold","grocery",1,1,1,"morning"
39,404,144,260,"unknown","afternoon","leisure","warm","restaurant",1,1,1,"midday"
39,421,161,260,"weekend","lunch","unknown","unknown","restaurant",0,1,1,"midday"
39,423,163,260,"weekday","afternoon","working","cold","grocery",0,1,1,"midday"
39,424,164,260,"weekday","dinner","working","unknown","grocery",1,1,1,"night"
39,427,167,260,"weekday","beforelunch","leisure","cold","grocery",1,1,1,"midday"
39,429,169,260,"weekend","dinner","shopping","cold","restaurant",1,1,1,"night"
39,437,177,260,"weekend","breakfast","travelling","cold","grocery",1,1,1,"morning"
39,443,183,260,"unknown","breakfast","leisure","freezing","grocery",0,1,1,"morning"
40,268,0,268,"weekday","lunch","leisure","unknown","grocery",1,0,0,"midday"
40,269,1,268,"weekday","beforelunch","unknown","warm","restaurant",0,0,0,"midday"
40,271,3,268,"weekend","dinner","travelling","cold","restaurant",0,0,0,"night"
40,272,4,268,"weekend","beforelunch","travelling","freezing","restaurant",0,0,0,"midday"
40,274,6,268,"weekday","lunch","travelling","cold","grocery",0,0,0,"midday"
40,275,7,268,"weekend","dinner","shopping","cold","grocery",0,0,0,"night"
40,281,13,268,"weekday","breakfast","leisure","freezing","restaurant",0,0,0,"morning"
40,285,17,268,"weekend","lunch","morningrituals","unknown","restaurant",0,0,0,"midday"
40,287,19,268,"weekend","afternoon","travelling","cold","restaurant",1,0,0,"midday"
40,288,20,268,"weekend","afternoon","leisure","cold","restaurant",1,0,0,"midday"
40,289,21,268,"weekday","afternoon","travelling","freezing","grocery",1,0,0,"midday"
40,290,22,268,"weekday","afternoon","unknown","cold","grocery",0,0,0,"midday"
40,291,23,268,"weekend","morning","travelling","warm","restaurant",1,0,0,"morning"
40,292,24,268,"unknown","dinner","travelling","unknown","grocery",0,0,0,"night"
40,295,27,268,"unknown","afternoon","unknown","hot","grocery",1,0,0,"midday"
40,296,28,268,"weekday","afternoon","unknown","warm","restaurant",0,0,0,"midday"
40,297,29,268,"weekday","earlymorning","unknown","unknown","grocery",0,0,0,"morning"
40,298,30,268,"weekend","lunch","unknown","unknown","grocery",0,0,0,"midday"
40,299,31,268,"weekday","beforelunch","unknown","unknown","grocery",0,0,0,"midday"
40,300,32,268,"weekday","afternoon","travelling","unknown","grocery",0,0,0,"midday"
40,301,33,268,"weekend","beforelunch","travelling","warm","grocery",0,0,0,"midday"
40,302,34,268,"weekday","afternoon","travelling","cold","grocery",0,0,0,"midday"
40,304,36,268,"weekday","breakfast","travelling","freezing","restaurant",0,0,0,"morning"
40,306,38,268,"weekday","afternoon","unknown","freezing","grocery",1,0,0,"midday"
40,307,39,268,"weekday","lunch","leisure","cold","grocery",0,0,0,"midday"
40,308,40,268,"weekend","afternoon","travelling","warm","restaurant",0,0,0,"midday"
40,310,42,268,"weekday","lunch","travelling","cold","grocery",1,0,0,"midday"
40,311,43,268,"weekday","breakfast","travelling","cold","restaurant",0,0,0,"morning"
40,312,44,268,"weekday","morning","travelling","cold","grocery",1,0,0,"morning"
40,313,45,268,"unknown","breakfast","travelling","unknown","restaurant",1,0,0,"morning"
40,315,47,268,"weekend","lunch","working","cold","grocery",1,0,0,"midday"
40,319,51,268,"weekday","afternoon","travelling","unknown","grocery",0,0,0,"midday"
40,320,52,268,"weekend","afternoon","shopping","cold","restaurant",1,0,0,"midday"
40,321,53,268,"weekday","afternoon","morningrituals","freezing","grocery",0,0,0,"midday"
40,325,57,268,"weekend","afternoon","travelling","unknown","grocery",1,1,0,"midday"
40,326,58,268,"weekend","afternoon","travelling","unknown","restaurant",0,1,0,"midday"
40,329,61,268,"weekday","lunch","leisure","unknown","grocery",0,1,0,"midday"
40,330,62,268,"weekend","beforelunch","leisure","cold","restaurant",0,1,0,"midday"
40,334,66,268,"weekday","beforelunch","travelling","cold","grocery",0,1,0,"midday"
40,336,68,268,"weekend","lunch","travelling","hot","grocery",0,1,0,"midday"
40,337,69,268,"weekend","beforelunch","shopping","cold","grocery",0,1,0,"midday"
40,338,70,268,"weekday","afternoon","travelling","unknown","restaurant",1,1,0,"midday"
40,339,71,268,"weekday","lunch","leisure","cold","grocery",0,1,0,"midday"
40,345,77,268,"weekend","lunch","travelling","warm","grocery",1,1,0,"midday"
40,346,78,268,"weekday","beforelunch","travelling","hot","grocery",0,1,0,"midday"
40,347,79,268,"weekday","lunch","travelling","freezing","restaurant",0,1,0,"midday"
40,349,81,268,"weekday","night","travelling","cold","grocery",0,1,0,"night"
40,350,82,268,"weekend","beforelunch","travelling","unknown","restaurant",1,1,0,"midday"
40,351,83,268,"weekend","breakfast","travelling","cold","grocery",1,1,0,"morning"
40,353,85,268,"weekday","beforelunch","shopping","hot","restaurant",1,1,0,"midday"
40,354,86,268,"weekday","morning","leisure","freezing","grocery",0,1,0,"morning"
40,356,88,268,"weekday","morning","unknown","unknown","restaurant",0,1,0,"morning"
40,357,89,268,"weekday","lunch","working","warm","restaurant",1,1,0,"midday"
40,359,91,268,"weekend","breakfast","travelling","unknown","restaurant",0,1,0,"morning"
40,367,99,268,"weekday","breakfast","working","warm","restaurant",0,1,0,"morning"
40,374,106,268,"weekend","lunch","unknown","hot","restaurant",1,1,0,"midday"
40,380,112,268,"weekend","earlymorning","travelling","cold","grocery",0,1,0,"morning"
40,383,115,268,"weekday","lunch","unknown","freezing","grocery",1,1,1,"midday"
40,384,116,268,"weekday","beforelunch","shopping","warm","restaurant",0,1,1,"midday"
40,385,117,268,"weekday","beforelunch","working","freezing","grocery",1,1,1,"midday"
40,388,120,268,"weekend","breakfast","travelling","cold","grocery",0,1,1,"morning"
40,389,121,268,"weekday","beforelunch","morningrituals","freezing","grocery",0,1,1,"midday"
40,391,123,268,"weekday","afternoon","travelling","freezing","grocery",0,1,1,"midday"
40,392,124,268,"weekday","beforelunch","shopping","unknown","grocery",1,1,1,"midday"
40,393,125,268,"weekend","afternoon","leisure","cold","restaurant",0,1,1,"midday"
40,395,127,268,"weekend","morning","morningrituals","hot","grocery",0,1,1,"morning"
40,396,128,268,"weekend","breakfast","working","freezing","grocery",0,1,1,"morning"
40,398,130,268,"weekday","afternoon","shopping","cold","restaurant",1,1,1,"midday"
40,399,131,268,"weekday","lunch","travelling","unknown","grocery",1,1,1,"midday"
40,400,132,268,"weekend","beforelunch","leisure","freezing","restaurant",0,1,1,"midday"
40,402,134,268,"weekend","earlymorning","shopping","freezing","grocery",0,1,1,"morning"
40,405,137,268,"unknown","breakfast","travelling","unknown","grocery",0,1,1,"morning"
40,406,138,268,"weekday","afternoon","travelling","cold","grocery",0,1,1,"midday"
40,407,139,268,"weekday","morning","working","cold","grocery",0,1,1,"morning"
40,408,140,268,"weekday","afternoon","working","cold","restaurant",0,1,1,"midday"
40,409,141,268,"weekday","lunch","working","unknown","grocery",0,1,1,"midday"
40,410,142,268,"weekday","breakfast","shopping","hot","restaurant",0,1,1,"morning"
40,414,146,268,"weekday","beforelunch","travelling","freezing","grocery",1,1,1,"midday"
40,418,150,268,"weekend","afternoon","unknown","hot","restaurant",0,1,1,"midday"
40,419,151,268,"weekend","breakfast","working","cold","grocery",1,1,1,"morning"
40,424,156,268,"weekend","beforelunch","unknown","unknown","restaurant",0,1,1,"midday"
40,426,158,268,"weekday","evening","unknown","cold","grocery",0,1,1,"night"
40,428,160,268,"weekend","lunch","travelling","hot","grocery",0,1,1,"midday"
40,432,164,268,"unknown","afternoon","morningrituals","warm","restaurant",1,1,1,"midday"
40,433,165,268,"weekend","afternoon","travelling","unknown","grocery",0,1,1,"midday"
40,436,168,268,"weekday","breakfast","unknown","cold","restaurant",1,1,1,"morning"
40,437,169,268,"weekend","afternoon","travelling","unknown","grocery",0,1,1,"midday"
40,438,170,268,"weekday","beforelunch","travelling","unknown","grocery",0,1,1,"midday"
40,440,172,268,"weekday","afternoon","travelling","warm","grocery",0,1,1,"midday"
40,441,173,268,"weekday","afternoon","travelling","freezing","restaurant",0,1,1,"midday"
40,442,174,268,"weekday","morning","working","unknown","grocery",1,1,1,"morning"
40,444,176,268,"weekday","breakfast","travelling","cold","restaurant",0,1,1,"morning"
40,445,177,268,"weekday","lunch","travelling","cold","grocery",0,1,1,"midday"
40,446,178,268,"weekend","afternoon","unknown","warm","grocery",0,1,1,"midday"
40,448,180,268,"weekday","lunch","shopping","cold","restaurant",0,1,1,"midday"
40,449,181,268,"weekday","afternoon","travelling","cold","grocery",0,1,1,"midday"
40,451,183,268,"weekday","lunch","travelling","cold","restaurant",1,1,1,"midday"
41,281,0,281,"weekday","lunch","unknown","unknown","grocery",0,0,0,"midday"
41,282,1,281,"weekday","afternoon","travelling","warm","grocery",0,0,0,"midday"
41,283,2,281,"weekday","lunch","unknown","warm","grocery",1,0,0,"midday"
41,284,3,281,"weekday","afternoon","shopping","warm","grocery",0,0,0,"midday"
41,285,4,281,"weekday","beforelunch","leisure","unknown","restaurant",1,0,0,"midday"
41,286,5,281,"weekday","earlymorning","travelling","cold","restaurant",0,0,0,"morning"
41,287,6,281,"weekday","lunch","travelling","unknown","restaurant",0,0,0,"midday"
41,288,7,281,"weekday","lunch","morningrituals","cold","restaurant",0,0,0,"midday"
41,289,8,281,"weekend","afternoon","shopping","unknown","restaurant",0,0,0,"midday"
41,290,9,281,"weekday","lunch","travelling","warm","grocery",0,0,0,"midday"
41,291,10,281,"weekday","breakfast","working","freezing","grocery",1,0,0,"morning"
41,294,13,281,"weekday","beforelunch","travelling","warm","grocery",1,0,0,"midday"
41,295,14,281,"weekday","beforelunch","travelling","warm","grocery",0,0,0,"midday"
41,296,15,281,"weekday","afternoon","travelling","warm","restaurant",0,0,0,"midday"
41,298,17,281,"weekday","breakfast","travelling","cold","grocery",0,0,0,"morning"
41,299,18,281,"weekday","beforelunch","travelling","freezing","grocery",0,0,0,"midday"
41,301,20,281,"weekday","breakfast","travelling","warm","restaurant",1,0,0,"morning"
41,302,21,281,"weekday","lunch","social","unknown","grocery",1,0,0,"midday"
41,304,23,281,"weekend","beforelunch","travelling","unknown","grocery",0,0,0,"midday"
41,305,24,281,"weekday","evening","travelling","unknown","restaurant",1,0,0,"night"
41,306,25,281,"weekday","afternoon","travelling","freezing","restaurant",0,0,0,"midday"
41,307,26,281,"weekday","afternoon","unknown","warm","restaurant",1,0,0,"midday"
41,308,27,281,"weekend","lunch","travelling","freezing","restaurant",0,0,0,"midday"
41,309,28,281,"weekday","lunch","travelling","unknown","grocery",1,0,0,"midday"
41,310,29,281,"weekday","beforelunch","travelling","freezing","grocery",1,0,0,"midday"
41,311,30,281,"weekday","breakfast","shopping","cold","restaurant",1,0,0,"morning"
41,312,31,281,"weekday","dinner","travelling","cold","restaurant",0,0,0,"night"
41,314,33,281,"weekend","beforelunch","travelling","warm","restaurant",0,0,0,"midday"
41,316,35,281,"weekday","lunch","travelling","hot","restaurant",0,0,0,"midday"
41,317,36,281,"weekday","lunch","travelling","warm","grocery",0,0,0,"midday"
41,318,37,281,"weekday","beforelunch","shopping","cold","restaurant",0,0,0,"midday"
41,319,38,281,"weekday","afternoon","unknown","unknown","restaurant",0,0,0,"midday"
41,321,40,281,"weekday","lunch","travelling","cold","restaurant",0,0,0,"midday"
41,322,41,281,"weekday","lunch","unknown","cold","restaurant",0,0,0,"midday"
41,323,42,281,"weekend","unknown","travelling","cold","grocery",1,0,0,"unknown"
41,324,43,281,"weekday","afternoon","travelling","cold","grocery",0,0,0,"midday"
41,325,44,281,"weekday","beforelunch","travelling","freezing","restaurant",0,0,0,"midday"
41,326,45,281,"weekday","afternoon","shopping","freezing","restaurant",0,0,0,"midday"
41,327,46,281,"weekend","dinner","working","warm","grocery",0,0,0,"night"
41,328,47,281,"weekend","afternoon","travelling","unknown","grocery",0,0,0,"midday"
41,329,48,281,"weekend","evening","unknown","unknown","grocery",0,0,0,"night"
41,331,50,281,"weekend","breakfast","leisure","warm","restaurant",0,0,0,"morning"
41,332,51,281,"weekday","morning","shopping","unknown","grocery",1,0,0,"morning"
41,333,52,281,"weekday","lunch","leisure","warm","grocery",0,0,0,"midday"
41,334,53,281,"weekday","unknown","travelling","warm","restaurant",1,0,0,"unknown"
41,335,54,281,"weekday","lunch","morningrituals","unknown","restaurant",1,0,0,"midday"
41,336,55,281,"weekend","breakfast","working","cold","restaurant",0,0,0,"morning"
41,337,56,281,"weekday","beforelunch","travelling","hot","grocery",0,0,0,"midday"
41,340,59,281,"weekday","beforelunch","travelling","cold","restaurant",0,1,0,"midday"
41,341,60,281,"weekend","afternoon","unknown","cold","grocery",0,1,0,"midday"
41,342,61,281,"weekday","lunch","travelling","cold","grocery",1,1,0,"midday"
41,343,62,281,"weekend","afternoon","unknown","cold","restaurant",0,1,0,"midday"
41,346,65,281,"weekday","earlymorning","travelling","warm","restaurant",0,1,0,"morning"
41,347,66,281,"weekday","evening","travelling","warm","grocery",0,1,0,"night"
41,348,67,281,"weekend","dinner","working","hot","restaurant",1,1,0,"night"
41,349,68,281,"weekday","breakfast","travelling","cold","grocery",0,1,0,"morning"
41,350,69,281,"weekday","breakfast","working","cold","grocery",1,1,0,"morning"
41,351,70,281,"weekend","lunch","travelling","cold","grocery",0,1,0,"midday"
41,353,72,281,"weekday","afternoon","travelling","cold","restaurant",0,1,0,"midday"
41,354,73,281,"weekday","afternoon","shopping","cold","restaurant",0,1,0,"midday"
41,355,74,281,"weekday","afternoon","travelling","freezing","grocery",0,1,0,"midday"
41,356,75,281,"unknown","afternoon","leisure","warm","restaurant",1,1,0,"midday"
41,357,76,281,"weekend","dinner","leisure","cold","grocery",1,1,0,"night"
41,358,77,281,"weekday","lunch","travelling","cold","grocery",1,1,0,"midday"
41,359,78,281,"weekday","dinner","shopping","cold","restaurant",0,1,0,"night"
41,360,79,281,"weekday","afternoon","morningrituals","cold","restaurant",1,1,0,"midday"
41,361,80,281,"weekday","lunch","travelling","warm","restaurant",0,1,0,"midday"
41,362,81,281,"weekend","afternoon","leisure","warm","restaurant",0,1,0,"midday"
41,363,82,281,"weekend","earlymorning","leisure","cold","grocery",0,1,0,"morning"
41,365,84,281,"weekday","afternoon","travelling","cold","grocery",0,1,0,"midday"
41,367,86,281,"weekday","lunch","travelling","warm","restaurant",0,1,0,"midday"
41,369,88,281,"weekday","lunch","shopping","unknown","restaurant",0,1,0,"midday"
41,370,89,281,"weekend","morning","travelling","unknown","grocery",1,1,0,"morning"
41,371,90,281,"weekday","beforelunch","unknown","freezing","restaurant",0,1,0,"midday"
41,372,91,281,"weekday","afternoon","morningrituals","hot","grocery",0,1,0,"midday"
41,374,93,281,"weekend","afternoon","travelling","cold","restaurant",1,1,0,"midday"
41,376,95,281,"weekday","lunch","travelling","freezing","grocery",0,1,0,"midday"
41,377,96,281,"weekend","breakfast","shopping","cold","restaurant",0,1,0,"morning"
41,378,97,281,"weekday","lunch","travelling","freezing","restaurant",0,1,0,"midday"
41,379,98,281,"weekday","afternoon","travelling","hot","restaurant",0,1,0,"midday"
41,380,99,281,"weekday","breakfast","travelling","freezing","grocery",0,1,0,"morning"
41,381,100,281,"weekend","afternoon","travelling","unknown","restaurant",0,1,0,"midday"
41,382,101,281,"weekend","afternoon","travelling","warm","grocery",0,1,0,"midday"
41,383,102,281,"weekday","breakfast","shopping","warm","restaurant",0,1,0,"morning"
41,384,103,281,"weekday","lunch","travelling","cold","grocery",0,1,0,"midday"
41,385,104,281,"weekday","afternoon","morningrituals","unknown","restaurant",0,1,0,"midday"
41,388,107,281,"weekday","lunch","travelling","hot","grocery",0,1,0,"midday"
41,389,108,281,"weekday","lunch","travelling","unknown","restaurant",1,1,0,"midday"
41,390,109,281,"weekday","beforelunch","shopping","unknown","restaurant",0,1,0,"midday"
41,392,111,281,"weekday","lunch","travelling","freezing","restaurant",0,1,0,"midday"
41,393,112,281,"weekend","lunch","unknown","freezing","grocery",0,1,0,"midday"
41,395,114,281,"weekday","afternoon","shopping","freezing","restaurant",0,1,1,"midday"
41,397,116,281,"weekday","afternoon","unknown","cold","restaurant",0,1,1,"midday"
41,398,117,281,"weekday","afternoon","travelling","unknown","grocery",1,1,1,"midday"
41,399,118,281,"weekend","lunch","travelling","warm","restaurant",0,1,1,"midday"
41,400,119,281,"weekend","dinner","leisure","warm","grocery",0,1,1,"night"
41,401,120,281,"weekday","lunch","leisure","cold","restaurant",0,1,1,"midday"
41,402,121,281,"weekend","morning","travelling","freezing","grocery",0,1,1,"morning"
41,404,123,281,"weekday","morning","travelling","cold","grocery",1,1,1,"morning"
41,405,124,281,"weekend","beforelunch","travelling","cold","grocery",1,1,1,"midday"
41,406,125,281,"weekday","lunch","travelling","freezing","grocery",1,1,1,"midday"
41,407,126,281,"weekend","afternoon","travelling","unknown","restaurant",1,1,1,"midday"
41,408,127,281,"weekday","beforelunch","travelling","freezing","grocery",0,1,1,"midday"
41,409,128,281,"weekday","morning","travelling","unknown","grocery",1,1,1,"morning"
41,410,129,281,"weekday","morning","unknown","warm","grocery",0,1,1,"morning"
41,411,130,281,"weekday","dinner","travelling","unknown","restaurant",0,1,1,"night"
41,412,131,281,"weekday","beforelunch","morningrituals","cold","grocery",0,1,1,"midday"
41,413,132,281,"weekday","breakfast","travelling","hot","grocery",0,1,1,"morning"
41,414,133,281,"weekend","morning","working","unknown","restaurant",0,1,1,"morning"
41,415,134,281,"weekday","afternoon","working","freezing","restaurant",0,1,1,"midday"
41,416,135,281,"weekend","morning","unknown","cold","grocery",0,1,1,"morning"
41,417,136,281,"weekday","beforelunch","travelling","unknown","restaurant",1,1,1,"midday"
41,418,137,281,"weekday","lunch","travelling","freezing","restaurant",0,1,1,"midday"
41,419,138,281,"weekend","lunch","unknown","unknown","restaurant",0,1,1,"midday"
41,420,139,281,"weekday","afternoon","travelling","cold","restaurant",0,1,1,"midday"
41,421,140,281,"weekday","breakfast","travelling","unknown","grocery",1,1,1,"morning"
41,422,141,281,"weekday","afternoon","travelling","warm","restaurant",1,1,1,"midday"
41,424,143,281,"weekend","earlymorning","travelling","freezing","grocery",0,1,1,"morning"
41,425,144,281,"weekend","morning","unknown","freezing","restaurant",0,1,1,"morning"
41,427,146,281,"weekday","breakfast","unknown","cold","grocery",0,1,1,"morning"
41,428,147,281,"weekday","breakfast","travelling","cold","restaurant",1,1,1,"morning"
41,429,148,281,"weekday","lunch","travelling","cold","restaurant",1,1,1,"midday"
41,430,149,281,"weekday","morning","shopping","unknown","grocery",1,1,1,"morning"
41,431,150,281,"weekday","beforelunch","travelling","cold","restaurant",0,1,1,"midday"
41,432,151,281,"weekday","afternoon","travelling","warm","restaurant",0,1,1,"midday"
41,433,152,281,"weekend","lunch","travelling","unknown","grocery",1,1,1,"midday"
41,434,153,281,"weekday","dinner","travelling","unknown","restaurant",1,1,1,"night"
41,435,154,281,"weekday","lunch","travelling","warm","grocery",1,1,1,"midday"
41,437,156,281,"weekday","afternoon","travelling","freezing","restaurant",1,1,1,"midday"
41,438,157,281,"weekend","lunch","working","cold","restaurant",0,1,1,"midday"
41,439,158,281,"weekday","lunch","travelling","cold","grocery",0,1,1,"midday"
41,441,160,281,"weekday","lunch","travelling","cold","grocery",0,1,1,"midday"
41,442,161,281,"weekday","dinner","leisure","freezing","grocery",0,1,1,"night"
41,444,163,281,"weekend","afternoon","travelling","freezing","grocery",0,1,1,"midday"
41,447,166,281,"weekend","breakfast","travelling","warm","restaurant",1,1,1,"morning"
41,449,168,281,"weekend","beforelunch","travelling","freezing","restaurant",1,1,1,"midday"
41,451,170,281,"weekend","beforelunch","housework","unknown","restaurant",0,1,1,"midday"
41,452,171,281,"weekday","morning","working","freezing","grocery",0,1,1,"morning"
41,453,172,281,"weekday","afternoon","unknown","warm","grocery",1,1,1,"midday"
41,454,173,281,"weekday","lunch","unknown","unknown","restaurant",0,1,1,"midday"
41,456,175,281,"weekday","morning","travelling","cold","grocery",0,1,1,"morning"
41,457,176,281,"weekend","beforelunch","unknown","warm","grocery",0,1,1,"midday"
41,458,177,281,"weekend","lunch","leisure","warm","restaurant",0,1,1,"midday"
41,459,178,281,"weekday","lunch","working","unknown","grocery",0,1,1,"midday"
41,460,179,281,"weekday","lunch","travelling","hot","restaurant",0,1,1,"midday"
41,461,180,281,"weekday","beforelunch","morningrituals","freezing","grocery",1,1,1,"midday"
41,462,181,281,"weekday","afternoon","shopping","unknown","grocery",0,1,1,"midday"
41,463,182,281,"weekday","afternoon","travelling","cold","restaurant",0,1,1,"midday"
41,464,183,281,"weekday","lunch","travelling","unknown","grocery",0,1,1,"midday"
42,299,14,285,"weekday","unknown","travelling","warm","restaurant",0,0,0,"unknown"
42,318,33,285,"weekday","lunch","unknown","warm","restaurant",0,0,0,"midday"
42,355,70,285,"weekday","beforelunch","travelling","cold","restaurant",0,1,0,"midday"
42,359,74,285,"weekday","afternoon","unknown","unknown","grocery",0,1,0,"midday"
42,399,114,285,"unknown","afternoon","housework","freezing","grocery",0,1,1,"midday"
42,401,116,285,"weekday","latenight","travelling","unknown","restaurant",0,1,1,"night"
42,402,117,285,"weekday","dinner","travelling","hot","grocery",0,1,1,"night"
42,415,130,285,"weekday","lunch","morningrituals","hot","grocery",0,1,1,"midday"
42,418,133,285,"weekend","afternoon","travelling","freezing","grocery",0,1,1,"midday"
42,440,155,285,"weekday","dinner","travelling","cold","grocery",0,1,1,"night"
42,463,178,285,"weekday","breakfast","travelling","warm","restaurant",1,1,1,"morning"
43,290,0,290,"weekday","beforelunch","unknown","warm","grocery",1,0,0,"midday"
43,292,2,290,"weekend","afternoon","working","warm","grocery",1,0,0,"midday"
43,293,3,290,"weekday","beforelunch","shopping","freezing","grocery",0,0,0,"midday"
43,294,4,290,"unknown","breakfast","unknown","unknown","grocery",0,0,0,"morning"
43,300,10,290,"weekday","afternoon","leisure","freezing","restaurant",0,0,0,"midday"
43,303,13,290,"weekday","afternoon","shopping","unknown","restaurant",0,0,0,"midday"
43,309,19,290,"weekday","lunch","travelling","unknown","grocery",0,0,0,"midday"
43,314,24,290,"weekday","afternoon","travelling","warm","restaurant",0,0,0,"midday"
43,317,27,290,"weekday","dinner","unknown","cold","grocery",0,0,0,"night"
43,318,28,290,"weekday","beforelunch","travelling","warm","grocery",0,0,0,"midday"
43,326,36,290,"unknown","morning","travelling","cold","restaurant",0,0,0,"morning"
43,333,43,290,"weekday","afternoon","leisure","warm","restaurant",0,0,0,"midday"
43,335,45,290,"weekend","beforelunch","unknown","freezing","grocery",1,0,0,"midday"
43,336,46,290,"weekday","beforelunch","leisure","cold","grocery",0,0,0,"midday"
43,357,67,290,"weekday","lunch","travelling","cold","restaurant",1,1,0,"midday"
43,369,79,290,"weekday","breakfast","travelling","unknown","grocery",1,1,0,"morning"
43,373,83,290,"weekday","lunch","unknown","hot","restaurant",0,1,0,"midday"
43,381,91,290,"weekday","lunch","travelling","unknown","grocery",0,1,0,"midday"
43,382,92,290,"weekday","afternoon","working","unknown","restaurant",0,1,0,"midday"
43,383,93,290,"weekday","beforelunch","working","hot","restaurant",1,1,0,"midday"
43,393,103,290,"weekday","breakfast","unknown","freezing","grocery",1,1,0,"morning"
43,400,110,290,"weekend","night","travelling","cold","grocery",0,1,0,"night"
43,418,128,290,"weekday","afternoon","travelling","warm","grocery",1,1,1,"midday"
43,425,135,290,"weekend","beforelunch","leisure","cold","restaurant",1,1,1,"midday"
43,432,142,290,"weekend","lunch","working","cold","grocery",1,1,1,"midday"
43,441,151,290,"weekday","beforelunch","working","hot","grocery",1,1,1,"midday"
43,447,157,290,"weekday","afternoon","travelling","unknown","grocery",0,1,1,"midday"
43,448,158,290,"weekday","breakfast","unknown","hot","grocery",0,1,1,"morning"
43,454,164,290,"weekday","evening","leisure","unknown","grocery",0,1,1,"night"
43,456,166,290,"weekend","afternoon","travelling","warm","restaurant",0,1,1,"midday"
43,466,176,290,"weekday","afternoon","travelling","cold","grocery",0,1,1,"midday"
43,471,181,290,"weekday","lunch","housework","hot","grocery",0,1,1,"midday"
43,473,183,290,"weekday","afternoon","morningrituals","cold","grocery",0,1,1,"midday"
44,295,0,295,"weekday","lunch","travelling","cold","grocery",0,0,0,"midday"
44,297,2,295,"weekday","lunch","working","freezing","grocery",0,0,0,"midday"
44,301,6,295,"weekend","afternoon","unknown","cold","grocery",0,0,0,"midday"
44,302,7,295,"weekday","lunch","travelling","freezing","grocery",0,0,0,"midday"
44,305,10,295,"weekend","lunch","travelling","cold","restaurant",0,0,0,"midday"
44,310,15,295,"weekend","lunch","unknown","unknown","grocery",0,0,0,"midday"
44,315,20,295,"weekday","beforelunch","travelling","cold","grocery",0,0,0,"midday"
44,318,23,295,"weekday","breakfast","morningrituals","warm","grocery",0,0,0,"morning"
44,320,25,295,"weekend","afternoon","travelling","cold","restaurant",0,0,0,"midday"
44,321,26,295,"weekday","dinner","travelling","freezing","grocery",1,0,0,"night"
44,323,28,295,"weekday","lunch","travelling","cold","grocery",0,0,0,"midday"
44,326,31,295,"weekday","lunch","shopping","unknown","grocery",0,0,0,"midday"
44,327,32,295,"weekday","morning","unknown","warm","grocery",0,0,0,"morning"
44,329,34,295,"weekend","beforelunch","travelling","warm","grocery",1,0,0,"midday"
44,332,37,295,"weekday","lunch","travelling","warm","restaurant",1,0,0,"midday"
44,335,40,295,"weekday","beforelunch","travelling","warm","restaurant",0,0,0,"midday"
44,338,43,295,"weekend","breakfast","leisure","warm","grocery",0,0,0,"morning"
44,344,49,295,"weekday","afternoon","travelling","cold","restaurant",0,0,0,"midday"
44,345,50,295,"weekend","morning","working","unknown","restaurant",1,0,0,"morning"
44,346,51,295,"weekend","lunch","travelling","warm","grocery",1,0,0,"midday"
44,347,52,295,"weekday","afternoon","working","hot","restaurant",1,0,0,"midday"
44,350,55,295,"weekday","beforelunch","travelling","hot","restaurant",0,0,0,"midday"
44,354,59,295,"weekday","morning","unknown","warm","restaurant",0,1,0,"morning"
44,361,66,295,"weekend","lunch","working","cold","grocery",1,1,0,"midday"
44,362,67,295,"weekend","lunch","unknown","hot","restaurant",0,1,0,"midday"
44,363,68,295,"weekday","breakfast","travelling","cold","grocery",1,1,0,"morning"
44,364,69,295,"weekend","beforelunch","unknown","cold","restaurant",0,1,0,"midday"
44,367,72,295,"weekday","morning","travelling","cold","grocery",0,1,0,"morning"
44,369,74,295,"weekday","beforelunch","travelling","warm","restaurant",0,1,0,"midday"
44,370,75,295,"weekend","afternoon","working","unknown","restaurant",0,1,0,"midday"
44,371,76,295,"weekday","beforelunch","travelling","freezing","grocery",1,1,0,"midday"
44,372,77,295,"weekday","afternoon","travelling","unknown","grocery",1,1,0,"midday"
44,373,78,295,"weekend","lunch","working","unknown","restaurant",0,1,0,"midday"
44,375,80,295,"weekday","night","unknown","warm","restaurant",0,1,0,"night"
44,376,81,295,"weekday","breakfast","unknown","unknown","restaurant",0,1,0,"morning"
44,380,85,295,"weekday","breakfast","travelling","freezing","grocery",0,1,0,"morning"
44,381,86,295,"weekday","lunch","travelling","freezing","restaurant",1,1,0,"midday"
44,382,87,295,"weekend","beforelunch","travelling","warm","grocery",1,1,0,"midday"
44,383,88,295,"weekday","breakfast","travelling","cold","restaurant",1,1,0,"morning"
44,384,89,295,"weekday","beforelunch","travelling","cold","restaurant",0,1,0,"midday"
44,386,91,295,"weekday","beforelunch","travelling","warm","grocery",0,1,0,"midday"
44,387,92,295,"weekday","afternoon","shopping","cold","restaurant",1,1,0,"midday"
44,390,95,295,"weekday","evening","travelling","unknown","grocery",0,1,0,"night"
44,391,96,295,"weekday","beforelunch","unknown","cold","restaurant",1,1,0,"midday"
44,395,100,295,"weekday","morning","leisure","unknown","restaurant",0,1,0,"morning"
44,400,105,295,"weekday","latenight","travelling","hot","grocery",1,1,0,"night"
44,401,106,295,"weekday","breakfast","morningrituals","unknown","restaurant",1,1,0,"morning"
44,403,108,295,"weekday","breakfast","travelling","freezing","grocery",0,1,0,"morning"
44,404,109,295,"weekday","afternoon","travelling","freezing","grocery",0,1,0,"midday"
44,406,111,295,"weekday","beforelunch","working","unknown","grocery",0,1,0,"midday"
44,409,114,295,"weekend","lunch","travelling","warm","restaurant",1,1,1,"midday"
44,411,116,295,"weekday","lunch","travelling","unknown","restaurant",1,1,1,"midday"
44,415,120,295,"weekday","dinner","travelling","warm","grocery",0,1,1,"night"
44,416,121,295,"weekday","afternoon","leisure","hot","restaurant",0,1,1,"midday"
44,417,122,295,"weekend","afternoon","travelling","cold","grocery",0,1,1,"midday"
44,419,124,295,"weekday","lunch","unknown","unknown","grocery",0,1,1,"midday"
44,421,126,295,"weekday","morning","travelling","cold","restaurant",0,1,1,"morning"
44,426,131,295,"weekend","lunch","unknown","unknown","grocery",0,1,1,"midday"
44,428,133,295,"weekday","beforelunch","unknown","freezing","restaurant",0,1,1,"midday"
44,429,134,295,"weekend","lunch","travelling","warm","grocery",0,1,1,"midday"
44,430,135,295,"weekday","beforelunch","travelling","freezing","restaurant",0,1,1,"midday"
44,431,136,295,"weekday","lunch","leisure","unknown","restaurant",0,1,1,"midday"
44,432,137,295,"weekday","beforelunch","travelling","warm","restaurant",0,1,1,"midday"
44,435,140,295,"weekday","dinner","working","freezing","restaurant",0,1,1,"night"
44,436,141,295,"weekend","afternoon","travelling","warm","restaurant",0,1,1,"midday"
44,437,142,295,"weekday","dinner","travelling","cold","grocery",1,1,1,"night"
44,439,144,295,"weekday","beforelunch","working","freezing","restaurant",1,1,1,"midday"
44,443,148,295,"weekday","breakfast","travelling","hot","restaurant",0,1,1,"morning"
44,447,152,295,"weekday","afternoon","travelling","warm","grocery",1,1,1,"midday"
44,448,153,295,"weekend","night","working","cold","grocery",1,1,1,"night"
44,450,155,295,"weekend","breakfast","unknown","unknown","grocery",0,1,1,"morning"
44,451,156,295,"unknown","morning","leisure","warm","grocery",0,1,1,"morning"
44,452,157,295,"weekday","lunch","travelling","hot","restaurant",0,1,1,"midday"
44,453,158,295,"weekday","beforelunch","morningrituals","cold","restaurant",0,1,1,"midday"
44,461,166,295,"weekday","lunch","travelling","hot","grocery",1,1,1,"midday"
44,465,170,295,"weekday","beforelunch","travelling","unknown","grocery",1,1,1,"midday"
44,466,171,295,"weekday","lunch","leisure","freezing","restaurant",1,1,1,"midday"
44,469,174,295,"weekday","afternoon","travelling","hot","grocery",1,1,1,"midday"
44,471,176,295,"weekday","dinner","travelling","cold","grocery",0,1,1,"night"
44,472,177,295,"weekday","beforelunch","leisure","warm","grocery",0,1,1,"midday"
44,473,178,295,"weekday","lunch","leisure","warm","grocery",1,1,1,"midday"
44,476,181,295,"weekend","afternoon","travelling","unknown","grocery",0,1,1,"midday"
44,477,182,295,"weekday","lunch","morningrituals","hot","restaurant",0,1,1,"midday"
45,312,12,300,"weekend","afternoon","unknown","cold","grocery",0,0,0,"midday"
45,315,15,300,"weekday","beforelunch","leisure","unknown","grocery",0,0,0,"midday"
45,325,25,300,"weekday","evening","travelling","cold","restaurant",0,0,0,"night"
45,329,29,300,"weekend","afternoon","unknown","warm","grocery",0,0,0,"midday"
45,334,34,300,"weekday","lunch","travelling","freezing","restaurant",0,0,0,"midday"
45,337,37,300,"weekend","afternoon","working","unknown","restaurant",0,0,0,"midday"
45,338,38,300,"weekday","breakfast","working","unknown","grocery",0,0,0,"morning"
45,339,39,300,"weekday","morning","working","warm","grocery",0,0,0,"morning"
45,340,40,300,"unknown","afternoon","unknown","freezing","grocery",1,0,0,"midday"
45,341,41,300,"weekday","afternoon","working","unknown","restaurant",1,0,0,"midday"
45,352,52,300,"weekend","night","travelling","hot","restaurant",0,0,0,"night"
45,354,54,300,"weekday","afternoon","unknown","unknown","grocery",0,0,0,"midday"
45,355,55,300,"weekday","breakfast","travelling","cold","grocery",0,0,0,"morning"
45,364,64,300,"weekday","night","travelling","cold","grocery",0,1,0,"night"
45,368,68,300,"weekend","afternoon","travelling","freezing","restaurant",0,1,0,"midday"
45,378,78,300,"weekday","afternoon","travelling","hot","grocery",1,1,0,"midday"
45,397,97,300,"weekday","afternoon","travelling","cold","grocery",1,1,0,"midday"
45,398,98,300,"weekday","breakfast","leisure","cold","restaurant",1,1,0,"morning"
45,400,100,300,"weekday","evening","travelling","unknown","grocery",0,1,0,"night"
45,401,101,300,"weekday","evening","travelling","freezing","grocery",0,1,0,"night"
45,414,114,300,"weekend","earlymorning","travelling","hot","restaurant",0,1,1,"morning"
45,415,115,300,"weekend","beforelunch","travelling","unknown","grocery",1,1,1,"midday"
45,419,119,300,"weekday","afternoon","travelling","unknown","restaurant",0,1,1,"midday"
45,422,122,300,"weekday","afternoon","leisure","warm","restaurant",0,1,1,"midday"
45,424,124,300,"weekday","lunch","travelling","hot","grocery",1,1,1,"midday"
45,429,129,300,"weekday","lunch","unknown","cold","restaurant",1,1,1,"midday"
45,430,130,300,"weekday","lunch","unknown","cold","grocery",1,1,1,"midday"
45,432,132,300,"weekday","afternoon","working","warm","grocery",0,1,1,"midday"
45,433,133,300,"weekday","lunch","travelling","freezing","restaurant",0,1,1,"midday"
45,439,139,300,"weekend","lunch","travelling","freezing","grocery",0,1,1,"midday"
45,453,153,300,"weekday","breakfast","travelling","unknown","grocery",0,1,1,"morning"
45,460,160,300,"weekday","lunch","travelling","freezing","restaurant",0,1,1,"midday"
45,474,174,300,"weekday","breakfast","travelling","cold","restaurant",1,1,1,"morning"
46,307,1,306,"weekday","breakfast","travelling","unknown","grocery",0,0,0,"morning"
46,308,2,306,"weekday","lunch","shopping","cold","restaurant",0,0,0,"midday"
46,313,7,306,"weekday","breakfast","unknown","cold","grocery",1,0,0,"morning"
46,315,9,306,"weekend","beforelunch","travelling","warm","restaurant",0,0,0,"midday"
46,316,10,306,"weekday","afternoon","working","unknown","grocery",0,0,0,"midday"
46,319,13,306,"weekday","breakfast","leisure","cold","grocery",0,0,0,"morning"
46,321,15,306,"weekend","lunch","working","cold","restaurant",1,0,0,"midday"
46,326,20,306,"weekend","earlymorning","shopping","unknown","grocery",0,0,0,"morning"
46,327,21,306,"weekday","afternoon","travelling","unknown","grocery",0,0,0,"midday"
46,328,22,306,"weekday","afternoon","travelling","cold","restaurant",0,0,0,"midday"
46,331,25,306,"weekend","afternoon","working","freezing","restaurant",0,0,0,"midday"
46,333,27,306,"weekday","afternoon","leisure","hot","restaurant",1,0,0,"midday"
46,334,28,306,"weekday","dinner","unknown","warm","grocery",1,0,0,"night"
46,335,29,306,"weekend","dinner","travelling","warm","grocery",1,0,0,"night"
46,337,31,306,"weekday","breakfast","travelling","unknown","grocery",0,0,0,"morning"
46,338,32,306,"weekend","night","unknown","freezing","restaurant",1,0,0,"night"
46,340,34,306,"weekday","lunch","leisure","warm","restaurant",0,0,0,"midday"
46,341,35,306,"weekday","morning","leisure","cold","grocery",0,0,0,"morning"
46,342,36,306,"weekend","lunch","travelling","freezing","restaurant",1,0,0,"midday"
46,343,37,306,"weekday","morning","travelling","warm","restaurant",1,0,0,"morning"
46,345,39,306,"weekend","breakfast","travelling","warm","restaurant",0,0,0,"morning"
46,346,40,306,"weekday","afternoon","travelling","unknown","grocery",1,0,0,"midday"
46,349,43,306,"weekday","lunch","leisure","cold","restaurant",0,0,0,"midday"
46,350,44,306,"weekday","beforelunch","travelling","freezing","restaurant",0,0,0,"midday"
46,351,45,306,"weekday","beforelunch","travelling","cold","restaurant",1,0,0,"midday"
46,353,47,306,"weekend","breakfast","morningrituals","cold","grocery",1,0,0,"morning"
46,354,48,306,"weekend","lunch","travelling","hot","grocery",0,0,0,"midday"
46,357,51,306,"weekday","beforelunch","working","unknown","grocery",1,0,0,"midday"
46,358,52,306,"weekday","afternoon","travelling","unknown","grocery",1,0,0,"midday"
46,359,53,306,"weekday","dinner","travelling","unknown","grocery",0,0,0,"night"
46,362,56,306,"weekday","afternoon","travelling","unknown","restaurant",1,0,0,"midday"
46,365,59,306,"weekend","afternoon","morningrituals","freezing","grocery",0,1,0,"midday"
46,366,60,306,"weekday","breakfast","unknown","hot","restaurant",1,1,0,"morning"
46,368,62,306,"weekday","morning","travelling","hot","grocery",1,1,0,"morning"
46,369,63,306,"weekday","unknown","travelling","cold","restaurant",0,1,0,"unknown"
46,370,64,306,"unknown","breakfast","travelling","cold","restaurant",0,1,0,"morning"
46,373,67,306,"weekday","lunch","travelling","hot","grocery",1,1,0,"midday"
46,375,69,306,"weekend","lunch","unknown","cold","grocery",0,1,0,"midday"
46,376,70,306,"weekday","beforelunch","travelling","unknown","restaurant",0,1,0,"midday"
46,377,71,306,"weekday","morning","leisure","warm","grocery",1,1,0,"morning"
46,378,72,306,"unknown","beforelunch","travelling","freezing","restaurant",0,1,0,"midday"
46,379,73,306,"weekend","lunch","leisure","cold","restaurant",0,1,0,"midday"
46,381,75,306,"weekday","beforelunch","travelling","unknown","grocery",0,1,0,"midday"
46,382,76,306,"weekday","afternoon","travelling","hot","restaurant",0,1,0,"midday"
46,383,77,306,"weekday","breakfast","travelling","cold","restaurant",0,1,0,"morning"
46,384,78,306,"weekday","afternoon","travelling","unknown","grocery",0,1,0,"midday"
46,385,79,306,"weekend","morning","travelling","freezing","restaurant",0,1,0,"morning"
46,386,80,306,"weekend","beforelunch","unknown","cold","restaurant",0,1,0,"midday"
46,392,86,306,"weekday","lunch","travelling","freezing","grocery",1,1,0,"midday"
46,393,87,306,"weekday","afternoon","travelling","freezing","grocery",0,1,0,"midday"
46,394,88,306,"weekday","night","travelling","freezing","restaurant",0,1,0,"night"
46,395,89,306,"weekday","morning","travelling","cold","restaurant",0,1,0,"morning"
46,398,92,306,"weekday","lunch","travelling","warm","grocery",0,1,0,"midday"
46,399,93,306,"weekend","breakfast","unknown","hot","restaurant",0,1,0,"morning"
46,400,94,306,"weekday","afternoon","working","unknown","grocery",0,1,0,"midday"
46,401,95,306,"weekend","lunch","unknown","warm","restaurant",0,1,0,"midday"
46,402,96,306,"weekend","beforelunch","unknown","freezing","restaurant",0,1,0,"midday"
46,406,100,306,"weekend","afternoon","unknown","unknown","grocery",1,1,0,"midday"
46,408,102,306,"weekday","beforelunch","travelling","cold","grocery",1,1,0,"midday"
46,409,103,306,"weekday","beforelunch","travelling","unknown","restaurant",0,1,0,"midday"
46,410,104,306,"weekend","afternoon","morningrituals","freezing","restaurant",0,1,0,"midday"
46,411,105,306,"weekday","lunch","unknown","cold","grocery",1,1,0,"midday"
46,412,106,306,"weekday","breakfast","shopping","unknown","grocery",1,1,0,"morning"
46,413,107,306,"weekday","beforelunch","leisure","warm","grocery",1,1,0,"midday"
46,414,108,306,"weekday","dinner","travelling","hot","grocery",0,1,0,"night"
46,416,110,306,"weekday","unknown","travelling","freezing","restaurant",0,1,0,"unknown"
46,417,111,306,"weekend","lunch","shopping","unknown","restaurant",0,1,0,"midday"
46,418,112,306,"weekend","afternoon","shopping","freezing","restaurant",0,1,0,"midday"
46,420,114,306,"weekend","dinner","shopping","cold","restaurant",0,1,1,"night"
46,422,116,306,"weekday","afternoon","unknown","cold","restaurant",0,1,1,"midday"
46,427,121,306,"weekday","morning","unknown","unknown","restaurant",0,1,1,"morning"
46,428,122,306,"weekday","afternoon","unknown","cold","restaurant",1,1,1,"midday"
46,429,123,306,"weekday","breakfast","travelling","unknown","restaurant",0,1,1,"morning"
46,430,124,306,"weekend","beforelunch","unknown","warm","restaurant",0,1,1,"midday"
46,434,128,306,"weekday","beforelunch","unknown","unknown","grocery",1,1,1,"midday"
46,436,130,306,"weekday","afternoon","working","warm","grocery",1,1,1,"midday"
46,439,133,306,"weekday","dinner","travelling","freezing","restaurant",0,1,1,"night"
46,440,134,306,"weekday","breakfast","travelling","unknown","grocery",1,1,1,"morning"
46,441,135,306,"weekday","beforelunch","travelling","cold","grocery",1,1,1,"midday"
46,444,138,306,"unknown","breakfast","travelling","freezing","grocery",0,1,1,"morning"
46,446,140,306,"weekday","breakfast","travelling","unknown","restaurant",0,1,1,"morning"
46,448,142,306,"weekday","lunch","travelling","freezing","grocery",1,1,1,"midday"
46,449,143,306,"weekday","earlymorning","unknown","freezing","restaurant",0,1,1,"morning"
46,452,146,306,"weekend","breakfast","travelling","hot","restaurant",0,1,1,"morning"
46,453,147,306,"weekday","breakfast","unknown","unknown","restaurant",1,1,1,"morning"
46,454,148,306,"weekday","lunch","travelling","freezing","restaurant",0,1,1,"midday"
46,455,149,306,"weekend","lunch","travelling","freezing","grocery",1,1,1,"midday"
46,458,152,306,"weekday","morning","unknown","unknown","grocery",0,1,1,"morning"
46,461,155,306,"weekday","unknown","travelling","unknown","restaurant",1,1,1,"unknown"
46,468,162,306,"weekday","lunch","travelling","unknown","grocery",0,1,1,"midday"
46,470,164,306,"weekday","lunch","working","unknown","restaurant",0,1,1,"midday"
46,472,166,306,"weekday","afternoon","travelling","cold","restaurant",0,1,1,"midday"
46,474,168,306,"weekday","beforelunch","travelling","cold","grocery",0,1,1,"midday"
46,476,170,306,"weekday","breakfast","working","hot","restaurant",0,1,1,"morning"
46,477,171,306,"weekend","afternoon","unknown","unknown","grocery",1,1,1,"midday"
46,478,172,306,"unknown","unknown","travelling","unknown","grocery",0,1,1,"unknown"
46,483,177,306,"weekend","evening","travelling","warm","restaurant",0,1,1,"night"
46,486,180,306,"weekday","latenight","travelling","warm","restaurant",0,1,1,"night"
46,487,181,306,"weekday","dinner","travelling","unknown","grocery",0,1,1,"night"
47,310,1,309,"weekday","beforelunch","travelling","unknown","restaurant",0,0,0,"midday"
47,311,2,309,"weekend","lunch","travelling","freezing","grocery",0,0,0,"midday"
47,312,3,309,"weekend","lunch","travelling","cold","grocery",1,0,0,"midday"
47,313,4,309,"weekday","afternoon","travelling","cold","restaurant",0,0,0,"midday"
47,315,6,309,"weekday","morning","travelling","unknown","grocery",1,0,0,"morning"
47,316,7,309,"weekday","beforelunch","travelling","freezing","grocery",0,0,0,"midday"
47,318,9,309,"weekday","afternoon","travelling","freezing","restaurant",0,0,0,"midday"
47,321,12,309,"weekend","evening","leisure","unknown","grocery",1,0,0,"night"
47,323,14,309,"weekend","lunch","travelling","cold","grocery",0,0,0,"midday"
47,324,15,309,"weekend","lunch","travelling","freezing","restaurant",0,0,0,"midday"
47,325,16,309,"weekend","lunch","working","unknown","restaurant",0,0,0,"midday"
47,326,17,309,"weekday","beforelunch","leisure","warm","grocery",1,0,0,"midday"
47,327,18,309,"weekday","afternoon","travelling","freezing","restaurant",0,0,0,"midday"
47,328,19,309,"weekday","afternoon","travelling","cold","grocery",0,0,0,"midday"
47,329,20,309,"weekday","afternoon","working","warm","grocery",0,0,0,"midday"
47,330,21,309,"weekday","beforelunch","travelling","warm","grocery",1,0,0,"midday"
47,331,22,309,"weekday","lunch","travelling","cold","restaurant",0,0,0,"midday"
47,332,23,309,"weekday","beforelunch","shopping","freezing","grocery",0,0,0,"midday"
47,335,26,309,"weekend","morning","travelling","freezing","grocery",0,0,0,"morning"
47,336,27,309,"weekday","lunch","working","hot","grocery",1,0,0,"midday"
47,338,29,309,"weekday","afternoon","travelling","unknown","grocery",0,0,0,"midday"
47,340,31,309,"weekend","lunch","travelling","hot","grocery",1,0,0,"midday"
47,341,32,309,"weekend","lunch","travelling","hot","grocery",0,0,0,"midday"
47,342,33,309,"weekend","lunch","shopping","unknown","grocery",0,0,0,"midday"
47,343,34,309,"weekday","breakfast","travelling","warm","grocery",1,0,0,"morning"
47,345,36,309,"weekend","night","housework","cold","restaurant",0,0,0,"night"
47,347,38,309,"weekday","dinner","unknown","hot","grocery",1,0,0,"night"
47,348,39,309,"weekday","beforelunch","travelling","cold","grocery",0,0,0,"midday"
47,350,41,309,"weekday","lunch","shopping","warm","grocery",0,0,0,"midday"
47,351,42,309,"weekday","afternoon","shopping","freezing","grocery",1,0,0,"midday"
47,352,43,309,"weekday","afternoon","leisure","cold","restaurant",1,0,0,"midday"
47,353,44,309,"weekend","breakfast","travelling","warm","restaurant",1,0,0,"morning"
47,354,45,309,"weekday","lunch","working","hot","restaurant",1,0,0,"midday"
47,359,50,309,"weekday","afternoon","travelling","unknown","restaurant",1,0,0,"midday"
47,361,52,309,"weekday","afternoon","travelling","freezing","restaurant",1,0,0,"midday"
47,363,54,309,"weekend","afternoon","leisure","freezing","grocery",0,0,0,"midday"
47,364,55,309,"weekday","afternoon","working","freezing","restaurant",0,0,0,"midday"
47,366,57,309,"weekday","beforelunch","unknown","cold","grocery",0,1,0,"midday"
47,367,58,309,"weekday","lunch","working","freezing","restaurant",0,1,0,"midday"
47,368,59,309,"weekday","beforelunch","travelling","unknown","grocery",0,1,0,"midday"
47,371,62,309,"weekend","night","travelling","unknown","grocery",0,1,0,"night"
47,373,64,309,"weekday","morning","working","freezing","grocery",0,1,0,"morning"
47,374,65,309,"weekday","lunch","working","cold","restaurant",0,1,0,"midday"
47,378,69,309,"weekend","beforelunch","unknown","warm","restaurant",0,1,0,"midday"
47,380,71,309,"weekday","lunch","travelling","unknown","restaurant",0,1,0,"midday"
47,382,73,309,"weekday","lunch","unknown","hot","restaurant",0,1,0,"midday"
47,384,75,309,"weekday","beforelunch","unknown","freezing","grocery",1,1,0,"midday"
47,385,76,309,"weekday","beforelunch","travelling","warm","restaurant",0,1,0,"midday"
47,386,77,309,"weekend","beforelunch","travelling","unknown","grocery",0,1,0,"midday"
47,387,78,309,"weekday","earlymorning","leisure","unknown","grocery",0,1,0,"morning"
47,390,81,309,"weekday","breakfast","shopping","freezing","restaurant",0,1,0,"morning"
47,391,82,309,"weekday","beforelunch","working","freezing","grocery",0,1,0,"midday"
47,392,83,309,"weekday","lunch","travelling","freezing","grocery",1,1,0,"midday"
47,393,84,309,"weekday","earlymorning","working","cold","restaurant",0,1,0,"morning"
47,394,85,309,"weekday","afternoon","unknown","cold","restaurant",1,1,0,"midday"
47,396,87,309,"weekday","lunch","travelling","cold","restaurant",1,1,0,"midday"
47,397,88,309,"weekday","morning","travelling","freezing","grocery",0,1,0,"morning"
47,398,89,309,"weekday","breakfast","unknown","cold","restaurant",0,1,0,"morning"
47,399,90,309,"weekday","lunch","leisure","freezing","grocery",1,1,0,"midday"
47,400,91,309,"weekday","lunch","travelling","freezing","restaurant",1,1,0,"midday"
47,401,92,309,"weekday","afternoon","leisure","hot","restaurant",0,1,0,"midday"
47,405,96,309,"weekend","lunch","leisure","unknown","grocery",0,1,0,"midday"
47,408,99,309,"weekday","afternoon","unknown","unknown","grocery",1,1,0,"midday"
47,409,100,309,"weekday","lunch","shopping","freezing","restaurant",0,1,0,"midday"
47,410,101,309,"weekday","afternoon","travelling","freezing","grocery",1,1,0,"midday"
47,413,104,309,"weekday","afternoon","travelling","cold","grocery",1,1,0,"midday"
47,414,105,309,"weekend","afternoon","working","freezing","grocery",0,1,0,"midday"
47,415,106,309,"weekday","unknown","shopping","freezing","grocery",1,1,0,"unknown"
47,416,107,309,"weekday","lunch","travelling","warm","restaurant",0,1,0,"midday"
47,417,108,309,"weekend","lunch","travelling","cold","restaurant",0,1,0,"midday"
47,420,111,309,"weekday","unknown","unknown","freezing","restaurant",1,1,0,"unknown"
47,423,114,309,"weekday","lunch","travelling","unknown","restaurant",0,1,1,"midday"
47,426,117,309,"weekday","afternoon","travelling","unknown","restaurant",0,1,1,"midday"
47,428,119,309,"weekday","beforelunch","workingout","freezing","grocery",0,1,1,"midday"
47,429,120,309,"weekday","afternoon","travelling","unknown","restaurant",0,1,1,"midday"
47,430,121,309,"weekday","afternoon","travelling","freezing","restaurant",1,1,1,"midday"
47,431,122,309,"weekday","lunch","unknown","freezing","grocery",0,1,1,"midday"
47,434,125,309,"weekday","afternoon","housework","unknown","restaurant",0,1,1,"midday"
47,435,126,309,"weekend","beforelunch","working","freezing","grocery",0,1,1,"midday"
47,438,129,309,"weekday","night","travelling","cold","restaurant",0,1,1,"night"
47,439,130,309,"weekday","lunch","travelling","unknown","restaurant",0,1,1,"midday"
47,440,131,309,"weekday","afternoon","unknown","freezing","restaurant",0,1,1,"midday"
47,442,133,309,"weekday","afternoon","leisure","freezing","restaurant",0,1,1,"midday"
47,443,134,309,"weekday","breakfast","leisure","warm","restaurant",1,1,1,"morning"
47,444,135,309,"weekday","breakfast","travelling","cold","restaurant",1,1,1,"morning"
47,445,136,309,"weekend","lunch","leisure","cold","restaurant",0,1,1,"midday"
47,446,137,309,"weekday","morning","leisure","cold","restaurant",1,1,1,"morning"
47,447,138,309,"weekday","afternoon","leisure","warm","grocery",0,1,1,"midday"
47,451,142,309,"weekday","breakfast","shopping","freezing","restaurant",1,1,1,"morning"
47,452,143,309,"weekday","afternoon","travelling","warm","grocery",0,1,1,"midday"
47,453,144,309,"weekday","afternoon","shopping","unknown","grocery",1,1,1,"midday"
47,454,145,309,"weekday","morning","shopping","freezing","restaurant",0,1,1,"morning"
47,455,146,309,"weekday","unknown","travelling","cold","grocery",0,1,1,"unknown"
47,456,147,309,"weekday","lunch","working","unknown","grocery",0,1,1,"midday"
47,457,148,309,"weekday","beforelunch","unknown","unknown","grocery",0,1,1,"midday"
47,459,150,309,"weekday","afternoon","leisure","freezing","restaurant",1,1,1,"midday"
47,460,151,309,"weekday","morning","travelling","warm","restaurant",1,1,1,"morning"
47,461,152,309,"weekday","evening","travelling","cold","grocery",1,1,1,"night"
47,463,154,309,"weekend","latenight","leisure","freezing","restaurant",0,1,1,"night"
47,465,156,309,"weekend","lunch","travelling","freezing","restaurant",0,1,1,"midday"
47,467,158,309,"weekday","morning","travelling","freezing","restaurant",0,1,1,"morning"
47,468,159,309,"weekday","lunch","travelling","hot","restaurant",1,1,1,"midday"
47,469,160,309,"weekend","breakfast","leisure","cold","restaurant",0,1,1,"morning"
47,471,162,309,"weekend","afternoon","travelling","freezing","restaurant",1,1,1,"midday"
47,472,163,309,"weekday","lunch","working","unknown","restaurant",0,1,1,"midday"
47,473,164,309,"weekday","afternoon","travelling","hot","restaurant",0,1,1,"midday"
47,474,165,309,"weekday","lunch","unknown","warm","restaurant",1,1,1,"midday"
47,476,167,309,"weekend","lunch","unknown","warm","grocery",0,1,1,"midday"
47,477,168,309,"weekday","beforelunch","housework","warm","grocery",1,1,1,"midday"
47,478,169,309,"weekday","afternoon","travelling","freezing","grocery",0,1,1,"midday"
47,480,171,309,"weekday","night","travelling","hot","restaurant",0,1,1,"night"
47,483,174,309,"weekday","afternoon","travelling","unknown","restaurant",1,1,1,"midday"
47,484,175,309,"weekend","lunch","unknown","warm","restaurant",0,1,1,"midday"
47,485,176,309,"weekday","beforelunch","morningrituals","cold","restaurant",0,1,1,"midday"
47,486,177,309,"weekday","dinner","unknown","warm","grocery",0,1,1,"night"
47,487,178,309,"weekend","afternoon","travelling","freezing","restaurant",1,1,1,"midday"
47,490,181,309,"weekday","lunch","unknown","hot","grocery",0,1,1,"midday"
47,491,182,309,"weekend","afternoon","travelling","unknown","grocery",0,1,1,"midday"
48,313,3,310,"weekend","lunch","shopping","cold","restaurant",0,0,0,"midday"
48,315,5,310,"weekday","lunch","travelling","cold","grocery",0,0,0,"midday"
48,325,15,310,"weekday","breakfast","working","freezing","restaurant",0,0,0,"morning"
48,326,16,310,"weekend","latenight","travelling","warm","grocery",1,0,0,"night"
48,329,19,310,"weekday","afternoon","travelling","freezing","grocery",0,0,0,"midday"
48,335,25,310,"weekend","afternoon","travelling","warm","restaurant",0,0,0,"midday"
48,337,27,310,"weekday","afternoon","travelling","unknown","grocery",0,0,0,"midday"
48,338,28,310,"weekday","lunch","travelling","unknown","restaurant",0,0,0,"midday"
48,347,37,310,"weekday","beforelunch","travelling","cold","grocery",0,0,0,"midday"
48,350,40,310,"weekday","lunch","travelling","warm","restaurant",0,0,0,"midday"
48,355,45,310,"weekday","lunch","travelling","cold","grocery",0,0,0,"midday"
48,361,51,310,"weekday","afternoon","leisure","warm","grocery",0,0,0,"midday"
48,362,52,310,"weekday","lunch","travelling","warm","grocery",0,0,0,"midday"
48,369,59,310,"weekend","breakfast","unknown","hot","grocery",1,1,0,"morning"
48,371,61,310,"weekday","lunch","unknown","freezing","grocery",1,1,0,"midday"
48,375,65,310,"weekday","afternoon","working","cold","grocery",0,1,0,"midday"
48,379,69,310,"weekday","breakfast","travelling","unknown","restaurant",1,1,0,"morning"
48,380,70,310,"weekend","afternoon","travelling","freezing","restaurant",1,1,0,"midday"
48,381,71,310,"weekday","lunch","shopping","freezing","restaurant",0,1,0,"midday"
48,384,74,310,"weekday","afternoon","travelling","unknown","grocery",0,1,0,"midday"
48,386,76,310,"weekend","lunch","unknown","freezing","grocery",1,1,0,"midday"
48,390,80,310,"weekday","morning","unknown","unknown","grocery",0,1,0,"morning"
48,393,83,310,"weekday","beforelunch","travelling","freezing","grocery",0,1,0,"midday"
48,395,85,310,"weekend","morning","travelling","cold","grocery",0,1,0,"morning"
48,396,86,310,"weekend","lunch","social","unknown","grocery",0,1,0,"midday"
48,398,88,310,"unknown","afternoon","travelling","unknown","restaurant",1,1,0,"midday"
48,407,97,310,"weekend","afternoon","leisure","unknown","restaurant",0,1,0,"midday"
48,411,101,310,"weekday","afternoon","travelling","cold","grocery",0,1,0,"midday"
48,414,104,310,"weekday","afternoon","travelling","freezing","grocery",0,1,0,"midday"
48,419,109,310,"weekday","afternoon","shopping","cold","restaurant",1,1,0,"midday"
48,420,110,310,"weekday","beforelunch","unknown","cold","grocery",0,1,0,"midday"
48,422,112,310,"weekday","afternoon","working","hot","grocery",0,1,0,"midday"
48,424,114,310,"weekday","afternoon","travelling","cold","grocery",0,1,1,"midday"
48,425,115,310,"weekday","morning","travelling","cold","grocery",0,1,1,"morning"
48,429,119,310,"weekday","lunch","travelling","unknown","restaurant",1,1,1,"midday"
48,430,120,310,"weekday","dinner","travelling","hot","restaurant",0,1,1,"night"
48,435,125,310,"weekday","afternoon","unknown","unknown","restaurant",1,1,1,"midday"
48,442,132,310,"weekend","beforelunch","working","freezing","grocery",0,1,1,"midday"
48,452,142,310,"weekday","afternoon","leisure","warm","grocery",0,1,1,"midday"
48,455,145,310,"weekday","afternoon","travelling","cold","restaurant",0,1,1,"midday"
48,459,149,310,"weekday","afternoon","unknown","unknown","restaurant",1,1,1,"midday"
48,460,150,310,"weekend","morning","travelling","cold","grocery",0,1,1,"morning"
48,462,152,310,"weekday","lunch","travelling","cold","grocery",0,1,1,"midday"
48,463,153,310,"weekday","lunch","leisure","freezing","grocery",1,1,1,"midday"
48,473,163,310,"weekday","beforelunch","travelling","freezing","grocery",0,1,1,"midday"
48,480,170,310,"weekday","afternoon","working","freezing","restaurant",0,1,1,"midday"
48,483,173,310,"weekday","afternoon","unknown","warm","grocery",0,1,1,"midday"
48,484,174,310,"weekday","dinner","leisure","unknown","grocery",1,1,1,"night"
48,486,176,310,"weekend","lunch","unknown","freezing","restaurant",0,1,1,"midday"
48,487,177,310,"weekday","unknown","travelling","unknown","restaurant",0,1,1,"unknown"
48,490,180,310,"unknown","breakfast","travelling","hot","grocery",0,1,1,"morning"
48,491,181,310,"weekday","lunch","leisure","cold","restaurant",0,1,1,"midday"
49,316,0,316,"weekday","lunch","unknown","cold","restaurant",0,0,0,"midday"
49,318,2,316,"weekend","afternoon","leisure","unknown","grocery",0,0,0,"midday"
49,319,3,316,"weekday","unknown","travelling","unknown","restaurant",1,0,0,"unknown"
49,320,4,316,"weekday","breakfast","travelling","freezing","grocery",0,0,0,"morning"
49,321,5,316,"weekday","lunch","shopping","cold","grocery",0,0,0,"midday"
49,322,6,316,"weekday","afternoon","travelling","warm","restaurant",0,0,0,"midday"
49,324,8,316,"weekend","lunch","unknown","unknown","restaurant",1,0,0,"midday"
49,325,9,316,"weekend","afternoon","travelling","hot","restaurant",0,0,0,"midday"
49,328,12,316,"unknown","afternoon","travelling","cold","grocery",0,0,0,"midday"
49,331,15,316,"weekday","afternoon","travelling","cold","grocery",0,0,0,"midday"
49,332,16,316,"weekday","lunch","unknown","warm","grocery",1,0,0,"midday"
49,335,19,316,"weekday","afternoon","shopping","unknown","restaurant",1,0,0,"midday"
49,345,29,316,"weekday","lunch","unknown","cold","restaurant",0,0,0,"midday"
49,352,36,316,"weekday","beforelunch","leisure","cold","restaurant",1,0,0,"midday"
49,356,40,316,"weekday","afternoon","travelling","cold","grocery",0,0,0,"midday"
49,357,41,316,"weekday","afternoon","travelling","unknown","restaurant",0,0,0,"midday"
49,358,42,316,"weekday","dinner","travelling","unknown","grocery",0,0,0,"night"
49,365,49,316,"weekend","beforelunch","travelling","cold","restaurant",0,0,0,"midday"
49,367,51,316,"weekend","afternoon","travelling","unknown","restaurant",0,0,0,"midday"
49,369,53,316,"weekday","breakfast","travelling","freezing","restaurant",0,0,0,"morning"
49,372,56,316,"weekend","night","travelling","unknown","grocery",1,0,0,"night"
49,375,59,316,"weekday","night","travelling","cold","restaurant",1,1,0,"night"
49,379,63,316,"weekday","afternoon","travelling","warm","restaurant",0,1,0,"midday"
49,386,70,316,"weekend","lunch","working","unknown","grocery",1,1,0,"midday"
49,393,77,316,"weekend","lunch","travelling","warm","restaurant",1,1,0,"midday"
49,394,78,316,"weekend","afternoon","travelling","unknown","grocery",1,1,0,"midday"
49,395,79,316,"weekend","breakfast","shopping","unknown","grocery",0,1,0,"morning"
49,409,93,316,"weekday","breakfast","unknown","cold","grocery",1,1,0,"morning"
49,415,99,316,"weekend","afternoon","travelling","unknown","grocery",0,1,0,"midday"
49,417,101,316,"weekday","afternoon","travelling","unknown","grocery",1,1,0,"midday"
49,423,107,316,"weekend","lunch","travelling","unknown","restaurant",0,1,0,"midday"
49,427,111,316,"weekday","beforelunch","travelling","unknown","restaurant",0,1,0,"midday"
49,429,113,316,"weekend","afternoon","unknown","unknown","restaurant",0,1,1,"midday"
49,434,118,316,"weekend","lunch","unknown","freezing","restaurant",0,1,1,"midday"
49,435,119,316,"weekday","morning","unknown","warm","restaurant",0,1,1,"morning"
49,437,121,316,"weekday","breakfast","unknown","cold","restaurant",0,1,1,"morning"
49,439,123,316,"weekday","afternoon","travelling","unknown","restaurant",1,1,1,"midday"
49,441,125,316,"weekday","lunch","working","cold","restaurant",1,1,1,"midday"
49,447,131,316,"weekday","breakfast","morningrituals","warm","grocery",0,1,1,"morning"
49,449,133,316,"weekend","afternoon","travelling","warm","grocery",1,1,1,"midday"
49,455,139,316,"weekend","lunch","working","cold","grocery",0,1,1,"midday"
49,459,143,316,"weekend","lunch","unknown","freezing","grocery",1,1,1,"midday"
49,460,144,316,"weekday","afternoon","unknown","cold","grocery",0,1,1,"midday"
49,462,146,316,"weekday","lunch","unknown","freezing","restaurant",0,1,1,"midday"
49,467,151,316,"weekday","morning","travelling","cold","restaurant",0,1,1,"morning"
49,468,152,316,"weekday","afternoon","leisure","hot","grocery",0,1,1,"midday"
49,470,154,316,"weekday","afternoon","travelling","warm","grocery",0,1,1,"midday"
49,472,156,316,"weekday","lunch","travelling","freezing","grocery",0,1,1,"midday"
49,476,160,316,"weekday","beforelunch","travelling","cold","grocery",1,1,1,"midday"
49,477,161,316,"weekend","morning","travelling","warm","grocery",1,1,1,"morning"
49,481,165,316,"weekday","afternoon","travelling","cold","grocery",1,1,1,"midday"
49,482,166,316,"weekday","lunch","travelling","cold","grocery",1,1,1,"midday"
49,484,168,316,"weekday","lunch","travelling","cold","grocery",0,1,1,"midday"
49,485,169,316,"weekday","lunch","leisure","hot","grocery",1,1,1,"midday"
49,486,170,316,"weekday","lunch","travelling","freezing","restaurant",0,1,1,"midday"
49,490,174,316,"weekday","beforelunch","morningrituals","warm","restaurant",0,1,1,"midday"
49,496,180,316,"weekday","afternoon","travelling","cold","grocery",1,1,1,"midday"
49,497,181,316,"weekday","lunch","travelling","cold","restaurant",0,1,1,"midday"
49,498,182,316,"weekday","breakfast","travelling","freezing","restaurant",0,1,1,"morning"
49,499,183,316,"weekend","beforelunch","leisure","hot","grocery",0,1,1,"midday"
50,326,0,326,"weekend","beforelunch","travelling","cold","restaurant",0,0,0,"midday"
50,327,1,326,"weekday","morning","travelling","freezing","restaurant",0,0,0,"morning"
50,330,4,326,"weekend","evening","travelling","warm","restaurant",1,0,0,"night"
50,332,6,326,"unknown","night","working","cold","restaurant",0,0,0,"night"
50,338,12,326,"weekday","morning","travelling","warm","restaurant",0,0,0,"morning"
50,339,13,326,"weekday","night","leisure","freezing","restaurant",1,0,0,"night"
50,341,15,326,"weekday","beforelunch","travelling","warm","restaurant",1,0,0,"midday"
50,344,18,326,"weekend","beforelunch","travelling","unknown","grocery",0,0,0,"midday"
50,345,19,326,"weekend","lunch","travelling","cold","grocery",0,0,0,"midday"
50,355,29,326,"weekday","breakfast","unknown","cold","grocery",0,0,0,"morning"
50,357,31,326,"weekend","afternoon","working","cold","restaurant",1,0,0,"midday"
50,366,40,326,"weekday","breakfast","travelling","cold","grocery",1,0,0,"morning"
50,376,50,326,"weekday","lunch","travelling","warm","restaurant",0,0,0,"midday"
50,380,54,326,"weekday","afternoon","travelling","unknown","grocery",1,0,0,"midday"
50,386,60,326,"weekday","afternoon","unknown","cold","restaurant",1,1,0,"midday"
50,387,61,326,"weekday","lunch","working","warm","restaurant",0,1,0,"midday"
50,389,63,326,"weekend","afternoon","leisure","unknown","grocery",1,1,0,"midday"
50,390,64,326,"weekday","unknown","working","warm","grocery",1,1,0,"unknown"
50,391,65,326,"weekday","breakfast","unknown","freezing","grocery",0,1,0,"morning"
50,393,67,326,"weekend","beforelunch","travelling","cold","grocery",0,1,0,"midday"
50,394,68,326,"weekday","afternoon","travelling","cold","grocery",0,1,0,"midday"
50,397,71,326,"weekday","evening","leisure","unknown","grocery",0,1,0,"night"
50,401,75,326,"weekday","lunch","leisure","unknown","grocery",1,1,0,"midday"
50,405,79,326,"weekend","lunch","travelling","cold","grocery",0,1,0,"midday"
50,406,80,326,"weekday","beforelunch","housework","freezing","restaurant",1,1,0,"midday"
50,407,81,326,"weekday","beforelunch","unknown","unknown","grocery",0,1,0,"midday"
50,409,83,326,"weekday","morning","leisure","hot","grocery",0,1,0,"morning"
50,414,88,326,"weekday","lunch","leisure","warm","restaurant",1,1,0,"midday"
50,418,92,326,"weekday","afternoon","travelling","hot","grocery",0,1,0,"midday"
50,419,93,326,"weekend","latenight","travelling","cold","restaurant",0,1,0,"night"
50,421,95,326,"weekday","afternoon","travelling","cold","grocery",0,1,0,"midday"
50,422,96,326,"weekday","morning","unknown","unknown","restaurant",0,1,0,"morning"
50,427,101,326,"weekday","beforelunch","travelling","unknown","grocery",1,1,0,"midday"
50,430,104,326,"weekend","dinner","morningrituals","cold","restaurant",0,1,0,"night"
50,436,110,326,"weekday","unknown","travelling","cold","grocery",0,1,0,"unknown"
50,444,118,326,"weekday","beforelunch","travelling","cold","restaurant",0,1,1,"midday"
50,445,119,326,"weekend","afternoon","travelling","unknown","grocery",0,1,1,"midday"
50,452,126,326,"weekday","lunch","working","freezing","restaurant",1,1,1,"midday"
50,454,128,326,"weekday","breakfast","travelling","freezing","restaurant",1,1,1,"morning"
50,457,131,326,"weekend","afternoon","travelling","unknown","restaurant",0,1,1,"midday"
50,459,133,326,"weekday","afternoon","working","warm","grocery",1,1,1,"midday"
50,461,135,326,"weekend","earlymorning","working","warm","grocery",0,1,1,"morning"
50,472,146,326,"weekday","morning","travelling","freezing","grocery",0,1,1,"morning"
50,475,149,326,"weekday","lunch","travelling","cold","grocery",1,1,1,"midday"
50,476,150,326,"weekend","beforelunch","unknown","cold","grocery",0,1,1,"midday"
50,478,152,326,"weekday","morning","travelling","unknown","restaurant",0,1,1,"morning"
50,482,156,326,"weekday","breakfast","travelling","warm","grocery",0,1,1,"morning"
50,486,160,326,"weekday","afternoon","travelling","unknown","restaurant",1,1,1,"midday"
50,487,161,326,"weekend","afternoon","travelling","cold","grocery",0,1,1,"midday"
50,489,163,326,"weekday","morning","unknown","cold","grocery",0,1,1,"morning"
50,493,167,326,"weekday","lunch","working","cold","restaurant",0,1,1,"midday"
50,495,169,326,"weekend","afternoon","unknown","cold","grocery",0,1,1,"midday"
50,500,174,326,"weekday","lunch","working","hot","restaurant",0,1,1,"midday"
50,502,176,326,"weekday","dinner","travelling","freezing","grocery",1,1,1,"night"
50,505,179,326,"weekday","afternoon","travelling","freezing","restaurant",1,1,1,"midday"
50,508,182,326,"weekday","beforelunch","leisure","warm","grocery",0,1,1,"midday"
51,331,0,331,"weekday","breakfast","travelling","cold","restaurant",0,0,0,"morning"
51,334,3,331,"weekday","afternoon","travelling","freezing","grocery",1,0,0,"midday"
51,335,4,331,"weekday","lunch","travelling","freezing","grocery",0,0,0,"midday"
51,336,5,331,"weekday","lunch","shopping","freezing","restaurant",1,0,0,"midday"
51,337,6,331,"weekday","afternoon","unknown","cold","restaurant",0,0,0,"midday"
51,338,7,331,"weekend","lunch","leisure","freezing","restaurant",0,0,0,"midday"
51,342,11,331,"weekend","lunch","leisure","cold","grocery",0,0,0,"midday"
51,343,12,331,"weekday","breakfast","travelling","unknown","restaurant",0,0,0,"morning"
51,344,13,331,"weekday","dinner","travelling","freezing","grocery",1,0,0,"night"
51,345,14,331,"weekday","breakfast","travelling","unknown","grocery",0,0,0,"morning"
51,348,17,331,"weekday","breakfast","travelling","cold","grocery",0,0,0,"morning"
51,354,23,331,"weekend","unknown","unknown","cold","grocery",0,0,0,"unknown"
51,355,24,331,"weekend","morning","working","freezing","restaurant",0,0,0,"morning"
51,356,25,331,"weekday","lunch","travelling","freezing","grocery",1,0,0,"midday"
51,357,26,331,"weekday","lunch","travelling","freezing","grocery",0,0,0,"midday"
51,358,27,331,"weekday","afternoon","leisure","cold","grocery",1,0,0,"midday"
51,359,28,331,"weekday","lunch","unknown","freezing","restaurant",0,0,0,"midday"
51,360,29,331,"weekday","afternoon","travelling","cold","grocery",0,0,0,"midday"
51,362,31,331,"weekday","morning","travelling","unknown","grocery",1,0,0,"morning"
51,363,32,331,"weekend","beforelunch","working","cold","grocery",1,0,0,"midday"
51,364,33,331,"weekday","breakfast","travelling","unknown","grocery",1,0,0,"morning"
51,365,34,331,"weekday","afternoon","shopping","cold","restaurant",1,0,0,"midday"
51,367,36,331,"weekday","afternoon","travelling","warm","restaurant",0,0,0,"midday"
51,370,39,331,"weekday","beforelunch","unknown","cold","grocery",0,0,0,"midday"
51,371,40,331,"weekday","breakfast","unknown","freezing","restaurant",1,0,0,"morning"
51,372,41,331,"weekend","lunch","travelling","warm","grocery",0,0,0,"midday"
51,374,43,331,"unknown","lunch","travelling","cold","grocery",1,0,0,"midday"
51,375,44,331,"weekend","night","morningrituals","cold","grocery",0,0,0,"night"
51,379,48,331,"weekend","morning","travelling","unknown","restaurant",0,0,0,"morning"
51,380,49,331,"weekday","morning","travelling","unknown","grocery",0,0,0,"morning"
51,383,52,331,"weekend","breakfast","travelling","warm","grocery",0,0,0,"morning"
51,386,55,331,"weekday","afternoon","leisure","unknown","restaurant",0,0,0,"midday"
51,393,62,331,"weekend","lunch","travelling","freezing","grocery",1,1,0,"midday"
51,397,66,331,"weekday","afternoon","travelling","warm","grocery",0,1,0,"midday"
51,401,70,331,"weekend","afternoon","leisure","cold","restaurant",0,1,0,"midday"
51,403,72,331,"weekday","afternoon","shopping","unknown","restaurant",0,1,0,"midday"
51,405,74,331,"weekday","afternoon","unknown","cold","restaurant",0,1,0,"midday"
51,408,77,331,"weekday","beforelunch","unknown","freezing","restaurant",1,1,0,"midday"
51,409,78,331,"weekend","afternoon","travelling","freezing","restaurant",0,1,0,"midday"
51,410,79,331,"weekday","lunch","working","unknown","restaurant",0,1,0,"midday"
51,411,80,331,"weekend","breakfast","travelling","cold","grocery",1,1,0,"morning"
51,413,82,331,"weekday","afternoon","travelling","freezing","grocery",0,1,0,"midday"
51,414,83,331,"weekday","unknown","travelling","warm","grocery",0,1,0,"unknown"
51,415,84,331,"weekend","lunch","leisure","cold","grocery",1,1,0,"midday"
51,416,85,331,"weekday","lunch","travelling","cold","grocery",0,1,0,"midday"
51,418,87,331,"weekday","dinner","travelling","cold","grocery",1,1,0,"night"
51,420,89,331,"weekday","lunch","travelling","freezing","restaurant",0,1,0,"midday"
51,421,90,331,"weekday","afternoon","travelling","freezing","grocery",0,1,0,"midday"
51,422,91,331,"weekday","afternoon","travelling","freezing","grocery",1,1,0,"midday"
51,423,92,331,"weekday","lunch","travelling","freezing","grocery",0,1,0,"midday"
51,425,94,331,"weekend","beforelunch","travelling","warm","grocery",0,1,0,"midday"
51,426,95,331,"weekend","afternoon","travelling","freezing","grocery",1,1,0,"midday"
51,427,96,331,"weekday","breakfast","travelling","freezing","grocery",0,1,0,"morning"
51,428,97,331,"weekday","morning","travelling","cold","grocery",0,1,0,"morning"
51,431,100,331,"weekday","dinner","leisure","unknown","restaurant",1,1,0,"night"
51,432,101,331,"weekday","breakfast","unknown","warm","restaurant",0,1,0,"morning"
51,433,102,331,"weekday","night","travelling","cold","grocery",0,1,0,"night"
51,434,103,331,"weekend","lunch","travelling","unknown","grocery",0,1,0,"midday"
51,435,104,331,"weekend","afternoon","shopping","cold","grocery",0,1,0,"midday"
51,436,105,331,"weekday","afternoon","leisure","cold","restaurant",1,1,0,"midday"
51,437,106,331,"weekday","lunch","travelling","hot","restaurant",0,1,0,"midday"
51,439,108,331,"weekday","breakfast","leisure","warm","restaurant",0,1,0,"morning"
51,440,109,331,"weekend","lunch","working","warm","grocery",1,1,0,"midday"
51,441,110,331,"weekend","beforelunch","leisure","freezing","grocery",1,1,0,"midday"
51,442,111,331,"weekday","lunch","shopping","cold","grocery",1,1,0,"midday"
51,444,113,331,"weekday","morning","travelling","warm","grocery",1,1,1,"morning"
51,445,114,331,"weekday","breakfast","travelling","warm","restaurant",0,1,1,"morning"
51,446,115,331,"weekend","lunch","shopping","freezing","grocery",0,1,1,"midday"
51,448,117,331,"weekday","afternoon","unknown","unknown","restaurant",0,1,1,"midday"
51,450,119,331,"weekend","lunch","travelling","unknown","restaurant",0,1,1,"midday"
51,451,120,331,"weekend","afternoon","unknown","hot","restaurant",0,1,1,"midday"
51,452,121,331,"weekday","lunch","unknown","hot","grocery",0,1,1,"midday"
51,458,127,331,"weekend","afternoon","unknown","cold","grocery",0,1,1,"midday"
51,460,129,331,"weekend","afternoon","working","unknown","grocery",0,1,1,"midday"
51,465,134,331,"weekday","morning","travelling","cold","restaurant",0,1,1,"morning"
51,466,135,331,"weekday","breakfast","travelling","freezing","grocery",0,1,1,"morning"
51,468,137,331,"weekday","breakfast","travelling","freezing","grocery",0,1,1,"morning"
51,469,138,331,"weekday","unknown","travelling","cold","restaurant",0,1,1,"unknown"
51,470,139,331,"weekday","afternoon","travelling","freezing","restaurant",0,1,1,"midday"
51,472,141,331,"weekend","beforelunch","leisure","cold","grocery",1,1,1,"midday"
51,473,142,331,"weekday","lunch","morningrituals","warm","grocery",0,1,1,"midday"
51,475,144,331,"weekday","beforelunch","travelling","warm","grocery",1,1,1,"midday"
51,479,148,331,"weekday","afternoon","travelling","cold","grocery",0,1,1,"midday"
51,480,149,331,"weekend","beforelunch","travelling","unknown","restaurant",0,1,1,"midday"
51,482,151,331,"weekend","lunch","housework","freezing","grocery",0,1,1,"midday"
51,483,152,331,"weekend","lunch","unknown","unknown","restaurant",0,1,1,"midday"
51,484,153,331,"weekend","afternoon","travelling","unknown","grocery",1,1,1,"midday"
51,485,154,331,"weekday","lunch","travelling","cold","restaurant",0,1,1,"midday"
51,488,157,331,"weekday","morning","travelling","unknown","grocery",1,1,1,"morning"
51,489,158,331,"weekend","breakfast","shopping","cold","restaurant",0,1,1,"morning"
51,491,160,331,"weekend","morning","travelling","freezing","restaurant",1,1,1,"morning"
51,492,161,331,"weekday","beforelunch","unknown","freezing","restaurant",1,1,1,"midday"
51,493,162,331,"weekday","beforelunch","travelling","cold","grocery",1,1,1,"midday"
51,495,164,331,"weekday","beforelunch","shopping","warm","grocery",0,1,1,"midday"
51,497,166,331,"weekend","morning","travelling","freezing","restaurant",0,1,1,"morning"
51,498,167,331,"weekday","morning","leisure","freezing","restaurant",0,1,1,"morning"
51,499,168,331,"weekday","dinner","working","unknown","grocery",1,1,1,"night"
51,501,170,331,"weekend","beforelunch","unknown","cold","restaurant",0,1,1,"midday"
51,503,172,331,"weekday","beforelunch","working","cold","grocery",1,1,1,"midday"
51,504,173,331,"weekday","dinner","shopping","cold","restaurant",0,1,1,"night"
51,505,174,331,"weekend","lunch","leisure","cold","grocery",0,1,1,"midday"
51,506,175,331,"weekday","lunch","social","cold","restaurant",0,1,1,"midday"
51,509,178,331,"weekday","beforelunch","travelling","hot","grocery",0,1,1,"midday"
51,510,179,331,"weekday","afternoon","leisure","hot","grocery",0,1,1,"midday"
51,512,181,331,"weekend","lunch","travelling","cold","restaurant",0,1,1,"midday"
51,513,182,331,"weekday","lunch","travelling","freezing","restaurant",0,1,1,"midday"
51,514,183,331,"weekday","night","working","hot","restaurant",0,1,1,"night"
52,334,0,334,"weekend","afternoon","travelling","cold","grocery",0,0,0,"midday"
52,335,1,334,"weekday","lunch","travelling","freezing","restaurant",0,0,0,"midday"
52,336,2,334,"weekday","evening","leisure","warm","restaurant",1,0,0,"night"
52,337,3,334,"weekday","afternoon","shopping","cold","restaurant",1,0,0,"midday"
52,338,4,334,"weekday","dinner","shopping","warm","grocery",0,0,0,"night"
52,339,5,334,"weekend","beforelunch","unknown","cold","restaurant",0,0,0,"midday"
52,341,7,334,"weekday","night","leisure","cold","grocery",0,0,0,"night"
52,342,8,334,"weekend","evening","travelling","cold","restaurant",0,0,0,"night"
52,343,9,334,"weekday","lunch","travelling","hot","restaurant",1,0,0,"midday"
52,344,10,334,"weekday","breakfast","travelling","hot","restaurant",0,0,0,"morning"
52,345,11,334,"weekday","afternoon","travelling","cold","grocery",1,0,0,"midday"
52,348,14,334,"weekday","dinner","travelling","freezing","restaurant",1,0,0,"night"
52,350,16,334,"weekday","afternoon","travelling","unknown","restaurant",0,0,0,"midday"
52,352,18,334,"weekday","morning","travelling","freezing","grocery",0,0,0,"morning"
52,353,19,334,"weekday","afternoon","travelling","cold","grocery",0,0,0,"midday"
52,354,20,334,"weekday","afternoon","travelling","warm","grocery",0,0,0,"midday"
52,355,21,334,"weekday","afternoon","travelling","unknown","grocery",0,0,0,"midday"
52,357,23,334,"weekday","breakfast","travelling","freezing","grocery",0,0,0,"morning"
52,358,24,334,"weekday","afternoon","shopping","unknown","restaurant",0,0,0,"midday"
52,361,27,334,"weekday","beforelunch","travelling","cold","grocery",0,0,0,"midday"
52,363,29,334,"weekday","afternoon","travelling","cold","grocery",0,0,0,"midday"
52,364,30,334,"weekday","lunch","travelling","freezing","restaurant",0,0,0,"midday"
52,365,31,334,"weekday","morning","travelling","cold","grocery",1,0,0,"morning"
52,366,32,334,"weekday","morning","unknown","unknown","grocery",0,0,0,"morning"
52,367,33,334,"weekend","lunch","working","cold","grocery",0,0,0,"midday"
52,368,34,334,"weekday","afternoon","leisure","hot","restaurant",0,0,0,"midday"
52,369,35,334,"weekday","afternoon","travelling","cold","grocery",0,0,0,"midday"
52,370,36,334,"weekend","lunch","leisure","cold","restaurant",0,0,0,"midday"
52,371,37,334,"weekend","beforelunch","travelling","warm","grocery",0,0,0,"midday"
52,372,38,334,"unknown","lunch","travelling","cold","restaurant",1,0,0,"midday"
52,373,39,334,"weekday","lunch","travelling","cold","grocery",0,0,0,"midday"
52,374,40,334,"weekday","afternoon","shopping","unknown","restaurant",1,0,0,"midday"
52,375,41,334,"weekday","morning","travelling","warm","grocery",0,0,0,"morning"
52,376,42,334,"weekday","afternoon","travelling","hot","restaurant",0,0,0,"midday"
52,381,47,334,"unknown","afternoon","leisure","cold","grocery",0,0,0,"midday"
52,385,51,334,"weekend","earlymorning","travelling","warm","grocery",0,0,0,"morning"
52,387,53,334,"weekday","afternoon","shopping","unknown","restaurant",0,0,0,"midday"
52,388,54,334,"weekend","lunch","travelling","warm","grocery",0,0,0,"midday"
52,391,57,334,"weekend","afternoon","travelling","cold","restaurant",0,1,0,"midday"
52,394,60,334,"weekday","beforelunch","leisure","unknown","grocery",0,1,0,"midday"
52,395,61,334,"weekend","lunch","travelling","warm","restaurant",0,1,0,"midday"
52,396,62,334,"weekday","dinner","travelling","freezing","restaurant",0,1,0,"night"
52,400,66,334,"weekend","afternoon","travelling","cold","grocery",1,1,0,"midday"
52,401,67,334,"weekend","morning","working","unknown","restaurant",0,1,0,"morning"
52,405,71,334,"unknown","morning","travelling","cold","restaurant",0,1,0,"morning"
52,406,72,334,"weekday","lunch","working","cold","grocery",1,1,0,"midday"
52,407,73,334,"weekend","afternoon","leisure","cold","grocery",0,1,0,"midday"
52,409,75,334,"weekend","afternoon","travelling","unknown","restaurant",0,1,0,"midday"
52,411,77,334,"weekday","morning","unknown","unknown","restaurant",0,1,0,"morning"
52,412,78,334,"weekday","afternoon","morningrituals","cold","grocery",0,1,0,"midday"
52,417,83,334,"weekend","lunch","travelling","freezing","restaurant",0,1,0,"midday"
52,421,87,334,"weekday","dinner","shopping","hot","grocery",0,1,0,"night"
52,423,89,334,"weekend","lunch","working","unknown","restaurant",0,1,0,"midday"
52,425,91,334,"weekday","lunch","travelling","warm","restaurant",0,1,0,"midday"
52,426,92,334,"weekday","breakfast","travelling","warm","grocery",1,1,0,"morning"
52,428,94,334,"weekend","beforelunch","travelling","cold","restaurant",0,1,0,"midday"
52,429,95,334,"weekday","dinner","leisure","unknown","grocery",1,1,0,"night"
52,430,96,334,"weekday","breakfast","travelling","hot","restaurant",0,1,0,"morning"
52,433,99,334,"weekday","afternoon","leisure","unknown","grocery",0,1,0,"midday"
52,434,100,334,"unknown","afternoon","travelling","cold","restaurant",0,1,0,"midday"
52,435,101,334,"weekday","lunch","unknown","cold","restaurant",0,1,0,"midday"
52,438,104,334,"weekend","breakfast","unknown","cold","grocery",1,1,0,"morning"
52,439,105,334,"weekday","beforelunch","travelling","warm","restaurant",1,1,0,"midday"
52,446,112,334,"weekday","breakfast","travelling","warm","restaurant",0,1,0,"morning"
52,449,115,334,"weekday","evening","unknown","cold","grocery",1,1,1,"night"
52,450,116,334,"weekday","beforelunch","working","freezing","grocery",0,1,1,"midday"
52,451,117,334,"weekend","lunch","travelling","unknown","grocery",0,1,1,"midday"
52,452,118,334,"weekday","dinner","unknown","cold","restaurant",1,1,1,"night"
52,453,119,334,"weekday","beforelunch","unknown","freezing","grocery",1,1,1,"midday"
52,454,120,334,"weekend","afternoon","travelling","unknown","restaurant",0,1,1,"midday"
52,455,121,334,"weekend","unknown","unknown","freezing","grocery",0,1,1,"unknown"
52,456,122,334,"weekday","afternoon","travelling","hot","grocery",0,1,1,"midday"
52,457,123,334,"weekday","morning","leisure","unknown","grocery",0,1,1,"morning"
52,459,125,334,"weekday","morning","working","unknown","grocery",0,1,1,"morning"
52,463,129,334,"weekend","beforelunch","travelling","hot","grocery",0,1,1,"midday"
52,464,130,334,"weekday","lunch","travelling","freezing","grocery",0,1,1,"midday"
52,467,133,334,"weekday","afternoon","unknown","freezing","restaurant",0,1,1,"midday"
52,468,134,334,"weekday","afternoon","leisure","unknown","grocery",0,1,1,"midday"
52,471,137,334,"weekend","afternoon","travelling","warm","restaurant",0,1,1,"midday"
52,472,138,334,"weekday","lunch","travelling","unknown","grocery",0,1,1,"midday"
52,474,140,334,"weekday","afternoon","leisure","freezing","grocery",1,1,1,"midday"
52,476,142,334,"weekday","unknown","working","freezing","restaurant",1,1,1,"unknown"
52,477,143,334,"weekend","beforelunch","travelling","unknown","grocery",0,1,1,"midday"
52,478,144,334,"weekday","lunch","travelling","unknown","grocery",0,1,1,"midday"
52,479,145,334,"weekday","afternoon","travelling","freezing","restaurant",0,1,1,"midday"
52,481,147,334,"weekday","lunch","unknown","cold","restaurant",0,1,1,"midday"
52,483,149,334,"weekday","beforelunch","travelling","unknown","grocery",1,1,1,"midday"
52,484,150,334,"weekday","lunch","travelling","freezing","grocery",1,1,1,"midday"
52,487,153,334,"weekday","afternoon","travelling","unknown","restaurant",0,1,1,"midday"
52,488,154,334,"weekday","afternoon","travelling","freezing","restaurant",1,1,1,"midday"
52,490,156,334,"weekend","lunch","travelling","freezing","restaurant",1,1,1,"midday"
52,491,157,334,"weekday","afternoon","travelling","hot","grocery",0,1,1,"midday"
52,492,158,334,"weekday","evening","travelling","unknown","restaurant",0,1,1,"night"
52,493,159,334,"weekday","afternoon","working","hot","restaurant",0,1,1,"midday"
52,494,160,334,"weekday","afternoon","travelling","warm","grocery",1,1,1,"midday"
52,495,161,334,"weekday","beforelunch","travelling","unknown","restaurant",0,1,1,"midday"
52,497,163,334,"weekday","lunch","unknown","unknown","grocery",0,1,1,"midday"
52,498,164,334,"weekend","afternoon","working","freezing","restaurant",0,1,1,"midday"
52,499,165,334,"weekday","beforelunch","travelling","cold","grocery",0,1,1,"midday"
52,500,166,334,"weekday","lunch","travelling","unknown","grocery",0,1,1,"midday"
52,501,167,334,"weekend","afternoon","shopping","warm","restaurant",0,1,1,"midday"
52,502,168,334,"weekday","afternoon","unknown","freezing","grocery",1,1,1,"midday"
52,503,169,334,"weekend","breakfast","morningrituals","freezing","grocery",0,1,1,"morning"
52,505,171,334,"weekend","lunch","travelling","freezing","grocery",0,1,1,"midday"
52,506,172,334,"weekend","earlymorning","unknown","freezing","grocery",0,1,1,"morning"
52,507,173,334,"weekday","beforelunch","social","unknown","grocery",1,1,1,"midday"
52,508,174,334,"weekday","evening","unknown","warm","restaurant",1,1,1,"night"
52,509,175,334,"weekday","breakfast","travelling","unknown","restaurant",0,1,1,"morning"
52,512,178,334,"weekday","breakfast","travelling","warm","restaurant",0,1,1,"morning"
52,513,179,334,"weekday","afternoon","travelling","cold","restaurant",0,1,1,"midday"
52,516,182,334,"weekday","morning","travelling","cold","restaurant",0,1,1,"morning"
52,517,183,334,"weekend","morning","travelling","freezing","grocery",1,1,1,"morning"
53,354,8,346,"weekday","lunch","travelling","warm","restaurant",0,0,0,"midday"
53,358,12,346,"weekday","morning","travelling","unknown","restaurant",1,0,0,"morning"
53,361,15,346,"weekday","lunch","travelling","cold","restaurant",0,0,0,"midday"
53,366,20,346,"weekday","lunch","unknown","unknown","grocery",0,0,0,"midday"
53,375,29,346,"weekday","lunch","travelling","cold","restaurant",0,0,0,"midday"
53,377,31,346,"weekend","afternoon","travelling","hot","restaurant",0,0,0,"midday"
53,378,32,346,"weekday","evening","travelling","unknown","restaurant",0,0,0,"night"
53,389,43,346,"weekday","morning","unknown","cold","grocery",0,0,0,"morning"
53,401,55,346,"weekday","breakfast","unknown","unknown","grocery",0,0,0,"morning"
53,404,58,346,"weekday","afternoon","travelling","unknown","restaurant",1,1,0,"midday"
53,408,62,346,"weekday","night","travelling","freezing","grocery",0,1,0,"night"
53,414,68,346,"weekend","lunch","unknown","warm","grocery",0,1,0,"midday"
53,422,76,346,"weekend","beforelunch","leisure","cold","restaurant",0,1,0,"midday"
53,423,77,346,"weekday","afternoon","working","warm","grocery",1,1,0,"midday"
53,428,82,346,"weekday","morning","travelling","cold","restaurant",1,1,0,"morning"
53,429,83,346,"weekend","morning","travelling","cold","restaurant",0,1,0,"morning"
53,437,91,346,"weekday","evening","working","cold","restaurant",0,1,0,"night"
53,449,103,346,"weekday","afternoon","unknown","freezing","grocery",0,1,0,"midday"
53,462,116,346,"weekday","beforelunch","travelling","cold","grocery",0,1,1,"midday"
53,473,127,346,"weekday","lunch","travelling","cold","restaurant",0,1,1,"midday"
53,477,131,346,"weekday","morning","shopping","hot","grocery",1,1,1,"morning"
53,485,139,346,"weekend","beforelunch","working","warm","grocery",0,1,1,"midday"
53,486,140,346,"weekday","afternoon","unknown","unknown","restaurant",0,1,1,"midday"
53,487,141,346,"weekday","dinner","leisure","cold","restaurant",1,1,1,"night"
53,492,146,346,"weekday","unknown","shopping","warm","grocery",1,1,1,"unknown"
53,497,151,346,"weekday","beforelunch","travelling","cold","restaurant",1,1,1,"midday"
53,499,153,346,"weekday","breakfast","working","unknown","restaurant",0,1,1,"morning"
53,508,162,346,"weekday","evening","travelling","warm","grocery",0,1,1,"night"
53,509,163,346,"weekday","breakfast","unknown","unknown","grocery",0,1,1,"morning"
53,514,168,346,"weekday","afternoon","travelling","freezing","restaurant",0,1,1,"midday"
53,520,174,346,"weekday","afternoon","working","freezing","grocery",0,1,1,"midday"
53,528,182,346,"weekend","afternoon","travelling","freezing","grocery",0,1,1,"midday"
54,360,4,356,"weekend","breakfast","leisure","unknown","grocery",0,0,0,"morning"
54,367,11,356,"weekday","lunch","unknown","freezing","grocery",0,0,0,"midday"
54,392,36,356,"weekday","breakfast","working","freezing","restaurant",0,0,0,"morning"
54,394,38,356,"weekday","breakfast","travelling","freezing","grocery",1,0,0,"morning"
54,399,43,356,"weekday","afternoon","travelling","freezing","restaurant",1,0,0,"midday"
54,416,60,356,"weekday","beforelunch","travelling","unknown","restaurant",0,1,0,"midday"
54,420,64,356,"weekday","beforelunch","shopping","cold","grocery",1,1,0,"midday"
54,421,65,356,"unknown","evening","travelling","cold","grocery",0,1,0,"night"
54,426,70,356,"weekday","dinner","leisure","warm","grocery",0,1,0,"night"
54,427,71,356,"weekday","breakfast","unknown","freezing","grocery",1,1,0,"morning"
54,429,73,356,"weekend","lunch","travelling","freezing","restaurant",0,1,0,"midday"
54,430,74,356,"weekday","afternoon","morningrituals","unknown","grocery",0,1,0,"midday"
54,431,75,356,"weekday","lunch","unknown","unknown","grocery",0,1,0,"midday"
54,439,83,356,"weekday","afternoon","leisure","unknown","grocery",1,1,0,"midday"
54,442,86,356,"weekday","morning","travelling","warm","grocery",0,1,0,"morning"
54,445,89,356,"weekend","unknown","travelling","warm","restaurant",1,1,0,"unknown"
54,446,90,356,"weekday","lunch","travelling","freezing","grocery",1,1,0,"midday"
54,449,93,356,"weekday","afternoon","unknown","cold","restaurant",0,1,0,"midday"
54,452,96,356,"weekday","lunch","unknown","freezing","grocery",0,1,0,"midday"
54,455,99,356,"weekday","afternoon","travelling","unknown","grocery",0,1,0,"midday"
54,457,101,356,"weekday","morning","travelling","unknown","restaurant",1,1,0,"morning"
54,458,102,356,"weekday","unknown","leisure","freezing","grocery",1,1,0,"unknown"
54,461,105,356,"weekday","dinner","travelling","freezing","grocery",1,1,0,"night"
54,464,108,356,"weekday","afternoon","travelling","cold","grocery",0,1,0,"midday"
54,465,109,356,"weekday","beforelunch","travelling","hot","grocery",0,1,0,"midday"
54,473,117,356,"weekday","afternoon","travelling","unknown","restaurant",1,1,1,"midday"
54,478,122,356,"weekday","night","travelling","cold","restaurant",0,1,1,"night"
54,479,123,356,"weekend","lunch","travelling","unknown","grocery",0,1,1,"midday"
54,481,125,356,"weekend","earlymorning","unknown","cold","grocery",0,1,1,"morning"
54,483,127,356,"weekday","morning","unknown","warm","restaurant",0,1,1,"morning"
54,487,131,356,"weekday","breakfast","travelling","freezing","grocery",0,1,1,"morning"
54,489,133,356,"weekday","afternoon","working","warm","grocery",0,1,1,"midday"
54,491,135,356,"weekday","lunch","leisure","cold","grocery",1,1,1,"midday"
54,492,136,356,"weekday","afternoon","travelling","warm","restaurant",0,1,1,"midday"
54,494,138,356,"weekend","afternoon","travelling","cold","restaurant",1,1,1,"midday"
54,498,142,356,"weekend","beforelunch","travelling","cold","restaurant",1,1,1,"midday"
54,500,144,356,"weekday","lunch","travelling","freezing","grocery",0,1,1,"midday"
54,502,146,356,"weekday","lunch","travelling","cold","restaurant",0,1,1,"midday"
54,503,147,356,"weekend","breakfast","unknown","cold","restaurant",1,1,1,"morning"
54,504,148,356,"weekday","afternoon","travelling","unknown","grocery",0,1,1,"midday"
54,507,151,356,"weekend","earlymorning","unknown","warm","grocery",0,1,1,"morning"
54,510,154,356,"weekday","beforelunch","travelling","unknown","restaurant",0,1,1,"midday"
54,511,155,356,"weekday","lunch","unknown","freezing","grocery",1,1,1,"midday"
54,512,156,356,"weekday","lunch","morningrituals","freezing","restaurant",1,1,1,"midday"
54,515,159,356,"weekday","morning","workingout","cold","grocery",1,1,1,"morning"
54,516,160,356,"weekday","lunch","travelling","cold","grocery",0,1,1,"midday"
54,522,166,356,"weekday","afternoon","travelling","freezing","grocery",0,1,1,"midday"
54,523,167,356,"weekday","afternoon","travelling","cold","restaurant",1,1,1,"midday"
54,528,172,356,"weekday","afternoon","working","cold","restaurant",0,1,1,"midday"
54,533,177,356,"weekday","morning","travelling","cold","restaurant",0,1,1,"morning"
55,368,5,363,"weekday","afternoon","travelling","freezing","grocery",0,0,0,"midday"
55,369,6,363,"weekend","breakfast","travelling","hot","grocery",0,0,0,"morning"
55,371,8,363,"weekday","morning","travelling","cold","grocery",1,0,0,"morning"
55,373,10,363,"weekday","afternoon","travelling","cold","restaurant",0,0,0,"midday"
55,380,17,363,"weekend","beforelunch","travelling","unknown","grocery",0,0,0,"midday"
55,395,32,363,"weekday","breakfast","unknown","freezing","grocery",0,0,0,"morning"
55,399,36,363,"weekday","lunch","unknown","unknown","restaurant",1,0,0,"midday"
55,402,39,363,"weekend","beforelunch","unknown","freezing","restaurant",0,0,0,"midday"
55,404,41,363,"weekday","beforelunch","unknown","unknown","grocery",0,0,0,"midday"
55,406,43,363,"weekday","dinner","morningrituals","cold","restaurant",1,0,0,"night"
55,418,55,363,"unknown","earlymorning","leisure","cold","grocery",0,0,0,"morning"
55,420,57,363,"weekday","morning","travelling","unknown","restaurant",0,1,0,"morning"
55,424,61,363,"weekday","lunch","unknown","cold","grocery",1,1,0,"midday"
55,426,63,363,"weekday","afternoon","travelling","cold","restaurant",0,1,0,"midday"
55,433,70,363,"weekday","dinner","housework","warm","restaurant",0,1,0,"night"
55,443,80,363,"weekday","lunch","travelling","warm","restaurant",1,1,0,"midday"
55,451,88,363,"weekday","beforelunch","travelling","hot","restaurant",0,1,0,"midday"
55,452,89,363,"weekday","breakfast","travelling","unknown","grocery",0,1,0,"morning"
55,460,97,363,"weekday","afternoon","travelling","warm","restaurant",0,1,0,"midday"
55,468,105,363,"weekend","beforelunch","morningrituals","freezing","restaurant",0,1,0,"midday"
55,480,117,363,"weekday","lunch","travelling","warm","grocery",1,1,1,"midday"
55,482,119,363,"weekend","afternoon","working","unknown","grocery",0,1,1,"midday"
55,515,152,363,"weekday","lunch","leisure","warm","restaurant",1,1,1,"midday"
55,516,153,363,"weekday","afternoon","travelling","cold","restaurant",1,1,1,"midday"
55,517,154,363,"weekday","beforelunch","unknown","freezing","grocery",1,1,1,"midday"
55,520,157,363,"weekday","beforelunch","unknown","cold","grocery",1,1,1,"midday"
55,529,166,363,"weekday","breakfast","unknown","cold","restaurant",0,1,1,"morning"
55,530,167,363,"weekend","beforelunch","travelling","freezing","grocery",0,1,1,"midday"
55,532,169,363,"weekday","lunch","travelling","cold","grocery",0,1,1,"midday"
56,374,0,374,"weekday","morning","travelling","freezing","grocery",0,0,0,"morning"
56,375,1,374,"weekday","beforelunch","travelling","freezing","restaurant",0,0,0,"midday"
56,381,7,374,"weekday","afternoon","travelling","warm","grocery",1,0,0,"midday"
56,383,9,374,"weekday","breakfast","travelling","freezing","grocery",1,0,0,"morning"
56,384,10,374,"weekday","beforelunch","travelling","cold","grocery",0,0,0,"midday"
56,385,11,374,"weekend","evening","leisure","cold","grocery",0,0,0,"night"
56,390,16,374,"weekday","morning","unknown","freezing","grocery",0,0,0,"morning"
56,393,19,374,"weekday","afternoon","travelling","cold","restaurant",0,0,0,"midday"
56,394,20,374,"weekday","lunch","travelling","unknown","grocery",1,0,0,"midday"
56,396,22,374,"weekday","beforelunch","travelling","cold","grocery",0,0,0,"midday"
56,397,23,374,"weekday","earlymorning","shopping","unknown","restaurant",1,0,0,"morning"
56,398,24,374,"weekday","afternoon","leisure","unknown","restaurant",0,0,0,"midday"
56,402,28,374,"weekend","dinner","morningrituals","hot","grocery",0,0,0,"night"
56,404,30,374,"weekday","afternoon","unknown","freezing","restaurant",1,0,0,"midday"
56,407,33,374,"weekday","lunch","travelling","warm","grocery",1,0,0,"midday"
56,409,35,374,"weekday","beforelunch","travelling","unknown","grocery",0,0,0,"midday"
56,411,37,374,"weekend","morning","leisure","freezing","restaurant",0,0,0,"morning"
56,412,38,374,"weekday","breakfast","leisure","unknown","restaurant",1,0,0,"morning"
56,415,41,374,"weekday","dinner","working","unknown","grocery",0,0,0,"night"
56,416,42,374,"weekday","afternoon","shopping","hot","grocery",0,0,0,"midday"
56,419,45,374,"weekday","afternoon","shopping","cold","restaurant",0,0,0,"midday"
56,422,48,374,"weekday","beforelunch","travelling","unknown","restaurant",0,0,0,"midday"
56,427,53,374,"weekday","beforelunch","travelling","cold","restaurant",0,0,0,"midday"
56,433,59,374,"weekend","morning","unknown","cold","grocery",1,1,0,"morning"
56,440,66,374,"weekday","afternoon","travelling","hot","restaurant",1,1,0,"midday"
56,441,67,374,"weekday","breakfast","morningrituals","unknown","restaurant",1,1,0,"morning"
56,443,69,374,"weekend","afternoon","travelling","cold","grocery",1,1,0,"midday"
56,444,70,374,"weekend","lunch","unknown","unknown","grocery",1,1,0,"midday"
56,447,73,374,"weekend","dinner","travelling","unknown","restaurant",0,1,0,"night"
56,455,81,374,"weekend","beforelunch","travelling","cold","restaurant",0,1,0,"midday"
56,457,83,374,"weekend","breakfast","morningrituals","unknown","grocery",0,1,0,"morning"
56,462,88,374,"weekday","evening","travelling","cold","grocery",0,1,0,"night"
56,463,89,374,"weekday","lunch","working","cold","grocery",1,1,0,"midday"
56,465,91,374,"weekend","afternoon","unknown","freezing","grocery",0,1,0,"midday"
56,466,92,374,"weekday","breakfast","travelling","warm","restaurant",1,1,0,"morning"
56,468,94,374,"weekday","lunch","unknown","warm","restaurant",0,1,0,"midday"
56,472,98,374,"weekend","evening","travelling","freezing","restaurant",0,1,0,"night"
56,474,100,374,"weekday","afternoon","travelling","cold","grocery",0,1,0,"midday"
56,478,104,374,"weekday","lunch","shopping","freezing","restaurant",1,1,0,"midday"
56,487,113,374,"weekday","lunch","travelling","cold","restaurant",1,1,1,"midday"
56,489,115,374,"weekday","night","travelling","cold","restaurant",0,1,1,"night"
56,493,119,374,"unknown","breakfast","travelling","warm","grocery",1,1,1,"morning"
56,495,121,374,"weekend","beforelunch","travelling","cold","restaurant",0,1,1,"midday"
56,499,125,374,"weekday","lunch","travelling","freezing","grocery",1,1,1,"midday"
56,500,126,374,"weekday","afternoon","working","unknown","grocery",0,1,1,"midday"
56,501,127,374,"weekday","beforelunch","unknown","unknown","grocery",0,1,1,"midday"
56,505,131,374,"weekend","afternoon","shopping","cold","grocery",0,1,1,"midday"
56,506,132,374,"weekday","beforelunch","travelling","freezing","grocery",0,1,1,"midday"
56,509,135,374,"weekend","afternoon","shopping","warm","grocery",0,1,1,"midday"
56,511,137,374,"weekend","breakfast","travelling","cold","restaurant",1,1,1,"morning"
56,513,139,374,"weekday","afternoon","working","cold","grocery",0,1,1,"midday"
56,515,141,374,"weekday","lunch","working","unknown","grocery",1,1,1,"midday"
56,516,142,374,"weekday","beforelunch","travelling","unknown","grocery",0,1,1,"midday"
56,517,143,374,"weekday","lunch","travelling","cold","restaurant",0,1,1,"midday"
56,518,144,374,"weekday","breakfast","working","unknown","grocery",1,1,1,"morning"
56,522,148,374,"weekend","morning","travelling","hot","grocery",0,1,1,"morning"
56,524,150,374,"weekday","afternoon","leisure","freezing","restaurant",1,1,1,"midday"
56,525,151,374,"weekday","morning","working","unknown","restaurant",0,1,1,"morning"
56,530,156,374,"weekday","lunch","working","freezing","grocery",1,1,1,"midday"
56,531,157,374,"weekday","breakfast","unknown","unknown","grocery",0,1,1,"morning"
56,532,158,374,"weekday","night","travelling","hot","grocery",0,1,1,"night"
56,534,160,374,"weekday","afternoon","travelling","cold","grocery",1,1,1,"midday"
56,536,162,374,"weekday","beforelunch","working","unknown","restaurant",0,1,1,"midday"
56,537,163,374,"weekend","beforelunch","travelling","unknown","grocery",0,1,1,"midday"
56,547,173,374,"weekday","beforelunch","unknown","cold","restaurant",0,1,1,"midday"
56,548,174,374,"weekday","lunch","travelling","unknown","restaurant",1,1,1,"midday"
56,551,177,374,"weekday","beforelunch","travelling","unknown","restaurant",0,1,1,"midday"
56,555,181,374,"weekday","lunch","travelling","warm","restaurant",1,1,1,"midday"
57,389,9,380,"weekday","afternoon","unknown","freezing","restaurant",0,0,0,"midday"
57,390,10,380,"weekday","evening","shopping","warm","grocery",0,0,0,"night"
57,391,11,380,"weekday","lunch","working","cold","restaurant",1,0,0,"midday"
57,410,30,380,"unknown","afternoon","morningrituals","cold","restaurant",0,0,0,"midday"
57,414,34,380,"weekday","beforelunch","travelling","warm","grocery",0,0,0,"midday"
57,429,49,380,"weekday","beforelunch","travelling","warm","restaurant",1,0,0,"midday"
57,430,50,380,"weekday","morning","leisure","cold","grocery",0,0,0,"morning"
57,436,56,380,"weekend","lunch","travelling","freezing","grocery",0,0,0,"midday"
57,443,63,380,"weekend","beforelunch","travelling","hot","restaurant",1,1,0,"midday"
57,444,64,380,"weekday","breakfast","unknown","cold","grocery",0,1,0,"morning"
57,458,78,380,"weekday","afternoon","leisure","warm","grocery",1,1,0,"midday"
57,468,88,380,"weekday","morning","travelling","cold","grocery",0,1,0,"morning"
57,484,104,380,"weekday","lunch","working","freezing","restaurant",1,1,0,"midday"
57,490,110,380,"weekday","beforelunch","unknown","freezing","grocery",1,1,0,"midday"
57,493,113,380,"weekday","lunch","travelling","unknown","grocery",0,1,1,"midday"
57,497,117,380,"weekday","afternoon","shopping","hot","grocery",0,1,1,"midday"
57,498,118,380,"weekday","afternoon","shopping","hot","grocery",0,1,1,"midday"
57,502,122,380,"weekday","morning","travelling","hot","grocery",0,1,1,"morning"
57,503,123,380,"weekday","beforelunch","travelling","warm","grocery",0,1,1,"midday"
57,504,124,380,"unknown","beforelunch","travelling","cold","restaurant",0,1,1,"midday"
57,516,136,380,"weekend","lunch","unknown","cold","grocery",1,1,1,"midday"
57,517,137,380,"weekday","beforelunch","travelling","unknown","grocery",0,1,1,"midday"
57,520,140,380,"weekday","afternoon","working","unknown","restaurant",0,1,1,"midday"
57,529,149,380,"weekday","beforelunch","travelling","cold","grocery",0,1,1,"midday"
57,544,164,380,"weekday","breakfast","travelling","cold","restaurant",0,1,1,"morning"
57,555,175,380,"weekday","lunch","unknown","warm","restaurant",0,1,1,"midday"
57,557,177,380,"weekday","breakfast","travelling","hot","grocery",1,1,1,"morning"
57,559,179,380,"weekend","lunch","travelling","freezing","restaurant",0,1,1,"midday"
57,563,183,380,"weekday","lunch","morningrituals","cold","grocery",0,1,1,"midday"
58,396,8,388,"weekend","beforelunch","leisure","unknown","restaurant",0,0,0,"midday"
58,400,12,388,"weekday","beforelunch","morningrituals","cold","restaurant",0,0,0,"midday"
58,403,15,388,"weekday","lunch","travelling","unknown","grocery",0,0,0,"midday"
58,404,16,388,"weekday","afternoon","unknown","cold","grocery",0,0,0,"midday"
58,405,17,388,"weekday","morning","travelling","freezing","grocery",0,0,0,"morning"
58,408,20,388,"weekday","afternoon","travelling","freezing","grocery",0,0,0,"midday"
58,421,33,388,"weekend","beforelunch","unknown","cold","grocery",0,0,0,"midday"
58,428,40,388,"weekend","morning","travelling","unknown","grocery",0,0,0,"morning"
58,430,42,388,"weekday","unknown","travelling","unknown","restaurant",0,0,0,"unknown"
58,441,53,388,"weekday","breakfast","leisure","cold","restaurant",0,0,0,"morning"
58,446,58,388,"weekday","beforelunch","shopping","hot","restaurant",0,1,0,"midday"
58,454,66,388,"weekend","earlymorning","shopping","warm","grocery",0,1,0,"morning"
58,460,72,388,"weekend","beforelunch","leisure","freezing","restaurant",1,1,0,"midday"
58,466,78,388,"weekday","afternoon","travelling","freezing","restaurant",0,1,0,"midday"
58,482,94,388,"weekend","morning","unknown","cold","grocery",1,1,0,"morning"
58,487,99,388,"unknown","beforelunch","housework","hot","restaurant",0,1,0,"midday"
58,488,100,388,"weekday","afternoon","working","freezing","grocery",0,1,0,"midday"
58,497,109,388,"weekday","afternoon","travelling","freezing","restaurant",1,1,0,"midday"
58,504,116,388,"weekday","beforelunch","travelling","cold","grocery",1,1,1,"midday"
58,514,126,388,"weekday","afternoon","travelling","cold","grocery",1,1,1,"midday"
58,521,133,388,"weekday","breakfast","travelling","cold","restaurant",0,1,1,"morning"
58,528,140,388,"weekend","afternoon","shopping","freezing","restaurant",1,1,1,"midday"
58,530,142,388,"weekday","beforelunch","unknown","freezing","grocery",1,1,1,"midday"
58,539,151,388,"weekday","breakfast","travelling","unknown","restaurant",0,1,1,"morning"
58,557,169,388,"weekend","breakfast","shopping","warm","restaurant",0,1,1,"morning"
58,559,171,388,"weekend","morning","travelling","unknown","restaurant",0,1,1,"morning"
58,566,178,388,"weekday","beforelunch","working","freezing","grocery",1,1,1,"midday"
59,394,0,394,"weekend","afternoon","travelling","hot","restaurant",0,0,0,"midday"
59,395,1,394,"weekend","unknown","travelling","warm","restaurant",0,0,0,"unknown"
59,396,2,394,"weekday","afternoon","unknown","warm","restaurant",1,0,0,"midday"
59,398,4,394,"weekday","beforelunch","travelling","cold","restaurant",0,0,0,"midday"
59,399,5,394,"weekday","lunch","working","cold","grocery",0,0,0,"midday"
59,400,6,394,"weekday","beforelunch","unknown","warm","grocery",0,0,0,"midday"
59,401,7,394,"weekday","afternoon","working","cold","grocery",0,0,0,"midday"
59,402,8,394,"weekday","afternoon","travelling","cold","grocery",1,0,0,"midday"
59,403,9,394,"weekday","lunch","unknown","freezing","grocery",0,0,0,"midday"
59,404,10,394,"weekend","lunch","travelling","cold","restaurant",0,0,0,"midday"
59,405,11,394,"weekday","afternoon","travelling","unknown","restaurant",1,0,0,"midday"
59,406,12,394,"weekday","beforelunch","leisure","warm","restaurant",0,0,0,"midday"
59,414,20,394,"weekday","night","travelling","warm","grocery",0,0,0,"night"
59,415,21,394,"weekday","beforelunch","travelling","unknown","grocery",0,0,0,"midday"
59,416,22,394,"weekend","afternoon","travelling","hot","grocery",0,0,0,"midday"
59,417,23,394,"weekend","beforelunch","working","unknown","restaurant",1,0,0,"midday"
59,421,27,394,"weekend","lunch","travelling","hot","restaurant",1,0,0,"midday"
59,422,28,394,"weekend","afternoon","travelling","warm","grocery",0,0,0,"midday"
59,424,30,394,"unknown","lunch","shopping","freezing","grocery",0,0,0,"midday"
59,429,35,394,"weekday","afternoon","travelling","warm","restaurant",0,0,0,"midday"
59,430,36,394,"weekend","beforelunch","morningrituals","cold","grocery",0,0,0,"midday"
59,431,37,394,"weekday","afternoon","travelling","cold","grocery",0,0,0,"midday"
59,432,38,394,"weekday","afternoon","travelling","warm","restaurant",0,0,0,"midday"
59,434,40,394,"weekday","night","leisure","warm","restaurant",0,0,0,"night"
59,436,42,394,"weekday","afternoon","travelling","freezing","grocery",0,0,0,"midday"
59,437,43,394,"weekday","breakfast","travelling","unknown","grocery",1,0,0,"morning"
59,438,44,394,"weekday","lunch","travelling","freezing","grocery",0,0,0,"midday"
59,439,45,394,"weekend","afternoon","travelling","warm","grocery",0,0,0,"midday"
59,440,46,394,"weekday","afternoon","working","warm","grocery",0,0,0,"midday"
59,441,47,394,"weekend","afternoon","unknown","warm","restaurant",1,0,0,"midday"
59,444,50,394,"weekday","lunch","unknown","hot","grocery",0,0,0,"midday"
59,446,52,394,"weekday","afternoon","travelling","unknown","grocery",0,0,0,"midday"
59,448,54,394,"unknown","afternoon","shopping","freezing","restaurant",0,0,0,"midday"
59,450,56,394,"unknown","beforelunch","travelling","unknown","restaurant",1,0,0,"midday"
59,455,61,394,"weekday","lunch","shopping","unknown","grocery",0,1,0,"midday"
59,458,64,394,"weekday","lunch","shopping","unknown","grocery",0,1,0,"midday"
59,459,65,394,"weekday","afternoon","travelling","unknown","restaurant",1,1,0,"midday"
59,460,66,394,"weekend","beforelunch","unknown","warm","grocery",0,1,0,"midday"
59,463,69,394,"weekday","afternoon","unknown","unknown","restaurant",0,1,0,"midday"
59,467,73,394,"weekday","beforelunch","travelling","freezing","grocery",0,1,0,"midday"
59,469,75,394,"weekday","afternoon","travelling","hot","restaurant",0,1,0,"midday"
59,472,78,394,"weekend","afternoon","shopping","warm","grocery",0,1,0,"midday"
59,476,82,394,"weekday","lunch","travelling","cold","restaurant",0,1,0,"midday"
59,477,83,394,"weekend","afternoon","travelling","freezing","restaurant",0,1,0,"midday"
59,478,84,394,"weekday","dinner","travelling","unknown","grocery",0,1,0,"night"
59,481,87,394,"weekday","lunch","travelling","warm","restaurant",0,1,0,"midday"
59,482,88,394,"weekday","lunch","unknown","cold","grocery",0,1,0,"midday"
59,484,90,394,"weekday","lunch","unknown","warm","grocery",0,1,0,"midday"
59,485,91,394,"weekday","afternoon","travelling","freezing","restaurant",0,1,0,"midday"
59,486,92,394,"weekday","evening","travelling","unknown","restaurant",0,1,0,"night"
59,490,96,394,"weekday","lunch","unknown","freezing","restaurant",0,1,0,"midday"
59,493,99,394,"unknown","latenight","travelling","freezing","restaurant",1,1,0,"night"
59,495,101,394,"weekday","afternoon","travelling","cold","grocery",1,1,0,"midday"
59,498,104,394,"unknown","afternoon","travelling","warm","grocery",0,1,0,"midday"
59,502,108,394,"weekend","night","travelling","freezing","grocery",0,1,0,"night"
59,504,110,394,"weekday","afternoon","travelling","cold","grocery",0,1,0,"midday"
59,506,112,394,"weekday","beforelunch","travelling","freezing","grocery",1,1,0,"midday"
59,507,113,394,"weekday","afternoon","travelling","hot","restaurant",0,1,1,"midday"
59,509,115,394,"weekday","afternoon","travelling","freezing","grocery",0,1,1,"midday"
59,511,117,394,"weekday","afternoon","working","unknown","grocery",1,1,1,"midday"
59,512,118,394,"weekday","beforelunch","unknown","cold","grocery",1,1,1,"midday"
59,516,122,394,"weekend","afternoon","travelling","unknown","restaurant",0,1,1,"midday"
59,517,123,394,"weekday","morning","shopping","freezing","restaurant",0,1,1,"morning"
59,519,125,394,"weekend","breakfast","unknown","freezing","grocery",1,1,1,"morning"
59,523,129,394,"weekday","lunch","travelling","freezing","restaurant",0,1,1,"midday"
59,524,130,394,"weekend","lunch","unknown","hot","restaurant",0,1,1,"midday"
59,525,131,394,"weekend","earlymorning","travelling","freezing","grocery",0,1,1,"morning"
59,526,132,394,"unknown","morning","travelling","unknown","grocery",0,1,1,"morning"
59,530,136,394,"weekend","afternoon","unknown","cold","grocery",0,1,1,"midday"
59,534,140,394,"weekday","unknown","leisure","hot","grocery",0,1,1,"unknown"
59,536,142,394,"weekday","lunch","travelling","cold","grocery",0,1,1,"midday"
59,538,144,394,"weekday","afternoon","leisure","freezing","restaurant",0,1,1,"midday"
59,539,145,394,"weekday","afternoon","travelling","cold","restaurant",1,1,1,"midday"
59,540,146,394,"weekend","latenight","morningrituals","cold","restaurant",0,1,1,"night"
59,543,149,394,"weekday","breakfast","travelling","unknown","grocery",0,1,1,"morning"
59,544,150,394,"weekend","afternoon","travelling","freezing","grocery",0,1,1,"midday"
59,545,151,394,"weekend","breakfast","travelling","warm","restaurant",0,1,1,"morning"
59,549,155,394,"unknown","afternoon","unknown","cold","grocery",0,1,1,"midday"
59,550,156,394,"weekday","afternoon","working","cold","grocery",0,1,1,"midday"
59,551,157,394,"weekend","morning","travelling","freezing","restaurant",0,1,1,"morning"
59,552,158,394,"weekday","afternoon","working","freezing","grocery",1,1,1,"midday"
59,553,159,394,"weekday","lunch","leisure","cold","grocery",1,1,1,"midday"
59,554,160,394,"weekday","afternoon","travelling","unknown","restaurant",1,1,1,"midday"
59,555,161,394,"weekday","afternoon","travelling","cold","restaurant",1,1,1,"midday"
59,556,162,394,"weekday","beforelunch","unknown","unknown","restaurant",1,1,1,"midday"
59,559,165,394,"weekday","afternoon","travelling","freezing","restaurant",0,1,1,"midday"
59,560,166,394,"weekday","lunch","travelling","warm","restaurant",1,1,1,"midday"
59,561,167,394,"weekday","afternoon","leisure","cold","restaurant",1,1,1,"midday"
59,563,169,394,"weekday","beforelunch","travelling","unknown","restaurant",1,1,1,"midday"
59,564,170,394,"weekday","lunch","travelling","unknown","grocery",0,1,1,"midday"
59,565,171,394,"weekday","unknown","travelling","cold","grocery",0,1,1,"unknown"
59,567,173,394,"weekend","beforelunch","travelling","freezing","restaurant",0,1,1,"midday"
59,569,175,394,"weekday","morning","morningrituals","warm","restaurant",1,1,1,"morning"
59,572,178,394,"weekday","beforelunch","shopping","unknown","grocery",0,1,1,"midday"
59,573,179,394,"weekend","beforelunch","working","unknown","grocery",0,1,1,"midday"
59,574,180,394,"unknown","lunch","travelling","unknown","restaurant",1,1,1,"midday"
59,576,182,394,"weekday","afternoon","unknown","unknown","grocery",0,1,1,"midday"
60,412,16,396,"weekend","afternoon","leisure","cold","grocery",0,0,0,"midday"
60,458,62,396,"weekday","night","travelling","freezing","grocery",0,1,0,"night"
60,474,78,396,"weekday","beforelunch","travelling","hot","restaurant",0,1,0,"midday"
60,487,91,396,"weekday","lunch","morningrituals","cold","restaurant",0,1,0,"midday"
60,488,92,396,"weekend","afternoon","unknown","cold","restaurant",0,1,0,"midday"
60,499,103,396,"weekday","lunch","travelling","cold","restaurant",1,1,0,"midday"
60,513,117,396,"weekend","afternoon","travelling","unknown","restaurant",0,1,1,"midday"
60,518,122,396,"weekend","evening","travelling","freezing","grocery",0,1,1,"night"
60,523,127,396,"weekday","breakfast","unknown","unknown","restaurant",0,1,1,"morning"
60,541,145,396,"weekday","breakfast","unknown","unknown","grocery",1,1,1,"morning"
60,548,152,396,"weekend","beforelunch","unknown","hot","restaurant",0,1,1,"midday"
60,575,179,396,"weekday","afternoon","leisure","cold","restaurant",0,1,1,"midday"
60,578,182,396,"weekday","afternoon","travelling","cold","grocery",0,1,1,"midday"
61,402,1,401,"weekend","beforelunch","working","freezing","restaurant",1,0,0,"midday"
61,406,5,401,"weekday","lunch","shopping","cold","restaurant",0,0,0,"midday"
61,408,7,401,"weekend","beforelunch","unknown","warm","restaurant",1,0,0,"midday"
61,411,10,401,"unknown","afternoon","travelling","unknown","grocery",0,0,0,"midday"
61,414,13,401,"weekday","afternoon","unknown","freezing","grocery",0,0,0,"midday"
61,415,14,401,"weekday","unknown","travelling","unknown","grocery",0,0,0,"unknown"
61,418,17,401,"weekend","beforelunch","unknown","cold","grocery",1,0,0,"midday"
61,421,20,401,"weekend","latenight","travelling","freezing","grocery",1,0,0,"night"
61,423,22,401,"weekday","afternoon","unknown","unknown","restaurant",1,0,0,"midday"
61,429,28,401,"weekend","dinner","travelling","hot","grocery",0,0,0,"night"
61,434,33,401,"weekday","afternoon","unknown","hot","restaurant",0,0,0,"midday"
61,435,34,401,"weekday","afternoon","unknown","cold","restaurant",0,0,0,"midday"
61,437,36,401,"weekday","beforelunch","travelling","unknown","restaurant",0,0,0,"midday"
61,443,42,401,"weekday","dinner","working","freezing","grocery",0,0,0,"night"
61,449,48,401,"weekend","beforelunch","travelling","unknown","grocery",0,0,0,"midday"
61,452,51,401,"weekday","afternoon","working","cold","restaurant",0,0,0,"midday"
61,459,58,401,"weekend","breakfast","travelling","freezing","restaurant",1,1,0,"morning"
61,464,63,401,"weekday","afternoon","travelling","cold","restaurant",0,1,0,"midday"
61,465,64,401,"weekend","afternoon","travelling","unknown","grocery",1,1,0,"midday"
61,466,65,401,"weekday","morning","travelling","freezing","restaurant",0,1,0,"morning"
61,467,66,401,"weekday","morning","travelling","cold","grocery",0,1,0,"morning"
61,472,71,401,"weekday","beforelunch","travelling","freezing","grocery",1,1,0,"midday"
61,477,76,401,"weekday","afternoon","travelling","unknown","grocery",0,1,0,"midday"
61,479,78,401,"weekday","afternoon","travelling","cold","grocery",0,1,0,"midday"
61,487,86,401,"weekend","beforelunch","travelling","warm","restaurant",0,1,0,"midday"
61,489,88,401,"weekday","lunch","travelling","unknown","restaurant",1,1,0,"midday"
61,498,97,401,"weekday","afternoon","unknown","freezing","grocery",0,1,0,"midday"
61,501,100,401,"weekday","afternoon","working","hot","restaurant",1,1,0,"midday"
61,502,101,401,"weekday","lunch","travelling","cold","restaurant",0,1,0,"midday"
61,504,103,401,"weekday","breakfast","social","cold","grocery",0,1,0,"morning"
61,507,106,401,"weekend","beforelunch","unknown","cold","grocery",0,1,0,"midday"
61,508,107,401,"weekend","morning","leisure","freezing","grocery",1,1,0,"morning"
61,509,108,401,"weekday","beforelunch","leisure","freezing","restaurant",0,1,0,"midday"
61,515,114,401,"weekend","morning","travelling","unknown","grocery",0,1,1,"morning"
61,516,115,401,"weekday","lunch","unknown","hot","grocery",0,1,1,"midday"
61,520,119,401,"weekday","beforelunch","shopping","cold","restaurant",0,1,1,"midday"
61,521,120,401,"weekday","lunch","unknown","warm","grocery",0,1,1,"midday"
61,525,124,401,"weekday","breakfast","travelling","freezing","grocery",0,1,1,"morning"
61,526,125,401,"weekend","beforelunch","morningrituals","cold","grocery",0,1,1,"midday"
61,527,126,401,"weekday","beforelunch","travelling","warm","restaurant",0,1,1,"midday"
61,530,129,401,"weekend","breakfast","leisure","unknown","grocery",0,1,1,"morning"
61,533,132,401,"weekday","beforelunch","travelling","cold","grocery",1,1,1,"midday"
61,536,135,401,"weekday","lunch","travelling","hot","restaurant",1,1,1,"midday"
61,537,136,401,"weekend","earlymorning","unknown","hot","grocery",0,1,1,"morning"
61,542,141,401,"weekend","morning","travelling","warm","restaurant",1,1,1,"morning"
61,543,142,401,"weekday","morning","travelling","freezing","grocery",0,1,1,"morning"
61,552,151,401,"weekday","lunch","travelling","freezing","grocery",0,1,1,"midday"
61,565,164,401,"weekday","lunch","travelling","unknown","grocery",0,1,1,"midday"
61,573,172,401,"weekend","beforelunch","travelling","hot","restaurant",0,1,1,"midday"
61,575,174,401,"weekend","afternoon","leisure","freezing","grocery",0,1,1,"midday"
61,576,175,401,"weekend","afternoon","travelling","cold","grocery",1,1,1,"midday"
61,583,182,401,"weekend","lunch","working","freezing","restaurant",0,1,1,"midday"
61,584,183,401,"weekday","night","shopping","cold","grocery",1,1,1,"night"
62,403,0,403,"weekday","lunch","leisure","freezing","grocery",0,0,0,"midday"
62,404,1,403,"weekend","afternoon","shopping","warm","grocery",1,0,0,"midday"
62,408,5,403,"weekday","beforelunch","unknown","freezing","restaurant",0,0,0,"midday"
62,410,7,403,"weekday","night","working","unknown","restaurant",0,0,0,"night"
62,414,11,403,"weekend","lunch","travelling","unknown","grocery",0,0,0,"midday"
62,419,16,403,"weekday","night","travelling","freezing","restaurant",1,0,0,"night"
62,422,19,403,"weekend","beforelunch","unknown","cold","grocery",0,0,0,"midday"
62,431,28,403,"weekday","breakfast","travelling","cold","restaurant",0,0,0,"morning"
62,435,32,403,"weekend","lunch","travelling","unknown","grocery",1,0,0,"midday"
62,436,33,403,"weekday","evening","unknown","warm","grocery",1,0,0,"night"
62,441,38,403,"weekend","latenight","travelling","unknown","restaurant",0,0,0,"night"
62,443,40,403,"weekday","night","travelling","freezing","restaurant",0,0,0,"night"
62,447,44,403,"weekend","afternoon","travelling","warm","grocery",1,0,0,"midday"
62,451,48,403,"weekend","afternoon","travelling","cold","grocery",0,0,0,"midday"
62,452,49,403,"weekday","lunch","travelling","unknown","grocery",1,0,0,"midday"
62,455,52,403,"weekday","afternoon","unknown","freezing","grocery",0,0,0,"midday"
62,462,59,403,"weekend","afternoon","travelling","freezing","restaurant",0,1,0,"midday"
62,466,63,403,"unknown","afternoon","shopping","cold","grocery",0,1,0,"midday"
62,469,66,403,"weekend","afternoon","travelling","warm","grocery",1,1,0,"midday"
62,471,68,403,"weekday","dinner","travelling","cold","restaurant",0,1,0,"night"
62,474,71,403,"unknown","beforelunch","travelling","warm","grocery",1,1,0,"midday"
62,482,79,403,"weekend","breakfast","travelling","cold","grocery",0,1,0,"morning"
62,483,80,403,"weekday","lunch","working","cold","restaurant",0,1,0,"midday"
62,495,92,403,"weekend","morning","shopping","warm","restaurant",0,1,0,"morning"
62,496,93,403,"weekend","dinner","travelling","cold","restaurant",1,1,0,"night"
62,499,96,403,"weekday","lunch","travelling","cold","restaurant",1,1,0,"midday"
62,504,101,403,"unknown","breakfast","shopping","cold","restaurant",0,1,0,"morning"
62,511,108,403,"weekend","lunch","travelling","warm","grocery",0,1,0,"midday"
62,515,112,403,"weekend","unknown","travelling","warm","grocery",1,1,0,"unknown"
62,517,114,403,"weekday","lunch","travelling","freezing","grocery",0,1,1,"midday"
62,519,116,403,"weekday","breakfast","travelling","cold","grocery",0,1,1,"morning"
62,522,119,403,"weekend","night","travelling","warm","restaurant",0,1,1,"night"
62,525,122,403,"weekday","afternoon","travelling","cold","grocery",1,1,1,"midday"
62,526,123,403,"weekday","lunch","unknown","freezing","grocery",0,1,1,"midday"
62,528,125,403,"weekday","beforelunch","travelling","cold","grocery",1,1,1,"midday"
62,541,138,403,"weekend","afternoon","travelling","freezing","restaurant",0,1,1,"midday"
62,542,139,403,"weekday","lunch","travelling","unknown","restaurant",0,1,1,"midday"
62,544,141,403,"weekday","breakfast","morningrituals","warm","grocery",0,1,1,"morning"
62,546,143,403,"weekend","breakfast","travelling","unknown","restaurant",1,1,1,"morning"
62,548,145,403,"weekday","afternoon","travelling","warm","grocery",1,1,1,"midday"
62,549,146,403,"weekday","morning","travelling","cold","grocery",0,1,1,"morning"
62,553,150,403,"weekend","afternoon","unknown","unknown","grocery",0,1,1,"midday"
62,556,153,403,"weekend","dinner","working","cold","grocery",0,1,1,"night"
62,557,154,403,"weekday","breakfast","shopping","hot","grocery",1,1,1,"morning"
62,558,155,403,"weekday","afternoon","travelling","cold","restaurant",0,1,1,"midday"
62,564,161,403,"weekday","lunch","travelling","warm","restaurant",0,1,1,"midday"
62,570,167,403,"weekday","afternoon","travelling","unknown","grocery",0,1,1,"midday"
62,572,169,403,"weekday","dinner","leisure","freezing","grocery",1,1,1,"night"
62,577,174,403,"weekday","beforelunch","travelling","cold","grocery",0,1,1,"midday"
62,582,179,403,"weekday","morning","travelling","hot","restaurant",0,1,1,"morning"
62,584,181,403,"weekday","beforelunch","travelling","freezing","grocery",0,1,1,"midday"
62,585,182,403,"weekday","breakfast","travelling","freezing","grocery",1,1,1,"morning"
63,414,6,408,"weekday","night","travelling","cold","restaurant",0,0,0,"night"
63,427,19,408,"weekend","lunch","travelling","warm","grocery",0,0,0,"midday"
63,432,24,408,"weekend","afternoon","travelling","freezing","grocery",1,0,0,"midday"
63,451,43,408,"weekend","night","unknown","unknown","grocery",0,0,0,"night"
63,514,106,408,"weekday","lunch","travelling","cold","restaurant",0,1,0,"midday"
63,521,113,408,"weekday","lunch","travelling","freezing","grocery",1,1,1,"midday"
63,554,146,408,"weekday","lunch","travelling","warm","restaurant",0,1,1,"midday"
64,421,9,412,"weekday","beforelunch","travelling","cold","restaurant",0,0,0,"midday"
64,434,22,412,"weekday","afternoon","travelling","freezing","restaurant",1,0,0,"midday"
64,436,24,412,"unknown","beforelunch","leisure","warm","grocery",0,0,0,"midday"
64,442,30,412,"weekday","beforelunch","travelling","warm","grocery",0,0,0,"midday"
64,443,31,412,"weekend","earlymorning","travelling","unknown","grocery",0,0,0,"morning"
64,446,34,412,"weekday","lunch","unknown","warm","restaurant",0,0,0,"midday"
64,447,35,412,"unknown","beforelunch","travelling","cold","restaurant",1,0,0,"midday"
64,454,42,412,"weekend","breakfast","unknown","freezing","restaurant",0,0,0,"morning"
64,457,45,412,"weekday","lunch","working","unknown","grocery",1,0,0,"midday"
64,463,51,412,"weekday","earlymorning","travelling","freezing","restaurant",0,0,0,"morning"
64,464,52,412,"weekday","lunch","travelling","freezing","grocery",1,0,0,"midday"
64,468,56,412,"weekend","lunch","unknown","freezing","restaurant",0,0,0,"midday"
64,473,61,412,"weekday","beforelunch","working","unknown","grocery",0,1,0,"midday"
64,482,70,412,"weekend","lunch","travelling","unknown","restaurant",0,1,0,"midday"
64,484,72,412,"weekend","afternoon","unknown","hot","restaurant",0,1,0,"midday"
64,485,73,412,"weekday","afternoon","travelling","freezing","grocery",1,1,0,"midday"
64,489,77,412,"weekday","beforelunch","unknown","cold","restaurant",0,1,0,"midday"
64,493,81,412,"weekday","afternoon","travelling","hot","restaurant",1,1,0,"midday"
64,497,85,412,"weekday","afternoon","working","cold","grocery",0,1,0,"midday"
64,503,91,412,"weekday","breakfast","unknown","hot","restaurant",0,1,0,"morning"
64,509,97,412,"weekday","lunch","travelling","unknown","restaurant",0,1,0,"midday"
64,511,99,412,"weekend","morning","unknown","cold","grocery",0,1,0,"morning"
64,512,100,412,"weekday","latenight","unknown","cold","grocery",0,1,0,"night"
64,516,104,412,"weekday","unknown","unknown","hot","grocery",0,1,0,"unknown"
64,518,106,412,"weekend","lunch","unknown","warm","grocery",0,1,0,"midday"
64,519,107,412,"weekday","beforelunch","unknown","freezing","restaurant",0,1,0,"midday"
64,520,108,412,"weekday","night","travelling","hot","restaurant",0,1,0,"night"
64,521,109,412,"weekday","afternoon","travelling","unknown","restaurant",0,1,0,"midday"
64,522,110,412,"weekday","afternoon","travelling","warm","restaurant",0,1,0,"midday"
64,523,111,412,"weekday","breakfast","travelling","unknown","restaurant",0,1,0,"morning"
64,527,115,412,"weekday","lunch","leisure","freezing","grocery",0,1,1,"midday"
64,528,116,412,"weekday","beforelunch","unknown","cold","grocery",0,1,1,"midday"
64,530,118,412,"weekday","evening","unknown","cold","grocery",0,1,1,"night"
64,534,122,412,"weekday","afternoon","travelling","cold","grocery",0,1,1,"midday"
64,540,128,412,"weekend","breakfast","shopping","unknown","restaurant",1,1,1,"morning"
64,543,131,412,"weekday","breakfast","travelling","freezing","restaurant",1,1,1,"morning"
64,549,137,412,"weekday","lunch","unknown","freezing","restaurant",0,1,1,"midday"
64,551,139,412,"weekend","lunch","travelling","unknown","restaurant",0,1,1,"midday"
64,553,141,412,"weekday","lunch","unknown","cold","restaurant",0,1,1,"midday"
64,554,142,412,"weekday","beforelunch","leisure","freezing","restaurant",1,1,1,"midday"
64,559,147,412,"weekend","morning","travelling","freezing","grocery",0,1,1,"morning"
64,560,148,412,"weekday","breakfast","unknown","warm","restaurant",0,1,1,"morning"
64,566,154,412,"weekend","breakfast","working","freezing","restaurant",0,1,1,"morning"
64,572,160,412,"weekday","dinner","travelling","cold","grocery",0,1,1,"night"
64,577,165,412,"weekday","unknown","unknown","warm","restaurant",0,1,1,"unknown"
64,582,170,412,"weekend","afternoon","travelling","cold","grocery",0,1,1,"midday"
64,584,172,412,"weekend","beforelunch","travelling","unknown","grocery",1,1,1,"midday"
64,587,175,412,"weekday","afternoon","travelling","cold","restaurant",1,1,1,"midday"
64,589,177,412,"weekend","afternoon","travelling","warm","grocery",0,1,1,"midday"
64,592,180,412,"weekday","beforelunch","travelling","unknown","restaurant",0,1,1,"midday"
64,594,182,412,"weekday","morning","unknown","freezing","grocery",0,1,1,"morning"
64,595,183,412,"unknown","afternoon","unknown","cold","restaurant",0,1,1,"midday"
65,425,0,425,"weekday","breakfast","travelling","warm","restaurant",0,0,0,"morning"
65,426,1,425,"weekday","lunch","unknown","unknown","grocery",1,0,0,"midday"
65,429,4,425,"weekend","afternoon","unknown","unknown","grocery",1,0,0,"midday"
65,431,6,425,"weekend","morning","unknown","warm","restaurant",1,0,0,"morning"
65,432,7,425,"weekday","afternoon","travelling","freezing","restaurant",0,0,0,"midday"
65,434,9,425,"weekday","beforelunch","travelling","unknown","grocery",0,0,0,"midday"
65,435,10,425,"weekday","afternoon","travelling","unknown","grocery",0,0,0,"midday"
65,436,11,425,"weekday","beforelunch","travelling","cold","grocery",0,0,0,"midday"
65,438,13,425,"weekday","breakfast","unknown","warm","restaurant",0,0,0,"morning"
65,440,15,425,"weekday","lunch","travelling","warm","grocery",1,0,0,"midday"
65,451,26,425,"weekday","morning","working","cold","grocery",1,0,0,"morning"
65,452,27,425,"weekday","afternoon","travelling","warm","grocery",1,0,0,"midday"
65,460,35,425,"weekday","breakfast","leisure","warm","restaurant",0,0,0,"morning"
65,464,39,425,"weekday","afternoon","unknown","unknown","restaurant",0,0,0,"midday"
65,467,42,425,"weekday","lunch","travelling","freezing","grocery",1,0,0,"midday"
65,471,46,425,"weekday","afternoon","shopping","cold","restaurant",0,0,0,"midday"
65,477,52,425,"weekday","unknown","travelling","warm","restaurant",0,0,0,"unknown"
65,478,53,425,"unknown","afternoon","travelling","unknown","restaurant",0,0,0,"midday"
65,479,54,425,"weekday","dinner","travelling","cold","restaurant",0,0,0,"night"
65,480,55,425,"weekend","afternoon","leisure","cold","grocery",0,0,0,"midday"
65,481,56,425,"weekday","afternoon","travelling","warm","grocery",0,0,0,"midday"
65,484,59,425,"weekday","afternoon","unknown","warm","grocery",0,1,0,"midday"
65,487,62,425,"weekend","beforelunch","travelling","cold","restaurant",1,1,0,"midday"
65,490,65,425,"weekday","afternoon","travelling","freezing","restaurant",0,1,0,"midday"
65,492,67,425,"weekday","lunch","travelling","warm","restaurant",0,1,0,"midday"
65,493,68,425,"weekday","evening","travelling","unknown","restaurant",0,1,0,"night"
65,494,69,425,"weekday","afternoon","travelling","warm","restaurant",0,1,0,"midday"
65,499,74,425,"weekday","afternoon","travelling","cold","restaurant",0,1,0,"midday"
65,501,76,425,"weekend","unknown","leisure","cold","restaurant",0,1,0,"unknown"
65,503,78,425,"weekend","dinner","shopping","warm","grocery",0,1,0,"night"
65,504,79,425,"weekday","afternoon","travelling","cold","grocery",1,1,0,"midday"
65,514,89,425,"weekday","breakfast","travelling","cold","restaurant",1,1,0,"morning"
65,515,90,425,"weekday","lunch","leisure","unknown","grocery",0,1,0,"midday"
65,518,93,425,"weekday","beforelunch","travelling","warm","restaurant",0,1,0,"midday"
65,519,94,425,"weekday","afternoon","shopping","cold","restaurant",1,1,0,"midday"
65,523,98,425,"weekday","lunch","travelling","cold","grocery",0,1,0,"midday"
65,524,99,425,"weekday","lunch","shopping","freezing","grocery",0,1,0,"midday"
65,534,109,425,"weekday","afternoon","working","warm","grocery",0,1,0,"midday"
65,539,114,425,"weekday","lunch","travelling","cold","grocery",0,1,1,"midday"
65,543,118,425,"weekend","afternoon","travelling","cold","restaurant",0,1,1,"midday"
65,544,119,425,"weekday","beforelunch","travelling","warm","restaurant",0,1,1,"midday"
65,550,125,425,"weekend","afternoon","morningrituals","freezing","restaurant",0,1,1,"midday"
65,555,130,425,"weekend","dinner","travelling","unknown","grocery",0,1,1,"night"
65,556,131,425,"weekend","afternoon","travelling","unknown","restaurant",0,1,1,"midday"
65,559,134,425,"weekend","lunch","working","warm","restaurant",1,1,1,"midday"
65,560,135,425,"weekday","evening","travelling","warm","restaurant",1,1,1,"night"
65,561,136,425,"weekend","morning","travelling","freezing","grocery",0,1,1,"morning"
65,563,138,425,"weekend","lunch","travelling","warm","restaurant",1,1,1,"midday"
65,565,140,425,"weekday","beforelunch","travelling","cold","grocery",0,1,1,"midday"
65,570,145,425,"weekday","breakfast","travelling","warm","restaurant",0,1,1,"morning"
65,572,147,425,"weekend","breakfast","unknown","unknown","restaurant",0,1,1,"morning"
65,578,153,425,"weekend","beforelunch","travelling","cold","grocery",1,1,1,"midday"
65,582,157,425,"weekend","lunch","travelling","cold","grocery",1,1,1,"midday"
65,583,158,425,"weekday","lunch","leisure","warm","restaurant",1,1,1,"midday"
65,585,160,425,"weekday","lunch","travelling","unknown","grocery",0,1,1,"midday"
65,593,168,425,"weekend","afternoon","working","cold","restaurant",1,1,1,"midday"
65,596,171,425,"weekday","lunch","leisure","hot","grocery",1,1,1,"midday"
65,597,172,425,"weekday","breakfast","travelling","cold","restaurant",0,1,1,"morning"
65,599,174,425,"weekend","lunch","leisure","unknown","grocery",0,1,1,"midday"
65,600,175,425,"weekday","afternoon","travelling","unknown","restaurant",0,1,1,"midday"
65,603,178,425,"weekend","earlymorning","working","cold","restaurant",1,1,1,"morning"
65,606,181,425,"weekday","breakfast","travelling","freezing","grocery",0,1,1,"morning"
65,607,182,425,"weekday","afternoon","travelling","unknown","restaurant",0,1,1,"midday"
66,443,14,429,"weekday","morning","travelling","freezing","grocery",0,0,0,"morning"
66,445,16,429,"weekday","dinner","travelling","cold","restaurant",0,0,0,"night"
66,448,19,429,"weekday","morning","travelling","warm","restaurant",0,0,0,"morning"
66,467,38,429,"weekend","beforelunch","unknown","unknown","restaurant",0,0,0,"midday"
66,480,51,429,"weekend","earlymorning","working","cold","restaurant",0,0,0,"morning"
66,481,52,429,"weekday","lunch","morningrituals","warm","grocery",0,0,0,"midday"
66,482,53,429,"weekday","afternoon","housework","cold","restaurant",1,0,0,"midday"
66,483,54,429,"weekday","morning","travelling","unknown","grocery",1,0,0,"morning"
66,497,68,429,"weekday","afternoon","working","unknown","restaurant",1,1,0,"midday"
66,498,69,429,"weekday","evening","travelling","cold","restaurant",0,1,0,"night"
66,505,76,429,"weekend","lunch","travelling","cold","grocery",0,1,0,"midday"
66,535,106,429,"unknown","afternoon","travelling","cold","restaurant",0,1,0,"midday"
66,536,107,429,"weekday","lunch","travelling","cold","grocery",1,1,0,"midday"
66,544,115,429,"weekend","afternoon","shopping","freezing","grocery",0,1,1,"midday"
66,553,124,429,"weekday","evening","travelling","freezing","restaurant",0,1,1,"night"
66,560,131,429,"weekday","unknown","travelling","cold","restaurant",0,1,1,"unknown"
66,569,140,429,"weekend","lunch","travelling","hot","restaurant",0,1,1,"midday"
66,570,141,429,"weekend","breakfast","leisure","warm","grocery",0,1,1,"morning"
66,580,151,429,"weekday","breakfast","travelling","unknown","grocery",0,1,1,"morning"
66,584,155,429,"weekend","afternoon","unknown","cold","restaurant",0,1,1,"midday"
66,586,157,429,"weekday","unknown","travelling","cold","grocery",0,1,1,"unknown"
66,594,165,429,"weekday","lunch","shopping","cold","grocery",0,1,1,"midday"
66,596,167,429,"weekday","morning","travelling","unknown","grocery",0,1,1,"morning"
66,609,180,429,"weekday","breakfast","unknown","cold","grocery",0,1,1,"morning"
67,441,0,441,"weekday","morning","travelling","warm","grocery",0,0,0,"morning"
67,444,3,441,"weekend","afternoon","leisure","cold","restaurant",0,0,0,"midday"
67,445,4,441,"weekday","evening","working","unknown","grocery",1,0,0,"night"
67,446,5,441,"weekend","breakfast","travelling","cold","restaurant",0,0,0,"morning"
67,447,6,441,"weekday","afternoon","unknown","cold","restaurant",0,0,0,"midday"
67,448,7,441,"weekday","beforelunch","travelling","warm","restaurant",0,0,0,"midday"
67,449,8,441,"weekday","afternoon","leisure","hot","restaurant",1,0,0,"midday"
67,452,11,441,"weekday","earlymorning","working","warm","grocery",1,0,0,"morning"
67,454,13,441,"weekday","beforelunch","unknown","freezing","grocery",0,0,0,"midday"
67,458,17,441,"weekday","afternoon","travelling","cold","restaurant",0,0,0,"midday"
67,459,18,441,"weekday","beforelunch","travelling","unknown","grocery",1,0,0,"midday"
67,461,20,441,"weekend","lunch","travelling","cold","grocery",0,0,0,"midday"
67,462,21,441,"weekend","afternoon","travelling","freezing","grocery",1,0,0,"midday"
67,464,23,441,"weekday","afternoon","travelling","warm","grocery",1,0,0,"midday"
67,465,24,441,"weekend","lunch","working","unknown","grocery",0,0,0,"midday"
67,467,26,441,"weekday","lunch","working","freezing","restaurant",0,0,0,"midday"
67,469,28,441,"weekday","beforelunch","leisure","cold","restaurant",0,0,0,"midday"
67,470,29,441,"weekday","breakfast","working","unknown","restaurant",1,0,0,"morning"
67,471,30,441,"weekend","afternoon","shopping","freezing","grocery",1,0,0,"midday"
67,475,34,441,"weekend","beforelunch","travelling","cold","grocery",1,0,0,"midday"
67,476,35,441,"weekday","lunch","working","freezing","restaurant",0,0,0,"midday"
67,478,37,441,"weekday","afternoon","travelling","freezing","restaurant",0,0,0,"midday"
67,481,40,441,"unknown","evening","leisure","warm","grocery",0,0,0,"night"
67,483,42,441,"weekday","lunch","travelling","warm","grocery",0,0,0,"midday"
67,484,43,441,"weekday","breakfast","travelling","warm","grocery",1,0,0,"morning"
67,485,44,441,"weekday","beforelunch","travelling","hot","grocery",0,0,0,"midday"
67,486,45,441,"weekday","morning","travelling","cold","grocery",1,0,0,"morning"
67,487,46,441,"weekday","latenight","travelling","cold","grocery",0,0,0,"night"
67,488,47,441,"weekday","beforelunch","unknown","unknown","restaurant",0,0,0,"midday"
67,489,48,441,"weekend","morning","travelling","cold","restaurant",0,0,0,"morning"
67,491,50,441,"weekday","morning","travelling","cold","restaurant",1,0,0,"morning"
67,493,52,441,"weekday","lunch","unknown","warm","grocery",1,0,0,"midday"
67,496,55,441,"weekday","afternoon","travelling","cold","grocery",1,0,0,"midday"
67,497,56,441,"weekday","night","travelling","warm","grocery",0,0,0,"night"
67,498,57,441,"weekday","beforelunch","travelling","warm","restaurant",0,1,0,"midday"
67,499,58,441,"weekday","beforelunch","travelling","cold","grocery",1,1,0,"midday"
67,500,59,441,"weekday","afternoon","travelling","freezing","restaurant",0,1,0,"midday"
67,501,60,441,"weekday","beforelunch","travelling","freezing","grocery",0,1,0,"midday"
67,503,62,441,"weekday","afternoon","travelling","cold","restaurant",0,1,0,"midday"
67,504,63,441,"weekend","unknown","working","warm","grocery",0,1,0,"unknown"
67,507,66,441,"weekday","afternoon","travelling","unknown","grocery",0,1,0,"midday"
67,510,69,441,"weekday","morning","leisure","cold","grocery",0,1,0,"morning"
67,512,71,441,"weekday","unknown","unknown","warm","grocery",1,1,0,"unknown"
67,515,74,441,"weekday","lunch","leisure","cold","grocery",0,1,0,"midday"
67,516,75,441,"weekday","breakfast","unknown","cold","restaurant",0,1,0,"morning"
67,518,77,441,"weekday","afternoon","travelling","freezing","restaurant",1,1,0,"midday"
67,520,79,441,"weekday","breakfast","travelling","unknown","grocery",1,1,0,"morning"
67,523,82,441,"weekday","earlymorning","unknown","unknown","grocery",0,1,0,"morning"
67,526,85,441,"weekday","breakfast","leisure","warm","restaurant",0,1,0,"morning"
67,527,86,441,"weekday","morning","leisure","cold","grocery",0,1,0,"morning"
67,529,88,441,"weekday","lunch","working","cold","grocery",0,1,0,"midday"
67,530,89,441,"weekday","afternoon","travelling","unknown","grocery",0,1,0,"midday"
67,531,90,441,"weekday","beforelunch","unknown","hot","grocery",0,1,0,"midday"
67,532,91,441,"weekday","breakfast","unknown","unknown","grocery",0,1,0,"morning"
67,534,93,441,"weekend","breakfast","travelling","warm","grocery",1,1,0,"morning"
67,536,95,441,"weekend","breakfast","unknown","cold","restaurant",1,1,0,"morning"
67,541,100,441,"weekend","lunch","travelling","cold","restaurant",1,1,0,"midday"
67,542,101,441,"weekday","dinner","shopping","cold","restaurant",0,1,0,"night"
67,543,102,441,"weekday","breakfast","leisure","unknown","grocery",0,1,0,"morning"
67,545,104,441,"weekday","afternoon","shopping","warm","grocery",0,1,0,"midday"
67,546,105,441,"weekday","lunch","working","unknown","grocery",0,1,0,"midday"
67,547,106,441,"weekday","lunch","unknown","freezing","grocery",1,1,0,"midday"
67,548,107,441,"weekday","dinner","travelling","cold","grocery",1,1,0,"night"
67,552,111,441,"weekday","afternoon","travelling","cold","restaurant",1,1,0,"midday"
67,553,112,441,"weekday","lunch","social","freezing","grocery",0,1,0,"midday"
67,555,114,441,"weekend","afternoon","travelling","unknown","restaurant",0,1,1,"midday"
67,556,115,441,"weekday","morning","unknown","cold","restaurant",0,1,1,"morning"
67,557,116,441,"weekday","beforelunch","working","hot","grocery",1,1,1,"midday"
67,558,117,441,"weekend","lunch","travelling","warm","grocery",0,1,1,"midday"
67,559,118,441,"weekday","afternoon","unknown","warm","restaurant",1,1,1,"midday"
67,560,119,441,"weekday","lunch","travelling","unknown","grocery",0,1,1,"midday"
67,561,120,441,"weekend","beforelunch","leisure","warm","grocery",1,1,1,"midday"
67,563,122,441,"weekday","beforelunch","travelling","cold","restaurant",1,1,1,"midday"
67,564,123,441,"weekday","night","travelling","warm","grocery",0,1,1,"night"
67,565,124,441,"weekday","afternoon","housework","cold","grocery",0,1,1,"midday"
67,566,125,441,"weekday","lunch","travelling","freezing","grocery",1,1,1,"midday"
67,567,126,441,"weekday","earlymorning","travelling","freezing","grocery",0,1,1,"morning"
67,568,127,441,"weekday","breakfast","unknown","warm","restaurant",1,1,1,"morning"
67,569,128,441,"weekday","afternoon","leisure","warm","grocery",0,1,1,"midday"
67,571,130,441,"weekday","lunch","unknown","cold","grocery",0,1,1,"midday"
67,574,133,441,"weekday","beforelunch","unknown","unknown","grocery",1,1,1,"midday"
67,575,134,441,"weekend","beforelunch","shopping","freezing","restaurant",0,1,1,"midday"
67,577,136,441,"weekend","unknown","travelling","cold","restaurant",0,1,1,"unknown"
67,578,137,441,"weekday","afternoon","leisure","hot","grocery",0,1,1,"midday"
67,579,138,441,"weekday","beforelunch","travelling","freezing","restaurant",0,1,1,"midday"
67,582,141,441,"weekday","lunch","shopping","freezing","grocery",1,1,1,"midday"
67,584,143,441,"weekday","breakfast","travelling","warm","grocery",0,1,1,"morning"
67,586,145,441,"weekend","lunch","travelling","warm","grocery",0,1,1,"midday"
67,588,147,441,"weekday","unknown","travelling","freezing","restaurant",0,1,1,"unknown"
67,589,148,441,"weekend","night","travelling","hot","grocery",0,1,1,"night"
67,590,149,441,"weekday","earlymorning","unknown","freezing","restaurant",0,1,1,"morning"
67,591,150,441,"weekend","beforelunch","travelling","cold","grocery",0,1,1,"midday"
67,593,152,441,"weekend","beforelunch","travelling","unknown","grocery",0,1,1,"midday"
67,594,153,441,"weekday","afternoon","travelling","cold","restaurant",0,1,1,"midday"
67,596,155,441,"weekday","afternoon","shopping","freezing","restaurant",0,1,1,"midday"
67,598,157,441,"weekend","dinner","leisure","unknown","grocery",0,1,1,"night"
67,599,158,441,"weekday","lunch","travelling","cold","restaurant",1,1,1,"midday"
67,601,160,441,"weekday","afternoon","leisure","warm","restaurant",1,1,1,"midday"
67,603,162,441,"weekday","beforelunch","unknown","freezing","restaurant",0,1,1,"midday"
67,604,163,441,"weekday","afternoon","working","unknown","grocery",0,1,1,"midday"
67,605,164,441,"weekend","beforelunch","unknown","unknown","restaurant",0,1,1,"midday"
67,606,165,441,"weekday","beforelunch","unknown","unknown","restaurant",0,1,1,"midday"
67,607,166,441,"weekday","earlymorning","travelling","warm","restaurant",0,1,1,"morning"
67,610,169,441,"weekend","afternoon","shopping","cold","grocery",0,1,1,"midday"
67,612,171,441,"weekend","lunch","unknown","freezing","grocery",0,1,1,"midday"
67,617,176,441,"weekday","afternoon","working","unknown","restaurant",0,1,1,"midday"
67,618,177,441,"weekday","lunch","travelling","cold","restaurant",1,1,1,"midday"
67,621,180,441,"weekday","afternoon","travelling","cold","grocery",0,1,1,"midday"
67,623,182,441,"weekday","morning","travelling","unknown","restaurant",1,1,1,"morning"
68,459,6,453,"weekend","beforelunch","travelling","freezing","grocery",0,0,0,"midday"
68,469,16,453,"weekday","beforelunch","unknown","cold","restaurant",0,0,0,"midday"
68,490,37,453,"weekend","earlymorning","travelling","warm","grocery",0,0,0,"morning"
68,495,42,453,"weekday","lunch","shopping","cold","grocery",1,0,0,"midday"
68,496,43,453,"weekday","breakfast","travelling","cold","restaurant",0,0,0,"morning"
68,505,52,453,"weekday","lunch","travelling","cold","grocery",1,0,0,"midday"
68,519,66,453,"weekday","afternoon","travelling","cold","restaurant",0,1,0,"midday"
68,524,71,453,"unknown","lunch","shopping","unknown","grocery",1,1,0,"midday"
68,542,89,453,"weekday","afternoon","travelling","warm","grocery",0,1,0,"midday"
68,545,92,453,"weekday","unknown","travelling","freezing","grocery",0,1,0,"unknown"
68,546,93,453,"weekday","beforelunch","unknown","unknown","restaurant",0,1,0,"midday"
68,561,108,453,"weekday","earlymorning","working","cold","restaurant",0,1,0,"morning"
68,562,109,453,"weekday","afternoon","travelling","cold","grocery",1,1,0,"midday"
68,563,110,453,"weekday","breakfast","working","cold","grocery",1,1,0,"morning"
68,569,116,453,"weekday","dinner","travelling","freezing","restaurant",1,1,1,"night"
68,572,119,453,"weekday","afternoon","leisure","cold","restaurant",1,1,1,"midday"
68,579,126,453,"weekend","lunch","travelling","freezing","restaurant",1,1,1,"midday"
68,584,131,453,"weekday","afternoon","travelling","cold","grocery",1,1,1,"midday"
68,586,133,453,"weekday","lunch","travelling","freezing","restaurant",1,1,1,"midday"
68,592,139,453,"weekday","beforelunch","travelling","cold","grocery",0,1,1,"midday"
68,593,140,453,"weekday","beforelunch","travelling","unknown","restaurant",1,1,1,"midday"
68,594,141,453,"weekday","breakfast","travelling","warm","restaurant",0,1,1,"morning"
68,609,156,453,"weekend","lunch","travelling","cold","restaurant",0,1,1,"midday"
68,610,157,453,"weekend","breakfast","travelling","cold","restaurant",1,1,1,"morning"
68,612,159,453,"weekday","afternoon","travelling","cold","restaurant",0,1,1,"midday"
68,621,168,453,"weekday","afternoon","travelling","unknown","restaurant",0,1,1,"midday"
68,628,175,453,"weekday","afternoon","travelling","warm","grocery",0,1,1,"midday"
68,629,176,453,"weekday","afternoon","leisure","hot","grocery",0,1,1,"midday"
68,635,182,453,"weekend","lunch","travelling","unknown","restaurant",0,1,1,"midday"
69,460,0,460,"weekday","lunch","travelling","freezing","restaurant",0,0,0,"midday"
69,462,2,460,"weekend","night","travelling","freezing","restaurant",0,0,0,"night"
69,463,3,460,"weekend","morning","travelling","warm","grocery",1,0,0,"morning"
69,465,5,460,"weekend","lunch","unknown","cold","grocery",1,0,0,"midday"
69,467,7,460,"weekend","beforelunch","travelling","unknown","grocery",0,0,0,"midday"
69,470,10,460,"weekday","dinner","travelling","warm","grocery",0,0,0,"night"
69,471,11,460,"weekday","beforelunch","working","freezing","grocery",1,0,0,"midday"
69,478,18,460,"weekday","beforelunch","travelling","warm","grocery",0,0,0,"midday"
69,482,22,460,"weekend","afternoon","travelling","hot","restaurant",0,0,0,"midday"
69,487,27,460,"weekday","breakfast","travelling","cold","restaurant",0,0,0,"morning"
69,489,29,460,"weekday","afternoon","shopping","cold","restaurant",0,0,0,"midday"
69,491,31,460,"weekend","afternoon","shopping","unknown","restaurant",0,0,0,"midday"
69,496,36,460,"weekday","breakfast","unknown","freezing","grocery",0,0,0,"morning"
69,497,37,460,"weekend","afternoon","leisure","unknown","restaurant",0,0,0,"midday"
69,498,38,460,"weekday","beforelunch","travelling","cold","restaurant",0,0,0,"midday"
69,502,42,460,"weekday","beforelunch","travelling","warm","restaurant",1,0,0,"midday"
69,503,43,460,"weekday","earlymorning","unknown","cold","grocery",0,0,0,"morning"
69,508,48,460,"weekday","afternoon","travelling","cold","restaurant",1,0,0,"midday"
69,510,50,460,"weekday","lunch","morningrituals","cold","grocery",0,0,0,"midday"
69,513,53,460,"weekday","lunch","travelling","unknown","grocery",0,0,0,"midday"
69,517,57,460,"weekday","afternoon","working","warm","restaurant",0,1,0,"midday"
69,519,59,460,"weekday","dinner","travelling","freezing","grocery",0,1,0,"night"
69,523,63,460,"weekday","afternoon","shopping","hot","grocery",1,1,0,"midday"
69,527,67,460,"weekend","night","unknown","warm","restaurant",0,1,0,"night"
69,528,68,460,"weekend","morning","unknown","cold","restaurant",1,1,0,"morning"
69,529,69,460,"weekend","morning","travelling","unknown","grocery",0,1,0,"morning"
69,530,70,460,"weekday","breakfast","travelling","freezing","restaurant",0,1,0,"morning"
69,534,74,460,"weekend","lunch","working","warm","grocery",0,1,0,"midday"
69,537,77,460,"weekday","beforelunch","travelling","cold","grocery",1,1,0,"midday"
69,538,78,460,"weekday","lunch","travelling","freezing","grocery",0,1,0,"midday"
69,539,79,460,"weekend","beforelunch","travelling","cold","grocery",0,1,0,"midday"
69,544,84,460,"weekday","afternoon","travelling","cold","grocery",0,1,0,"midday"
69,546,86,460,"weekday","afternoon","travelling","freezing","grocery",1,1,0,"midday"
69,547,87,460,"weekend","earlymorning","working","cold","grocery",0,1,0,"morning"
69,548,88,460,"weekday","lunch","leisure","freezing","restaurant",0,1,0,"midday"
69,549,89,460,"weekday","breakfast","travelling","hot","grocery",1,1,0,"morning"
69,552,92,460,"weekday","beforelunch","travelling","unknown","restaurant",0,1,0,"midday"
69,554,94,460,"weekend","afternoon","travelling","cold","restaurant",0,1,0,"midday"
69,556,96,460,"weekday","morning","travelling","cold","grocery",0,1,0,"morning"
69,557,97,460,"weekday","unknown","working","cold","grocery",0,1,0,"unknown"
69,559,99,460,"weekday","beforelunch","unknown","freezing","grocery",0,1,0,"midday"
69,560,100,460,"weekday","unknown","working","warm","grocery",0,1,0,"unknown"
69,561,101,460,"weekday","lunch","unknown","cold","restaurant",0,1,0,"midday"
69,562,102,460,"weekday","afternoon","travelling","cold","grocery",0,1,0,"midday"
69,563,103,460,"weekday","morning","leisure","cold","grocery",0,1,0,"morning"
69,565,105,460,"weekday","breakfast","travelling","warm","restaurant",1,1,0,"morning"
69,566,106,460,"weekday","afternoon","unknown","cold","grocery",0,1,0,"midday"
69,567,107,460,"weekday","unknown","working","hot","grocery",0,1,0,"unknown"
69,568,108,460,"weekday","lunch","travelling","warm","grocery",1,1,0,"midday"
69,569,109,460,"weekend","afternoon","unknown","freezing","restaurant",0,1,0,"midday"
69,572,112,460,"weekday","afternoon","leisure","unknown","grocery",0,1,0,"midday"
69,573,113,460,"weekend","afternoon","travelling","hot","grocery",0,1,1,"midday"
69,574,114,460,"weekday","breakfast","unknown","freezing","grocery",1,1,1,"morning"
69,575,115,460,"weekday","beforelunch","travelling","cold","grocery",0,1,1,"midday"
69,578,118,460,"weekday","afternoon","travelling","cold","grocery",0,1,1,"midday"
69,582,122,460,"weekend","morning","travelling","cold","restaurant",0,1,1,"morning"
69,585,125,460,"weekday","afternoon","travelling","warm","restaurant",0,1,1,"midday"
69,586,126,460,"weekday","beforelunch","travelling","cold","grocery",1,1,1,"midday"
69,587,127,460,"weekend","beforelunch","travelling","cold","grocery",0,1,1,"midday"
69,588,128,460,"weekday","afternoon","travelling","cold","restaurant",0,1,1,"midday"
69,590,130,460,"weekday","morning","leisure","cold","grocery",0,1,1,"morning"
69,592,132,460,"weekday","morning","unknown","warm","grocery",0,1,1,"morning"
69,593,133,460,"weekday","morning","travelling","hot","restaurant",1,1,1,"morning"
69,597,137,460,"weekday","breakfast","unknown","warm","grocery",0,1,1,"morning"
69,599,139,460,"weekday","lunch","travelling","cold","grocery",0,1,1,"midday"
69,600,140,460,"weekday","unknown","travelling","unknown","restaurant",0,1,1,"unknown"
69,601,141,460,"weekend","beforelunch","travelling","warm","grocery",1,1,1,"midday"
69,603,143,460,"weekday","afternoon","working","hot","grocery",1,1,1,"midday"
69,605,145,460,"weekend","beforelunch","leisure","cold","grocery",0,1,1,"midday"
69,608,148,460,"weekday","lunch","travelling","cold","grocery",0,1,1,"midday"
69,611,151,460,"weekday","afternoon","leisure","warm","grocery",0,1,1,"midday"
69,612,152,460,"weekday","afternoon","travelling","warm","grocery",0,1,1,"midday"
69,614,154,460,"weekday","earlymorning","unknown","cold","grocery",0,1,1,"morning"
69,615,155,460,"weekday","afternoon","travelling","cold","grocery",0,1,1,"midday"
69,619,159,460,"weekday","lunch","travelling","unknown","grocery",0,1,1,"midday"
69,624,164,460,"weekend","breakfast","travelling","freezing","grocery",0,1,1,"morning"
69,625,165,460,"weekday","lunch","travelling","cold","restaurant",0,1,1,"midday"
69,626,166,460,"weekday","afternoon","travelling","unknown","grocery",0,1,1,"midday"
69,629,169,460,"weekday","dinner","leisure","unknown","restaurant",1,1,1,"night"
69,630,170,460,"weekday","dinner","travelling","cold","restaurant",0,1,1,"night"
69,635,175,460,"weekend","afternoon","travelling","unknown","grocery",0,1,1,"midday"
69,636,176,460,"weekend","afternoon","leisure","unknown","grocery",0,1,1,"midday"
69,637,177,460,"weekday","afternoon","travelling","warm","grocery",0,1,1,"midday"
69,641,181,460,"weekday","beforelunch","shopping","cold","restaurant",0,1,1,"midday"
69,643,183,460,"weekday","breakfast","unknown","warm","grocery",0,1,1,"morning"
70,464,0,464,"weekend","afternoon","shopping","freezing","restaurant",1,0,0,"midday"
70,466,2,464,"weekend","earlymorning","leisure","cold","restaurant",0,0,0,"morning"
70,468,4,464,"weekday","beforelunch","unknown","warm","grocery",0,0,0,"midday"
70,469,5,464,"weekday","lunch","travelling","unknown","restaurant",0,0,0,"midday"
70,471,7,464,"weekday","breakfast","unknown","unknown","restaurant",0,0,0,"morning"
70,474,10,464,"weekday","lunch","unknown","hot","grocery",0,0,0,"midday"
70,477,13,464,"weekday","evening","travelling","hot","restaurant",0,0,0,"night"
70,480,16,464,"weekday","beforelunch","travelling","unknown","grocery",0,0,0,"midday"
70,488,24,464,"weekday","afternoon","travelling","unknown","restaurant",0,0,0,"midday"
70,492,28,464,"weekday","beforelunch","leisure","hot","restaurant",0,0,0,"midday"
70,494,30,464,"weekday","afternoon","unknown","cold","restaurant",1,0,0,"midday"
70,506,42,464,"weekend","afternoon","leisure","cold","restaurant",0,0,0,"midday"
70,512,48,464,"weekday","breakfast","leisure","cold","grocery",1,0,0,"morning"
70,516,52,464,"weekday","afternoon","leisure","unknown","grocery",1,0,0,"midday"
70,519,55,464,"weekday","afternoon","travelling","cold","grocery",0,0,0,"midday"
70,520,56,464,"weekday","morning","working","unknown","restaurant",0,0,0,"morning"
70,524,60,464,"weekend","dinner","shopping","warm","grocery",0,1,0,"night"
70,525,61,464,"weekday","beforelunch","travelling","unknown","restaurant",0,1,0,"midday"
70,526,62,464,"weekday","afternoon","travelling","warm","grocery",0,1,0,"midday"
70,528,64,464,"weekday","lunch","travelling","freezing","grocery",1,1,0,"midday"
70,533,69,464,"weekday","afternoon","travelling","unknown","grocery",0,1,0,"midday"
70,534,70,464,"weekday","breakfast","shopping","freezing","restaurant",1,1,0,"morning"
70,537,73,464,"weekend","beforelunch","travelling","cold","restaurant",1,1,0,"midday"
70,538,74,464,"weekday","afternoon","travelling","warm","grocery",0,1,0,"midday"
70,540,76,464,"weekend","afternoon","working","freezing","grocery",0,1,0,"midday"
70,541,77,464,"weekday","afternoon","travelling","cold","restaurant",0,1,0,"midday"
70,544,80,464,"weekend","morning","travelling","freezing","grocery",1,1,0,"morning"
70,545,81,464,"weekend","afternoon","travelling","cold","restaurant",0,1,0,"midday"
70,546,82,464,"weekday","afternoon","travelling","hot","grocery",1,1,0,"midday"
70,547,83,464,"weekday","breakfast","unknown","freezing","restaurant",0,1,0,"morning"
70,557,93,464,"weekday","afternoon","unknown","unknown","grocery",0,1,0,"midday"
70,567,103,464,"weekend","earlymorning","shopping","cold","grocery",1,1,0,"morning"
70,569,105,464,"weekday","breakfast","travelling","cold","restaurant",1,1,0,"morning"
70,570,106,464,"weekday","lunch","travelling","warm","restaurant",1,1,0,"midday"
70,571,107,464,"weekday","breakfast","shopping","warm","restaurant",0,1,0,"morning"
70,574,110,464,"weekend","afternoon","travelling","freezing","grocery",0,1,0,"midday"
70,579,115,464,"weekend","breakfast","travelling","unknown","restaurant",1,1,1,"morning"
70,586,122,464,"weekday","beforelunch","travelling","unknown","restaurant",1,1,1,"midday"
70,588,124,464,"weekday","dinner","working","unknown","grocery",0,1,1,"night"
70,591,127,464,"weekday","morning","leisure","warm","restaurant",0,1,1,"morning"
70,592,128,464,"weekday","lunch","travelling","cold","restaurant",0,1,1,"midday"
70,593,129,464,"weekend","lunch","leisure","freezing","restaurant",1,1,1,"midday"
70,595,131,464,"weekday","breakfast","travelling","freezing","grocery",1,1,1,"morning"
70,600,136,464,"weekday","breakfast","travelling","warm","grocery",0,1,1,"morning"
70,606,142,464,"weekday","breakfast","unknown","cold","grocery",0,1,1,"morning"
70,607,143,464,"weekend","dinner","working","unknown","grocery",0,1,1,"night"
70,612,148,464,"weekday","afternoon","unknown","cold","restaurant",0,1,1,"midday"
70,615,151,464,"weekday","beforelunch","travelling","freezing","restaurant",1,1,1,"midday"
70,618,154,464,"weekday","latenight","unknown","cold","restaurant",0,1,1,"night"
70,619,155,464,"weekend","morning","travelling","warm","restaurant",1,1,1,"morning"
70,620,156,464,"weekend","morning","travelling","hot","grocery",0,1,1,"morning"
70,622,158,464,"weekday","afternoon","travelling","cold","grocery",1,1,1,"midday"
70,624,160,464,"weekday","afternoon","travelling","cold","restaurant",0,1,1,"midday"
70,636,172,464,"weekday","lunch","travelling","cold","grocery",0,1,1,"midday"
70,637,173,464,"weekend","afternoon","working","freezing","restaurant",0,1,1,"midday"
70,640,176,464,"weekday","afternoon","shopping","freezing","grocery",1,1,1,"midday"
70,641,177,464,"weekday","afternoon","travelling","unknown","restaurant",0,1,1,"midday"
70,642,178,464,"weekday","beforelunch","working","freezing","restaurant",0,1,1,"midday"
70,643,179,464,"weekday","morning","travelling","cold","grocery",1,1,1,"morning"
70,644,180,464,"weekend","breakfast","shopping","cold","restaurant",1,1,1,"morning"
71,471,2,469,"weekday","afternoon","travelling","freezing","restaurant",1,0,0,"midday"
71,480,11,469,"weekday","morning","working","freezing","grocery",1,0,0,"morning"
71,482,13,469,"weekday","morning","leisure","cold","grocery",1,0,0,"morning"
71,485,16,469,"weekday","afternoon","travelling","unknown","grocery",1,0,0,"midday"
71,487,18,469,"weekday","afternoon","working","freezing","restaurant",1,0,0,"midday"
71,497,28,469,"weekday","lunch","travelling","cold","restaurant",1,0,0,"midday"
71,500,31,469,"weekend","beforelunch","unknown","unknown","restaurant",1,0,0,"midday"
71,506,37,469,"weekday","breakfast","travelling","hot","restaurant",0,0,0,"morning"
71,507,38,469,"weekday","lunch","leisure","cold","grocery",1,0,0,"midday"
71,514,45,469,"weekday","dinner","travelling","unknown","grocery",0,0,0,"night"
71,518,49,469,"weekday","breakfast","travelling","warm","grocery",0,0,0,"morning"
71,520,51,469,"weekday","lunch","travelling","cold","restaurant",0,0,0,"midday"
71,528,59,469,"weekday","lunch","shopping","cold","grocery",1,1,0,"midday"
71,541,72,469,"weekday","afternoon","travelling","unknown","restaurant",0,1,0,"midday"
71,543,74,469,"weekday","beforelunch","morningrituals","freezing","grocery",1,1,0,"midday"
71,547,78,469,"weekday","afternoon","travelling","warm","grocery",1,1,0,"midday"
71,549,80,469,"weekday","afternoon","travelling","freezing","restaurant",0,1,0,"midday"
71,555,86,469,"weekday","beforelunch","leisure","cold","restaurant",0,1,0,"midday"
71,561,92,469,"weekend","afternoon","travelling","cold","grocery",0,1,0,"midday"
71,565,96,469,"weekday","afternoon","travelling","unknown","restaurant",1,1,0,"midday"
71,567,98,469,"weekday","lunch","travelling","unknown","restaurant",0,1,0,"midday"
71,568,99,469,"weekday","afternoon","unknown","cold","restaurant",0,1,0,"midday"
71,583,114,469,"weekend","lunch","unknown","freezing","grocery",0,1,1,"midday"
71,589,120,469,"weekday","latenight","travelling","cold","grocery",1,1,1,"night"
71,596,127,469,"weekday","lunch","travelling","unknown","grocery",1,1,1,"midday"
71,602,133,469,"weekend","afternoon","travelling","cold","restaurant",0,1,1,"midday"
71,603,134,469,"weekday","breakfast","travelling","cold","restaurant",0,1,1,"morning"
71,622,153,469,"weekday","beforelunch","unknown","warm","restaurant",0,1,1,"midday"
71,626,157,469,"weekday","lunch","travelling","warm","grocery",1,1,1,"midday"
71,628,159,469,"weekday","lunch","shopping","cold","grocery",0,1,1,"midday"
71,633,164,469,"weekend","afternoon","working","cold","grocery",0,1,1,"midday"
71,646,177,469,"weekday","afternoon","morningrituals","cold","restaurant",0,1,1,"midday"
72,472,1,471,"weekday","afternoon","travelling","unknown","restaurant",0,0,0,"midday"
72,474,3,471,"weekday","beforelunch","shopping","cold","grocery",1,0,0,"midday"
72,481,10,471,"weekend","lunch","travelling","warm","grocery",0,0,0,"midday"
72,488,17,471,"weekend","beforelunch","travelling","unknown","restaurant",0,0,0,"midday"
72,519,48,471,"weekend","afternoon","travelling","cold","restaurant",0,0,0,"midday"
72,520,49,471,"weekend","beforelunch","travelling","warm","grocery",0,0,0,"midday"
72,522,51,471,"weekend","dinner","working","freezing","restaurant",0,0,0,"night"
72,526,55,471,"weekend","morning","travelling","freezing","grocery",0,0,0,"morning"
72,527,56,471,"weekday","beforelunch","travelling","cold","grocery",0,0,0,"midday"
72,531,60,471,"weekend","breakfast","travelling","cold","restaurant",1,1,0,"morning"
72,549,78,471,"weekend","earlymorning","travelling","unknown","grocery",0,1,0,"morning"
72,555,84,471,"weekend","beforelunch","travelling","unknown","restaurant",0,1,0,"midday"
72,565,94,471,"weekend","breakfast","travelling","unknown","restaurant",1,1,0,"morning"
72,571,100,471,"weekday","afternoon","shopping","hot","grocery",1,1,0,"midday"
72,572,101,471,"weekday","morning","shopping","freezing","grocery",0,1,0,"morning"
72,585,114,471,"weekday","lunch","travelling","cold","restaurant",1,1,1,"midday"
72,588,117,471,"weekend","afternoon","travelling","unknown","grocery",0,1,1,"midday"
72,596,125,471,"weekend","morning","travelling","cold","grocery",0,1,1,"morning"
72,605,134,471,"weekday","morning","travelling","unknown","grocery",0,1,1,"morning"
72,611,140,471,"weekday","breakfast","travelling","freezing","grocery",0,1,1,"morning"
72,621,150,471,"weekday","beforelunch","leisure","cold","restaurant",0,1,1,"midday"
72,629,158,471,"weekday","breakfast","travelling","unknown","grocery",1,1,1,"morning"
72,640,169,471,"weekend","breakfast","travelling","cold","restaurant",0,1,1,"morning"
72,645,174,471,"weekend","lunch","travelling","cold","grocery",0,1,1,"midday"
72,646,175,471,"weekday","afternoon","travelling","unknown","restaurant",0,1,1,"midday"
73,480,1,479,"weekday","breakfast","travelling","cold","grocery",0,0,0,"morning"
73,483,4,479,"weekday","beforelunch","shopping","cold","grocery",1,0,0,"midday"
73,484,5,479,"weekday","lunch","travelling","hot","restaurant",0,0,0,"midday"
73,487,8,479,"weekday","beforelunch","travelling","freezing","restaurant",0,0,0,"midday"
73,493,14,479,"weekend","lunch","shopping","warm","grocery",0,0,0,"midday"
73,494,15,479,"weekday","afternoon","travelling","unknown","grocery",0,0,0,"midday"
73,503,24,479,"weekend","lunch","travelling","cold","grocery",0,0,0,"midday"
73,504,25,479,"weekday","morning","travelling","hot","restaurant",0,0,0,"morning"
73,505,26,479,"weekday","beforelunch","travelling","unknown","grocery",0,0,0,"midday"
73,507,28,479,"weekday","beforelunch","unknown","freezing","restaurant",1,0,0,"midday"
73,508,29,479,"weekday","beforelunch","unknown","freezing","grocery",0,0,0,"midday"
73,509,30,479,"weekday","afternoon","travelling","warm","grocery",0,0,0,"midday"
73,514,35,479,"weekday","earlymorning","travelling","unknown","restaurant",0,0,0,"morning"
73,518,39,479,"weekday","afternoon","travelling","cold","restaurant",0,0,0,"midday"
73,519,40,479,"weekday","beforelunch","leisure","cold","restaurant",1,0,0,"midday"
73,520,41,479,"weekend","afternoon","working","warm","grocery",0,0,0,"midday"
73,522,43,479,"weekend","dinner","travelling","warm","restaurant",1,0,0,"night"
73,524,45,479,"weekday","earlymorning","working","cold","grocery",0,0,0,"morning"
73,526,47,479,"weekend","lunch","unknown","warm","restaurant",1,0,0,"midday"
73,531,52,479,"weekday","afternoon","travelling","freezing","grocery",0,0,0,"midday"
73,532,53,479,"weekday","lunch","travelling","unknown","restaurant",0,0,0,"midday"
73,534,55,479,"weekday","morning","unknown","freezing","restaurant",0,0,0,"morning"
73,535,56,479,"weekday","morning","leisure","freezing","restaurant",0,0,0,"morning"
73,536,57,479,"weekend","lunch","working","freezing","grocery",0,1,0,"midday"
73,537,58,479,"weekday","morning","travelling","cold","grocery",1,1,0,"morning"
73,539,60,479,"weekday","lunch","travelling","warm","restaurant",0,1,0,"midday"
73,540,61,479,"weekday","lunch","travelling","unknown","grocery",1,1,0,"midday"
73,542,63,479,"weekend","morning","travelling","unknown","grocery",0,1,0,"morning"
73,543,64,479,"weekend","breakfast","shopping","cold","grocery",1,1,0,"morning"
73,547,68,479,"weekday","afternoon","travelling","hot","restaurant",1,1,0,"midday"
73,548,69,479,"weekday","beforelunch","unknown","unknown","grocery",0,1,0,"midday"
73,549,70,479,"weekend","beforelunch","travelling","unknown","restaurant",0,1,0,"midday"
73,550,71,479,"weekend","morning","travelling","freezing","grocery",1,1,0,"morning"
73,552,73,479,"weekday","afternoon","travelling","cold","restaurant",0,1,0,"midday"
73,556,77,479,"weekend","afternoon","travelling","cold","restaurant",1,1,0,"midday"
73,559,80,479,"weekday","afternoon","morningrituals","cold","grocery",1,1,0,"midday"
73,560,81,479,"weekday","beforelunch","unknown","cold","grocery",1,1,0,"midday"
73,565,86,479,"weekday","lunch","travelling","cold","grocery",0,1,0,"midday"
73,566,87,479,"weekday","lunch","travelling","unknown","restaurant",1,1,0,"midday"
73,569,90,479,"weekend","beforelunch","leisure","cold","grocery",0,1,0,"midday"
73,570,91,479,"weekday","beforelunch","unknown","cold","restaurant",0,1,0,"midday"
73,572,93,479,"weekday","beforelunch","travelling","warm","restaurant",0,1,0,"midday"
73,576,97,479,"weekday","afternoon","travelling","hot","grocery",0,1,0,"midday"
73,577,98,479,"weekday","earlymorning","travelling","unknown","grocery",1,1,0,"morning"
73,579,100,479,"weekday","afternoon","travelling","cold","grocery",0,1,0,"midday"
73,581,102,479,"weekday","afternoon","working","cold","restaurant",1,1,0,"midday"
73,583,104,479,"weekday","afternoon","shopping","cold","grocery",0,1,0,"midday"
73,584,105,479,"weekend","lunch","unknown","freezing","grocery",0,1,0,"midday"
73,585,106,479,"weekday","beforelunch","leisure","cold","restaurant",0,1,0,"midday"
73,588,109,479,"weekend","beforelunch","working","cold","grocery",1,1,0,"midday"
73,589,110,479,"weekday","unknown","leisure","hot","restaurant",0,1,0,"unknown"
73,594,115,479,"weekday","dinner","travelling","unknown","grocery",0,1,1,"night"
73,600,121,479,"weekday","afternoon","travelling","hot","grocery",0,1,1,"midday"
73,602,123,479,"weekend","evening","unknown","cold","grocery",0,1,1,"night"
73,609,130,479,"weekday","breakfast","travelling","unknown","restaurant",0,1,1,"morning"
73,610,131,479,"weekday","afternoon","travelling","unknown","grocery",1,1,1,"midday"
73,612,133,479,"weekend","unknown","unknown","warm","grocery",1,1,1,"unknown"
73,614,135,479,"weekday","afternoon","travelling","cold","restaurant",0,1,1,"midday"
73,615,136,479,"weekday","unknown","travelling","unknown","grocery",0,1,1,"unknown"
73,616,137,479,"weekday","lunch","shopping","cold","grocery",0,1,1,"midday"
73,619,140,479,"unknown","lunch","unknown","warm","restaurant",0,1,1,"midday"
73,622,143,479,"weekday","morning","leisure","freezing","grocery",0,1,1,"morning"
73,627,148,479,"weekday","morning","leisure","cold","grocery",0,1,1,"morning"
73,629,150,479,"unknown","afternoon","morningrituals","cold","restaurant",0,1,1,"midday"
73,635,156,479,"weekday","breakfast","travelling","unknown","grocery",0,1,1,"morning"
73,636,157,479,"weekday","morning","workingout","cold","restaurant",1,1,1,"morning"
73,644,165,479,"weekend","morning","working","freezing","grocery",0,1,1,"morning"
73,648,169,479,"weekday","lunch","working","cold","grocery",1,1,1,"midday"
73,652,173,479,"weekday","lunch","travelling","freezing","grocery",1,1,1,"midday"
73,656,177,479,"weekend","breakfast","travelling","freezing","restaurant",1,1,1,"morning"
73,657,178,479,"weekday","afternoon","unknown","freezing","grocery",0,1,1,"midday"
73,658,179,479,"weekday","breakfast","travelling","freezing","restaurant",0,1,1,"morning"
73,661,182,479,"weekday","afternoon","working","freezing","grocery",0,1,1,"midday"
74,511,24,487,"weekday","breakfast","travelling","hot","restaurant",1,0,0,"morning"
74,551,64,487,"weekend","beforelunch","leisure","hot","grocery",0,1,0,"midday"
74,571,84,487,"weekday","breakfast","travelling","unknown","restaurant",0,1,0,"morning"
74,585,98,487,"weekday","lunch","unknown","unknown","restaurant",1,1,0,"midday"
74,659,172,487,"weekday","breakfast","travelling","unknown","grocery",0,1,1,"morning"
75,499,0,499,"weekday","lunch","unknown","freezing","grocery",1,0,0,"midday"
75,500,1,499,"weekday","beforelunch","travelling","cold","grocery",0,0,0,"midday"
75,501,2,499,"weekday","beforelunch","unknown","unknown","grocery",0,0,0,"midday"
75,504,5,499,"weekday","afternoon","unknown","warm","grocery",0,0,0,"midday"
75,505,6,499,"weekend","beforelunch","travelling","cold","restaurant",0,0,0,"midday"
75,509,10,499,"weekday","beforelunch","travelling","warm","restaurant",0,0,0,"midday"
75,517,18,499,"weekday","lunch","travelling","unknown","grocery",0,0,0,"midday"
75,518,19,499,"weekday","afternoon","unknown","unknown","grocery",0,0,0,"midday"
75,520,21,499,"weekday","dinner","travelling","cold","grocery",0,0,0,"night"
75,526,27,499,"weekday","lunch","travelling","unknown","grocery",0,0,0,"midday"
75,535,36,499,"weekend","lunch","travelling","cold","grocery",0,0,0,"midday"
75,542,43,499,"weekend","beforelunch","travelling","unknown","restaurant",1,0,0,"midday"
75,549,50,499,"weekday","beforelunch","travelling","unknown","restaurant",0,0,0,"midday"
75,552,53,499,"unknown","beforelunch","unknown","warm","restaurant",0,0,0,"midday"
75,556,57,499,"weekday","breakfast","working","freezing","restaurant",1,1,0,"morning"
75,557,58,499,"weekday","afternoon","travelling","warm","restaurant",0,1,0,"midday"
75,562,63,499,"weekday","breakfast","travelling","cold","grocery",0,1,0,"morning"
75,564,65,499,"weekday","afternoon","shopping","cold","grocery",0,1,0,"midday"
75,575,76,499,"weekday","breakfast","travelling","hot","grocery",0,1,0,"morning"
75,579,80,499,"weekday","dinner","travelling","warm","grocery",0,1,0,"night"
75,588,89,499,"weekday","lunch","morningrituals","cold","grocery",0,1,0,"midday"
75,600,101,499,"weekday","lunch","unknown","cold","restaurant",0,1,0,"midday"
75,602,103,499,"weekday","afternoon","travelling","cold","restaurant",0,1,0,"midday"
75,604,105,499,"weekday","afternoon","travelling","hot","grocery",0,1,0,"midday"
75,608,109,499,"weekday","afternoon","housework","warm","restaurant",1,1,0,"midday"
75,610,111,499,"weekday","lunch","travelling","unknown","grocery",0,1,0,"midday"
75,611,112,499,"weekday","lunch","travelling","freezing","restaurant",1,1,0,"midday"
75,612,113,499,"weekend","unknown","unknown","cold","grocery",0,1,1,"unknown"
75,621,122,499,"weekend","dinner","travelling","hot","restaurant",1,1,1,"night"
75,622,123,499,"weekend","lunch","travelling","cold","grocery",0,1,1,"midday"
75,624,125,499,"weekday","lunch","shopping","cold","grocery",0,1,1,"midday"
75,633,134,499,"weekday","lunch","unknown","unknown","restaurant",1,1,1,"midday"
75,635,136,499,"weekend","morning","travelling","warm","grocery",0,1,1,"morning"
75,636,137,499,"weekday","beforelunch","travelling","warm","restaurant",0,1,1,"midday"
75,648,149,499,"weekday","lunch","unknown","freezing","grocery",1,1,1,"midday"
75,655,156,499,"weekday","dinner","leisure","freezing","grocery",1,1,1,"night"
75,661,162,499,"weekday","afternoon","travelling","cold","grocery",1,1,1,"midday"
75,665,166,499,"weekend","afternoon","leisure","freezing","grocery",0,1,1,"midday"
75,667,168,499,"weekday","earlymorning","travelling","freezing","grocery",1,1,1,"morning"
75,670,171,499,"weekday","lunch","unknown","cold","grocery",0,1,1,"midday"
75,673,174,499,"unknown","breakfast","travelling","cold","restaurant",1,1,1,"morning"
75,674,175,499,"weekday","afternoon","working","hot","grocery",0,1,1,"midday"
75,675,176,499,"weekday","lunch","travelling","cold","grocery",1,1,1,"midday"
75,676,177,499,"weekday","lunch","travelling","warm","grocery",0,1,1,"midday"
75,677,178,499,"weekend","beforelunch","travelling","warm","grocery",0,1,1,"midday"
75,680,181,499,"weekday","afternoon","travelling","unknown","grocery",0,1,1,"midday"
76,515,14,501,"weekday","beforelunch","unknown","cold","grocery",0,0,0,"midday"
76,583,82,501,"weekday","lunch","unknown","cold","grocery",1,1,0,"midday"
76,615,114,501,"weekend","afternoon","unknown","cold","restaurant",0,1,1,"midday"
77,504,1,503,"weekday","latenight","travelling","freezing","grocery",1,0,0,"night"
77,508,5,503,"weekday","morning","unknown","warm","restaurant",1,0,0,"morning"
77,511,8,503,"weekend","breakfast","shopping","hot","grocery",0,0,0,"morning"
77,514,11,503,"weekday","afternoon","unknown","cold","grocery",0,0,0,"midday"
77,522,19,503,"weekday","dinner","travelling","unknown","grocery",0,0,0,"night"
77,527,24,503,"weekday","afternoon","working","freezing","grocery",0,0,0,"midday"
77,530,27,503,"weekend","unknown","unknown","cold","grocery",0,0,0,"unknown"
77,539,36,503,"weekday","afternoon","travelling","cold","grocery",0,0,0,"midday"
77,545,42,503,"weekend","lunch","travelling","warm","grocery",0,0,0,"midday"
77,547,44,503,"weekday","beforelunch","working","freezing","restaurant",0,0,0,"midday"
77,548,45,503,"weekday","lunch","travelling","unknown","restaurant",1,0,0,"midday"
77,549,46,503,"weekday","morning","leisure","hot","grocery",1,0,0,"morning"
77,551,48,503,"weekday","beforelunch","travelling","unknown","grocery",1,0,0,"midday"
77,552,49,503,"weekday","evening","travelling","cold","grocery",0,0,0,"night"
77,556,53,503,"weekday","beforelunch","travelling","warm","grocery",0,0,0,"midday"
77,557,54,503,"weekday","beforelunch","working","hot","grocery",1,0,0,"midday"
77,562,59,503,"weekday","afternoon","unknown","freezing","restaurant",0,1,0,"midday"
77,564,61,503,"weekday","lunch","travelling","cold","grocery",0,1,0,"midday"
77,566,63,503,"weekday","afternoon","workingout","freezing","grocery",1,1,0,"midday"
77,576,73,503,"weekday","beforelunch","morningrituals","freezing","grocery",1,1,0,"midday"
77,577,74,503,"weekend","lunch","travelling","hot","grocery",0,1,0,"midday"
77,583,80,503,"weekday","afternoon","travelling","freezing","restaurant",0,1,0,"midday"
77,586,83,503,"weekday","afternoon","unknown","cold","grocery",0,1,0,"midday"
77,590,87,503,"weekend","lunch","working","freezing","grocery",0,1,0,"midday"
77,603,100,503,"weekday","beforelunch","travelling","unknown","grocery",0,1,0,"midday"
77,611,108,503,"weekday","afternoon","unknown","unknown","grocery",1,1,0,"midday"
77,618,115,503,"weekday","beforelunch","travelling","freezing","grocery",0,1,1,"midday"
77,621,118,503,"weekday","afternoon","unknown","freezing","restaurant",0,1,1,"midday"
77,624,121,503,"weekend","latenight","unknown","cold","grocery",1,1,1,"night"
77,641,138,503,"weekday","night","travelling","unknown","restaurant",0,1,1,"night"
77,642,139,503,"weekday","beforelunch","travelling","cold","restaurant",0,1,1,"midday"
77,650,147,503,"weekday","beforelunch","shopping","cold","grocery",0,1,1,"midday"
77,652,149,503,"weekday","lunch","working","cold","grocery",1,1,1,"midday"
77,656,153,503,"weekday","morning","leisure","cold","restaurant",0,1,1,"morning"
77,658,155,503,"weekday","lunch","travelling","cold","grocery",0,1,1,"midday"
77,661,158,503,"unknown","beforelunch","leisure","cold","restaurant",0,1,1,"midday"
77,671,168,503,"weekday","beforelunch","travelling","cold","restaurant",0,1,1,"midday"
78,514,1,513,"weekday","beforelunch","travelling","warm","restaurant",0,0,0,"midday"
78,523,10,513,"weekday","morning","leisure","freezing","restaurant",0,0,0,"morning"
78,524,11,513,"weekday","beforelunch","unknown","unknown","grocery",0,0,0,"midday"
78,526,13,513,"weekday","afternoon","leisure","unknown","restaurant",0,0,0,"midday"
78,534,21,513,"weekday","afternoon","travelling","cold","restaurant",0,0,0,"midday"
78,542,29,513,"weekday","dinner","travelling","cold","grocery",0,0,0,"night"
78,558,45,513,"weekday","afternoon","unknown","unknown","restaurant",0,0,0,"midday"
78,562,49,513,"weekday","unknown","working","warm","restaurant",0,0,0,"unknown"
78,564,51,513,"weekday","afternoon","travelling","hot","grocery",1,0,0,"midday"
78,565,52,513,"weekend","breakfast","travelling","freezing","grocery",0,0,0,"morning"
78,567,54,513,"weekend","beforelunch","travelling","warm","grocery",0,0,0,"midday"
78,568,55,513,"weekend","earlymorning","travelling","unknown","grocery",1,0,0,"morning"
78,570,57,513,"weekend","beforelunch","travelling","cold","restaurant",0,1,0,"midday"
78,573,60,513,"weekday","lunch","leisure","unknown","grocery",0,1,0,"midday"
78,581,68,513,"weekday","morning","morningrituals","unknown","restaurant",0,1,0,"morning"
78,586,73,513,"weekday","beforelunch","unknown","cold","restaurant",0,1,0,"midday"
78,591,78,513,"weekday","lunch","working","freezing","restaurant",0,1,0,"midday"
78,600,87,513,"weekday","lunch","travelling","freezing","restaurant",0,1,0,"midday"
78,605,92,513,"weekday","dinner","unknown","cold","grocery",1,1,0,"night"
78,606,93,513,"weekday","breakfast","shopping","unknown","grocery",0,1,0,"morning"
78,609,96,513,"weekday","breakfast","unknown","hot","restaurant",0,1,0,"morning"
78,615,102,513,"weekday","morning","working","freezing","grocery",0,1,0,"morning"
78,619,106,513,"weekend","breakfast","shopping","freezing","restaurant",0,1,0,"morning"
78,621,108,513,"weekday","afternoon","travelling","cold","restaurant",1,1,0,"midday"
78,626,113,513,"weekday","beforelunch","travelling","cold","grocery",0,1,1,"midday"
78,629,116,513,"weekend","lunch","travelling","cold","restaurant",0,1,1,"midday"
78,631,118,513,"weekday","afternoon","unknown","warm","restaurant",0,1,1,"midday"
78,651,138,513,"weekday","morning","leisure","cold","restaurant",0,1,1,"morning"
78,659,146,513,"weekday","lunch","travelling","unknown","restaurant",0,1,1,"midday"
78,670,157,513,"weekday","afternoon","travelling","warm","restaurant",1,1,1,"midday"
78,672,159,513,"weekday","beforelunch","working","freezing","restaurant",0,1,1,"midday"
78,676,163,513,"weekday","afternoon","travelling","unknown","grocery",0,1,1,"midday"
78,685,172,513,"weekday","afternoon","travelling","unknown","restaurant",0,1,1,"midday"
78,687,174,513,"weekday","beforelunch","travelling","cold","grocery",0,1,1,"midday"
78,691,178,513,"weekend","beforelunch","shopping","freezing","restaurant",0,1,1,"midday"
78,694,181,513,"weekend","afternoon","unknown","cold","restaurant",0,1,1,"midday"
78,695,182,513,"weekday","beforelunch","travelling","freezing","grocery",0,1,1,"midday"
79,525,3,522,"weekday","lunch","travelling","freezing","restaurant",0,0,0,"midday"
79,566,44,522,"weekend","afternoon","unknown","hot","grocery",0,0,0,"midday"
79,568,46,522,"weekday","lunch","travelling","warm","grocery",0,0,0,"midday"
79,621,99,522,"weekend","lunch","leisure","warm","grocery",1,1,0,"midday"
79,641,119,522,"weekday","afternoon","shopping","warm","restaurant",0,1,1,"midday"
79,652,130,522,"weekday","beforelunch","travelling","freezing","grocery",1,1,1,"midday"
79,685,163,522,"weekday","dinner","travelling","hot","grocery",0,1,1,"night"
80,524,1,523,"weekend","lunch","travelling","warm","grocery",0,0,0,"midday"
80,528,5,523,"weekend","afternoon","leisure","warm","grocery",1,0,0,"midday"
80,532,9,523,"weekday","breakfast","travelling","warm","restaurant",0,0,0,"morning"
80,533,10,523,"weekday","afternoon","unknown","freezing","restaurant",1,0,0,"midday"
80,534,11,523,"weekday","lunch","leisure","cold","grocery",0,0,0,"midday"
80,536,13,523,"weekday","beforelunch","travelling","freezing","restaurant",1,0,0,"midday"
80,537,14,523,"weekend","beforelunch","travelling","freezing","grocery",1,0,0,"midday"
80,538,15,523,"weekend","afternoon","travelling","cold","grocery",1,0,0,"midday"
80,539,16,523,"weekday","afternoon","travelling","unknown","grocery",0,0,0,"midday"
80,540,17,523,"weekday","afternoon","travelling","cold","grocery",0,0,0,"midday"
80,542,19,523,"weekday","morning","leisure","warm","restaurant",0,0,0,"morning"
80,543,20,523,"weekend","lunch","unknown","unknown","grocery",0,0,0,"midday"
80,544,21,523,"weekend","morning","travelling","freezing","grocery",1,0,0,"morning"
80,546,23,523,"weekday","dinner","leisure","hot","grocery",0,0,0,"night"
80,549,26,523,"weekday","lunch","unknown","cold","restaurant",0,0,0,"midday"
80,550,27,523,"weekday","afternoon","working","cold","grocery",0,0,0,"midday"
80,551,28,523,"weekday","earlymorning","unknown","freezing","restaurant",0,0,0,"morning"
80,552,29,523,"weekday","beforelunch","workingout","unknown","grocery",0,0,0,"midday"
80,553,30,523,"weekday","unknown","travelling","unknown","restaurant",0,0,0,"unknown"
80,554,31,523,"weekday","lunch","travelling","hot","restaurant",1,0,0,"midday"
80,555,32,523,"weekend","breakfast","unknown","cold","grocery",0,0,0,"morning"
80,556,33,523,"weekday","lunch","travelling","freezing","grocery",0,0,0,"midday"
80,560,37,523,"weekday","afternoon","travelling","unknown","restaurant",0,0,0,"midday"
80,561,38,523,"weekend","earlymorning","travelling","freezing","restaurant",0,0,0,"morning"
80,563,40,523,"weekday","unknown","shopping","freezing","restaurant",1,0,0,"unknown"
80,565,42,523,"weekday","afternoon","travelling","unknown","restaurant",0,0,0,"midday"
80,567,44,523,"weekday","breakfast","travelling","warm","grocery",0,0,0,"morning"
80,571,48,523,"weekday","afternoon","travelling","unknown","grocery",0,0,0,"midday"
80,572,49,523,"weekday","breakfast","travelling","cold","grocery",0,0,0,"morning"
80,573,50,523,"weekday","afternoon","travelling","cold","grocery",1,0,0,"midday"
80,574,51,523,"weekday","lunch","travelling","warm","grocery",0,0,0,"midday"
80,577,54,523,"weekday","beforelunch","leisure","cold","grocery",0,0,0,"midday"
80,578,55,523,"weekday","afternoon","travelling","freezing","restaurant",1,0,0,"midday"
80,580,57,523,"weekday","breakfast","travelling","cold","grocery",0,1,0,"morning"
80,581,58,523,"weekday","lunch","unknown","unknown","grocery",0,1,0,"midday"
80,584,61,523,"unknown","beforelunch","unknown","warm","restaurant",0,1,0,"midday"
80,586,63,523,"weekday","afternoon","shopping","warm","grocery",1,1,0,"midday"
80,593,70,523,"weekend","lunch","unknown","cold","restaurant",1,1,0,"midday"
80,594,71,523,"weekend","lunch","working","freezing","grocery",1,1,0,"midday"
80,595,72,523,"weekday","lunch","travelling","warm","restaurant",0,1,0,"midday"
80,596,73,523,"weekend","beforelunch","unknown","warm","restaurant",0,1,0,"midday"
80,599,76,523,"weekday","breakfast","travelling","unknown","grocery",0,1,0,"morning"
80,601,78,523,"weekend","beforelunch","travelling","cold","grocery",0,1,0,"midday"
80,602,79,523,"weekday","morning","unknown","cold","restaurant",1,1,0,"morning"
80,604,81,523,"weekend","lunch","travelling","warm","restaurant",0,1,0,"midday"
80,605,82,523,"weekend","breakfast","travelling","freezing","restaurant",0,1,0,"morning"
80,606,83,523,"weekend","afternoon","leisure","freezing","grocery",0,1,0,"midday"
80,607,84,523,"weekend","afternoon","travelling","cold","grocery",1,1,0,"midday"
80,612,89,523,"weekend","afternoon","working","unknown","restaurant",0,1,0,"midday"
80,613,90,523,"weekday","afternoon","travelling","cold","restaurant",0,1,0,"midday"
80,616,93,523,"weekday","breakfast","travelling","unknown","restaurant",0,1,0,"morning"
80,618,95,523,"weekday","beforelunch","travelling","freezing","restaurant",0,1,0,"midday"
80,619,96,523,"weekend","latenight","leisure","warm","restaurant",1,1,0,"night"
80,623,100,523,"weekday","afternoon","working","unknown","restaurant",0,1,0,"midday"
80,624,101,523,"weekday","afternoon","leisure","cold","grocery",1,1,0,"midday"
80,625,102,523,"weekend","earlymorning","travelling","cold","restaurant",0,1,0,"morning"
80,626,103,523,"weekday","afternoon","travelling","warm","restaurant",1,1,0,"midday"
80,627,104,523,"weekday","afternoon","leisure","unknown","grocery",1,1,0,"midday"
80,628,105,523,"weekday","beforelunch","travelling","warm","restaurant",0,1,0,"midday"
80,629,106,523,"weekday","afternoon","unknown","hot","restaurant",0,1,0,"midday"
80,631,108,523,"weekday","beforelunch","working","freezing","grocery",0,1,0,"midday"
80,632,109,523,"weekday","lunch","travelling","unknown","grocery",0,1,0,"midday"
80,633,110,523,"weekday","afternoon","travelling","warm","grocery",1,1,0,"midday"
80,634,111,523,"weekday","morning","travelling","warm","grocery",0,1,0,"morning"
80,637,114,523,"weekday","earlymorning","travelling","freezing","restaurant",0,1,1,"morning"
80,638,115,523,"weekday","lunch","travelling","freezing","restaurant",0,1,1,"midday"
80,639,116,523,"weekday","lunch","unknown","freezing","restaurant",1,1,1,"midday"
80,641,118,523,"weekday","afternoon","travelling","unknown","restaurant",1,1,1,"midday"
80,642,119,523,"weekday","lunch","travelling","freezing","grocery",0,1,1,"midday"
80,643,120,523,"weekend","breakfast","travelling","freezing","grocery",0,1,1,"morning"
80,647,124,523,"weekday","afternoon","leisure","warm","grocery",0,1,1,"midday"
80,648,125,523,"weekday","earlymorning","unknown","unknown","grocery",0,1,1,"morning"
80,649,126,523,"unknown","lunch","travelling","freezing","restaurant",0,1,1,"midday"
80,651,128,523,"weekday","breakfast","working","unknown","grocery",1,1,1,"morning"
80,652,129,523,"weekday","afternoon","morningrituals","unknown","restaurant",0,1,1,"midday"
80,654,131,523,"weekday","beforelunch","travelling","cold","restaurant",0,1,1,"midday"
80,655,132,523,"weekend","afternoon","travelling","freezing","restaurant",0,1,1,"midday"
80,656,133,523,"weekend","lunch","unknown","freezing","restaurant",0,1,1,"midday"
80,657,134,523,"weekend","beforelunch","travelling","unknown","grocery",0,1,1,"midday"
80,659,136,523,"weekend","morning","travelling","warm","restaurant",0,1,1,"morning"
80,660,137,523,"weekend","afternoon","morningrituals","cold","grocery",0,1,1,"midday"
80,662,139,523,"weekday","lunch","unknown","unknown","restaurant",0,1,1,"midday"
80,663,140,523,"weekday","dinner","shopping","cold","grocery",0,1,1,"night"
80,664,141,523,"weekend","dinner","travelling","freezing","grocery",0,1,1,"night"
80,665,142,523,"weekday","beforelunch","travelling","cold","grocery",0,1,1,"midday"
80,666,143,523,"weekday","beforelunch","travelling","warm","restaurant",0,1,1,"midday"
80,667,144,523,"weekday","afternoon","travelling","warm","restaurant",1,1,1,"midday"
80,668,145,523,"weekend","lunch","travelling","warm","grocery",1,1,1,"midday"
80,672,149,523,"weekday","beforelunch","leisure","freezing","restaurant",1,1,1,"midday"
80,674,151,523,"weekday","breakfast","travelling","cold","grocery",0,1,1,"morning"
80,675,152,523,"weekend","morning","working","freezing","grocery",0,1,1,"morning"
80,676,153,523,"weekday","lunch","travelling","warm","restaurant",0,1,1,"midday"
80,677,154,523,"weekend","lunch","travelling","cold","restaurant",0,1,1,"midday"
80,678,155,523,"weekday","beforelunch","travelling","unknown","restaurant",0,1,1,"midday"
80,679,156,523,"weekday","afternoon","travelling","unknown","grocery",0,1,1,"midday"
80,680,157,523,"weekday","beforelunch","unknown","unknown","grocery",1,1,1,"midday"
80,684,161,523,"weekday","evening","travelling","warm","grocery",0,1,1,"night"
80,687,164,523,"weekend","afternoon","working","unknown","restaurant",0,1,1,"midday"
80,688,165,523,"weekend","morning","working","freezing","grocery",0,1,1,"morning"
80,690,167,523,"weekday","breakfast","unknown","unknown","grocery",0,1,1,"morning"
80,691,168,523,"weekday","beforelunch","travelling","freezing","restaurant",0,1,1,"midday"
80,694,171,523,"weekend","afternoon","travelling","freezing","restaurant",0,1,1,"midday"
80,695,172,523,"weekend","lunch","travelling","warm","grocery",0,1,1,"midday"
80,696,173,523,"weekday","beforelunch","working","hot","restaurant",0,1,1,"midday"
80,699,176,523,"weekday","afternoon","workingout","warm","restaurant",0,1,1,"midday"
80,701,178,523,"weekday","afternoon","shopping","warm","restaurant",0,1,1,"midday"
80,702,179,523,"weekday","lunch","travelling","cold","grocery",1,1,1,"midday"
80,703,180,523,"weekday","lunch","travelling","freezing","restaurant",0,1,1,"midday"
80,706,183,523,"weekday","afternoon","travelling","freezing","grocery",0,1,1,"midday"
81,536,0,536,"weekend","morning","working","warm","restaurant",1,0,0,"morning"
81,544,8,536,"weekday","beforelunch","shopping","cold","grocery",0,0,0,"midday"
81,571,35,536,"weekday","afternoon","travelling","warm","grocery",0,0,0,"midday"
81,579,43,536,"weekday","beforelunch","unknown","freezing","restaurant",0,0,0,"midday"
81,581,45,536,"weekend","evening","shopping","unknown","restaurant",0,0,0,"night"
81,588,52,536,"weekday","unknown","travelling","cold","restaurant",0,0,0,"unknown"
81,600,64,536,"weekday","earlymorning","leisure","unknown","restaurant",0,1,0,"morning"
81,605,69,536,"weekday","beforelunch","shopping","cold","restaurant",0,1,0,"midday"
81,607,71,536,"weekend","lunch","travelling","cold","grocery",1,1,0,"midday"
81,612,76,536,"weekday","earlymorning","travelling","unknown","restaurant",1,1,0,"morning"
81,614,78,536,"weekday","unknown","travelling","unknown","grocery",0,1,0,"unknown"
81,621,85,536,"weekday","breakfast","morningrituals","hot","grocery",0,1,0,"morning"
81,622,86,536,"weekday","beforelunch","unknown","freezing","grocery",0,1,0,"midday"
81,623,87,536,"weekday","afternoon","travelling","cold","restaurant",0,1,0,"midday"
81,624,88,536,"unknown","lunch","unknown","warm","restaurant",0,1,0,"midday"
81,628,92,536,"weekday","lunch","unknown","unknown","grocery",0,1,0,"midday"
81,632,96,536,"weekday","afternoon","travelling","hot","grocery",1,1,0,"midday"
81,636,100,536,"weekday","lunch","travelling","unknown","grocery",0,1,0,"midday"
81,637,101,536,"weekday","afternoon","travelling","warm","grocery",0,1,0,"midday"
81,640,104,536,"weekday","beforelunch","working","cold","restaurant",0,1,0,"midday"
81,645,109,536,"weekend","afternoon","morningrituals","unknown","restaurant",0,1,0,"midday"
81,646,110,536,"weekday","afternoon","travelling","cold","grocery",1,1,0,"midday"
81,648,112,536,"weekend","lunch","leisure","unknown","restaurant",1,1,0,"midday"
81,650,114,536,"weekday","lunch","travelling","cold","grocery",1,1,1,"midday"
81,655,119,536,"weekday","breakfast","unknown","cold","grocery",0,1,1,"morning"
81,657,121,536,"unknown","beforelunch","travelling","cold","grocery",0,1,1,"midday"
81,658,122,536,"weekday","breakfast","morningrituals","hot","grocery",1,1,1,"morning"
81,659,123,536,"weekend","beforelunch","unknown","cold","grocery",0,1,1,"midday"
81,662,126,536,"weekend","beforelunch","travelling","freezing","restaurant",1,1,1,"midday"
81,663,127,536,"weekday","lunch","travelling","cold","grocery",0,1,1,"midday"
81,668,132,536,"weekday","morning","working","cold","restaurant",1,1,1,"morning"
81,678,142,536,"weekday","lunch","travelling","warm","restaurant",0,1,1,"midday"
81,685,149,536,"weekday","breakfast","travelling","unknown","grocery",1,1,1,"morning"
81,688,152,536,"weekday","breakfast","travelling","unknown","grocery",0,1,1,"morning"
81,698,162,536,"weekday","breakfast","travelling","cold","restaurant",0,1,1,"morning"
81,702,166,536,"weekday","afternoon","travelling","warm","grocery",0,1,1,"midday"
81,707,171,536,"weekday","night","leisure","freezing","restaurant",0,1,1,"night"
81,712,176,536,"weekday","beforelunch","unknown","hot","grocery",1,1,1,"midday"
81,714,178,536,"weekday","afternoon","travelling","cold","restaurant",0,1,1,"midday"
81,715,179,536,"weekday","breakfast","travelling","cold","restaurant",0,1,1,"morning"
81,717,181,536,"weekend","lunch","shopping","warm","grocery",0,1,1,"midday"
81,719,183,536,"weekday","afternoon","travelling","cold","restaurant",0,1,1,"midday"
82,559,12,547,"weekday","lunch","travelling","cold","grocery",0,0,0,"midday"
82,580,33,547,"weekday","afternoon","shopping","cold","restaurant",0,0,0,"midday"
82,602,55,547,"weekday","beforelunch","travelling","freezing","restaurant",0,0,0,"midday"
82,647,100,547,"unknown","lunch","travelling","warm","restaurant",1,1,0,"midday"
82,651,104,547,"weekday","afternoon","working","unknown","grocery",1,1,0,"midday"
82,726,179,547,"weekday","lunch","unknown","freezing","grocery",0,1,1,"midday"
82,730,183,547,"weekday","morning","travelling","hot","restaurant",0,1,1,"morning"
83,557,5,552,"weekend","afternoon","working","cold","grocery",1,0,0,"midday"
83,558,6,552,"weekend","breakfast","travelling","cold","grocery",0,0,0,"morning"
83,563,11,552,"weekend","unknown","travelling","freezing","restaurant",0,0,0,"unknown"
83,571,19,552,"weekday","afternoon","travelling","cold","restaurant",1,0,0,"midday"
83,572,20,552,"weekday","beforelunch","leisure","freezing","grocery",0,0,0,"midday"
83,578,26,552,"weekend","breakfast","travelling","unknown","restaurant",1,0,0,"morning"
83,579,27,552,"weekend","afternoon","leisure","cold","grocery",0,0,0,"midday"
83,582,30,552,"weekday","lunch","travelling","warm","grocery",1,0,0,"midday"
83,586,34,552,"weekday","lunch","travelling","unknown","grocery",0,0,0,"midday"
83,596,44,552,"weekday","lunch","working","unknown","grocery",0,0,0,"midday"
83,597,45,552,"weekday","afternoon","unknown","cold","grocery",1,0,0,"midday"
83,599,47,552,"weekday","breakfast","travelling","cold","grocery",0,0,0,"morning"
83,602,50,552,"weekday","dinner","travelling","unknown","restaurant",0,0,0,"night"
83,606,54,552,"weekday","afternoon","travelling","unknown","grocery",0,0,0,"midday"
83,614,62,552,"weekday","afternoon","shopping","freezing","grocery",1,1,0,"midday"
83,620,68,552,"weekday","breakfast","shopping","unknown","restaurant",1,1,0,"morning"
83,622,70,552,"weekday","afternoon","travelling","cold","grocery",0,1,0,"midday"
83,623,71,552,"weekday","dinner","leisure","hot","grocery",1,1,0,"night"
83,625,73,552,"weekday","lunch","unknown","cold","restaurant",1,1,0,"midday"
83,629,77,552,"weekday","afternoon","travelling","freezing","grocery",0,1,0,"midday"
83,632,80,552,"weekday","beforelunch","travelling","unknown","grocery",0,1,0,"midday"
83,635,83,552,"weekday","afternoon","travelling","freezing","restaurant",1,1,0,"midday"
83,638,86,552,"weekday","lunch","travelling","unknown","restaurant",0,1,0,"midday"
83,640,88,552,"weekend","evening","travelling","freezing","restaurant",1,1,0,"night"
83,644,92,552,"weekday","beforelunch","travelling","unknown","grocery",0,1,0,"midday"
83,646,94,552,"weekday","afternoon","unknown","hot","grocery",0,1,0,"midday"
83,648,96,552,"weekday","dinner","travelling","freezing","restaurant",1,1,0,"night"
83,649,97,552,"unknown","afternoon","travelling","warm","restaurant",0,1,0,"midday"
83,652,100,552,"weekday","afternoon","travelling","hot","grocery",1,1,0,"midday"
83,653,101,552,"weekend","morning","shopping","freezing","restaurant",0,1,0,"morning"
83,655,103,552,"weekday","dinner","unknown","unknown","grocery",0,1,0,"night"
83,669,117,552,"weekday","afternoon","unknown","warm","restaurant",0,1,1,"midday"
83,670,118,552,"weekend","lunch","travelling","freezing","restaurant",0,1,1,"midday"
83,671,119,552,"weekday","afternoon","working","unknown","grocery",0,1,1,"midday"
83,672,120,552,"weekday","afternoon","travelling","cold","restaurant",1,1,1,"midday"
83,675,123,552,"weekday","lunch","travelling","freezing","grocery",0,1,1,"midday"
83,679,127,552,"weekday","morning","travelling","freezing","restaurant",1,1,1,"morning"
83,682,130,552,"weekday","evening","unknown","cold","grocery",1,1,1,"night"
83,690,138,552,"weekday","beforelunch","shopping","unknown","restaurant",0,1,1,"midday"
83,692,140,552,"weekend","morning","travelling","unknown","grocery",0,1,1,"morning"
83,696,144,552,"weekday","beforelunch","travelling","cold","grocery",0,1,1,"midday"
83,701,149,552,"weekday","lunch","unknown","warm","restaurant",0,1,1,"midday"
83,703,151,552,"weekday","afternoon","travelling","unknown","grocery",0,1,1,"midday"
83,704,152,552,"weekday","afternoon","travelling","freezing","restaurant",0,1,1,"midday"
83,708,156,552,"weekday","afternoon","travelling","warm","grocery",1,1,1,"midday"
83,710,158,552,"weekday","lunch","travelling","cold","grocery",0,1,1,"midday"
83,714,162,552,"weekday","dinner","unknown","warm","restaurant",0,1,1,"night"
83,721,169,552,"weekend","afternoon","travelling","cold","restaurant",0,1,1,"midday"
83,723,171,552,"weekday","night","leisure","warm","restaurant",0,1,1,"night"
83,725,173,552,"weekend","breakfast","morningrituals","freezing","restaurant",1,1,1,"morning"
84,561,6,555,"weekend","lunch","leisure","freezing","grocery",0,0,0,"midday"
84,578,23,555,"weekday","afternoon","travelling","freezing","grocery",0,0,0,"midday"
84,580,25,555,"weekday","lunch","travelling","unknown","grocery",1,0,0,"midday"
84,584,29,555,"weekday","lunch","working","freezing","grocery",1,0,0,"midday"
84,585,30,555,"weekend","breakfast","morningrituals","freezing","restaurant",0,0,0,"morning"
84,591,36,555,"weekday","lunch","travelling","unknown","restaurant",0,0,0,"midday"
84,592,37,555,"weekday","afternoon","shopping","freezing","grocery",1,0,0,"midday"
84,602,47,555,"weekday","afternoon","morningrituals","cold","restaurant",1,0,0,"midday"
84,603,48,555,"weekend","lunch","travelling","hot","restaurant",1,0,0,"midday"
84,608,53,555,"weekend","unknown","unknown","freezing","restaurant",0,0,0,"unknown"
84,613,58,555,"weekend","lunch","working","freezing","restaurant",0,1,0,"midday"
84,616,61,555,"weekday","breakfast","working","unknown","grocery",0,1,0,"morning"
84,627,72,555,"weekday","night","working","freezing","grocery",0,1,0,"night"
84,632,77,555,"weekend","night","unknown","cold","grocery",0,1,0,"night"
84,641,86,555,"weekday","lunch","travelling","cold","grocery",0,1,0,"midday"
84,656,101,555,"weekday","breakfast","leisure","cold","restaurant",1,1,0,"morning"
84,659,104,555,"weekday","lunch","travelling","unknown","restaurant",0,1,0,"midday"
84,680,125,555,"weekend","afternoon","unknown","freezing","restaurant",0,1,1,"midday"
84,682,127,555,"unknown","lunch","leisure","hot","restaurant",0,1,1,"midday"
84,690,135,555,"weekend","afternoon","working","freezing","grocery",0,1,1,"midday"
84,694,139,555,"weekend","earlymorning","travelling","unknown","grocery",0,1,1,"morning"
84,701,146,555,"weekday","unknown","travelling","cold","grocery",0,1,1,"unknown"
84,715,160,555,"weekday","afternoon","travelling","cold","grocery",0,1,1,"midday"
84,721,166,555,"weekend","unknown","travelling","freezing","grocery",0,1,1,"unknown"
84,726,171,555,"weekday","afternoon","travelling","cold","restaurant",0,1,1,"midday"
84,727,172,555,"weekday","earlymorning","travelling","unknown","restaurant",0,1,1,"morning"
84,730,175,555,"weekend","lunch","travelling","warm","restaurant",1,1,1,"midday"
84,735,180,555,"weekday","morning","travelling","warm","restaurant",0,1,1,"morning"
84,736,181,555,"weekend","beforelunch","travelling","cold","grocery",1,1,1,"midday"
85,559,0,559,"weekday","unknown","travelling","warm","restaurant",0,0,0,"unknown"
85,560,1,559,"weekend","afternoon","travelling","freezing","grocery",0,0,0,"midday"
85,562,3,559,"weekday","morning","travelling","unknown","restaurant",1,0,0,"morning"
85,566,7,559,"weekend","lunch","working","warm","restaurant",0,0,0,"midday"
85,569,10,559,"weekday","afternoon","travelling","warm","grocery",0,0,0,"midday"
85,570,11,559,"weekend","afternoon","travelling","cold","restaurant",0,0,0,"midday"
85,572,13,559,"weekday","breakfast","unknown","freezing","restaurant",1,0,0,"morning"
85,574,15,559,"weekday","lunch","shopping","unknown","grocery",0,0,0,"midday"
85,576,17,559,"weekday","afternoon","unknown","cold","restaurant",0,0,0,"midday"
85,577,18,559,"weekend","lunch","working","cold","grocery",1,0,0,"midday"
85,591,32,559,"weekday","afternoon","travelling","hot","grocery",0,0,0,"midday"
85,593,34,559,"weekend","beforelunch","travelling","hot","restaurant",0,0,0,"midday"
85,596,37,559,"weekday","earlymorning","travelling","cold","restaurant",0,0,0,"morning"
85,597,38,559,"weekend","morning","travelling","warm","grocery",0,0,0,"morning"
85,598,39,559,"weekday","afternoon","travelling","freezing","grocery",1,0,0,"midday"
85,602,43,559,"weekday","lunch","unknown","unknown","grocery",1,0,0,"midday"
85,605,46,559,"weekday","beforelunch","travelling","unknown","grocery",1,0,0,"midday"
85,606,47,559,"weekday","lunch","working","warm","grocery",1,0,0,"midday"
85,611,52,559,"weekday","lunch","shopping","warm","grocery",1,0,0,"midday"
85,612,53,559,"weekend","lunch","travelling","cold","grocery",0,0,0,"midday"
85,615,56,559,"weekend","evening","working","freezing","grocery",0,0,0,"night"
85,620,61,559,"weekday","beforelunch","travelling","freezing","restaurant",0,1,0,"midday"
85,621,62,559,"weekday","breakfast","travelling","cold","grocery",1,1,0,"morning"
85,624,65,559,"weekend","lunch","travelling","freezing","grocery",0,1,0,"midday"
85,625,66,559,"weekday","afternoon","unknown","cold","grocery",1,1,0,"midday"
85,628,69,559,"weekday","lunch","working","cold","restaurant",1,1,0,"midday"
85,630,71,559,"weekday","night","travelling","cold","restaurant",1,1,0,"night"
85,631,72,559,"weekday","beforelunch","leisure","cold","restaurant",0,1,0,"midday"
85,637,78,559,"weekday","lunch","travelling","cold","restaurant",0,1,0,"midday"
85,639,80,559,"weekday","afternoon","working","cold","grocery",1,1,0,"midday"
85,643,84,559,"weekday","beforelunch","travelling","unknown","restaurant",0,1,0,"midday"
85,645,86,559,"weekday","breakfast","travelling","warm","grocery",1,1,0,"morning"
85,646,87,559,"weekday","afternoon","travelling","freezing","grocery",0,1,0,"midday"
85,649,90,559,"weekday","lunch","shopping","warm","grocery",0,1,0,"midday"
85,652,93,559,"weekday","beforelunch","travelling","hot","grocery",1,1,0,"midday"
85,655,96,559,"weekday","afternoon","shopping","cold","restaurant",1,1,0,"midday"
85,656,97,559,"weekday","night","travelling","hot","grocery",0,1,0,"night"
85,663,104,559,"weekday","afternoon","travelling","warm","restaurant",0,1,0,"midday"
85,664,105,559,"weekday","lunch","travelling","warm","grocery",1,1,0,"midday"
85,665,106,559,"weekday","afternoon","unknown","freezing","restaurant",0,1,0,"midday"
85,666,107,559,"weekday","morning","unknown","cold","restaurant",0,1,0,"morning"
85,667,108,559,"weekday","beforelunch","working","unknown","restaurant",1,1,0,"midday"
85,669,110,559,"weekday","afternoon","travelling","hot","restaurant",1,1,0,"midday"
85,670,111,559,"weekday","lunch","working","freezing","restaurant",0,1,0,"midday"
85,676,117,559,"weekday","afternoon","travelling","warm","restaurant",0,1,1,"midday"
85,678,119,559,"weekday","earlymorning","travelling","freezing","grocery",1,1,1,"morning"
85,681,122,559,"weekday","morning","travelling","warm","restaurant",0,1,1,"morning"
85,682,123,559,"weekday","lunch","travelling","cold","grocery",0,1,1,"midday"
85,683,124,559,"weekday","beforelunch","shopping","warm","grocery",1,1,1,"midday"
85,684,125,559,"weekday","breakfast","morningrituals","freezing","grocery",0,1,1,"morning"
85,686,127,559,"weekday","lunch","working","cold","restaurant",1,1,1,"midday"
85,689,130,559,"weekend","dinner","travelling","unknown","grocery",0,1,1,"night"
85,693,134,559,"weekday","afternoon","morningrituals","freezing","restaurant",1,1,1,"midday"
85,700,141,559,"weekend","afternoon","travelling","unknown","grocery",0,1,1,"midday"
85,708,149,559,"weekday","lunch","travelling","freezing","grocery",0,1,1,"midday"
85,715,156,559,"weekday","beforelunch","unknown","cold","restaurant",0,1,1,"midday"
85,716,157,559,"weekday","beforelunch","unknown","freezing","restaurant",0,1,1,"midday"
85,718,159,559,"weekend","lunch","travelling","cold","grocery",0,1,1,"midday"
85,719,160,559,"weekday","afternoon","shopping","freezing","grocery",0,1,1,"midday"
85,726,167,559,"weekday","lunch","working","freezing","grocery",1,1,1,"midday"
85,727,168,559,"weekday","afternoon","working","cold","restaurant",0,1,1,"midday"
86,571,1,570,"weekend","afternoon","travelling","hot","grocery",0,0,0,"midday"
86,572,2,570,"weekend","lunch","working","cold","restaurant",1,0,0,"midday"
86,574,4,570,"weekday","breakfast","travelling","unknown","restaurant",1,0,0,"morning"
86,575,5,570,"weekday","lunch","unknown","unknown","grocery",0,0,0,"midday"
86,578,8,570,"weekday","beforelunch","leisure","warm","restaurant",0,0,0,"midday"
86,579,9,570,"weekend","lunch","travelling","freezing","grocery",0,0,0,"midday"
86,581,11,570,"weekday","afternoon","unknown","warm","restaurant",1,0,0,"midday"
86,584,14,570,"weekday","afternoon","working","freezing","grocery",0,0,0,"midday"
86,587,17,570,"weekday","lunch","unknown","unknown","grocery",0,0,0,"midday"
86,588,18,570,"weekday","lunch","travelling","freezing","grocery",0,0,0,"midday"
86,590,20,570,"weekday","lunch","travelling","freezing","grocery",1,0,0,"midday"
86,591,21,570,"weekend","night","travelling","cold","restaurant",0,0,0,"night"
86,592,22,570,"weekday","afternoon","travelling","warm","grocery",0,0,0,"midday"
86,594,24,570,"weekend","afternoon","shopping","unknown","grocery",0,0,0,"midday"
86,595,25,570,"weekday","afternoon","working","warm","grocery",0,0,0,"midday"
86,597,27,570,"weekday","beforelunch","working","warm","grocery",0,0,0,"midday"
86,598,28,570,"weekday","breakfast","shopping","warm","grocery",0,0,0,"morning"
86,599,29,570,"weekday","beforelunch","travelling","warm","restaurant",0,0,0,"midday"
86,600,30,570,"weekday","lunch","travelling","freezing","grocery",0,0,0,"midday"
86,601,31,570,"weekend","lunch","travelling","cold","restaurant",1,0,0,"midday"
86,602,32,570,"weekend","breakfast","travelling","hot","restaurant",0,0,0,"morning"
86,603,33,570,"weekday","morning","travelling","cold","restaurant",1,0,0,"morning"
86,604,34,570,"weekday","lunch","travelling","freezing","grocery",0,0,0,"midday"
86,605,35,570,"weekday","beforelunch","travelling","freezing","restaurant",0,0,0,"midday"
86,606,36,570,"weekday","afternoon","travelling","hot","grocery",0,0,0,"midday"
86,607,37,570,"weekday","morning","unknown","unknown","grocery",0,0,0,"morning"
86,611,41,570,"weekend","beforelunch","working","unknown","restaurant",0,0,0,"midday"
86,612,42,570,"weekday","lunch","unknown","unknown","grocery",0,0,0,"midday"
86,613,43,570,"weekday","beforelunch","leisure","unknown","grocery",0,0,0,"midday"
86,614,44,570,"weekday","beforelunch","travelling","cold","restaurant",1,0,0,"midday"
86,615,45,570,"weekday","afternoon","travelling","freezing","restaurant",0,0,0,"midday"
86,616,46,570,"weekend","latenight","travelling","warm","restaurant",1,0,0,"night"
86,617,47,570,"weekday","afternoon","travelling","warm","restaurant",1,0,0,"midday"
86,621,51,570,"weekday","breakfast","travelling","unknown","restaurant",0,0,0,"morning"
86,625,55,570,"weekday","breakfast","travelling","warm","grocery",0,0,0,"morning"
86,627,57,570,"weekend","breakfast","unknown","unknown","grocery",0,1,0,"morning"
86,628,58,570,"weekday","afternoon","travelling","hot","grocery",1,1,0,"midday"
86,629,59,570,"weekday","morning","morningrituals","hot","restaurant",1,1,0,"morning"
86,634,64,570,"weekday","morning","working","unknown","restaurant",0,1,0,"morning"
86,635,65,570,"weekend","breakfast","leisure","unknown","restaurant",0,1,0,"morning"
86,636,66,570,"weekday","beforelunch","unknown","cold","restaurant",1,1,0,"midday"
86,638,68,570,"weekday","breakfast","travelling","cold","restaurant",0,1,0,"morning"
86,639,69,570,"weekend","afternoon","morningrituals","cold","grocery",0,1,0,"midday"
86,640,70,570,"weekday","afternoon","travelling","cold","restaurant",0,1,0,"midday"
86,647,77,570,"weekday","afternoon","unknown","cold","grocery",0,1,0,"midday"
86,648,78,570,"weekday","beforelunch","unknown","freezing","restaurant",0,1,0,"midday"
86,649,79,570,"weekday","lunch","travelling","freezing","restaurant",1,1,0,"midday"
86,650,80,570,"weekday","earlymorning","unknown","freezing","restaurant",0,1,0,"morning"
86,652,82,570,"weekend","dinner","unknown","freezing","restaurant",0,1,0,"night"
86,654,84,570,"weekday","afternoon","travelling","cold","restaurant",0,1,0,"midday"
86,657,87,570,"weekday","beforelunch","travelling","freezing","restaurant",1,1,0,"midday"
86,658,88,570,"weekday","beforelunch","working","hot","grocery",1,1,0,"midday"
86,659,89,570,"weekday","beforelunch","unknown","cold","grocery",0,1,0,"midday"
86,663,93,570,"weekday","beforelunch","travelling","warm","grocery",0,1,0,"midday"
86,664,94,570,"weekend","afternoon","travelling","freezing","grocery",0,1,0,"midday"
86,665,95,570,"weekday","breakfast","travelling","hot","restaurant",1,1,0,"morning"
86,669,99,570,"weekday","morning","shopping","cold","restaurant",0,1,0,"morning"
86,670,100,570,"weekend","lunch","travelling","freezing","grocery",1,1,0,"midday"
86,671,101,570,"weekend","afternoon","leisure","freezing","grocery",0,1,0,"midday"
86,672,102,570,"weekend","lunch","travelling","unknown","restaurant",0,1,0,"midday"
86,673,103,570,"weekday","lunch","travelling","freezing","restaurant",0,1,0,"midday"
86,676,106,570,"weekend","beforelunch","unknown","freezing","grocery",0,1,0,"midday"
86,677,107,570,"weekday","lunch","travelling","hot","restaurant",0,1,0,"midday"
86,678,108,570,"weekday","night","unknown","cold","grocery",0,1,0,"night"
86,681,111,570,"weekday","beforelunch","travelling","cold","restaurant",0,1,0,"midday"
86,684,114,570,"weekday","afternoon","travelling","freezing","grocery",0,1,1,"midday"
86,685,115,570,"weekday","morning","travelling","cold","grocery",1,1,1,"morning"
86,686,116,570,"weekday","breakfast","travelling","freezing","restaurant",0,1,1,"morning"
86,691,121,570,"weekday","lunch","travelling","unknown","grocery",0,1,1,"midday"
86,693,123,570,"weekend","afternoon","travelling","cold","grocery",1,1,1,"midday"
86,699,129,570,"weekday","breakfast","travelling","warm","grocery",0,1,1,"morning"
86,700,130,570,"weekday","afternoon","leisure","cold","grocery",0,1,1,"midday"
86,701,131,570,"weekend","lunch","travelling","unknown","restaurant",0,1,1,"midday"
86,704,134,570,"weekday","afternoon","leisure","unknown","restaurant",0,1,1,"midday"
86,705,135,570,"weekday","night","travelling","warm","restaurant",0,1,1,"night"
86,707,137,570,"weekday","afternoon","unknown","cold","grocery",1,1,1,"midday"
86,710,140,570,"weekday","breakfast","travelling","freezing","restaurant",0,1,1,"morning"
86,713,143,570,"weekday","afternoon","working","unknown","restaurant",0,1,1,"midday"
86,714,144,570,"weekday","afternoon","travelling","cold","grocery",0,1,1,"midday"
86,715,145,570,"weekday","beforelunch","travelling","unknown","restaurant",0,1,1,"midday"
86,716,146,570,"weekday","afternoon","unknown","freezing","restaurant",0,1,1,"midday"
86,718,148,570,"weekday","beforelunch","travelling","warm","restaurant",1,1,1,"midday"
86,720,150,570,"weekday","afternoon","travelling","freezing","restaurant",0,1,1,"midday"
86,721,151,570,"weekday","morning","travelling","cold","restaurant",1,1,1,"morning"
86,722,152,570,"weekend","afternoon","travelling","warm","grocery",1,1,1,"midday"
86,723,153,570,"weekday","night","working","freezing","grocery",1,1,1,"night"
86,725,155,570,"weekday","lunch","travelling","cold","grocery",0,1,1,"midday"
86,726,156,570,"weekend","dinner","travelling","freezing","restaurant",1,1,1,"night"
86,729,159,570,"weekend","afternoon","travelling","unknown","restaurant",0,1,1,"midday"
86,730,160,570,"weekday","breakfast","leisure","unknown","grocery",0,1,1,"morning"
86,732,162,570,"weekday","unknown","travelling","cold","restaurant",1,1,1,"unknown"
86,740,170,570,"weekday","morning","working","unknown","grocery",1,1,1,"morning"
86,743,173,570,"weekend","lunch","morningrituals","unknown","grocery",0,1,1,"midday"
86,748,178,570,"weekend","unknown","travelling","cold","restaurant",0,1,1,"unknown"
86,751,181,570,"unknown","beforelunch","unknown","unknown","restaurant",1,1,1,"midday"
86,752,182,570,"weekday","afternoon","unknown","unknown","grocery",0,1,1,"midday"
87,598,15,583,"weekday","morning","travelling","unknown","restaurant",0,0,0,"morning"
87,603,20,583,"weekend","night","travelling","cold","restaurant",0,0,0,"night"
87,613,30,583,"weekday","afternoon","working","freezing","grocery",1,0,0,"midday"
87,616,33,583,"weekend","breakfast","working","unknown","grocery",0,0,0,"morning"
87,618,35,583,"weekday","beforelunch","unknown","unknown","grocery",1,0,0,"midday"
87,621,38,583,"weekday","afternoon","unknown","freezing","grocery",0,0,0,"midday"
87,629,46,583,"weekday","lunch","travelling","cold","grocery",0,0,0,"midday"
87,640,57,583,"weekend","morning","unknown","warm","grocery",0,1,0,"morning"
87,641,58,583,"weekend","morning","travelling","hot","grocery",0,1,0,"morning"
87,643,60,583,"weekday","afternoon","travelling","cold","grocery",0,1,0,"midday"
87,645,62,583,"weekday","lunch","unknown","unknown","grocery",0,1,0,"midday"
87,653,70,583,"weekday","lunch","travelling","warm","grocery",0,1,0,"midday"
87,655,72,583,"weekday","breakfast","travelling","unknown","restaurant",1,1,0,"morning"
87,658,75,583,"weekday","lunch","unknown","freezing","restaurant",0,1,0,"midday"
87,661,78,583,"weekday","beforelunch","travelling","unknown","restaurant",0,1,0,"midday"
87,673,90,583,"weekday","afternoon","travelling","unknown","restaurant",0,1,0,"midday"
87,675,92,583,"weekend","afternoon","unknown","unknown","restaurant",0,1,0,"midday"
87,682,99,583,"weekday","beforelunch","shopping","unknown","grocery",0,1,0,"midday"
87,684,101,583,"weekday","lunch","travelling","freezing","restaurant",0,1,0,"midday"
87,687,104,583,"weekday","beforelunch","travelling","cold","grocery",0,1,0,"midday"
87,688,105,583,"weekday","afternoon","travelling","unknown","grocery",0,1,0,"midday"
87,713,130,583,"weekday","breakfast","working","unknown","grocery",0,1,1,"morning"
87,717,134,583,"weekday","breakfast","travelling","freezing","restaurant",0,1,1,"morning"
87,722,139,583,"weekday","beforelunch","travelling","freezing","restaurant",0,1,1,"midday"
87,723,140,583,"weekday","lunch","unknown","hot","grocery",0,1,1,"midday"
87,724,141,583,"weekday","dinner","travelling","unknown","restaurant",0,1,1,"night"
87,731,148,583,"weekday","dinner","unknown","unknown","restaurant",0,1,1,"night"
87,741,158,583,"weekday","beforelunch","travelling","cold","grocery",1,1,1,"midday"
87,742,159,583,"weekend","afternoon","morningrituals","warm","restaurant",0,1,1,"midday"
87,747,164,583,"weekday","afternoon","travelling","unknown","grocery",0,1,1,"midday"
87,756,173,583,"weekday","beforelunch","travelling","cold","restaurant",0,1,1,"midday"
87,757,174,583,"weekday","lunch","morningrituals","cold","restaurant",0,1,1,"midday"
88,598,2,596,"weekday","morning","working","cold","grocery",0,0,0,"morning"
88,599,3,596,"weekend","lunch","travelling","warm","grocery",0,0,0,"midday"
88,600,4,596,"weekday","lunch","travelling","unknown","restaurant",0,0,0,"midday"
88,601,5,596,"weekday","afternoon","travelling","unknown","restaurant",0,0,0,"midday"
88,602,6,596,"weekday","breakfast","travelling","freezing","restaurant",0,0,0,"morning"
88,603,7,596,"unknown","breakfast","travelling","warm","grocery",0,0,0,"morning"
88,604,8,596,"weekday","breakfast","travelling","cold","restaurant",0,0,0,"morning"
88,606,10,596,"weekday","lunch","travelling","freezing","grocery",0,0,0,"midday"
88,607,11,596,"weekday","morning","travelling","unknown","restaurant",0,0,0,"morning"
88,608,12,596,"weekday","afternoon","working","unknown","restaurant",0,0,0,"midday"
88,609,13,596,"unknown","breakfast","travelling","freezing","restaurant",0,0,0,"morning"
88,610,14,596,"weekday","earlymorning","leisure","freezing","restaurant",1,0,0,"morning"
88,612,16,596,"weekend","morning","working","cold","grocery",0,0,0,"morning"
88,614,18,596,"weekday","lunch","travelling","hot","restaurant",1,0,0,"midday"
88,615,19,596,"weekday","lunch","travelling","hot","restaurant",0,0,0,"midday"
88,616,20,596,"weekend","afternoon","working","cold","restaurant",0,0,0,"midday"
88,617,21,596,"weekend","afternoon","travelling","warm","restaurant",1,0,0,"midday"
88,618,22,596,"weekday","lunch","working","cold","grocery",0,0,0,"midday"
88,619,23,596,"weekday","lunch","travelling","freezing","grocery",1,0,0,"midday"
88,622,26,596,"weekday","beforelunch","travelling","cold","grocery",0,0,0,"midday"
88,623,27,596,"weekend","unknown","travelling","freezing","restaurant",0,0,0,"unknown"
88,624,28,596,"weekend","afternoon","travelling","freezing","grocery",0,0,0,"midday"
88,625,29,596,"weekday","lunch","travelling","freezing","grocery",0,0,0,"midday"
88,626,30,596,"weekday","breakfast","travelling","hot","grocery",0,0,0,"morning"
88,628,32,596,"weekend","beforelunch","leisure","cold","restaurant",1,0,0,"midday"
88,629,33,596,"weekday","afternoon","leisure","freezing","restaurant",1,0,0,"midday"
88,630,34,596,"weekday","beforelunch","travelling","unknown","grocery",1,0,0,"midday"
88,632,36,596,"weekday","afternoon","unknown","freezing","grocery",0,0,0,"midday"
88,634,38,596,"weekday","afternoon","working","hot","restaurant",0,0,0,"midday"
88,635,39,596,"weekday","afternoon","unknown","hot","grocery",0,0,0,"midday"
88,636,40,596,"weekday","lunch","travelling","warm","grocery",0,0,0,"midday"
88,638,42,596,"weekend","lunch","travelling","cold","restaurant",1,0,0,"midday"
88,639,43,596,"weekday","dinner","leisure","unknown","grocery",0,0,0,"night"
88,641,45,596,"weekday","afternoon","unknown","cold","restaurant",0,0,0,"midday"
88,643,47,596,"weekend","dinner","leisure","warm","restaurant",0,0,0,"night"
88,644,48,596,"weekend","afternoon","unknown","cold","grocery",0,0,0,"midday"
88,649,53,596,"weekday","afternoon","travelling","freezing","restaurant",0,0,0,"midday"
88,650,54,596,"weekend","beforelunch","travelling","cold","restaurant",1,0,0,"midday"
88,652,56,596,"weekday","beforelunch","unknown","hot","grocery",0,0,0,"midday"
88,653,57,596,"weekday","afternoon","travelling","unknown","grocery",0,1,0,"midday"
88,657,61,596,"weekday","afternoon","travelling","freezing","grocery",0,1,0,"midday"
88,658,62,596,"weekday","beforelunch","travelling","freezing","restaurant",0,1,0,"midday"
88,660,64,596,"weekend","afternoon","shopping","freezing","restaurant",0,1,0,"midday"
88,662,66,596,"weekday","morning","travelling","unknown","grocery",1,1,0,"morning"
88,663,67,596,"weekday","breakfast","travelling","unknown","grocery",0,1,0,"morning"
88,665,69,596,"weekday","beforelunch","travelling","freezing","restaurant",1,1,0,"midday"
88,666,70,596,"weekday","beforelunch","travelling","freezing","restaurant",0,1,0,"midday"
88,668,72,596,"weekday","breakfast","shopping","unknown","grocery",0,1,0,"morning"
88,669,73,596,"weekday","beforelunch","leisure","cold","restaurant",0,1,0,"midday"
88,673,77,596,"weekday","lunch","travelling","cold","grocery",1,1,0,"midday"
88,674,78,596,"weekend","afternoon","leisure","cold","restaurant",0,1,0,"midday"
88,675,79,596,"weekend","unknown","travelling","unknown","grocery",1,1,0,"unknown"
88,682,86,596,"weekday","breakfast","travelling","freezing","restaurant",1,1,0,"morning"
88,683,87,596,"weekday","lunch","travelling","cold","grocery",0,1,0,"midday"
88,684,88,596,"weekday","afternoon","travelling","cold","restaurant",0,1,0,"midday"
88,685,89,596,"weekday","afternoon","travelling","warm","restaurant",0,1,0,"midday"
88,687,91,596,"weekday","beforelunch","leisure","warm","grocery",0,1,0,"midday"
88,688,92,596,"weekend","beforelunch","working","hot","grocery",0,1,0,"midday"
88,689,93,596,"weekday","beforelunch","unknown","unknown","restaurant",0,1,0,"midday"
88,690,94,596,"weekday","beforelunch","travelling","cold","restaurant",0,1,0,"midday"
88,691,95,596,"weekday","afternoon","unknown","unknown","restaurant",1,1,0,"midday"
88,692,96,596,"weekday","dinner","travelling","unknown","restaurant",1,1,0,"night"
88,693,97,596,"weekday","beforelunch","travelling","cold","restaurant",0,1,0,"midday"
88,694,98,596,"weekday","latenight","unknown","unknown","grocery",0,1,0,"night"
88,698,102,596,"weekday","morning","unknown","freezing","restaurant",1,1,0,"morning"
88,700,104,596,"weekday","beforelunch","travelling","unknown","restaurant",0,1,0,"midday"
88,703,107,596,"weekday","afternoon","travelling","cold","restaurant",0,1,0,"midday"
88,704,108,596,"weekend","afternoon","working","freezing","grocery",1,1,0,"midday"
88,705,109,596,"weekday","breakfast","unknown","cold","grocery",0,1,0,"morning"
88,707,111,596,"weekday","afternoon","travelling","unknown","restaurant",0,1,0,"midday"
88,709,113,596,"weekend","night","leisure","cold","restaurant",1,1,1,"night"
88,710,114,596,"weekend","beforelunch","travelling","unknown","restaurant",1,1,1,"midday"
88,711,115,596,"weekday","afternoon","leisure","unknown","restaurant",0,1,1,"midday"
88,712,116,596,"weekday","dinner","travelling","freezing","grocery",1,1,1,"night"
88,713,117,596,"weekday","breakfast","travelling","unknown","grocery",0,1,1,"morning"
88,714,118,596,"weekday","beforelunch","travelling","freezing","restaurant",1,1,1,"midday"
88,715,119,596,"weekday","morning","leisure","cold","grocery",0,1,1,"morning"
88,716,120,596,"weekday","beforelunch","travelling","freezing","grocery",1,1,1,"midday"
88,717,121,596,"weekend","afternoon","unknown","cold","restaurant",0,1,1,"midday"
88,718,122,596,"weekday","breakfast","travelling","warm","restaurant",0,1,1,"morning"
88,719,123,596,"weekday","afternoon","shopping","unknown","restaurant",0,1,1,"midday"
88,720,124,596,"weekend","afternoon","travelling","hot","grocery",0,1,1,"midday"
88,721,125,596,"weekend","breakfast","travelling","warm","grocery",1,1,1,"morning"
88,723,127,596,"weekday","lunch","travelling","cold","restaurant",1,1,1,"midday"
88,726,130,596,"weekend","afternoon","shopping","unknown","restaurant",0,1,1,"midday"
88,727,131,596,"weekday","lunch","travelling","unknown","grocery",1,1,1,"midday"
88,728,132,596,"weekday","morning","travelling","hot","grocery",0,1,1,"morning"
88,730,134,596,"weekday","unknown","travelling","cold","restaurant",1,1,1,"unknown"
88,731,135,596,"weekday","unknown","travelling","unknown","grocery",0,1,1,"unknown"
88,732,136,596,"weekend","afternoon","travelling","warm","grocery",1,1,1,"midday"
88,733,137,596,"weekend","breakfast","travelling","unknown","restaurant",1,1,1,"morning"
88,734,138,596,"weekday","morning","working","warm","restaurant",0,1,1,"morning"
88,735,139,596,"weekday","beforelunch","travelling","unknown","grocery",0,1,1,"midday"
88,739,143,596,"weekday","lunch","leisure","hot","grocery",1,1,1,"midday"
88,740,144,596,"weekend","morning","travelling","unknown","grocery",0,1,1,"morning"
88,741,145,596,"weekend","dinner","unknown","warm","grocery",0,1,1,"night"
88,743,147,596,"weekday","afternoon","morningrituals","cold","restaurant",0,1,1,"midday"
88,745,149,596,"weekend","breakfast","unknown","unknown","grocery",0,1,1,"morning"
88,746,150,596,"weekday","lunch","travelling","unknown","restaurant",1,1,1,"midday"
88,749,153,596,"weekend","afternoon","travelling","freezing","grocery",1,1,1,"midday"
88,750,154,596,"weekday","lunch","travelling","cold","grocery",0,1,1,"midday"
88,751,155,596,"weekday","afternoon","travelling","warm","restaurant",0,1,1,"midday"
88,754,158,596,"weekday","lunch","travelling","hot","grocery",1,1,1,"midday"
88,755,159,596,"weekday","beforelunch","travelling","unknown","restaurant",1,1,1,"midday"
88,756,160,596,"weekday","afternoon","travelling","cold","grocery",0,1,1,"midday"
88,757,161,596,"weekday","breakfast","travelling","cold","restaurant",0,1,1,"morning"
88,758,162,596,"weekday","lunch","travelling","hot","restaurant",0,1,1,"midday"
88,759,163,596,"weekday","dinner","leisure","freezing","grocery",1,1,1,"night"
88,760,164,596,"weekday","beforelunch","leisure","cold","grocery",0,1,1,"midday"
88,761,165,596,"weekend","afternoon","leisure","unknown","grocery",0,1,1,"midday"
88,762,166,596,"weekday","beforelunch","travelling","cold","grocery",1,1,1,"midday"
88,765,169,596,"weekday","afternoon","travelling","unknown","restaurant",0,1,1,"midday"
88,766,170,596,"weekday","beforelunch","travelling","cold","grocery",0,1,1,"midday"
88,769,173,596,"weekday","lunch","shopping","freezing","grocery",0,1,1,"midday"
88,770,174,596,"weekday","afternoon","travelling","warm","grocery",1,1,1,"midday"
88,771,175,596,"weekday","lunch","travelling","warm","grocery",0,1,1,"midday"
88,773,177,596,"weekday","lunch","travelling","cold","restaurant",1,1,1,"midday"
88,778,182,596,"weekday","lunch","travelling","warm","grocery",0,1,1,"midday"
89,600,0,600,"weekday","lunch","travelling","hot","grocery",0,0,0,"midday"
89,616,16,600,"weekday","beforelunch","travelling","unknown","restaurant",1,0,0,"midday"
89,620,20,600,"weekend","dinner","morningrituals","unknown","restaurant",0,0,0,"night"
89,621,21,600,"weekday","morning","travelling","warm","grocery",0,0,0,"morning"
89,628,28,600,"weekday","afternoon","travelling","freezing","grocery",0,0,0,"midday"
89,630,30,600,"weekday","breakfast","shopping","unknown","grocery",1,0,0,"morning"
89,641,41,600,"weekday","morning","leisure","unknown","restaurant",0,0,0,"morning"
89,642,42,600,"weekend","morning","working","cold","grocery",0,0,0,"morning"
89,644,44,600,"weekday","lunch","travelling","freezing","restaurant",0,0,0,"midday"
89,652,52,600,"weekday","afternoon","unknown","warm","grocery",0,0,0,"midday"
89,657,57,600,"weekend","afternoon","unknown","hot","grocery",1,1,0,"midday"
89,662,62,600,"weekday","beforelunch","unknown","hot","restaurant",0,1,0,"midday"
89,663,63,600,"weekend","lunch","unknown","freezing","grocery",0,1,0,"midday"
89,667,67,600,"weekend","afternoon","travelling","unknown","restaurant",1,1,0,"midday"
89,668,68,600,"weekend","morning","travelling","warm","grocery",0,1,0,"morning"
89,670,70,600,"weekday","latenight","working","unknown","restaurant",0,1,0,"night"
89,681,81,600,"weekday","beforelunch","travelling","unknown","grocery",0,1,0,"midday"
89,682,82,600,"weekday","beforelunch","unknown","cold","restaurant",0,1,0,"midday"
89,683,83,600,"weekday","afternoon","unknown","freezing","grocery",0,1,0,"midday"
89,684,84,600,"weekend","breakfast","travelling","cold","restaurant",1,1,0,"morning"
89,688,88,600,"weekend","breakfast","leisure","hot","grocery",1,1,0,"morning"
89,689,89,600,"weekday","afternoon","travelling","freezing","grocery",0,1,0,"midday"
89,690,90,600,"weekend","beforelunch","working","cold","restaurant",0,1,0,"midday"
89,698,98,600,"unknown","beforelunch","working","unknown","grocery",1,1,0,"midday"
89,699,99,600,"weekday","lunch","travelling","cold","restaurant",0,1,0,"midday"
89,700,100,600,"unknown","morning","unknown","freezing","grocery",0,1,0,"morning"
89,701,101,600,"weekday","earlymorning","travelling","warm","grocery",1,1,0,"morning"
89,703,103,600,"weekend","afternoon","travelling","cold","restaurant",1,1,0,"midday"
89,705,105,600,"weekday","lunch","leisure","unknown","grocery",0,1,0,"midday"
89,709,109,600,"weekday","breakfast","travelling","cold","restaurant",0,1,0,"morning"
89,715,115,600,"weekday","breakfast","travelling","freezing","grocery",1,1,1,"morning"
89,716,116,600,"weekend","beforelunch","travelling","unknown","restaurant",0,1,1,"midday"
89,717,117,600,"weekday","afternoon","travelling","cold","restaurant",1,1,1,"midday"
89,726,126,600,"weekday","morning","travelling","hot","grocery",0,1,1,"morning"
89,727,127,600,"unknown","afternoon","travelling","unknown","grocery",0,1,1,"midday"
89,728,128,600,"weekday","earlymorning","travelling","warm","grocery",0,1,1,"morning"
89,731,131,600,"weekday","lunch","travelling","cold","restaurant",1,1,1,"midday"
89,733,133,600,"weekday","beforelunch","working","warm","restaurant",0,1,1,"midday"
89,738,138,600,"weekday","breakfast","travelling","cold","grocery",1,1,1,"morning"
89,739,139,600,"weekday","lunch","travelling","freezing","grocery",0,1,1,"midday"
89,740,140,600,"weekday","afternoon","morningrituals","cold","grocery",1,1,1,"midday"
89,748,148,600,"weekday","lunch","unknown","hot","grocery",1,1,1,"midday"
89,750,150,600,"weekday","breakfast","travelling","unknown","grocery",0,1,1,"morning"
89,751,151,600,"weekday","afternoon","travelling","unknown","restaurant",0,1,1,"midday"
89,753,153,600,"weekend","morning","unknown","freezing","grocery",0,1,1,"morning"
89,766,166,600,"weekday","night","travelling","freezing","restaurant",0,1,1,"night"
89,767,167,600,"weekday","beforelunch","travelling","freezing","grocery",0,1,1,"midday"
89,773,173,600,"weekend","unknown","travelling","cold","restaurant",1,1,1,"unknown"
89,774,174,600,"weekend","lunch","unknown","hot","grocery",0,1,1,"midday"
89,775,175,600,"weekday","afternoon","morningrituals","unknown","grocery",0,1,1,"midday"
89,777,177,600,"weekend","afternoon","travelling","cold","restaurant",1,1,1,"midday"
89,780,180,600,"weekday","breakfast","unknown","cold","restaurant",0,1,1,"morning"
90,638,36,602,"weekday","beforelunch","unknown","cold","restaurant",0,0,0,"midday"
90,665,63,602,"weekend","lunch","unknown","freezing","restaurant",0,1,0,"midday"
90,667,65,602,"weekday","afternoon","unknown","cold","restaurant",0,1,0,"midday"
90,717,115,602,"weekday","beforelunch","travelling","warm","grocery",1,1,1,"midday"
90,765,163,602,"weekend","lunch","leisure","warm","grocery",1,1,1,"midday"
90,771,169,602,"weekday","lunch","travelling","cold","restaurant",1,1,1,"midday"
90,778,176,602,"weekend","beforelunch","travelling","cold","restaurant",0,1,1,"midday"
91,608,0,608,"weekday","lunch","unknown","freezing","restaurant",0,0,0,"midday"
91,609,1,608,"weekday","lunch","working","freezing","restaurant",0,0,0,"midday"
91,610,2,608,"weekday","afternoon","travelling","warm","grocery",1,0,0,"midday"
91,614,6,608,"weekday","morning","working","unknown","grocery",1,0,0,"morning"
91,617,9,608,"weekday","breakfast","travelling","warm","restaurant",0,0,0,"morning"
91,618,10,608,"weekday","lunch","working","unknown","grocery",0,0,0,"midday"
91,619,11,608,"weekday","afternoon","travelling","freezing","restaurant",0,0,0,"midday"
91,626,18,608,"weekday","afternoon","travelling","warm","grocery",1,0,0,"midday"
91,627,19,608,"weekday","morning","working","unknown","grocery",0,0,0,"morning"
91,628,20,608,"weekday","lunch","travelling","warm","restaurant",0,0,0,"midday"
91,630,22,608,"weekday","afternoon","leisure","unknown","grocery",0,0,0,"midday"
91,635,27,608,"weekday","afternoon","travelling","freezing","grocery",0,0,0,"midday"
91,637,29,608,"weekend","lunch","unknown","freezing","restaurant",0,0,0,"midday"
91,639,31,608,"weekend","morning","unknown","cold","restaurant",1,0,0,"morning"
91,642,34,608,"weekday","lunch","travelling","cold","restaurant",1,0,0,"midday"
91,645,37,608,"weekday","lunch","unknown","unknown","grocery",0,0,0,"midday"
91,650,42,608,"weekday","breakfast","working","unknown","grocery",0,0,0,"morning"
91,653,45,608,"weekend","afternoon","travelling","freezing","grocery",0,0,0,"midday"
91,655,47,608,"weekday","beforelunch","leisure","cold","grocery",0,0,0,"midday"
91,658,50,608,"weekday","breakfast","unknown","freezing","grocery",0,0,0,"morning"
91,662,54,608,"weekday","lunch","travelling","freezing","restaurant",1,0,0,"midday"
91,664,56,608,"weekday","lunch","shopping","cold","restaurant",0,0,0,"midday"
91,668,60,608,"weekend","afternoon","shopping","unknown","grocery",0,1,0,"midday"
91,669,61,608,"weekday","afternoon","travelling","unknown","restaurant",0,1,0,"midday"
91,672,64,608,"weekday","beforelunch","unknown","unknown","grocery",1,1,0,"midday"
91,673,65,608,"weekend","lunch","travelling","hot","restaurant",0,1,0,"midday"
91,675,67,608,"weekday","afternoon","unknown","cold","grocery",1,1,0,"midday"
91,679,71,608,"weekday","lunch","travelling","warm","grocery",0,1,0,"midday"
91,683,75,608,"weekday","breakfast","working","freezing","grocery",0,1,0,"morning"
91,685,77,608,"weekday","afternoon","working","cold","grocery",1,1,0,"midday"
91,686,78,608,"weekday","afternoon","travelling","cold","grocery",0,1,0,"midday"
91,687,79,608,"weekday","afternoon","travelling","cold","grocery",0,1,0,"midday"
91,690,82,608,"weekday","lunch","leisure","cold","grocery",0,1,0,"midday"
91,692,84,608,"weekday","lunch","travelling","cold","restaurant",0,1,0,"midday"
91,695,87,608,"weekday","afternoon","working","cold","restaurant",1,1,0,"midday"
91,696,88,608,"weekday","beforelunch","working","warm","grocery",1,1,0,"midday"
91,698,90,608,"weekday","beforelunch","travelling","cold","restaurant",1,1,0,"midday"
91,699,91,608,"weekday","lunch","travelling","cold","grocery",0,1,0,"midday"
91,702,94,608,"weekday","afternoon","shopping","freezing","restaurant",0,1,0,"midday"
91,707,99,608,"weekend","afternoon","working","cold","grocery",0,1,0,"midday"
91,708,100,608,"weekend","night","working","unknown","grocery",0,1,0,"night"
91,710,102,608,"weekday","lunch","unknown","cold","grocery",0,1,0,"midday"
91,711,103,608,"weekday","breakfast","travelling","cold","grocery",0,1,0,"morning"
91,712,104,608,"weekday","breakfast","travelling","freezing","restaurant",0,1,0,"morning"
91,716,108,608,"weekday","beforelunch","travelling","unknown","grocery",1,1,0,"midday"
91,719,111,608,"weekday","lunch","unknown","unknown","grocery",1,1,0,"midday"
91,721,113,608,"weekend","afternoon","travelling","unknown","restaurant",0,1,1,"midday"
91,723,115,608,"weekday","afternoon","unknown","hot","grocery",1,1,1,"midday"
91,725,117,608,"weekday","breakfast","travelling","unknown","grocery",0,1,1,"morning"
91,728,120,608,"weekday","earlymorning","travelling","warm","restaurant",0,1,1,"morning"
91,734,126,608,"weekend","beforelunch","travelling","hot","grocery",0,1,1,"midday"
91,737,129,608,"weekend","afternoon","travelling","freezing","grocery",0,1,1,"midday"
91,741,133,608,"weekday","beforelunch","working","hot","restaurant",0,1,1,"midday"
91,743,135,608,"weekend","afternoon","working","freezing","grocery",0,1,1,"midday"
91,744,136,608,"weekday","lunch","travelling","freezing","restaurant",1,1,1,"midday"
91,745,137,608,"weekday","morning","working","freezing","restaurant",0,1,1,"morning"
91,746,138,608,"weekday","afternoon","shopping","cold","grocery",0,1,1,"midday"
91,749,141,608,"weekday","afternoon","travelling","warm","restaurant",1,1,1,"midday"
91,750,142,608,"weekday","morning","working","warm","restaurant",0,1,1,"morning"
91,758,150,608,"weekend","morning","travelling","freezing","grocery",0,1,1,"morning"
91,760,152,608,"weekend","lunch","travelling","cold","grocery",0,1,1,"midday"
91,767,159,608,"weekend","dinner","travelling","cold","grocery",0,1,1,"night"
91,769,161,608,"weekend","morning","morningrituals","warm","restaurant",0,1,1,"morning"
91,770,162,608,"weekday","breakfast","travelling","cold","restaurant",0,1,1,"morning"
91,775,167,608,"weekday","morning","shopping","cold","restaurant",0,1,1,"morning"
91,780,172,608,"weekend","lunch","travelling","freezing","restaurant",0,1,1,"midday"
91,782,174,608,"weekday","afternoon","travelling","freezing","restaurant",0,1,1,"midday"
91,783,175,608,"unknown","beforelunch","travelling","cold","grocery",0,1,1,"midday"
91,784,176,608,"weekday","beforelunch","travelling","cold","grocery",0,1,1,"midday"
91,787,179,608,"weekday","lunch","travelling","cold","grocery",0,1,1,"midday"
91,789,181,608,"weekday","dinner","working","unknown","restaurant",0,1,1,"night"
91,790,182,608,"weekday","lunch","shopping","cold","restaurant",0,1,1,"midday"
91,791,183,608,"weekday","lunch","leisure","cold","grocery",1,1,1,"midday"
92,613,0,613,"weekend","beforelunch","unknown","freezing","grocery",0,0,0,"midday"
92,614,1,613,"weekday","breakfast","travelling","cold","restaurant",0,0,0,"morning"
92,615,2,613,"weekday","lunch","travelling","freezing","grocery",1,0,0,"midday"
92,619,6,613,"weekend","lunch","housework","freezing","grocery",0,0,0,"midday"
92,620,7,613,"weekday","afternoon","travelling","unknown","restaurant",0,0,0,"midday"
92,623,10,613,"unknown","lunch","leisure","unknown","restaurant",0,0,0,"midday"
92,624,11,613,"weekend","beforelunch","travelling","cold","restaurant",0,0,0,"midday"
92,626,13,613,"weekend","morning","travelling","unknown","grocery",0,0,0,"morning"
92,627,14,613,"weekday","afternoon","travelling","cold","grocery",1,0,0,"midday"
92,628,15,613,"weekday","latenight","travelling","cold","grocery",0,0,0,"night"
92,629,16,613,"weekday","afternoon","unknown","hot","grocery",0,0,0,"midday"
92,630,17,613,"weekend","lunch","leisure","cold","restaurant",0,0,0,"midday"
92,632,19,613,"weekend","lunch","shopping","warm","restaurant",0,0,0,"midday"
92,635,22,613,"weekday","lunch","leisure","freezing","grocery",0,0,0,"midday"
92,638,25,613,"weekend","earlymorning","working","freezing","grocery",0,0,0,"morning"
92,639,26,613,"weekday","beforelunch","travelling","unknown","restaurant",1,0,0,"midday"
92,641,28,613,"weekday","lunch","travelling","freezing","grocery",0,0,0,"midday"
92,642,29,613,"weekday","afternoon","working","freezing","restaurant",0,0,0,"midday"
92,643,30,613,"weekday","beforelunch","leisure","unknown","restaurant",0,0,0,"midday"
92,645,32,613,"weekday","lunch","travelling","unknown","grocery",1,0,0,"midday"
92,648,35,613,"weekday","lunch","working","cold","grocery",0,0,0,"midday"
92,649,36,613,"weekday","beforelunch","unknown","freezing","grocery",0,0,0,"midday"
92,650,37,613,"weekday","beforelunch","housework","unknown","grocery",0,0,0,"midday"
92,652,39,613,"weekday","afternoon","morningrituals","cold","restaurant",0,0,0,"midday"
92,653,40,613,"weekday","lunch","travelling","cold","grocery",0,0,0,"midday"
92,656,43,613,"weekday","unknown","shopping","hot","grocery",1,0,0,"unknown"
92,657,44,613,"weekend","afternoon","working","cold","restaurant",1,0,0,"midday"
92,658,45,613,"weekend","afternoon","travelling","cold","grocery",0,0,0,"midday"
92,659,46,613,"weekend","beforelunch","travelling","unknown","grocery",0,0,0,"midday"
92,666,53,613,"weekday","morning","travelling","unknown","restaurant",0,0,0,"morning"
92,667,54,613,"weekday","lunch","travelling","unknown","grocery",0,0,0,"midday"
92,668,55,613,"weekday","breakfast","travelling","warm","grocery",0,0,0,"morning"
92,669,56,613,"weekday","afternoon","travelling","freezing","grocery",0,0,0,"midday"
92,671,58,613,"weekday","beforelunch","travelling","warm","restaurant",1,1,0,"midday"
92,672,59,613,"weekday","afternoon","shopping","cold","grocery",1,1,0,"midday"
92,673,60,613,"weekend","breakfast","shopping","warm","restaurant",0,1,0,"morning"
92,676,63,613,"weekday","earlymorning","travelling","cold","restaurant",0,1,0,"morning"
92,677,64,613,"weekend","dinner","travelling","unknown","restaurant",0,1,0,"night"
92,678,65,613,"weekday","lunch","unknown","cold","restaurant",0,1,0,"midday"
92,679,66,613,"weekend","beforelunch","unknown","unknown","restaurant",0,1,0,"midday"
92,684,71,613,"weekday","afternoon","unknown","warm","grocery",1,1,0,"midday"
92,685,72,613,"weekend","afternoon","travelling","cold","restaurant",0,1,0,"midday"
92,686,73,613,"weekday","lunch","shopping","cold","grocery",0,1,0,"midday"
92,689,76,613,"weekday","beforelunch","travelling","cold","restaurant",0,1,0,"midday"
92,690,77,613,"weekday","beforelunch","unknown","cold","grocery",0,1,0,"midday"
92,691,78,613,"weekday","unknown","travelling","unknown","grocery",1,1,0,"unknown"
92,692,79,613,"weekend","afternoon","travelling","unknown","grocery",0,1,0,"midday"
92,694,81,613,"weekday","afternoon","travelling","hot","restaurant",1,1,0,"midday"
92,698,85,613,"weekday","lunch","travelling","cold","restaurant",0,1,0,"midday"
92,699,86,613,"weekday","beforelunch","travelling","unknown","grocery",0,1,0,"midday"
92,700,87,613,"weekday","afternoon","travelling","warm","grocery",1,1,0,"midday"
92,702,89,613,"weekday","breakfast","unknown","hot","restaurant",1,1,0,"morning"
92,703,90,613,"weekday","beforelunch","leisure","warm","grocery",0,1,0,"midday"
92,705,92,613,"weekend","breakfast","travelling","cold","grocery",1,1,0,"morning"
92,709,96,613,"weekend","breakfast","travelling","cold","grocery",0,1,0,"morning"
92,712,99,613,"weekday","evening","travelling","warm","grocery",1,1,0,"night"
92,713,100,613,"weekday","afternoon","unknown","cold","grocery",0,1,0,"midday"
92,714,101,613,"weekday","breakfast","shopping","cold","restaurant",0,1,0,"morning"
92,716,103,613,"weekday","afternoon","travelling","freezing","restaurant",0,1,0,"midday"
92,718,105,613,"weekday","afternoon","travelling","warm","grocery",0,1,0,"midday"
92,720,107,613,"weekday","beforelunch","travelling","unknown","grocery",0,1,0,"midday"
92,721,108,613,"weekday","latenight","travelling","warm","restaurant",0,1,0,"night"
92,722,109,613,"weekday","afternoon","working","hot","restaurant",0,1,0,"midday"
92,723,110,613,"weekday","morning","travelling","unknown","restaurant",0,1,0,"morning"
92,727,114,613,"weekday","beforelunch","travelling","freezing","restaurant",0,1,1,"midday"
92,733,120,613,"weekday","morning","morningrituals","freezing","restaurant",0,1,1,"morning"
92,734,121,613,"weekday","afternoon","travelling","warm","restaurant",0,1,1,"midday"
92,736,123,613,"weekday","beforelunch","travelling","cold","grocery",0,1,1,"midday"
92,737,124,613,"weekday","morning","travelling","hot","grocery",0,1,1,"morning"
92,738,125,613,"weekday","breakfast","travelling","cold","grocery",0,1,1,"morning"
92,739,126,613,"weekend","lunch","travelling","freezing","grocery",0,1,1,"midday"
92,740,127,613,"weekday","afternoon","unknown","cold","grocery",0,1,1,"midday"
92,744,131,613,"weekday","lunch","travelling","freezing","restaurant",1,1,1,"midday"
92,745,132,613,"weekend","beforelunch","working","cold","restaurant",0,1,1,"midday"
92,746,133,613,"weekday","beforelunch","travelling","freezing","restaurant",0,1,1,"midday"
92,747,134,613,"weekend","beforelunch","leisure","freezing","restaurant",1,1,1,"midday"
92,748,135,613,"weekend","afternoon","travelling","unknown","grocery",0,1,1,"midday"
92,754,141,613,"weekend","breakfast","working","hot","restaurant",0,1,1,"morning"
92,757,144,613,"weekday","dinner","travelling","hot","restaurant",1,1,1,"night"
92,759,146,613,"weekday","breakfast","travelling","cold","restaurant",0,1,1,"morning"
92,760,147,613,"weekend","night","travelling","unknown","grocery",0,1,1,"night"
92,761,148,613,"weekday","afternoon","working","unknown","restaurant",0,1,1,"midday"
92,764,151,613,"weekday","breakfast","unknown","warm","grocery",0,1,1,"morning"
92,765,152,613,"weekday","afternoon","travelling","hot","grocery",0,1,1,"midday"
92,766,153,613,"weekend","breakfast","travelling","freezing","grocery",0,1,1,"morning"
92,769,156,613,"weekday","morning","travelling","hot","grocery",0,1,1,"morning"
92,773,160,613,"weekday","afternoon","shopping","warm","restaurant",1,1,1,"midday"
92,776,163,613,"weekday","beforelunch","unknown","cold","grocery",1,1,1,"midday"
92,777,164,613,"weekday","lunch","travelling","warm","restaurant",1,1,1,"midday"
92,782,169,613,"weekend","breakfast","travelling","hot","grocery",1,1,1,"morning"
92,783,170,613,"weekday","dinner","shopping","cold","restaurant",0,1,1,"night"
92,784,171,613,"weekday","morning","leisure","cold","grocery",0,1,1,"morning"
92,786,173,613,"weekend","afternoon","unknown","unknown","restaurant",0,1,1,"midday"
92,787,174,613,"weekday","beforelunch","unknown","freezing","grocery",0,1,1,"midday"
92,788,175,613,"weekday","afternoon","unknown","unknown","restaurant",0,1,1,"midday"
92,789,176,613,"weekday","breakfast","travelling","hot","grocery",1,1,1,"morning"
92,790,177,613,"weekday","morning","travelling","unknown","grocery",0,1,1,"morning"
92,794,181,613,"weekend","beforelunch","travelling","unknown","grocery",0,1,1,"midday"
92,796,183,613,"weekend","afternoon","working","freezing","restaurant",0,1,1,"midday"
93,642,17,625,"weekday","beforelunch","travelling","cold","grocery",0,0,0,"midday"
93,652,27,625,"weekday","breakfast","travelling","hot","grocery",0,0,0,"morning"
93,658,33,625,"weekday","beforelunch","morningrituals","unknown","restaurant",0,0,0,"midday"
93,659,34,625,"weekday","beforelunch","leisure","unknown","grocery",0,0,0,"midday"
93,660,35,625,"weekend","beforelunch","working","cold","restaurant",0,0,0,"midday"
93,664,39,625,"weekday","afternoon","travelling","unknown","grocery",0,0,0,"midday"
93,670,45,625,"weekday","earlymorning","travelling","cold","restaurant",0,0,0,"morning"
93,674,49,625,"weekend","afternoon","unknown","cold","grocery",0,0,0,"midday"
93,675,50,625,"weekend","afternoon","travelling","cold","grocery",0,0,0,"midday"
93,677,52,625,"weekday","lunch","travelling","unknown","restaurant",1,0,0,"midday"
93,682,57,625,"weekday","afternoon","leisure","hot","restaurant",0,1,0,"midday"
93,691,66,625,"weekday","lunch","travelling","freezing","grocery",0,1,0,"midday"
93,692,67,625,"weekend","afternoon","travelling","unknown","restaurant",0,1,0,"midday"
93,695,70,625,"weekday","latenight","unknown","cold","restaurant",0,1,0,"night"
93,700,75,625,"weekday","beforelunch","travelling","cold","restaurant",0,1,0,"midday"
93,707,82,625,"weekday","breakfast","travelling","unknown","grocery",0,1,0,"morning"
93,710,85,625,"weekend","afternoon","travelling","cold","grocery",0,1,0,"midday"
93,711,86,625,"weekday","earlymorning","travelling","cold","restaurant",0,1,0,"morning"
93,713,88,625,"weekday","afternoon","working","unknown","grocery",0,1,0,"midday"
93,717,92,625,"weekday","unknown","travelling","hot","grocery",1,1,0,"unknown"
93,724,99,625,"weekend","unknown","shopping","freezing","grocery",0,1,0,"unknown"
93,728,103,625,"weekend","breakfast","shopping","warm","grocery",0,1,0,"morning"
93,739,114,625,"weekday","beforelunch","shopping","unknown","grocery",0,1,1,"midday"
93,740,115,625,"weekend","breakfast","working","cold","grocery",1,1,1,"morning"
93,747,122,625,"weekend","beforelunch","shopping","unknown","grocery",1,1,1,"midday"
93,750,125,625,"weekday","lunch","working","warm","restaurant",1,1,1,"midday"
93,755,130,625,"weekday","lunch","travelling","cold","grocery",1,1,1,"midday"
93,756,131,625,"weekend","lunch","leisure","freezing","restaurant",0,1,1,"midday"
93,776,151,625,"weekend","lunch","leisure","cold","restaurant",0,1,1,"midday"
93,777,152,625,"weekday","beforelunch","travelling","warm","restaurant",0,1,1,"midday"
93,781,156,625,"weekend","morning","travelling","freezing","grocery",0,1,1,"morning"
93,788,163,625,"weekday","lunch","travelling","unknown","restaurant",0,1,1,"midday"
93,789,164,625,"weekend","afternoon","unknown","cold","restaurant",0,1,1,"midday"
93,796,171,625,"weekend","lunch","travelling","freezing","restaurant",0,1,1,"midday"
93,806,181,625,"weekday","lunch","travelling","cold","grocery",0,1,1,"midday"
93,808,183,625,"weekend","lunch","travelling","unknown","grocery",0,1,1,"midday"
94,634,0,634,"weekday","afternoon","travelling","unknown","grocery",0,0,0,"midday"
94,635,1,634,"weekday","afternoon","travelling","freezing","grocery",0,0,0,"midday"
94,637,3,634,"weekday","latenight","leisure","cold","restaurant",1,0,0,"night"
94,640,6,634,"weekday","lunch","leisure","freezing","restaurant",0,0,0,"midday"
94,646,12,634,"weekend","afternoon","travelling","hot","grocery",0,0,0,"midday"
94,648,14,634,"weekday","morning","leisure","cold","grocery",1,0,0,"morning"
94,649,15,634,"weekday","afternoon","travelling","cold","restaurant",0,0,0,"midday"
94,651,17,634,"weekday","afternoon","unknown","cold","grocery",0,0,0,"midday"
94,652,18,634,"weekend","afternoon","morningrituals","warm","restaurant",1,0,0,"midday"
94,653,19,634,"weekday","morning","travelling","cold","grocery",0,0,0,"morning"
94,654,20,634,"weekend","beforelunch","travelling","freezing","restaurant",1,0,0,"midday"
94,657,23,634,"weekday","night","unknown","unknown","restaurant",1,0,0,"night"
94,659,25,634,"weekday","afternoon","travelling","warm","grocery",1,0,0,"midday"
94,663,29,634,"weekday","breakfast","travelling","hot","grocery",1,0,0,"morning"
94,666,32,634,"weekend","afternoon","travelling","cold","restaurant",1,0,0,"midday"
94,670,36,634,"weekday","lunch","leisure","warm","grocery",0,0,0,"midday"
94,672,38,634,"weekday","morning","shopping","freezing","restaurant",1,0,0,"morning"
94,674,40,634,"weekday","lunch","travelling","unknown","restaurant",0,0,0,"midday"
94,676,42,634,"weekend","afternoon","working","cold","restaurant",0,0,0,"midday"
94,679,45,634,"weekday","breakfast","travelling","cold","restaurant",1,0,0,"morning"
94,683,49,634,"weekend","beforelunch","travelling","hot","grocery",0,0,0,"midday"
94,684,50,634,"weekday","afternoon","travelling","unknown","grocery",0,0,0,"midday"
94,685,51,634,"weekday","lunch","shopping","cold","grocery",0,0,0,"midday"
94,687,53,634,"weekend","afternoon","travelling","cold","restaurant",1,0,0,"midday"
94,689,55,634,"weekday","lunch","travelling","unknown","grocery",0,0,0,"midday"
94,692,58,634,"weekend","afternoon","unknown","cold","grocery",1,1,0,"midday"
94,694,60,634,"weekend","beforelunch","leisure","unknown","restaurant",0,1,0,"midday"
94,695,61,634,"weekday","afternoon","travelling","unknown","grocery",0,1,0,"midday"
94,699,65,634,"weekday","lunch","working","unknown","grocery",0,1,0,"midday"
94,701,67,634,"weekday","afternoon","travelling","cold","grocery",1,1,0,"midday"
94,703,69,634,"weekday","afternoon","leisure","freezing","restaurant",0,1,0,"midday"
94,706,72,634,"weekday","morning","leisure","unknown","restaurant",1,1,0,"morning"
94,707,73,634,"weekday","afternoon","travelling","unknown","restaurant",1,1,0,"midday"
94,710,76,634,"weekend","lunch","travelling","freezing","grocery",0,1,0,"midday"
94,711,77,634,"weekday","breakfast","shopping","freezing","restaurant",0,1,0,"morning"
94,713,79,634,"weekday","lunch","unknown","warm","grocery",0,1,0,"midday"
94,714,80,634,"weekday","morning","travelling","cold","grocery",0,1,0,"morning"
94,715,81,634,"weekend","beforelunch","unknown","cold","restaurant",0,1,0,"midday"
94,719,85,634,"weekday","lunch","working","unknown","grocery",0,1,0,"midday"
94,720,86,634,"weekday","dinner","travelling","cold","grocery",0,1,0,"night"
94,721,87,634,"weekday","beforelunch","travelling","cold","grocery",1,1,0,"midday"
94,722,88,634,"weekday","beforelunch","unknown","cold","grocery",1,1,0,"midday"
94,723,89,634,"weekday","beforelunch","travelling","warm","restaurant",1,1,0,"midday"
94,724,90,634,"weekday","beforelunch","unknown","cold","restaurant",0,1,0,"midday"
94,725,91,634,"weekday","morning","travelling","unknown","grocery",1,1,0,"morning"
94,727,93,634,"weekend","beforelunch","leisure","warm","grocery",1,1,0,"midday"
94,729,95,634,"weekday","afternoon","shopping","freezing","restaurant",1,1,0,"midday"
94,734,100,634,"weekday","beforelunch","shopping","unknown","grocery",0,1,0,"midday"
94,735,101,634,"weekday","afternoon","travelling","cold","restaurant",0,1,0,"midday"
94,736,102,634,"weekday","lunch","travelling","cold","grocery",0,1,0,"midday"
94,737,103,634,"weekend","beforelunch","travelling","freezing","grocery",1,1,0,"midday"
94,740,106,634,"weekday","lunch","travelling","hot","grocery",1,1,0,"midday"
94,741,107,634,"weekday","afternoon","travelling","unknown","restaurant",0,1,0,"midday"
94,742,108,634,"weekday","beforelunch","travelling","unknown","grocery",0,1,0,"midday"
94,744,110,634,"weekend","afternoon","travelling","cold","restaurant",0,1,0,"midday"
94,747,113,634,"weekday","afternoon","travelling","cold","grocery",0,1,1,"midday"
94,752,118,634,"weekday","afternoon","unknown","unknown","grocery",0,1,1,"midday"
94,754,120,634,"weekday","night","travelling","unknown","grocery",1,1,1,"night"
94,755,121,634,"unknown","breakfast","working","unknown","grocery",0,1,1,"morning"
94,756,122,634,"weekday","lunch","travelling","hot","restaurant",0,1,1,"midday"
94,761,127,634,"weekday","beforelunch","unknown","cold","restaurant",0,1,1,"midday"
94,763,129,634,"weekday","afternoon","travelling","freezing","grocery",0,1,1,"midday"
94,764,130,634,"weekend","morning","travelling","freezing","grocery",0,1,1,"morning"
94,765,131,634,"weekend","afternoon","travelling","warm","grocery",1,1,1,"midday"
94,766,132,634,"weekday","lunch","leisure","warm","restaurant",0,1,1,"midday"
94,767,133,634,"weekday","dinner","unknown","cold","restaurant",1,1,1,"night"
94,768,134,634,"weekday","evening","travelling","freezing","restaurant",1,1,1,"night"
94,769,135,634,"weekday","beforelunch","travelling","unknown","restaurant",0,1,1,"midday"
94,770,136,634,"weekday","afternoon","travelling","warm","restaurant",0,1,1,"midday"
94,771,137,634,"weekday","lunch","travelling","hot","grocery",0,1,1,"midday"
94,772,138,634,"weekday","afternoon","travelling","hot","restaurant",0,1,1,"midday"
94,774,140,634,"weekday","lunch","travelling","cold","grocery",0,1,1,"midday"
94,776,142,634,"weekend","lunch","travelling","freezing","restaurant",0,1,1,"midday"
94,777,143,634,"weekday","beforelunch","travelling","freezing","restaurant",0,1,1,"midday"
94,778,144,634,"weekend","afternoon","working","freezing","grocery",0,1,1,"midday"
94,780,146,634,"weekday","morning","travelling","freezing","restaurant",0,1,1,"morning"
94,783,149,634,"weekday","breakfast","travelling","unknown","grocery",0,1,1,"morning"
94,785,151,634,"weekday","morning","travelling","freezing","grocery",1,1,1,"morning"
94,787,153,634,"weekday","afternoon","travelling","cold","restaurant",1,1,1,"midday"
94,789,155,634,"weekday","morning","travelling","unknown","grocery",1,1,1,"morning"
94,790,156,634,"weekday","unknown","travelling","cold","restaurant",0,1,1,"unknown"
94,791,157,634,"weekday","afternoon","unknown","cold","grocery",0,1,1,"midday"
94,793,159,634,"weekend","lunch","workingout","freezing","grocery",0,1,1,"midday"
94,795,161,634,"weekend","beforelunch","travelling","cold","grocery",1,1,1,"midday"
94,797,163,634,"weekday","breakfast","travelling","unknown","restaurant",0,1,1,"morning"
94,798,164,634,"weekday","night","travelling","unknown","grocery",0,1,1,"night"
94,799,165,634,"weekday","lunch","travelling","cold","restaurant",0,1,1,"midday"
94,800,166,634,"weekday","afternoon","travelling","unknown","restaurant",0,1,1,"midday"
94,802,168,634,"weekday","afternoon","travelling","warm","restaurant",0,1,1,"midday"
94,803,169,634,"weekday","beforelunch","unknown","freezing","restaurant",0,1,1,"midday"
94,804,170,634,"weekday","afternoon","unknown","hot","restaurant",0,1,1,"midday"
94,806,172,634,"weekday","lunch","travelling","warm","restaurant",0,1,1,"midday"
94,808,174,634,"weekend","lunch","shopping","warm","grocery",1,1,1,"midday"
94,812,178,634,"weekday","afternoon","travelling","warm","grocery",1,1,1,"midday"
94,813,179,634,"weekday","lunch","leisure","cold","grocery",0,1,1,"midday"
94,814,180,634,"weekday","afternoon","travelling","cold","grocery",0,1,1,"midday"
94,815,181,634,"weekday","lunch","travelling","freezing","restaurant",0,1,1,"midday"
94,816,182,634,"weekday","lunch","travelling","freezing","restaurant",0,1,1,"midday"
94,817,183,634,"weekday","lunch","travelling","warm","restaurant",0,1,1,"midday"
95,640,4,636,"weekday","latenight","travelling","cold","restaurant",0,0,0,"night"
95,654,18,636,"weekday","lunch","travelling","unknown","grocery",1,0,0,"midday"
95,657,21,636,"weekday","breakfast","travelling","unknown","restaurant",1,0,0,"morning"
95,658,22,636,"weekday","lunch","unknown","freezing","grocery",0,0,0,"midday"
95,659,23,636,"weekday","lunch","leisure","cold","grocery",0,0,0,"midday"
95,660,24,636,"weekday","beforelunch","working","cold","restaurant",0,0,0,"midday"
95,661,25,636,"weekend","lunch","travelling","unknown","restaurant",0,0,0,"midday"
95,664,28,636,"weekday","afternoon","travelling","cold","grocery",1,0,0,"midday"
95,665,29,636,"weekday","afternoon","working","unknown","grocery",1,0,0,"midday"
95,675,39,636,"weekday","afternoon","working","unknown","restaurant",0,0,0,"midday"
95,676,40,636,"weekday","lunch","travelling","unknown","grocery",1,0,0,"midday"
95,677,41,636,"weekday","beforelunch","travelling","warm","grocery",0,0,0,"midday"
95,678,42,636,"weekday","breakfast","working","freezing","grocery",0,0,0,"morning"
95,680,44,636,"weekday","breakfast","travelling","unknown","grocery",0,0,0,"morning"
95,686,50,636,"weekday","night","unknown","unknown","grocery",0,0,0,"night"
95,692,56,636,"weekday","dinner","working","cold","restaurant",0,0,0,"night"
95,693,57,636,"weekend","beforelunch","unknown","cold","grocery",0,1,0,"midday"
95,697,61,636,"weekday","afternoon","travelling","hot","grocery",0,1,0,"midday"
95,698,62,636,"weekday","breakfast","unknown","hot","restaurant",0,1,0,"morning"
95,700,64,636,"weekday","morning","leisure","cold","grocery",0,1,0,"morning"
95,701,65,636,"weekday","lunch","travelling","hot","restaurant",0,1,0,"midday"
95,711,75,636,"weekend","lunch","travelling","cold","grocery",0,1,0,"midday"
95,716,80,636,"weekday","breakfast","shopping","warm","grocery",0,1,0,"morning"
95,722,86,636,"weekday","evening","travelling","warm","restaurant",1,1,0,"night"
95,734,98,636,"weekday","morning","unknown","cold","grocery",0,1,0,"morning"
95,739,103,636,"weekday","breakfast","travelling","freezing","restaurant",1,1,0,"morning"
95,743,107,636,"weekday","afternoon","working","cold","restaurant",0,1,0,"midday"
95,747,111,636,"weekday","lunch","unknown","unknown","grocery",0,1,0,"midday"
95,752,116,636,"weekday","afternoon","travelling","cold","restaurant",0,1,1,"midday"
95,753,117,636,"weekend","beforelunch","working","cold","grocery",0,1,1,"midday"
95,755,119,636,"weekday","beforelunch","working","unknown","grocery",0,1,1,"midday"
95,764,128,636,"weekday","morning","unknown","unknown","grocery",0,1,1,"morning"
95,767,131,636,"weekend","afternoon","morningrituals","freezing","grocery",0,1,1,"midday"
95,771,135,636,"weekend","afternoon","travelling","warm","grocery",1,1,1,"midday"
95,775,139,636,"weekday","lunch","working","cold","grocery",0,1,1,"midday"
95,779,143,636,"weekday","beforelunch","travelling","cold","restaurant",0,1,1,"midday"
95,786,150,636,"weekday","afternoon","leisure","freezing","restaurant",0,1,1,"midday"
95,790,154,636,"weekday","lunch","leisure","warm","restaurant",1,1,1,"midday"
95,799,163,636,"weekday","beforelunch","working","unknown","grocery",0,1,1,"midday"
95,800,164,636,"weekend","morning","travelling","cold","grocery",0,1,1,"morning"
95,808,172,636,"weekend","beforelunch","working","unknown","grocery",0,1,1,"midday"
95,812,176,636,"weekday","earlymorning","travelling","freezing","grocery",0,1,1,"morning"
95,815,179,636,"weekday","afternoon","unknown","unknown","grocery",0,1,1,"midday"
95,816,180,636,"weekday","lunch","shopping","unknown","grocery",0,1,1,"midday"
95,817,181,636,"weekday","afternoon","travelling","cold","grocery",1,1,1,"midday"
95,819,183,636,"weekday","lunch","leisure","warm","restaurant",0,1,1,"midday"
96,697,53,644,"weekday","beforelunch","travelling","unknown","restaurant",0,0,0,"midday"
96,720,76,644,"weekend","afternoon","travelling","unknown","grocery",0,1,0,"midday"
96,726,82,644,"weekday","afternoon","unknown","cold","grocery",0,1,0,"midday"
96,733,89,644,"weekday","afternoon","travelling","unknown","grocery",1,1,0,"midday"
96,783,139,644,"weekday","lunch","travelling","hot","restaurant",0,1,1,"midday"
96,809,165,644,"weekday","breakfast","unknown","freezing","restaurant",1,1,1,"morning"
96,819,175,644,"weekday","lunch","travelling","cold","restaurant",0,1,1,"midday"
97,650,1,649,"weekday","lunch","travelling","freezing","restaurant",1,0,0,"midday"
97,661,12,649,"weekday","lunch","travelling","hot","grocery",0,0,0,"midday"
97,671,22,649,"weekday","afternoon","unknown","unknown","restaurant",0,0,0,"midday"
97,682,33,649,"weekday","afternoon","leisure","warm","grocery",1,0,0,"midday"
97,686,37,649,"weekday","breakfast","morningrituals","cold","grocery",0,0,0,"morning"
97,687,38,649,"weekday","breakfast","shopping","cold","restaurant",0,0,0,"morning"
97,695,46,649,"weekday","afternoon","morningrituals","cold","restaurant",0,0,0,"midday"
97,697,48,649,"weekend","beforelunch","leisure","cold","grocery",0,0,0,"midday"
97,707,58,649,"weekday","beforelunch","travelling","hot","restaurant",1,1,0,"midday"
97,712,63,649,"weekday","breakfast","unknown","cold","restaurant",1,1,0,"morning"
97,720,71,649,"weekday","lunch","shopping","unknown","restaurant",0,1,0,"midday"
97,721,72,649,"weekday","beforelunch","unknown","unknown","restaurant",0,1,0,"midday"
97,723,74,649,"weekday","beforelunch","unknown","cold","restaurant",0,1,0,"midday"
97,734,85,649,"weekend","afternoon","working","freezing","restaurant",0,1,0,"midday"
97,741,92,649,"weekday","night","travelling","cold","restaurant",0,1,0,"night"
97,743,94,649,"weekend","lunch","shopping","freezing","restaurant",1,1,0,"midday"
97,746,97,649,"weekend","beforelunch","travelling","hot","restaurant",1,1,0,"midday"
97,751,102,649,"weekday","lunch","working","cold","grocery",0,1,0,"midday"
97,759,110,649,"weekday","afternoon","leisure","warm","restaurant",1,1,0,"midday"
97,760,111,649,"weekend","morning","travelling","unknown","grocery",0,1,0,"morning"
97,761,112,649,"weekend","lunch","unknown","freezing","grocery",0,1,0,"midday"
97,764,115,649,"weekday","afternoon","travelling","warm","grocery",1,1,1,"midday"
97,775,126,649,"weekday","breakfast","working","warm","grocery",1,1,1,"morning"
97,782,133,649,"weekday","lunch","travelling","cold","restaurant",0,1,1,"midday"
97,783,134,649,"weekday","beforelunch","unknown","unknown","grocery",0,1,1,"midday"
97,785,136,649,"weekday","lunch","leisure","cold","grocery",1,1,1,"midday"
97,811,162,649,"weekday","latenight","working","cold","grocery",0,1,1,"night"
97,815,166,649,"weekday","afternoon","travelling","freezing","grocery",1,1,1,"midday"
97,819,170,649,"weekday","afternoon","leisure","unknown","restaurant",0,1,1,"midday"
98,666,4,662,"weekday","earlymorning","travelling","cold","grocery",0,0,0,"morning"
98,668,6,662,"weekday","lunch","shopping","cold","grocery",0,0,0,"midday"
98,675,13,662,"weekend","afternoon","unknown","hot","grocery",0,0,0,"midday"
98,680,18,662,"weekday","dinner","working","freezing","restaurant",0,0,0,"night"
98,681,19,662,"weekday","beforelunch","travelling","unknown","grocery",1,0,0,"midday"
98,685,23,662,"weekend","afternoon","travelling","warm","restaurant",0,0,0,"midday"
98,686,24,662,"weekend","morning","leisure","cold","grocery",0,0,0,"morning"
98,695,33,662,"weekday","lunch","travelling","unknown","restaurant",1,0,0,"midday"
98,704,42,662,"weekend","afternoon","leisure","warm","restaurant",0,0,0,"midday"
98,708,46,662,"weekend","beforelunch","travelling","hot","grocery",0,0,0,"midday"
98,715,53,662,"weekday","beforelunch","travelling","freezing","grocery",0,0,0,"midday"
98,741,79,662,"weekday","lunch","leisure","freezing","restaurant",0,1,0,"midday"
98,753,91,662,"weekday","beforelunch","travelling","cold","restaurant",0,1,0,"midday"
98,760,98,662,"weekday","breakfast","travelling","cold","grocery",1,1,0,"morning"
98,777,115,662,"weekday","lunch","travelling","freezing","restaurant",1,1,1,"midday"
98,779,117,662,"weekday","beforelunch","travelling","warm","grocery",0,1,1,"midday"
98,791,129,662,"weekday","latenight","morningrituals","freezing","grocery",0,1,1,"night"
98,813,151,662,"weekday","lunch","travelling","hot","grocery",0,1,1,"midday"
98,817,155,662,"weekday","lunch","travelling","freezing","grocery",1,1,1,"midday"
98,822,160,662,"unknown","afternoon","travelling","freezing","restaurant",0,1,1,"midday"
98,825,163,662,"weekday","lunch","shopping","freezing","grocery",0,1,1,"midday"
98,831,169,662,"weekday","lunch","unknown","unknown","grocery",0,1,1,"midday"
98,832,170,662,"weekend","breakfast","travelling","hot","grocery",0,1,1,"morning"
98,835,173,662,"weekday","beforelunch","unknown","unknown","grocery",0,1,1,"midday"
98,836,174,662,"weekday","breakfast","travelling","unknown","restaurant",1,1,1,"morning"
98,838,176,662,"weekday","lunch","travelling","cold","grocery",0,1,1,"midday"
99,674,0,674,"weekend","beforelunch","travelling","warm","grocery",1,0,0,"midday"
99,675,1,674,"weekday","afternoon","travelling","unknown","restaurant",0,0,0,"midday"
99,676,2,674,"weekend","dinner","travelling","unknown","grocery",0,0,0,"night"
99,677,3,674,"weekday","afternoon","travelling","freezing","grocery",1,0,0,"midday"
99,678,4,674,"weekday","breakfast","travelling","unknown","restaurant",0,0,0,"morning"
99,679,5,674,"weekday","afternoon","travelling","freezing","restaurant",0,0,0,"midday"
99,680,6,674,"weekend","afternoon","travelling","unknown","grocery",1,0,0,"midday"
99,681,7,674,"weekend","afternoon","unknown","cold","grocery",0,0,0,"midday"
99,682,8,674,"weekday","beforelunch","travelling","cold","grocery",0,0,0,"midday"
99,684,10,674,"weekday","dinner","travelling","cold","grocery",0,0,0,"night"
99,685,11,674,"weekday","beforelunch","travelling","cold","grocery",1,0,0,"midday"
99,686,12,674,"weekend","lunch","leisure","cold","restaurant",0,0,0,"midday"
99,687,13,674,"weekday","night","working","warm","restaurant",0,0,0,"night"
99,688,14,674,"weekday","breakfast","working","freezing","restaurant",0,0,0,"morning"
99,689,15,674,"weekday","afternoon","unknown","hot","grocery",0,0,0,"midday"
99,691,17,674,"weekday","afternoon","travelling","freezing","restaurant",0,0,0,"midday"
99,692,18,674,"weekday","breakfast","shopping","warm","grocery",0,0,0,"morning"
99,694,20,674,"weekday","beforelunch","travelling","cold","restaurant",0,0,0,"midday"
99,697,23,674,"unknown","breakfast","unknown","unknown","grocery",0,0,0,"morning"
99,698,24,674,"weekday","morning","shopping","freezing","restaurant",0,0,0,"morning"
99,701,27,674,"weekend","earlymorning","travelling","unknown","grocery",1,0,0,"morning"
99,703,29,674,"weekend","afternoon","travelling","warm","grocery",1,0,0,"midday"
99,704,30,674,"weekend","breakfast","travelling","hot","restaurant",0,0,0,"morning"
99,705,31,674,"weekday","night","morningrituals","cold","restaurant",1,0,0,"night"
99,707,33,674,"weekend","morning","unknown","unknown","grocery",0,0,0,"morning"
99,710,36,674,"weekend","lunch","unknown","cold","grocery",1,0,0,"midday"
99,711,37,674,"weekend","dinner","travelling","freezing","restaurant",0,0,0,"night"
99,714,40,674,"weekend","lunch","travelling","unknown","restaurant",0,0,0,"midday"
99,716,42,674,"weekend","lunch","working","cold","grocery",1,0,0,"midday"
99,717,43,674,"weekday","lunch","shopping","warm","restaurant",0,0,0,"midday"
99,719,45,674,"weekend","beforelunch","shopping","freezing","grocery",0,0,0,"midday"
99,722,48,674,"weekday","beforelunch","unknown","unknown","grocery",0,0,0,"midday"
99,726,52,674,"weekday","lunch","unknown","freezing","grocery",0,0,0,"midday"
99,727,53,674,"weekday","afternoon","travelling","cold","grocery",0,0,0,"midday"
99,729,55,674,"weekend","earlymorning","working","warm","grocery",0,0,0,"morning"
99,730,56,674,"weekday","afternoon","working","cold","grocery",0,0,0,"midday"
99,731,57,674,"weekday","lunch","travelling","cold","grocery",1,1,0,"midday"
99,732,58,674,"weekend","afternoon","travelling","cold","restaurant",0,1,0,"midday"
99,734,60,674,"weekend","breakfast","unknown","unknown","grocery",1,1,0,"morning"
99,736,62,674,"weekday","breakfast","travelling","cold","restaurant",1,1,0,"morning"
99,737,63,674,"weekend","lunch","shopping","warm","restaurant",0,1,0,"midday"
99,739,65,674,"weekend","breakfast","morningrituals","freezing","grocery",0,1,0,"morning"
99,740,66,674,"weekday","morning","unknown","freezing","restaurant",0,1,0,"morning"
99,741,67,674,"weekend","morning","travelling","freezing","grocery",0,1,0,"morning"
99,742,68,674,"weekend","lunch","travelling","cold","restaurant",0,1,0,"midday"
99,743,69,674,"weekend","afternoon","unknown","cold","restaurant",0,1,0,"midday"
99,745,71,674,"weekend","dinner","travelling","unknown","restaurant",0,1,0,"night"
99,747,73,674,"weekday","breakfast","travelling","unknown","restaurant",0,1,0,"morning"
99,750,76,674,"weekday","morning","travelling","cold","grocery",1,1,0,"morning"
99,751,77,674,"weekday","afternoon","travelling","freezing","grocery",0,1,0,"midday"
99,752,78,674,"weekday","lunch","travelling","unknown","restaurant",0,1,0,"midday"
99,754,80,674,"weekday","beforelunch","working","cold","restaurant",1,1,0,"midday"
99,755,81,674,"weekday","breakfast","unknown","freezing","grocery",1,1,0,"morning"
99,757,83,674,"weekday","afternoon","travelling","unknown","grocery",0,1,0,"midday"
99,760,86,674,"weekend","lunch","travelling","freezing","restaurant",1,1,0,"midday"
99,761,87,674,"weekend","lunch","unknown","unknown","grocery",1,1,0,"midday"
99,762,88,674,"weekday","lunch","shopping","freezing","grocery",0,1,0,"midday"
99,764,90,674,"weekday","afternoon","travelling","warm","restaurant",1,1,0,"midday"
99,765,91,674,"weekday","breakfast","shopping","hot","grocery",0,1,0,"morning"
99,766,92,674,"weekday","lunch","leisure","cold","grocery",0,1,0,"midday"
99,769,95,674,"weekend","beforelunch","leisure","warm","restaurant",0,1,0,"midday"
99,771,97,674,"weekday","afternoon","leisure","warm","grocery",0,1,0,"midday"
99,772,98,674,"weekday","breakfast","unknown","freezing","grocery",0,1,0,"morning"
99,773,99,674,"weekday","beforelunch","unknown","freezing","grocery",1,1,0,"midday"
99,774,100,674,"weekend","earlymorning","travelling","freezing","grocery",0,1,0,"morning"
99,775,101,674,"weekday","beforelunch","leisure","warm","restaurant",0,1,0,"midday"
99,776,102,674,"weekday","lunch","travelling","freezing","grocery",0,1,0,"midday"
99,778,104,674,"weekday","lunch","working","warm","grocery",0,1,0,"midday"
99,783,109,674,"weekday","lunch","unknown","unknown","grocery",1,1,0,"midday"
99,784,110,674,"weekday","night","travelling","unknown","grocery",0,1,0,"night"
99,785,111,674,"weekday","afternoon","working","unknown","restaurant",1,1,0,"midday"
99,787,113,674,"weekend","beforelunch","travelling","unknown","restaurant",0,1,1,"midday"
99,788,114,674,"weekday","lunch","unknown","cold","restaurant",0,1,1,"midday"
99,791,117,674,"weekend","lunch","travelling","freezing","restaurant",0,1,1,"midday"
99,793,119,674,"weekday","morning","unknown","warm","restaurant",1,1,1,"morning"
99,794,120,674,"weekday","beforelunch","travelling","warm","grocery",0,1,1,"midday"
99,795,121,674,"weekday","dinner","travelling","hot","grocery",0,1,1,"night"
99,796,122,674,"weekend","latenight","unknown","warm","restaurant",1,1,1,"night"
99,797,123,674,"weekday","latenight","working","cold","grocery",1,1,1,"night"
99,798,124,674,"weekday","lunch","leisure","cold","restaurant",0,1,1,"midday"
99,799,125,674,"weekday","lunch","travelling","warm","grocery",0,1,1,"midday"
99,800,126,674,"weekend","afternoon","travelling","unknown","grocery",1,1,1,"midday"
99,801,127,674,"weekday","lunch","working","unknown","restaurant",0,1,1,"midday"
99,802,128,674,"weekday","afternoon","travelling","cold","grocery",0,1,1,"midday"
99,803,129,674,"weekend","earlymorning","travelling","cold","restaurant",0,1,1,"morning"
99,805,131,674,"weekday","dinner","unknown","unknown","grocery",0,1,1,"night"
99,806,132,674,"weekday","beforelunch","travelling","freezing","restaurant",0,1,1,"midday"
99,808,134,674,"weekday","breakfast","morningrituals","unknown","restaurant",0,1,1,"morning"
99,809,135,674,"weekday","lunch","travelling","freezing","grocery",0,1,1,"midday"
99,812,138,674,"weekday","afternoon","travelling","unknown","grocery",0,1,1,"midday"
99,813,139,674,"weekday","afternoon","travelling","unknown","grocery",1,1,1,"midday"
99,814,140,674,"weekend","breakfast","leisure","warm","grocery",0,1,1,"morning"
99,816,142,674,"weekday","afternoon","working","unknown","restaurant",0,1,1,"midday"
99,817,143,674,"weekday","afternoon","working","freezing","grocery",1,1,1,"midday"
99,818,144,674,"weekend","lunch","unknown","freezing","grocery",1,1,1,"midday"
99,819,145,674,"weekday","beforelunch","travelling","unknown","restaurant",0,1,1,"midday"
99,821,147,674,"weekday","afternoon","travelling","cold","restaurant",0,1,1,"midday"
99,824,150,674,"weekday","dinner","leisure","unknown","restaurant",0,1,1,"night"
99,825,151,674,"weekday","morning","travelling","cold","grocery",0,1,1,"morning"
99,826,152,674,"weekday","dinner","travelling","freezing","restaurant",1,1,1,"night"
99,827,153,674,"weekend","breakfast","travelling","warm","restaurant",0,1,1,"morning"
99,828,154,674,"weekday","beforelunch","travelling","cold","restaurant",0,1,1,"midday"
99,829,155,674,"weekday","beforelunch","leisure","hot","restaurant",0,1,1,"midday"
99,832,158,674,"weekday","beforelunch","travelling","cold","grocery",0,1,1,"midday"
99,837,163,674,"weekday","night","travelling","freezing","grocery",0,1,1,"night"
99,839,165,674,"weekday","unknown","travelling","warm","restaurant",0,1,1,"unknown"
99,840,166,674,"weekday","morning","travelling","cold","restaurant",0,1,1,"morning"
99,841,167,674,"weekend","afternoon","travelling","unknown","grocery",0,1,1,"midday"
99,842,168,674,"weekday","afternoon","travelling","warm","restaurant",0,1,1,"midday"
99,843,169,674,"weekday","beforelunch","travelling","cold","grocery",0,1,1,"midday"
99,845,171,674,"weekday","lunch","travelling","cold","grocery",1,1,1,"midday"
99,846,172,674,"weekday","afternoon","working","cold","restaurant",0,1,1,"midday"
99,848,174,674,"weekday","lunch","unknown","hot","restaurant",0,1,1,"midday"
99,849,175,674,"weekend","afternoon","leisure","freezing","grocery",0,1,1,"midday"
99,850,176,674,"weekend","breakfast","travelling","unknown","grocery",0,1,1,"morning"
99,852,178,674,"weekend","afternoon","leisure","warm","grocery",1,1,1,"midday"
99,854,180,674,"weekday","lunch","shopping","hot","grocery",0,1,1,"midday"
99,855,181,674,"weekend","breakfast","travelling","warm","restaurant",0,1,1,"morning"
99,856,182,674,"weekday","morning","working","freezing","restaurant",0,1,1,"morning"
99,857,183,674,"weekday","afternoon","leisure","unknown","grocery",0,1,1,"midday"
100,678,1,677,"weekend","morning","working","warm","grocery",0,0,0,"morning"
100,682,5,677,"weekday","earlymorning","travelling","warm","restaurant",1,0,0,"morning"
100,683,6,677,"weekday","afternoon","leisure","cold","grocery",0,0,0,"midday"
100,688,11,677,"weekend","beforelunch","leisure","cold","grocery",0,0,0,"midday"
100,689,12,677,"weekday","beforelunch","travelling","unknown","restaurant",0,0,0,"midday"
100,690,13,677,"weekend","morning","working","unknown","restaurant",0,0,0,"morning"
100,693,16,677,"weekday","lunch","travelling","hot","grocery",0,0,0,"midday"
100,695,18,677,"weekday","afternoon","travelling","cold","restaurant",0,0,0,"midday"
100,696,19,677,"weekend","afternoon","unknown","unknown","restaurant",0,0,0,"midday"
100,697,20,677,"weekend","lunch","travelling","freezing","restaurant",0,0,0,"midday"
100,700,23,677,"weekday","beforelunch","travelling","hot","restaurant",1,0,0,"midday"
100,702,25,677,"weekday","dinner","morningrituals","cold","grocery",0,0,0,"night"
100,703,26,677,"weekend","lunch","working","freezing","grocery",0,0,0,"midday"
100,704,27,677,"weekday","afternoon","unknown","freezing","grocery",0,0,0,"midday"
100,705,28,677,"weekday","beforelunch","working","unknown","restaurant",1,0,0,"midday"
100,707,30,677,"weekday","lunch","travelling","warm","restaurant",0,0,0,"midday"
100,709,32,677,"weekday","lunch","unknown","unknown","restaurant",1,0,0,"midday"
100,710,33,677,"weekday","lunch","travelling","warm","restaurant",0,0,0,"midday"
100,711,34,677,"weekday","lunch","working","freezing","restaurant",1,0,0,"midday"
100,712,35,677,"weekday","morning","travelling","cold","restaurant",1,0,0,"morning"
100,713,36,677,"weekend","morning","unknown","warm","restaurant",0,0,0,"morning"
100,714,37,677,"weekday","morning","working","freezing","restaurant",0,0,0,"morning"
100,719,42,677,"weekday","evening","travelling","warm","restaurant",0,0,0,"night"
100,720,43,677,"weekday","beforelunch","unknown","unknown","restaurant",0,0,0,"midday"
100,721,44,677,"weekday","morning","travelling","warm","restaurant",0,0,0,"morning"
100,722,45,677,"weekday","unknown","travelling","unknown","restaurant",0,0,0,"unknown"
100,723,46,677,"weekday","afternoon","housework","freezing","restaurant",0,0,0,"midday"
100,724,47,677,"weekday","beforelunch","travelling","cold","grocery",0,0,0,"midday"
100,725,48,677,"weekday","lunch","travelling","unknown","restaurant",0,0,0,"midday"
100,726,49,677,"weekday","earlymorning","unknown","freezing","restaurant",0,0,0,"morning"
100,727,50,677,"weekday","morning","travelling","freezing","restaurant",0,0,0,"morning"
100,728,51,677,"weekday","afternoon","travelling","freezing","restaurant",0,0,0,"midday"
100,730,53,677,"weekday","lunch","working","hot","grocery",0,0,0,"midday"
100,732,55,677,"weekday","afternoon","travelling","unknown","grocery",0,0,0,"midday"
100,733,56,677,"weekday","afternoon","travelling","cold","grocery",1,0,0,"midday"
100,734,57,677,"weekday","beforelunch","travelling","cold","restaurant",1,1,0,"midday"
100,735,58,677,"weekday","unknown","working","unknown","grocery",0,1,0,"unknown"
100,736,59,677,"weekday","morning","travelling","cold","restaurant",1,1,0,"morning"
100,737,60,677,"weekday","afternoon","travelling","cold","restaurant",0,1,0,"midday"
100,739,62,677,"weekend","dinner","unknown","warm","restaurant",0,1,0,"night"
100,740,63,677,"weekday","beforelunch","leisure","cold","restaurant",0,1,0,"midday"
100,745,68,677,"weekend","night","travelling","unknown","restaurant",1,1,0,"night"
100,746,69,677,"weekday","morning","travelling","warm","restaurant",0,1,0,"morning"
100,748,71,677,"weekday","lunch","unknown","unknown","restaurant",0,1,0,"midday"
100,749,72,677,"weekday","lunch","travelling","freezing","restaurant",1,1,0,"midday"
100,750,73,677,"weekday","afternoon","travelling","freezing","restaurant",0,1,0,"midday"
100,753,76,677,"weekday","afternoon","travelling","freezing","restaurant",0,1,0,"midday"
100,755,78,677,"weekday","afternoon","working","cold","restaurant",0,1,0,"midday"
100,759,82,677,"weekend","beforelunch","unknown","cold","grocery",1,1,0,"midday"
100,760,83,677,"weekday","lunch","travelling","freezing","restaurant",1,1,0,"midday"
100,762,85,677,"weekday","beforelunch","travelling","hot","restaurant",0,1,0,"midday"
100,763,86,677,"weekend","afternoon","travelling","freezing","restaurant",0,1,0,"midday"
100,768,91,677,"weekend","lunch","morningrituals","unknown","grocery",1,1,0,"midday"
100,769,92,677,"weekday","beforelunch","shopping","warm","restaurant",1,1,0,"midday"
100,771,94,677,"weekday","breakfast","unknown","unknown","grocery",0,1,0,"morning"
100,772,95,677,"weekend","lunch","travelling","unknown","restaurant",0,1,0,"midday"
100,774,97,677,"weekday","afternoon","leisure","hot","grocery",1,1,0,"midday"
100,775,98,677,"weekday","lunch","shopping","unknown","grocery",0,1,0,"midday"
100,778,101,677,"weekend","lunch","travelling","cold","restaurant",0,1,0,"midday"
100,779,102,677,"weekday","beforelunch","unknown","hot","restaurant",0,1,0,"midday"
100,781,104,677,"weekday","breakfast","travelling","unknown","restaurant",0,1,0,"morning"
100,782,105,677,"weekend","morning","leisure","cold","restaurant",0,1,0,"morning"
100,783,106,677,"weekday","lunch","unknown","cold","restaurant",0,1,0,"midday"
100,784,107,677,"weekday","lunch","travelling","hot","grocery",0,1,0,"midday"
100,785,108,677,"weekday","afternoon","travelling","warm","restaurant",1,1,0,"midday"
100,790,113,677,"weekday","lunch","travelling","cold","restaurant",0,1,1,"midday"
100,791,114,677,"weekday","lunch","shopping","cold","grocery",0,1,1,"midday"
100,792,115,677,"weekday","afternoon","travelling","cold","restaurant",0,1,1,"midday"
100,794,117,677,"weekend","morning","travelling","cold","grocery",0,1,1,"morning"
100,796,119,677,"weekday","lunch","leisure","warm","restaurant",0,1,1,"midday"
100,797,120,677,"weekday","beforelunch","travelling","cold","grocery",1,1,1,"midday"
100,800,123,677,"weekday","evening","travelling","freezing","grocery",0,1,1,"night"
100,801,124,677,"weekday","unknown","leisure","cold","grocery",0,1,1,"unknown"
100,802,125,677,"weekday","afternoon","travelling","unknown","grocery",0,1,1,"midday"
100,803,126,677,"unknown","lunch","travelling","freezing","restaurant",0,1,1,"midday"
100,804,127,677,"weekday","beforelunch","travelling","warm","restaurant",1,1,1,"midday"
100,806,129,677,"weekend","afternoon","travelling","cold","grocery",1,1,1,"midday"
100,807,130,677,"weekday","lunch","unknown","freezing","restaurant",1,1,1,"midday"
100,808,131,677,"weekday","afternoon","travelling","cold","restaurant",0,1,1,"midday"
100,809,132,677,"weekday","lunch","travelling","cold","restaurant",0,1,1,"midday"
100,810,133,677,"weekday","morning","travelling","freezing","grocery",0,1,1,"morning"
100,811,134,677,"weekday","beforelunch","unknown","unknown","restaurant",1,1,1,"midday"
100,813,136,677,"weekday","beforelunch","travelling","cold","grocery",1,1,1,"midday"
100,815,138,677,"weekday","beforelunch","working","unknown","grocery",0,1,1,"midday"
100,816,139,677,"weekday","afternoon","unknown","unknown","restaurant",0,1,1,"midday"
100,817,140,677,"weekday","beforelunch","travelling","unknown","grocery",0,1,1,"midday"
100,819,142,677,"weekend","breakfast","travelling","freezing","grocery",0,1,1,"morning"
100,822,145,677,"weekday","morning","travelling","freezing","grocery",0,1,1,"morning"
100,823,146,677,"weekend","beforelunch","travelling","freezing","grocery",1,1,1,"midday"
100,824,147,677,"weekday","beforelunch","travelling","warm","restaurant",0,1,1,"midday"
100,825,148,677,"weekend","beforelunch","travelling","cold","restaurant",0,1,1,"midday"
100,826,149,677,"weekday","lunch","shopping","warm","restaurant",0,1,1,"midday"
100,828,151,677,"weekday","afternoon","leisure","freezing","grocery",0,1,1,"midday"
100,832,155,677,"weekday","afternoon","working","freezing","restaurant",1,1,1,"midday"
100,833,156,677,"weekday","afternoon","unknown","hot","restaurant",0,1,1,"midday"
100,835,158,677,"weekend","breakfast","shopping","warm","restaurant",0,1,1,"morning"
100,837,160,677,"weekday","beforelunch","travelling","warm","grocery",0,1,1,"midday"
100,838,161,677,"weekday","beforelunch","travelling","cold","grocery",0,1,1,"midday"
100,839,162,677,"weekday","beforelunch","travelling","cold","grocery",0,1,1,"midday"
100,840,163,677,"weekend","breakfast","leisure","unknown","grocery",1,1,1,"morning"
100,841,164,677,"weekend","morning","travelling","freezing","restaurant",0,1,1,"morning"
100,843,166,677,"weekday","lunch","unknown","cold","restaurant",1,1,1,"midday"
100,846,169,677,"weekday","breakfast","unknown","cold","restaurant",0,1,1,"morning"
100,847,170,677,"weekday","afternoon","working","unknown","restaurant",0,1,1,"midday"
100,848,171,677,"unknown","dinner","travelling","unknown","grocery",1,1,1,"night"
100,849,172,677,"weekend","unknown","travelling","warm","grocery",0,1,1,"unknown"
100,850,173,677,"weekend","afternoon","shopping","unknown","grocery",0,1,1,"midday"
100,851,174,677,"weekday","beforelunch","travelling","unknown","restaurant",0,1,1,"midday"
100,853,176,677,"weekday","beforelunch","travelling","warm","restaurant",0,1,1,"midday"
100,856,179,677,"weekday","morning","shopping","freezing","restaurant",1,1,1,"morning"
100,859,182,677,"weekday","breakfast","travelling","cold","grocery",1,1,1,"morning"
100,860,183,677,"weekday","lunch","leisure","freezing","grocery",0,1,1,"midday"
