"pid","day","daysInStudy","day_zero","time_type","time_time","situation_major","weather_temperature","notification_type","engagement","S1","S2","time_time_simple"
1,1,1,0,"weekday","morning","travelling","cold","grocery",0,0,0,"morning"
1,8,8,0,"weekday","afternoon","unknown","cold","grocery",0,0,0,"midday"
1,9,9,0,"weekday","beforelunch","unknown","cold","grocery",1,0,0,"midday"
1,26,26,0,"weekday","beforelunch","working","cold","grocery",0,0,0,"midday"
1,28,28,0,"weekend","lunch","travelling","hot","restaurant",0,0,0,"midday"
1,29,29,0,"weekday","morning","unknown","cold","grocery",0,0,0,"morning"
1,34,34,0,"weekday","afternoon","travelling","freezing","grocery",0,0,0,"midday"
1,35,35,0,"weekend","breakfast","travelling","warm","grocery",0,0,0,"morning"
1,43,43,0,"weekday","lunch","unknown","unknown","restaurant",0,0,0,"midday"
1,44,44,0,"weekday","beforelunch","travelling","freezing","restaurant",0,0,0,"midday"
1,54,54,0,"weekday","morning","shopping","warm","grocery",1,0,0,"morning"
1,59,59,0,"weekday","lunch","shopping","cold","restaurant",1,1,0,"midday"
1,60,60,0,"weekday","beforelunch","travelling","cold","restaurant",0,1,0,"midday"
1,77,77,0,"weekend","lunch","travelling","warm","restaurant",0,1,0,"midday"
1,88,88,0,"weekday","afternoon","unknown","warm","grocery",0,1,0,"midday"
1,90,90,0,"weekend","latenight","shopping","freezing","restaurant",1,1,0,"night"
1,91,91,0,"weekday","breakfast","travelling","cold","grocery",0,1,0,"morning"
1,92,92,0,"weekend","lunch","travelling","cold","grocery",0,1,0,"midday"
1,94,94,0,"weekday","unknown","travelling","hot","restaurant",1,1,0,"unknown"
1,102,102,0,"weekday","beforelunch","working","unknown","restaurant",0,1,0,"midday"
1,113,113,0,"weekday","dinner","travelling","warm","grocery",1,1,1,"night"
1,117,117,0,"weekday","dinner","travelling","unknown","restaurant",0,1,1,"night"
1,122,122,0,"weekend","afternoon","shopping","cold","restaurant",0,1,1,"midday"
1,124,124,0,"weekend","afternoon","travelling","unknown","restaurant",0,1,1,"midday"
1,126,126,0,"weekday","afternoon","travelling","unknown","grocery",1,1,1,"midday"
1,131,131,0,"weekday","breakfast","travelling","freezing","grocery",0,1,1,"morning"
1,136,136,0,"weekday","lunch","travelling","freezing","grocery",1,1,1,"midday"
1,138,138,0,"unknown","breakfast","travelling","unknown","grocery",0,1,1,"morning"
1,139,139,0,"unknown","beforelunch","shopping","cold","grocery",0,1,1,"midday"
1,141,141,0,"weekday","evening","travelling","freezing","restaurant",1,1,1,"night"
1,146,146,0,"weekday","afternoon","working","unknown","restaurant",0,1,1,"midday"
1,160,160,0,"weekday","night","travelling","unknown","restaurant",1,1,1,"night"
1,161,161,0,"weekday","afternoon","travelling","cold","grocery",1,1,1,"midday"
1,162,162,0,"weekend","lunch","working","freezing","grocery",0,1,1,"midday"
1,164,164,0,"weekday","afternoon","travelling","unknown","grocery",0,1,1,"midday"
1,169,169,0,"weekday","afternoon","housework","unknown","restaurant",0,1,1,"midday"
1,171,171,0,"weekday","afternoon","travelling","freezing","grocery",0,1,1,"midday"
1,172,172,0,"weekday","beforelunch","working","hot","restaurant",0,1,1,"midday"
1,183,183,0,"weekday","lunch","shopping","cold","restaurant",1,1,1,"midday"
2,3,0,3,"weekday","beforelunch","unknown","cold","restaurant",0,0,0,"midday"
2,4,1,3,"weekday","breakfast","travelling","unknown","grocery",1,0,0,"morning"
2,10,7,3,"weekday","lunch","travelling","unknown","restaurant",0,0,0,"midday"
2,12,9,3,"weekday","morning","travelling","unknown","grocery",1,0,0,"morning"
2,13,10,3,"weekday","afternoon","travelling","freezing","grocery",0,0,0,"midday"
2,20,17,3,"weekday","lunch","travelling","freezing","restaurant",0,0,0,"midday"
2,30,27,3,"weekday","night","travelling","hot","grocery",0,0,0,"night"
2,32,29,3,"weekday","afternoon","travelling","unknown","grocery",1,0,0,"midday"
2,35,32,3,"weekday","afternoon","travelling","cold","restaurant",1,0,0,"midday"
2,39,36,3,"weekday","afternoon","travelling","cold","grocery",0,0,0,"midday"
2,41,38,3,"weekday","breakfast","travelling","cold","restaurant",0,0,0,"morning"
2,42,39,3,"weekday","lunch","unknown","cold","restaurant",0,0,0,"midday"
2,44,41,3,"weekday","unknown","travelling","cold","grocery",0,0,0,"unknown"
2,47,44,3,"weekend","lunch","unknown","cold","grocery",0,0,0,"midday"
2,67,64,3,"weekday","dinner","travelling","warm","restaurant",0,1,0,"night"
2,71,68,3,"weekday","afternoon","unknown","warm","restaurant",0,1,0,"midday"
2,75,72,3,"weekend","afternoon","travelling","cold","grocery",1,1,0,"midday"
2,76,73,3,"weekday","morning","leisure","freezing","restaurant",0,1,0,"morning"
2,78,75,3,"weekday","morning","morningrituals","freezing","restaurant",0,1,0,"morning"
2,80,77,3,"weekday","night","travelling","unknown","restaurant",1,1,0,"night"
2,92,89,3,"weekday","afternoon","leisure","freezing","restaurant",0,1,0,"midday"
2,97,94,3,"weekday","lunch","unknown","warm","grocery",0,1,0,"midday"
2,104,101,3,"weekday","dinner","travelling","cold","grocery",1,1,0,"night"
2,105,102,3,"weekday","dinner","unknown","warm","grocery",0,1,0,"night"
2,108,105,3,"weekday","lunch","travelling","cold","restaurant",1,1,0,"midday"
2,113,110,3,"weekday","beforelunch","unknown","cold","restaurant",0,1,0,"midday"
2,124,121,3,"weekend","beforelunch","travelling","unknown","grocery",0,1,1,"midday"
2,128,125,3,"weekday","lunch","travelling","freezing","restaurant",1,1,1,"midday"
2,144,141,3,"weekday","lunch","leisure","unknown","restaurant",0,1,1,"midday"
2,152,149,3,"weekday","afternoon","leisure","freezing","restaurant",0,1,1,"midday"
2,160,157,3,"weekday","lunch","leisure","unknown","restaurant",0,1,1,"midday"
2,163,160,3,"weekday","afternoon","travelling","cold","restaurant",0,1,1,"midday"
2,174,171,3,"weekend","afternoon","travelling","cold","restaurant",1,1,1,"midday"
2,175,172,3,"weekday","afternoon","travelling","cold","restaurant",1,1,1,"midday"
2,179,176,3,"weekday","afternoon","morningrituals","cold","grocery",0,1,1,"midday"
2,182,179,3,"weekend","afternoon","shopping","freezing","restaurant",0,1,1,"midday"
3,8,1,7,"weekday","lunch","unknown","freezing","restaurant",1,0,0,"midday"
3,13,6,7,"weekday","afternoon","travelling","cold","grocery",0,0,0,"midday"
3,16,9,7,"weekday","afternoon","unknown","cold","grocery",0,0,0,"midday"
3,20,13,7,"weekday","dinner","travelling","freezing","grocery",0,0,0,"night"
3,23,16,7,"weekend","beforelunch","leisure","warm","restaurant",0,0,0,"midday"
3,47,40,7,"weekday","unknown","unknown","warm","grocery",0,0,0,"unknown"
3,50,43,7,"weekday","beforelunch","unknown","cold","grocery",0,0,0,"midday"
3,56,49,7,"weekend","beforelunch","unknown","cold","restaurant",0,0,0,"midday"
3,79,72,7,"weekend","beforelunch","leisure","warm","restaurant",0,1,0,"midday"
3,83,76,7,"weekday","lunch","travelling","warm","restaurant",0,1,0,"midday"
3,86,79,7,"weekday","lunch","travelling","freezing","grocery",0,1,0,"midday"
3,90,83,7,"weekday","afternoon","travelling","hot","restaurant",1,1,0,"midday"
3,94,87,7,"weekday","night","shopping","warm","restaurant",0,1,0,"night"
3,96,89,7,"weekend","afternoon","shopping","freezing","restaurant",0,1,0,"midday"
3,101,94,7,"unknown","afternoon","working","warm","restaurant",0,1,0,"midday"
3,104,97,7,"weekday","beforelunch","travelling","unknown","restaurant",1,1,0,"midday"
3,116,109,7,"weekday","afternoon","shopping","warm","restaurant",0,1,0,"midday"
3,124,117,7,"weekday","afternoon","travelling","warm","grocery",0,1,1,"midday"
3,131,124,7,"weekday","lunch","unknown","freezing","grocery",0,1,1,"midday"
3,136,129,7,"weekend","lunch","travelling","cold","restaurant",0,1,1,"midday"
3,143,136,7,"weekday","afternoon","travelling","warm","grocery",0,1,1,"midday"
3,146,139,7,"weekday","beforelunch","travelling","cold","grocery",0,1,1,"midday"
3,158,151,7,"weekday","dinner","travelling","unknown","grocery",1,1,1,"night"
3,160,153,7,"weekday","afternoon","travelling","warm","grocery",1,1,1,"midday"
3,174,167,7,"weekday","lunch","working","cold","restaurant",0,1,1,"midday"
3,180,173,7,"weekend","lunch","travelling","warm","restaurant",0,1,1,"midday"
4,17,0,17,"weekday","morning","unknown","warm","grocery",0,0,0,"morning"
4,18,1,17,"weekday","afternoon","travelling","freezing","grocery",1,0,0,"midday"
4,19,2,17,"weekday","morning","morningrituals","cold","restaurant",0,0,0,"morning"
4,23,6,17,"weekday","afternoon","travelling","cold","restaurant",0,0,0,"midday"
4,28,11,17,"weekday","afternoon","shopping","cold","restaurant",1,0,0,"midday"
4,29,12,17,"weekday","afternoon","travelling","freezing","restaurant",1,0,0,"midday"
4,30,13,17,"weekday","afternoon","travelling","unknown","grocery",1,0,0,"midday"
4,32,15,17,"weekend","breakfast","travelling","freezing","grocery",1,0,0,"morning"
4,33,16,17,"weekend","afternoon","travelling","cold","grocery",0,0,0,"midday"
4,34,17,17,"weekday","afternoon","working","cold","grocery",0,0,0,"midday"
4,35,18,17,"weekday","beforelunch","unknown","warm","restaurant",0,0,0,"midday"
4,36,19,17,"weekday","night","travelling","unknown","restaurant",0,0,0,"night"
4,41,24,17,"weekday","dinner","leisure","unknown","grocery",0,0,0,"night"
4,46,29,17,"weekend","afternoon","unknown","unknown","restaurant",0,0,0,"midday"
4,49,32,17,"weekday","afternoon","travelling","warm","grocery",0,0,0,"midday"
4,57,40,17,"weekday","dinner","travelling","warm","restaurant",0,0,0,"night"
4,60,43,17,"weekday","breakfast","unknown","warm","grocery",0,0,0,"morning"
4,62,45,17,"weekday","afternoon","travelling","cold","grocery",0,0,0,"midday"
4,64,47,17,"weekday","beforelunch","unknown","warm","grocery",1,0,0,"midday"
4,72,55,17,"weekday","afternoon","travelling","unknown","grocery",0,0,0,"midday"
4,75,58,17,"weekday","afternoon","travelling","warm","restaurant",0,1,0,"midday"
4,77,60,17,"weekend","afternoon","morningrituals","warm","grocery",0,1,0,"midday"
4,78,61,17,"weekend","lunch","travelling","unknown","restaurant",0,1,0,"midday"
4,80,63,17,"weekend","afternoon","travelling","freezing","restaurant",0,1,0,"midday"
4,83,66,17,"weekday","dinner","travelling","freezing","grocery",0,1,0,"night"
4,87,70,17,"weekday","earlymorning","travelling","warm","grocery",0,1,0,"morning"
4,88,71,17,"weekday","evening","unknown","cold","grocery",0,1,0,"night"
4,89,72,17,"unknown","afternoon","working","freezing","grocery",1,1,0,"midday"
4,91,74,17,"weekend","beforelunch","travelling","freezing","grocery",0,1,0,"midday"
4,92,75,17,"weekday","evening","unknown","cold","restaurant",0,1,0,"night"
4,94,77,17,"weekend","afternoon","travelling","cold","grocery",0,1,0,"midday"
4,97,80,17,"weekday","morning","travelling","unknown","grocery",0,1,0,"morning"
4,98,81,17,"weekday","morning","travelling","cold","restaurant",1,1,0,"morning"
4,105,88,17,"weekday","afternoon","working","freezing","grocery",0,1,0,"midday"
4,109,92,17,"weekend","afternoon","travelling","freezing","grocery",0,1,0,"midday"
4,118,101,17,"weekday","beforelunch","working","freezing","restaurant",0,1,0,"midday"
4,120,103,17,"weekday","beforelunch","unknown","cold","grocery",1,1,0,"midday"
4,121,104,17,"weekday","lunch","travelling","hot","grocery",0,1,0,"midday"
4,122,105,17,"weekday","lunch","travelling","cold","restaurant",0,1,0,"midday"
4,123,106,17,"weekend","afternoon","unknown","freezing","restaurant",0,1,0,"midday"
4,128,111,17,"weekday","beforelunch","travelling","freezing","grocery",1,1,0,"midday"
4,130,113,17,"weekday","morning","unknown","freezing","grocery",0,1,1,"morning"
4,133,116,17,"unknown","beforelunch","leisure","freezing","restaurant",0,1,1,"midday"
4,135,118,17,"weekend","breakfast","travelling","cold","grocery",0,1,1,"morning"
4,138,121,17,"weekday","lunch","morningrituals","warm","restaurant",0,1,1,"midday"
4,140,123,17,"weekday","lunch","travelling","freezing","restaurant",0,1,1,"midday"
4,145,128,17,"weekday","afternoon","travelling","freezing","restaurant",0,1,1,"midday"
4,146,129,17,"weekend","beforelunch","travelling","freezing","restaurant",1,1,1,"midday"
4,148,131,17,"weekday","evening","working","freezing","restaurant",1,1,1,"night"
4,150,133,17,"weekday","afternoon","unknown","unknown","restaurant",1,1,1,"midday"
4,153,136,17,"weekday","dinner","travelling","cold","restaurant",0,1,1,"night"
4,155,138,17,"weekend","dinner","travelling","freezing","grocery",0,1,1,"night"
4,156,139,17,"weekend","breakfast","travelling","freezing","restaurant",1,1,1,"morning"
4,157,140,17,"weekday","breakfast","travelling","unknown","restaurant",0,1,1,"morning"
4,158,141,17,"weekday","beforelunch","travelling","warm","restaurant",1,1,1,"midday"
4,159,142,17,"weekday","evening","travelling","cold","grocery",0,1,1,"night"
4,160,143,17,"weekday","beforelunch","travelling","unknown","grocery",0,1,1,"midday"
4,161,144,17,"weekend","afternoon","travelling","freezing","grocery",0,1,1,"midday"
4,162,145,17,"weekday","beforelunch","unknown","unknown","grocery",1,1,1,"midday"
4,168,151,17,"weekday","lunch","travelling","warm","restaurant",1,1,1,"midday"
4,169,152,17,"weekend","morning","morningrituals","unknown","restaurant",0,1,1,"morning"
4,170,153,17,"weekend","lunch","travelling","warm","grocery",1,1,1,"midday"
4,181,164,17,"weekend","lunch","travelling","cold","grocery",0,1,1,"midday"
4,182,165,17,"weekend","afternoon","travelling","cold","grocery",0,1,1,"midday"
4,185,168,17,"weekday","breakfast","travelling","freezing","restaurant",0,1,1,"morning"
4,187,170,17,"weekend","beforelunch","travelling","hot","grocery",1,1,1,"midday"
4,191,174,17,"weekday","afternoon","travelling","freezing","grocery",0,1,1,"midday"
4,197,180,17,"weekday","beforelunch","working","unknown","restaurant",0,1,1,"midday"
5,24,0,24,"weekend","lunch","unknown","cold","grocery",0,0,0,"midday"
5,28,4,24,"weekday","lunch","travelling","freezing","restaurant",1,0,0,"midday"
5,31,7,24,"weekday","lunch","travelling","hot","grocery",0,0,0,"midday"
5,33,9,24,"weekday","morning","travelling","unknown","restaurant",0,0,0,"morning"
5,35,11,24,"weekday","afternoon","unknown","unknown","grocery",0,0,0,"midday"
5,39,15,24,"unknown","breakfast","travelling","unknown","grocery",0,0,0,"morning"
5,48,24,24,"weekday","lunch","leisure","warm","restaurant",0,0,0,"midday"
5,53,29,24,"weekday","beforelunch","travelling","warm","restaurant",0,0,0,"midday"
5,55,31,24,"weekend","lunch","unknown","freezing","restaurant",0,0,0,"midday"
5,56,32,24,"weekday","afternoon","travelling","unknown","restaurant",0,0,0,"midday"
5,83,59,24,"weekday","afternoon","shopping","unknown","restaurant",0,1,0,"midday"
5,89,65,24,"weekday","afternoon","unknown","freezing","grocery",1,1,0,"midday"
5,90,66,24,"weekend","beforelunch","unknown","freezing","restaurant",1,1,0,"midday"
5,99,75,24,"weekday","lunch","unknown","warm","restaurant",0,1,0,"midday"
5,106,82,24,"weekday","beforelunch","leisure","warm","restaurant",0,1,0,"midday"
5,107,83,24,"weekend","afternoon","unknown","unknown","grocery",0,1,0,"midday"
5,112,88,24,"weekday","lunch","morningrituals","hot","restaurant",0,1,0,"midday"
5,121,97,24,"weekday","lunch","shopping","hot","restaurant",1,1,0,"midday"
5,126,102,24,"weekday","breakfast","travelling","unknown","restaurant",0,1,0,"morning"
5,130,106,24,"weekend","breakfast","travelling","cold","restaurant",0,1,0,"morning"
5,131,107,24,"weekend","afternoon","travelling","hot","restaurant",0,1,0,"midday"
5,155,131,24,"weekday","evening","travelling","hot","restaurant",0,1,1,"night"
5,160,136,24,"weekday","beforelunch","travelling","hot","restaurant",0,1,1,"midday"
5,162,138,24,"weekday","beforelunch","travelling","freezing","grocery",1,1,1,"midday"
5,163,139,24,"weekday","dinner","travelling","unknown","grocery",0,1,1,"night"
5,173,149,24,"weekday","afternoon","travelling","warm","restaurant",1,1,1,"midday"
5,176,152,24,"weekday","evening","travelling","hot","grocery",0,1,1,"night"
5,192,168,24,"weekday","beforelunch","travelling","cold","restaurant",1,1,1,"midday"
5,198,174,24,"weekday","morning","travelling","freezing","restaurant",0,1,1,"morning"
6,34,3,31,"weekday","lunch","unknown","warm","restaurant",0,0,0,"midday"
6,36,5,31,"weekday","lunch","unknown","freezing","restaurant",0,0,0,"midday"
6,38,7,31,"weekday","lunch","unknown","cold","restaurant",0,0,0,"midday"
6,40,9,31,"weekday","afternoon","unknown","cold","grocery",1,0,0,"midday"
6,44,13,31,"weekday","beforelunch","unknown","cold","restaurant",0,0,0,"midday"
6,45,14,31,"weekday","afternoon","travelling","hot","restaurant",1,0,0,"midday"
6,49,18,31,"weekday","lunch","travelling","cold","restaurant",0,0,0,"midday"
6,53,22,31,"weekday","breakfast","travelling","unknown","restaurant",0,0,0,"morning"
6,57,26,31,"weekday","morning","shopping","cold","restaurant",0,0,0,"morning"
6,58,27,31,"weekday","lunch","unknown","unknown","grocery",1,0,0,"midday"
6,60,29,31,"weekday","breakfast","travelling","cold","restaurant",0,0,0,"morning"
6,62,31,31,"weekend","lunch","travelling","warm","restaurant",0,0,0,"midday"
6,64,33,31,"weekday","afternoon","travelling","warm","grocery",0,0,0,"midday"
6,65,34,31,"weekend","beforelunch","travelling","cold","restaurant",0,0,0,"midday"
6,66,35,31,"weekday","beforelunch","leisure","warm","grocery",0,0,0,"midday"
6,71,40,31,"weekday","beforelunch","working","unknown","restaurant",0,0,0,"midday"
6,75,44,31,"weekday","afternoon","travelling","freezing","restaurant",0,0,0,"midday"
6,79,48,31,"weekend","afternoon","travelling","warm","restaurant",1,0,0,"midday"
6,84,53,31,"weekday","morning","unknown","warm","restaurant",0,0,0,"morning"
6,92,61,31,"weekend","afternoon","unknown","unknown","grocery",1,1,0,"midday"
6,94,63,31,"weekday","morning","travelling","warm","restaurant",1,1,0,"morning"
6,95,64,31,"weekday","night","travelling","unknown","restaurant",0,1,0,"night"
6,100,69,31,"weekend","breakfast","working","hot","grocery",0,1,0,"morning"
6,101,70,31,"weekday","breakfast","travelling","cold","grocery",0,1,0,"morning"
6,106,75,31,"weekday","lunch","unknown","cold","restaurant",1,1,0,"midday"
6,108,77,31,"weekend","afternoon","unknown","warm","restaurant",0,1,0,"midday"
6,111,80,31,"weekend","afternoon","travelling","freezing","restaurant",1,1,0,"midday"
6,115,84,31,"weekday","afternoon","unknown","unknown","grocery",0,1,0,"midday"
6,119,88,31,"weekend","lunch","travelling","cold","restaurant",1,1,0,"midday"
6,123,92,31,"weekend","afternoon","travelling","hot","grocery",0,1,0,"midday"
6,125,94,31,"weekday","lunch","unknown","cold","restaurant",1,1,0,"midday"
6,126,95,31,"weekday","afternoon","travelling","freezing","grocery",0,1,0,"midday"
6,128,97,31,"weekend","lunch","leisure","freezing","grocery",0,1,0,"midday"
6,130,99,31,"weekend","beforelunch","travelling","warm","restaurant",0,1,0,"midday"
6,136,105,31,"weekday","lunch","working","hot","restaurant",0,1,0,"midday"
6,138,107,31,"weekday","afternoon","shopping","cold","grocery",0,1,0,"midday"
6,141,110,31,"weekend","beforelunch","travelling","unknown","restaurant",0,1,0,"midday"
6,146,115,31,"weekend","afternoon","travelling","warm","restaurant",1,1,1,"midday"
6,148,117,31,"weekend","beforelunch","travelling","warm","grocery",0,1,1,"midday"
6,149,118,31,"weekend","afternoon","travelling","unknown","grocery",1,1,1,"midday"
6,150,119,31,"weekend","afternoon","travelling","freezing","restaurant",0,1,1,"midday"
6,154,123,31,"weekend","beforelunch","travelling","cold","restaurant",1,1,1,"midday"
6,156,125,31,"weekday","lunch","unknown","cold","restaurant",0,1,1,"midday"
6,157,126,31,"weekday","lunch","travelling","cold","restaurant",0,1,1,"midday"
6,159,128,31,"unknown","beforelunch","unknown","freezing","grocery",0,1,1,"midday"
6,163,132,31,"weekday","afternoon","travelling","cold","grocery",0,1,1,"midday"
6,170,139,31,"weekday","breakfast","shopping","warm","restaurant",0,1,1,"morning"
6,172,141,31,"weekday","beforelunch","travelling","warm","grocery",0,1,1,"midday"
6,176,145,31,"unknown","afternoon","travelling","freezing","grocery",0,1,1,"midday"
6,179,148,31,"weekday","afternoon","unknown","cold","grocery",0,1,1,"midday"
6,190,159,31,"weekday","beforelunch","travelling","hot","restaurant",1,1,1,"midday"
6,192,161,31,"weekday","lunch","travelling","unknown","grocery",0,1,1,"midday"
6,194,163,31,"weekday","afternoon","travelling","hot","restaurant",0,1,1,"midday"
6,197,166,31,"weekday","afternoon","travelling","freezing","grocery",0,1,1,"midday"
6,198,167,31,"weekday","earlymorning","working","cold","restaurant",1,1,1,"morning"
6,202,171,31,"weekend","afternoon","travelling","freezing","restaurant",0,1,1,"midday"
6,206,175,31,"weekend","breakfast","travelling","freezing","restaurant",0,1,1,"morning"
6,207,176,31,"unknown","afternoon","shopping","cold","restaurant",1,1,1,"midday"
6,211,180,31,"weekday","lunch","travelling","unknown","grocery",1,1,1,"midday"
6,212,181,31,"weekday","lunch","unknown","unknown","restaurant",0,1,1,"midday"
6,214,183,31,"weekday","beforelunch","travelling","cold","restaurant",0,1,1,"midday"
7,39,0,39,"weekday","lunch","travelling","unknown","restaurant",0,0,0,"midday"
7,40,1,39,"weekday","afternoon","travelling","warm","restaurant",0,0,0,"midday"
7,41,2,39,"weekday","lunch","travelling","unknown","restaurant",0,0,0,"midday"
7,43,4,39,"weekday","night","leisure","hot","restaurant",1,0,0,"night"
7,44,5,39,"weekend","afternoon","travelling","warm","grocery",0,0,0,"midday"
7,46,7,39,"weekday","afternoon","working","unknown","restaurant",0,0,0,"midday"
7,47,8,39,"weekday","lunch","unknown","freezing","restaurant",1,0,0,"midday"
7,48,9,39,"weekday","beforelunch","working","cold","grocery",1,0,0,"midday"
7,49,10,39,"weekday","afternoon","travelling","warm","grocery",0,0,0,"midday"
7,50,11,39,"weekend","lunch","travelling","unknown","restaurant",0,0,0,"midday"
7,51,12,39,"weekday","afternoon","travelling","cold","grocery",0,0,0,"midday"
7,52,13,39,"weekend","lunch","travelling","warm","grocery",0,0,0,"midday"
7,53,14,39,"weekday","unknown","travelling","warm","grocery",0,0,0,"unknown"
7,54,15,39,"weekday","night","travelling","freezing","grocery",1,0,0,"night"
7,55,16,39,"weekday","afternoon","working","cold","grocery",1,0,0,"midday"
7,56,17,39,"weekend","beforelunch","travelling","freezing","grocery",0,0,0,"midday"
7,57,18,39,"weekend","afternoon","travelling","cold","grocery",0,0,0,"midday"
7,60,21,39,"weekday","lunch","unknown","unknown","grocery",1,0,0,"midday"
7,61,22,39,"weekday","earlymorning","travelling","cold","restaurant",1,0,0,"morning"
7,62,23,39,"weekend","afternoon","working","cold","restaurant",1,0,0,"midday"
7,63,24,39,"weekday","lunch","travelling","warm","grocery",0,0,0,"midday"
7,64,25,39,"weekday","lunch","travelling","cold","grocery",1,0,0,"midday"
7,65,26,39,"weekday","beforelunch","shopping","warm","restaurant",0,0,0,"midday"
7,66,27,39,"weekday","beforelunch","working","warm","restaurant",0,0,0,"midday"
7,68,29,39,"weekday","dinner","working","cold","restaurant",0,0,0,"night"
7,70,31,39,"weekday","dinner","travelling","freezing","grocery",0,0,0,"night"
7,71,32,39,"weekday","breakfast","travelling","cold","grocery",0,0,0,"morning"
7,72,33,39,"weekday","afternoon","travelling","freezing","restaurant",1,0,0,"midday"
7,73,34,39,"weekend","afternoon","travelling","cold","restaurant",0,0,0,"midday"
7,74,35,39,"weekend","afternoon","travelling","unknown","restaurant",0,0,0,"midday"
7,75,36,39,"weekday","afternoon","travelling","unknown","grocery",1,0,0,"midday"
7,76,37,39,"weekday","morning","travelling","cold","grocery",1,0,0,"morning"
7,77,38,39,"weekend","lunch","housework","freezing","restaurant",1,0,0,"midday"
7,78,39,39,"weekday","latenight","travelling","cold","grocery",1,0,0,"night"
7,79,40,39,"weekday","beforelunch","travelling","cold","grocery",0,0,0,"midday"
7,80,41,39,"weekday","morning","unknown","cold","grocery",0,0,0,"morning"
7,81,42,39,"weekday","dinner","unknown","freezing","grocery",0,0,0,"night"
7,82,43,39,"weekday","afternoon","travelling","freezing","restaurant",1,0,0,"midday"
7,84,45,39,"weekend","morning","travelling","cold","restaurant",0,0,0,"morning"
7,85,46,39,"weekday","beforelunch","unknown","freezing","restaurant",0,0,0,"midday"
7,86,47,39,"weekday","afternoon","travelling","freezing","restaurant",0,0,0,"midday"
7,87,48,39,"weekend","lunch","unknown","cold","restaurant",0,0,0,"midday"
7,89,50,39,"weekend","lunch","unknown","freezing","grocery",0,0,0,"midday"
7,90,51,39,"weekday","lunch","travelling","warm","restaurant",1,0,0,"midday"
7,91,52,39,"weekday","lunch","shopping","freezing","restaurant",0,0,0,"midday"
7,93,54,39,"weekend","beforelunch","travelling","cold","restaurant",0,0,0,"midday"
7,94,55,39,"weekday","lunch","unknown","unknown","restaurant",0,0,0,"midday"
7,97,58,39,"weekend","lunch","leisure","warm","restaurant",0,1,0,"midday"
7,98,59,39,"weekday","lunch","working","unknown","grocery",0,1,0,"midday"
7,99,60,39,"weekend","afternoon","travelling","unknown","grocery",0,1,0,"midday"
7,101,62,39,"weekday","lunch","unknown","cold","restaurant",0,1,0,"midday"
7,103,64,39,"weekday","unknown","travelling","cold","grocery",0,1,0,"unknown"
7,105,66,39,"weekday","evening","travelling","unknown","grocery",1,1,0,"night"
7,106,67,39,"weekday","afternoon","travelling","warm","restaurant",0,1,0,"midday"
7,107,68,39,"weekday","afternoon","travelling","cold","grocery",0,1,0,"midday"
7,108,69,39,"weekend","lunch","working","unknown","grocery",0,1,0,"midday"
7,109,70,39,"weekday","breakfast","travelling","warm","restaurant",0,1,0,"morning"
7,110,71,39,"weekday","afternoon","travelling","cold","restaurant",1,1,0,"midday"
7,111,72,39,"weekend","afternoon","leisure","cold","restaurant",0,1,0,"midday"
7,112,73,39,"weekday","lunch","travelling","warm","grocery",0,1,0,"midday"
7,114,75,39,"weekend","afternoon","working","cold","restaurant",0,1,0,"midday"
7,116,77,39,"weekday","afternoon","travelling","freezing","restaurant",0,1,0,"midday"
7,117,78,39,"weekday","lunch","shopping","cold","grocery",0,1,0,"midday"
7,119,80,39,"weekday","evening","unknown","warm","grocery",1,1,0,"night"
7,120,81,39,"weekday","breakfast","working","cold","restaurant",0,1,0,"morning"
7,121,82,39,"weekday","lunch","leisure","cold","restaurant",1,1,0,"midday"
7,125,86,39,"weekday","dinner","morningrituals","unknown","restaurant",1,1,0,"night"
7,126,87,39,"weekend","dinner","travelling","hot","restaurant",0,1,0,"night"
7,127,88,39,"weekday","lunch","travelling","freezing","restaurant",1,1,0,"midday"
7,128,89,39,"weekend","lunch","travelling","unknown","grocery",0,1,0,"midday"
7,129,90,39,"weekday","beforelunch","travelling","unknown","grocery",0,1,0,"midday"
7,130,91,39,"weekday","lunch","travelling","freezing","grocery",0,1,0,"midday"
7,131,92,39,"weekday","afternoon","travelling","cold","grocery",0,1,0,"midday"
7,132,93,39,"weekday","breakfast","travelling","cold","grocery",0,1,0,"morning"
7,133,94,39,"weekend","lunch","leisure","warm","grocery",0,1,0,"midday"
7,135,96,39,"weekday","breakfast","leisure","warm","restaurant",0,1,0,"morning"
7,136,97,39,"weekday","afternoon","leisure","unknown","restaurant",0,1,0,"midday"
7,137,98,39,"weekday","beforelunch","shopping","hot","restaurant",0,1,0,"midday"
7,138,99,39,"weekend","afternoon","travelling","unknown","restaurant",0,1,0,"midday"
7,139,100,39,"weekday","beforelunch","travelling","warm","grocery",0,1,0,"midday"
7,140,101,39,"weekday","breakfast","morningrituals","unknown","grocery",0,1,0,"morning"
7,141,102,39,"weekday","afternoon","leisure","cold","grocery",0,1,0,"midday"
7,142,103,39,"weekday","breakfast","travelling","freezing","restaurant",0,1,0,"morning"
7,144,105,39,"weekday","lunch","unknown","warm","restaurant",0,1,0,"midday"
7,146,107,39,"weekday","lunch","travelling","freezing","restaurant",0,1,0,"midday"
7,147,108,39,"weekday","breakfast","shopping","warm","grocery",0,1,0,"morning"
7,149,110,39,"weekend","afternoon","working","cold","restaurant",0,1,0,"midday"
7,150,111,39,"weekend","beforelunch","travelling","freezing","grocery",0,1,0,"midday"
7,152,113,39,"weekday","lunch","travelling","cold","grocery",1,1,1,"midday"
7,153,114,39,"weekday","beforelunch","travelling","cold","grocery",1,1,1,"midday"
7,154,115,39,"weekday","afternoon","unknown","unknown","grocery",0,1,1,"midday"
7,155,116,39,"weekend","unknown","travelling","unknown","grocery",0,1,1,"unknown"
7,156,117,39,"weekday","breakfast","travelling","unknown","restaurant",0,1,1,"morning"
7,157,118,39,"weekday","afternoon","shopping","cold","restaurant",0,1,1,"midday"
7,158,119,39,"weekday","lunch","leisure","hot","restaurant",0,1,1,"midday"
7,159,120,39,"weekend","lunch","travelling","cold","grocery",0,1,1,"midday"
7,160,121,39,"weekday","afternoon","leisure","cold","restaurant",0,1,1,"midday"
7,161,122,39,"weekday","breakfast","travelling","freezing","restaurant",0,1,1,"morning"
7,162,123,39,"weekday","lunch","unknown","freezing","grocery",1,1,1,"midday"
7,163,124,39,"weekday","afternoon","leisure","unknown","grocery",0,1,1,"midday"
7,164,125,39,"weekday","beforelunch","travelling","cold","restaurant",0,1,1,"midday"
7,165,126,39,"weekday","afternoon","travelling","warm","grocery",0,1,1,"midday"
7,166,127,39,"weekend","afternoon","travelling","cold","restaurant",0,1,1,"midday"
7,167,128,39,"weekday","beforelunch","travelling","freezing","restaurant",0,1,1,"midday"
7,168,129,39,"weekday","afternoon","travelling","cold","grocery",0,1,1,"midday"
7,169,130,39,"weekday","afternoon","travelling","warm","restaurant",0,1,1,"midday"
7,170,131,39,"weekend","beforelunch","shopping","cold","restaurant",1,1,1,"midday"
7,171,132,39,"weekday","lunch","travelling","warm","grocery",0,1,1,"midday"
7,172,133,39,"weekday","beforelunch","travelling","cold","grocery",0,1,1,"midday"
7,174,135,39,"weekend","lunch","travelling","freezing","grocery",0,1,1,"midday"
7,175,136,39,"weekend","afternoon","travelling","unknown","restaurant",1,1,1,"midday"
7,176,137,39,"weekday","evening","travelling","freezing","restaurant",1,1,1,"night"
7,177,138,39,"weekday","lunch","unknown","unknown","restaurant",0,1,1,"midday"
7,178,139,39,"weekday","breakfast","travelling","freezing","grocery",1,1,1,"morning"
7,179,140,39,"weekday","lunch","travelling","freezing","restaurant",1,1,1,"midday"
7,180,141,39,"weekday","lunch","working","cold","grocery",0,1,1,"midday"
7,181,142,39,"weekday","beforelunch","working","hot","restaurant",0,1,1,"midday"
7,182,143,39,"weekday","breakfast","unknown","unknown","grocery",0,1,1,"morning"
7,183,144,39,"weekday","afternoon","unknown","cold","grocery",0,1,1,"midday"
7,184,145,39,"weekday","afternoon","travelling","unknown","grocery",0,1,1,"midday"
7,185,146,39,"weekday","afternoon","unknown","hot","restaurant",1,1,1,"midday"
7,186,147,39,"weekday","morning","leisure","cold","grocery",1,1,1,"morning"
7,187,148,39,"weekend","morning","travelling","warm","grocery",0,1,1,"morning"
7,190,151,39,"weekday","afternoon","travelling","warm","grocery",0,1,1,"midday"
7,191,152,39,"weekend","afternoon","travelling","cold","restaurant",0,1,1,"midday"
7,192,153,39,"weekday","lunch","unknown","cold","grocery",0,1,1,"midday"
7,193,154,39,"weekday","afternoon","working","cold","grocery",0,1,1,"midday"
7,194,155,39,"weekday","afternoon","travelling","freezing","grocery",0,1,1,"midday"
7,195,156,39,"weekday","beforelunch","unknown","warm","grocery",1,1,1,"midday"
7,196,157,39,"weekday","morning","travelling","freezing","grocery",0,1,1,"morning"
7,197,158,39,"weekend","beforelunch","travelling","cold","restaurant",1,1,1,"midday"
7,198,159,39,"weekday","lunch","travelling","unknown","grocery",0,1,1,"midday"
7,199,160,39,"weekday","lunch","travelling","cold","restaurant",0,1,1,"midday"
7,200,161,39,"weekday","breakfast","leisure","freezing","grocery",1,1,1,"morning"
7,201,162,39,"weekend","lunch","travelling","hot","restaurant",0,1,1,"midday"
7,204,165,39,"weekend","afternoon","travelling","cold","restaurant",1,1,1,"midday"
7,205,166,39,"weekday","dinner","travelling","freezing","restaurant",0,1,1,"night"
7,206,167,39,"weekday","lunch","leisure","unknown","grocery",0,1,1,"midday"
7,208,169,39,"weekend","afternoon","unknown","unknown","grocery",0,1,1,"midday"
7,209,170,39,"weekend","afternoon","leisure","freezing","restaurant",0,1,1,"midday"
7,211,172,39,"weekend","lunch","working","warm","restaurant",0,1,1,"midday"
7,212,173,39,"weekday","beforelunch","shopping","warm","grocery",0,1,1,"midday"
7,214,175,39,"weekday","lunch","travelling","warm","restaurant",0,1,1,"midday"
7,215,176,39,"weekday","breakfast","working","warm","restaurant",1,1,1,"morning"
7,216,177,39,"weekday","lunch","unknown","hot","grocery",0,1,1,"midday"
7,218,179,39,"weekday","beforelunch","unknown","cold","restaurant",1,1,1,"midday"
7,219,180,39,"weekday","beforelunch","travelling","unknown","grocery",0,1,1,"midday"
7,220,181,39,"weekday","beforelunch","travelling","hot","grocery",0,1,1,"midday"
7,221,182,39,"weekday","breakfast","travelling","freezing","restaurant",0,1,1,"morning"
8,44,3,41,"weekday","afternoon","unknown","warm","restaurant",0,0,0,"midday"
8,57,16,41,"weekday","beforelunch","travelling","freezing","grocery",0,0,0,"midday"
8,60,19,41,"weekday","breakfast","travelling","freezing","grocery",1,0,0,"morning"
8,61,20,41,"weekday","beforelunch","shopping","freezing","restaurant",0,0,0,"midday"
8,62,21,41,"weekday","beforelunch","travelling","warm","grocery",0,0,0,"midday"
8,64,23,41,"weekday","evening","working","hot","grocery",0,0,0,"night"
8,66,25,41,"weekday","afternoon","travelling","hot","restaurant",1,0,0,"midday"
8,67,26,41,"weekday","lunch","shopping","freezing","restaurant",0,0,0,"midday"
8,69,28,41,"weekday","breakfast","morningrituals","freezing","grocery",0,0,0,"morning"
8,71,30,41,"weekday","lunch","travelling","warm","grocery",1,0,0,"midday"
8,75,34,41,"weekday","afternoon","travelling","cold","restaurant",0,0,0,"midday"
8,77,36,41,"weekday","afternoon","travelling","freezing","restaurant",0,0,0,"midday"
8,78,37,41,"weekday","afternoon","unknown","unknown","grocery",0,0,0,"midday"
8,89,48,41,"weekday","night","unknown","unknown","grocery",1,0,0,"night"
8,92,51,41,"weekday","dinner","travelling","freezing","restaurant",0,0,0,"night"
8,100,59,41,"weekend","afternoon","travelling","cold","grocery",0,1,0,"midday"
8,101,60,41,"weekend","afternoon","leisure","cold","grocery",1,1,0,"midday"
8,104,63,41,"weekend","afternoon","travelling","cold","grocery",0,1,0,"midday"
8,111,70,41,"weekday","afternoon","travelling","warm","restaurant",1,1,0,"midday"
8,116,75,41,"unknown","beforelunch","unknown","freezing","grocery",0,1,0,"midday"
8,119,78,41,"weekday","afternoon","travelling","freezing","grocery",0,1,0,"midday"
8,120,79,41,"weekday","dinner","leisure","warm","grocery",0,1,0,"night"
8,123,82,41,"weekday","lunch","working","unknown","grocery",0,1,0,"midday"
8,126,85,41,"weekday","beforelunch","working","cold","restaurant",0,1,0,"midday"
8,129,88,41,"weekday","breakfast","travelling","warm","grocery",0,1,0,"morning"
8,140,99,41,"unknown","afternoon","travelling","hot","grocery",0,1,0,"midday"
8,141,100,41,"weekday","afternoon","travelling","unknown","restaurant",0,1,0,"midday"
8,142,101,41,"weekday","afternoon","travelling","freezing","restaurant",1,1,0,"midday"
8,143,102,41,"weekday","lunch","unknown","cold","grocery",1,1,0,"midday"
8,145,104,41,"weekend","beforelunch","travelling","warm","grocery",0,1,0,"midday"
8,149,108,41,"weekday","lunch","travelling","cold","grocery",0,1,0,"midday"
8,151,110,41,"weekday","beforelunch","unknown","unknown","grocery",0,1,0,"midday"
8,153,112,41,"weekday","earlymorning","travelling","cold","grocery",0,1,0,"morning"
8,161,120,41,"weekday","afternoon","travelling","freezing","restaurant",1,1,1,"midday"
8,170,129,41,"weekday","lunch","travelling","unknown","restaurant",0,1,1,"midday"
8,171,130,41,"weekend","lunch","travelling","warm","grocery",0,1,1,"midday"
8,186,145,41,"weekday","lunch","travelling","hot","grocery",1,1,1,"midday"
8,190,149,41,"weekend","afternoon","travelling","freezing","grocery",0,1,1,"midday"
8,192,151,41,"weekday","afternoon","travelling","warm","restaurant",0,1,1,"midday"
8,193,152,41,"weekend","afternoon","travelling","cold","grocery",1,1,1,"midday"
8,194,153,41,"weekday","afternoon","travelling","cold","restaurant",0,1,1,"midday"
8,197,156,41,"weekend","lunch","working","unknown","grocery",0,1,1,"midday"
8,201,160,41,"weekday","lunch","travelling","cold","grocery",0,1,1,"midday"
8,206,165,41,"weekend","afternoon","travelling","freezing","grocery",0,1,1,"midday"
8,216,175,41,"weekend","lunch","unknown","unknown","grocery",0,1,1,"midday"
8,221,180,41,"weekend","afternoon","unknown","cold","grocery",0,1,1,"midday"
9,48,4,44,"weekend","afternoon","leisure","freezing","restaurant",1,0,0,"midday"
9,49,5,44,"weekday","lunch","travelling","unknown","grocery",0,0,0,"midday"
9,51,7,44,"weekday","breakfast","leisure","cold","grocery",1,0,0,"morning"
9,55,11,44,"weekend","afternoon","working","unknown","grocery",1,0,0,"midday"
9,57,13,44,"weekday","lunch","working","cold","grocery",0,0,0,"midday"
9,58,14,44,"weekday","afternoon","unknown","cold","grocery",0,0,0,"midday"
9,59,15,44,"weekend","beforelunch","travelling","freezing","restaurant",1,0,0,"midday"
9,60,16,44,"unknown","beforelunch","travelling","cold","restaurant",0,0,0,"midday"
9,61,17,44,"weekday","breakfast","travelling","hot","grocery",0,0,0,"morning"
9,63,19,44,"weekday","afternoon","unknown","cold","restaurant",1,0,0,"midday"
9,64,20,44,"weekday","dinner","travelling","cold","restaurant",0,0,0,"night"
9,65,21,44,"weekday","breakfast","unknown","unknown","restaurant",0,0,0,"morning"
9,72,28,44,"weekday","afternoon","travelling","freezing","restaurant",0,0,0,"midday"
9,73,29,44,"weekday","afternoon","unknown","warm","restaurant",0,0,0,"midday"
9,77,33,44,"weekday","beforelunch","working","cold","grocery",1,0,0,"midday"
9,80,36,44,"weekday","afternoon","travelling","warm","grocery",1,0,0,"midday"
9,81,37,44,"unknown","afternoon","travelling","unknown","grocery",1,0,0,"midday"
9,82,38,44,"weekend","lunch","unknown","cold","grocery",0,0,0,"midday"
9,83,39,44,"weekend","morning","unknown","unknown","restaurant",0,0,0,"morning"
9,91,47,44,"weekday","dinner","unknown","warm","grocery",1,0,0,"night"
9,93,49,44,"weekday","unknown","working","unknown","restaurant",1,0,0,"unknown"
9,98,54,44,"weekend","afternoon","working","hot","restaurant",0,0,0,"midday"
9,99,55,44,"weekend","beforelunch","travelling","freezing","grocery",1,0,0,"midday"
9,102,58,44,"weekday","earlymorning","working","unknown","grocery",0,1,0,"morning"
9,103,59,44,"weekday","lunch","travelling","freezing","grocery",0,1,0,"midday"
9,106,62,44,"weekend","afternoon","working","unknown","grocery",1,1,0,"midday"
9,109,65,44,"weekday","breakfast","travelling","cold","restaurant",0,1,0,"morning"
9,114,70,44,"weekday","beforelunch","leisure","unknown","restaurant",0,1,0,"midday"
9,116,72,44,"weekend","beforelunch","travelling","freezing","restaurant",0,1,0,"midday"
9,119,75,44,"weekday","beforelunch","unknown","hot","restaurant",0,1,0,"midday"
9,120,76,44,"weekday","afternoon","leisure","freezing","restaurant",0,1,0,"midday"
9,121,77,44,"weekend","morning","unknown","warm","grocery",1,1,0,"morning"
9,123,79,44,"weekday","beforelunch","travelling","unknown","restaurant",1,1,0,"midday"
9,126,82,44,"weekday","lunch","travelling","warm","grocery",0,1,0,"midday"
9,127,83,44,"weekday","breakfast","travelling","cold","restaurant",0,1,0,"morning"
9,128,84,44,"weekday","breakfast","travelling","unknown","restaurant",0,1,0,"morning"
9,130,86,44,"weekday","lunch","travelling","hot","grocery",0,1,0,"midday"
9,133,89,44,"weekday","afternoon","travelling","cold","restaurant",0,1,0,"midday"
9,134,90,44,"weekend","lunch","travelling","cold","grocery",0,1,0,"midday"
9,135,91,44,"weekday","breakfast","unknown","freezing","grocery",1,1,0,"morning"
9,138,94,44,"weekday","lunch","unknown","cold","restaurant",0,1,0,"midday"
9,143,99,44,"weekday","dinner","travelling","unknown","grocery",0,1,0,"night"
9,144,100,44,"weekday","afternoon","travelling","unknown","grocery",0,1,0,"midday"
9,145,101,44,"weekday","afternoon","travelling","unknown","grocery",0,1,0,"midday"
9,147,103,44,"weekday","afternoon","travelling","freezing","restaurant",1,1,0,"midday"
9,148,104,44,"weekday","afternoon","travelling","warm","grocery",1,1,0,"midday"
9,149,105,44,"weekend","lunch","travelling","cold","restaurant",0,1,0,"midday"
9,150,106,44,"weekend","afternoon","travelling","hot","restaurant",0,1,0,"midday"
9,151,107,44,"weekday","night","travelling","freezing","restaurant",1,1,0,"night"
9,156,112,44,"weekday","latenight","travelling","cold","grocery",0,1,0,"night"
9,157,113,44,"weekday","breakfast","travelling","unknown","grocery",0,1,1,"morning"
9,160,116,44,"weekday","morning","working","freezing","grocery",0,1,1,"morning"
9,167,123,44,"weekday","breakfast","travelling","freezing","grocery",1,1,1,"morning"
9,168,124,44,"weekday","afternoon","travelling","cold","restaurant",0,1,1,"midday"
9,170,126,44,"weekday","lunch","unknown","hot","restaurant",0,1,1,"midday"
9,171,127,44,"weekend","dinner","travelling","unknown","grocery",1,1,1,"night"
9,173,129,44,"weekday","beforelunch","unknown","unknown","grocery",1,1,1,"midday"
9,176,132,44,"weekday","beforelunch","travelling","hot","restaurant",0,1,1,"midday"
9,178,134,44,"weekday","morning","travelling","hot","restaurant",0,1,1,"morning"
9,181,137,44,"unknown","earlymorning","travelling","freezing","restaurant",0,1,1,"morning"
9,187,143,44,"weekday","breakfast","leisure","unknown","restaurant",0,1,1,"morning"
9,190,146,44,"weekend","morning","travelling","cold","restaurant",0,1,1,"morning"
9,193,149,44,"weekday","unknown","travelling","cold","grocery",1,1,1,"unknown"
9,199,155,44,"weekday","afternoon","unknown","warm","restaurant",0,1,1,"midday"
9,200,156,44,"weekend","beforelunch","travelling","warm","grocery",0,1,1,"midday"
9,201,157,44,"weekday","lunch","working","freezing","restaurant",0,1,1,"midday"
9,204,160,44,"weekday","beforelunch","unknown","unknown","grocery",0,1,1,"midday"
9,208,164,44,"weekday","afternoon","unknown","freezing","grocery",0,1,1,"midday"
9,210,166,44,"weekend","earlymorning","travelling","cold","restaurant",0,1,1,"morning"
9,214,170,44,"weekday","lunch","travelling","unknown","restaurant",0,1,1,"midday"
9,223,179,44,"weekday","afternoon","travelling","hot","grocery",0,1,1,"midday"
9,226,182,44,"weekday","lunch","working","hot","grocery",0,1,1,"midday"
9,227,183,44,"weekday","evening","travelling","unknown","restaurant",0,1,1,"night"
10,57,1,56,"weekday","beforelunch","travelling","unknown","grocery",0,0,0,"midday"
10,58,2,56,"weekday","lunch","working","unknown","restaurant",0,0,0,"midday"
10,59,3,56,"weekend","beforelunch","travelling","unknown","restaurant",1,0,0,"midday"
10,62,6,56,"weekday","afternoon","shopping","unknown","restaurant",0,0,0,"midday"
10,63,7,56,"weekday","afternoon","travelling","freezing","restaurant",1,0,0,"midday"
10,64,8,56,"weekday","breakfast","working","freezing","grocery",1,0,0,"morning"
10,65,9,56,"weekend","lunch","travelling","freezing","grocery",1,0,0,"midday"
10,66,10,56,"weekday","afternoon","unknown","cold","restaurant",0,0,0,"midday"
10,68,12,56,"weekday","breakfast","leisure","cold","grocery",0,0,0,"morning"
10,69,13,56,"weekend","breakfast","unknown","freezing","restaurant",0,0,0,"morning"
10,70,14,56,"weekday","beforelunch","travelling","hot","grocery",0,0,0,"midday"
10,71,15,56,"weekend","lunch","travelling","unknown","restaurant",0,0,0,"midday"
10,72,16,56,"weekday","afternoon","leisure","unknown","restaurant",0,0,0,"midday"
10,74,18,56,"weekday","afternoon","morningrituals","cold","restaurant",0,0,0,"midday"
10,75,19,56,"weekday","afternoon","working","freezing","restaurant",0,0,0,"midday"
10,76,20,56,"weekday","lunch","working","unknown","grocery",0,0,0,"midday"
10,77,21,56,"weekday","morning","travelling","warm","restaurant",0,0,0,"morning"
10,81,25,56,"weekday","beforelunch","unknown","warm","restaurant",1,0,0,"midday"
10,82,26,56,"weekend","breakfast","unknown","cold","restaurant",1,0,0,"morning"
10,83,27,56,"weekday","lunch","travelling","unknown","grocery",0,0,0,"midday"
10,84,28,56,"weekday","lunch","travelling","cold","restaurant",0,0,0,"midday"
10,85,29,56,"weekend","lunch","travelling","cold","restaurant",0,0,0,"midday"
10,87,31,56,"weekday","lunch","unknown","cold","grocery",0,0,0,"midday"
10,88,32,56,"weekday","morning","working","cold","grocery",1,0,0,"morning"
10,89,33,56,"weekday","lunch","travelling","freezing","restaurant",0,0,0,"midday"
10,93,37,56,"weekend","breakfast","travelling","cold","grocery",0,0,0,"morning"
10,95,39,56,"weekend","morning","unknown","cold","grocery",1,0,0,"morning"
10,98,42,56,"weekday","breakfast","travelling","freezing","grocery",0,0,0,"morning"
10,99,43,56,"weekday","afternoon","unknown","unknown","restaurant",0,0,0,"midday"
10,100,44,56,"weekend","morning","leisure","cold","grocery",0,0,0,"morning"
10,101,45,56,"weekend","afternoon","working","unknown","grocery",0,0,0,"midday"
10,102,46,56,"weekday","night","unknown","cold","restaurant",1,0,0,"night"
10,103,47,56,"weekday","afternoon","unknown","warm","grocery",1,0,0,"midday"
10,105,49,56,"weekday","lunch","shopping","warm","grocery",0,0,0,"midday"
10,106,50,56,"weekday","afternoon","travelling","cold","restaurant",1,0,0,"midday"
10,107,51,56,"weekday","dinner","unknown","freezing","restaurant",0,0,0,"night"
10,108,52,56,"unknown","night","travelling","cold","restaurant",0,0,0,"night"
10,109,53,56,"weekday","afternoon","travelling","cold","grocery",1,0,0,"midday"
10,110,54,56,"weekend","breakfast","travelling","cold","restaurant",0,0,0,"morning"
10,114,58,56,"weekend","afternoon","leisure","cold","restaurant",0,1,0,"midday"
10,116,60,56,"weekday","beforelunch","travelling","freezing","restaurant",0,1,0,"midday"
10,117,61,56,"weekend","beforelunch","unknown","cold","restaurant",0,1,0,"midday"
10,119,63,56,"weekend","unknown","travelling","freezing","grocery",0,1,0,"unknown"
10,120,64,56,"weekday","breakfast","travelling","freezing","restaurant",0,1,0,"morning"
10,121,65,56,"weekday","afternoon","travelling","warm","restaurant",1,1,0,"midday"
10,122,66,56,"weekday","afternoon","travelling","cold","grocery",0,1,0,"midday"
10,124,68,56,"weekend","afternoon","travelling","freezing","restaurant",0,1,0,"midday"
10,125,69,56,"weekday","beforelunch","travelling","unknown","restaurant",0,1,0,"midday"
10,126,70,56,"weekday","afternoon","travelling","unknown","grocery",0,1,0,"midday"
10,127,71,56,"weekday","afternoon","travelling","unknown","restaurant",0,1,0,"midday"
10,129,73,56,"weekday","lunch","leisure","unknown","restaurant",0,1,0,"midday"
10,131,75,56,"weekday","dinner","travelling","hot","restaurant",1,1,0,"night"
10,133,77,56,"weekday","morning","travelling","hot","restaurant",0,1,0,"morning"
10,134,78,56,"unknown","breakfast","working","cold","restaurant",0,1,0,"morning"
10,135,79,56,"weekend","lunch","travelling","cold","restaurant",1,1,0,"midday"
10,136,80,56,"weekday","lunch","unknown","cold","grocery",1,1,0,"midday"
10,137,81,56,"weekday","dinner","unknown","unknown","grocery",0,1,0,"night"
10,140,84,56,"weekday","afternoon","unknown","cold","grocery",1,1,0,"midday"
10,142,86,56,"weekday","afternoon","travelling","freezing","restaurant",1,1,0,"midday"
10,143,87,56,"weekend","breakfast","leisure","cold","restaurant",0,1,0,"morning"
10,144,88,56,"weekend","earlymorning","leisure","hot","restaurant",1,1,0,"morning"
10,145,89,56,"weekday","lunch","travelling","hot","restaurant",1,1,0,"midday"
10,147,91,56,"weekend","afternoon","shopping","freezing","grocery",0,1,0,"midday"
10,148,92,56,"weekend","afternoon","travelling","cold","restaurant",0,1,0,"midday"
10,149,93,56,"weekday","beforelunch","travelling","hot","restaurant",0,1,0,"midday"
10,150,94,56,"weekday","morning","morningrituals","unknown","grocery",0,1,0,"morning"
10,152,96,56,"weekday","afternoon","working","freezing","restaurant",0,1,0,"midday"
10,153,97,56,"weekend","beforelunch","unknown","unknown","restaurant",0,1,0,"midday"
10,154,98,56,"unknown","dinner","travelling","freezing","grocery",0,1,0,"night"
10,155,99,56,"weekday","unknown","travelling","hot","grocery",0,1,0,"unknown"
10,157,101,56,"weekday","breakfast","unknown","freezing","grocery",0,1,0,"morning"
10,158,102,56,"weekend","morning","travelling","freezing","restaurant",0,1,0,"morning"
10,159,103,56,"weekday","breakfast","travelling","cold","grocery",0,1,0,"morning"
10,160,104,56,"weekday","breakfast","travelling","unknown","grocery",0,1,0,"morning"
10,161,105,56,"weekday","lunch","travelling","warm","restaurant",0,1,0,"midday"
10,162,106,56,"weekday","lunch","leisure","cold","grocery",0,1,0,"midday"
10,163,107,56,"unknown","afternoon","travelling","hot","restaurant",0,1,0,"midday"
10,165,109,56,"weekday","lunch","unknown","unknown","grocery",0,1,0,"midday"
10,166,110,56,"weekday","beforelunch","travelling","cold","restaurant",1,1,0,"midday"
10,167,111,56,"unknown","afternoon","travelling","warm","restaurant",0,1,0,"midday"
10,169,113,56,"weekend","unknown","travelling","freezing","restaurant",1,1,1,"unknown"
10,170,114,56,"weekend","breakfast","unknown","warm","grocery",1,1,1,"morning"
10,171,115,56,"weekend","lunch","leisure","warm","restaurant",0,1,1,"midday"
10,172,116,56,"weekday","morning","unknown","freezing","grocery",1,1,1,"morning"
10,173,117,56,"weekday","afternoon","travelling","cold","grocery",1,1,1,"midday"
10,174,118,56,"weekday","afternoon","unknown","warm","restaurant",0,1,1,"midday"
10,176,120,56,"weekend","beforelunch","travelling","unknown","grocery",1,1,1,"midday"
10,177,121,56,"weekday","beforelunch","travelling","unknown","grocery",0,1,1,"midday"
10,179,123,56,"weekend","breakfast","leisure","freezing","grocery",0,1,1,"morning"
10,180,124,56,"weekday","beforelunch","travelling","freezing","grocery",1,1,1,"midday"
10,182,126,56,"weekday","dinner","travelling","cold","grocery",0,1,1,"night"
10,183,127,56,"weekday","afternoon","morningrituals","freezing","grocery",0,1,1,"midday"
10,184,128,56,"weekday","morning","travelling","unknown","restaurant",1,1,1,"morning"
10,185,129,56,"weekend","afternoon","working","unknown","grocery",1,1,1,"midday"
10,186,130,56,"weekday","breakfast","travelling","freezing","grocery",0,1,1,"morning"
10,187,131,56,"weekend","afternoon","travelling","warm","restaurant",0,1,1,"midday"
10,190,134,56,"weekend","lunch","unknown","cold","restaurant",1,1,1,"midday"
10,191,135,56,"weekday","afternoon","working","freezing","restaurant",0,1,1,"midday"
10,192,136,56,"weekday","breakfast","unknown","cold","restaurant",0,1,1,"morning"
10,194,138,56,"weekend","beforelunch","unknown","freezing","grocery",1,1,1,"midday"
10,196,140,56,"weekday","afternoon","travelling","cold","grocery",0,1,1,"midday"
10,197,141,56,"weekend","beforelunch","travelling","unknown","restaurant",1,1,1,"midday"
10,199,143,56,"weekday","breakfast","leisure","warm","grocery",0,1,1,"morning"
10,200,144,56,"weekday","afternoon","travelling","cold","grocery",1,1,1,"midday"
10,201,145,56,"weekend","breakfast","unknown","cold","grocery",0,1,1,"morning"
10,203,147,56,"weekday","beforelunch","shopping","unknown","restaurant",0,1,1,"midday"
10,204,148,56,"weekday","lunch","travelling","cold","restaurant",0,1,1,"midday"
10,205,149,56,"weekday","breakfast","travelling","hot","grocery",0,1,1,"morning"
10,206,150,56,"weekday","afternoon","unknown","cold","restaurant",0,1,1,"midday"
10,207,151,56,"weekend","beforelunch","leisure","hot","restaurant",0,1,1,"midday"
10,208,152,56,"weekday","breakfast","travelling","warm","grocery",0,1,1,"morning"
10,209,153,56,"weekday","evening","leisure","cold","grocery",0,1,1,"night"
10,210,154,56,"weekday","lunch","leisure","cold","restaurant",0,1,1,"midday"
10,211,155,56,"weekday","morning","travelling","cold","restaurant",0,1,1,"morning"
10,212,156,56,"weekday","beforelunch","travelling","unknown","grocery",0,1,1,"midday"
10,213,157,56,"weekday","afternoon","working","unknown","grocery",0,1,1,"midday"
10,214,158,56,"weekday","afternoon","travelling","freezing","restaurant",1,1,1,"midday"
10,215,159,56,"weekend","beforelunch","travelling","freezing","grocery",0,1,1,"midday"
10,217,161,56,"weekday","lunch","leisure","cold","restaurant",0,1,1,"midday"
10,218,162,56,"weekday","afternoon","shopping","cold","grocery",1,1,1,"midday"
10,219,163,56,"weekday","afternoon","travelling","unknown","grocery",0,1,1,"midday"
10,220,164,56,"weekend","lunch","travelling","unknown","restaurant",0,1,1,"midday"
10,221,165,56,"weekday","afternoon","shopping","cold","restaurant",0,1,1,"midday"
10,222,166,56,"weekend","lunch","travelling","cold","restaurant",0,1,1,"midday"
10,223,167,56,"weekday","afternoon","morningrituals","cold","restaurant",1,1,1,"midday"
10,225,169,56,"weekday","earlymorning","shopping","freezing","grocery",0,1,1,"morning"
10,226,170,56,"weekday","beforelunch","travelling","hot","grocery",0,1,1,"midday"
10,227,171,56,"weekend","lunch","travelling","freezing","restaurant",1,1,1,"midday"
10,228,172,56,"weekday","beforelunch","travelling","warm","grocery",1,1,1,"midday"
10,229,173,56,"weekday","breakfast","unknown","cold","grocery",0,1,1,"morning"
10,230,174,56,"weekend","breakfast","travelling","freezing","restaurant",0,1,1,"morning"
10,233,177,56,"weekday","lunch","unknown","unknown","restaurant",1,1,1,"midday"
10,234,178,56,"weekday","beforelunch","travelling","cold","restaurant",0,1,1,"midday"
10,235,179,56,"weekend","beforelunch","travelling","warm","grocery",0,1,1,"midday"
10,236,180,56,"weekday","lunch","travelling","cold","grocery",1,1,1,"midday"
10,237,181,56,"weekend","lunch","shopping","cold","restaurant",0,1,1,"midday"
10,238,182,56,"weekend","afternoon","travelling","unknown","restaurant",0,1,1,"midday"
10,239,183,56,"weekday","morning","leisure","unknown","restaurant",0,1,1,"morning"
11,78,19,59,"weekday","afternoon","unknown","cold","restaurant",1,0,0,"midday"
11,92,33,59,"weekday","lunch","social","freezing","restaurant",0,0,0,"midday"
11,123,64,59,"weekday","breakfast","travelling","freezing","restaurant",0,1,0,"morning"
11,138,79,59,"weekend","afternoon","working","cold","grocery",0,1,0,"midday"
11,152,93,59,"weekday","dinner","unknown","warm","restaurant",1,1,0,"night"
11,224,165,59,"weekday","afternoon","travelling","warm","grocery",1,1,1,"midday"
11,236,177,59,"weekend","afternoon","travelling","warm","grocery",1,1,1,"midday"
12,63,0,63,"weekday","lunch","unknown","unknown","grocery",0,0,0,"midday"
12,64,1,63,"weekend","breakfast","travelling","cold","restaurant",0,0,0,"morning"
12,65,2,63,"weekday","morning","unknown","unknown","grocery",0,0,0,"morning"
12,66,3,63,"weekday","dinner","shopping","unknown","restaurant",0,0,0,"night"
12,67,4,63,"weekday","lunch","unknown","freezing","restaurant",1,0,0,"midday"
12,68,5,63,"weekend","beforelunch","travelling","warm","restaurant",0,0,0,"midday"
12,69,6,63,"weekday","lunch","unknown","cold","grocery",0,0,0,"midday"
12,70,7,63,"weekday","beforelunch","leisure","cold","grocery",0,0,0,"midday"
12,71,8,63,"weekend","lunch","travelling","freezing","grocery",1,0,0,"midday"
12,72,9,63,"weekday","afternoon","travelling","cold","restaurant",0,0,0,"midday"
12,73,10,63,"weekday","afternoon","travelling","warm","restaurant",0,0,0,"midday"
12,74,11,63,"weekday","beforelunch","travelling","cold","grocery",0,0,0,"midday"
12,75,12,63,"weekday","breakfast","unknown","warm","grocery",0,0,0,"morning"
12,76,13,63,"weekday","morning","shopping","hot","grocery",0,0,0,"morning"
12,77,14,63,"weekend","morning","unknown","freezing","grocery",1,0,0,"morning"
12,78,15,63,"weekday","lunch","travelling","cold","restaurant",0,0,0,"midday"
12,79,16,63,"weekend","breakfast","travelling","freezing","restaurant",0,0,0,"morning"
12,81,18,63,"weekend","dinner","leisure","cold","restaurant",1,0,0,"night"
12,82,19,63,"weekday","night","travelling","freezing","grocery",0,0,0,"night"
12,85,22,63,"weekend","afternoon","travelling","unknown","restaurant",0,0,0,"midday"
12,87,24,63,"weekday","afternoon","working","warm","restaurant",0,0,0,"midday"
12,88,25,63,"weekend","afternoon","travelling","freezing","grocery",0,0,0,"midday"
12,89,26,63,"weekday","beforelunch","travelling","freezing","restaurant",0,0,0,"midday"
12,90,27,63,"weekend","dinner","leisure","unknown","grocery",0,0,0,"night"
12,91,28,63,"weekend","beforelunch","shopping","hot","restaurant",0,0,0,"midday"
12,92,29,63,"weekend","afternoon","travelling","unknown","restaurant",0,0,0,"midday"
12,93,30,63,"weekday","afternoon","travelling","unknown","grocery",1,0,0,"midday"
12,94,31,63,"weekend","breakfast","shopping","unknown","grocery",1,0,0,"morning"
12,95,32,63,"weekday","beforelunch","travelling","freezing","restaurant",0,0,0,"midday"
12,96,33,63,"weekday","afternoon","working","cold","restaurant",0,0,0,"midday"
12,97,34,63,"weekday","morning","working","cold","restaurant",0,0,0,"morning"
12,98,35,63,"weekday","dinner","travelling","cold","grocery",1,0,0,"night"
12,99,36,63,"weekday","lunch","travelling","cold","restaurant",0,0,0,"midday"
12,100,37,63,"weekday","afternoon","travelling","cold","grocery",1,0,0,"midday"
12,101,38,63,"unknown","dinner","travelling","freezing","restaurant",0,0,0,"night"
12,102,39,63,"weekday","lunch","travelling","hot","grocery",0,0,0,"midday"
12,103,40,63,"weekday","lunch","travelling","freezing","restaurant",0,0,0,"midday"
12,104,41,63,"weekday","lunch","working","cold","grocery",0,0,0,"midday"
12,105,42,63,"weekday","beforelunch","travelling","unknown","grocery",0,0,0,"midday"
12,106,43,63,"weekday","afternoon","travelling","cold","restaurant",1,0,0,"midday"
12,107,44,63,"weekday","lunch","shopping","warm","restaurant",0,0,0,"midday"
12,108,45,63,"weekday","afternoon","travelling","cold","grocery",0,0,0,"midday"
12,110,47,63,"weekday","beforelunch","unknown","cold","restaurant",1,0,0,"midday"
12,112,49,63,"weekday","lunch","leisure","cold","grocery",0,0,0,"midday"
12,113,50,63,"weekend","evening","travelling","unknown","restaurant",0,0,0,"night"
12,115,52,63,"weekday","lunch","travelling","cold","restaurant",1,0,0,"midday"
12,116,53,63,"weekday","lunch","travelling","warm","grocery",1,0,0,"midday"
12,117,54,63,"weekday","lunch","leisure","unknown","restaurant",0,0,0,"midday"
12,118,55,63,"weekday","lunch","travelling","freezing","grocery",1,0,0,"midday"
12,120,57,63,"weekday","beforelunch","housework","freezing","restaurant",0,1,0,"midday"
12,121,58,63,"weekday","lunch","unknown","cold","restaurant",0,1,0,"midday"
12,122,59,63,"weekday","afternoon","travelling","warm","restaurant",0,1,0,"midday"
12,127,64,63,"weekday","afternoon","travelling","warm","restaurant",0,1,0,"midday"
12,128,65,63,"weekday","breakfast","travelling","cold","restaurant",0,1,0,"morning"
12,129,66,63,"weekday","dinner","travelling","freezing","restaurant",0,1,0,"night"
12,130,67,63,"weekday","afternoon","travelling","hot","restaurant",0,1,0,"midday"
12,131,68,63,"weekday","breakfast","leisure","hot","grocery",0,1,0,"morning"
12,132,69,63,"weekday","breakfast","travelling","warm","restaurant",1,1,0,"morning"
12,133,70,63,"weekday","afternoon","leisure","unknown","grocery",0,1,0,"midday"
12,134,71,63,"weekday","lunch","travelling","hot","restaurant",1,1,0,"midday"
12,135,72,63,"weekday","breakfast","unknown","cold","grocery",1,1,0,"morning"
12,136,73,63,"weekend","morning","unknown","warm","grocery",0,1,0,"morning"
12,140,77,63,"weekday","lunch","leisure","freezing","restaurant",0,1,0,"midday"
12,141,78,63,"weekday","breakfast","travelling","unknown","restaurant",0,1,0,"morning"
12,142,79,63,"weekday","breakfast","unknown","warm","restaurant",0,1,0,"morning"
12,143,80,63,"weekday","lunch","unknown","cold","grocery",0,1,0,"midday"
12,144,81,63,"weekend","lunch","unknown","unknown","grocery",0,1,0,"midday"
12,146,83,63,"weekday","lunch","travelling","cold","restaurant",0,1,0,"midday"
12,148,85,63,"weekend","breakfast","unknown","freezing","restaurant",0,1,0,"morning"
12,149,86,63,"weekday","afternoon","shopping","cold","restaurant",0,1,0,"midday"
12,150,87,63,"weekend","beforelunch","travelling","cold","restaurant",0,1,0,"midday"
12,151,88,63,"weekend","afternoon","travelling","cold","grocery",1,1,0,"midday"
12,152,89,63,"weekday","breakfast","shopping","hot","restaurant",1,1,0,"morning"
12,153,90,63,"weekday","afternoon","morningrituals","unknown","restaurant",1,1,0,"midday"
12,155,92,63,"weekday","lunch","working","cold","restaurant",1,1,0,"midday"
12,156,93,63,"weekday","afternoon","travelling","unknown","grocery",0,1,0,"midday"
12,159,96,63,"weekday","afternoon","travelling","unknown","grocery",1,1,0,"midday"
12,160,97,63,"weekend","lunch","unknown","unknown","restaurant",0,1,0,"midday"
12,161,98,63,"weekday","lunch","travelling","cold","restaurant",0,1,0,"midday"
12,162,99,63,"weekday","unknown","travelling","unknown","restaurant",1,1,0,"unknown"
12,163,100,63,"weekday","beforelunch","unknown","freezing","restaurant",0,1,0,"midday"
12,164,101,63,"weekend","afternoon","travelling","warm","grocery",0,1,0,"midday"
12,165,102,63,"weekend","lunch","unknown","cold","restaurant",0,1,0,"midday"
12,166,103,63,"weekday","afternoon","travelling","hot","grocery",0,1,0,"midday"
12,167,104,63,"weekend","morning","leisure","freezing","grocery",0,1,0,"morning"
12,169,106,63,"weekday","beforelunch","travelling","hot","grocery",0,1,0,"midday"
12,171,108,63,"weekday","afternoon","morningrituals","hot","grocery",1,1,0,"midday"
12,172,109,63,"weekday","afternoon","travelling","hot","grocery",0,1,0,"midday"
12,173,110,63,"weekday","afternoon","shopping","cold","restaurant",0,1,0,"midday"
12,174,111,63,"weekday","beforelunch","travelling","freezing","grocery",1,1,0,"midday"
12,175,112,63,"weekend","afternoon","unknown","cold","restaurant",0,1,0,"midday"
12,176,113,63,"weekday","afternoon","travelling","cold","restaurant",0,1,1,"midday"
12,177,114,63,"weekend","lunch","travelling","cold","restaurant",0,1,1,"midday"
12,178,115,63,"weekday","beforelunch","travelling","freezing","grocery",0,1,1,"midday"
12,179,116,63,"weekend","beforelunch","working","unknown","grocery",0,1,1,"midday"
12,180,117,63,"weekday","afternoon","travelling","cold","grocery",0,1,1,"midday"
12,181,118,63,"weekday","evening","leisure","cold","restaurant",0,1,1,"night"
12,182,119,63,"weekend","beforelunch","leisure","freezing","grocery",0,1,1,"midday"
12,183,120,63,"weekend","lunch","travelling","freezing","restaurant",0,1,1,"midday"
12,184,121,63,"weekday","beforelunch","travelling","freezing","grocery",0,1,1,"midday"
12,185,122,63,"weekend","breakfast","travelling","warm","restaurant",0,1,1,"morning"
12,186,123,63,"weekday","breakfast","travelling","warm","restaurant",0,1,1,"morning"
12,187,124,63,"weekday","lunch","working","cold","grocery",0,1,1,"midday"
12,188,125,63,"weekday","lunch","morningrituals","warm","restaurant",1,1,1,"midday"
12,189,126,63,"weekend","afternoon","unknown","cold","grocery",0,1,1,"midday"
12,192,129,63,"weekday","lunch","travelling","unknown","restaurant",0,1,1,"midday"
12,194,131,63,"weekday","afternoon","travelling","cold","restaurant",1,1,1,"midday"
12,195,132,63,"weekday","breakfast","travelling","unknown","grocery",0,1,1,"morning"
12,197,134,63,"weekday","beforelunch","unknown","warm","restaurant",0,1,1,"midday"
12,198,135,63,"weekday","unknown","travelling","cold","grocery",1,1,1,"unknown"
12,200,137,63,"weekend","beforelunch","unknown","cold","restaurant",1,1,1,"midday"
12,202,139,63,"weekday","afternoon","travelling","unknown","grocery",0,1,1,"midday"
12,203,140,63,"weekday","morning","unknown","cold","restaurant",1,1,1,"morning"
12,204,141,63,"weekday","afternoon","travelling","warm","grocery",0,1,1,"midday"
12,207,144,63,"weekday","lunch","shopping","cold","restaurant",0,1,1,"midday"
12,208,145,63,"weekday","lunch","travelling","cold","restaurant",0,1,1,"midday"
12,209,146,63,"unknown","lunch","travelling","unknown","grocery",0,1,1,"midday"
12,210,147,63,"weekday","evening","morningrituals","cold","restaurant",1,1,1,"night"
12,211,148,63,"weekend","afternoon","unknown","cold","grocery",0,1,1,"midday"
12,212,149,63,"weekend","evening","travelling","unknown","restaurant",0,1,1,"night"
12,213,150,63,"weekday","dinner","travelling","warm","grocery",1,1,1,"night"
12,214,151,63,"weekday","dinner","working","freezing","restaurant",1,1,1,"night"
12,215,152,63,"unknown","morning","working","cold","restaurant",0,1,1,"morning"
12,218,155,63,"weekend","breakfast","morningrituals","freezing","restaurant",0,1,1,"morning"
12,219,156,63,"weekday","afternoon","travelling","warm","grocery",0,1,1,"midday"
12,220,157,63,"weekday","afternoon","unknown","cold","grocery",0,1,1,"midday"
12,221,158,63,"weekend","lunch","shopping","unknown","restaurant",1,1,1,"midday"
12,222,159,63,"weekday","night","unknown","warm","grocery",0,1,1,"night"
12,223,160,63,"weekend","lunch","working","unknown","grocery",1,1,1,"midday"
12,225,162,63,"weekday","lunch","travelling","hot","restaurant",1,1,1,"midday"
12,226,163,63,"weekday","night","travelling","warm","restaurant",1,1,1,"night"
12,227,164,63,"weekday","lunch","unknown","unknown","restaurant",0,1,1,"midday"
12,228,165,63,"weekday","afternoon","travelling","freezing","grocery",0,1,1,"midday"
12,229,166,63,"weekday","beforelunch","travelling","cold","grocery",0,1,1,"midday"
12,230,167,63,"weekday","breakfast","unknown","freezing","restaurant",1,1,1,"morning"
12,231,168,63,"weekday","afternoon","leisure","freezing","restaurant",0,1,1,"midday"
12,233,170,63,"weekday","morning","travelling","freezing","restaurant",1,1,1,"morning"
12,234,171,63,"weekend","beforelunch","travelling","cold","grocery",1,1,1,"midday"
12,236,173,63,"weekday","beforelunch","unknown","warm","restaurant",1,1,1,"midday"
12,237,174,63,"weekend","evening","travelling","freezing","grocery",0,1,1,"night"
12,238,175,63,"weekend","morning","travelling","unknown","grocery",0,1,1,"morning"
12,239,176,63,"weekday","afternoon","travelling","freezing","restaurant",0,1,1,"midday"
12,240,177,63,"weekend","lunch","unknown","cold","grocery",0,1,1,"midday"
12,241,178,63,"weekday","beforelunch","morningrituals","cold","restaurant",0,1,1,"midday"
12,242,179,63,"weekday","lunch","travelling","unknown","restaurant",0,1,1,"midday"
12,243,180,63,"weekend","afternoon","unknown","hot","grocery",0,1,1,"midday"
12,244,181,63,"weekday","lunch","unknown","warm","restaurant",0,1,1,"midday"
12,245,182,63,"weekday","afternoon","travelling","unknown","grocery",0,1,1,"midday"
12,246,183,63,"weekday","lunch","leisure","cold","grocery",0,1,1,"midday"
13,67,3,64,"weekday","afternoon","unknown","unknown","restaurant",0,0,0,"midday"
13,69,5,64,"weekend","afternoon","working","cold","restaurant",0,0,0,"midday"
13,82,18,64,"weekday","breakfast","travelling","freezing","grocery",0,0,0,"morning"
13,83,19,64,"weekday","beforelunch","travelling","unknown","restaurant",0,0,0,"midday"
13,88,24,64,"weekend","lunch","morningrituals","freezing","grocery",1,0,0,"midday"
13,89,25,64,"weekday","beforelunch","working","cold","restaurant",1,0,0,"midday"
13,91,27,64,"weekday","afternoon","shopping","freezing","grocery",0,0,0,"midday"
13,95,31,64,"weekday","lunch","travelling","freezing","grocery",0,0,0,"midday"
13,96,32,64,"weekday","beforelunch","working","hot","restaurant",0,0,0,"midday"
13,99,35,64,"weekday","unknown","travelling","warm","restaurant",0,0,0,"unknown"
13,101,37,64,"weekend","afternoon","travelling","warm","restaurant",0,0,0,"midday"
13,104,40,64,"weekday","breakfast","travelling","cold","grocery",1,0,0,"morning"
13,109,45,64,"weekday","lunch","unknown","freezing","restaurant",0,0,0,"midday"
13,115,51,64,"weekday","afternoon","travelling","cold","grocery",0,0,0,"midday"
13,121,57,64,"weekend","breakfast","unknown","cold","restaurant",0,1,0,"morning"
13,131,67,64,"weekend","afternoon","travelling","cold","grocery",0,1,0,"midday"
13,132,68,64,"weekday","afternoon","leisure","cold","restaurant",0,1,0,"midday"
13,136,72,64,"weekday","beforelunch","travelling","hot","grocery",0,1,0,"midday"
13,137,73,64,"weekday","afternoon","working","cold","grocery",0,1,0,"midday"
13,138,74,64,"weekday","lunch","travelling","cold","grocery",0,1,0,"midday"
13,146,82,64,"weekend","afternoon","travelling","cold","restaurant",0,1,0,"midday"
13,148,84,64,"weekday","evening","travelling","freezing","restaurant",1,1,0,"night"
13,156,92,64,"weekday","night","unknown","cold","restaurant",0,1,0,"night"
13,160,96,64,"weekend","lunch","morningrituals","unknown","restaurant",0,1,0,"midday"
13,163,99,64,"weekday","beforelunch","workingout","warm","grocery",0,1,0,"midday"
13,166,102,64,"weekend","unknown","working","unknown","grocery",1,1,0,"unknown"
13,167,103,64,"weekday","afternoon","unknown","cold","restaurant",0,1,0,"midday"
13,169,105,64,"weekday","lunch","unknown","unknown","grocery",1,1,0,"midday"
13,174,110,64,"weekend","earlymorning","travelling","freezing","restaurant",0,1,0,"morning"
13,176,112,64,"weekend","afternoon","travelling","unknown","restaurant",0,1,0,"midday"
13,179,115,64,"weekday","breakfast","leisure","unknown","grocery",1,1,1,"morning"
13,188,124,64,"weekday","lunch","shopping","freezing","grocery",0,1,1,"midday"
13,191,127,64,"weekday","afternoon","working","unknown","restaurant",0,1,1,"midday"
13,193,129,64,"weekday","lunch","travelling","unknown","restaurant",0,1,1,"midday"
13,196,132,64,"weekday","afternoon","unknown","unknown","restaurant",0,1,1,"midday"
13,197,133,64,"weekend","afternoon","travelling","warm","restaurant",1,1,1,"midday"
13,202,138,64,"weekday","morning","travelling","freezing","grocery",1,1,1,"morning"
13,203,139,64,"weekday","afternoon","leisure","cold","grocery",0,1,1,"midday"
13,206,142,64,"weekend","beforelunch","unknown","warm","grocery",1,1,1,"midday"
13,218,154,64,"weekday","unknown","travelling","cold","grocery",1,1,1,"unknown"
13,219,155,64,"weekday","breakfast","travelling","cold","restaurant",0,1,1,"morning"
13,228,164,64,"weekday","afternoon","travelling","freezing","grocery",0,1,1,"midday"
13,232,168,64,"weekend","beforelunch","travelling","hot","grocery",0,1,1,"midday"
13,234,170,64,"weekday","afternoon","travelling","unknown","restaurant",0,1,1,"midday"
13,235,171,64,"weekend","lunch","travelling","warm","grocery",0,1,1,"midday"
13,238,174,64,"weekday","lunch","travelling","freezing","restaurant",0,1,1,"midday"
13,240,176,64,"weekday","lunch","travelling","freezing","restaurant",0,1,1,"midday"
13,242,178,64,"weekend","breakfast","travelling","freezing","grocery",0,1,1,"morning"
13,246,182,64,"weekend","dinner","travelling","freezing","grocery",0,1,1,"night"
13,247,183,64,"weekday","morning","travelling","warm","restaurant",0,1,1,"morning"
14,75,0,75,"weekend","lunch","working","cold","restaurant",1,0,0,"midday"
14,78,3,75,"weekday","lunch","travelling","cold","grocery",1,0,0,"midday"
14,79,4,75,"weekend","lunch","leisure","freezing","grocery",0,0,0,"midday"
14,83,8,75,"weekday","lunch","unknown","cold","restaurant",0,0,0,"midday"
14,84,9,75,"weekend","morning","shopping","cold","restaurant",0,0,0,"morning"
14,86,11,75,"weekday","lunch","travelling","cold","grocery",0,0,0,"midday"
14,90,15,75,"weekend","afternoon","morningrituals","cold","grocery",0,0,0,"midday"
14,96,21,75,"weekday","breakfast","travelling","unknown","grocery",1,0,0,"morning"
14,97,22,75,"weekday","morning","travelling","unknown","grocery",1,0,0,"morning"
14,98,23,75,"weekday","lunch","leisure","cold","grocery",0,0,0,"midday"
14,99,24,75,"weekend","beforelunch","leisure","warm","restaurant",0,0,0,"midday"
14,101,26,75,"weekday","breakfast","unknown","warm","restaurant",1,0,0,"morning"
14,103,28,75,"weekday","beforelunch","unknown","cold","grocery",0,0,0,"midday"
14,104,29,75,"weekday","lunch","working","unknown","grocery",0,0,0,"midday"
14,107,32,75,"weekday","lunch","travelling","cold","restaurant",0,0,0,"midday"
14,108,33,75,"weekend","latenight","travelling","unknown","grocery",0,0,0,"night"
14,113,38,75,"weekday","breakfast","travelling","hot","restaurant",0,0,0,"morning"
14,116,41,75,"weekend","afternoon","travelling","freezing","restaurant",0,0,0,"midday"
14,122,47,75,"weekday","unknown","morningrituals","cold","grocery",1,0,0,"unknown"
14,123,48,75,"weekday","breakfast","unknown","cold","grocery",0,0,0,"morning"
14,130,55,75,"weekday","lunch","unknown","hot","grocery",0,0,0,"midday"
14,132,57,75,"weekday","afternoon","unknown","freezing","grocery",1,1,0,"midday"
14,135,60,75,"weekday","afternoon","travelling","warm","grocery",0,1,0,"midday"
14,137,62,75,"unknown","afternoon","travelling","cold","restaurant",0,1,0,"midday"
14,138,63,75,"unknown","lunch","travelling","cold","grocery",0,1,0,"midday"
14,141,66,75,"weekend","beforelunch","travelling","freezing","restaurant",0,1,0,"midday"
14,148,73,75,"weekday","breakfast","unknown","cold","restaurant",1,1,0,"morning"
14,151,76,75,"weekday","unknown","travelling","warm","grocery",0,1,0,"unknown"
14,155,80,75,"weekday","earlymorning","working","cold","restaurant",1,1,0,"morning"
14,163,88,75,"weekday","beforelunch","leisure","cold","grocery",1,1,0,"midday"
14,164,89,75,"weekday","unknown","shopping","warm","restaurant",0,1,0,"unknown"
14,170,95,75,"weekday","breakfast","travelling","unknown","restaurant",0,1,0,"morning"
14,171,96,75,"weekend","lunch","travelling","cold","restaurant",0,1,0,"midday"
14,174,99,75,"weekday","afternoon","travelling","unknown","restaurant",0,1,0,"midday"
14,176,101,75,"weekend","earlymorning","working","cold","restaurant",1,1,0,"morning"
14,179,104,75,"weekday","lunch","unknown","unknown","restaurant",1,1,0,"midday"
14,180,105,75,"weekday","lunch","unknown","warm","restaurant",1,1,0,"midday"
14,181,106,75,"weekend","beforelunch","working","unknown","restaurant",0,1,0,"midday"
14,184,109,75,"weekday","morning","working","cold","grocery",0,1,0,"morning"
14,186,111,75,"weekday","afternoon","leisure","freezing","restaurant",0,1,0,"midday"
14,187,112,75,"weekend","breakfast","travelling","freezing","restaurant",0,1,0,"morning"
14,192,117,75,"weekday","unknown","working","cold","restaurant",0,1,1,"unknown"
14,196,121,75,"weekday","breakfast","travelling","freezing","grocery",0,1,1,"morning"
14,199,124,75,"weekend","beforelunch","leisure","freezing","grocery",1,1,1,"midday"
14,201,126,75,"weekday","morning","leisure","freezing","restaurant",1,1,1,"morning"
14,202,127,75,"weekday","unknown","travelling","cold","grocery",0,1,1,"unknown"
14,204,129,75,"weekday","afternoon","shopping","cold","grocery",0,1,1,"midday"
14,208,133,75,"weekend","breakfast","leisure","hot","grocery",1,1,1,"morning"
14,209,134,75,"weekday","lunch","unknown","freezing","restaurant",0,1,1,"midday"
14,211,136,75,"weekday","dinner","leisure","freezing","grocery",0,1,1,"night"
14,215,140,75,"weekday","dinner","travelling","freezing","grocery",0,1,1,"night"
14,218,143,75,"weekday","breakfast","unknown","hot","grocery",0,1,1,"morning"
14,219,144,75,"weekday","lunch","morningrituals","warm","restaurant",0,1,1,"midday"
14,222,147,75,"weekday","morning","travelling","unknown","grocery",0,1,1,"morning"
14,224,149,75,"weekday","morning","shopping","warm","grocery",1,1,1,"morning"
14,225,150,75,"weekday","lunch","leisure","freezing","restaurant",0,1,1,"midday"
14,227,152,75,"weekday","beforelunch","working","unknown","grocery",1,1,1,"midday"
14,229,154,75,"weekday","morning","unknown","cold","grocery",0,1,1,"morning"
14,231,156,75,"weekday","morning","working","freezing","restaurant",0,1,1,"morning"
14,233,158,75,"weekday","beforelunch","travelling","freezing","restaurant",1,1,1,"midday"
14,237,162,75,"weekday","afternoon","shopping","cold","restaurant",1,1,1,"midday"
14,238,163,75,"unknown","beforelunch","travelling","cold","restaurant",0,1,1,"midday"
14,239,164,75,"weekend","afternoon","shopping","cold","restaurant",1,1,1,"midday"
14,243,168,75,"weekday","afternoon","working","cold","grocery",1,1,1,"midday"
14,246,171,75,"weekday","beforelunch","shopping","unknown","restaurant",1,1,1,"midday"
14,249,174,75,"weekday","lunch","travelling","cold","restaurant",0,1,1,"midday"
14,256,181,75,"weekend","lunch","travelling","freezing","grocery",0,1,1,"midday"
14,258,183,75,"weekday","night","travelling","cold","restaurant",0,1,1,"night"
15,92,5,87,"weekday","morning","travelling","unknown","grocery",0,0,0,"morning"
15,100,13,87,"weekday","beforelunch","unknown","cold","grocery",0,0,0,"midday"
15,132,45,87,"weekday","afternoon","travelling","unknown","grocery",1,0,0,"midday"
15,150,63,87,"weekend","lunch","travelling","warm","grocery",1,1,0,"midday"
15,175,88,87,"weekend","afternoon","travelling","cold","grocery",1,1,0,"midday"
15,192,105,87,"weekday","breakfast","travelling","hot","grocery",0,1,0,"morning"
15,211,124,87,"weekend","lunch","housework","freezing","restaurant",1,1,1,"midday"
16,101,2,99,"weekday","unknown","unknown","freezing","grocery",1,0,0,"unknown"
16,102,3,99,"weekday","beforelunch","morningrituals","freezing","restaurant",0,0,0,"midday"
16,104,5,99,"weekday","morning","unknown","cold","grocery",0,0,0,"morning"
16,106,7,99,"weekday","lunch","travelling","freezing","restaurant",0,0,0,"midday"
16,107,8,99,"weekday","beforelunch","unknown","freezing","restaurant",0,0,0,"midday"
16,108,9,99,"weekend","lunch","travelling","hot","restaurant",0,0,0,"midday"
16,109,10,99,"weekday","beforelunch","travelling","unknown","restaurant",0,0,0,"midday"
16,110,11,99,"weekend","afternoon","leisure","hot","grocery",0,0,0,"midday"
16,113,14,99,"weekday","afternoon","morningrituals","cold","restaurant",1,0,0,"midday"
16,114,15,99,"weekday","afternoon","shopping","cold","grocery",0,0,0,"midday"
16,115,16,99,"weekday","earlymorning","travelling","cold","restaurant",1,0,0,"morning"
16,116,17,99,"weekend","unknown","travelling","cold","grocery",1,0,0,"unknown"
16,118,19,99,"weekday","afternoon","travelling","cold","grocery",1,0,0,"midday"
16,121,22,99,"weekday","unknown","leisure","cold","grocery",0,0,0,"unknown"
16,122,23,99,"weekend","beforelunch","unknown","cold","grocery",0,0,0,"midday"
16,124,25,99,"weekday","afternoon","travelling","cold","restaurant",0,0,0,"midday"
16,125,26,99,"weekday","afternoon","leisure","cold","restaurant",1,0,0,"midday"
16,126,27,99,"weekend","unknown","travelling","cold","restaurant",0,0,0,"unknown"
16,128,29,99,"weekday","afternoon","travelling","cold","grocery",0,0,0,"midday"
16,129,30,99,"weekday","breakfast","unknown","freezing","grocery",1,0,0,"morning"
16,130,31,99,"weekday","lunch","travelling","cold","grocery",0,0,0,"midday"
16,132,33,99,"weekday","beforelunch","working","freezing","restaurant",0,0,0,"midday"
16,133,34,99,"weekend","breakfast","travelling","cold","grocery",1,0,0,"morning"
16,134,35,99,"weekend","beforelunch","shopping","freezing","grocery",1,0,0,"midday"
16,135,36,99,"weekday","afternoon","working","unknown","restaurant",0,0,0,"midday"
16,136,37,99,"weekday","morning","shopping","freezing","restaurant",0,0,0,"morning"
16,139,40,99,"weekday","breakfast","travelling","freezing","restaurant",0,0,0,"morning"
16,140,41,99,"weekday","breakfast","travelling","freezing","grocery",1,0,0,"morning"
16,142,43,99,"weekday","afternoon","working","unknown","restaurant",1,0,0,"midday"
16,144,45,99,"weekday","beforelunch","travelling","unknown","restaurant",0,0,0,"midday"
16,145,46,99,"weekday","beforelunch","travelling","freezing","grocery",0,0,0,"midday"
16,146,47,99,"weekend","evening","working","cold","restaurant",1,0,0,"night"
16,147,48,99,"weekday","beforelunch","travelling","hot","restaurant",1,0,0,"midday"
16,148,49,99,"weekday","morning","working","freezing","grocery",0,0,0,"morning"
16,149,50,99,"weekday","afternoon","morningrituals","warm","grocery",1,0,0,"midday"
16,150,51,99,"weekday","afternoon","shopping","cold","grocery",0,0,0,"midday"
16,151,52,99,"weekday","beforelunch","shopping","freezing","grocery",0,0,0,"midday"
16,153,54,99,"weekend","beforelunch","working","unknown","restaurant",0,0,0,"midday"
16,154,55,99,"weekend","beforelunch","travelling","unknown","restaurant",1,0,0,"midday"
16,155,56,99,"weekday","breakfast","travelling","cold","restaurant",0,0,0,"morning"
16,157,58,99,"weekday","breakfast","travelling","freezing","grocery",0,1,0,"morning"
16,158,59,99,"weekday","lunch","leisure","warm","restaurant",1,1,0,"midday"
16,159,60,99,"weekend","afternoon","unknown","warm","restaurant",0,1,0,"midday"
16,161,62,99,"weekday","lunch","unknown","cold","restaurant",0,1,0,"midday"
16,163,64,99,"weekday","afternoon","shopping","warm","restaurant",0,1,0,"midday"
16,164,65,99,"weekend","afternoon","travelling","cold","grocery",0,1,0,"midday"
16,165,66,99,"weekday","beforelunch","travelling","warm","grocery",0,1,0,"midday"
16,166,67,99,"weekday","afternoon","shopping","warm","grocery",1,1,0,"midday"
16,167,68,99,"weekend","afternoon","unknown","warm","grocery",0,1,0,"midday"
16,168,69,99,"weekday","morning","travelling","unknown","grocery",0,1,0,"morning"
16,171,72,99,"weekday","breakfast","travelling","warm","grocery",0,1,0,"morning"
16,173,74,99,"weekday","lunch","travelling","freezing","grocery",0,1,0,"midday"
16,174,75,99,"weekday","morning","travelling","unknown","restaurant",1,1,0,"morning"
16,175,76,99,"weekend","afternoon","travelling","unknown","grocery",0,1,0,"midday"
16,176,77,99,"weekday","afternoon","unknown","hot","grocery",1,1,0,"midday"
16,178,79,99,"weekend","beforelunch","leisure","cold","grocery",0,1,0,"midday"
16,180,81,99,"weekday","beforelunch","unknown","cold","grocery",0,1,0,"midday"
16,181,82,99,"unknown","lunch","unknown","freezing","grocery",0,1,0,"midday"
16,182,83,99,"weekend","afternoon","unknown","warm","restaurant",1,1,0,"midday"
16,183,84,99,"weekend","morning","unknown","freezing","grocery",0,1,0,"morning"
16,184,85,99,"weekday","lunch","unknown","cold","grocery",0,1,0,"midday"
16,185,86,99,"weekday","beforelunch","working","warm","restaurant",0,1,0,"midday"
16,188,89,99,"weekday","beforelunch","unknown","cold","restaurant",1,1,0,"midday"
16,189,90,99,"weekday","lunch","travelling","freezing","grocery",1,1,0,"midday"
16,190,91,99,"weekday","afternoon","travelling","hot","grocery",0,1,0,"midday"
16,192,93,99,"weekday","beforelunch","leisure","freezing","grocery",0,1,0,"midday"
16,193,94,99,"weekend","afternoon","travelling","warm","grocery",0,1,0,"midday"
16,194,95,99,"weekday","lunch","travelling","cold","restaurant",0,1,0,"midday"
16,196,97,99,"weekday","lunch","travelling","warm","grocery",1,1,0,"midday"
16,197,98,99,"weekday","beforelunch","unknown","hot","restaurant",0,1,0,"midday"
16,198,99,99,"weekend","lunch","travelling","warm","grocery",0,1,0,"midday"
16,199,100,99,"weekday","afternoon","unknown","warm","grocery",1,1,0,"midday"
16,200,101,99,"weekend","breakfast","travelling","unknown","restaurant",0,1,0,"morning"
16,201,102,99,"weekend","beforelunch","leisure","cold","restaurant",0,1,0,"midday"
16,202,103,99,"weekday","lunch","unknown","hot","grocery",0,1,0,"midday"
16,205,106,99,"weekday","afternoon","unknown","freezing","restaurant",1,1,0,"midday"
16,206,107,99,"weekday","lunch","travelling","freezing","grocery",1,1,0,"midday"
16,207,108,99,"weekday","breakfast","leisure","hot","restaurant",0,1,0,"morning"
16,208,109,99,"weekend","afternoon","unknown","warm","grocery",1,1,0,"midday"
16,209,110,99,"weekday","afternoon","travelling","cold","restaurant",0,1,0,"midday"
16,211,112,99,"weekday","afternoon","travelling","cold","grocery",1,1,0,"midday"
16,212,113,99,"weekday","afternoon","unknown","freezing","grocery",0,1,1,"midday"
16,213,114,99,"weekend","night","shopping","cold","restaurant",1,1,1,"night"
16,214,115,99,"weekend","beforelunch","travelling","unknown","restaurant",0,1,1,"midday"
16,216,117,99,"weekday","afternoon","travelling","cold","restaurant",0,1,1,"midday"
16,217,118,99,"weekday","afternoon","shopping","unknown","grocery",0,1,1,"midday"
16,218,119,99,"weekday","unknown","shopping","cold","restaurant",0,1,1,"unknown"
16,219,120,99,"weekday","afternoon","travelling","cold","restaurant",1,1,1,"midday"
16,221,122,99,"weekday","lunch","travelling","hot","grocery",1,1,1,"midday"
16,222,123,99,"weekday","afternoon","unknown","warm","grocery",1,1,1,"midday"
16,223,124,99,"weekday","afternoon","travelling","cold","restaurant",0,1,1,"midday"
16,225,126,99,"weekday","lunch","travelling","hot","grocery",0,1,1,"midday"
16,226,127,99,"weekend","lunch","working","unknown","grocery",1,1,1,"midday"
16,227,128,99,"weekend","breakfast","morningrituals","warm","grocery",0,1,1,"morning"
16,228,129,99,"weekday","beforelunch","travelling","cold","restaurant",0,1,1,"midday"
16,229,130,99,"weekday","afternoon","leisure","cold","grocery",0,1,1,"midday"
16,230,131,99,"weekday","lunch","travelling","unknown","grocery",0,1,1,"midday"
16,231,132,99,"weekend","beforelunch","unknown","hot","grocery",0,1,1,"midday"
16,232,133,99,"weekday","afternoon","travelling","freezing","restaurant",0,1,1,"midday"
16,233,134,99,"weekday","morning","travelling","hot","grocery",0,1,1,"morning"
16,236,137,99,"weekday","unknown","travelling","freezing","grocery",0,1,1,"unknown"
16,237,138,99,"weekday","beforelunch","unknown","freezing","restaurant",0,1,1,"midday"
16,238,139,99,"weekday","lunch","travelling","warm","restaurant",0,1,1,"midday"
16,239,140,99,"weekday","afternoon","leisure","warm","restaurant",1,1,1,"midday"
16,240,141,99,"weekday","lunch","leisure","warm","grocery",1,1,1,"midday"
16,241,142,99,"weekday","afternoon","travelling","cold","restaurant",1,1,1,"midday"
16,243,144,99,"weekday","dinner","travelling","cold","grocery",0,1,1,"night"
16,245,146,99,"weekday","breakfast","travelling","unknown","restaurant",1,1,1,"morning"
16,246,147,99,"weekday","afternoon","travelling","freezing","restaurant",0,1,1,"midday"
16,247,148,99,"weekday","afternoon","travelling","freezing","restaurant",1,1,1,"midday"
16,249,150,99,"weekend","lunch","travelling","cold","grocery",0,1,1,"midday"
16,250,151,99,"weekend","lunch","unknown","hot","grocery",0,1,1,"midday"
16,251,152,99,"weekday","lunch","working","cold","restaurant",0,1,1,"midday"
16,252,153,99,"weekday","morning","unknown","unknown","grocery",1,1,1,"morning"
16,253,154,99,"weekend","afternoon","travelling","warm","restaurant",0,1,1,"midday"
16,254,155,99,"weekday","beforelunch","travelling","unknown","restaurant",0,1,1,"midday"
16,256,157,99,"weekday","afternoon","travelling","warm","grocery",0,1,1,"midday"
16,258,159,99,"weekend","lunch","travelling","cold","restaurant",0,1,1,"midday"
16,259,160,99,"weekday","lunch","travelling","unknown","grocery",0,1,1,"midday"
16,260,161,99,"weekend","lunch","travelling","cold","grocery",1,1,1,"midday"
16,261,162,99,"weekday","lunch","travelling","hot","restaurant",1,1,1,"midday"
16,262,163,99,"weekend","beforelunch","unknown","cold","grocery",0,1,1,"midday"
16,263,164,99,"unknown","beforelunch","travelling","warm","grocery",1,1,1,"midday"
16,264,165,99,"weekend","afternoon","travelling","warm","restaurant",0,1,1,"midday"
16,265,166,99,"weekday","breakfast","shopping","cold","grocery",0,1,1,"morning"
16,266,167,99,"weekday","afternoon","leisure","cold","restaurant",1,1,1,"midday"
16,268,169,99,"weekday","afternoon","morningrituals","freezing","restaurant",0,1,1,"midday"
16,269,170,99,"unknown","beforelunch","travelling","cold","grocery",1,1,1,"midday"
16,271,172,99,"weekday","morning","unknown","cold","grocery",1,1,1,"morning"
16,272,173,99,"weekday","afternoon","travelling","hot","restaurant",0,1,1,"midday"
16,273,174,99,"weekend","afternoon","working","cold","grocery",0,1,1,"midday"
16,274,175,99,"weekday","lunch","unknown","freezing","grocery",1,1,1,"midday"
16,275,176,99,"weekend","lunch","travelling","unknown","restaurant",0,1,1,"midday"
16,276,177,99,"weekday","breakfast","working","cold","grocery",0,1,1,"morning"
16,277,178,99,"weekday","earlymorning","travelling","warm","restaurant",0,1,1,"morning"
16,280,181,99,"weekday","beforelunch","travelling","unknown","restaurant",0,1,1,"midday"
16,281,182,99,"weekday","lunch","travelling","unknown","grocery",0,1,1,"midday"
16,282,183,99,"weekday","beforelunch","travelling","cold","grocery",0,1,1,"midday"
17,104,0,104,"unknown","beforelunch","working","freezing","restaurant",0,0,0,"midday"
17,105,1,104,"weekday","beforelunch","travelling","freezing","restaurant",0,0,0,"midday"
17,106,2,104,"weekday","unknown","morningrituals","freezing","grocery",0,0,0,"unknown"
17,111,7,104,"weekend","afternoon","leisure","warm","restaurant",0,0,0,"midday"
17,112,8,104,"weekday","lunch","travelling","warm","grocery",1,0,0,"midday"
17,114,10,104,"weekday","lunch","travelling","cold","restaurant",0,0,0,"midday"
17,115,11,104,"weekday","morning","leisure","unknown","restaurant",0,0,0,"morning"
17,116,12,104,"weekday","lunch","travelling","unknown","restaurant",1,0,0,"midday"
17,118,14,104,"weekday","beforelunch","travelling","freezing","grocery",1,0,0,"midday"
17,120,16,104,"weekday","afternoon","travelling","cold","grocery",0,0,0,"midday"
17,131,27,104,"weekend","lunch","travelling","cold","grocery",0,0,0,"midday"
17,132,28,104,"weekday","beforelunch","working","freezing","restaurant",1,0,0,"midday"
17,134,30,104,"weekday","afternoon","travelling","freezing","grocery",0,0,0,"midday"
17,139,35,104,"weekday","beforelunch","morningrituals","warm","restaurant",0,0,0,"midday"
17,140,36,104,"weekend","afternoon","housework","warm","grocery",0,0,0,"midday"
17,145,41,104,"weekday","lunch","travelling","hot","grocery",0,0,0,"midday"
17,147,43,104,"weekday","lunch","travelling","cold","grocery",0,0,0,"midday"
17,151,47,104,"weekday","earlymorning","leisure","cold","grocery",0,0,0,"morning"
17,155,51,104,"weekday","breakfast","unknown","unknown","restaurant",0,0,0,"morning"
17,156,52,104,"weekday","afternoon","unknown","cold","restaurant",1,0,0,"midday"
17,157,53,104,"weekday","breakfast","travelling","unknown","grocery",1,0,0,"morning"
17,158,54,104,"weekday","breakfast","working","cold","grocery",0,0,0,"morning"
17,164,60,104,"weekend","breakfast","travelling","hot","restaurant",0,1,0,"morning"
17,165,61,104,"weekday","lunch","unknown","cold","restaurant",0,1,0,"midday"
17,171,67,104,"weekday","beforelunch","travelling","cold","grocery",1,1,0,"midday"
17,174,70,104,"weekday","beforelunch","travelling","warm","grocery",1,1,0,"midday"
17,177,73,104,"weekday","afternoon","unknown","cold","restaurant",1,1,0,"midday"
17,179,75,104,"weekend","unknown","working","cold","grocery",1,1,0,"unknown"
17,180,76,104,"weekday","afternoon","unknown","unknown","restaurant",0,1,0,"midday"
17,181,77,104,"weekday","lunch","leisure","warm","restaurant",0,1,0,"midday"
17,182,78,104,"weekday","lunch","travelling","warm","grocery",0,1,0,"midday"
17,183,79,104,"weekday","lunch","unknown","freezing","grocery",1,1,0,"midday"
17,186,82,104,"weekday","afternoon","travelling","warm","restaurant",1,1,0,"midday"
17,187,83,104,"weekday","unknown","travelling","warm","grocery",1,1,0,"unknown"
17,188,84,104,"weekday","breakfast","working","unknown","grocery",0,1,0,"morning"
17,190,86,104,"weekday","morning","travelling","cold","grocery",0,1,0,"morning"
17,192,88,104,"weekday","breakfast","travelling","cold","grocery",1,1,0,"morning"
17,194,90,104,"weekday","beforelunch","travelling","cold","restaurant",1,1,0,"midday"
17,201,97,104,"weekend","afternoon","travelling","freezing","grocery",0,1,0,"midday"
17,205,101,104,"weekday","unknown","travelling","warm","grocery",0,1,0,"unknown"
17,206,102,104,"weekday","earlymorning","unknown","cold","grocery",0,1,0,"morning"
17,209,105,104,"weekday","lunch","shopping","unknown","grocery",0,1,0,"midday"
17,215,111,104,"weekday","afternoon","travelling","unknown","grocery",0,1,0,"midday"
17,217,113,104,"weekday","breakfast","travelling","freezing","restaurant",0,1,1,"morning"
17,219,115,104,"weekday","afternoon","travelling","unknown","restaurant",1,1,1,"midday"
17,220,116,104,"weekday","afternoon","travelling","cold","restaurant",0,1,1,"midday"
17,223,119,104,"weekday","evening","travelling","hot","restaurant",0,1,1,"night"
17,224,120,104,"weekend","afternoon","working","hot","restaurant",0,1,1,"midday"
17,229,125,104,"weekday","lunch","travelling","freezing","grocery",0,1,1,"midday"
17,233,129,104,"weekday","afternoon","working","cold","restaurant",1,1,1,"midday"
17,237,133,104,"weekday","afternoon","shopping","cold","grocery",0,1,1,"midday"
17,239,135,104,"weekday","morning","travelling","cold","grocery",0,1,1,"morning"
17,248,144,104,"weekday","beforelunch","travelling","cold","grocery",0,1,1,"midday"
17,258,154,104,"weekday","afternoon","shopping","cold","restaurant",0,1,1,"midday"
17,259,155,104,"weekday","afternoon","travelling","warm","restaurant",0,1,1,"midday"
17,261,157,104,"weekday","afternoon","shopping","cold","grocery",0,1,1,"midday"
17,262,158,104,"weekday","dinner","travelling","cold","grocery",0,1,1,"night"
17,264,160,104,"weekday","beforelunch","travelling","freezing","grocery",0,1,1,"midday"
17,268,164,104,"weekday","breakfast","unknown","cold","grocery",1,1,1,"morning"
17,271,167,104,"weekday","morning","travelling","cold","restaurant",1,1,1,"morning"
17,272,168,104,"weekday","beforelunch","travelling","freezing","restaurant",0,1,1,"midday"
17,273,169,104,"weekday","lunch","travelling","cold","restaurant",0,1,1,"midday"
17,286,182,104,"weekday","lunch","unknown","freezing","grocery",0,1,1,"midday"
18,116,1,115,"weekday","beforelunch","travelling","freezing","restaurant",0,0,0,"midday"
18,117,2,115,"weekday","beforelunch","leisure","freezing","grocery",0,0,0,"midday"
18,134,19,115,"weekday","breakfast","travelling","warm","grocery",0,0,0,"morning"
18,142,27,115,"weekday","afternoon","travelling","unknown","grocery",0,0,0,"midday"
18,150,35,115,"weekday","afternoon","unknown","warm","grocery",1,0,0,"midday"
18,151,36,115,"weekend","afternoon","unknown","warm","restaurant",1,0,0,"midday"
18,158,43,115,"weekday","breakfast","unknown","freezing","restaurant",0,0,0,"morning"
18,162,47,115,"weekday","beforelunch","travelling","warm","restaurant",0,0,0,"midday"
18,163,48,115,"weekday","lunch","working","freezing","restaurant",0,0,0,"midday"
18,166,51,115,"weekday","evening","travelling","cold","restaurant",0,0,0,"night"
18,169,54,115,"weekday","afternoon","leisure","unknown","restaurant",1,0,0,"midday"
18,172,57,115,"weekday","afternoon","leisure","unknown","restaurant",0,1,0,"midday"
18,173,58,115,"weekday","lunch","unknown","cold","grocery",0,1,0,"midday"
18,176,61,115,"weekend","beforelunch","shopping","freezing","restaurant",0,1,0,"midday"
18,181,66,115,"weekday","afternoon","travelling","freezing","restaurant",1,1,0,"midday"
18,185,70,115,"weekend","lunch","travelling","freezing","grocery",1,1,0,"midday"
18,186,71,115,"weekday","morning","unknown","freezing","restaurant",0,1,0,"morning"
18,194,79,115,"weekday","lunch","travelling","cold","grocery",0,1,0,"midday"
18,195,80,115,"weekday","morning","working","freezing","restaurant",0,1,0,"morning"
18,201,86,115,"weekday","afternoon","unknown","cold","restaurant",0,1,0,"midday"
18,202,87,115,"weekday","afternoon","travelling","cold","grocery",1,1,0,"midday"
18,204,89,115,"weekday","afternoon","travelling","cold","grocery",0,1,0,"midday"
18,209,94,115,"weekday","afternoon","travelling","cold","grocery",1,1,0,"midday"
18,217,102,115,"weekday","lunch","travelling","freezing","grocery",0,1,0,"midday"
18,225,110,115,"weekday","earlymorning","travelling","freezing","restaurant",1,1,0,"morning"
18,231,116,115,"weekday","lunch","travelling","unknown","grocery",1,1,1,"midday"
18,241,126,115,"weekday","unknown","travelling","warm","grocery",1,1,1,"unknown"
18,242,127,115,"weekday","beforelunch","travelling","freezing","grocery",0,1,1,"midday"
18,244,129,115,"weekday","lunch","travelling","cold","grocery",0,1,1,"midday"
18,246,131,115,"weekday","afternoon","travelling","unknown","restaurant",0,1,1,"midday"
18,255,140,115,"weekday","afternoon","working","unknown","grocery",1,1,1,"midday"
18,257,142,115,"weekend","afternoon","travelling","cold","restaurant",0,1,1,"midday"
18,266,151,115,"weekend","afternoon","travelling","freezing","restaurant",1,1,1,"midday"
18,273,158,115,"weekday","afternoon","travelling","cold","restaurant",0,1,1,"midday"
18,275,160,115,"weekday","afternoon","travelling","cold","grocery",0,1,1,"midday"
18,279,164,115,"weekday","lunch","travelling","cold","grocery",1,1,1,"midday"
18,280,165,115,"weekend","breakfast","travelling","cold","restaurant",0,1,1,"morning"
18,283,168,115,"unknown","morning","unknown","warm","grocery",0,1,1,"morning"
18,288,173,115,"weekday","beforelunch","travelling","freezing","grocery",0,1,1,"midday"
18,290,175,115,"weekday","afternoon","travelling","hot","restaurant",1,1,1,"midday"
18,291,176,115,"weekday","lunch","travelling","unknown","restaurant",1,1,1,"midday"
18,292,177,115,"weekday","lunch","morningrituals","cold","restaurant",0,1,1,"midday"
18,295,180,115,"weekend","lunch","travelling","warm","restaurant",0,1,1,"midday"
18,298,183,115,"weekday","afternoon","working","warm","grocery",0,1,1,"midday"
19,119,3,116,"weekday","lunch","leisure","cold","grocery",0,0,0,"midday"
19,120,4,116,"weekday","breakfast","travelling","cold","restaurant",0,0,0,"morning"
19,121,5,116,"weekday","beforelunch","unknown","warm","grocery",1,0,0,"midday"
19,127,11,116,"weekday","breakfast","travelling","hot","grocery",1,0,0,"morning"
19,129,13,116,"weekday","earlymorning","travelling","cold","restaurant",1,0,0,"morning"
19,132,16,116,"weekday","beforelunch","travelling","cold","grocery",0,0,0,"midday"
19,133,17,116,"weekend","earlymorning","travelling","freezing","grocery",0,0,0,"morning"
19,137,21,116,"weekend","afternoon","travelling","unknown","restaurant",0,0,0,"midday"
19,141,25,116,"weekend","afternoon","travelling","cold","restaurant",1,0,0,"midday"
19,146,30,116,"weekend","beforelunch","travelling","cold","grocery",0,0,0,"midday"
19,149,33,116,"weekday","evening","travelling","cold","restaurant",1,0,0,"night"
19,151,35,116,"weekday","lunch","travelling","unknown","grocery",0,0,0,"midday"
19,156,40,116,"weekend","afternoon","travelling","freezing","grocery",0,0,0,"midday"
19,163,47,116,"weekend","unknown","shopping","hot","grocery",1,0,0,"unknown"
19,164,48,116,"weekday","lunch","travelling","unknown","restaurant",0,0,0,"midday"
19,171,55,116,"weekday","breakfast","travelling","freezing","restaurant",0,0,0,"morning"
19,172,56,116,"weekday","afternoon","travelling","cold","grocery",0,0,0,"midday"
19,174,58,116,"weekday","beforelunch","travelling","freezing","grocery",1,1,0,"midday"
19,178,62,116,"weekday","beforelunch","unknown","warm","grocery",0,1,0,"midday"
19,184,68,116,"weekday","breakfast","travelling","unknown","grocery",0,1,0,"morning"
19,190,74,116,"weekday","afternoon","travelling","cold","restaurant",0,1,0,"midday"
19,194,78,116,"weekday","lunch","travelling","cold","grocery",0,1,0,"midday"
19,204,88,116,"weekend","afternoon","travelling","unknown","restaurant",0,1,0,"midday"
19,211,95,116,"weekday","afternoon","travelling","warm","grocery",0,1,0,"midday"
19,212,96,116,"weekday","afternoon","unknown","cold","restaurant",1,1,0,"midday"
19,216,100,116,"weekend","afternoon","working","cold","grocery",0,1,0,"midday"
19,224,108,116,"weekday","beforelunch","working","cold","grocery",0,1,0,"midday"
19,227,111,116,"weekend","lunch","shopping","freezing","grocery",0,1,0,"midday"
19,233,117,116,"weekend","lunch","travelling","cold","grocery",0,1,1,"midday"
19,236,120,116,"weekend","lunch","working","freezing","grocery",0,1,1,"midday"
19,238,122,116,"weekday","afternoon","working","warm","grocery",0,1,1,"midday"
19,240,124,116,"weekend","afternoon","travelling","warm","restaurant",0,1,1,"midday"
19,244,128,116,"weekday","lunch","travelling","freezing","grocery",0,1,1,"midday"
19,245,129,116,"weekday","lunch","travelling","unknown","grocery",0,1,1,"midday"
19,247,131,116,"weekday","afternoon","leisure","cold","restaurant",0,1,1,"midday"
19,251,135,116,"weekday","lunch","shopping","warm","restaurant",0,1,1,"midday"
19,253,137,116,"weekday","afternoon","travelling","freezing","restaurant",0,1,1,"midday"
19,260,144,116,"weekend","beforelunch","travelling","unknown","grocery",0,1,1,"midday"
19,265,149,116,"weekday","evening","travelling","cold","grocery",1,1,1,"night"
19,269,153,116,"weekday","lunch","shopping","unknown","restaurant",1,1,1,"midday"
19,278,162,116,"weekday","lunch","housework","warm","restaurant",1,1,1,"midday"
19,287,171,116,"weekday","breakfast","unknown","warm","grocery",0,1,1,"morning"
19,288,172,116,"weekend","afternoon","travelling","cold","restaurant",1,1,1,"midday"
19,292,176,116,"weekday","breakfast","travelling","unknown","restaurant",0,1,1,"morning"
19,293,177,116,"weekday","afternoon","travelling","hot","restaurant",0,1,1,"midday"
19,297,181,116,"weekday","afternoon","unknown","cold","restaurant",0,1,1,"midday"
20,152,35,117,"weekday","lunch","travelling","cold","grocery",1,0,0,"midday"
20,194,77,117,"weekday","afternoon","travelling","cold","grocery",0,1,0,"midday"
20,204,87,117,"weekday","lunch","travelling","unknown","restaurant",1,1,0,"midday"
20,233,116,117,"weekend","afternoon","travelling","warm","grocery",0,1,1,"midday"
20,250,133,117,"weekday","lunch","unknown","warm","restaurant",0,1,1,"midday"
20,269,152,117,"weekday","beforelunch","morningrituals","cold","grocery",0,1,1,"midday"
20,285,168,117,"weekend","beforelunch","travelling","cold","grocery",1,1,1,"midday"
21,126,3,123,"weekday","morning","travelling","cold","restaurant",1,0,0,"morning"
21,133,10,123,"weekend","lunch","travelling","cold","grocery",0,0,0,"midday"
21,148,25,123,"weekday","beforelunch","leisure","cold","restaurant",1,0,0,"midday"
21,149,26,123,"weekday","breakfast","unknown","cold","grocery",1,0,0,"morning"
21,153,30,123,"weekday","beforelunch","travelling","cold","grocery",1,0,0,"midday"
21,162,39,123,"unknown","beforelunch","travelling","warm","grocery",0,0,0,"midday"
21,180,57,123,"weekday","lunch","leisure","unknown","grocery",0,1,0,"midday"
21,187,64,123,"weekday","lunch","leisure","cold","grocery",0,1,0,"midday"
21,202,79,123,"weekday","afternoon","travelling","cold","grocery",0,1,0,"midday"
21,204,81,123,"weekday","afternoon","working","cold","grocery",0,1,0,"midday"
21,248,125,123,"weekday","afternoon","unknown","unknown","restaurant",0,1,1,"midday"
22,125,0,125,"weekday","afternoon","unknown","unknown","restaurant",0,0,0,"midday"
22,126,1,125,"weekday","beforelunch","travelling","cold","grocery",0,0,0,"midday"
22,127,2,125,"weekend","lunch","leisure","warm","grocery",0,0,0,"midday"
22,128,3,125,"weekday","lunch","unknown","cold","grocery",0,0,0,"midday"
22,132,7,125,"weekday","afternoon","travelling","unknown","grocery",1,0,0,"midday"
22,133,8,125,"weekday","beforelunch","workingout","cold","restaurant",0,0,0,"midday"
22,134,9,125,"weekday","afternoon","travelling","cold","restaurant",0,0,0,"midday"
22,136,11,125,"weekday","beforelunch","travelling","freezing","restaurant",1,0,0,"midday"
22,137,12,125,"weekday","beforelunch","travelling","cold","grocery",1,0,0,"midday"
22,138,13,125,"weekday","lunch","travelling","unknown","restaurant",0,0,0,"midday"
22,141,16,125,"weekday","afternoon","travelling","freezing","restaurant",1,0,0,"midday"
22,142,17,125,"weekday","evening","travelling","freezing","grocery",0,0,0,"night"
22,143,18,125,"weekend","afternoon","working","hot","restaurant",1,0,0,"midday"
22,146,21,125,"weekday","morning","unknown","cold","grocery",0,0,0,"morning"
22,147,22,125,"weekday","lunch","travelling","freezing","grocery",0,0,0,"midday"
22,148,23,125,"weekday","beforelunch","travelling","freezing","restaurant",0,0,0,"midday"
22,149,24,125,"weekend","afternoon","working","unknown","grocery",0,0,0,"midday"
22,150,25,125,"weekday","morning","travelling","unknown","grocery",0,0,0,"morning"
22,152,27,125,"weekday","afternoon","shopping","cold","restaurant",0,0,0,"midday"
22,156,31,125,"weekday","afternoon","travelling","unknown","restaurant",1,0,0,"midday"
22,157,32,125,"weekday","beforelunch","travelling","cold","grocery",0,0,0,"midday"
22,158,33,125,"weekday","morning","travelling","cold","grocery",0,0,0,"morning"
22,163,38,125,"weekday","beforelunch","travelling","cold","grocery",1,0,0,"midday"
22,165,40,125,"weekend","lunch","unknown","cold","grocery",1,0,0,"midday"
22,166,41,125,"weekend","beforelunch","morningrituals","cold","restaurant",0,0,0,"midday"
22,168,43,125,"weekday","breakfast","travelling","unknown","grocery",1,0,0,"morning"
22,169,44,125,"weekday","beforelunch","unknown","cold","grocery",1,0,0,"midday"
22,170,45,125,"weekday","breakfast","travelling","cold","grocery",0,0,0,"morning"
22,173,48,125,"weekday","lunch","working","cold","grocery",1,0,0,"midday"
22,175,50,125,"weekday","lunch","travelling","warm","grocery",0,0,0,"midday"
22,181,56,125,"weekday","afternoon","travelling","freezing","restaurant",0,0,0,"midday"
22,183,58,125,"unknown","dinner","travelling","cold","grocery",0,1,0,"night"
22,185,60,125,"weekday","afternoon","unknown","unknown","grocery",0,1,0,"midday"
22,187,62,125,"weekday","lunch","travelling","cold","restaurant",1,1,0,"midday"
22,188,63,125,"weekday","lunch","unknown","unknown","restaurant",0,1,0,"midday"
22,189,64,125,"weekday","lunch","travelling","cold","restaurant",1,1,0,"midday"
22,191,66,125,"weekday","evening","unknown","cold","grocery",0,1,0,"night"
22,192,67,125,"weekday","beforelunch","leisure","cold","grocery",0,1,0,"midday"
22,193,68,125,"weekday","beforelunch","travelling","cold","restaurant",1,1,0,"midday"
22,194,69,125,"weekday","lunch","travelling","cold","grocery",0,1,0,"midday"
22,195,70,125,"weekday","afternoon","travelling","hot","restaurant",0,1,0,"midday"
22,198,73,125,"weekday","breakfast","travelling","freezing","grocery",1,1,0,"morning"
22,199,74,125,"weekday","lunch","leisure","hot","grocery",0,1,0,"midday"
22,200,75,125,"weekday","breakfast","travelling","cold","restaurant",1,1,0,"morning"
22,201,76,125,"weekday","morning","unknown","warm","restaurant",1,1,0,"morning"
22,202,77,125,"weekday","afternoon","travelling","cold","grocery",0,1,0,"midday"
22,204,79,125,"weekday","evening","travelling","freezing","grocery",1,1,0,"night"
22,210,85,125,"weekend","breakfast","travelling","cold","grocery",0,1,0,"morning"
22,211,86,125,"weekday","lunch","unknown","cold","restaurant",0,1,0,"midday"
22,212,87,125,"weekday","morning","leisure","cold","restaurant",0,1,0,"morning"
22,213,88,125,"weekday","afternoon","morningrituals","freezing","restaurant",0,1,0,"midday"
22,214,89,125,"weekday","afternoon","shopping","hot","grocery",0,1,0,"midday"
22,215,90,125,"weekday","morning","unknown","unknown","restaurant",0,1,0,"morning"
22,216,91,125,"weekday","breakfast","travelling","freezing","grocery",1,1,0,"morning"
22,218,93,125,"weekend","breakfast","travelling","unknown","restaurant",0,1,0,"morning"
22,219,94,125,"weekday","lunch","travelling","cold","restaurant",0,1,0,"midday"
22,220,95,125,"weekday","lunch","unknown","cold","grocery",1,1,0,"midday"
22,221,96,125,"weekday","afternoon","unknown","freezing","restaurant",0,1,0,"midday"
22,222,97,125,"weekday","beforelunch","travelling","freezing","restaurant",1,1,0,"midday"
22,223,98,125,"weekday","breakfast","shopping","unknown","grocery",0,1,0,"morning"
22,227,102,125,"weekday","lunch","working","cold","grocery",0,1,0,"midday"
22,229,104,125,"weekday","afternoon","leisure","hot","grocery",0,1,0,"midday"
22,232,107,125,"weekend","afternoon","travelling","unknown","grocery",0,1,0,"midday"
22,235,110,125,"weekday","morning","leisure","cold","grocery",0,1,0,"morning"
22,236,111,125,"weekday","breakfast","travelling","freezing","restaurant",0,1,0,"morning"
22,237,112,125,"weekday","breakfast","working","freezing","grocery",0,1,0,"morning"
22,239,114,125,"weekend","beforelunch","travelling","hot","grocery",1,1,1,"midday"
22,240,115,125,"weekday","dinner","travelling","unknown","grocery",0,1,1,"night"
22,246,121,125,"weekend","beforelunch","leisure","unknown","restaurant",0,1,1,"midday"
22,247,122,125,"weekday","unknown","travelling","cold","grocery",0,1,1,"unknown"
22,248,123,125,"weekend","afternoon","unknown","cold","grocery",0,1,1,"midday"
22,250,125,125,"weekday","lunch","shopping","warm","grocery",0,1,1,"midday"
22,252,127,125,"weekday","lunch","unknown","hot","grocery",0,1,1,"midday"
22,255,130,125,"weekday","afternoon","shopping","cold","grocery",0,1,1,"midday"
22,258,133,125,"weekend","afternoon","unknown","unknown","restaurant",0,1,1,"midday"
22,261,136,125,"weekday","lunch","leisure","cold","restaurant",0,1,1,"midday"
22,262,137,125,"weekend","dinner","working","cold","grocery",1,1,1,"night"
22,263,138,125,"weekday","lunch","unknown","unknown","grocery",0,1,1,"midday"
22,264,139,125,"weekday","beforelunch","travelling","unknown","restaurant",0,1,1,"midday"
22,265,140,125,"weekday","beforelunch","unknown","warm","grocery",0,1,1,"midday"
22,266,141,125,"weekday","breakfast","travelling","cold","grocery",1,1,1,"morning"
22,267,142,125,"weekday","lunch","travelling","unknown","restaurant",0,1,1,"midday"
22,268,143,125,"weekday","morning","unknown","warm","grocery",0,1,1,"morning"
22,271,146,125,"weekday","beforelunch","travelling","cold","restaurant",0,1,1,"midday"
22,276,151,125,"weekday","unknown","working","hot","restaurant",0,1,1,"unknown"
22,277,152,125,"weekday","afternoon","leisure","hot","restaurant",0,1,1,"midday"
22,280,155,125,"weekday","evening","travelling","warm","restaurant",0,1,1,"night"
22,281,156,125,"weekday","afternoon","travelling","freezing","grocery",0,1,1,"midday"
22,283,158,125,"weekend","breakfast","working","warm","restaurant",0,1,1,"morning"
22,286,161,125,"weekend","afternoon","travelling","cold","grocery",0,1,1,"midday"
22,289,164,125,"weekday","lunch","travelling","unknown","restaurant",0,1,1,"midday"
22,290,165,125,"weekday","beforelunch","leisure","warm","grocery",0,1,1,"midday"
22,291,166,125,"weekday","evening","travelling","freezing","grocery",0,1,1,"night"
22,292,167,125,"weekend","afternoon","travelling","freezing","restaurant",0,1,1,"midday"
22,294,169,125,"weekday","dinner","travelling","cold","restaurant",1,1,1,"night"
22,295,170,125,"weekday","beforelunch","travelling","hot","grocery",0,1,1,"midday"
22,296,171,125,"weekday","lunch","shopping","cold","grocery",0,1,1,"midday"
22,300,175,125,"weekday","afternoon","travelling","unknown","restaurant",0,1,1,"midday"
22,301,176,125,"weekday","beforelunch","unknown","unknown","grocery",0,1,1,"midday"
22,304,179,125,"weekday","evening","unknown","freezing","grocery",0,1,1,"night"
22,305,180,125,"weekend","afternoon","unknown","unknown","grocery",0,1,1,"midday"
23,139,2,137,"weekday","morning","travelling","hot","restaurant",0,0,0,"morning"
23,140,3,137,"weekday","breakfast","travelling","warm","grocery",1,0,0,"morning"
23,141,4,137,"weekday","breakfast","unknown","cold","grocery",1,0,0,"morning"
23,148,11,137,"weekday","afternoon","working","cold","grocery",0,0,0,"midday"
23,149,12,137,"weekday","afternoon","travelling","cold","restaurant",0,0,0,"midday"
23,150,13,137,"weekday","earlymorning","travelling","freezing","restaurant",0,0,0,"morning"
23,154,17,137,"weekday","earlymorning","travelling","freezing","grocery",0,0,0,"morning"
23,156,19,137,"weekday","beforelunch","travelling","unknown","restaurant",0,0,0,"midday"
23,157,20,137,"weekend","morning","leisure","warm","restaurant",0,0,0,"morning"
23,158,21,137,"weekday","morning","shopping","freezing","restaurant",0,0,0,"morning"
23,162,25,137,"weekday","breakfast","travelling","freezing","grocery",0,0,0,"morning"
23,168,31,137,"weekday","beforelunch","unknown","warm","restaurant",0,0,0,"midday"
23,172,35,137,"weekday","afternoon","leisure","cold","grocery",0,0,0,"midday"
23,173,36,137,"weekday","night","unknown","freezing","restaurant",0,0,0,"night"
23,174,37,137,"weekend","afternoon","travelling","unknown","grocery",0,0,0,"midday"
23,175,38,137,"weekday","morning","shopping","freezing","grocery",0,0,0,"morning"
23,177,40,137,"weekday","lunch","unknown","warm","grocery",0,0,0,"midday"
23,178,41,137,"unknown","afternoon","unknown","unknown","grocery",1,0,0,"midday"
23,181,44,137,"weekday","lunch","unknown","unknown","grocery",0,0,0,"midday"
23,186,49,137,"weekend","afternoon","working","unknown","grocery",0,0,0,"midday"
23,188,51,137,"weekday","beforelunch","housework","unknown","restaurant",0,0,0,"midday"
23,190,53,137,"weekday","beforelunch","travelling","hot","restaurant",0,0,0,"midday"
23,191,54,137,"weekday","beforelunch","travelling","warm","grocery",1,0,0,"midday"
23,193,56,137,"weekday","evening","travelling","warm","grocery",0,0,0,"night"
23,194,57,137,"weekday","dinner","travelling","hot","grocery",0,1,0,"night"
23,200,63,137,"weekend","lunch","travelling","cold","grocery",1,1,0,"midday"
23,203,66,137,"weekday","beforelunch","unknown","freezing","grocery",0,1,0,"midday"
23,204,67,137,"weekend","breakfast","travelling","warm","restaurant",1,1,0,"morning"
23,205,68,137,"weekday","lunch","travelling","freezing","grocery",0,1,0,"midday"
23,207,70,137,"weekday","morning","travelling","freezing","grocery",0,1,0,"morning"
23,209,72,137,"weekday","morning","unknown","cold","restaurant",0,1,0,"morning"
23,211,74,137,"weekend","beforelunch","unknown","cold","restaurant",1,1,0,"midday"
23,215,78,137,"weekday","unknown","travelling","freezing","grocery",0,1,0,"unknown"
23,217,80,137,"weekday","breakfast","unknown","warm","grocery",0,1,0,"morning"
23,219,82,137,"weekend","morning","housework","warm","grocery",0,1,0,"morning"
23,220,83,137,"weekend","morning","travelling","cold","restaurant",0,1,0,"morning"
23,222,85,137,"weekday","morning","travelling","hot","grocery",1,1,0,"morning"
23,224,87,137,"weekend","lunch","travelling","freezing","restaurant",1,1,0,"midday"
23,226,89,137,"weekday","afternoon","unknown","warm","restaurant",0,1,0,"midday"
23,229,92,137,"weekday","morning","travelling","warm","grocery",0,1,0,"morning"
23,230,93,137,"weekday","dinner","travelling","cold","restaurant",0,1,0,"night"
23,232,95,137,"weekend","lunch","travelling","cold","restaurant",0,1,0,"midday"
23,233,96,137,"weekday","breakfast","travelling","unknown","grocery",0,1,0,"morning"
23,236,99,137,"weekday","afternoon","working","warm","restaurant",0,1,0,"midday"
23,237,100,137,"weekday","beforelunch","working","cold","restaurant",0,1,0,"midday"
23,240,103,137,"weekday","beforelunch","travelling","freezing","restaurant",0,1,0,"midday"
23,243,106,137,"weekday","beforelunch","travelling","unknown","restaurant",0,1,0,"midday"
23,244,107,137,"weekday","lunch","unknown","unknown","grocery",0,1,0,"midday"
23,245,108,137,"weekday","afternoon","housework","warm","grocery",0,1,0,"midday"
23,246,109,137,"weekday","afternoon","unknown","hot","grocery",0,1,0,"midday"
23,250,113,137,"weekend","afternoon","travelling","warm","grocery",0,1,1,"midday"
23,255,118,137,"weekday","beforelunch","working","cold","restaurant",1,1,1,"midday"
23,256,119,137,"weekend","beforelunch","unknown","warm","restaurant",0,1,1,"midday"
23,258,121,137,"weekend","beforelunch","travelling","cold","restaurant",0,1,1,"midday"
23,259,122,137,"weekend","lunch","working","unknown","restaurant",0,1,1,"midday"
23,261,124,137,"weekday","afternoon","unknown","hot","grocery",0,1,1,"midday"
23,267,130,137,"weekday","afternoon","unknown","freezing","restaurant",0,1,1,"midday"
23,268,131,137,"weekend","beforelunch","travelling","unknown","restaurant",1,1,1,"midday"
23,269,132,137,"weekday","beforelunch","travelling","warm","restaurant",1,1,1,"midday"
23,274,137,137,"weekday","afternoon","travelling","cold","restaurant",1,1,1,"midday"
23,279,142,137,"weekday","breakfast","leisure","freezing","grocery",1,1,1,"morning"
23,280,143,137,"weekday","lunch","unknown","cold","grocery",0,1,1,"midday"
23,282,145,137,"weekend","breakfast","unknown","unknown","grocery",1,1,1,"morning"
23,283,146,137,"weekday","breakfast","working","freezing","restaurant",1,1,1,"morning"
23,286,149,137,"weekday","beforelunch","unknown","hot","restaurant",0,1,1,"midday"
23,288,151,137,"weekday","beforelunch","travelling","unknown","grocery",0,1,1,"midday"
23,290,153,137,"weekday","afternoon","leisure","freezing","grocery",0,1,1,"midday"
23,292,155,137,"weekday","afternoon","leisure","unknown","grocery",0,1,1,"midday"
23,293,156,137,"weekday","beforelunch","travelling","freezing","grocery",0,1,1,"midday"
23,295,158,137,"weekday","lunch","travelling","cold","grocery",1,1,1,"midday"
23,296,159,137,"weekend","afternoon","travelling","freezing","grocery",0,1,1,"midday"
23,297,160,137,"weekday","unknown","unknown","unknown","restaurant",0,1,1,"unknown"
23,298,161,137,"weekend","lunch","travelling","unknown","restaurant",0,1,1,"midday"
23,299,162,137,"weekday","beforelunch","travelling","hot","grocery",1,1,1,"midday"
23,302,165,137,"weekend","lunch","leisure","cold","grocery",0,1,1,"midday"
23,303,166,137,"weekend","afternoon","travelling","unknown","grocery",0,1,1,"midday"
23,304,167,137,"weekend","lunch","leisure","freezing","grocery",0,1,1,"midday"
23,306,169,137,"weekday","beforelunch","shopping","unknown","grocery",0,1,1,"midday"
23,307,170,137,"weekday","breakfast","travelling","unknown","restaurant",1,1,1,"morning"
23,310,173,137,"weekday","lunch","unknown","hot","restaurant",0,1,1,"midday"
23,311,174,137,"weekday","afternoon","unknown","freezing","grocery",1,1,1,"midday"
23,314,177,137,"weekday","morning","working","freezing","grocery",0,1,1,"morning"
23,320,183,137,"weekday","morning","travelling","freezing","restaurant",0,1,1,"morning"
24,140,0,140,"weekend","lunch","travelling","unknown","restaurant",0,0,0,"midday"
24,142,2,140,"weekday","breakfast","unknown","cold","grocery",0,0,0,"morning"
24,145,5,140,"weekday","lunch","leisure","warm","restaurant",0,0,0,"midday"
24,151,11,140,"weekday","afternoon","leisure","hot","grocery",0,0,0,"midday"
24,152,12,140,"weekday","lunch","travelling","unknown","restaurant",0,0,0,"midday"
24,168,28,140,"weekday","lunch","leisure","unknown","restaurant",0,0,0,"midday"
24,169,29,140,"weekday","afternoon","unknown","freezing","restaurant",0,0,0,"midday"
24,170,30,140,"weekend","beforelunch","working","cold","restaurant",1,0,0,"midday"
24,171,31,140,"weekday","lunch","travelling","hot","restaurant",1,0,0,"midday"
24,180,40,140,"weekday","afternoon","working","cold","grocery",0,0,0,"midday"
24,181,41,140,"weekday","morning","working","cold","grocery",0,0,0,"morning"
24,182,42,140,"weekday","morning","travelling","unknown","restaurant",1,0,0,"morning"
24,184,44,140,"weekend","breakfast","working","cold","restaurant",0,0,0,"morning"
24,186,46,140,"weekend","afternoon","travelling","freezing","restaurant",0,0,0,"midday"
24,192,52,140,"weekday","afternoon","travelling","cold","restaurant",0,0,0,"midday"
24,197,57,140,"weekday","afternoon","travelling","cold","restaurant",0,1,0,"midday"
24,198,58,140,"weekday","afternoon","travelling","cold","restaurant",1,1,0,"midday"
24,200,60,140,"weekend","dinner","travelling","unknown","restaurant",0,1,0,"night"
24,201,61,140,"weekend","lunch","travelling","unknown","grocery",1,1,0,"midday"
24,202,62,140,"weekend","beforelunch","leisure","cold","grocery",0,1,0,"midday"
24,205,65,140,"unknown","beforelunch","travelling","unknown","grocery",0,1,0,"midday"
24,211,71,140,"weekday","afternoon","travelling","cold","grocery",1,1,0,"midday"
24,216,76,140,"weekday","beforelunch","unknown","hot","grocery",0,1,0,"midday"
24,226,86,140,"weekday","lunch","travelling","freezing","grocery",1,1,0,"midday"
24,227,87,140,"weekday","beforelunch","travelling","warm","grocery",0,1,0,"midday"
24,235,95,140,"weekday","lunch","unknown","cold","grocery",1,1,0,"midday"
24,245,105,140,"weekday","lunch","travelling","cold","restaurant",1,1,0,"midday"
24,247,107,140,"weekday","beforelunch","working","freezing","restaurant",0,1,0,"midday"
24,255,115,140,"weekday","afternoon","travelling","cold","grocery",0,1,1,"midday"
24,266,126,140,"weekend","breakfast","travelling","freezing","grocery",0,1,1,"morning"
24,273,133,140,"weekday","lunch","travelling","freezing","restaurant",0,1,1,"midday"
24,280,140,140,"weekday","lunch","travelling","hot","grocery",0,1,1,"midday"
24,284,144,140,"weekday","morning","travelling","cold","grocery",0,1,1,"morning"
24,291,151,140,"weekday","lunch","shopping","unknown","restaurant",0,1,1,"midday"
24,292,152,140,"weekend","afternoon","morningrituals","freezing","grocery",0,1,1,"midday"
24,303,163,140,"weekday","morning","shopping","warm","restaurant",0,1,1,"morning"
24,311,171,140,"weekday","lunch","unknown","cold","grocery",0,1,1,"midday"
24,313,173,140,"weekend","breakfast","travelling","freezing","restaurant",1,1,1,"morning"
24,323,183,140,"weekend","afternoon","shopping","cold","grocery",0,1,1,"midday"
25,159,16,143,"weekend","lunch","travelling","unknown","restaurant",0,0,0,"midday"
25,160,17,143,"weekend","breakfast","travelling","freezing","grocery",1,0,0,"morning"
25,168,25,143,"weekend","lunch","travelling","cold","restaurant",1,0,0,"midday"
25,176,33,143,"weekday","afternoon","travelling","cold","restaurant",0,0,0,"midday"
25,183,40,143,"weekend","beforelunch","travelling","freezing","grocery",0,0,0,"midday"
25,195,52,143,"weekday","dinner","travelling","warm","grocery",0,0,0,"night"
25,197,54,143,"weekday","lunch","unknown","unknown","grocery",0,0,0,"midday"
25,199,56,143,"weekday","morning","travelling","unknown","grocery",1,0,0,"morning"
25,201,58,143,"weekday","lunch","shopping","freezing","grocery",0,1,0,"midday"
25,209,66,143,"weekday","breakfast","unknown","unknown","restaurant",1,1,0,"morning"
25,212,69,143,"weekend","lunch","leisure","warm","grocery",1,1,0,"midday"
25,213,70,143,"weekday","afternoon","working","cold","restaurant",1,1,0,"midday"
25,217,74,143,"weekday","morning","travelling","freezing","grocery",0,1,0,"morning"
25,221,78,143,"weekend","earlymorning","travelling","cold","grocery",0,1,0,"morning"
25,224,81,143,"weekday","breakfast","unknown","warm","restaurant",0,1,0,"morning"
25,225,82,143,"weekend","beforelunch","travelling","cold","grocery",0,1,0,"midday"
25,230,87,143,"weekday","afternoon","working","warm","restaurant",0,1,0,"midday"
25,245,102,143,"weekday","unknown","travelling","cold","grocery",0,1,0,"unknown"
25,247,104,143,"weekend","lunch","travelling","freezing","grocery",0,1,0,"midday"
25,261,118,143,"weekday","beforelunch","unknown","freezing","restaurant",0,1,1,"midday"
25,277,134,143,"weekday","lunch","unknown","cold","restaurant",1,1,1,"midday"
25,278,135,143,"weekday","dinner","travelling","cold","grocery",0,1,1,"night"
25,279,136,143,"weekday","morning","working","cold","restaurant",1,1,1,"morning"
25,280,137,143,"weekday","earlymorning","travelling","hot","grocery",0,1,1,"morning"
25,283,140,143,"weekday","lunch","travelling","unknown","grocery",1,1,1,"midday"
25,286,143,143,"weekend","lunch","unknown","cold","restaurant",0,1,1,"midday"
25,290,147,143,"weekday","afternoon","travelling","hot","restaurant",0,1,1,"midday"
25,296,153,143,"weekday","beforelunch","travelling","unknown","restaurant",0,1,1,"midday"
25,302,159,143,"weekend","afternoon","travelling","cold","restaurant",1,1,1,"midday"
25,306,163,143,"weekend","night","travelling","freezing","grocery",0,1,1,"night"
25,309,166,143,"weekday","lunch","travelling","freezing","restaurant",0,1,1,"midday"
25,310,167,143,"weekend","beforelunch","shopping","unknown","restaurant",1,1,1,"midday"
25,319,176,143,"weekday","beforelunch","working","hot","grocery",0,1,1,"midday"
25,324,181,143,"weekday","afternoon","travelling","freezing","grocery",0,1,1,"midday"
26,156,7,149,"weekday","afternoon","unknown","hot","restaurant",0,0,0,"midday"
26,159,10,149,"weekday","morning","unknown","freezing","grocery",0,0,0,"morning"
26,162,13,149,"weekday","afternoon","unknown","cold","grocery",0,0,0,"midday"
26,163,14,149,"weekend","beforelunch","travelling","cold","restaurant",0,0,0,"midday"
26,164,15,149,"weekend","beforelunch","travelling","warm","grocery",1,0,0,"midday"
26,167,18,149,"weekday","morning","morningrituals","cold","restaurant",0,0,0,"morning"
26,179,30,149,"weekend","afternoon","travelling","freezing","grocery",0,0,0,"midday"
26,184,35,149,"weekday","lunch","travelling","cold","grocery",1,0,0,"midday"
26,186,37,149,"weekday","afternoon","unknown","warm","grocery",0,0,0,"midday"
26,194,45,149,"weekday","beforelunch","unknown","freezing","grocery",1,0,0,"midday"
26,199,50,149,"weekday","beforelunch","travelling","cold","restaurant",0,0,0,"midday"
26,203,54,149,"weekday","lunch","travelling","unknown","grocery",0,0,0,"midday"
26,205,56,149,"weekday","dinner","unknown","warm","grocery",1,0,0,"night"
26,209,60,149,"weekday","lunch","travelling","cold","restaurant",0,1,0,"midday"
26,211,62,149,"weekday","lunch","travelling","freezing","grocery",0,1,0,"midday"
26,212,63,149,"weekend","night","travelling","unknown","restaurant",0,1,0,"night"
26,213,64,149,"weekend","dinner","working","freezing","grocery",1,1,0,"night"
26,214,65,149,"weekday","lunch","shopping","cold","grocery",1,1,0,"midday"
26,217,68,149,"weekday","morning","unknown","cold","restaurant",1,1,0,"morning"
26,218,69,149,"weekday","morning","travelling","hot","restaurant",0,1,0,"morning"
26,219,70,149,"weekday","afternoon","unknown","warm","grocery",0,1,0,"midday"
26,220,71,149,"weekend","unknown","travelling","freezing","grocery",0,1,0,"unknown"
26,221,72,149,"weekday","afternoon","travelling","hot","grocery",0,1,0,"midday"
26,224,75,149,"weekday","morning","working","freezing","restaurant",0,1,0,"morning"
26,226,77,149,"weekday","night","morningrituals","hot","grocery",1,1,0,"night"
26,227,78,149,"weekday","afternoon","shopping","warm","restaurant",0,1,0,"midday"
26,230,81,149,"weekday","lunch","travelling","cold","grocery",0,1,0,"midday"
26,234,85,149,"weekend","beforelunch","shopping","unknown","restaurant",0,1,0,"midday"
26,237,88,149,"weekday","lunch","unknown","cold","restaurant",0,1,0,"midday"
26,239,90,149,"weekend","afternoon","travelling","cold","grocery",0,1,0,"midday"
26,246,97,149,"weekend","lunch","travelling","hot","restaurant",0,1,0,"midday"
26,248,99,149,"weekday","unknown","leisure","unknown","grocery",0,1,0,"unknown"
26,252,103,149,"weekday","night","unknown","cold","restaurant",1,1,0,"night"
26,269,120,149,"weekday","beforelunch","travelling","unknown","grocery",0,1,1,"midday"
26,280,131,149,"weekday","beforelunch","working","freezing","grocery",0,1,1,"midday"
26,281,132,149,"weekday","breakfast","unknown","unknown","restaurant",1,1,1,"morning"
26,282,133,149,"weekend","lunch","working","freezing","grocery",1,1,1,"midday"
26,283,134,149,"weekend","morning","travelling","hot","grocery",0,1,1,"morning"
26,285,136,149,"weekend","lunch","travelling","cold","grocery",0,1,1,"midday"
26,293,144,149,"weekday","latenight","leisure","cold","restaurant",0,1,1,"night"
26,294,145,149,"weekend","beforelunch","working","cold","restaurant",0,1,1,"midday"
26,297,148,149,"weekday","afternoon","travelling","cold","grocery",0,1,1,"midday"
26,299,150,149,"weekday","afternoon","travelling","cold","restaurant",0,1,1,"midday"
26,310,161,149,"weekday","dinner","travelling","unknown","grocery",0,1,1,"night"
26,316,167,149,"weekday","breakfast","unknown","warm","grocery",1,1,1,"morning"
26,321,172,149,"weekday","earlymorning","travelling","unknown","grocery",1,1,1,"morning"
26,322,173,149,"weekend","beforelunch","travelling","unknown","grocery",0,1,1,"midday"
26,323,174,149,"weekday","earlymorning","shopping","unknown","grocery",1,1,1,"morning"
26,324,175,149,"weekend","dinner","unknown","cold","grocery",0,1,1,"night"
26,326,177,149,"weekday","afternoon","travelling","cold","grocery",0,1,1,"midday"
26,327,178,149,"weekday","lunch","travelling","unknown","grocery",1,1,1,"midday"
26,329,180,149,"weekend","lunch","working","cold","grocery",0,1,1,"midday"
26,331,182,149,"weekday","afternoon","working","cold","grocery",0,1,1,"midday"
27,191,30,161,"weekend","lunch","travelling","cold","restaurant",0,0,0,"midday"
27,216,55,161,"weekday","lunch","travelling","unknown","grocery",0,0,0,"midday"
27,239,78,161,"weekend","afternoon","unknown","cold","grocery",0,1,0,"midday"
27,245,84,161,"weekday","morning","unknown","unknown","grocery",0,1,0,"morning"
27,250,89,161,"weekday","breakfast","travelling","warm","restaurant",0,1,0,"morning"
27,306,145,161,"weekend","afternoon","leisure","cold","restaurant",1,1,1,"midday"
27,341,180,161,"weekday","unknown","travelling","cold","grocery",0,1,1,"unknown"
28,214,51,163,"weekday","lunch","travelling","cold","restaurant",1,0,0,"midday"
28,216,53,163,"weekday","lunch","travelling","hot","grocery",1,0,0,"midday"
28,255,92,163,"weekday","breakfast","travelling","warm","grocery",1,1,0,"morning"
28,262,99,163,"weekday","breakfast","shopping","cold","restaurant",0,1,0,"morning"
28,274,111,163,"weekend","afternoon","travelling","freezing","restaurant",1,1,0,"midday"
28,286,123,163,"weekend","beforelunch","unknown","hot","restaurant",0,1,1,"midday"
28,304,141,163,"weekday","afternoon","unknown","unknown","grocery",1,1,1,"midday"
28,311,148,163,"weekday","breakfast","travelling","warm","restaurant",0,1,1,"morning"
28,312,149,163,"weekday","morning","travelling","cold","grocery",1,1,1,"morning"
28,313,150,163,"weekday","afternoon","travelling","warm","restaurant",0,1,1,"midday"
28,318,155,163,"weekday","breakfast","travelling","unknown","grocery",1,1,1,"morning"
28,320,157,163,"weekday","afternoon","unknown","cold","grocery",0,1,1,"midday"
28,339,176,163,"weekday","lunch","shopping","hot","grocery",0,1,1,"midday"
29,178,6,172,"weekend","afternoon","working","cold","grocery",0,0,0,"midday"
29,184,12,172,"weekday","afternoon","working","unknown","grocery",0,0,0,"midday"
29,190,18,172,"weekday","lunch","leisure","freezing","restaurant",0,0,0,"midday"
29,197,25,172,"weekday","afternoon","travelling","freezing","restaurant",1,0,0,"midday"
29,206,34,172,"weekday","afternoon","travelling","cold","restaurant",0,0,0,"midday"
29,207,35,172,"weekend","afternoon","travelling","cold","restaurant",1,0,0,"midday"
29,212,40,172,"weekend","afternoon","unknown","cold","grocery",1,0,0,"midday"
29,214,42,172,"weekday","morning","travelling","cold","restaurant",1,0,0,"morning"
29,221,49,172,"weekend","afternoon","travelling","warm","grocery",0,0,0,"midday"
29,225,53,172,"weekday","unknown","unknown","freezing","restaurant",0,0,0,"unknown"
29,231,59,172,"weekday","morning","unknown","cold","restaurant",0,1,0,"morning"
29,243,71,172,"weekday","evening","unknown","freezing","restaurant",0,1,0,"night"
29,245,73,172,"weekday","beforelunch","travelling","hot","restaurant",1,1,0,"midday"
29,249,77,172,"weekend","dinner","morningrituals","cold","grocery",0,1,0,"night"
29,250,78,172,"weekday","afternoon","travelling","freezing","restaurant",0,1,0,"midday"
29,259,87,172,"weekend","earlymorning","travelling","freezing","restaurant",0,1,0,"morning"
29,267,95,172,"weekday","breakfast","travelling","unknown","restaurant",0,1,0,"morning"
29,291,119,172,"weekend","lunch","travelling","cold","restaurant",1,1,1,"midday"
29,296,124,172,"weekend","afternoon","travelling","warm","grocery",0,1,1,"midday"
29,297,125,172,"weekday","morning","leisure","freezing","grocery",1,1,1,"morning"
29,299,127,172,"weekday","beforelunch","travelling","unknown","restaurant",0,1,1,"midday"
29,307,135,172,"weekday","lunch","shopping","unknown","grocery",0,1,1,"midday"
29,308,136,172,"weekday","unknown","unknown","warm","restaurant",1,1,1,"unknown"
29,320,148,172,"weekend","breakfast","shopping","freezing","restaurant",1,1,1,"morning"
29,321,149,172,"weekday","afternoon","travelling","freezing","restaurant",0,1,1,"midday"
29,328,156,172,"weekend","afternoon","travelling","freezing","restaurant",1,1,1,"midday"
29,333,161,172,"weekday","beforelunch","unknown","cold","grocery",0,1,1,"midday"
29,337,165,172,"weekday","lunch","travelling","cold","restaurant",0,1,1,"midday"
29,344,172,172,"weekend","lunch","unknown","freezing","restaurant",0,1,1,"midday"
29,352,180,172,"weekend","afternoon","travelling","hot","grocery",1,1,1,"midday"
29,353,181,172,"weekday","earlymorning","travelling","freezing","grocery",0,1,1,"morning"
29,354,182,172,"weekday","afternoon","travelling","warm","grocery",0,1,1,"midday"
30,186,4,182,"weekday","beforelunch","shopping","cold","grocery",0,0,0,"midday"
30,194,12,182,"weekday","lunch","travelling","cold","grocery",0,0,0,"midday"
30,202,20,182,"weekend","afternoon","travelling","warm","restaurant",0,0,0,"midday"
30,223,41,182,"weekend","lunch","travelling","warm","restaurant",0,0,0,"midday"
30,235,53,182,"weekend","morning","travelling","cold","grocery",1,0,0,"morning"
30,253,71,182,"weekend","afternoon","travelling","cold","restaurant",1,1,0,"midday"
30,297,115,182,"weekday","afternoon","unknown","freezing","grocery",0,1,1,"midday"
30,312,130,182,"weekday","afternoon","unknown","freezing","restaurant",0,1,1,"midday"
30,318,136,182,"weekday","morning","travelling","unknown","restaurant",0,1,1,"morning"
30,328,146,182,"weekday","afternoon","unknown","cold","grocery",1,1,1,"midday"
30,357,175,182,"weekday","dinner","unknown","hot","grocery",1,1,1,"night"
31,198,4,194,"weekday","breakfast","travelling","unknown","restaurant",0,0,0,"morning"
31,201,7,194,"weekend","afternoon","travelling","cold","grocery",0,0,0,"midday"
31,202,8,194,"weekday","afternoon","travelling","freezing","restaurant",1,0,0,"midday"
31,203,9,194,"weekday","beforelunch","shopping","unknown","grocery",1,0,0,"midday"
31,204,10,194,"weekday","afternoon","morningrituals","cold","grocery",0,0,0,"midday"
31,205,11,194,"weekend","lunch","unknown","hot","grocery",1,0,0,"midday"
31,214,20,194,"weekday","breakfast","travelling","cold","restaurant",0,0,0,"morning"
31,230,36,194,"weekend","afternoon","travelling","cold","restaurant",0,0,0,"midday"
31,240,46,194,"weekday","night","working","freezing","restaurant",1,0,0,"night"
31,248,54,194,"weekend","beforelunch","unknown","freezing","grocery",0,0,0,"midday"
31,251,57,194,"weekday","afternoon","travelling","unknown","restaurant",1,1,0,"midday"
31,255,61,194,"weekend","beforelunch","shopping","freezing","restaurant",0,1,0,"midday"
31,256,62,194,"weekday","afternoon","unknown","cold","restaurant",0,1,0,"midday"
31,258,64,194,"weekday","unknown","working","unknown","restaurant",0,1,0,"unknown"
31,260,66,194,"weekend","beforelunch","travelling","cold","restaurant",0,1,0,"midday"
31,263,69,194,"weekend","beforelunch","unknown","hot","grocery",0,1,0,"midday"
31,264,70,194,"unknown","lunch","travelling","cold","grocery",0,1,0,"midday"
31,265,71,194,"weekday","beforelunch","travelling","cold","grocery",0,1,0,"midday"
31,266,72,194,"weekday","afternoon","travelling","cold","grocery",0,1,0,"midday"
31,270,76,194,"weekend","afternoon","unknown","cold","grocery",0,1,0,"midday"
31,275,81,194,"weekday","afternoon","working","warm","restaurant",0,1,0,"midday"
31,276,82,194,"weekday","lunch","travelling","freezing","grocery",0,1,0,"midday"
31,277,83,194,"weekday","breakfast","unknown","cold","grocery",0,1,0,"morning"
31,279,85,194,"weekend","lunch","unknown","unknown","restaurant",0,1,0,"midday"
31,280,86,194,"weekday","beforelunch","working","cold","restaurant",1,1,0,"midday"
31,282,88,194,"weekday","afternoon","travelling","unknown","restaurant",0,1,0,"midday"
31,285,91,194,"weekday","breakfast","travelling","cold","grocery",0,1,0,"morning"
31,292,98,194,"weekday","beforelunch","travelling","hot","grocery",0,1,0,"midday"
31,293,99,194,"weekday","morning","leisure","freezing","grocery",0,1,0,"morning"
31,297,103,194,"weekday","evening","travelling","unknown","grocery",0,1,0,"night"
31,302,108,194,"weekend","beforelunch","travelling","cold","restaurant",1,1,0,"midday"
31,307,113,194,"weekday","lunch","unknown","unknown","grocery",0,1,1,"midday"
31,308,114,194,"weekday","morning","travelling","cold","grocery",0,1,1,"morning"
31,310,116,194,"weekday","afternoon","travelling","freezing","restaurant",0,1,1,"midday"
31,313,119,194,"weekday","afternoon","working","freezing","grocery",1,1,1,"midday"
31,315,121,194,"weekday","lunch","travelling","cold","restaurant",0,1,1,"midday"
31,332,138,194,"weekday","beforelunch","travelling","freezing","restaurant",0,1,1,"midday"
31,338,144,194,"weekend","unknown","shopping","unknown","grocery",0,1,1,"unknown"
31,339,145,194,"weekday","beforelunch","unknown","freezing","restaurant",0,1,1,"midday"
31,340,146,194,"weekend","afternoon","unknown","unknown","restaurant",0,1,1,"midday"
31,343,149,194,"weekend","breakfast","unknown","cold","restaurant",0,1,1,"morning"
31,346,152,194,"weekday","afternoon","travelling","cold","restaurant",1,1,1,"midday"
31,347,153,194,"weekday","breakfast","unknown","cold","restaurant",0,1,1,"morning"
31,350,156,194,"weekday","afternoon","travelling","unknown","grocery",0,1,1,"midday"
31,354,160,194,"weekend","lunch","unknown","cold","restaurant",0,1,1,"midday"
31,356,162,194,"weekday","afternoon","travelling","hot","grocery",1,1,1,"midday"
31,357,163,194,"weekday","morning","travelling","cold","restaurant",0,1,1,"morning"
31,359,165,194,"weekday","morning","travelling","cold","grocery",0,1,1,"morning"
31,363,169,194,"weekend","dinner","leisure","warm","grocery",0,1,1,"night"
31,365,171,194,"weekday","dinner","leisure","unknown","grocery",0,1,1,"night"
31,370,176,194,"weekday","latenight","travelling","unknown","grocery",1,1,1,"night"
31,377,183,194,"weekday","beforelunch","travelling","cold","grocery",0,1,1,"midday"
32,206,1,205,"weekday","lunch","travelling","cold","restaurant",0,0,0,"midday"
32,212,7,205,"weekday","morning","unknown","freezing","restaurant",0,0,0,"morning"
32,215,10,205,"weekend","afternoon","travelling","freezing","restaurant",0,0,0,"midday"
32,216,11,205,"weekday","dinner","shopping","cold","grocery",0,0,0,"night"
32,219,14,205,"unknown","dinner","working","freezing","restaurant",1,0,0,"night"
32,223,18,205,"weekday","breakfast","travelling","cold","grocery",0,0,0,"morning"
32,230,25,205,"weekday","beforelunch","unknown","freezing","grocery",0,0,0,"midday"
32,234,29,205,"weekend","beforelunch","travelling","unknown","grocery",0,0,0,"midday"
32,243,38,205,"weekday","afternoon","travelling","unknown","grocery",1,0,0,"midday"
32,244,39,205,"weekday","morning","shopping","unknown","grocery",1,0,0,"morning"
32,248,43,205,"weekday","dinner","working","hot","grocery",0,0,0,"night"
32,250,45,205,"weekend","beforelunch","travelling","freezing","grocery",0,0,0,"midday"
32,259,54,205,"weekend","lunch","travelling","unknown","restaurant",0,0,0,"midday"
32,262,57,205,"weekday","morning","unknown","unknown","grocery",1,1,0,"morning"
32,264,59,205,"weekday","beforelunch","leisure","freezing","restaurant",0,1,0,"midday"
32,277,72,205,"weekday","beforelunch","travelling","cold","restaurant",0,1,0,"midday"
32,282,77,205,"weekend","afternoon","housework","unknown","grocery",1,1,0,"midday"
32,284,79,205,"weekday","beforelunch","travelling","freezing","restaurant",0,1,0,"midday"
32,286,81,205,"weekend","afternoon","unknown","warm","restaurant",0,1,0,"midday"
32,288,83,205,"weekend","lunch","unknown","cold","restaurant",0,1,0,"midday"
32,294,89,205,"weekday","lunch","leisure","unknown","restaurant",0,1,0,"midday"
32,297,92,205,"weekday","beforelunch","travelling","unknown","grocery",0,1,0,"midday"
32,298,93,205,"weekend","lunch","unknown","hot","restaurant",1,1,0,"midday"
32,299,94,205,"weekday","lunch","shopping","freezing","restaurant",0,1,0,"midday"
32,307,102,205,"weekday","morning","unknown","unknown","restaurant",1,1,0,"morning"
32,308,103,205,"weekday","afternoon","travelling","unknown","restaurant",0,1,0,"midday"
32,309,104,205,"weekday","lunch","working","warm","restaurant",0,1,0,"midday"
32,314,109,205,"weekday","lunch","travelling","freezing","grocery",1,1,0,"midday"
32,318,113,205,"weekday","afternoon","travelling","cold","grocery",1,1,1,"midday"
32,320,115,205,"weekday","evening","unknown","freezing","grocery",0,1,1,"night"
32,326,121,205,"weekday","afternoon","travelling","warm","grocery",1,1,1,"midday"
32,327,122,205,"weekday","dinner","travelling","cold","grocery",0,1,1,"night"
32,328,123,205,"weekend","lunch","leisure","unknown","grocery",0,1,1,"midday"
32,331,126,205,"weekday","afternoon","unknown","cold","restaurant",0,1,1,"midday"
32,335,130,205,"weekday","morning","unknown","unknown","grocery",0,1,1,"morning"
32,348,143,205,"weekday","dinner","travelling","unknown","grocery",0,1,1,"night"
32,349,144,205,"weekday","breakfast","morningrituals","warm","restaurant",0,1,1,"morning"
32,351,146,205,"weekday","earlymorning","travelling","freezing","grocery",0,1,1,"morning"
32,354,149,205,"weekend","beforelunch","travelling","hot","restaurant",0,1,1,"midday"
32,355,150,205,"weekday","beforelunch","travelling","unknown","restaurant",0,1,1,"midday"
32,358,153,205,"weekday","breakfast","travelling","hot","restaurant",0,1,1,"morning"
32,362,157,205,"weekday","unknown","travelling","freezing","grocery",0,1,1,"unknown"
32,373,168,205,"weekend","afternoon","travelling","unknown","restaurant",0,1,1,"midday"
32,375,170,205,"weekday","beforelunch","travelling","cold","grocery",1,1,1,"midday"
32,387,182,205,"weekday","afternoon","shopping","hot","grocery",1,1,1,"midday"
33,211,2,209,"weekday","evening","housework","freezing","grocery",0,0,0,"night"
33,224,15,209,"weekend","latenight","unknown","cold","grocery",0,0,0,"night"
33,235,26,209,"weekday","beforelunch","travelling","freezing","grocery",0,0,0,"midday"
33,236,27,209,"weekday","morning","working","warm","grocery",0,0,0,"morning"
33,237,28,209,"weekday","afternoon","shopping","unknown","restaurant",0,0,0,"midday"
33,238,29,209,"weekday","lunch","working","cold","restaurant",1,0,0,"midday"
33,240,31,209,"weekend","afternoon","working","freezing","restaurant",0,0,0,"midday"
33,241,32,209,"weekend","unknown","unknown","unknown","restaurant",0,0,0,"unknown"
33,242,33,209,"weekday","afternoon","working","cold","grocery",1,0,0,"midday"
33,248,39,209,"weekday","night","leisure","cold","grocery",0,0,0,"night"
33,250,41,209,"weekday","beforelunch","travelling","cold","restaurant",1,0,0,"midday"
33,252,43,209,"weekday","afternoon","travelling","cold","restaurant",0,0,0,"midday"
33,253,44,209,"weekend","night","unknown","warm","grocery",0,0,0,"night"
33,255,46,209,"weekday","breakfast","unknown","cold","grocery",0,0,0,"morning"
33,257,48,209,"weekend","afternoon","travelling","warm","grocery",1,0,0,"midday"
33,258,49,209,"weekday","lunch","travelling","cold","grocery",0,0,0,"midday"
33,259,50,209,"weekday","lunch","unknown","cold","restaurant",0,0,0,"midday"
33,262,53,209,"weekday","beforelunch","unknown","freezing","restaurant",0,0,0,"midday"
33,266,57,209,"weekday","afternoon","travelling","cold","grocery",1,1,0,"midday"
33,272,63,209,"weekend","beforelunch","travelling","freezing","restaurant",1,1,0,"midday"
33,279,70,209,"weekend","afternoon","morningrituals","freezing","restaurant",1,1,0,"midday"
33,283,74,209,"weekday","beforelunch","shopping","hot","grocery",1,1,0,"midday"
33,285,76,209,"weekday","breakfast","travelling","cold","grocery",0,1,0,"morning"
33,287,78,209,"weekend","morning","travelling","cold","grocery",0,1,0,"morning"
33,288,79,209,"weekday","beforelunch","unknown","unknown","grocery",0,1,0,"midday"
33,290,81,209,"weekday","dinner","travelling","cold","restaurant",0,1,0,"night"
33,291,82,209,"weekday","afternoon","unknown","hot","grocery",0,1,0,"midday"
33,293,84,209,"weekend","afternoon","working","hot","grocery",1,1,0,"midday"
33,296,87,209,"weekend","afternoon","shopping","cold","restaurant",0,1,0,"midday"
33,302,93,209,"weekday","beforelunch","unknown","cold","restaurant",1,1,0,"midday"
33,307,98,209,"weekday","afternoon","travelling","cold","grocery",0,1,0,"midday"
33,313,104,209,"weekday","lunch","travelling","freezing","restaurant",0,1,0,"midday"
33,315,106,209,"weekday","breakfast","unknown","unknown","restaurant",0,1,0,"morning"
33,320,111,209,"weekend","lunch","travelling","cold","restaurant",0,1,0,"midday"
33,325,116,209,"weekend","lunch","travelling","unknown","grocery",0,1,1,"midday"
33,330,121,209,"weekend","beforelunch","travelling","warm","grocery",0,1,1,"midday"
33,331,122,209,"weekday","afternoon","leisure","unknown","grocery",0,1,1,"midday"
33,340,131,209,"weekday","night","leisure","cold","restaurant",1,1,1,"night"
33,346,137,209,"weekend","lunch","working","unknown","grocery",0,1,1,"midday"
33,348,139,209,"weekend","lunch","travelling","warm","grocery",0,1,1,"midday"
33,350,141,209,"weekday","beforelunch","workingout","hot","restaurant",0,1,1,"midday"
33,353,144,209,"weekday","earlymorning","leisure","cold","restaurant",1,1,1,"morning"
33,355,146,209,"weekday","afternoon","leisure","unknown","restaurant",0,1,1,"midday"
33,361,152,209,"weekday","afternoon","working","cold","restaurant",0,1,1,"midday"
33,370,161,209,"weekday","afternoon","travelling","cold","grocery",0,1,1,"midday"
33,373,164,209,"weekday","afternoon","travelling","warm","restaurant",0,1,1,"midday"
33,378,169,209,"weekend","lunch","travelling","cold","grocery",1,1,1,"midday"
33,381,172,209,"weekend","afternoon","working","warm","restaurant",1,1,1,"midday"
33,387,178,209,"weekday","afternoon","travelling","cold","grocery",0,1,1,"midday"
33,391,182,209,"weekend","lunch","travelling","unknown","restaurant",0,1,1,"midday"
34,219,0,219,"weekend","beforelunch","leisure","unknown","grocery",0,0,0,"midday"
34,228,9,219,"weekday","earlymorning","working","cold","grocery",0,0,0,"morning"
34,233,14,219,"weekday","lunch","travelling","freezing","grocery",0,0,0,"midday"
34,241,22,219,"weekday","night","travelling","cold","restaurant",0,0,0,"night"
34,242,23,219,"weekend","morning","leisure","unknown","restaurant",0,0,0,"morning"
34,247,28,219,"weekday","beforelunch","shopping","freezing","restaurant",0,0,0,"midday"
34,254,35,219,"weekday","afternoon","working","hot","restaurant",0,0,0,"midday"
34,258,39,219,"weekday","lunch","travelling","freezing","grocery",0,0,0,"midday"
34,263,44,219,"weekday","morning","leisure","freezing","grocery",0,0,0,"morning"
34,264,45,219,"weekday","afternoon","shopping","cold","grocery",0,0,0,"midday"
34,265,46,219,"weekday","lunch","travelling","cold","grocery",0,0,0,"midday"
34,266,47,219,"weekday","beforelunch","travelling","cold","restaurant",0,0,0,"midday"
34,271,52,219,"weekday","afternoon","shopping","warm","restaurant",0,0,0,"midday"
34,275,56,219,"weekday","dinner","unknown","cold","grocery",1,0,0,"night"
34,281,62,219,"weekend","lunch","travelling","freezing","restaurant",0,1,0,"midday"
34,288,69,219,"weekend","earlymorning","travelling","unknown","restaurant",1,1,0,"morning"
34,295,76,219,"weekday","beforelunch","travelling","unknown","restaurant",0,1,0,"midday"
34,298,79,219,"weekend","unknown","leisure","warm","grocery",1,1,0,"unknown"
34,299,80,219,"weekday","morning","travelling","cold","grocery",0,1,0,"morning"
34,319,100,219,"weekday","dinner","travelling","freezing","restaurant",0,1,0,"night"
34,324,105,219,"weekend","lunch","working","warm","grocery",0,1,0,"midday"
34,330,111,219,"weekday","afternoon","unknown","freezing","restaurant",1,1,0,"midday"
34,332,113,219,"weekday","lunch","travelling","cold","restaurant",0,1,1,"midday"
34,336,117,219,"weekday","lunch","travelling","warm","grocery",0,1,1,"midday"
34,346,127,219,"weekday","afternoon","unknown","freezing","restaurant",0,1,1,"midday"
34,348,129,219,"weekday","unknown","shopping","warm","restaurant",0,1,1,"unknown"
34,349,130,219,"weekday","afternoon","unknown","cold","grocery",0,1,1,"midday"
34,351,132,219,"weekday","night","shopping","cold","restaurant",0,1,1,"night"
34,357,138,219,"weekend","morning","unknown","cold","grocery",0,1,1,"morning"
34,358,139,219,"weekday","beforelunch","travelling","hot","restaurant",0,1,1,"midday"
34,361,142,219,"weekend","beforelunch","working","freezing","restaurant",0,1,1,"midday"
34,364,145,219,"weekday","lunch","travelling","freezing","restaurant",0,1,1,"midday"
34,366,147,219,"weekday","afternoon","unknown","hot","restaurant",0,1,1,"midday"
34,373,154,219,"weekday","breakfast","travelling","freezing","grocery",1,1,1,"morning"
34,375,156,219,"weekday","lunch","unknown","hot","grocery",0,1,1,"midday"
34,379,160,219,"weekday","afternoon","travelling","cold","restaurant",0,1,1,"midday"
34,386,167,219,"weekday","breakfast","unknown","hot","grocery",0,1,1,"morning"
34,390,171,219,"weekend","afternoon","shopping","warm","restaurant",0,1,1,"midday"
34,392,173,219,"weekday","beforelunch","travelling","cold","grocery",0,1,1,"midday"
34,393,174,219,"weekday","beforelunch","travelling","cold","restaurant",1,1,1,"midday"
34,401,182,219,"weekend","beforelunch","travelling","hot","restaurant",0,1,1,"midday"
34,402,183,219,"weekend","beforelunch","travelling","unknown","restaurant",0,1,1,"midday"
35,223,0,223,"weekday","breakfast","working","freezing","grocery",0,0,0,"morning"
35,224,1,223,"weekday","beforelunch","travelling","hot","grocery",0,0,0,"midday"
35,229,6,223,"weekday","lunch","travelling","unknown","grocery",0,0,0,"midday"
35,230,7,223,"weekday","lunch","travelling","cold","grocery",0,0,0,"midday"
35,231,8,223,"weekday","afternoon","travelling","cold","restaurant",1,0,0,"midday"
35,235,12,223,"weekday","afternoon","travelling","freezing","restaurant",0,0,0,"midday"
35,237,14,223,"weekday","lunch","travelling","cold","restaurant",0,0,0,"midday"
35,240,17,223,"weekday","earlymorning","shopping","cold","restaurant",0,0,0,"morning"
35,243,20,223,"weekday","afternoon","unknown","freezing","restaurant",1,0,0,"midday"
35,247,24,223,"weekday","afternoon","travelling","unknown","restaurant",0,0,0,"midday"
35,250,27,223,"weekday","afternoon","travelling","cold","grocery",0,0,0,"midday"
35,251,28,223,"weekday","earlymorning","social","hot","restaurant",0,0,0,"morning"
35,253,30,223,"weekday","breakfast","leisure","freezing","grocery",0,0,0,"morning"
35,255,32,223,"weekday","beforelunch","travelling","warm","grocery",0,0,0,"midday"
35,256,33,223,"weekday","lunch","working","warm","restaurant",1,0,0,"midday"
35,257,34,223,"weekday","lunch","travelling","warm","restaurant",1,0,0,"midday"
35,260,37,223,"weekend","afternoon","travelling","warm","restaurant",1,0,0,"midday"
35,262,39,223,"weekday","morning","unknown","unknown","restaurant",1,0,0,"morning"
35,273,50,223,"weekday","afternoon","travelling","freezing","grocery",0,0,0,"midday"
35,276,53,223,"weekday","morning","travelling","warm","restaurant",0,0,0,"morning"
35,279,56,223,"unknown","afternoon","unknown","unknown","restaurant",1,0,0,"midday"
35,280,57,223,"weekday","lunch","travelling","hot","restaurant",0,1,0,"midday"
35,281,58,223,"weekday","dinner","travelling","unknown","grocery",0,1,0,"night"
35,283,60,223,"weekday","afternoon","travelling","unknown","grocery",1,1,0,"midday"
35,284,61,223,"weekday","earlymorning","travelling","cold","restaurant",1,1,0,"morning"
35,285,62,223,"weekend","breakfast","unknown","freezing","grocery",1,1,0,"morning"
35,288,65,223,"weekday","morning","unknown","warm","restaurant",0,1,0,"morning"
35,293,70,223,"weekday","afternoon","travelling","hot","grocery",1,1,0,"midday"
35,295,72,223,"weekend","lunch","travelling","cold","grocery",0,1,0,"midday"
35,298,75,223,"weekday","breakfast","travelling","unknown","restaurant",1,1,0,"morning"
35,301,78,223,"weekday","afternoon","travelling","warm","grocery",1,1,0,"midday"
35,302,79,223,"weekday","lunch","travelling","unknown","restaurant",0,1,0,"midday"
35,303,80,223,"weekend","morning","travelling","cold","grocery",0,1,0,"morning"
35,304,81,223,"weekend","morning","unknown","freezing","restaurant",0,1,0,"morning"
35,307,84,223,"weekend","beforelunch","working","cold","restaurant",0,1,0,"midday"
35,308,85,223,"weekday","beforelunch","travelling","cold","grocery",0,1,0,"midday"
35,309,86,223,"weekday","lunch","unknown","unknown","grocery",0,1,0,"midday"
35,311,88,223,"weekday","afternoon","shopping","unknown","restaurant",0,1,0,"midday"
35,313,90,223,"weekday","lunch","travelling","unknown","grocery",0,1,0,"midday"
35,315,92,223,"weekday","afternoon","travelling","freezing","restaurant",0,1,0,"midday"
35,318,95,223,"weekend","morning","working","cold","restaurant",1,1,0,"morning"
35,319,96,223,"weekday","beforelunch","morningrituals","freezing","grocery",1,1,0,"midday"
35,321,98,223,"weekday","morning","travelling","freezing","grocery",0,1,0,"morning"
35,322,99,223,"weekday","breakfast","leisure","cold","restaurant",0,1,0,"morning"
35,323,100,223,"weekday","afternoon","unknown","cold","restaurant",0,1,0,"midday"
35,326,103,223,"weekday","afternoon","travelling","warm","restaurant",0,1,0,"midday"
35,332,109,223,"weekday","breakfast","travelling","warm","restaurant",0,1,0,"morning"
35,333,110,223,"weekday","afternoon","leisure","freezing","grocery",0,1,0,"midday"
35,334,111,223,"weekday","afternoon","travelling","cold","grocery",0,1,0,"midday"
35,337,114,223,"weekend","lunch","working","cold","restaurant",1,1,1,"midday"
35,341,118,223,"weekday","beforelunch","unknown","hot","restaurant",1,1,1,"midday"
35,344,121,223,"weekend","afternoon","travelling","unknown","grocery",0,1,1,"midday"
35,350,127,223,"weekend","lunch","travelling","warm","grocery",0,1,1,"midday"
35,351,128,223,"weekday","afternoon","travelling","unknown","restaurant",1,1,1,"midday"
35,353,130,223,"weekday","breakfast","morningrituals","unknown","grocery",0,1,1,"morning"
35,354,131,223,"weekday","afternoon","travelling","cold","restaurant",0,1,1,"midday"
35,356,133,223,"weekday","afternoon","leisure","freezing","grocery",0,1,1,"midday"
35,361,138,223,"weekend","lunch","travelling","cold","grocery",1,1,1,"midday"
35,362,139,223,"weekday","afternoon","unknown","cold","grocery",0,1,1,"midday"
35,366,143,223,"weekend","breakfast","leisure","freezing","grocery",0,1,1,"morning"
35,367,144,223,"weekday","lunch","unknown","cold","grocery",1,1,1,"midday"
35,368,145,223,"weekend","night","travelling","cold","grocery",0,1,1,"night"
35,370,147,223,"weekday","afternoon","shopping","warm","restaurant",0,1,1,"midday"
35,371,148,223,"weekday","breakfast","travelling","cold","grocery",1,1,1,"morning"
35,372,149,223,"weekday","afternoon","travelling","cold","restaurant",0,1,1,"midday"
35,373,150,223,"weekday","afternoon","travelling","freezing","grocery",0,1,1,"midday"
35,375,152,223,"weekday","beforelunch","unknown","unknown","grocery",0,1,1,"midday"
35,376,153,223,"weekday","morning","travelling","hot","restaurant",0,1,1,"morning"
35,378,155,223,"weekend","evening","travelling","unknown","restaurant",1,1,1,"night"
35,379,156,223,"weekday","afternoon","travelling","cold","restaurant",1,1,1,"midday"
35,382,159,223,"weekday","afternoon","travelling","cold","grocery",1,1,1,"midday"
35,385,162,223,"weekday","beforelunch","unknown","cold","restaurant",0,1,1,"midday"
35,390,167,223,"weekday","afternoon","working","cold","restaurant",0,1,1,"midday"
35,392,169,223,"weekday","afternoon","unknown","freezing","grocery",0,1,1,"midday"
35,393,170,223,"weekday","beforelunch","travelling","cold","restaurant",0,1,1,"midday"
35,398,175,223,"weekday","earlymorning","unknown","unknown","restaurant",0,1,1,"morning"
35,399,176,223,"weekend","morning","shopping","hot","restaurant",1,1,1,"morning"
35,400,177,223,"weekday","morning","leisure","cold","grocery",0,1,1,"morning"
35,401,178,223,"weekend","afternoon","travelling","unknown","restaurant",1,1,1,"midday"
35,402,179,223,"weekend","afternoon","shopping","cold","restaurant",1,1,1,"midday"
35,403,180,223,"weekday","breakfast","travelling","cold","grocery",0,1,1,"morning"
35,404,181,223,"weekday","afternoon","unknown","unknown","grocery",1,1,1,"midday"
35,405,182,223,"weekday","afternoon","unknown","unknown","grocery",0,1,1,"midday"
36,226,2,224,"weekday","lunch","travelling","hot","restaurant",0,0,0,"midday"
36,227,3,224,"weekday","lunch","shopping","cold","restaurant",1,0,0,"midday"
36,228,4,224,"weekday","lunch","travelling","cold","restaurant",0,0,0,"midday"
36,234,10,224,"weekday","morning","travelling","cold","grocery",0,0,0,"morning"
36,236,12,224,"weekday","evening","travelling","freezing","grocery",1,0,0,"night"
36,240,16,224,"weekday","earlymorning","travelling","freezing","restaurant",1,0,0,"morning"
36,243,19,224,"weekday","afternoon","travelling","freezing","grocery",0,0,0,"midday"
36,245,21,224,"weekday","afternoon","travelling","freezing","grocery",1,0,0,"midday"
36,246,22,224,"weekday","afternoon","travelling","cold","grocery",1,0,0,"midday"
36,247,23,224,"weekday","afternoon","unknown","unknown","restaurant",0,0,0,"midday"
36,251,27,224,"weekend","afternoon","travelling","unknown","restaurant",1,0,0,"midday"
36,252,28,224,"weekday","breakfast","travelling","warm","grocery",0,0,0,"morning"
36,253,29,224,"weekday","beforelunch","travelling","warm","grocery",0,0,0,"midday"
36,259,35,224,"weekday","breakfast","travelling","unknown","grocery",0,0,0,"morning"
36,261,37,224,"weekend","lunch","travelling","unknown","restaurant",1,0,0,"midday"
36,266,42,224,"weekday","afternoon","travelling","unknown","restaurant",0,0,0,"midday"
36,269,45,224,"weekday","breakfast","travelling","cold","restaurant",0,0,0,"morning"
36,272,48,224,"weekday","lunch","travelling","unknown","grocery",0,0,0,"midday"
36,273,49,224,"weekday","afternoon","travelling","unknown","grocery",0,0,0,"midday"
36,274,50,224,"weekday","afternoon","shopping","unknown","restaurant",0,0,0,"midday"
36,275,51,224,"weekend","afternoon","shopping","hot","grocery",0,0,0,"midday"
36,276,52,224,"weekend","beforelunch","working","unknown","grocery",0,0,0,"midday"
36,277,53,224,"weekday","afternoon","travelling","cold","grocery",0,0,0,"midday"
36,280,56,224,"weekday","beforelunch","shopping","freezing","restaurant",0,0,0,"midday"
36,283,59,224,"weekday","lunch","travelling","cold","grocery",1,1,0,"midday"
36,286,62,224,"weekday","afternoon","leisure","unknown","grocery",0,1,0,"midday"
36,289,65,224,"weekday","afternoon","travelling","warm","grocery",0,1,0,"midday"
36,291,67,224,"weekday","unknown","unknown","cold","restaurant",0,1,0,"unknown"
36,292,68,224,"weekend","night","unknown","freezing","restaurant",0,1,0,"night"
36,299,75,224,"weekend","lunch","leisure","unknown","restaurant",0,1,0,"midday"
36,305,81,224,"weekday","lunch","shopping","warm","restaurant",0,1,0,"midday"
36,309,85,224,"weekday","night","travelling","freezing","restaurant",0,1,0,"night"
36,314,90,224,"weekday","afternoon","travelling","freezing","grocery",1,1,0,"midday"
36,318,94,224,"weekend","lunch","shopping","unknown","restaurant",1,1,0,"midday"
36,323,99,224,"weekend","afternoon","travelling","warm","restaurant",0,1,0,"midday"
36,325,101,224,"weekday","afternoon","travelling","cold","grocery",0,1,0,"midday"
36,335,111,224,"weekday","lunch","travelling","cold","grocery",0,1,0,"midday"
36,338,114,224,"weekday","breakfast","travelling","freezing","restaurant",0,1,1,"morning"
36,340,116,224,"weekend","afternoon","travelling","warm","restaurant",0,1,1,"midday"
36,344,120,224,"weekend","beforelunch","travelling","warm","restaurant",0,1,1,"midday"
36,347,123,224,"weekday","latenight","leisure","cold","grocery",1,1,1,"night"
36,348,124,224,"weekday","lunch","travelling","warm","restaurant",0,1,1,"midday"
36,349,125,224,"weekday","evening","shopping","unknown","grocery",0,1,1,"night"
36,352,128,224,"weekday","lunch","travelling","freezing","grocery",0,1,1,"midday"
36,356,132,224,"weekend","lunch","unknown","warm","grocery",0,1,1,"midday"
36,357,133,224,"weekday","beforelunch","leisure","freezing","grocery",0,1,1,"midday"
36,359,135,224,"weekday","night","travelling","unknown","grocery",0,1,1,"night"
36,362,138,224,"weekend","beforelunch","travelling","warm","restaurant",0,1,1,"midday"
36,367,143,224,"weekday","afternoon","travelling","unknown","grocery",0,1,1,"midday"
36,369,145,224,"weekday","beforelunch","travelling","unknown","grocery",0,1,1,"midday"
36,371,147,224,"weekend","lunch","unknown","cold","grocery",1,1,1,"midday"
36,376,152,224,"weekday","afternoon","unknown","unknown","grocery",1,1,1,"midday"
36,378,154,224,"weekday","beforelunch","travelling","hot","restaurant",0,1,1,"midday"
36,380,156,224,"weekend","lunch","leisure","cold","restaurant",1,1,1,"midday"
36,387,163,224,"weekend","afternoon","travelling","unknown","grocery",1,1,1,"midday"
36,393,169,224,"weekday","beforelunch","travelling","hot","grocery",0,1,1,"midday"
36,396,172,224,"weekday","lunch","travelling","unknown","restaurant",1,1,1,"midday"
36,405,181,224,"weekday","afternoon","travelling","warm","restaurant",1,1,1,"midday"
36,406,182,224,"weekend","afternoon","shopping","freezing","restaurant",1,1,1,"midday"
36,407,183,224,"weekday","lunch","travelling","unknown","restaurant",0,1,1,"midday"
37,246,11,235,"weekday","afternoon","travelling","warm","grocery",1,0,0,"midday"
37,273,38,235,"weekend","breakfast","travelling","freezing","restaurant",0,0,0,"morning"
37,289,54,235,"weekend","afternoon","unknown","cold","grocery",1,0,0,"midday"
37,294,59,235,"weekend","evening","leisure","cold","grocery",1,1,0,"night"
37,303,68,235,"weekend","beforelunch","leisure","warm","grocery",0,1,0,"midday"
37,310,75,235,"weekend","afternoon","leisure","unknown","grocery",0,1,0,"midday"
37,312,77,235,"weekday","beforelunch","travelling","freezing","restaurant",0,1,0,"midday"
37,319,84,235,"weekday","afternoon","unknown","warm","restaurant",0,1,0,"midday"
37,321,86,235,"weekend","beforelunch","unknown","warm","grocery",0,1,0,"midday"
37,329,94,235,"weekday","lunch","unknown","cold","grocery",0,1,0,"midday"
37,341,106,235,"weekend","lunch","working","freezing","grocery",0,1,0,"midday"
37,347,112,235,"weekday","dinner","leisure","cold","grocery",0,1,0,"night"
37,349,114,235,"weekday","afternoon","working","cold","grocery",1,1,1,"midday"
37,356,121,235,"weekday","morning","travelling","unknown","restaurant",0,1,1,"morning"
37,363,128,235,"weekday","beforelunch","working","warm","grocery",0,1,1,"midday"
37,364,129,235,"weekday","beforelunch","travelling","warm","restaurant",0,1,1,"midday"
37,366,131,235,"weekend","breakfast","unknown","cold","grocery",0,1,1,"morning"
37,372,137,235,"weekday","lunch","unknown","cold","restaurant",1,1,1,"midday"
37,378,143,235,"weekday","lunch","travelling","cold","restaurant",0,1,1,"midday"
37,379,144,235,"weekday","dinner","shopping","unknown","restaurant",0,1,1,"night"
37,381,146,235,"weekday","beforelunch","travelling","freezing","restaurant",1,1,1,"midday"
37,384,149,235,"weekday","afternoon","travelling","hot","restaurant",0,1,1,"midday"
37,386,151,235,"weekday","afternoon","travelling","freezing","grocery",1,1,1,"midday"
37,393,158,235,"unknown","afternoon","travelling","unknown","grocery",1,1,1,"midday"
37,400,165,235,"weekday","afternoon","travelling","warm","grocery",0,1,1,"midday"
37,406,171,235,"weekday","afternoon","travelling","warm","grocery",0,1,1,"midday"
37,411,176,235,"weekday","beforelunch","travelling","warm","restaurant",0,1,1,"midday"
38,274,36,238,"weekday","lunch","travelling","unknown","restaurant",0,0,0,"midday"
38,294,56,238,"weekend","afternoon","travelling","unknown","grocery",0,0,0,"midday"
38,319,81,238,"weekday","lunch","unknown","cold","restaurant",0,1,0,"midday"
38,344,106,238,"weekday","lunch","travelling","cold","grocery",0,1,0,"midday"
38,350,112,238,"weekday","breakfast","travelling","freezing","grocery",1,1,0,"morning"
38,352,114,238,"weekend","morning","unknown","unknown","restaurant",0,1,1,"morning"
38,356,118,238,"weekday","beforelunch","working","unknown","grocery",1,1,1,"midday"
38,408,170,238,"weekday","afternoon","working","cold","grocery",0,1,1,"midday"
38,409,171,238,"weekend","afternoon","shopping","freezing","restaurant",0,1,1,"midday"
38,410,172,238,"weekend","afternoon","unknown","warm","grocery",0,1,1,"midday"
39,253,3,250,"weekday","night","shopping","cold","restaurant",0,0,0,"night"
39,261,11,250,"weekday","evening","unknown","hot","grocery",0,0,0,"night"
39,264,14,250,"weekday","afternoon","travelling","unknown","grocery",0,0,0,"midday"
39,268,18,250,"weekday","morning","travelling","cold","grocery",0,0,0,"morning"
39,272,22,250,"weekend","afternoon","unknown","unknown","restaurant",1,0,0,"midday"
39,278,28,250,"weekend","beforelunch","travelling","unknown","grocery",1,0,0,"midday"
39,279,29,250,"weekday","lunch","travelling","cold","grocery",0,0,0,"midday"
39,290,40,250,"weekday","evening","travelling","freezing","restaurant",0,0,0,"night"
39,291,41,250,"weekend","beforelunch","unknown","freezing","restaurant",0,0,0,"midday"
39,297,47,250,"weekday","lunch","unknown","unknown","restaurant",0,0,0,"midday"
39,301,51,250,"weekday","breakfast","travelling","cold","restaurant",1,0,0,"morning"
39,324,74,250,"weekend","beforelunch","travelling","warm","grocery",0,1,0,"midday"
39,328,78,250,"weekday","beforelunch","travelling","hot","restaurant",1,1,0,"midday"
39,329,79,250,"weekday","afternoon","travelling","unknown","restaurant",0,1,0,"midday"
39,334,84,250,"weekend","beforelunch","unknown","unknown","restaurant",0,1,0,"midday"
39,338,88,250,"weekday","lunch","travelling","cold","grocery",0,1,0,"midday"
39,340,90,250,"weekday","breakfast","unknown","unknown","restaurant",0,1,0,"morning"
39,348,98,250,"weekday","lunch","travelling","hot","restaurant",0,1,0,"midday"
39,352,102,250,"weekend","beforelunch","travelling","warm","restaurant",0,1,0,"midday"
39,354,104,250,"weekday","lunch","workingout","warm","restaurant",0,1,0,"midday"
39,368,118,250,"weekday","breakfast","travelling","unknown","restaurant",0,1,1,"morning"
39,375,125,250,"weekday","lunch","travelling","cold","restaurant",1,1,1,"midday"
39,376,126,250,"weekend","afternoon","leisure","hot","grocery",0,1,1,"midday"
39,378,128,250,"weekday","afternoon","unknown","cold","restaurant",0,1,1,"midday"
39,386,136,250,"weekend","lunch","unknown","cold","grocery",0,1,1,"midday"
39,407,157,250,"unknown","breakfast","travelling","cold","grocery",0,1,1,"morning"
39,417,167,250,"weekend","beforelunch","leisure","cold","grocery",1,1,1,"midday"
39,419,169,250,"weekday","lunch","travelling","hot","restaurant",0,1,1,"midday"
39,420,170,250,"weekday","breakfast","unknown","freezing","grocery",1,1,1,"morning"
40,279,23,256,"weekday","afternoon","travelling","freezing","grocery",0,0,0,"midday"
40,298,42,256,"weekday","afternoon","travelling","freezing","grocery",0,0,0,"midday"
40,310,54,256,"weekday","beforelunch","working","cold","grocery",0,0,0,"midday"
40,313,57,256,"weekday","lunch","unknown","cold","restaurant",0,1,0,"midday"
40,328,72,256,"weekday","afternoon","unknown","unknown","restaurant",0,1,0,"midday"
40,359,103,256,"weekday","beforelunch","leisure","hot","restaurant",0,1,0,"midday"
40,370,114,256,"weekday","afternoon","travelling","unknown","grocery",0,1,1,"midday"
40,371,115,256,"weekday","afternoon","travelling","unknown","restaurant",1,1,1,"midday"
40,377,121,256,"weekday","afternoon","travelling","warm","grocery",0,1,1,"midday"
40,413,157,256,"weekday","afternoon","working","cold","grocery",1,1,1,"midday"
41,262,1,261,"weekend","lunch","leisure","freezing","restaurant",0,0,0,"midday"
41,264,3,261,"weekday","beforelunch","leisure","unknown","restaurant",1,0,0,"midday"
41,268,7,261,"weekday","dinner","working","cold","grocery",0,0,0,"night"
41,269,8,261,"weekend","lunch","travelling","unknown","restaurant",0,0,0,"midday"
41,270,9,261,"weekend","lunch","working","cold","grocery",0,0,0,"midday"
41,273,12,261,"weekday","afternoon","travelling","cold","restaurant",0,0,0,"midday"
41,274,13,261,"unknown","beforelunch","travelling","cold","grocery",0,0,0,"midday"
41,275,14,261,"weekday","afternoon","travelling","freezing","restaurant",0,0,0,"midday"
41,277,16,261,"weekend","afternoon","working","freezing","restaurant",1,0,0,"midday"
41,278,17,261,"weekday","beforelunch","travelling","cold","grocery",0,0,0,"midday"
41,279,18,261,"weekday","unknown","travelling","hot","grocery",1,0,0,"unknown"
41,280,19,261,"weekday","afternoon","working","cold","grocery",0,0,0,"midday"
41,281,20,261,"weekday","breakfast","travelling","cold","grocery",0,0,0,"morning"
41,282,21,261,"weekday","breakfast","leisure","unknown","grocery",1,0,0,"morning"
41,283,22,261,"weekend","beforelunch","travelling","cold","restaurant",0,0,0,"midday"
41,285,24,261,"weekday","afternoon","unknown","cold","grocery",1,0,0,"midday"
41,286,25,261,"weekday","beforelunch","working","cold","grocery",0,0,0,"midday"
41,287,26,261,"weekday","night","travelling","cold","grocery",0,0,0,"night"
41,289,28,261,"weekend","lunch","travelling","cold","grocery",0,0,0,"midday"
41,290,29,261,"weekday","afternoon","leisure","freezing","restaurant",1,0,0,"midday"
41,291,30,261,"weekend","beforelunch","travelling","hot","grocery",0,0,0,"midday"
41,293,32,261,"weekend","breakfast","travelling","unknown","restaurant",1,0,0,"morning"
41,296,35,261,"weekday","beforelunch","shopping","freezing","restaurant",0,0,0,"midday"
41,297,36,261,"weekday","lunch","travelling","unknown","grocery",1,0,0,"midday"
41,299,38,261,"weekend","lunch","travelling","unknown","restaurant",0,0,0,"midday"
41,301,40,261,"weekend","afternoon","shopping","hot","grocery",0,0,0,"midday"
41,302,41,261,"weekday","evening","travelling","hot","restaurant",1,0,0,"night"
41,303,42,261,"weekday","lunch","morningrituals","cold","grocery",1,0,0,"midday"
41,304,43,261,"weekday","lunch","working","warm","restaurant",0,0,0,"midday"
41,305,44,261,"weekday","lunch","workingout","cold","grocery",0,0,0,"midday"
41,308,47,261,"weekend","afternoon","unknown","freezing","restaurant",0,0,0,"midday"
41,309,48,261,"weekday","beforelunch","unknown","unknown","grocery",0,0,0,"midday"
41,311,50,261,"weekend","afternoon","travelling","cold","restaurant",0,0,0,"midday"
41,312,51,261,"weekday","afternoon","unknown","cold","grocery",1,0,0,"midday"
41,313,52,261,"weekday","afternoon","travelling","unknown","grocery",1,0,0,"midday"
41,314,53,261,"weekday","breakfast","unknown","unknown","grocery",1,0,0,"morning"
41,315,54,261,"weekday","beforelunch","travelling","unknown","restaurant",1,0,0,"midday"
41,318,57,261,"weekday","morning","leisure","warm","grocery",0,1,0,"morning"
41,319,58,261,"weekday","lunch","travelling","warm","restaurant",0,1,0,"midday"
41,321,60,261,"weekday","unknown","travelling","warm","restaurant",1,1,0,"unknown"
41,323,62,261,"weekday","breakfast","travelling","freezing","restaurant",1,1,0,"morning"
41,324,63,261,"weekend","afternoon","travelling","freezing","grocery",0,1,0,"midday"
41,325,64,261,"weekday","breakfast","travelling","freezing","restaurant",0,1,0,"morning"
41,327,66,261,"weekday","afternoon","travelling","warm","restaurant",0,1,0,"midday"
41,329,68,261,"weekend","morning","working","hot","restaurant",1,1,0,"morning"
41,331,70,261,"weekday","afternoon","travelling","hot","grocery",1,1,0,"midday"
41,333,72,261,"weekend","dinner","leisure","freezing","grocery",1,1,0,"night"
41,335,74,261,"weekday","afternoon","travelling","unknown","grocery",0,1,0,"midday"
41,336,75,261,"weekday","lunch","travelling","warm","grocery",0,1,0,"midday"
41,337,76,261,"weekday","afternoon","travelling","freezing","restaurant",0,1,0,"midday"
41,340,79,261,"unknown","lunch","travelling","cold","restaurant",0,1,0,"midday"
41,341,80,261,"weekend","beforelunch","leisure","unknown","restaurant",1,1,0,"midday"
41,342,81,261,"weekday","breakfast","travelling","cold","restaurant",1,1,0,"morning"
41,343,82,261,"weekday","beforelunch","unknown","freezing","restaurant",0,1,0,"midday"
41,344,83,261,"weekday","afternoon","travelling","unknown","grocery",1,1,0,"midday"
41,348,87,261,"weekday","afternoon","travelling","freezing","restaurant",1,1,0,"midday"
41,349,88,261,"weekday","afternoon","travelling","freezing","restaurant",1,1,0,"midday"
41,350,89,261,"weekday","afternoon","travelling","cold","restaurant",0,1,0,"midday"
41,352,91,261,"weekend","lunch","unknown","warm","restaurant",0,1,0,"midday"
41,353,92,261,"weekday","beforelunch","shopping","cold","grocery",0,1,0,"midday"
41,354,93,261,"weekday","lunch","unknown","warm","grocery",0,1,0,"midday"
41,356,95,261,"weekend","beforelunch","leisure","cold","restaurant",1,1,0,"midday"
41,359,98,261,"unknown","morning","unknown","warm","grocery",0,1,0,"morning"
41,361,100,261,"weekday","breakfast","working","cold","grocery",0,1,0,"morning"
41,362,101,261,"weekday","beforelunch","unknown","hot","grocery",0,1,0,"midday"
41,364,103,261,"weekday","lunch","leisure","cold","restaurant",0,1,0,"midday"
41,365,104,261,"weekday","afternoon","travelling","unknown","restaurant",0,1,0,"midday"
41,366,105,261,"weekday","lunch","leisure","warm","grocery",0,1,0,"midday"
41,368,107,261,"weekday","afternoon","travelling","unknown","restaurant",0,1,0,"midday"
41,370,109,261,"weekday","lunch","travelling","unknown","grocery",1,1,0,"midday"
41,371,110,261,"weekday","beforelunch","travelling","hot","grocery",0,1,0,"midday"
41,374,113,261,"weekday","breakfast","travelling","unknown","restaurant",0,1,1,"morning"
41,376,115,261,"weekend","breakfast","leisure","cold","grocery",0,1,1,"morning"
41,377,116,261,"weekday","lunch","morningrituals","warm","grocery",0,1,1,"midday"
41,379,118,261,"weekend","lunch","morningrituals","cold","grocery",0,1,1,"midday"
41,381,120,261,"weekday","afternoon","unknown","freezing","restaurant",1,1,1,"midday"
41,385,124,261,"weekend","afternoon","leisure","cold","grocery",1,1,1,"midday"
41,387,126,261,"weekend","beforelunch","travelling","cold","grocery",0,1,1,"midday"
41,389,128,261,"unknown","morning","unknown","cold","grocery",1,1,1,"morning"
41,390,129,261,"weekday","lunch","travelling","unknown","restaurant",0,1,1,"midday"
41,392,131,261,"weekday","afternoon","travelling","unknown","grocery",0,1,1,"midday"
41,395,134,261,"weekday","breakfast","leisure","warm","grocery",0,1,1,"morning"
41,396,135,261,"weekday","morning","travelling","freezing","grocery",1,1,1,"morning"
41,397,136,261,"weekday","lunch","working","cold","grocery",0,1,1,"midday"
41,400,139,261,"weekend","beforelunch","travelling","cold","restaurant",0,1,1,"midday"
41,401,140,261,"weekday","breakfast","shopping","freezing","restaurant",0,1,1,"morning"
41,402,141,261,"weekday","afternoon","unknown","unknown","restaurant",1,1,1,"midday"
41,403,142,261,"weekday","breakfast","travelling","hot","grocery",0,1,1,"morning"
41,404,143,261,"weekday","morning","shopping","warm","grocery",0,1,1,"morning"
41,405,144,261,"weekday","breakfast","travelling","warm","restaurant",1,1,1,"morning"
41,406,145,261,"weekend","beforelunch","working","unknown","restaurant",0,1,1,"midday"
41,407,146,261,"unknown","morning","travelling","cold","grocery",0,1,1,"morning"
41,408,147,261,"weekend","beforelunch","travelling","warm","grocery",0,1,1,"midday"
41,409,148,261,"weekend","morning","working","freezing","restaurant",0,1,1,"morning"
41,410,149,261,"weekend","beforelunch","travelling","unknown","grocery",0,1,1,"midday"
41,411,150,261,"weekend","lunch","travelling","cold","grocery",0,1,1,"midday"
41,412,151,261,"weekend","afternoon","travelling","cold","grocery",0,1,1,"midday"
41,413,152,261,"weekday","earlymorning","unknown","warm","grocery",1,1,1,"morning"
41,414,153,261,"weekend","afternoon","travelling","unknown","restaurant",1,1,1,"midday"
41,415,154,261,"weekday","breakfast","travelling","freezing","restaurant",1,1,1,"morning"
41,416,155,261,"weekday","afternoon","leisure","hot","restaurant",0,1,1,"midday"
41,417,156,261,"weekday","beforelunch","travelling","cold","grocery",0,1,1,"midday"
41,418,157,261,"weekday","afternoon","unknown","hot","restaurant",0,1,1,"midday"
41,420,159,261,"weekday","afternoon","travelling","freezing","grocery",1,1,1,"midday"
41,424,163,261,"weekend","lunch","working","cold","grocery",0,1,1,"midday"
41,425,164,261,"weekday","afternoon","travelling","warm","restaurant",1,1,1,"midday"
41,426,165,261,"weekend","morning","unknown","cold","grocery",0,1,1,"morning"
41,428,167,261,"weekday","beforelunch","travelling","cold","grocery",1,1,1,"midday"
41,429,168,261,"weekend","afternoon","working","warm","grocery",0,1,1,"midday"
41,430,169,261,"weekday","dinner","travelling","unknown","restaurant",1,1,1,"night"
41,431,170,261,"weekday","dinner","travelling","unknown","restaurant",0,1,1,"night"
41,432,171,261,"weekend","lunch","shopping","unknown","grocery",0,1,1,"midday"
41,433,172,261,"weekday","afternoon","workingout","unknown","restaurant",0,1,1,"midday"
41,434,173,261,"weekday","beforelunch","shopping","unknown","restaurant",1,1,1,"midday"
41,436,175,261,"weekday","afternoon","unknown","cold","grocery",0,1,1,"midday"
41,438,177,261,"weekend","afternoon","leisure","cold","restaurant",0,1,1,"midday"
41,440,179,261,"weekday","beforelunch","travelling","cold","restaurant",1,1,1,"midday"
41,441,180,261,"weekday","lunch","travelling","freezing","restaurant",0,1,1,"midday"
41,442,181,261,"weekday","dinner","unknown","warm","restaurant",0,1,1,"night"
41,443,182,261,"weekday","breakfast","travelling","cold","grocery",0,1,1,"morning"
42,262,0,262,"weekday","dinner","travelling","cold","grocery",0,0,0,"night"
42,263,1,262,"weekday","beforelunch","travelling","unknown","restaurant",1,0,0,"midday"
42,265,3,262,"weekday","breakfast","travelling","unknown","restaurant",0,0,0,"morning"
42,266,4,262,"weekend","beforelunch","travelling","warm","restaurant",1,0,0,"midday"
42,269,7,262,"weekday","earlymorning","travelling","cold","restaurant",0,0,0,"morning"
42,271,9,262,"weekend","dinner","unknown","freezing","restaurant",0,0,0,"night"
42,272,10,262,"weekday","afternoon","unknown","cold","restaurant",0,0,0,"midday"
42,273,11,262,"weekday","afternoon","travelling","freezing","grocery",1,0,0,"midday"
42,274,12,262,"weekend","afternoon","unknown","warm","restaurant",1,0,0,"midday"
42,275,13,262,"weekday","afternoon","travelling","warm","restaurant",0,0,0,"midday"
42,277,15,262,"weekend","lunch","morningrituals","freezing","grocery",0,0,0,"midday"
42,278,16,262,"weekday","afternoon","shopping","cold","restaurant",0,0,0,"midday"
42,279,17,262,"weekday","breakfast","working","unknown","grocery",0,0,0,"morning"
42,282,20,262,"weekend","beforelunch","travelling","cold","grocery",0,0,0,"midday"
42,283,21,262,"weekday","breakfast","unknown","freezing","grocery",0,0,0,"morning"
42,287,25,262,"weekend","afternoon","travelling","cold","grocery",0,0,0,"midday"
42,290,28,262,"weekend","dinner","working","hot","restaurant",0,0,0,"night"
42,293,31,262,"weekday","morning","travelling","unknown","grocery",0,0,0,"morning"
42,294,32,262,"weekend","beforelunch","travelling","warm","restaurant",1,0,0,"midday"
42,295,33,262,"weekend","evening","travelling","freezing","grocery",0,0,0,"night"
42,297,35,262,"weekday","lunch","travelling","freezing","grocery",0,0,0,"midday"
42,299,37,262,"weekday","dinner","leisure","unknown","grocery",0,0,0,"night"
42,300,38,262,"weekend","breakfast","unknown","warm","grocery",0,0,0,"morning"
42,301,39,262,"weekend","beforelunch","travelling","freezing","grocery",0,0,0,"midday"
42,302,40,262,"weekday","afternoon","travelling","freezing","restaurant",0,0,0,"midday"
42,305,43,262,"weekday","beforelunch","working","cold","restaurant",1,0,0,"midday"
42,306,44,262,"weekday","unknown","shopping","freezing","restaurant",0,0,0,"unknown"
42,307,45,262,"weekday","afternoon","travelling","cold","grocery",1,0,0,"midday"
42,310,48,262,"weekday","afternoon","morningrituals","cold","restaurant",0,0,0,"midday"
42,312,50,262,"weekday","afternoon","travelling","warm","grocery",1,0,0,"midday"
42,313,51,262,"weekend","lunch","travelling","cold","grocery",0,0,0,"midday"
42,315,53,262,"weekday","afternoon","unknown","freezing","restaurant",0,0,0,"midday"
42,317,55,262,"weekday","lunch","unknown","cold","grocery",0,0,0,"midday"
42,319,57,262,"weekday","afternoon","shopping","unknown","grocery",0,1,0,"midday"
42,320,58,262,"weekday","afternoon","travelling","unknown","restaurant",0,1,0,"midday"
42,321,59,262,"weekend","afternoon","travelling","cold","restaurant",0,1,0,"midday"
42,322,60,262,"weekend","afternoon","travelling","cold","grocery",0,1,0,"midday"
42,324,62,262,"weekday","beforelunch","travelling","unknown","restaurant",1,1,0,"midday"
42,327,65,262,"weekday","dinner","shopping","freezing","restaurant",0,1,0,"night"
42,328,66,262,"weekend","morning","travelling","warm","grocery",1,1,0,"morning"
42,329,67,262,"weekday","beforelunch","travelling","cold","grocery",1,1,0,"midday"
42,330,68,262,"weekday","lunch","leisure","freezing","grocery",1,1,0,"midday"
42,331,69,262,"weekday","afternoon","travelling","freezing","grocery",1,1,0,"midday"
42,336,74,262,"weekday","beforelunch","leisure","unknown","grocery",1,1,0,"midday"
42,337,75,262,"weekday","afternoon","travelling","cold","grocery",1,1,0,"midday"
42,338,76,262,"weekday","beforelunch","working","freezing","grocery",0,1,0,"midday"
42,339,77,262,"weekday","afternoon","travelling","cold","restaurant",0,1,0,"midday"
42,340,78,262,"weekday","breakfast","leisure","cold","restaurant",1,1,0,"morning"
42,342,80,262,"weekday","beforelunch","travelling","cold","restaurant",0,1,0,"midday"
42,343,81,262,"weekday","afternoon","travelling","unknown","grocery",0,1,0,"midday"
42,344,82,262,"weekday","breakfast","travelling","unknown","restaurant",0,1,0,"morning"
42,345,83,262,"weekday","beforelunch","leisure","freezing","grocery",0,1,0,"midday"
42,346,84,262,"weekday","afternoon","travelling","cold","grocery",1,1,0,"midday"
42,348,86,262,"weekday","morning","working","freezing","grocery",0,1,0,"morning"
42,350,88,262,"weekday","afternoon","travelling","freezing","grocery",0,1,0,"midday"
42,351,89,262,"weekday","lunch","travelling","warm","grocery",1,1,0,"midday"
42,355,93,262,"weekday","dinner","travelling","unknown","restaurant",1,1,0,"night"
42,356,94,262,"weekday","beforelunch","travelling","unknown","restaurant",0,1,0,"midday"
42,360,98,262,"weekday","afternoon","travelling","cold","restaurant",1,1,0,"midday"
42,361,99,262,"weekend","afternoon","shopping","warm","grocery",0,1,0,"midday"
42,363,101,262,"weekday","beforelunch","leisure","cold","grocery",1,1,0,"midday"
42,364,102,262,"weekday","lunch","morningrituals","unknown","restaurant",0,1,0,"midday"
42,365,103,262,"weekday","afternoon","shopping","warm","grocery",0,1,0,"midday"
42,367,105,262,"weekend","breakfast","working","unknown","grocery",1,1,0,"morning"
42,368,106,262,"weekend","beforelunch","travelling","cold","restaurant",0,1,0,"midday"
42,369,107,262,"weekday","evening","travelling","warm","grocery",0,1,0,"night"
42,370,108,262,"weekend","beforelunch","travelling","freezing","restaurant",0,1,0,"midday"
42,371,109,262,"weekday","dinner","travelling","unknown","restaurant",0,1,0,"night"
42,372,110,262,"weekday","afternoon","travelling","freezing","grocery",0,1,0,"midday"
42,374,112,262,"weekend","lunch","travelling","unknown","grocery",0,1,0,"midday"
42,376,114,262,"weekday","afternoon","unknown","warm","restaurant",0,1,1,"midday"
42,379,117,262,"weekday","beforelunch","leisure","unknown","grocery",0,1,1,"midday"
42,381,119,262,"weekday","night","travelling","warm","grocery",0,1,1,"night"
42,382,120,262,"weekday","breakfast","shopping","freezing","restaurant",0,1,1,"morning"
42,384,122,262,"weekday","breakfast","travelling","warm","restaurant",0,1,1,"morning"
42,385,123,262,"weekday","breakfast","travelling","freezing","grocery",1,1,1,"morning"
42,386,124,262,"weekday","beforelunch","travelling","cold","restaurant",1,1,1,"midday"
42,388,126,262,"weekday","afternoon","morningrituals","cold","restaurant",0,1,1,"midday"
42,389,127,262,"weekday","lunch","unknown","freezing","restaurant",0,1,1,"midday"
42,390,128,262,"weekday","afternoon","travelling","unknown","restaurant",0,1,1,"midday"
42,391,129,262,"weekend","afternoon","shopping","warm","grocery",0,1,1,"midday"
42,393,131,262,"weekend","breakfast","travelling","warm","restaurant",0,1,1,"morning"
42,394,132,262,"weekday","breakfast","travelling","hot","restaurant",0,1,1,"morning"
42,395,133,262,"weekend","afternoon","working","hot","restaurant",0,1,1,"midday"
42,396,134,262,"weekday","lunch","working","freezing","restaurant",0,1,1,"midday"
42,397,135,262,"weekend","breakfast","unknown","unknown","restaurant",0,1,1,"morning"
42,399,137,262,"weekday","breakfast","unknown","unknown","restaurant",0,1,1,"morning"
42,401,139,262,"weekday","afternoon","morningrituals","freezing","restaurant",1,1,1,"midday"
42,404,142,262,"weekday","beforelunch","travelling","freezing","grocery",1,1,1,"midday"
42,405,143,262,"weekday","breakfast","travelling","cold","grocery",0,1,1,"morning"
42,406,144,262,"weekday","afternoon","travelling","warm","restaurant",0,1,1,"midday"
42,408,146,262,"weekday","morning","travelling","warm","grocery",0,1,1,"morning"
42,409,147,262,"weekend","beforelunch","leisure","cold","restaurant",0,1,1,"midday"
42,412,150,262,"weekday","breakfast","travelling","cold","grocery",0,1,1,"morning"
42,414,152,262,"weekend","afternoon","travelling","freezing","restaurant",0,1,1,"midday"
42,415,153,262,"weekday","breakfast","travelling","freezing","restaurant",0,1,1,"morning"
42,416,154,262,"weekend","morning","travelling","cold","grocery",0,1,1,"morning"
42,417,155,262,"weekday","afternoon","travelling","warm","grocery",0,1,1,"midday"
42,420,158,262,"weekday","lunch","travelling","cold","grocery",1,1,1,"midday"
42,421,159,262,"weekend","breakfast","unknown","hot","grocery",0,1,1,"morning"
42,422,160,262,"weekday","beforelunch","travelling","freezing","restaurant",0,1,1,"midday"
42,423,161,262,"weekday","beforelunch","travelling","warm","grocery",0,1,1,"midday"
42,424,162,262,"weekday","lunch","travelling","unknown","restaurant",0,1,1,"midday"
42,426,164,262,"weekday","dinner","unknown","unknown","restaurant",1,1,1,"night"
42,427,165,262,"weekday","unknown","unknown","unknown","restaurant",0,1,1,"unknown"
42,429,167,262,"weekday","afternoon","working","cold","grocery",0,1,1,"midday"
42,432,170,262,"weekday","afternoon","unknown","cold","grocery",0,1,1,"midday"
42,433,171,262,"weekday","lunch","leisure","freezing","grocery",1,1,1,"midday"
42,438,176,262,"weekday","lunch","working","unknown","grocery",0,1,1,"midday"
42,442,180,262,"weekday","morning","travelling","cold","grocery",0,1,1,"morning"
42,444,182,262,"weekday","afternoon","shopping","warm","grocery",1,1,1,"midday"
42,445,183,262,"weekday","unknown","unknown","freezing","restaurant",0,1,1,"unknown"
43,270,0,270,"weekend","afternoon","travelling","freezing","restaurant",0,0,0,"midday"
43,272,2,270,"weekday","afternoon","travelling","hot","grocery",0,0,0,"midday"
43,275,5,270,"weekend","unknown","travelling","cold","restaurant",0,0,0,"unknown"
43,278,8,270,"weekday","breakfast","unknown","hot","grocery",1,0,0,"morning"
43,280,10,270,"weekday","unknown","morningrituals","freezing","restaurant",1,0,0,"unknown"
43,286,16,270,"weekend","lunch","travelling","hot","grocery",0,0,0,"midday"
43,287,17,270,"weekday","dinner","travelling","hot","restaurant",0,0,0,"night"
43,288,18,270,"weekday","afternoon","unknown","freezing","grocery",0,0,0,"midday"
43,290,20,270,"weekend","lunch","travelling","freezing","grocery",1,0,0,"midday"
43,294,24,270,"weekend","breakfast","travelling","cold","grocery",1,0,0,"morning"
43,300,30,270,"weekday","lunch","leisure","unknown","grocery",0,0,0,"midday"
43,301,31,270,"weekday","breakfast","travelling","freezing","grocery",0,0,0,"morning"
43,304,34,270,"weekday","lunch","working","cold","restaurant",0,0,0,"midday"
43,306,36,270,"weekday","lunch","leisure","cold","grocery",1,0,0,"midday"
43,310,40,270,"weekend","breakfast","travelling","warm","restaurant",0,0,0,"morning"
43,314,44,270,"weekday","morning","travelling","cold","grocery",0,0,0,"morning"
43,316,46,270,"weekend","dinner","unknown","cold","grocery",0,0,0,"night"
43,317,47,270,"weekday","earlymorning","travelling","hot","grocery",1,0,0,"morning"
43,318,48,270,"weekday","lunch","travelling","cold","restaurant",0,0,0,"midday"
43,319,49,270,"weekday","night","travelling","unknown","grocery",0,0,0,"night"
43,320,50,270,"weekday","morning","travelling","freezing","grocery",0,0,0,"morning"
43,321,51,270,"weekday","afternoon","travelling","freezing","restaurant",0,0,0,"midday"
43,322,52,270,"weekend","afternoon","unknown","unknown","restaurant",0,0,0,"midday"
43,323,53,270,"weekday","beforelunch","unknown","hot","grocery",0,0,0,"midday"
43,324,54,270,"weekday","afternoon","travelling","unknown","grocery",1,0,0,"midday"
43,326,56,270,"weekday","afternoon","travelling","warm","restaurant",1,0,0,"midday"
43,329,59,270,"weekday","afternoon","travelling","freezing","grocery",0,1,0,"midday"
43,330,60,270,"weekday","lunch","travelling","cold","grocery",0,1,0,"midday"
43,333,63,270,"weekend","morning","working","cold","restaurant",0,1,0,"morning"
43,334,64,270,"unknown","earlymorning","unknown","unknown","restaurant",1,1,0,"morning"
43,335,65,270,"weekend","lunch","shopping","warm","grocery",0,1,0,"midday"
43,336,66,270,"weekday","beforelunch","leisure","warm","restaurant",0,1,0,"midday"
43,337,67,270,"weekday","lunch","travelling","freezing","grocery",1,1,0,"midday"
43,339,69,270,"weekday","unknown","travelling","cold","grocery",0,1,0,"unknown"
43,340,70,270,"weekday","lunch","shopping","cold","restaurant",0,1,0,"midday"
43,342,72,270,"weekday","breakfast","unknown","freezing","restaurant",0,1,0,"morning"
43,343,73,270,"weekday","afternoon","travelling","freezing","grocery",0,1,0,"midday"
43,345,75,270,"weekday","lunch","travelling","warm","restaurant",0,1,0,"midday"
43,347,77,270,"weekend","lunch","travelling","cold","grocery",0,1,0,"midday"
43,353,83,270,"weekday","dinner","unknown","cold","restaurant",0,1,0,"night"
43,355,85,270,"weekend","morning","unknown","freezing","grocery",1,1,0,"morning"
43,356,86,270,"weekday","afternoon","travelling","cold","restaurant",1,1,0,"midday"
43,359,89,270,"unknown","dinner","leisure","cold","restaurant",1,1,0,"night"
43,360,90,270,"weekend","beforelunch","unknown","freezing","restaurant",1,1,0,"midday"
43,361,91,270,"weekday","lunch","travelling","cold","grocery",0,1,0,"midday"
43,363,93,270,"weekday","afternoon","travelling","freezing","restaurant",0,1,0,"midday"
43,365,95,270,"weekend","afternoon","travelling","warm","grocery",0,1,0,"midday"
43,367,97,270,"weekend","afternoon","shopping","cold","grocery",0,1,0,"midday"
43,368,98,270,"unknown","lunch","working","unknown","restaurant",0,1,0,"midday"
43,369,99,270,"weekend","afternoon","leisure","warm","restaurant",1,1,0,"midday"
43,372,102,270,"weekend","latenight","leisure","freezing","grocery",1,1,0,"night"
43,373,103,270,"weekday","beforelunch","travelling","unknown","restaurant",1,1,0,"midday"
43,376,106,270,"weekday","evening","unknown","hot","grocery",0,1,0,"night"
43,377,107,270,"weekend","afternoon","unknown","warm","grocery",0,1,0,"midday"
43,379,109,270,"weekday","beforelunch","unknown","freezing","grocery",0,1,0,"midday"
43,381,111,270,"unknown","beforelunch","travelling","hot","grocery",0,1,0,"midday"
43,382,112,270,"weekend","breakfast","unknown","cold","restaurant",0,1,0,"morning"
43,387,117,270,"unknown","afternoon","travelling","cold","grocery",0,1,1,"midday"
43,388,118,270,"weekday","breakfast","leisure","hot","restaurant",0,1,1,"morning"
43,389,119,270,"weekend","earlymorning","travelling","warm","grocery",1,1,1,"morning"
43,390,120,270,"weekday","beforelunch","unknown","cold","restaurant",0,1,1,"midday"
43,393,123,270,"weekday","afternoon","travelling","cold","restaurant",0,1,1,"midday"
43,395,125,270,"weekend","afternoon","travelling","warm","grocery",0,1,1,"midday"
43,397,127,270,"weekend","beforelunch","travelling","cold","grocery",1,1,1,"midday"
43,399,129,270,"weekday","breakfast","leisure","warm","restaurant",1,1,1,"morning"
43,400,130,270,"weekday","evening","leisure","cold","grocery",0,1,1,"night"
43,404,134,270,"weekday","beforelunch","travelling","freezing","grocery",1,1,1,"midday"
43,405,135,270,"weekday","afternoon","leisure","unknown","restaurant",1,1,1,"midday"
43,406,136,270,"weekday","afternoon","unknown","warm","grocery",0,1,1,"midday"
43,407,137,270,"weekday","afternoon","morningrituals","cold","restaurant",0,1,1,"midday"
43,408,138,270,"weekday","afternoon","shopping","unknown","grocery",0,1,1,"midday"
43,409,139,270,"weekday","lunch","travelling","unknown","restaurant",0,1,1,"midday"
43,410,140,270,"weekend","afternoon","travelling","freezing","restaurant",1,1,1,"midday"
43,411,141,270,"weekend","beforelunch","travelling","unknown","grocery",0,1,1,"midday"
43,413,143,270,"weekend","afternoon","leisure","warm","grocery",1,1,1,"midday"
43,414,144,270,"weekday","afternoon","travelling","unknown","grocery",0,1,1,"midday"
43,416,146,270,"weekday","breakfast","shopping","freezing","restaurant",0,1,1,"morning"
43,419,149,270,"weekday","afternoon","travelling","unknown","restaurant",0,1,1,"midday"
43,420,150,270,"weekday","breakfast","travelling","cold","restaurant",1,1,1,"morning"
43,421,151,270,"weekday","afternoon","travelling","unknown","restaurant",0,1,1,"midday"
43,422,152,270,"weekend","breakfast","unknown","cold","grocery",1,1,1,"morning"
43,423,153,270,"weekend","dinner","shopping","freezing","restaurant",0,1,1,"night"
43,424,154,270,"weekday","afternoon","unknown","hot","restaurant",1,1,1,"midday"
43,425,155,270,"weekday","beforelunch","unknown","freezing","restaurant",1,1,1,"midday"
43,427,157,270,"weekday","beforelunch","travelling","hot","grocery",1,1,1,"midday"
43,428,158,270,"weekday","afternoon","unknown","warm","grocery",0,1,1,"midday"
43,430,160,270,"weekend","afternoon","travelling","warm","grocery",0,1,1,"midday"
43,433,163,270,"weekday","lunch","shopping","cold","grocery",1,1,1,"midday"
43,434,164,270,"weekday","beforelunch","morningrituals","freezing","restaurant",1,1,1,"midday"
43,435,165,270,"weekday","breakfast","unknown","freezing","restaurant",0,1,1,"morning"
43,436,166,270,"weekday","lunch","working","cold","restaurant",0,1,1,"midday"
43,439,169,270,"weekend","night","travelling","cold","grocery",0,1,1,"night"
43,440,170,270,"weekend","dinner","unknown","hot","grocery",0,1,1,"night"
43,441,171,270,"weekday","beforelunch","unknown","unknown","grocery",0,1,1,"midday"
43,443,173,270,"weekday","afternoon","leisure","cold","grocery",1,1,1,"midday"
43,446,176,270,"weekday","afternoon","travelling","unknown","grocery",0,1,1,"midday"
43,447,177,270,"weekday","breakfast","working","freezing","grocery",1,1,1,"morning"
43,449,179,270,"weekend","afternoon","travelling","hot","grocery",0,1,1,"midday"
43,450,180,270,"weekday","morning","working","freezing","grocery",0,1,1,"morning"
43,451,181,270,"weekend","afternoon","unknown","unknown","grocery",1,1,1,"midday"
43,452,182,270,"weekday","night","travelling","unknown","restaurant",1,1,1,"night"
44,276,0,276,"weekday","afternoon","unknown","freezing","grocery",1,0,0,"midday"
44,277,1,276,"weekend","beforelunch","travelling","unknown","grocery",0,0,0,"midday"
44,278,2,276,"weekday","afternoon","unknown","freezing","grocery",0,0,0,"midday"
44,279,3,276,"weekend","dinner","working","freezing","restaurant",0,0,0,"night"
44,281,5,276,"weekday","morning","working","cold","restaurant",0,0,0,"morning"
44,283,7,276,"weekday","night","travelling","freezing","restaurant",0,0,0,"night"
44,285,9,276,"weekday","afternoon","travelling","warm","restaurant",0,0,0,"midday"
44,287,11,276,"weekday","earlymorning","travelling","unknown","grocery",0,0,0,"morning"
44,288,12,276,"weekday","unknown","travelling","cold","grocery",0,0,0,"unknown"
44,289,13,276,"weekday","breakfast","travelling","cold","grocery",1,0,0,"morning"
44,291,15,276,"weekend","afternoon","travelling","cold","grocery",0,0,0,"midday"
44,292,16,276,"weekday","afternoon","leisure","freezing","restaurant",0,0,0,"midday"
44,293,17,276,"weekday","afternoon","travelling","warm","restaurant",0,0,0,"midday"
44,295,19,276,"weekday","breakfast","travelling","warm","grocery",0,0,0,"morning"
44,296,20,276,"weekday","breakfast","travelling","cold","restaurant",0,0,0,"morning"
44,297,21,276,"weekday","beforelunch","travelling","unknown","restaurant",1,0,0,"midday"
44,298,22,276,"weekend","night","travelling","cold","grocery",1,0,0,"night"
44,299,23,276,"weekday","beforelunch","travelling","freezing","restaurant",0,0,0,"midday"
44,300,24,276,"unknown","lunch","travelling","unknown","grocery",0,0,0,"midday"
44,301,25,276,"weekend","lunch","travelling","freezing","grocery",0,0,0,"midday"
44,303,27,276,"weekend","afternoon","morningrituals","freezing","restaurant",0,0,0,"midday"
44,304,28,276,"weekday","afternoon","travelling","warm","grocery",0,0,0,"midday"
44,306,30,276,"weekday","breakfast","shopping","freezing","restaurant",0,0,0,"morning"
44,309,33,276,"weekday","lunch","travelling","hot","grocery",1,0,0,"midday"
44,311,35,276,"weekend","beforelunch","working","cold","grocery",0,0,0,"midday"
44,312,36,276,"weekday","lunch","travelling","warm","grocery",0,0,0,"midday"
44,314,38,276,"weekday","breakfast","working","warm","grocery",0,0,0,"morning"
44,315,39,276,"weekday","afternoon","shopping","cold","grocery",1,0,0,"midday"
44,316,40,276,"weekend","afternoon","unknown","cold","restaurant",0,0,0,"midday"
44,318,42,276,"weekday","morning","travelling","warm","grocery",0,0,0,"morning"
44,319,43,276,"weekend","lunch","travelling","unknown","restaurant",0,0,0,"midday"
44,322,46,276,"weekend","afternoon","working","unknown","grocery",1,0,0,"midday"
44,323,47,276,"weekend","breakfast","travelling","unknown","grocery",1,0,0,"morning"
44,327,51,276,"weekend","afternoon","travelling","cold","grocery",0,0,0,"midday"
44,328,52,276,"weekday","beforelunch","unknown","freezing","restaurant",0,0,0,"midday"
44,329,53,276,"weekday","afternoon","travelling","unknown","restaurant",0,0,0,"midday"
44,330,54,276,"weekday","morning","working","unknown","grocery",0,0,0,"morning"
44,331,55,276,"weekday","afternoon","travelling","unknown","restaurant",0,0,0,"midday"
44,334,58,276,"weekend","lunch","travelling","hot","restaurant",0,1,0,"midday"
44,336,60,276,"weekday","lunch","unknown","unknown","grocery",0,1,0,"midday"
44,337,61,276,"weekday","beforelunch","travelling","cold","grocery",0,1,0,"midday"
44,338,62,276,"weekday","morning","travelling","cold","grocery",1,1,0,"morning"
44,339,63,276,"weekday","afternoon","shopping","freezing","grocery",1,1,0,"midday"
44,340,64,276,"weekday","lunch","travelling","unknown","grocery",0,1,0,"midday"
44,342,66,276,"weekend","beforelunch","travelling","unknown","grocery",0,1,0,"midday"
44,345,69,276,"weekend","afternoon","leisure","warm","grocery",1,1,0,"midday"
44,346,70,276,"weekday","afternoon","unknown","freezing","restaurant",1,1,0,"midday"
44,347,71,276,"weekday","breakfast","leisure","freezing","restaurant",0,1,0,"morning"
44,348,72,276,"weekend","beforelunch","travelling","hot","grocery",0,1,0,"midday"
44,349,73,276,"weekday","morning","unknown","cold","restaurant",0,1,0,"morning"
44,350,74,276,"weekday","lunch","travelling","freezing","restaurant",0,1,0,"midday"
44,352,76,276,"weekday","beforelunch","travelling","freezing","grocery",0,1,0,"midday"
44,353,77,276,"weekend","lunch","unknown","warm","restaurant",0,1,0,"midday"
44,354,78,276,"weekday","morning","unknown","cold","restaurant",0,1,0,"morning"
44,355,79,276,"weekday","beforelunch","unknown","cold","grocery",0,1,0,"midday"
44,356,80,276,"weekend","beforelunch","shopping","warm","grocery",0,1,0,"midday"
44,357,81,276,"weekday","lunch","travelling","unknown","restaurant",1,1,0,"midday"
44,358,82,276,"weekday","afternoon","travelling","cold","grocery",0,1,0,"midday"
44,360,84,276,"weekday","night","unknown","hot","restaurant",1,1,0,"night"
44,361,85,276,"weekday","beforelunch","travelling","freezing","grocery",0,1,0,"midday"
44,363,87,276,"weekday","lunch","travelling","hot","grocery",0,1,0,"midday"
44,364,88,276,"weekday","breakfast","travelling","warm","restaurant",0,1,0,"morning"
44,365,89,276,"weekday","lunch","unknown","cold","grocery",1,1,0,"midday"
44,366,90,276,"unknown","lunch","travelling","unknown","restaurant",0,1,0,"midday"
44,369,93,276,"weekend","lunch","unknown","cold","grocery",1,1,0,"midday"
44,370,94,276,"weekday","afternoon","travelling","cold","grocery",1,1,0,"midday"
44,372,96,276,"weekday","breakfast","travelling","freezing","restaurant",1,1,0,"morning"
44,373,97,276,"weekday","lunch","travelling","unknown","grocery",0,1,0,"midday"
44,375,99,276,"weekday","afternoon","travelling","freezing","restaurant",1,1,0,"midday"
44,378,102,276,"weekday","lunch","unknown","cold","grocery",0,1,0,"midday"
44,379,103,276,"weekend","afternoon","working","cold","grocery",0,1,0,"midday"
44,380,104,276,"weekday","breakfast","travelling","freezing","grocery",1,1,0,"morning"
44,382,106,276,"unknown","beforelunch","travelling","hot","restaurant",0,1,0,"midday"
44,383,107,276,"weekday","dinner","travelling","unknown","grocery",1,1,0,"night"
44,384,108,276,"weekend","beforelunch","travelling","cold","restaurant",0,1,0,"midday"
44,386,110,276,"weekend","afternoon","shopping","freezing","restaurant",1,1,0,"midday"
44,387,111,276,"unknown","dinner","travelling","hot","grocery",0,1,0,"night"
44,389,113,276,"weekday","beforelunch","travelling","unknown","grocery",0,1,1,"midday"
44,390,114,276,"weekday","morning","travelling","cold","restaurant",0,1,1,"morning"
44,391,115,276,"weekday","lunch","shopping","hot","restaurant",0,1,1,"midday"
44,392,116,276,"weekday","beforelunch","travelling","cold","grocery",1,1,1,"midday"
44,395,119,276,"weekday","morning","travelling","cold","grocery",0,1,1,"morning"
44,396,120,276,"weekday","beforelunch","travelling","freezing","restaurant",0,1,1,"midday"
44,398,122,276,"weekday","afternoon","shopping","freezing","grocery",0,1,1,"midday"
44,400,124,276,"weekday","dinner","unknown","freezing","restaurant",0,1,1,"night"
44,401,125,276,"weekday","afternoon","travelling","cold","grocery",0,1,1,"midday"
44,403,127,276,"weekend","breakfast","unknown","cold","grocery",0,1,1,"morning"
44,404,128,276,"weekday","beforelunch","shopping","unknown","grocery",0,1,1,"midday"
44,406,130,276,"unknown","beforelunch","working","freezing","restaurant",0,1,1,"midday"
44,407,131,276,"weekday","night","travelling","cold","grocery",0,1,1,"night"
44,408,132,276,"weekday","lunch","morningrituals","hot","grocery",0,1,1,"midday"
44,409,133,276,"weekday","breakfast","travelling","hot","grocery",1,1,1,"morning"
44,410,134,276,"weekday","afternoon","leisure","cold","restaurant",0,1,1,"midday"
44,412,136,276,"weekday","afternoon","leisure","freezing","grocery",0,1,1,"midday"
44,414,138,276,"weekend","beforelunch","working","cold","grocery",1,1,1,"midday"
44,418,142,276,"weekday","morning","unknown","warm","restaurant",0,1,1,"morning"
44,419,143,276,"weekday","beforelunch","shopping","warm","restaurant",1,1,1,"midday"
44,420,144,276,"weekday","afternoon","travelling","cold","restaurant",0,1,1,"midday"
44,421,145,276,"weekday","morning","shopping","warm","grocery",0,1,1,"morning"
44,422,146,276,"weekday","lunch","travelling","cold","restaurant",0,1,1,"midday"
44,423,147,276,"weekday","afternoon","leisure","freezing","restaurant",0,1,1,"midday"
44,424,148,276,"weekday","lunch","travelling","freezing","restaurant",0,1,1,"midday"
44,425,149,276,"weekend","night","shopping","cold","grocery",0,1,1,"night"
44,426,150,276,"weekday","afternoon","travelling","unknown","restaurant",0,1,1,"midday"
44,428,152,276,"weekday","afternoon","unknown","cold","grocery",0,1,1,"midday"
44,429,153,276,"weekday","afternoon","leisure","warm","restaurant",1,1,1,"midday"
44,430,154,276,"weekday","breakfast","travelling","freezing","grocery",0,1,1,"morning"
44,431,155,276,"weekday","dinner","travelling","warm","restaurant",0,1,1,"night"
44,432,156,276,"weekend","dinner","travelling","warm","restaurant",0,1,1,"night"
44,435,159,276,"weekend","lunch","travelling","cold","restaurant",0,1,1,"midday"
44,437,161,276,"weekday","afternoon","travelling","cold","grocery",0,1,1,"midday"
44,438,162,276,"weekend","beforelunch","travelling","warm","restaurant",1,1,1,"midday"
44,440,164,276,"weekend","unknown","unknown","cold","restaurant",0,1,1,"unknown"
44,441,165,276,"weekday","lunch","travelling","freezing","restaurant",0,1,1,"midday"
44,442,166,276,"weekend","unknown","travelling","unknown","restaurant",0,1,1,"unknown"
44,444,168,276,"weekday","afternoon","unknown","warm","grocery",0,1,1,"midday"
44,445,169,276,"weekday","afternoon","travelling","hot","restaurant",0,1,1,"midday"
44,446,170,276,"weekday","breakfast","shopping","freezing","restaurant",1,1,1,"morning"
44,449,173,276,"weekend","afternoon","travelling","freezing","grocery",0,1,1,"midday"
44,450,174,276,"weekday","afternoon","travelling","freezing","restaurant",0,1,1,"midday"
44,453,177,276,"weekday","afternoon","travelling","freezing","restaurant",0,1,1,"midday"
44,454,178,276,"weekday","dinner","travelling","cold","grocery",0,1,1,"night"
44,455,179,276,"weekday","beforelunch","travelling","cold","grocery",0,1,1,"midday"
44,456,180,276,"weekday","lunch","travelling","hot","grocery",1,1,1,"midday"
44,457,181,276,"weekday","dinner","shopping","cold","restaurant",0,1,1,"night"
44,459,183,276,"weekday","beforelunch","travelling","warm","restaurant",0,1,1,"midday"
45,286,0,286,"weekend","afternoon","shopping","cold","restaurant",0,0,0,"midday"
45,295,9,286,"weekend","afternoon","travelling","cold","grocery",0,0,0,"midday"
45,298,12,286,"weekday","morning","working","unknown","restaurant",0,0,0,"morning"
45,304,18,286,"weekend","lunch","leisure","freezing","grocery",1,0,0,"midday"
45,305,19,286,"weekend","beforelunch","travelling","warm","grocery",1,0,0,"midday"
45,307,21,286,"weekday","breakfast","working","freezing","grocery",0,0,0,"morning"
45,310,24,286,"unknown","breakfast","working","cold","restaurant",0,0,0,"morning"
45,316,30,286,"weekday","lunch","working","cold","restaurant",0,0,0,"midday"
45,322,36,286,"weekday","afternoon","travelling","cold","restaurant",1,0,0,"midday"
45,325,39,286,"weekday","evening","unknown","warm","grocery",0,0,0,"night"
45,330,44,286,"weekday","lunch","travelling","freezing","grocery",0,0,0,"midday"
45,334,48,286,"weekday","afternoon","travelling","cold","grocery",0,0,0,"midday"
45,336,50,286,"weekday","beforelunch","travelling","hot","restaurant",1,0,0,"midday"
45,342,56,286,"weekday","lunch","travelling","freezing","grocery",1,0,0,"midday"
45,344,58,286,"weekend","afternoon","unknown","cold","restaurant",0,1,0,"midday"
45,345,59,286,"weekday","beforelunch","unknown","cold","grocery",0,1,0,"midday"
45,349,63,286,"weekday","beforelunch","unknown","hot","grocery",1,1,0,"midday"
45,350,64,286,"weekday","lunch","unknown","cold","grocery",0,1,0,"midday"
45,352,66,286,"weekend","afternoon","travelling","hot","grocery",0,1,0,"midday"
45,359,73,286,"weekday","lunch","unknown","cold","restaurant",0,1,0,"midday"
45,361,75,286,"weekday","breakfast","unknown","cold","restaurant",1,1,0,"morning"
45,366,80,286,"weekday","afternoon","travelling","cold","restaurant",0,1,0,"midday"
45,367,81,286,"weekend","lunch","travelling","cold","grocery",0,1,0,"midday"
45,368,82,286,"weekday","breakfast","travelling","cold","restaurant",0,1,0,"morning"
45,370,84,286,"weekday","beforelunch","shopping","cold","grocery",0,1,0,"midday"
45,376,90,286,"weekday","dinner","unknown","warm","grocery",1,1,0,"night"
45,379,93,286,"weekday","afternoon","travelling","cold","grocery",1,1,0,"midday"
45,393,107,286,"weekday","beforelunch","travelling","cold","restaurant",0,1,0,"midday"
45,398,112,286,"weekday","afternoon","unknown","unknown","restaurant",0,1,0,"midday"
45,406,120,286,"weekday","breakfast","travelling","cold","grocery",0,1,1,"morning"
45,411,125,286,"weekday","afternoon","travelling","cold","restaurant",0,1,1,"midday"
45,415,129,286,"weekday","afternoon","travelling","unknown","grocery",0,1,1,"midday"
45,416,130,286,"weekend","lunch","unknown","cold","grocery",1,1,1,"midday"
45,418,132,286,"weekday","lunch","working","unknown","restaurant",0,1,1,"midday"
45,440,154,286,"weekday","breakfast","unknown","hot","restaurant",0,1,1,"morning"
45,442,156,286,"unknown","dinner","leisure","unknown","grocery",1,1,1,"night"
45,453,167,286,"weekday","beforelunch","working","unknown","restaurant",1,1,1,"midday"
45,456,170,286,"weekday","lunch","leisure","freezing","grocery",0,1,1,"midday"
45,458,172,286,"weekday","afternoon","travelling","unknown","restaurant",0,1,1,"midday"
45,460,174,286,"weekday","lunch","travelling","cold","restaurant",0,1,1,"midday"
45,461,175,286,"weekend","afternoon","travelling","unknown","restaurant",1,1,1,"midday"
45,466,180,286,"weekend","beforelunch","travelling","warm","restaurant",0,1,1,"midday"
45,468,182,286,"weekend","beforelunch","travelling","freezing","grocery",0,1,1,"midday"
45,469,183,286,"weekday","lunch","shopping","cold","restaurant",1,1,1,"midday"
46,303,6,297,"weekday","afternoon","travelling","hot","grocery",0,0,0,"midday"
46,304,7,297,"weekend","lunch","leisure","cold","restaurant",1,0,0,"midday"
46,310,13,297,"weekend","afternoon","travelling","unknown","restaurant",0,0,0,"midday"
46,318,21,297,"weekend","afternoon","travelling","freezing","restaurant",1,0,0,"midday"
46,324,27,297,"weekday","beforelunch","working","cold","restaurant",0,0,0,"midday"
46,336,39,297,"weekday","beforelunch","travelling","cold","restaurant",0,0,0,"midday"
46,341,44,297,"weekday","lunch","unknown","warm","grocery",0,0,0,"midday"
46,350,53,297,"weekday","afternoon","shopping","freezing","restaurant",1,0,0,"midday"
46,351,54,297,"weekday","evening","travelling","hot","grocery",1,0,0,"night"
46,352,55,297,"weekend","afternoon","travelling","warm","restaurant",0,0,0,"midday"
46,354,57,297,"weekend","beforelunch","shopping","warm","grocery",0,1,0,"midday"
46,358,61,297,"weekday","lunch","travelling","cold","grocery",0,1,0,"midday"
46,363,66,297,"weekday","breakfast","travelling","cold","restaurant",0,1,0,"morning"
46,368,71,297,"weekday","unknown","travelling","freezing","restaurant",0,1,0,"unknown"
46,388,91,297,"weekday","earlymorning","travelling","cold","grocery",0,1,0,"morning"
46,390,93,297,"weekday","lunch","working","cold","restaurant",0,1,0,"midday"
46,393,96,297,"weekend","night","unknown","cold","grocery",0,1,0,"night"
46,396,99,297,"weekday","breakfast","travelling","unknown","restaurant",1,1,0,"morning"
46,403,106,297,"weekday","beforelunch","travelling","hot","restaurant",0,1,0,"midday"
46,406,109,297,"weekend","lunch","travelling","hot","grocery",0,1,0,"midday"
46,415,118,297,"weekday","dinner","travelling","cold","grocery",1,1,1,"night"
46,421,124,297,"weekday","unknown","travelling","warm","restaurant",0,1,1,"unknown"
46,428,131,297,"weekday","lunch","working","cold","restaurant",0,1,1,"midday"
46,431,134,297,"weekday","afternoon","travelling","cold","restaurant",0,1,1,"midday"
46,448,151,297,"weekend","breakfast","travelling","unknown","restaurant",1,1,1,"morning"
46,454,157,297,"weekend","lunch","morningrituals","freezing","grocery",0,1,1,"midday"
46,456,159,297,"weekday","beforelunch","travelling","freezing","grocery",0,1,1,"midday"
46,469,172,297,"weekend","morning","travelling","cold","grocery",0,1,1,"morning"
46,479,182,297,"weekend","lunch","unknown","hot","grocery",0,1,1,"midday"
47,300,0,300,"weekend","latenight","leisure","freezing","restaurant",1,0,0,"night"
47,301,1,300,"weekday","beforelunch","morningrituals","freezing","grocery",1,0,0,"midday"
47,304,4,300,"weekday","afternoon","travelling","freezing","grocery",0,0,0,"midday"
47,305,5,300,"weekday","lunch","leisure","freezing","restaurant",1,0,0,"midday"
47,306,6,300,"weekday","afternoon","unknown","hot","grocery",0,0,0,"midday"
47,307,7,300,"weekday","breakfast","travelling","freezing","grocery",0,0,0,"morning"
47,308,8,300,"weekday","breakfast","travelling","cold","restaurant",0,0,0,"morning"
47,311,11,300,"weekday","afternoon","leisure","freezing","restaurant",1,0,0,"midday"
47,312,12,300,"weekday","beforelunch","travelling","unknown","restaurant",0,0,0,"midday"
47,314,14,300,"weekday","dinner","travelling","warm","restaurant",0,0,0,"night"
47,317,17,300,"weekend","lunch","leisure","cold","restaurant",0,0,0,"midday"
47,318,18,300,"weekday","afternoon","unknown","warm","grocery",0,0,0,"midday"
47,321,21,300,"weekday","afternoon","unknown","unknown","restaurant",0,0,0,"midday"
47,325,25,300,"weekday","lunch","travelling","freezing","grocery",1,0,0,"midday"
47,328,28,300,"weekend","afternoon","travelling","unknown","grocery",0,0,0,"midday"
47,329,29,300,"weekday","beforelunch","leisure","unknown","grocery",0,0,0,"midday"
47,331,31,300,"weekday","breakfast","leisure","freezing","grocery",1,0,0,"morning"
47,332,32,300,"weekday","afternoon","unknown","hot","restaurant",0,0,0,"midday"
47,336,36,300,"weekday","afternoon","travelling","freezing","grocery",1,0,0,"midday"
47,340,40,300,"weekday","morning","travelling","warm","restaurant",0,0,0,"morning"
47,341,41,300,"weekend","afternoon","travelling","warm","grocery",0,0,0,"midday"
47,343,43,300,"weekend","afternoon","unknown","cold","grocery",1,0,0,"midday"
47,344,44,300,"weekday","afternoon","unknown","cold","grocery",1,0,0,"midday"
47,345,45,300,"weekday","afternoon","travelling","cold","grocery",0,0,0,"midday"
47,346,46,300,"weekday","beforelunch","unknown","cold","restaurant",0,0,0,"midday"
47,348,48,300,"weekday","beforelunch","unknown","cold","grocery",0,0,0,"midday"
47,352,52,300,"weekday","lunch","travelling","warm","grocery",0,0,0,"midday"
47,354,54,300,"weekday","earlymorning","travelling","unknown","restaurant",0,0,0,"morning"
47,358,58,300,"weekday","beforelunch","travelling","hot","grocery",1,1,0,"midday"
47,359,59,300,"weekend","unknown","leisure","cold","grocery",0,1,0,"unknown"
47,365,65,300,"weekday","afternoon","travelling","warm","restaurant",0,1,0,"midday"
47,366,66,300,"weekday","breakfast","unknown","unknown","restaurant",0,1,0,"morning"
47,373,73,300,"weekday","afternoon","travelling","warm","restaurant",0,1,0,"midday"
47,374,74,300,"weekday","unknown","unknown","cold","grocery",0,1,0,"unknown"
47,376,76,300,"weekday","beforelunch","morningrituals","freezing","grocery",1,1,0,"midday"
47,377,77,300,"weekend","breakfast","leisure","cold","grocery",0,1,0,"morning"
47,380,80,300,"weekday","beforelunch","shopping","unknown","restaurant",0,1,0,"midday"
47,383,83,300,"unknown","beforelunch","travelling","freezing","restaurant",1,1,0,"midday"
47,387,87,300,"weekday","beforelunch","travelling","freezing","restaurant",0,1,0,"midday"
47,389,89,300,"weekday","afternoon","travelling","cold","restaurant",0,1,0,"midday"
47,394,94,300,"weekday","lunch","travelling","freezing","grocery",0,1,0,"midday"
47,397,97,300,"weekday","beforelunch","travelling","cold","restaurant",0,1,0,"midday"
47,400,100,300,"weekend","afternoon","travelling","freezing","grocery",1,1,0,"midday"
47,402,102,300,"weekday","lunch","working","freezing","grocery",0,1,0,"midday"
47,403,103,300,"weekday","morning","unknown","freezing","grocery",1,1,0,"morning"
47,405,105,300,"weekday","dinner","travelling","cold","grocery",1,1,0,"night"
47,407,107,300,"weekday","breakfast","working","freezing","restaurant",0,1,0,"morning"
47,409,109,300,"weekday","lunch","leisure","cold","restaurant",0,1,0,"midday"
47,411,111,300,"weekday","lunch","working","cold","grocery",1,1,0,"midday"
47,412,112,300,"weekday","morning","travelling","hot","grocery",0,1,0,"morning"
47,416,116,300,"weekday","afternoon","leisure","cold","restaurant",1,1,1,"midday"
47,417,117,300,"weekday","afternoon","unknown","cold","restaurant",0,1,1,"midday"
47,418,118,300,"weekday","afternoon","unknown","hot","grocery",0,1,1,"midday"
47,420,120,300,"weekday","afternoon","morningrituals","cold","grocery",0,1,1,"midday"
47,422,122,300,"weekend","afternoon","travelling","warm","restaurant",0,1,1,"midday"
47,423,123,300,"weekday","morning","unknown","freezing","restaurant",0,1,1,"morning"
47,424,124,300,"weekend","lunch","travelling","cold","grocery",0,1,1,"midday"
47,430,130,300,"weekday","beforelunch","travelling","cold","grocery",0,1,1,"midday"
47,431,131,300,"weekday","morning","travelling","cold","grocery",1,1,1,"morning"
47,432,132,300,"weekday","lunch","travelling","freezing","grocery",0,1,1,"midday"
47,436,136,300,"weekend","dinner","travelling","cold","restaurant",0,1,1,"night"
47,440,140,300,"weekday","dinner","travelling","cold","grocery",1,1,1,"night"
47,443,143,300,"weekday","beforelunch","travelling","cold","grocery",0,1,1,"midday"
47,448,148,300,"weekday","afternoon","unknown","unknown","grocery",1,1,1,"midday"
47,451,151,300,"weekend","lunch","working","cold","restaurant",0,1,1,"midday"
47,452,152,300,"weekday","breakfast","travelling","freezing","grocery",1,1,1,"morning"
47,454,154,300,"weekday","evening","travelling","freezing","grocery",1,1,1,"night"
47,456,156,300,"weekend","breakfast","travelling","freezing","grocery",1,1,1,"morning"
47,458,158,300,"weekday","afternoon","working","warm","restaurant",1,1,1,"midday"
47,460,160,300,"weekday","afternoon","working","freezing","grocery",1,1,1,"midday"
47,461,161,300,"weekday","dinner","unknown","hot","restaurant",0,1,1,"night"
47,462,162,300,"weekday","earlymorning","travelling","cold","restaurant",0,1,1,"morning"
47,465,165,300,"weekday","lunch","leisure","hot","restaurant",0,1,1,"midday"
47,468,168,300,"weekday","afternoon","morningrituals","freezing","grocery",0,1,1,"midday"
47,469,169,300,"weekend","lunch","shopping","cold","grocery",0,1,1,"midday"
47,471,171,300,"weekday","morning","working","unknown","restaurant",0,1,1,"morning"
47,473,173,300,"weekday","afternoon","working","freezing","restaurant",0,1,1,"midday"
47,474,174,300,"weekday","beforelunch","travelling","freezing","grocery",0,1,1,"midday"
47,478,178,300,"weekday","breakfast","travelling","warm","restaurant",1,1,1,"morning"
47,479,179,300,"weekend","afternoon","leisure","cold","restaurant",1,1,1,"midday"
47,480,180,300,"weekday","morning","travelling","unknown","grocery",1,1,1,"morning"
47,482,182,300,"weekday","lunch","travelling","warm","restaurant",0,1,1,"midday"
47,483,183,300,"weekday","lunch","unknown","freezing","grocery",1,1,1,"midday"
48,312,6,306,"weekend","evening","working","warm","restaurant",0,0,0,"night"
48,320,14,306,"weekday","afternoon","travelling","warm","grocery",1,0,0,"midday"
48,327,21,306,"weekend","beforelunch","travelling","freezing","restaurant",1,0,0,"midday"
48,334,28,306,"weekday","beforelunch","unknown","cold","grocery",0,0,0,"midday"
48,335,29,306,"weekday","lunch","unknown","hot","grocery",0,0,0,"midday"
48,338,32,306,"weekday","morning","travelling","hot","grocery",1,0,0,"morning"
48,344,38,306,"weekday","beforelunch","travelling","unknown","restaurant",0,0,0,"midday"
48,346,40,306,"weekday","beforelunch","unknown","unknown","restaurant",0,0,0,"midday"
48,359,53,306,"weekday","afternoon","unknown","unknown","restaurant",1,0,0,"midday"
48,371,65,306,"weekday","breakfast","working","freezing","restaurant",0,1,0,"morning"
48,378,72,306,"weekday","breakfast","travelling","unknown","grocery",1,1,0,"morning"
48,381,75,306,"weekday","afternoon","unknown","freezing","restaurant",0,1,0,"midday"
48,390,84,306,"weekday","lunch","leisure","cold","grocery",0,1,0,"midday"
48,401,95,306,"weekend","morning","working","hot","grocery",0,1,0,"morning"
48,405,99,306,"weekend","beforelunch","unknown","warm","grocery",1,1,0,"midday"
48,406,100,306,"weekday","beforelunch","travelling","freezing","restaurant",0,1,0,"midday"
48,414,108,306,"weekday","breakfast","travelling","warm","restaurant",0,1,0,"morning"
48,422,116,306,"weekend","earlymorning","unknown","cold","grocery",0,1,1,"morning"
48,425,119,306,"weekday","dinner","travelling","unknown","grocery",0,1,1,"night"
48,426,120,306,"weekday","lunch","working","cold","grocery",0,1,1,"midday"
48,433,127,306,"weekday","unknown","travelling","cold","grocery",0,1,1,"unknown"
48,443,137,306,"weekday","afternoon","travelling","cold","grocery",0,1,1,"midday"
48,446,140,306,"weekday","breakfast","shopping","cold","grocery",0,1,1,"morning"
48,447,141,306,"weekday","afternoon","travelling","cold","restaurant",1,1,1,"midday"
48,450,144,306,"weekday","afternoon","leisure","cold","grocery",0,1,1,"midday"
48,461,155,306,"weekend","beforelunch","travelling","cold","restaurant",0,1,1,"midday"
48,464,158,306,"weekday","dinner","morningrituals","unknown","restaurant",0,1,1,"night"
48,468,162,306,"weekday","afternoon","shopping","freezing","grocery",0,1,1,"midday"
48,476,170,306,"weekday","lunch","unknown","hot","restaurant",0,1,1,"midday"
48,484,178,306,"weekday","morning","leisure","unknown","grocery",1,1,1,"morning"
48,485,179,306,"weekend","morning","working","warm","restaurant",0,1,1,"morning"
48,488,182,306,"weekend","lunch","leisure","freezing","restaurant",0,1,1,"midday"
48,489,183,306,"weekday","beforelunch","unknown","freezing","restaurant",1,1,1,"midday"
49,312,5,307,"weekday","dinner","unknown","unknown","grocery",0,0,0,"night"
49,362,55,307,"weekday","morning","leisure","warm","grocery",0,0,0,"morning"
49,373,66,307,"weekday","lunch","travelling","freezing","restaurant",1,1,0,"midday"
49,410,103,307,"weekday","lunch","travelling","warm","restaurant",0,1,0,"midday"
49,412,105,307,"weekday","beforelunch","working","warm","restaurant",0,1,0,"midday"
49,421,114,307,"weekday","breakfast","travelling","unknown","restaurant",0,1,1,"morning"
49,422,115,307,"weekday","afternoon","travelling","freezing","grocery",1,1,1,"midday"
50,333,13,320,"weekday","morning","travelling","unknown","restaurant",1,0,0,"morning"
50,334,14,320,"weekend","lunch","travelling","unknown","restaurant",0,0,0,"midday"
50,335,15,320,"weekend","lunch","leisure","unknown","grocery",0,0,0,"midday"
50,357,37,320,"weekend","morning","leisure","unknown","grocery",1,0,0,"morning"
50,358,38,320,"weekday","afternoon","morningrituals","unknown","restaurant",1,0,0,"midday"
50,369,49,320,"unknown","dinner","travelling","cold","restaurant",0,0,0,"night"
50,371,51,320,"weekday","lunch","unknown","unknown","restaurant",1,0,0,"midday"
50,373,53,320,"weekday","breakfast","travelling","cold","grocery",0,0,0,"morning"
50,382,62,320,"weekday","beforelunch","travelling","freezing","restaurant",0,1,0,"midday"
50,386,66,320,"weekend","lunch","travelling","hot","grocery",0,1,0,"midday"
50,390,70,320,"weekend","lunch","shopping","cold","grocery",1,1,0,"midday"
50,393,73,320,"weekday","lunch","travelling","unknown","grocery",0,1,0,"midday"
50,398,78,320,"weekday","beforelunch","unknown","hot","restaurant",0,1,0,"midday"
50,400,80,320,"weekend","breakfast","travelling","cold","grocery",1,1,0,"morning"
50,403,83,320,"weekday","evening","travelling","warm","grocery",1,1,0,"night"
50,407,87,320,"weekend","afternoon","unknown","hot","grocery",1,1,0,"midday"
50,420,100,320,"weekday","breakfast","travelling","cold","restaurant",0,1,0,"morning"
50,425,105,320,"weekend","lunch","travelling","cold","restaurant",1,1,0,"midday"
50,427,107,320,"weekday","breakfast","travelling","cold","grocery",1,1,0,"morning"
50,429,109,320,"weekday","afternoon","travelling","cold","grocery",0,1,0,"midday"
50,433,113,320,"weekday","afternoon","working","unknown","grocery",0,1,1,"midday"
50,437,117,320,"weekday","afternoon","working","cold","grocery",0,1,1,"midday"
50,441,121,320,"weekend","afternoon","travelling","cold","restaurant",0,1,1,"midday"
50,443,123,320,"weekend","breakfast","travelling","warm","grocery",0,1,1,"morning"
50,446,126,320,"weekend","morning","unknown","freezing","restaurant",0,1,1,"morning"
50,450,130,320,"weekday","earlymorning","leisure","cold","grocery",1,1,1,"morning"
50,451,131,320,"weekend","night","working","hot","grocery",0,1,1,"night"
50,457,137,320,"weekend","morning","travelling","freezing","restaurant",0,1,1,"morning"
50,460,140,320,"weekday","afternoon","travelling","warm","restaurant",1,1,1,"midday"
50,465,145,320,"weekday","afternoon","unknown","freezing","restaurant",0,1,1,"midday"
50,477,157,320,"weekday","afternoon","unknown","unknown","restaurant",1,1,1,"midday"
50,482,162,320,"weekend","earlymorning","morningrituals","unknown","grocery",0,1,1,"morning"
50,487,167,320,"weekday","afternoon","unknown","cold","grocery",1,1,1,"midday"
50,488,168,320,"weekend","beforelunch","unknown","cold","grocery",0,1,1,"midday"
50,496,176,320,"weekday","lunch","travelling","hot","restaurant",0,1,1,"midday"
51,328,3,325,"weekend","afternoon","travelling","unknown","restaurant",1,0,0,"midday"
51,336,11,325,"weekday","afternoon","travelling","unknown","restaurant",0,0,0,"midday"
51,339,14,325,"weekday","afternoon","leisure","cold","restaurant",1,0,0,"midday"
51,343,18,325,"weekday","lunch","travelling","cold","restaurant",0,0,0,"midday"
51,344,19,325,"weekday","lunch","unknown","freezing","grocery",0,0,0,"midday"
51,347,22,325,"weekday","lunch","housework","warm","grocery",0,0,0,"midday"
51,348,23,325,"weekday","morning","unknown","cold","grocery",1,0,0,"morning"
51,350,25,325,"weekday","beforelunch","travelling","unknown","restaurant",0,0,0,"midday"
51,352,27,325,"weekday","beforelunch","working","unknown","restaurant",0,0,0,"midday"
51,353,28,325,"weekend","morning","unknown","unknown","grocery",0,0,0,"morning"
51,356,31,325,"weekend","beforelunch","unknown","unknown","grocery",1,0,0,"midday"
51,357,32,325,"weekday","lunch","travelling","unknown","grocery",0,0,0,"midday"
51,358,33,325,"weekend","lunch","working","hot","restaurant",0,0,0,"midday"
51,361,36,325,"weekday","lunch","travelling","cold","grocery",0,0,0,"midday"
51,363,38,325,"weekend","afternoon","travelling","warm","restaurant",0,0,0,"midday"
51,366,41,325,"weekday","afternoon","unknown","cold","restaurant",0,0,0,"midday"
51,368,43,325,"unknown","lunch","unknown","cold","grocery",0,0,0,"midday"
51,380,55,325,"weekend","lunch","travelling","warm","restaurant",1,0,0,"midday"
51,381,56,325,"weekday","afternoon","travelling","cold","grocery",1,0,0,"midday"
51,383,58,325,"weekday","morning","unknown","unknown","restaurant",1,1,0,"morning"
51,389,64,325,"weekday","breakfast","travelling","cold","grocery",0,1,0,"morning"
51,391,66,325,"weekday","afternoon","travelling","warm","grocery",0,1,0,"midday"
51,392,67,325,"weekday","unknown","travelling","warm","grocery",0,1,0,"unknown"
51,399,74,325,"weekday","lunch","working","hot","restaurant",0,1,0,"midday"
51,400,75,325,"weekday","afternoon","travelling","cold","restaurant",0,1,0,"midday"
51,401,76,325,"weekend","morning","travelling","freezing","grocery",1,1,0,"morning"
51,403,78,325,"weekday","lunch","travelling","cold","restaurant",1,1,0,"midday"
51,404,79,325,"weekday","breakfast","travelling","cold","restaurant",0,1,0,"morning"
51,405,80,325,"weekday","afternoon","travelling","unknown","grocery",0,1,0,"midday"
51,406,81,325,"weekday","breakfast","travelling","cold","grocery",0,1,0,"morning"
51,407,82,325,"weekday","afternoon","unknown","cold","grocery",0,1,0,"midday"
51,408,83,325,"weekday","morning","travelling","unknown","restaurant",0,1,0,"morning"
51,411,86,325,"weekday","afternoon","travelling","unknown","grocery",0,1,0,"midday"
51,413,88,325,"weekday","beforelunch","shopping","warm","grocery",1,1,0,"midday"
51,416,91,325,"weekday","lunch","unknown","warm","restaurant",0,1,0,"midday"
51,417,92,325,"weekend","dinner","travelling","unknown","restaurant",0,1,0,"night"
51,419,94,325,"weekday","afternoon","shopping","cold","restaurant",0,1,0,"midday"
51,421,96,325,"weekday","morning","travelling","freezing","grocery",0,1,0,"morning"
51,423,98,325,"weekend","afternoon","unknown","freezing","restaurant",0,1,0,"midday"
51,427,102,325,"weekday","afternoon","travelling","warm","grocery",0,1,0,"midday"
51,428,103,325,"weekday","afternoon","travelling","unknown","restaurant",1,1,0,"midday"
51,430,105,325,"weekday","afternoon","travelling","warm","restaurant",0,1,0,"midday"
51,432,107,325,"weekday","lunch","travelling","unknown","restaurant",1,1,0,"midday"
51,436,111,325,"weekday","breakfast","working","cold","restaurant",1,1,0,"morning"
51,442,117,325,"weekday","afternoon","travelling","unknown","restaurant",0,1,1,"midday"
51,446,121,325,"weekday","afternoon","travelling","unknown","restaurant",1,1,1,"midday"
51,447,122,325,"weekday","afternoon","working","freezing","grocery",0,1,1,"midday"
51,451,126,325,"weekday","afternoon","unknown","cold","restaurant",0,1,1,"midday"
51,460,135,325,"weekday","beforelunch","travelling","unknown","restaurant",0,1,1,"midday"
51,461,136,325,"weekday","lunch","travelling","freezing","grocery",1,1,1,"midday"
51,468,143,325,"weekday","dinner","unknown","hot","grocery",0,1,1,"night"
51,471,146,325,"weekday","breakfast","unknown","cold","grocery",1,1,1,"morning"
51,472,147,325,"weekday","lunch","travelling","hot","grocery",0,1,1,"midday"
51,473,148,325,"weekday","earlymorning","travelling","freezing","grocery",0,1,1,"morning"
51,476,151,325,"weekday","beforelunch","travelling","unknown","grocery",0,1,1,"midday"
51,477,152,325,"weekday","afternoon","travelling","unknown","grocery",0,1,1,"midday"
51,479,154,325,"weekday","afternoon","travelling","warm","restaurant",1,1,1,"midday"
51,485,160,325,"weekday","beforelunch","travelling","unknown","restaurant",1,1,1,"midday"
51,490,165,325,"weekday","afternoon","unknown","unknown","restaurant",0,1,1,"midday"
51,491,166,325,"weekend","afternoon","shopping","cold","grocery",0,1,1,"midday"
51,504,179,325,"weekday","lunch","travelling","unknown","grocery",0,1,1,"midday"
52,360,32,328,"weekday","afternoon","unknown","unknown","grocery",0,0,0,"midday"
52,363,35,328,"weekend","beforelunch","travelling","hot","restaurant",0,0,0,"midday"
52,367,39,328,"weekend","lunch","travelling","hot","restaurant",0,0,0,"midday"
52,374,46,328,"weekday","afternoon","working","hot","restaurant",0,0,0,"midday"
52,384,56,328,"weekend","lunch","travelling","unknown","grocery",0,0,0,"midday"
52,413,85,328,"weekday","dinner","leisure","unknown","restaurant",0,1,0,"night"
52,441,113,328,"weekday","breakfast","working","cold","restaurant",0,1,1,"morning"
52,442,114,328,"weekday","earlymorning","unknown","freezing","grocery",1,1,1,"morning"
52,447,119,328,"weekday","afternoon","leisure","cold","restaurant",0,1,1,"midday"
52,469,141,328,"weekday","afternoon","unknown","freezing","grocery",1,1,1,"midday"
53,338,2,336,"weekday","afternoon","working","freezing","grocery",0,0,0,"midday"
53,340,4,336,"weekday","beforelunch","unknown","cold","grocery",0,0,0,"midday"
53,348,12,336,"weekday","afternoon","working","freezing","restaurant",0,0,0,"midday"
53,354,18,336,"weekday","beforelunch","morningrituals","warm","restaurant",1,0,0,"midday"
53,355,19,336,"weekday","beforelunch","travelling","cold","restaurant",0,0,0,"midday"
53,359,23,336,"weekday","beforelunch","travelling","freezing","grocery",0,0,0,"midday"
53,361,25,336,"weekend","afternoon","travelling","cold","grocery",1,0,0,"midday"
53,366,30,336,"weekday","beforelunch","unknown","cold","grocery",0,0,0,"midday"
53,373,37,336,"weekday","earlymorning","shopping","cold","restaurant",1,0,0,"morning"
53,379,43,336,"weekend","beforelunch","travelling","unknown","grocery",1,0,0,"midday"
53,381,45,336,"weekend","lunch","travelling","cold","grocery",1,0,0,"midday"
53,382,46,336,"weekend","afternoon","travelling","warm","grocery",0,0,0,"midday"
53,388,52,336,"weekday","breakfast","travelling","freezing","grocery",0,0,0,"morning"
53,389,53,336,"weekday","lunch","working","unknown","grocery",0,0,0,"midday"
53,391,55,336,"weekday","breakfast","working","cold","grocery",1,0,0,"morning"
53,393,57,336,"weekday","lunch","working","unknown","grocery",0,1,0,"midday"
53,395,59,336,"weekday","breakfast","travelling","unknown","grocery",0,1,0,"morning"
53,397,61,336,"weekday","lunch","unknown","unknown","restaurant",1,1,0,"midday"
53,401,65,336,"weekend","lunch","travelling","cold","restaurant",0,1,0,"midday"
53,409,73,336,"weekday","evening","unknown","hot","grocery",0,1,0,"night"
53,410,74,336,"weekday","breakfast","leisure","unknown","restaurant",1,1,0,"morning"
53,411,75,336,"weekend","beforelunch","leisure","cold","grocery",0,1,0,"midday"
53,414,78,336,"weekday","afternoon","travelling","cold","grocery",1,1,0,"midday"
53,415,79,336,"weekday","morning","working","cold","restaurant",0,1,0,"morning"
53,417,81,336,"weekday","dinner","shopping","warm","restaurant",0,1,0,"night"
53,425,89,336,"weekend","afternoon","unknown","freezing","grocery",0,1,0,"midday"
53,431,95,336,"weekday","afternoon","working","cold","grocery",0,1,0,"midday"
53,433,97,336,"weekend","beforelunch","travelling","freezing","grocery",1,1,0,"midday"
53,435,99,336,"weekday","afternoon","working","unknown","restaurant",1,1,0,"midday"
53,443,107,336,"weekday","dinner","unknown","freezing","grocery",1,1,0,"night"
53,444,108,336,"weekday","afternoon","travelling","warm","restaurant",0,1,0,"midday"
53,449,113,336,"weekend","afternoon","working","unknown","restaurant",0,1,1,"midday"
53,459,123,336,"weekend","breakfast","travelling","freezing","restaurant",1,1,1,"morning"
53,460,124,336,"weekend","morning","travelling","warm","restaurant",0,1,1,"morning"
53,461,125,336,"weekend","lunch","unknown","unknown","grocery",0,1,1,"midday"
53,462,126,336,"weekend","beforelunch","travelling","unknown","grocery",0,1,1,"midday"
53,464,128,336,"weekday","breakfast","travelling","freezing","grocery",0,1,1,"morning"
53,466,130,336,"weekend","unknown","shopping","unknown","restaurant",1,1,1,"unknown"
53,468,132,336,"weekday","morning","working","cold","grocery",0,1,1,"morning"
53,471,135,336,"weekend","morning","travelling","warm","grocery",0,1,1,"morning"
53,472,136,336,"weekday","beforelunch","travelling","cold","grocery",0,1,1,"midday"
53,475,139,336,"weekday","beforelunch","travelling","cold","grocery",0,1,1,"midday"
53,476,140,336,"weekday","afternoon","leisure","cold","grocery",0,1,1,"midday"
53,477,141,336,"weekend","morning","travelling","warm","grocery",0,1,1,"morning"
53,487,151,336,"weekend","afternoon","unknown","unknown","restaurant",0,1,1,"midday"
53,488,152,336,"weekday","lunch","travelling","unknown","restaurant",0,1,1,"midday"
53,496,160,336,"weekday","lunch","travelling","unknown","restaurant",0,1,1,"midday"
53,498,162,336,"weekday","lunch","unknown","cold","restaurant",0,1,1,"midday"
53,501,165,336,"unknown","lunch","unknown","freezing","grocery",0,1,1,"midday"
53,502,166,336,"weekday","afternoon","travelling","warm","grocery",1,1,1,"midday"
53,507,171,336,"weekend","afternoon","travelling","cold","grocery",0,1,1,"midday"
53,512,176,336,"weekday","dinner","leisure","freezing","restaurant",0,1,1,"night"
53,516,180,336,"weekday","lunch","travelling","freezing","restaurant",1,1,1,"midday"
54,348,10,338,"weekend","afternoon","travelling","hot","restaurant",0,0,0,"midday"
54,350,12,338,"weekday","unknown","travelling","freezing","restaurant",1,0,0,"unknown"
54,353,15,338,"weekday","lunch","travelling","hot","restaurant",0,0,0,"midday"
54,355,17,338,"weekend","beforelunch","shopping","freezing","restaurant",0,0,0,"midday"
54,360,22,338,"weekday","afternoon","travelling","freezing","grocery",1,0,0,"midday"
54,362,24,338,"weekday","beforelunch","travelling","warm","restaurant",0,0,0,"midday"
54,365,27,338,"weekend","breakfast","travelling","unknown","restaurant",1,0,0,"morning"
54,371,33,338,"weekend","lunch","travelling","cold","restaurant",0,0,0,"midday"
54,373,35,338,"weekend","afternoon","unknown","unknown","grocery",0,0,0,"midday"
54,374,36,338,"weekday","afternoon","unknown","cold","grocery",0,0,0,"midday"
54,377,39,338,"weekday","morning","travelling","freezing","restaurant",0,0,0,"morning"
54,383,45,338,"weekday","morning","travelling","cold","restaurant",0,0,0,"morning"
54,384,46,338,"weekday","lunch","working","freezing","grocery",0,0,0,"midday"
54,391,53,338,"weekday","unknown","travelling","warm","grocery",0,0,0,"unknown"
54,397,59,338,"weekday","afternoon","travelling","freezing","restaurant",1,1,0,"midday"
54,399,61,338,"weekday","unknown","shopping","cold","grocery",0,1,0,"unknown"
54,400,62,338,"weekday","afternoon","working","cold","grocery",0,1,0,"midday"
54,407,69,338,"weekday","beforelunch","travelling","cold","grocery",0,1,0,"midday"
54,409,71,338,"weekday","breakfast","travelling","freezing","grocery",0,1,0,"morning"
54,410,72,338,"weekday","afternoon","shopping","freezing","restaurant",0,1,0,"midday"
54,414,76,338,"weekday","beforelunch","travelling","warm","grocery",0,1,0,"midday"
54,416,78,338,"weekday","lunch","working","cold","grocery",0,1,0,"midday"
54,417,79,338,"weekday","lunch","travelling","hot","grocery",0,1,0,"midday"
54,424,86,338,"weekday","lunch","travelling","freezing","grocery",0,1,0,"midday"
54,426,88,338,"weekend","lunch","travelling","warm","restaurant",0,1,0,"midday"
54,431,93,338,"weekend","unknown","travelling","cold","restaurant",0,1,0,"unknown"
54,432,94,338,"weekend","earlymorning","unknown","cold","restaurant",1,1,0,"morning"
54,437,99,338,"weekday","lunch","morningrituals","unknown","restaurant",0,1,0,"midday"
54,443,105,338,"weekend","beforelunch","leisure","unknown","grocery",0,1,0,"midday"
54,444,106,338,"weekend","beforelunch","travelling","freezing","grocery",0,1,0,"midday"
54,447,109,338,"weekday","afternoon","travelling","cold","grocery",0,1,0,"midday"
54,453,115,338,"weekday","evening","shopping","unknown","restaurant",0,1,1,"night"
54,470,132,338,"weekday","beforelunch","leisure","hot","grocery",0,1,1,"midday"
54,472,134,338,"weekday","afternoon","travelling","unknown","grocery",1,1,1,"midday"
54,482,144,338,"weekday","afternoon","unknown","unknown","restaurant",0,1,1,"midday"
54,487,149,338,"weekday","beforelunch","travelling","hot","restaurant",1,1,1,"midday"
54,489,151,338,"weekday","breakfast","travelling","hot","grocery",0,1,1,"morning"
54,495,157,338,"weekday","dinner","unknown","warm","grocery",0,1,1,"night"
54,496,158,338,"weekday","lunch","shopping","unknown","grocery",0,1,1,"midday"
54,499,161,338,"weekday","beforelunch","travelling","freezing","grocery",0,1,1,"midday"
54,508,170,338,"weekday","beforelunch","working","cold","restaurant",0,1,1,"midday"
54,520,182,338,"weekend","beforelunch","working","cold","grocery",1,1,1,"midday"
55,349,0,349,"weekday","breakfast","workingout","hot","restaurant",0,0,0,"morning"
55,350,1,349,"weekday","breakfast","travelling","cold","grocery",0,0,0,"morning"
55,351,2,349,"weekday","beforelunch","shopping","unknown","grocery",0,0,0,"midday"
55,352,3,349,"weekday","evening","working","cold","restaurant",1,0,0,"night"
55,355,6,349,"weekend","afternoon","travelling","unknown","restaurant",0,0,0,"midday"
55,356,7,349,"weekend","beforelunch","travelling","warm","grocery",0,0,0,"midday"
55,359,10,349,"weekday","night","travelling","warm","grocery",1,0,0,"night"
55,361,12,349,"weekday","morning","travelling","unknown","grocery",1,0,0,"morning"
55,364,15,349,"weekday","afternoon","shopping","cold","grocery",0,0,0,"midday"
55,365,16,349,"weekend","afternoon","unknown","cold","restaurant",0,0,0,"midday"
55,366,17,349,"weekday","lunch","travelling","freezing","grocery",1,0,0,"midday"
55,369,20,349,"weekday","afternoon","leisure","warm","restaurant",0,0,0,"midday"
55,370,21,349,"weekday","afternoon","morningrituals","warm","grocery",0,0,0,"midday"
55,371,22,349,"weekday","lunch","travelling","cold","grocery",0,0,0,"midday"
55,372,23,349,"weekday","night","leisure","hot","restaurant",0,0,0,"night"
55,373,24,349,"weekday","dinner","unknown","unknown","restaurant",1,0,0,"night"
55,374,25,349,"weekend","breakfast","working","unknown","grocery",0,0,0,"morning"
55,375,26,349,"weekday","earlymorning","unknown","cold","grocery",0,0,0,"morning"
55,376,27,349,"weekend","breakfast","travelling","cold","restaurant",1,0,0,"morning"
55,379,30,349,"weekday","afternoon","leisure","cold","grocery",0,0,0,"midday"
55,380,31,349,"weekday","beforelunch","unknown","warm","restaurant",1,0,0,"midday"
55,383,34,349,"weekday","beforelunch","travelling","warm","grocery",0,0,0,"midday"
55,384,35,349,"weekday","afternoon","leisure","cold","grocery",0,0,0,"midday"
55,385,36,349,"weekday","afternoon","unknown","cold","restaurant",1,0,0,"midday"
55,386,37,349,"weekday","afternoon","unknown","freezing","grocery",1,0,0,"midday"
55,387,38,349,"weekend","breakfast","travelling","freezing","grocery",0,0,0,"morning"
55,388,39,349,"weekday","lunch","travelling","cold","grocery",0,0,0,"midday"
55,389,40,349,"weekday","lunch","travelling","hot","grocery",0,0,0,"midday"
55,391,42,349,"weekend","afternoon","unknown","freezing","restaurant",0,0,0,"midday"
55,392,43,349,"weekday","beforelunch","travelling","freezing","restaurant",1,0,0,"midday"
55,393,44,349,"weekday","night","travelling","unknown","grocery",0,0,0,"night"
55,394,45,349,"weekend","afternoon","working","cold","restaurant",0,0,0,"midday"
55,395,46,349,"weekend","breakfast","leisure","cold","grocery",1,0,0,"morning"
55,396,47,349,"weekend","lunch","travelling","freezing","restaurant",0,0,0,"midday"
55,398,49,349,"weekday","afternoon","unknown","freezing","restaurant",1,0,0,"midday"
55,399,50,349,"weekend","lunch","leisure","unknown","grocery",0,0,0,"midday"
55,400,51,349,"weekday","afternoon","leisure","hot","grocery",0,0,0,"midday"
55,401,52,349,"weekend","afternoon","travelling","warm","grocery",0,0,0,"midday"
55,402,53,349,"weekday","dinner","travelling","cold","restaurant",0,0,0,"night"
55,408,59,349,"weekday","lunch","travelling","unknown","grocery",1,1,0,"midday"
55,409,60,349,"weekday","afternoon","travelling","warm","restaurant",0,1,0,"midday"
55,410,61,349,"weekday","lunch","unknown","cold","restaurant",1,1,0,"midday"
55,411,62,349,"weekday","afternoon","travelling","hot","grocery",0,1,0,"midday"
55,412,63,349,"weekday","lunch","working","hot","grocery",0,1,0,"midday"
55,413,64,349,"weekday","afternoon","travelling","freezing","restaurant",1,1,0,"midday"
55,414,65,349,"weekday","morning","travelling","cold","grocery",0,1,0,"morning"
55,415,66,349,"weekend","afternoon","working","freezing","restaurant",0,1,0,"midday"
55,416,67,349,"weekday","beforelunch","travelling","cold","grocery",0,1,0,"midday"
55,417,68,349,"weekday","morning","travelling","cold","restaurant",0,1,0,"morning"
55,418,69,349,"weekday","lunch","travelling","cold","grocery",0,1,0,"midday"
55,419,70,349,"weekday","breakfast","shopping","unknown","grocery",1,1,0,"morning"
55,420,71,349,"weekday","breakfast","travelling","cold","restaurant",0,1,0,"morning"
55,421,72,349,"weekday","dinner","travelling","warm","restaurant",0,1,0,"night"
55,422,73,349,"weekend","afternoon","morningrituals","cold","restaurant",1,1,0,"midday"
55,424,75,349,"weekday","afternoon","shopping","hot","restaurant",0,1,0,"midday"
55,426,77,349,"weekday","beforelunch","travelling","warm","grocery",1,1,0,"midday"
55,430,81,349,"weekend","beforelunch","working","cold","restaurant",0,1,0,"midday"
55,431,82,349,"weekday","lunch","morningrituals","cold","restaurant",0,1,0,"midday"
55,432,83,349,"weekday","breakfast","travelling","cold","grocery",0,1,0,"morning"
55,433,84,349,"weekday","morning","travelling","freezing","restaurant",0,1,0,"morning"
55,436,87,349,"weekday","afternoon","travelling","freezing","restaurant",1,1,0,"midday"
55,439,90,349,"weekday","lunch","travelling","freezing","grocery",0,1,0,"midday"
55,444,95,349,"weekday","afternoon","leisure","hot","restaurant",1,1,0,"midday"
55,446,97,349,"weekday","lunch","working","cold","restaurant",0,1,0,"midday"
55,447,98,349,"weekend","lunch","travelling","freezing","grocery",1,1,0,"midday"
55,448,99,349,"weekday","breakfast","travelling","cold","restaurant",0,1,0,"morning"
55,449,100,349,"weekday","afternoon","leisure","freezing","grocery",0,1,0,"midday"
55,450,101,349,"weekday","lunch","travelling","freezing","grocery",0,1,0,"midday"
55,451,102,349,"weekend","afternoon","leisure","unknown","grocery",0,1,0,"midday"
55,452,103,349,"weekday","beforelunch","travelling","freezing","grocery",1,1,0,"midday"
55,455,106,349,"weekday","lunch","unknown","cold","grocery",0,1,0,"midday"
55,456,107,349,"weekend","lunch","leisure","warm","restaurant",0,1,0,"midday"
55,457,108,349,"weekday","beforelunch","leisure","unknown","grocery",1,1,0,"midday"
55,460,111,349,"weekend","afternoon","travelling","freezing","restaurant",0,1,0,"midday"
55,462,113,349,"weekday","breakfast","travelling","freezing","restaurant",0,1,1,"morning"
55,463,114,349,"weekend","unknown","travelling","cold","restaurant",0,1,1,"unknown"
55,464,115,349,"weekday","morning","travelling","cold","restaurant",0,1,1,"morning"
55,466,117,349,"weekday","afternoon","travelling","unknown","grocery",0,1,1,"midday"
55,468,119,349,"weekday","breakfast","shopping","warm","grocery",1,1,1,"morning"
55,470,121,349,"weekday","afternoon","travelling","hot","grocery",1,1,1,"midday"
55,471,122,349,"weekday","lunch","travelling","freezing","grocery",1,1,1,"midday"
55,473,124,349,"weekday","beforelunch","unknown","freezing","grocery",1,1,1,"midday"
55,475,126,349,"weekday","lunch","shopping","warm","restaurant",0,1,1,"midday"
55,476,127,349,"weekday","afternoon","travelling","cold","restaurant",1,1,1,"midday"
55,477,128,349,"weekday","breakfast","travelling","cold","grocery",0,1,1,"morning"
55,478,129,349,"weekday","lunch","working","cold","grocery",0,1,1,"midday"
55,480,131,349,"weekday","lunch","travelling","unknown","restaurant",0,1,1,"midday"
55,481,132,349,"weekday","lunch","travelling","unknown","restaurant",0,1,1,"midday"
55,482,133,349,"weekday","afternoon","travelling","warm","restaurant",0,1,1,"midday"
55,484,135,349,"weekend","lunch","working","freezing","grocery",0,1,1,"midday"
55,485,136,349,"weekday","lunch","leisure","unknown","restaurant",0,1,1,"midday"
55,486,137,349,"weekend","afternoon","working","freezing","grocery",0,1,1,"midday"
55,487,138,349,"weekday","beforelunch","unknown","hot","grocery",0,1,1,"midday"
55,489,140,349,"weekend","lunch","travelling","unknown","grocery",0,1,1,"midday"
55,491,142,349,"weekday","afternoon","unknown","unknown","grocery",0,1,1,"midday"
55,492,143,349,"weekend","morning","travelling","freezing","restaurant",1,1,1,"morning"
55,493,144,349,"weekday","lunch","travelling","warm","restaurant",0,1,1,"midday"
55,494,145,349,"weekday","breakfast","leisure","unknown","grocery",0,1,1,"morning"
55,496,147,349,"weekday","afternoon","travelling","cold","restaurant",1,1,1,"midday"
55,497,148,349,"weekday","lunch","travelling","warm","grocery",0,1,1,"midday"
55,500,151,349,"weekday","beforelunch","travelling","freezing","restaurant",0,1,1,"midday"
55,501,152,349,"weekend","earlymorning","unknown","unknown","grocery",0,1,1,"morning"
55,502,153,349,"weekday","afternoon","travelling","hot","restaurant",0,1,1,"midday"
55,504,155,349,"weekend","beforelunch","travelling","unknown","restaurant",0,1,1,"midday"
55,507,158,349,"weekend","lunch","unknown","hot","restaurant",1,1,1,"midday"
55,508,159,349,"weekday","breakfast","working","warm","grocery",1,1,1,"morning"
55,509,160,349,"weekday","lunch","travelling","hot","grocery",0,1,1,"midday"
55,511,162,349,"unknown","afternoon","travelling","cold","restaurant",0,1,1,"midday"
55,512,163,349,"weekend","beforelunch","unknown","warm","restaurant",0,1,1,"midday"
55,515,166,349,"weekend","lunch","travelling","cold","grocery",0,1,1,"midday"
55,516,167,349,"weekday","earlymorning","travelling","freezing","grocery",0,1,1,"morning"
55,517,168,349,"weekend","evening","travelling","cold","grocery",0,1,1,"night"
55,518,169,349,"weekday","afternoon","unknown","warm","grocery",1,1,1,"midday"
55,520,171,349,"weekday","breakfast","travelling","cold","grocery",0,1,1,"morning"
55,521,172,349,"weekday","afternoon","travelling","unknown","restaurant",0,1,1,"midday"
55,522,173,349,"weekday","lunch","unknown","cold","grocery",1,1,1,"midday"
55,524,175,349,"weekend","beforelunch","travelling","freezing","grocery",0,1,1,"midday"
55,525,176,349,"weekend","lunch","travelling","unknown","grocery",0,1,1,"midday"
55,527,178,349,"weekday","lunch","leisure","warm","restaurant",0,1,1,"midday"
55,528,179,349,"weekday","earlymorning","travelling","unknown","restaurant",0,1,1,"morning"
55,529,180,349,"weekday","morning","travelling","cold","restaurant",0,1,1,"morning"
55,530,181,349,"weekday","lunch","travelling","cold","grocery",1,1,1,"midday"
55,531,182,349,"weekday","morning","working","cold","restaurant",1,1,1,"morning"
55,532,183,349,"weekend","afternoon","unknown","freezing","grocery",0,1,1,"midday"
56,362,2,360,"weekday","night","travelling","hot","restaurant",1,0,0,"night"
56,384,24,360,"weekday","breakfast","unknown","cold","restaurant",0,0,0,"morning"
56,388,28,360,"weekday","lunch","travelling","unknown","restaurant",0,0,0,"midday"
56,398,38,360,"weekend","beforelunch","travelling","hot","grocery",1,0,0,"midday"
56,400,40,360,"weekday","beforelunch","unknown","cold","grocery",0,0,0,"midday"
56,401,41,360,"weekday","beforelunch","travelling","warm","grocery",0,0,0,"midday"
56,409,49,360,"weekday","afternoon","travelling","warm","restaurant",0,0,0,"midday"
56,413,53,360,"weekday","dinner","travelling","unknown","restaurant",0,0,0,"night"
56,417,57,360,"weekend","breakfast","travelling","unknown","restaurant",0,1,0,"morning"
56,418,58,360,"weekend","lunch","travelling","freezing","restaurant",1,1,0,"midday"
56,420,60,360,"weekday","lunch","travelling","cold","grocery",0,1,0,"midday"
56,423,63,360,"weekend","afternoon","working","unknown","restaurant",1,1,0,"midday"
56,424,64,360,"weekend","afternoon","travelling","cold","restaurant",1,1,0,"midday"
56,427,67,360,"weekend","lunch","shopping","freezing","restaurant",0,1,0,"midday"
56,447,87,360,"weekday","breakfast","unknown","cold","restaurant",0,1,0,"morning"
56,449,89,360,"weekend","night","shopping","freezing","restaurant",0,1,0,"night"
56,453,93,360,"weekend","unknown","shopping","unknown","restaurant",0,1,0,"unknown"
56,461,101,360,"weekday","beforelunch","unknown","warm","grocery",0,1,0,"midday"
56,464,104,360,"weekend","afternoon","travelling","cold","grocery",1,1,0,"midday"
56,470,110,360,"weekday","afternoon","working","hot","grocery",1,1,0,"midday"
56,476,116,360,"weekday","afternoon","shopping","warm","grocery",0,1,1,"midday"
56,478,118,360,"weekend","breakfast","travelling","warm","restaurant",0,1,1,"morning"
56,479,119,360,"weekday","earlymorning","travelling","freezing","restaurant",1,1,1,"morning"
56,484,124,360,"weekday","earlymorning","travelling","freezing","restaurant",0,1,1,"morning"
56,489,129,360,"weekday","breakfast","travelling","cold","grocery",1,1,1,"morning"
56,494,134,360,"weekday","unknown","working","cold","restaurant",0,1,1,"unknown"
56,497,137,360,"weekday","beforelunch","travelling","warm","restaurant",1,1,1,"midday"
56,509,149,360,"unknown","lunch","unknown","cold","restaurant",0,1,1,"midday"
56,513,153,360,"weekday","afternoon","travelling","freezing","restaurant",1,1,1,"midday"
56,528,168,360,"unknown","lunch","shopping","cold","restaurant",0,1,1,"midday"
56,532,172,360,"weekday","beforelunch","leisure","unknown","grocery",0,1,1,"midday"
56,537,177,360,"weekday","lunch","travelling","unknown","restaurant",0,1,1,"midday"
57,372,3,369,"weekday","unknown","shopping","cold","restaurant",0,0,0,"unknown"
57,374,5,369,"weekday","lunch","travelling","cold","grocery",0,0,0,"midday"
57,384,15,369,"weekday","lunch","shopping","unknown","grocery",0,0,0,"midday"
57,390,21,369,"weekend","afternoon","shopping","hot","grocery",0,0,0,"midday"
57,394,25,369,"weekend","afternoon","travelling","unknown","grocery",0,0,0,"midday"
57,408,39,369,"weekday","afternoon","unknown","freezing","grocery",0,0,0,"midday"
57,413,44,369,"weekday","lunch","leisure","warm","grocery",0,0,0,"midday"
57,414,45,369,"weekday","afternoon","travelling","cold","restaurant",0,0,0,"midday"
57,415,46,369,"weekday","afternoon","travelling","warm","grocery",1,0,0,"midday"
57,421,52,369,"weekday","lunch","unknown","freezing","grocery",0,0,0,"midday"
57,427,58,369,"weekday","lunch","travelling","unknown","restaurant",0,1,0,"midday"
57,437,68,369,"weekday","morning","travelling","freezing","grocery",0,1,0,"morning"
57,438,69,369,"weekday","lunch","unknown","unknown","grocery",0,1,0,"midday"
57,439,70,369,"weekend","afternoon","working","freezing","grocery",0,1,0,"midday"
57,445,76,369,"weekday","morning","unknown","unknown","grocery",0,1,0,"morning"
57,448,79,369,"weekday","breakfast","travelling","warm","restaurant",0,1,0,"morning"
57,450,81,369,"weekday","afternoon","unknown","cold","restaurant",0,1,0,"midday"
57,457,88,369,"weekday","afternoon","working","warm","restaurant",1,1,0,"midday"
57,467,98,369,"weekend","afternoon","travelling","cold","grocery",0,1,0,"midday"
57,471,102,369,"weekend","afternoon","travelling","unknown","grocery",0,1,0,"midday"
57,477,108,369,"weekday","afternoon","unknown","cold","grocery",0,1,0,"midday"
57,483,114,369,"weekday","lunch","working","warm","restaurant",0,1,1,"midday"
57,491,122,369,"weekend","lunch","travelling","hot","restaurant",1,1,1,"midday"
57,505,136,369,"weekend","lunch","working","unknown","grocery",0,1,1,"midday"
57,506,137,369,"weekend","afternoon","unknown","freezing","restaurant",1,1,1,"midday"
57,511,142,369,"weekday","beforelunch","travelling","unknown","grocery",0,1,1,"midday"
57,518,149,369,"weekend","lunch","travelling","freezing","restaurant",0,1,1,"midday"
57,520,151,369,"weekday","lunch","morningrituals","cold","grocery",1,1,1,"midday"
57,528,159,369,"weekday","breakfast","travelling","cold","grocery",0,1,1,"morning"
57,538,169,369,"weekend","evening","travelling","cold","grocery",0,1,1,"night"
57,543,174,369,"weekday","morning","working","freezing","grocery",1,1,1,"morning"
57,545,176,369,"weekday","dinner","shopping","freezing","grocery",0,1,1,"night"
58,375,0,375,"weekday","dinner","travelling","hot","grocery",0,0,0,"night"
58,376,1,375,"weekday","beforelunch","travelling","cold","restaurant",0,0,0,"midday"
58,377,2,375,"weekend","morning","working","cold","restaurant",1,0,0,"morning"
58,382,7,375,"weekend","afternoon","travelling","unknown","restaurant",0,0,0,"midday"
58,383,8,375,"weekday","lunch","working","cold","grocery",1,0,0,"midday"
58,385,10,375,"weekday","dinner","leisure","hot","grocery",0,0,0,"night"
58,389,14,375,"weekday","morning","travelling","cold","restaurant",0,0,0,"morning"
58,393,18,375,"weekday","afternoon","travelling","freezing","grocery",0,0,0,"midday"
58,394,19,375,"weekday","lunch","unknown","freezing","grocery",0,0,0,"midday"
58,395,20,375,"weekday","lunch","travelling","hot","restaurant",0,0,0,"midday"
58,396,21,375,"weekday","lunch","unknown","warm","restaurant",1,0,0,"midday"
58,401,26,375,"weekend","afternoon","travelling","freezing","grocery",0,0,0,"midday"
58,404,29,375,"weekday","afternoon","travelling","cold","grocery",0,0,0,"midday"
58,406,31,375,"weekend","morning","travelling","warm","grocery",0,0,0,"morning"
58,409,34,375,"weekday","afternoon","travelling","freezing","grocery",0,0,0,"midday"
58,411,36,375,"weekday","lunch","travelling","hot","restaurant",1,0,0,"midday"
58,412,37,375,"weekday","lunch","travelling","cold","restaurant",0,0,0,"midday"
58,415,40,375,"weekday","breakfast","travelling","warm","grocery",0,0,0,"morning"
58,416,41,375,"weekday","breakfast","travelling","freezing","restaurant",0,0,0,"morning"
58,417,42,375,"weekday","beforelunch","working","cold","grocery",1,0,0,"midday"
58,419,44,375,"weekday","lunch","shopping","cold","grocery",0,0,0,"midday"
58,424,49,375,"weekday","morning","travelling","freezing","restaurant",1,0,0,"morning"
58,429,54,375,"weekday","beforelunch","travelling","hot","grocery",1,0,0,"midday"
58,430,55,375,"weekend","lunch","unknown","cold","grocery",0,0,0,"midday"
58,433,58,375,"weekday","lunch","leisure","freezing","grocery",0,1,0,"midday"
58,440,65,375,"weekday","dinner","travelling","cold","restaurant",0,1,0,"night"
58,441,66,375,"weekday","beforelunch","shopping","unknown","grocery",0,1,0,"midday"
58,443,68,375,"weekday","afternoon","travelling","cold","grocery",0,1,0,"midday"
58,444,69,375,"weekend","afternoon","travelling","freezing","restaurant",0,1,0,"midday"
58,445,70,375,"weekend","lunch","travelling","warm","restaurant",0,1,0,"midday"
58,447,72,375,"weekday","afternoon","travelling","unknown","restaurant",0,1,0,"midday"
58,448,73,375,"weekday","lunch","unknown","unknown","restaurant",0,1,0,"midday"
58,451,76,375,"weekend","lunch","working","unknown","grocery",0,1,0,"midday"
58,454,79,375,"weekday","morning","travelling","freezing","grocery",0,1,0,"morning"
58,459,84,375,"weekday","lunch","housework","cold","grocery",0,1,0,"midday"
58,460,85,375,"weekday","beforelunch","travelling","freezing","grocery",1,1,0,"midday"
58,461,86,375,"weekday","lunch","travelling","warm","restaurant",0,1,0,"midday"
58,465,90,375,"weekday","lunch","unknown","freezing","grocery",0,1,0,"midday"
58,468,93,375,"weekend","unknown","travelling","cold","restaurant",0,1,0,"unknown"
58,471,96,375,"weekday","lunch","unknown","freezing","grocery",0,1,0,"midday"
58,472,97,375,"weekday","afternoon","travelling","cold","grocery",1,1,0,"midday"
58,473,98,375,"weekday","beforelunch","travelling","unknown","grocery",0,1,0,"midday"
58,474,99,375,"weekday","morning","working","unknown","restaurant",0,1,0,"morning"
58,477,102,375,"weekday","afternoon","unknown","cold","grocery",0,1,0,"midday"
58,484,109,375,"weekday","afternoon","unknown","cold","restaurant",0,1,0,"midday"
58,485,110,375,"weekday","breakfast","travelling","freezing","restaurant",1,1,0,"morning"
58,487,112,375,"weekday","breakfast","travelling","freezing","grocery",1,1,0,"morning"
58,489,114,375,"weekday","dinner","shopping","warm","restaurant",0,1,1,"night"
58,490,115,375,"weekend","afternoon","shopping","hot","grocery",0,1,1,"midday"
58,491,116,375,"weekend","lunch","travelling","unknown","grocery",1,1,1,"midday"
58,494,119,375,"weekend","afternoon","travelling","unknown","grocery",0,1,1,"midday"
58,496,121,375,"weekend","lunch","unknown","hot","restaurant",0,1,1,"midday"
58,499,124,375,"weekday","afternoon","travelling","cold","restaurant",0,1,1,"midday"
58,500,125,375,"weekday","afternoon","working","cold","grocery",0,1,1,"midday"
58,507,132,375,"weekday","afternoon","travelling","unknown","grocery",0,1,1,"midday"
58,508,133,375,"weekday","afternoon","unknown","cold","grocery",0,1,1,"midday"
58,509,134,375,"weekday","breakfast","travelling","unknown","restaurant",0,1,1,"morning"
58,512,137,375,"weekday","earlymorning","unknown","cold","restaurant",0,1,1,"morning"
58,513,138,375,"weekday","beforelunch","travelling","unknown","restaurant",0,1,1,"midday"
58,514,139,375,"weekday","unknown","travelling","unknown","restaurant",0,1,1,"unknown"
58,518,143,375,"weekend","afternoon","shopping","freezing","restaurant",1,1,1,"midday"
58,521,146,375,"weekday","lunch","shopping","freezing","grocery",0,1,1,"midday"
58,522,147,375,"weekday","lunch","unknown","hot","grocery",0,1,1,"midday"
58,524,149,375,"weekday","afternoon","unknown","unknown","restaurant",0,1,1,"midday"
58,528,153,375,"weekday","beforelunch","travelling","freezing","grocery",0,1,1,"midday"
58,530,155,375,"weekday","lunch","workingout","cold","grocery",0,1,1,"midday"
58,532,157,375,"weekday","afternoon","shopping","unknown","restaurant",0,1,1,"midday"
58,533,158,375,"weekday","lunch","shopping","warm","restaurant",0,1,1,"midday"
58,534,159,375,"weekday","evening","travelling","unknown","restaurant",0,1,1,"night"
58,535,160,375,"weekday","morning","travelling","warm","restaurant",0,1,1,"morning"
58,536,161,375,"weekend","beforelunch","working","cold","restaurant",0,1,1,"midday"
58,537,162,375,"weekend","afternoon","travelling","cold","restaurant",1,1,1,"midday"
58,538,163,375,"weekday","lunch","travelling","cold","restaurant",0,1,1,"midday"
58,539,164,375,"weekday","afternoon","working","cold","grocery",0,1,1,"midday"
58,541,166,375,"weekday","lunch","working","freezing","restaurant",0,1,1,"midday"
58,542,167,375,"weekday","afternoon","travelling","warm","grocery",1,1,1,"midday"
58,543,168,375,"weekday","breakfast","travelling","warm","grocery",0,1,1,"morning"
58,546,171,375,"weekday","afternoon","travelling","unknown","restaurant",1,1,1,"midday"
58,547,172,375,"weekday","afternoon","travelling","cold","grocery",0,1,1,"midday"
58,548,173,375,"weekday","breakfast","travelling","freezing","grocery",0,1,1,"morning"
58,553,178,375,"weekday","unknown","travelling","cold","restaurant",0,1,1,"unknown"
58,555,180,375,"weekday","lunch","travelling","cold","grocery",1,1,1,"midday"
58,557,182,375,"weekday","morning","travelling","unknown","grocery",0,1,1,"morning"
59,384,4,380,"weekend","afternoon","travelling","cold","restaurant",0,0,0,"midday"
59,400,20,380,"weekend","lunch","unknown","freezing","grocery",0,0,0,"midday"
59,418,38,380,"weekday","lunch","working","unknown","restaurant",0,0,0,"midday"
59,425,45,380,"weekend","afternoon","travelling","hot","restaurant",1,0,0,"midday"
59,429,49,380,"weekday","afternoon","shopping","unknown","grocery",0,0,0,"midday"
59,433,53,380,"weekday","beforelunch","leisure","cold","grocery",0,0,0,"midday"
59,452,72,380,"weekday","beforelunch","travelling","cold","grocery",0,1,0,"midday"
59,461,81,380,"weekday","breakfast","travelling","cold","grocery",0,1,0,"morning"
59,467,87,380,"weekday","afternoon","unknown","cold","restaurant",1,1,0,"midday"
59,476,96,380,"weekend","afternoon","travelling","freezing","restaurant",0,1,0,"midday"
59,484,104,380,"weekday","afternoon","working","warm","restaurant",0,1,0,"midday"
59,535,155,380,"weekday","morning","travelling","cold","restaurant",0,1,1,"morning"
59,547,167,380,"weekday","afternoon","travelling","cold","restaurant",0,1,1,"midday"
60,382,1,381,"weekday","afternoon","unknown","cold","restaurant",0,0,0,"midday"
60,385,4,381,"weekend","lunch","travelling","cold","restaurant",1,0,0,"midday"
60,386,5,381,"weekday","evening","working","freezing","grocery",0,0,0,"night"
60,390,9,381,"weekday","lunch","social","freezing","grocery",0,0,0,"midday"
60,393,12,381,"weekend","afternoon","leisure","cold","restaurant",0,0,0,"midday"
60,394,13,381,"weekday","lunch","unknown","freezing","restaurant",1,0,0,"midday"
60,396,15,381,"weekend","afternoon","travelling","freezing","grocery",1,0,0,"midday"
60,404,23,381,"weekday","afternoon","travelling","cold","grocery",0,0,0,"midday"
60,406,25,381,"weekend","morning","travelling","cold","restaurant",0,0,0,"morning"
60,408,27,381,"weekend","evening","leisure","unknown","grocery",0,0,0,"night"
60,409,28,381,"weekday","afternoon","travelling","freezing","restaurant",1,0,0,"midday"
60,416,35,381,"weekend","lunch","working","freezing","grocery",0,0,0,"midday"
60,422,41,381,"weekday","afternoon","travelling","cold","grocery",0,0,0,"midday"
60,423,42,381,"weekend","dinner","travelling","unknown","restaurant",0,0,0,"night"
60,426,45,381,"weekday","lunch","travelling","freezing","grocery",0,0,0,"midday"
60,429,48,381,"weekday","breakfast","travelling","warm","grocery",0,0,0,"morning"
60,430,49,381,"weekday","afternoon","travelling","freezing","grocery",0,0,0,"midday"
60,432,51,381,"weekday","lunch","working","unknown","grocery",1,0,0,"midday"
60,434,53,381,"weekday","beforelunch","leisure","warm","restaurant",0,0,0,"midday"
60,435,54,381,"weekday","breakfast","travelling","hot","grocery",0,0,0,"morning"
60,436,55,381,"weekday","afternoon","working","warm","restaurant",0,0,0,"midday"
60,439,58,381,"weekday","afternoon","travelling","cold","grocery",0,1,0,"midday"
60,440,59,381,"weekday","earlymorning","leisure","freezing","grocery",0,1,0,"morning"
60,441,60,381,"weekday","breakfast","travelling","cold","restaurant",0,1,0,"morning"
60,443,62,381,"weekday","beforelunch","travelling","warm","restaurant",0,1,0,"midday"
60,453,72,381,"weekday","afternoon","travelling","freezing","grocery",0,1,0,"midday"
60,454,73,381,"weekday","beforelunch","travelling","cold","grocery",0,1,0,"midday"
60,456,75,381,"weekday","beforelunch","travelling","cold","restaurant",0,1,0,"midday"
60,463,82,381,"weekday","lunch","travelling","warm","grocery",0,1,0,"midday"
60,464,83,381,"weekday","afternoon","travelling","warm","grocery",1,1,0,"midday"
60,468,87,381,"weekday","afternoon","travelling","hot","grocery",0,1,0,"midday"
60,470,89,381,"weekend","lunch","unknown","cold","restaurant",1,1,0,"midday"
60,478,97,381,"weekend","breakfast","travelling","freezing","restaurant",0,1,0,"morning"
60,482,101,381,"weekend","earlymorning","travelling","cold","grocery",0,1,0,"morning"
60,483,102,381,"weekday","afternoon","unknown","unknown","restaurant",0,1,0,"midday"
60,486,105,381,"weekday","earlymorning","travelling","cold","grocery",0,1,0,"morning"
60,491,110,381,"weekday","lunch","travelling","warm","grocery",0,1,0,"midday"
60,496,115,381,"weekend","afternoon","shopping","unknown","restaurant",1,1,1,"midday"
60,498,117,381,"weekend","beforelunch","travelling","freezing","restaurant",0,1,1,"midday"
60,499,118,381,"weekday","lunch","working","cold","grocery",1,1,1,"midday"
60,501,120,381,"weekday","beforelunch","travelling","unknown","restaurant",0,1,1,"midday"
60,503,122,381,"weekend","morning","travelling","warm","restaurant",0,1,1,"morning"
60,509,128,381,"weekday","afternoon","travelling","unknown","grocery",1,1,1,"midday"
60,511,130,381,"weekend","afternoon","travelling","unknown","restaurant",0,1,1,"midday"
60,518,137,381,"weekday","afternoon","leisure","unknown","grocery",1,1,1,"midday"
60,521,140,381,"weekday","afternoon","unknown","cold","grocery",0,1,1,"midday"
60,526,145,381,"weekday","beforelunch","travelling","cold","restaurant",1,1,1,"midday"
60,527,146,381,"weekday","afternoon","travelling","cold","grocery",1,1,1,"midday"
60,531,150,381,"weekday","lunch","shopping","warm","grocery",1,1,1,"midday"
60,533,152,381,"weekday","lunch","leisure","freezing","grocery",0,1,1,"midday"
60,535,154,381,"weekday","unknown","travelling","warm","grocery",1,1,1,"unknown"
60,536,155,381,"weekday","beforelunch","travelling","freezing","restaurant",0,1,1,"midday"
60,538,157,381,"weekday","afternoon","travelling","hot","grocery",1,1,1,"midday"
60,540,159,381,"weekday","breakfast","leisure","unknown","grocery",0,1,1,"morning"
60,541,160,381,"weekend","afternoon","working","unknown","grocery",0,1,1,"midday"
60,544,163,381,"weekend","afternoon","travelling","unknown","restaurant",0,1,1,"midday"
60,545,164,381,"weekday","lunch","travelling","cold","restaurant",0,1,1,"midday"
60,548,167,381,"weekday","lunch","shopping","cold","restaurant",0,1,1,"midday"
60,549,168,381,"weekday","lunch","travelling","warm","grocery",1,1,1,"midday"
60,551,170,381,"weekend","beforelunch","travelling","unknown","grocery",1,1,1,"midday"
60,553,172,381,"weekend","lunch","travelling","hot","restaurant",1,1,1,"midday"
60,562,181,381,"weekday","afternoon","travelling","unknown","restaurant",0,1,1,"midday"
60,563,182,381,"weekend","lunch","travelling","warm","restaurant",0,1,1,"midday"
61,382,0,382,"weekday","breakfast","unknown","cold","restaurant",0,0,0,"morning"
61,383,1,382,"weekend","beforelunch","unknown","unknown","restaurant",0,0,0,"midday"
61,385,3,382,"weekday","lunch","travelling","cold","grocery",0,0,0,"midday"
61,392,10,382,"weekend","afternoon","travelling","cold","grocery",1,0,0,"midday"
61,396,14,382,"weekday","afternoon","unknown","cold","grocery",1,0,0,"midday"
61,398,16,382,"weekday","breakfast","travelling","cold","grocery",0,0,0,"morning"
61,399,17,382,"weekday","evening","travelling","freezing","restaurant",0,0,0,"night"
61,400,18,382,"weekday","beforelunch","travelling","freezing","restaurant",0,0,0,"midday"
61,402,20,382,"weekday","evening","travelling","unknown","grocery",0,0,0,"night"
61,403,21,382,"weekday","afternoon","leisure","cold","grocery",1,0,0,"midday"
61,407,25,382,"weekday","beforelunch","travelling","hot","restaurant",0,0,0,"midday"
61,408,26,382,"weekday","dinner","travelling","unknown","restaurant",1,0,0,"night"
61,409,27,382,"weekday","dinner","unknown","unknown","grocery",0,0,0,"night"
61,415,33,382,"weekday","beforelunch","travelling","freezing","grocery",0,0,0,"midday"
61,416,34,382,"weekday","beforelunch","travelling","unknown","restaurant",0,0,0,"midday"
61,417,35,382,"weekend","night","shopping","hot","restaurant",0,0,0,"night"
61,427,45,382,"unknown","lunch","travelling","cold","restaurant",0,0,0,"midday"
61,430,48,382,"weekday","afternoon","travelling","unknown","restaurant",0,0,0,"midday"
61,432,50,382,"weekday","afternoon","working","cold","restaurant",0,0,0,"midday"
61,436,54,382,"weekday","morning","leisure","warm","grocery",0,0,0,"morning"
61,439,57,382,"weekend","lunch","shopping","freezing","grocery",1,1,0,"midday"
61,441,59,382,"weekday","afternoon","travelling","cold","grocery",1,1,0,"midday"
61,445,63,382,"weekend","beforelunch","travelling","unknown","grocery",0,1,0,"midday"
61,446,64,382,"weekday","beforelunch","unknown","warm","restaurant",0,1,0,"midday"
61,447,65,382,"weekday","breakfast","travelling","freezing","restaurant",0,1,0,"morning"
61,449,67,382,"weekend","lunch","working","cold","restaurant",0,1,0,"midday"
61,450,68,382,"weekday","breakfast","travelling","freezing","grocery",1,1,0,"morning"
61,451,69,382,"weekday","lunch","travelling","cold","grocery",0,1,0,"midday"
61,453,71,382,"weekday","beforelunch","working","hot","restaurant",0,1,0,"midday"
61,456,74,382,"weekend","breakfast","shopping","cold","restaurant",0,1,0,"morning"
61,457,75,382,"weekday","afternoon","travelling","warm","grocery",0,1,0,"midday"
61,458,76,382,"weekday","afternoon","travelling","cold","grocery",1,1,0,"midday"
61,459,77,382,"weekend","beforelunch","shopping","warm","restaurant",1,1,0,"midday"
61,469,87,382,"weekday","beforelunch","travelling","freezing","restaurant",0,1,0,"midday"
61,473,91,382,"weekday","afternoon","shopping","warm","grocery",0,1,0,"midday"
61,474,92,382,"weekday","afternoon","travelling","freezing","restaurant",0,1,0,"midday"
61,482,100,382,"weekday","morning","shopping","warm","grocery",0,1,0,"morning"
61,483,101,382,"weekday","beforelunch","travelling","unknown","restaurant",1,1,0,"midday"
61,487,105,382,"unknown","lunch","travelling","warm","restaurant",0,1,0,"midday"
61,492,110,382,"weekday","night","travelling","hot","restaurant",0,1,0,"night"
61,493,111,382,"weekday","afternoon","travelling","freezing","grocery",1,1,0,"midday"
61,495,113,382,"weekday","beforelunch","leisure","cold","grocery",0,1,1,"midday"
61,501,119,382,"weekend","beforelunch","travelling","cold","grocery",0,1,1,"midday"
61,505,123,382,"weekend","morning","leisure","cold","restaurant",1,1,1,"morning"
61,506,124,382,"weekday","breakfast","travelling","freezing","grocery",0,1,1,"morning"
61,507,125,382,"weekday","earlymorning","shopping","freezing","restaurant",1,1,1,"morning"
61,509,127,382,"weekday","lunch","travelling","unknown","restaurant",0,1,1,"midday"
61,511,129,382,"weekday","beforelunch","shopping","unknown","restaurant",0,1,1,"midday"
61,514,132,382,"weekday","lunch","working","freezing","restaurant",0,1,1,"midday"
61,515,133,382,"weekday","lunch","leisure","unknown","restaurant",1,1,1,"midday"
61,516,134,382,"weekend","breakfast","unknown","cold","restaurant",0,1,1,"morning"
61,517,135,382,"weekend","afternoon","travelling","warm","grocery",0,1,1,"midday"
61,522,140,382,"weekday","breakfast","working","freezing","grocery",1,1,1,"morning"
61,524,142,382,"weekday","lunch","travelling","warm","grocery",1,1,1,"midday"
61,529,147,382,"weekend","afternoon","travelling","cold","grocery",0,1,1,"midday"
61,531,149,382,"weekend","breakfast","leisure","hot","restaurant",0,1,1,"morning"
61,534,152,382,"weekend","lunch","travelling","cold","grocery",0,1,1,"midday"
61,538,156,382,"weekday","breakfast","unknown","unknown","restaurant",0,1,1,"morning"
61,539,157,382,"weekday","lunch","travelling","hot","grocery",0,1,1,"midday"
61,542,160,382,"weekday","lunch","travelling","cold","grocery",1,1,1,"midday"
61,545,163,382,"weekday","morning","travelling","unknown","restaurant",0,1,1,"morning"
61,552,170,382,"weekday","night","morningrituals","hot","grocery",0,1,1,"night"
61,554,172,382,"weekday","afternoon","travelling","freezing","restaurant",1,1,1,"midday"
61,555,173,382,"weekday","afternoon","shopping","hot","restaurant",0,1,1,"midday"
61,560,178,382,"weekday","lunch","travelling","freezing","restaurant",0,1,1,"midday"
61,561,179,382,"weekend","afternoon","shopping","warm","restaurant",0,1,1,"midday"
61,563,181,382,"weekday","dinner","travelling","warm","restaurant",0,1,1,"night"
61,564,182,382,"weekday","afternoon","working","unknown","grocery",1,1,1,"midday"
62,400,11,389,"weekday","morning","travelling","unknown","grocery",0,0,0,"morning"
62,403,14,389,"weekday","morning","leisure","freezing","restaurant",0,0,0,"morning"
62,405,16,389,"weekday","beforelunch","travelling","hot","grocery",0,0,0,"midday"
62,407,18,389,"weekday","dinner","working","cold","grocery",0,0,0,"night"
62,409,20,389,"weekday","afternoon","working","unknown","grocery",0,0,0,"midday"
62,418,29,389,"weekday","afternoon","unknown","cold","restaurant",0,0,0,"midday"
62,424,35,389,"weekday","afternoon","travelling","cold","grocery",0,0,0,"midday"
62,427,38,389,"weekday","beforelunch","travelling","warm","grocery",0,0,0,"midday"
62,432,43,389,"weekend","afternoon","shopping","freezing","grocery",0,0,0,"midday"
62,442,53,389,"weekday","beforelunch","leisure","cold","grocery",0,0,0,"midday"
62,457,68,389,"weekend","lunch","travelling","warm","grocery",1,1,0,"midday"
62,463,74,389,"weekday","morning","travelling","unknown","restaurant",0,1,0,"morning"
62,478,89,389,"weekday","afternoon","working","cold","restaurant",1,1,0,"midday"
62,479,90,389,"weekday","lunch","travelling","cold","grocery",1,1,0,"midday"
62,487,98,389,"weekday","breakfast","travelling","warm","grocery",0,1,0,"morning"
62,490,101,389,"weekday","afternoon","unknown","cold","grocery",0,1,0,"midday"
62,500,111,389,"weekend","afternoon","travelling","cold","grocery",0,1,0,"midday"
62,501,112,389,"weekend","afternoon","shopping","cold","restaurant",0,1,0,"midday"
62,506,117,389,"weekday","lunch","travelling","freezing","grocery",0,1,1,"midday"
62,540,151,389,"weekday","beforelunch","travelling","cold","grocery",0,1,1,"midday"
62,552,163,389,"weekend","breakfast","unknown","unknown","restaurant",0,1,1,"morning"
62,557,168,389,"weekend","breakfast","travelling","cold","grocery",1,1,1,"morning"
62,558,169,389,"weekday","lunch","travelling","cold","restaurant",0,1,1,"midday"
62,562,173,389,"weekend","morning","shopping","cold","grocery",1,1,1,"morning"
62,567,178,389,"weekday","afternoon","travelling","warm","restaurant",0,1,1,"midday"
63,433,31,402,"weekday","morning","shopping","warm","grocery",0,0,0,"morning"
63,472,70,402,"weekday","lunch","travelling","cold","restaurant",0,1,0,"midday"
63,576,174,402,"weekend","afternoon","unknown","hot","grocery",0,1,1,"midday"
64,405,0,405,"weekday","breakfast","travelling","cold","grocery",0,0,0,"morning"
64,407,2,405,"weekday","breakfast","travelling","freezing","restaurant",0,0,0,"morning"
64,409,4,405,"weekend","earlymorning","shopping","freezing","grocery",0,0,0,"morning"
64,414,9,405,"weekday","beforelunch","travelling","hot","restaurant",0,0,0,"midday"
64,418,13,405,"weekday","beforelunch","travelling","cold","restaurant",1,0,0,"midday"
64,420,15,405,"weekday","afternoon","travelling","freezing","restaurant",0,0,0,"midday"
64,424,19,405,"weekend","morning","travelling","freezing","restaurant",1,0,0,"morning"
64,429,24,405,"weekend","afternoon","travelling","warm","restaurant",1,0,0,"midday"
64,436,31,405,"weekday","beforelunch","travelling","freezing","grocery",1,0,0,"midday"
64,441,36,405,"weekend","afternoon","travelling","freezing","grocery",1,0,0,"midday"
64,443,38,405,"weekend","morning","travelling","cold","grocery",0,0,0,"morning"
64,452,47,405,"weekend","morning","working","unknown","grocery",1,0,0,"morning"
64,453,48,405,"weekday","earlymorning","shopping","freezing","grocery",1,0,0,"morning"
64,457,52,405,"weekday","lunch","leisure","unknown","restaurant",0,0,0,"midday"
64,459,54,405,"weekend","lunch","travelling","hot","restaurant",0,0,0,"midday"
64,463,58,405,"weekday","lunch","travelling","freezing","grocery",0,1,0,"midday"
64,468,63,405,"weekend","lunch","leisure","cold","restaurant",1,1,0,"midday"
64,471,66,405,"weekday","lunch","unknown","freezing","restaurant",0,1,0,"midday"
64,472,67,405,"weekday","lunch","unknown","warm","restaurant",0,1,0,"midday"
64,474,69,405,"weekend","afternoon","travelling","unknown","grocery",0,1,0,"midday"
64,476,71,405,"weekday","lunch","travelling","cold","grocery",0,1,0,"midday"
64,477,72,405,"weekday","lunch","travelling","unknown","restaurant",1,1,0,"midday"
64,478,73,405,"weekend","breakfast","shopping","freezing","grocery",1,1,0,"morning"
64,480,75,405,"weekday","afternoon","travelling","cold","restaurant",0,1,0,"midday"
64,484,79,405,"weekend","breakfast","shopping","cold","grocery",0,1,0,"morning"
64,486,81,405,"weekday","beforelunch","travelling","cold","restaurant",0,1,0,"midday"
64,487,82,405,"weekend","beforelunch","travelling","hot","restaurant",0,1,0,"midday"
64,492,87,405,"weekday","earlymorning","travelling","cold","restaurant",0,1,0,"morning"
64,495,90,405,"weekend","lunch","travelling","unknown","restaurant",1,1,0,"midday"
64,499,94,405,"weekday","beforelunch","morningrituals","unknown","grocery",1,1,0,"midday"
64,500,95,405,"weekday","afternoon","travelling","freezing","grocery",1,1,0,"midday"
64,501,96,405,"weekday","beforelunch","leisure","unknown","restaurant",0,1,0,"midday"
64,505,100,405,"weekday","beforelunch","travelling","hot","restaurant",0,1,0,"midday"
64,507,102,405,"weekday","lunch","travelling","warm","restaurant",0,1,0,"midday"
64,510,105,405,"weekend","afternoon","travelling","unknown","restaurant",1,1,0,"midday"
64,514,109,405,"weekday","beforelunch","travelling","hot","grocery",0,1,0,"midday"
64,522,117,405,"weekday","morning","unknown","cold","grocery",0,1,1,"morning"
64,524,119,405,"weekday","evening","travelling","cold","grocery",0,1,1,"night"
64,528,123,405,"weekday","dinner","shopping","unknown","grocery",1,1,1,"night"
64,530,125,405,"weekend","afternoon","unknown","unknown","restaurant",0,1,1,"midday"
64,533,128,405,"weekday","beforelunch","working","warm","grocery",1,1,1,"midday"
64,534,129,405,"weekend","lunch","travelling","warm","restaurant",0,1,1,"midday"
64,535,130,405,"weekday","night","unknown","cold","grocery",0,1,1,"night"
64,537,132,405,"weekday","lunch","travelling","hot","grocery",0,1,1,"midday"
64,542,137,405,"unknown","beforelunch","travelling","unknown","restaurant",0,1,1,"midday"
64,543,138,405,"weekday","breakfast","working","freezing","grocery",0,1,1,"morning"
64,546,141,405,"weekday","lunch","travelling","freezing","restaurant",1,1,1,"midday"
64,547,142,405,"weekday","dinner","shopping","unknown","grocery",0,1,1,"night"
64,550,145,405,"weekday","morning","travelling","freezing","grocery",0,1,1,"morning"
64,555,150,405,"weekday","afternoon","working","unknown","restaurant",0,1,1,"midday"
64,557,152,405,"weekend","morning","unknown","warm","grocery",0,1,1,"morning"
64,561,156,405,"weekend","afternoon","travelling","cold","grocery",1,1,1,"midday"
64,562,157,405,"weekday","afternoon","travelling","unknown","grocery",1,1,1,"midday"
64,563,158,405,"weekday","lunch","working","unknown","restaurant",0,1,1,"midday"
64,564,159,405,"weekday","afternoon","travelling","freezing","grocery",0,1,1,"midday"
64,567,162,405,"weekend","lunch","shopping","unknown","restaurant",0,1,1,"midday"
64,569,164,405,"weekday","breakfast","shopping","freezing","grocery",0,1,1,"morning"
64,576,171,405,"weekday","afternoon","working","cold","restaurant",0,1,1,"midday"
64,578,173,405,"weekday","morning","leisure","freezing","restaurant",1,1,1,"morning"
64,581,176,405,"weekday","morning","shopping","hot","grocery",0,1,1,"morning"
64,582,177,405,"unknown","lunch","travelling","cold","grocery",0,1,1,"midday"
64,583,178,405,"weekday","lunch","travelling","cold","grocery",0,1,1,"midday"
64,588,183,405,"weekday","morning","travelling","unknown","grocery",0,1,1,"morning"
65,516,103,413,"weekday","beforelunch","working","freezing","restaurant",1,1,0,"midday"
65,519,106,413,"weekend","breakfast","travelling","unknown","restaurant",0,1,0,"morning"
65,562,149,413,"weekday","beforelunch","travelling","warm","restaurant",1,1,1,"midday"
65,567,154,413,"weekend","dinner","unknown","cold","grocery",0,1,1,"night"
65,583,170,413,"weekend","beforelunch","unknown","warm","restaurant",0,1,1,"midday"
66,426,4,422,"weekend","breakfast","morningrituals","warm","restaurant",0,0,0,"morning"
66,427,5,422,"weekend","lunch","travelling","unknown","grocery",0,0,0,"midday"
66,428,6,422,"weekend","beforelunch","unknown","cold","grocery",0,0,0,"midday"
66,436,14,422,"weekday","afternoon","unknown","freezing","restaurant",0,0,0,"midday"
66,438,16,422,"weekday","afternoon","travelling","cold","restaurant",0,0,0,"midday"
66,449,27,422,"weekday","beforelunch","shopping","cold","grocery",0,0,0,"midday"
66,453,31,422,"weekend","afternoon","working","warm","restaurant",0,0,0,"midday"
66,454,32,422,"weekday","morning","leisure","hot","grocery",0,0,0,"morning"
66,459,37,422,"weekday","lunch","shopping","freezing","restaurant",1,0,0,"midday"
66,461,39,422,"weekday","unknown","unknown","hot","grocery",0,0,0,"unknown"
66,463,41,422,"weekday","afternoon","travelling","unknown","grocery",0,0,0,"midday"
66,471,49,422,"weekend","beforelunch","working","freezing","restaurant",1,0,0,"midday"
66,474,52,422,"weekday","afternoon","travelling","freezing","grocery",1,0,0,"midday"
66,478,56,422,"weekday","lunch","travelling","cold","restaurant",0,0,0,"midday"
66,480,58,422,"weekday","beforelunch","travelling","freezing","restaurant",0,1,0,"midday"
66,484,62,422,"weekday","breakfast","leisure","cold","restaurant",0,1,0,"morning"
66,488,66,422,"weekday","beforelunch","morningrituals","warm","restaurant",0,1,0,"midday"
66,490,68,422,"weekday","dinner","travelling","freezing","grocery",0,1,0,"night"
66,491,69,422,"weekday","unknown","unknown","cold","restaurant",1,1,0,"unknown"
66,497,75,422,"weekday","lunch","travelling","unknown","restaurant",1,1,0,"midday"
66,501,79,422,"weekend","beforelunch","travelling","warm","grocery",1,1,0,"midday"
66,504,82,422,"weekend","breakfast","shopping","freezing","restaurant",1,1,0,"morning"
66,508,86,422,"weekday","beforelunch","travelling","unknown","grocery",0,1,0,"midday"
66,512,90,422,"weekday","afternoon","working","unknown","restaurant",0,1,0,"midday"
66,514,92,422,"weekend","afternoon","travelling","unknown","restaurant",0,1,0,"midday"
66,515,93,422,"weekday","dinner","travelling","unknown","restaurant",1,1,0,"night"
66,516,94,422,"weekday","beforelunch","unknown","warm","grocery",0,1,0,"midday"
66,518,96,422,"weekend","beforelunch","morningrituals","cold","grocery",0,1,0,"midday"
66,523,101,422,"weekend","lunch","morningrituals","cold","restaurant",0,1,0,"midday"
66,529,107,422,"weekday","lunch","travelling","unknown","restaurant",0,1,0,"midday"
66,532,110,422,"weekday","afternoon","travelling","warm","grocery",0,1,0,"midday"
66,533,111,422,"weekday","beforelunch","shopping","warm","restaurant",0,1,0,"midday"
66,537,115,422,"weekday","lunch","travelling","cold","grocery",0,1,1,"midday"
66,538,116,422,"weekday","breakfast","travelling","cold","grocery",0,1,1,"morning"
66,541,119,422,"weekday","beforelunch","travelling","unknown","grocery",0,1,1,"midday"
66,556,134,422,"weekday","lunch","travelling","cold","restaurant",0,1,1,"midday"
66,560,138,422,"weekday","beforelunch","morningrituals","warm","restaurant",0,1,1,"midday"
66,561,139,422,"weekday","lunch","leisure","cold","grocery",1,1,1,"midday"
66,563,141,422,"weekday","lunch","travelling","freezing","restaurant",0,1,1,"midday"
66,564,142,422,"weekday","lunch","travelling","cold","grocery",0,1,1,"midday"
66,568,146,422,"weekday","afternoon","travelling","cold","restaurant",0,1,1,"midday"
66,570,148,422,"unknown","afternoon","working","cold","restaurant",0,1,1,"midday"
66,571,149,422,"weekday","beforelunch","travelling","cold","grocery",0,1,1,"midday"
66,572,150,422,"weekday","beforelunch","travelling","unknown","restaurant",0,1,1,"midday"
66,581,159,422,"weekend","beforelunch","travelling","freezing","grocery",0,1,1,"midday"
66,582,160,422,"weekday","afternoon","travelling","unknown","grocery",1,1,1,"midday"
66,586,164,422,"weekday","afternoon","leisure","cold","grocery",1,1,1,"midday"
66,593,171,422,"weekday","breakfast","travelling","warm","restaurant",0,1,1,"morning"
66,600,178,422,"weekday","beforelunch","unknown","unknown","restaurant",0,1,1,"midday"
66,603,181,422,"weekend","lunch","travelling","cold","restaurant",1,1,1,"midday"
67,435,0,435,"weekday","lunch","working","freezing","restaurant",0,0,0,"midday"
67,436,1,435,"weekday","afternoon","working","unknown","restaurant",0,0,0,"midday"
67,441,6,435,"weekday","beforelunch","travelling","cold","grocery",0,0,0,"midday"
67,444,9,435,"weekend","evening","travelling","warm","grocery",0,0,0,"night"
67,445,10,435,"weekday","beforelunch","shopping","warm","grocery",0,0,0,"midday"
67,447,12,435,"weekday","breakfast","working","freezing","restaurant",0,0,0,"morning"
67,449,14,435,"weekday","lunch","travelling","unknown","grocery",0,0,0,"midday"
67,453,18,435,"weekday","lunch","leisure","warm","grocery",1,0,0,"midday"
67,454,19,435,"weekend","lunch","travelling","cold","grocery",0,0,0,"midday"
67,455,20,435,"weekday","afternoon","unknown","freezing","restaurant",1,0,0,"midday"
67,456,21,435,"weekend","lunch","working","unknown","restaurant",1,0,0,"midday"
67,457,22,435,"weekday","earlymorning","travelling","unknown","grocery",0,0,0,"morning"
67,458,23,435,"weekend","beforelunch","working","freezing","restaurant",0,0,0,"midday"
67,459,24,435,"weekend","lunch","morningrituals","warm","restaurant",0,0,0,"midday"
67,461,26,435,"weekday","lunch","working","unknown","grocery",0,0,0,"midday"
67,463,28,435,"weekday","lunch","travelling","cold","restaurant",0,0,0,"midday"
67,465,30,435,"weekday","afternoon","travelling","freezing","grocery",1,0,0,"midday"
67,468,33,435,"weekday","afternoon","leisure","unknown","restaurant",0,0,0,"midday"
67,470,35,435,"weekday","breakfast","unknown","freezing","restaurant",1,0,0,"morning"
67,472,37,435,"weekend","afternoon","travelling","unknown","restaurant",0,0,0,"midday"
67,473,38,435,"weekday","lunch","working","cold","restaurant",0,0,0,"midday"
67,474,39,435,"weekday","lunch","travelling","cold","restaurant",0,0,0,"midday"
67,475,40,435,"weekend","night","shopping","unknown","grocery",0,0,0,"night"
67,477,42,435,"weekday","beforelunch","travelling","freezing","grocery",0,0,0,"midday"
67,480,45,435,"weekday","afternoon","shopping","cold","restaurant",0,0,0,"midday"
67,481,46,435,"weekend","afternoon","working","unknown","restaurant",0,0,0,"midday"
67,483,48,435,"weekday","afternoon","travelling","freezing","restaurant",1,0,0,"midday"
67,484,49,435,"weekend","afternoon","shopping","freezing","grocery",0,0,0,"midday"
67,486,51,435,"weekday","earlymorning","travelling","warm","restaurant",0,0,0,"morning"
67,488,53,435,"weekend","night","shopping","warm","restaurant",0,0,0,"night"
67,491,56,435,"weekday","dinner","travelling","freezing","restaurant",0,0,0,"night"
67,492,57,435,"weekend","lunch","morningrituals","unknown","restaurant",1,1,0,"midday"
67,493,58,435,"weekday","afternoon","travelling","unknown","restaurant",0,1,0,"midday"
67,495,60,435,"weekday","dinner","housework","warm","restaurant",0,1,0,"night"
67,497,62,435,"weekday","beforelunch","travelling","unknown","restaurant",0,1,0,"midday"
67,500,65,435,"weekday","afternoon","travelling","cold","grocery",0,1,0,"midday"
67,502,67,435,"weekday","afternoon","travelling","cold","restaurant",0,1,0,"midday"
67,505,70,435,"weekend","beforelunch","travelling","cold","grocery",0,1,0,"midday"
67,506,71,435,"weekday","breakfast","shopping","hot","restaurant",1,1,0,"morning"
67,508,73,435,"weekday","beforelunch","travelling","cold","restaurant",1,1,0,"midday"
67,509,74,435,"weekday","afternoon","working","cold","grocery",1,1,0,"midday"
67,512,77,435,"weekday","breakfast","shopping","cold","grocery",0,1,0,"morning"
67,513,78,435,"weekend","afternoon","unknown","unknown","grocery",0,1,0,"midday"
67,514,79,435,"weekend","lunch","unknown","cold","restaurant",1,1,0,"midday"
67,515,80,435,"weekday","afternoon","travelling","unknown","grocery",0,1,0,"midday"
67,520,85,435,"weekday","beforelunch","morningrituals","unknown","restaurant",0,1,0,"midday"
67,521,86,435,"weekday","afternoon","travelling","hot","grocery",0,1,0,"midday"
67,523,88,435,"weekday","breakfast","morningrituals","warm","restaurant",0,1,0,"morning"
67,526,91,435,"weekday","afternoon","travelling","hot","grocery",0,1,0,"midday"
67,528,93,435,"weekday","beforelunch","travelling","freezing","grocery",0,1,0,"midday"
67,531,96,435,"weekday","lunch","leisure","freezing","restaurant",0,1,0,"midday"
67,533,98,435,"weekday","beforelunch","travelling","freezing","grocery",1,1,0,"midday"
67,536,101,435,"weekday","beforelunch","travelling","cold","grocery",0,1,0,"midday"
67,537,102,435,"weekend","evening","travelling","freezing","restaurant",1,1,0,"night"
67,539,104,435,"weekday","afternoon","travelling","warm","restaurant",0,1,0,"midday"
67,540,105,435,"weekday","afternoon","working","cold","grocery",0,1,0,"midday"
67,542,107,435,"weekday","afternoon","morningrituals","cold","grocery",1,1,0,"midday"
67,543,108,435,"weekday","night","working","cold","restaurant",1,1,0,"night"
67,544,109,435,"weekday","afternoon","unknown","freezing","restaurant",0,1,0,"midday"
67,547,112,435,"weekday","afternoon","unknown","cold","grocery",0,1,0,"midday"
67,550,115,435,"weekday","lunch","unknown","freezing","grocery",0,1,1,"midday"
67,553,118,435,"weekday","afternoon","travelling","unknown","restaurant",1,1,1,"midday"
67,556,121,435,"weekend","afternoon","travelling","hot","grocery",1,1,1,"midday"
67,559,124,435,"weekday","lunch","travelling","unknown","grocery",0,1,1,"midday"
67,561,126,435,"weekday","breakfast","travelling","cold","grocery",0,1,1,"morning"
67,563,128,435,"weekday","lunch","unknown","hot","grocery",0,1,1,"midday"
67,564,129,435,"weekday","afternoon","working","warm","grocery",1,1,1,"midday"
67,569,134,435,"weekday","lunch","travelling","cold","grocery",0,1,1,"midday"
67,570,135,435,"weekend","afternoon","morningrituals","warm","restaurant",0,1,1,"midday"
67,571,136,435,"weekend","breakfast","travelling","unknown","restaurant",0,1,1,"morning"
67,572,137,435,"weekday","afternoon","travelling","warm","grocery",0,1,1,"midday"
67,573,138,435,"weekend","breakfast","travelling","warm","grocery",0,1,1,"morning"
67,575,140,435,"weekday","afternoon","travelling","cold","restaurant",1,1,1,"midday"
67,577,142,435,"weekend","night","unknown","warm","grocery",0,1,1,"night"
67,580,145,435,"weekday","lunch","unknown","warm","grocery",0,1,1,"midday"
67,582,147,435,"weekday","night","travelling","cold","grocery",0,1,1,"night"
67,583,148,435,"weekday","beforelunch","working","unknown","restaurant",1,1,1,"midday"
67,584,149,435,"weekday","afternoon","travelling","freezing","restaurant",0,1,1,"midday"
67,587,152,435,"weekend","afternoon","morningrituals","freezing","restaurant",0,1,1,"midday"
67,590,155,435,"weekend","night","travelling","cold","restaurant",0,1,1,"night"
67,592,157,435,"weekday","breakfast","unknown","freezing","restaurant",0,1,1,"morning"
67,594,159,435,"weekday","afternoon","travelling","cold","restaurant",1,1,1,"midday"
67,596,161,435,"weekday","afternoon","travelling","cold","grocery",1,1,1,"midday"
67,597,162,435,"weekday","unknown","travelling","freezing","grocery",1,1,1,"unknown"
67,599,164,435,"weekday","morning","working","freezing","restaurant",0,1,1,"morning"
67,600,165,435,"unknown","beforelunch","travelling","cold","grocery",0,1,1,"midday"
67,601,166,435,"weekday","dinner","unknown","hot","restaurant",0,1,1,"night"
67,602,167,435,"weekday","beforelunch","travelling","freezing","restaurant",1,1,1,"midday"
67,603,168,435,"weekday","earlymorning","travelling","cold","restaurant",1,1,1,"morning"
67,605,170,435,"weekday","earlymorning","travelling","warm","restaurant",0,1,1,"morning"
67,608,173,435,"weekday","morning","unknown","freezing","grocery",1,1,1,"morning"
67,609,174,435,"weekday","beforelunch","leisure","warm","restaurant",0,1,1,"midday"
67,610,175,435,"weekday","lunch","travelling","unknown","restaurant",0,1,1,"midday"
67,611,176,435,"weekend","night","shopping","warm","grocery",0,1,1,"night"
67,612,177,435,"weekend","breakfast","shopping","unknown","restaurant",1,1,1,"morning"
67,614,179,435,"weekday","afternoon","travelling","cold","grocery",1,1,1,"midday"
67,615,180,435,"weekday","beforelunch","travelling","unknown","grocery",0,1,1,"midday"
68,445,0,445,"weekday","lunch","travelling","cold","grocery",0,0,0,"midday"
68,447,2,445,"weekday","afternoon","travelling","cold","restaurant",0,0,0,"midday"
68,448,3,445,"weekend","beforelunch","unknown","unknown","grocery",0,0,0,"midday"
68,450,5,445,"unknown","afternoon","travelling","freezing","grocery",0,0,0,"midday"
68,453,8,445,"weekday","afternoon","travelling","warm","restaurant",0,0,0,"midday"
68,456,11,445,"weekday","breakfast","working","freezing","restaurant",0,0,0,"morning"
68,463,18,445,"weekday","morning","travelling","cold","restaurant",1,0,0,"morning"
68,468,23,445,"weekend","breakfast","unknown","warm","restaurant",1,0,0,"morning"
68,469,24,445,"weekday","evening","travelling","unknown","restaurant",1,0,0,"night"
68,470,25,445,"weekday","afternoon","leisure","cold","grocery",0,0,0,"midday"
68,471,26,445,"weekend","lunch","travelling","hot","restaurant",1,0,0,"midday"
68,472,27,445,"weekday","afternoon","working","freezing","grocery",1,0,0,"midday"
68,475,30,445,"weekend","breakfast","travelling","freezing","grocery",1,0,0,"morning"
68,478,33,445,"weekday","afternoon","travelling","freezing","restaurant",1,0,0,"midday"
68,480,35,445,"weekday","breakfast","shopping","warm","restaurant",0,0,0,"morning"
68,483,38,445,"weekday","afternoon","travelling","cold","restaurant",0,0,0,"midday"
68,485,40,445,"weekday","afternoon","travelling","cold","restaurant",0,0,0,"midday"
68,486,41,445,"weekend","lunch","leisure","cold","grocery",0,0,0,"midday"
68,488,43,445,"weekday","afternoon","travelling","warm","restaurant",1,0,0,"midday"
68,489,44,445,"weekday","afternoon","working","cold","restaurant",0,0,0,"midday"
68,490,45,445,"weekday","lunch","travelling","hot","restaurant",1,0,0,"midday"
68,494,49,445,"weekday","breakfast","travelling","warm","restaurant",0,0,0,"morning"
68,496,51,445,"weekday","lunch","leisure","cold","restaurant",0,0,0,"midday"
68,497,52,445,"weekend","morning","unknown","unknown","grocery",0,0,0,"morning"
68,498,53,445,"weekday","lunch","working","hot","grocery",0,0,0,"midday"
68,499,54,445,"weekend","lunch","working","cold","restaurant",1,0,0,"midday"
68,503,58,445,"weekday","beforelunch","travelling","warm","grocery",0,1,0,"midday"
68,506,61,445,"weekday","night","travelling","freezing","restaurant",1,1,0,"night"
68,513,68,445,"weekend","afternoon","shopping","hot","grocery",0,1,0,"midday"
68,514,69,445,"weekend","afternoon","travelling","freezing","grocery",0,1,0,"midday"
68,517,72,445,"weekday","breakfast","unknown","unknown","restaurant",1,1,0,"morning"
68,520,75,445,"weekday","dinner","working","cold","restaurant",0,1,0,"night"
68,527,82,445,"weekend","afternoon","travelling","cold","grocery",1,1,0,"midday"
68,530,85,445,"weekday","morning","travelling","warm","grocery",1,1,0,"morning"
68,544,99,445,"weekday","afternoon","travelling","cold","grocery",0,1,0,"midday"
68,549,104,445,"weekend","dinner","travelling","freezing","restaurant",1,1,0,"night"
68,551,106,445,"weekday","lunch","leisure","warm","grocery",1,1,0,"midday"
68,561,116,445,"weekday","earlymorning","travelling","cold","grocery",1,1,1,"morning"
68,565,120,445,"weekday","lunch","travelling","unknown","restaurant",0,1,1,"midday"
68,569,124,445,"weekday","lunch","travelling","freezing","restaurant",0,1,1,"midday"
68,574,129,445,"weekend","afternoon","working","freezing","restaurant",1,1,1,"midday"
68,576,131,445,"weekday","afternoon","working","freezing","restaurant",0,1,1,"midday"
68,578,133,445,"weekday","afternoon","unknown","unknown","grocery",0,1,1,"midday"
68,582,137,445,"weekend","lunch","leisure","hot","grocery",0,1,1,"midday"
68,583,138,445,"weekend","morning","travelling","cold","grocery",1,1,1,"morning"
68,584,139,445,"weekday","morning","travelling","warm","restaurant",0,1,1,"morning"
68,591,146,445,"weekday","afternoon","leisure","cold","grocery",0,1,1,"midday"
68,596,151,445,"weekend","lunch","unknown","cold","grocery",0,1,1,"midday"
68,604,159,445,"weekday","breakfast","unknown","unknown","restaurant",1,1,1,"morning"
68,605,160,445,"weekday","beforelunch","working","unknown","grocery",0,1,1,"midday"
68,618,173,445,"weekday","afternoon","unknown","cold","grocery",1,1,1,"midday"
68,619,174,445,"weekday","lunch","travelling","warm","restaurant",0,1,1,"midday"
68,627,182,445,"weekday","afternoon","travelling","freezing","restaurant",0,1,1,"midday"
69,451,1,450,"unknown","night","travelling","freezing","restaurant",1,0,0,"night"
69,455,5,450,"weekend","night","travelling","unknown","restaurant",0,0,0,"night"
69,458,8,450,"weekend","beforelunch","travelling","unknown","grocery",0,0,0,"midday"
69,460,10,450,"weekday","earlymorning","unknown","unknown","restaurant",1,0,0,"morning"
69,466,16,450,"weekend","breakfast","unknown","hot","restaurant",0,0,0,"morning"
69,471,21,450,"weekday","morning","travelling","cold","grocery",0,0,0,"morning"
69,472,22,450,"weekday","lunch","unknown","hot","grocery",1,0,0,"midday"
69,473,23,450,"weekday","lunch","shopping","freezing","restaurant",1,0,0,"midday"
69,480,30,450,"weekday","lunch","shopping","cold","grocery",1,0,0,"midday"
69,487,37,450,"weekday","beforelunch","travelling","warm","grocery",0,0,0,"midday"
69,488,38,450,"weekday","earlymorning","working","warm","restaurant",0,0,0,"morning"
69,494,44,450,"weekday","beforelunch","shopping","cold","restaurant",0,0,0,"midday"
69,495,45,450,"weekend","afternoon","travelling","warm","grocery",1,0,0,"midday"
69,499,49,450,"weekend","beforelunch","unknown","unknown","restaurant",0,0,0,"midday"
69,500,50,450,"unknown","lunch","travelling","freezing","grocery",0,0,0,"midday"
69,501,51,450,"weekend","morning","unknown","unknown","grocery",0,0,0,"morning"
69,502,52,450,"weekday","afternoon","morningrituals","hot","grocery",1,0,0,"midday"
69,506,56,450,"weekday","lunch","travelling","freezing","grocery",0,0,0,"midday"
69,507,57,450,"weekend","lunch","travelling","cold","restaurant",0,1,0,"midday"
69,513,63,450,"unknown","night","unknown","hot","grocery",0,1,0,"night"
69,517,67,450,"weekday","afternoon","workingout","unknown","restaurant",0,1,0,"midday"
69,519,69,450,"weekday","afternoon","travelling","cold","restaurant",0,1,0,"midday"
69,520,70,450,"weekday","lunch","unknown","cold","restaurant",0,1,0,"midday"
69,523,73,450,"weekend","lunch","travelling","hot","grocery",1,1,0,"midday"
69,529,79,450,"weekend","afternoon","working","warm","grocery",0,1,0,"midday"
69,537,87,450,"weekday","afternoon","travelling","cold","restaurant",0,1,0,"midday"
69,541,91,450,"weekday","beforelunch","travelling","hot","grocery",0,1,0,"midday"
69,545,95,450,"weekday","afternoon","travelling","unknown","grocery",1,1,0,"midday"
69,556,106,450,"weekend","latenight","unknown","cold","restaurant",0,1,0,"night"
69,557,107,450,"weekday","beforelunch","travelling","cold","grocery",0,1,0,"midday"
69,558,108,450,"weekday","afternoon","travelling","freezing","grocery",1,1,0,"midday"
69,559,109,450,"weekday","lunch","leisure","cold","grocery",0,1,0,"midday"
69,563,113,450,"weekday","afternoon","travelling","warm","grocery",0,1,1,"midday"
69,566,116,450,"weekday","afternoon","shopping","unknown","grocery",0,1,1,"midday"
69,568,118,450,"weekday","afternoon","working","freezing","grocery",1,1,1,"midday"
69,569,119,450,"weekday","dinner","travelling","freezing","grocery",0,1,1,"night"
69,570,120,450,"weekend","afternoon","working","cold","grocery",0,1,1,"midday"
69,571,121,450,"weekday","dinner","travelling","cold","restaurant",0,1,1,"night"
69,573,123,450,"weekday","afternoon","travelling","cold","grocery",1,1,1,"midday"
69,577,127,450,"weekday","afternoon","travelling","cold","restaurant",0,1,1,"midday"
69,582,132,450,"weekend","afternoon","travelling","unknown","grocery",0,1,1,"midday"
69,583,133,450,"weekday","breakfast","travelling","freezing","grocery",0,1,1,"morning"
69,591,141,450,"weekend","lunch","travelling","freezing","grocery",0,1,1,"midday"
69,594,144,450,"weekday","lunch","travelling","cold","grocery",0,1,1,"midday"
69,597,147,450,"weekday","breakfast","shopping","cold","grocery",1,1,1,"morning"
69,598,148,450,"weekday","earlymorning","travelling","warm","restaurant",0,1,1,"morning"
69,606,156,450,"weekday","beforelunch","travelling","cold","restaurant",0,1,1,"midday"
69,609,159,450,"weekend","beforelunch","travelling","unknown","grocery",0,1,1,"midday"
69,614,164,450,"weekend","evening","unknown","cold","restaurant",0,1,1,"night"
69,617,167,450,"weekday","afternoon","unknown","warm","restaurant",0,1,1,"midday"
69,625,175,450,"weekday","afternoon","morningrituals","unknown","grocery",0,1,1,"midday"
69,627,177,450,"weekend","afternoon","unknown","cold","restaurant",0,1,1,"midday"
69,633,183,450,"weekday","morning","leisure","cold","grocery",0,1,1,"morning"
70,488,33,455,"weekday","lunch","unknown","freezing","restaurant",0,0,0,"midday"
70,492,37,455,"weekday","beforelunch","working","unknown","grocery",0,0,0,"midday"
70,557,102,455,"weekend","afternoon","travelling","unknown","grocery",0,1,0,"midday"
70,581,126,455,"weekday","lunch","travelling","freezing","grocery",1,1,1,"midday"
70,588,133,455,"weekday","lunch","travelling","freezing","grocery",0,1,1,"midday"
70,601,146,455,"weekend","unknown","working","freezing","grocery",0,1,1,"unknown"
70,604,149,455,"weekday","lunch","travelling","hot","restaurant",1,1,1,"midday"
70,608,153,455,"weekday","afternoon","shopping","cold","grocery",0,1,1,"midday"
70,628,173,455,"weekday","afternoon","travelling","warm","grocery",0,1,1,"midday"
70,629,174,455,"unknown","lunch","working","cold","restaurant",0,1,1,"midday"
71,462,0,462,"weekday","dinner","travelling","cold","grocery",0,0,0,"night"
71,464,2,462,"weekday","afternoon","unknown","warm","restaurant",0,0,0,"midday"
71,466,4,462,"weekend","lunch","travelling","freezing","grocery",1,0,0,"midday"
71,473,11,462,"weekday","afternoon","leisure","freezing","grocery",0,0,0,"midday"
71,476,14,462,"weekend","morning","travelling","warm","grocery",0,0,0,"morning"
71,479,17,462,"weekday","night","unknown","unknown","grocery",0,0,0,"night"
71,480,18,462,"weekend","unknown","unknown","cold","grocery",0,0,0,"unknown"
71,481,19,462,"weekday","lunch","leisure","warm","grocery",1,0,0,"midday"
71,482,20,462,"weekday","afternoon","travelling","freezing","grocery",0,0,0,"midday"
71,486,24,462,"weekday","beforelunch","travelling","freezing","grocery",0,0,0,"midday"
71,487,25,462,"weekend","breakfast","travelling","cold","grocery",0,0,0,"morning"
71,490,28,462,"weekday","afternoon","travelling","cold","restaurant",0,0,0,"midday"
71,492,30,462,"weekday","afternoon","working","cold","grocery",0,0,0,"midday"
71,497,35,462,"weekday","evening","morningrituals","cold","grocery",0,0,0,"night"
71,501,39,462,"weekday","morning","travelling","cold","grocery",0,0,0,"morning"
71,505,43,462,"weekday","afternoon","travelling","cold","restaurant",1,0,0,"midday"
71,517,55,462,"weekday","breakfast","morningrituals","cold","restaurant",1,0,0,"morning"
71,520,58,462,"weekday","beforelunch","travelling","warm","restaurant",0,1,0,"midday"
71,521,59,462,"weekend","afternoon","unknown","cold","restaurant",1,1,0,"midday"
71,523,61,462,"weekday","afternoon","travelling","freezing","grocery",0,1,0,"midday"
71,526,64,462,"weekday","afternoon","travelling","freezing","restaurant",0,1,0,"midday"
71,529,67,462,"weekday","morning","unknown","hot","grocery",0,1,0,"morning"
71,530,68,462,"weekend","beforelunch","travelling","freezing","grocery",0,1,0,"midday"
71,531,69,462,"weekday","afternoon","travelling","cold","grocery",1,1,0,"midday"
71,534,72,462,"weekday","afternoon","travelling","warm","grocery",0,1,0,"midday"
71,539,77,462,"weekend","beforelunch","travelling","warm","restaurant",0,1,0,"midday"
71,542,80,462,"weekday","afternoon","travelling","freezing","restaurant",0,1,0,"midday"
71,552,90,462,"weekend","afternoon","travelling","cold","grocery",0,1,0,"midday"
71,554,92,462,"weekend","afternoon","working","freezing","grocery",0,1,0,"midday"
71,556,94,462,"weekend","evening","travelling","unknown","restaurant",1,1,0,"night"
71,557,95,462,"weekend","afternoon","shopping","unknown","restaurant",0,1,0,"midday"
71,562,100,462,"weekday","afternoon","travelling","unknown","grocery",1,1,0,"midday"
71,563,101,462,"weekday","afternoon","travelling","warm","grocery",0,1,0,"midday"
71,564,102,462,"weekend","beforelunch","travelling","hot","restaurant",0,1,0,"midday"
71,569,107,462,"weekday","unknown","travelling","warm","restaurant",1,1,0,"unknown"
71,572,110,462,"weekday","lunch","travelling","hot","grocery",1,1,0,"midday"
71,573,111,462,"weekday","beforelunch","travelling","cold","grocery",0,1,0,"midday"
71,574,112,462,"weekday","dinner","morningrituals","unknown","grocery",0,1,0,"night"
71,576,114,462,"weekend","afternoon","travelling","freezing","grocery",0,1,1,"midday"
71,585,123,462,"weekday","lunch","morningrituals","unknown","grocery",0,1,1,"midday"
71,588,126,462,"weekday","beforelunch","unknown","unknown","restaurant",0,1,1,"midday"
71,589,127,462,"weekday","night","travelling","warm","restaurant",0,1,1,"night"
71,592,130,462,"weekend","breakfast","working","warm","restaurant",1,1,1,"morning"
71,602,140,462,"weekday","afternoon","working","cold","restaurant",0,1,1,"midday"
71,604,142,462,"weekday","breakfast","leisure","cold","restaurant",0,1,1,"morning"
71,607,145,462,"weekend","afternoon","travelling","cold","grocery",1,1,1,"midday"
71,610,148,462,"weekend","lunch","shopping","cold","grocery",0,1,1,"midday"
71,613,151,462,"weekend","beforelunch","unknown","hot","grocery",0,1,1,"midday"
71,614,152,462,"weekend","beforelunch","travelling","unknown","restaurant",0,1,1,"midday"
71,615,153,462,"weekday","breakfast","travelling","cold","grocery",1,1,1,"morning"
71,617,155,462,"weekend","afternoon","travelling","unknown","restaurant",0,1,1,"midday"
71,621,159,462,"weekday","beforelunch","leisure","freezing","grocery",0,1,1,"midday"
71,622,160,462,"weekday","afternoon","travelling","unknown","grocery",0,1,1,"midday"
71,626,164,462,"weekday","morning","travelling","hot","restaurant",1,1,1,"morning"
71,628,166,462,"weekday","afternoon","travelling","hot","grocery",0,1,1,"midday"
71,629,167,462,"weekday","beforelunch","travelling","unknown","restaurant",0,1,1,"midday"
71,631,169,462,"weekend","afternoon","unknown","cold","grocery",1,1,1,"midday"
71,636,174,462,"weekend","beforelunch","travelling","cold","grocery",0,1,1,"midday"
71,643,181,462,"weekend","afternoon","workingout","freezing","grocery",1,1,1,"midday"
71,644,182,462,"weekday","lunch","travelling","unknown","grocery",0,1,1,"midday"
72,467,0,467,"weekend","beforelunch","travelling","warm","grocery",0,0,0,"midday"
72,468,1,467,"weekend","unknown","unknown","freezing","restaurant",0,0,0,"unknown"
72,471,4,467,"weekday","lunch","travelling","cold","restaurant",1,0,0,"midday"
72,473,6,467,"weekday","lunch","travelling","cold","grocery",0,0,0,"midday"
72,476,9,467,"weekday","afternoon","shopping","cold","grocery",1,0,0,"midday"
72,477,10,467,"weekend","earlymorning","travelling","unknown","restaurant",0,0,0,"morning"
72,478,11,467,"weekday","lunch","working","unknown","restaurant",0,0,0,"midday"
72,479,12,467,"weekday","lunch","working","unknown","grocery",0,0,0,"midday"
72,480,13,467,"weekday","unknown","travelling","cold","grocery",0,0,0,"unknown"
72,482,15,467,"weekday","afternoon","travelling","freezing","grocery",1,0,0,"midday"
72,483,16,467,"weekday","beforelunch","travelling","freezing","grocery",1,0,0,"midday"
72,484,17,467,"weekday","afternoon","travelling","unknown","restaurant",1,0,0,"midday"
72,486,19,467,"weekday","lunch","travelling","cold","restaurant",0,0,0,"midday"
72,487,20,467,"weekend","beforelunch","travelling","cold","restaurant",0,0,0,"midday"
72,488,21,467,"weekday","afternoon","shopping","warm","restaurant",1,0,0,"midday"
72,489,22,467,"weekday","breakfast","travelling","freezing","restaurant",1,0,0,"morning"
72,490,23,467,"weekday","lunch","travelling","freezing","grocery",1,0,0,"midday"
72,491,24,467,"weekday","afternoon","unknown","warm","restaurant",1,0,0,"midday"
72,492,25,467,"weekday","afternoon","working","freezing","restaurant",0,0,0,"midday"
72,494,27,467,"weekend","breakfast","working","cold","grocery",1,0,0,"morning"
72,497,30,467,"weekday","morning","travelling","unknown","restaurant",0,0,0,"morning"
72,498,31,467,"weekday","afternoon","travelling","freezing","restaurant",1,0,0,"midday"
72,499,32,467,"weekday","lunch","travelling","unknown","restaurant",0,0,0,"midday"
72,501,34,467,"weekday","lunch","unknown","unknown","grocery",1,0,0,"midday"
72,502,35,467,"weekday","afternoon","travelling","cold","grocery",1,0,0,"midday"
72,503,36,467,"weekday","lunch","travelling","unknown","restaurant",1,0,0,"midday"
72,504,37,467,"weekday","afternoon","working","unknown","grocery",1,0,0,"midday"
72,505,38,467,"weekday","lunch","travelling","cold","restaurant",0,0,0,"midday"
72,506,39,467,"weekday","lunch","travelling","unknown","grocery",0,0,0,"midday"
72,510,43,467,"weekday","breakfast","travelling","freezing","restaurant",0,0,0,"morning"
72,511,44,467,"weekday","breakfast","unknown","hot","grocery",0,0,0,"morning"
72,512,45,467,"weekend","breakfast","travelling","freezing","grocery",1,0,0,"morning"
72,513,46,467,"weekday","unknown","leisure","cold","restaurant",0,0,0,"unknown"
72,514,47,467,"weekday","afternoon","unknown","warm","restaurant",0,0,0,"midday"
72,515,48,467,"weekday","beforelunch","unknown","cold","restaurant",0,0,0,"midday"
72,516,49,467,"weekend","lunch","unknown","freezing","restaurant",1,0,0,"midday"
72,517,50,467,"weekday","lunch","shopping","freezing","restaurant",0,0,0,"midday"
72,519,52,467,"weekday","afternoon","travelling","freezing","grocery",1,0,0,"midday"
72,520,53,467,"weekday","lunch","travelling","cold","grocery",1,0,0,"midday"
72,521,54,467,"weekday","afternoon","shopping","cold","restaurant",1,0,0,"midday"
72,524,57,467,"weekday","lunch","travelling","cold","restaurant",1,1,0,"midday"
72,526,59,467,"weekend","earlymorning","travelling","hot","restaurant",0,1,0,"morning"
72,529,62,467,"weekday","afternoon","shopping","cold","grocery",0,1,0,"midday"
72,532,65,467,"unknown","dinner","unknown","freezing","restaurant",1,1,0,"night"
72,533,66,467,"weekday","beforelunch","leisure","unknown","grocery",0,1,0,"midday"
72,536,69,467,"weekday","beforelunch","travelling","unknown","restaurant",1,1,0,"midday"
72,538,71,467,"weekday","lunch","travelling","freezing","restaurant",1,1,0,"midday"
72,540,73,467,"weekday","beforelunch","travelling","cold","restaurant",1,1,0,"midday"
72,541,74,467,"weekday","afternoon","travelling","warm","grocery",1,1,0,"midday"
72,542,75,467,"weekday","earlymorning","travelling","warm","restaurant",0,1,0,"morning"
72,543,76,467,"weekday","afternoon","unknown","freezing","grocery",0,1,0,"midday"
72,545,78,467,"weekday","breakfast","travelling","cold","restaurant",1,1,0,"morning"
72,546,79,467,"weekday","beforelunch","travelling","unknown","restaurant",0,1,0,"midday"
72,547,80,467,"weekday","lunch","leisure","cold","grocery",0,1,0,"midday"
72,549,82,467,"weekend","afternoon","shopping","freezing","restaurant",0,1,0,"midday"
72,550,83,467,"weekday","earlymorning","travelling","cold","restaurant",0,1,0,"morning"
72,552,85,467,"weekend","lunch","travelling","warm","restaurant",1,1,0,"midday"
72,555,88,467,"weekday","dinner","travelling","cold","grocery",0,1,0,"night"
72,557,90,467,"weekday","night","unknown","unknown","restaurant",0,1,0,"night"
72,558,91,467,"weekend","morning","morningrituals","cold","grocery",0,1,0,"morning"
72,559,92,467,"weekday","beforelunch","travelling","unknown","restaurant",0,1,0,"midday"
72,561,94,467,"weekday","afternoon","leisure","freezing","grocery",0,1,0,"midday"
72,563,96,467,"weekday","afternoon","travelling","warm","restaurant",0,1,0,"midday"
72,564,97,467,"weekend","lunch","travelling","warm","grocery",0,1,0,"midday"
72,566,99,467,"weekday","beforelunch","leisure","freezing","grocery",0,1,0,"midday"
72,567,100,467,"weekday","afternoon","travelling","warm","restaurant",0,1,0,"midday"
72,569,102,467,"weekday","beforelunch","travelling","cold","grocery",0,1,0,"midday"
72,576,109,467,"weekend","afternoon","travelling","cold","restaurant",0,1,0,"midday"
72,577,110,467,"weekday","dinner","travelling","freezing","grocery",0,1,0,"night"
72,578,111,467,"unknown","afternoon","unknown","hot","grocery",1,1,0,"midday"
72,579,112,467,"weekday","breakfast","unknown","unknown","restaurant",0,1,0,"morning"
72,580,113,467,"weekday","afternoon","travelling","cold","grocery",0,1,1,"midday"
72,581,114,467,"weekend","lunch","working","unknown","grocery",0,1,1,"midday"
72,583,116,467,"weekday","breakfast","travelling","freezing","grocery",1,1,1,"morning"
72,584,117,467,"weekday","afternoon","unknown","warm","restaurant",0,1,1,"midday"
72,587,120,467,"weekend","afternoon","travelling","cold","grocery",0,1,1,"midday"
72,590,123,467,"weekday","afternoon","travelling","cold","restaurant",0,1,1,"midday"
72,591,124,467,"weekend","lunch","travelling","unknown","grocery",0,1,1,"midday"
72,592,125,467,"weekday","night","travelling","cold","restaurant",0,1,1,"night"
72,593,126,467,"weekday","beforelunch","travelling","cold","restaurant",1,1,1,"midday"
72,596,129,467,"weekday","afternoon","travelling","cold","grocery",0,1,1,"midday"
72,597,130,467,"weekday","afternoon","unknown","warm","grocery",0,1,1,"midday"
72,599,132,467,"unknown","morning","unknown","hot","grocery",1,1,1,"morning"
72,601,134,467,"weekday","breakfast","leisure","hot","restaurant",0,1,1,"morning"
72,602,135,467,"weekday","breakfast","unknown","unknown","restaurant",1,1,1,"morning"
72,603,136,467,"weekday","lunch","working","freezing","grocery",0,1,1,"midday"
72,604,137,467,"weekend","morning","unknown","unknown","grocery",1,1,1,"morning"
72,607,140,467,"weekday","morning","leisure","cold","grocery",0,1,1,"morning"
72,608,141,467,"weekend","afternoon","leisure","warm","restaurant",0,1,1,"midday"
72,609,142,467,"weekday","breakfast","shopping","cold","grocery",0,1,1,"morning"
72,613,146,467,"weekday","beforelunch","travelling","cold","grocery",0,1,1,"midday"
72,614,147,467,"weekday","afternoon","travelling","unknown","restaurant",0,1,1,"midday"
72,615,148,467,"weekend","lunch","shopping","freezing","restaurant",0,1,1,"midday"
72,617,150,467,"weekday","beforelunch","working","unknown","restaurant",1,1,1,"midday"
72,618,151,467,"weekday","lunch","travelling","freezing","restaurant",1,1,1,"midday"
72,621,154,467,"weekday","beforelunch","leisure","warm","grocery",0,1,1,"midday"
72,622,155,467,"weekday","afternoon","travelling","freezing","restaurant",0,1,1,"midday"
72,623,156,467,"weekday","afternoon","travelling","hot","grocery",0,1,1,"midday"
72,624,157,467,"weekday","lunch","unknown","warm","restaurant",0,1,1,"midday"
72,625,158,467,"weekday","afternoon","travelling","unknown","grocery",0,1,1,"midday"
72,626,159,467,"weekend","night","unknown","freezing","grocery",0,1,1,"night"
72,628,161,467,"weekday","beforelunch","travelling","warm","grocery",0,1,1,"midday"
72,629,162,467,"weekday","afternoon","travelling","warm","grocery",0,1,1,"midday"
72,630,163,467,"weekday","beforelunch","unknown","freezing","restaurant",0,1,1,"midday"
72,632,165,467,"weekday","afternoon","shopping","hot","grocery",0,1,1,"midday"
72,635,168,467,"weekend","lunch","travelling","cold","grocery",1,1,1,"midday"
72,636,169,467,"weekday","unknown","shopping","cold","grocery",0,1,1,"unknown"
72,637,170,467,"weekday","morning","travelling","hot","grocery",0,1,1,"morning"
72,638,171,467,"weekend","beforelunch","leisure","freezing","restaurant",0,1,1,"midday"
72,639,172,467,"unknown","beforelunch","travelling","unknown","grocery",0,1,1,"midday"
72,641,174,467,"weekday","morning","travelling","unknown","restaurant",0,1,1,"morning"
72,643,176,467,"weekday","earlymorning","travelling","unknown","grocery",0,1,1,"morning"
72,644,177,467,"weekday","beforelunch","travelling","cold","grocery",0,1,1,"midday"
72,645,178,467,"weekday","beforelunch","working","cold","grocery",0,1,1,"midday"
72,646,179,467,"weekend","unknown","travelling","unknown","restaurant",0,1,1,"unknown"
72,647,180,467,"unknown","beforelunch","working","freezing","restaurant",0,1,1,"midday"
72,649,182,467,"weekday","breakfast","travelling","hot","grocery",1,1,1,"morning"
72,650,183,467,"weekday","afternoon","travelling","freezing","grocery",1,1,1,"midday"
73,471,2,469,"weekend","lunch","travelling","warm","grocery",0,0,0,"midday"
73,475,6,469,"weekday","afternoon","travelling","cold","grocery",1,0,0,"midday"
73,476,7,469,"weekend","beforelunch","travelling","warm","restaurant",0,0,0,"midday"
73,493,24,469,"weekend","breakfast","travelling","freezing","grocery",1,0,0,"morning"
73,494,25,469,"weekend","afternoon","travelling","unknown","restaurant",1,0,0,"midday"
73,495,26,469,"weekday","lunch","travelling","cold","restaurant",0,0,0,"midday"
73,496,27,469,"weekend","afternoon","travelling","hot","grocery",0,0,0,"midday"
73,501,32,469,"unknown","afternoon","shopping","warm","grocery",1,0,0,"midday"
73,505,36,469,"weekday","afternoon","travelling","freezing","restaurant",1,0,0,"midday"
73,506,37,469,"weekend","unknown","unknown","cold","restaurant",0,0,0,"unknown"
73,508,39,469,"weekday","afternoon","travelling","unknown","grocery",0,0,0,"midday"
73,510,41,469,"weekday","breakfast","travelling","warm","restaurant",0,0,0,"morning"
73,513,44,469,"weekend","lunch","travelling","freezing","restaurant",0,0,0,"midday"
73,514,45,469,"weekday","beforelunch","shopping","hot","grocery",0,0,0,"midday"
73,517,48,469,"weekend","afternoon","travelling","warm","restaurant",0,0,0,"midday"
73,527,58,469,"weekday","breakfast","unknown","cold","restaurant",0,1,0,"morning"
73,528,59,469,"weekday","lunch","unknown","freezing","restaurant",0,1,0,"midday"
73,534,65,469,"weekday","afternoon","shopping","unknown","grocery",0,1,0,"midday"
73,537,68,469,"weekday","afternoon","leisure","cold","grocery",0,1,0,"midday"
73,539,70,469,"weekday","beforelunch","unknown","freezing","grocery",0,1,0,"midday"
73,541,72,469,"weekend","morning","travelling","unknown","restaurant",1,1,0,"morning"
73,542,73,469,"weekend","afternoon","leisure","cold","restaurant",1,1,0,"midday"
73,547,78,469,"weekday","lunch","travelling","unknown","restaurant",0,1,0,"midday"
73,549,80,469,"weekday","breakfast","unknown","cold","grocery",0,1,0,"morning"
73,551,82,469,"weekday","breakfast","travelling","freezing","restaurant",0,1,0,"morning"
73,552,83,469,"weekday","lunch","morningrituals","unknown","grocery",1,1,0,"midday"
73,554,85,469,"weekday","lunch","travelling","cold","restaurant",1,1,0,"midday"
73,556,87,469,"weekday","afternoon","travelling","warm","restaurant",0,1,0,"midday"
73,561,92,469,"weekday","lunch","housework","warm","restaurant",1,1,0,"midday"
73,567,98,469,"weekend","morning","unknown","unknown","restaurant",1,1,0,"morning"
73,569,100,469,"weekday","evening","travelling","cold","restaurant",1,1,0,"night"
73,570,101,469,"weekend","unknown","travelling","cold","grocery",0,1,0,"unknown"
73,573,104,469,"weekend","night","travelling","hot","restaurant",0,1,0,"night"
73,575,106,469,"weekend","lunch","unknown","warm","restaurant",0,1,0,"midday"
73,577,108,469,"unknown","beforelunch","travelling","hot","restaurant",1,1,0,"midday"
73,582,113,469,"weekday","afternoon","travelling","unknown","grocery",0,1,1,"midday"
73,586,117,469,"weekday","breakfast","travelling","unknown","restaurant",0,1,1,"morning"
73,590,121,469,"weekday","afternoon","travelling","warm","grocery",1,1,1,"midday"
73,593,124,469,"weekend","beforelunch","travelling","cold","restaurant",0,1,1,"midday"
73,594,125,469,"weekend","breakfast","travelling","freezing","grocery",1,1,1,"morning"
73,600,131,469,"weekday","morning","travelling","hot","restaurant",0,1,1,"morning"
73,601,132,469,"weekday","lunch","travelling","warm","grocery",0,1,1,"midday"
73,603,134,469,"weekend","dinner","travelling","unknown","restaurant",1,1,1,"night"
73,610,141,469,"weekend","lunch","travelling","hot","restaurant",0,1,1,"midday"
73,622,153,469,"weekday","afternoon","travelling","hot","restaurant",1,1,1,"midday"
73,628,159,469,"weekday","beforelunch","travelling","cold","grocery",0,1,1,"midday"
73,640,171,469,"unknown","unknown","working","unknown","restaurant",0,1,1,"unknown"
73,646,177,469,"weekday","lunch","travelling","unknown","restaurant",0,1,1,"midday"
73,647,178,469,"weekend","night","travelling","unknown","grocery",1,1,1,"night"
73,648,179,469,"weekday","lunch","travelling","freezing","restaurant",0,1,1,"midday"
74,478,0,478,"weekend","afternoon","travelling","warm","restaurant",0,0,0,"midday"
74,479,1,478,"weekday","dinner","travelling","freezing","restaurant",0,0,0,"night"
74,481,3,478,"weekday","lunch","unknown","warm","grocery",1,0,0,"midday"
74,483,5,478,"weekend","lunch","working","unknown","restaurant",0,0,0,"midday"
74,486,8,478,"weekend","dinner","travelling","freezing","grocery",1,0,0,"night"
74,487,9,478,"weekend","lunch","unknown","unknown","grocery",1,0,0,"midday"
74,488,10,478,"weekend","afternoon","travelling","freezing","grocery",0,0,0,"midday"
74,489,11,478,"weekend","afternoon","travelling","freezing","restaurant",0,0,0,"midday"
74,490,12,478,"weekday","beforelunch","unknown","unknown","grocery",0,0,0,"midday"
74,491,13,478,"weekend","beforelunch","unknown","hot","restaurant",0,0,0,"midday"
74,492,14,478,"weekend","lunch","shopping","warm","restaurant",0,0,0,"midday"
74,494,16,478,"weekday","afternoon","shopping","cold","grocery",0,0,0,"midday"
74,495,17,478,"weekday","lunch","travelling","cold","restaurant",0,0,0,"midday"
74,501,23,478,"weekday","lunch","travelling","warm","restaurant",1,0,0,"midday"
74,502,24,478,"weekday","beforelunch","unknown","hot","restaurant",0,0,0,"midday"
74,503,25,478,"weekday","afternoon","unknown","cold","grocery",0,0,0,"midday"
74,504,26,478,"weekday","beforelunch","travelling","cold","grocery",0,0,0,"midday"
74,505,27,478,"weekday","lunch","leisure","hot","grocery",0,0,0,"midday"
74,506,28,478,"weekend","afternoon","working","unknown","grocery",0,0,0,"midday"
74,507,29,478,"weekday","afternoon","travelling","cold","restaurant",0,0,0,"midday"
74,508,30,478,"weekday","breakfast","working","warm","restaurant",0,0,0,"morning"
74,510,32,478,"weekend","afternoon","travelling","warm","restaurant",1,0,0,"midday"
74,511,33,478,"weekday","lunch","leisure","unknown","restaurant",0,0,0,"midday"
74,512,34,478,"weekday","lunch","unknown","freezing","restaurant",0,0,0,"midday"
74,514,36,478,"weekday","afternoon","unknown","unknown","restaurant",1,0,0,"midday"
74,515,37,478,"weekday","lunch","travelling","cold","grocery",0,0,0,"midday"
74,516,38,478,"weekday","lunch","morningrituals","cold","grocery",1,0,0,"midday"
74,517,39,478,"weekday","beforelunch","travelling","cold","restaurant",0,0,0,"midday"
74,518,40,478,"weekday","beforelunch","working","freezing","grocery",0,0,0,"midday"
74,519,41,478,"weekday","beforelunch","working","warm","grocery",1,0,0,"midday"
74,521,43,478,"weekday","lunch","unknown","cold","grocery",0,0,0,"midday"
74,522,44,478,"weekday","unknown","travelling","warm","restaurant",0,0,0,"unknown"
74,523,45,478,"weekday","dinner","travelling","freezing","restaurant",0,0,0,"night"
74,525,47,478,"weekday","afternoon","unknown","warm","restaurant",0,0,0,"midday"
74,528,50,478,"weekday","afternoon","travelling","cold","restaurant",0,0,0,"midday"
74,529,51,478,"weekday","beforelunch","working","cold","grocery",0,0,0,"midday"
74,531,53,478,"weekday","beforelunch","working","freezing","restaurant",0,0,0,"midday"
74,533,55,478,"unknown","lunch","working","cold","restaurant",0,0,0,"midday"
74,534,56,478,"weekday","lunch","travelling","cold","restaurant",0,0,0,"midday"
74,535,57,478,"weekday","afternoon","unknown","cold","restaurant",1,1,0,"midday"
74,536,58,478,"weekday","beforelunch","travelling","unknown","grocery",0,1,0,"midday"
74,537,59,478,"weekend","beforelunch","working","warm","grocery",0,1,0,"midday"
74,539,61,478,"weekday","breakfast","working","freezing","grocery",0,1,0,"morning"
74,540,62,478,"weekday","afternoon","travelling","cold","grocery",0,1,0,"midday"
74,543,65,478,"weekday","afternoon","travelling","unknown","grocery",0,1,0,"midday"
74,547,69,478,"weekend","lunch","leisure","cold","restaurant",0,1,0,"midday"
74,550,72,478,"weekday","afternoon","leisure","unknown","grocery",0,1,0,"midday"
74,552,74,478,"weekday","afternoon","travelling","unknown","grocery",0,1,0,"midday"
74,554,76,478,"weekday","dinner","travelling","hot","grocery",0,1,0,"night"
74,556,78,478,"weekday","afternoon","travelling","cold","restaurant",1,1,0,"midday"
74,557,79,478,"weekday","breakfast","unknown","warm","restaurant",0,1,0,"morning"
74,558,80,478,"weekday","afternoon","travelling","unknown","grocery",0,1,0,"midday"
74,560,82,478,"weekday","afternoon","working","cold","restaurant",1,1,0,"midday"
74,562,84,478,"weekend","afternoon","travelling","hot","restaurant",0,1,0,"midday"
74,563,85,478,"weekend","earlymorning","travelling","cold","grocery",0,1,0,"morning"
74,565,87,478,"weekend","lunch","travelling","freezing","restaurant",0,1,0,"midday"
74,567,89,478,"weekday","afternoon","travelling","unknown","restaurant",0,1,0,"midday"
74,568,90,478,"weekday","lunch","travelling","unknown","restaurant",0,1,0,"midday"
74,569,91,478,"weekday","lunch","shopping","cold","grocery",0,1,0,"midday"
74,571,93,478,"weekday","lunch","travelling","freezing","grocery",0,1,0,"midday"
74,572,94,478,"weekend","beforelunch","unknown","unknown","grocery",1,1,0,"midday"
74,573,95,478,"weekday","night","travelling","cold","grocery",0,1,0,"night"
74,574,96,478,"weekend","lunch","travelling","freezing","grocery",1,1,0,"midday"
74,575,97,478,"weekday","breakfast","unknown","unknown","restaurant",0,1,0,"morning"
74,577,99,478,"weekday","breakfast","shopping","hot","grocery",1,1,0,"morning"
74,579,101,478,"weekday","lunch","travelling","freezing","restaurant",0,1,0,"midday"
74,581,103,478,"weekday","evening","leisure","freezing","grocery",1,1,0,"night"
74,583,105,478,"weekday","morning","travelling","cold","grocery",1,1,0,"morning"
74,586,108,478,"weekday","lunch","travelling","freezing","grocery",0,1,0,"midday"
74,587,109,478,"weekday","morning","travelling","freezing","restaurant",0,1,0,"morning"
74,588,110,478,"weekday","dinner","travelling","warm","restaurant",1,1,0,"night"
74,589,111,478,"weekday","afternoon","unknown","cold","restaurant",0,1,0,"midday"
74,591,113,478,"weekend","earlymorning","travelling","freezing","grocery",0,1,1,"morning"
74,593,115,478,"weekend","afternoon","travelling","cold","restaurant",1,1,1,"midday"
74,594,116,478,"weekday","beforelunch","working","unknown","restaurant",0,1,1,"midday"
74,596,118,478,"weekday","afternoon","unknown","freezing","restaurant",0,1,1,"midday"
74,597,119,478,"weekend","afternoon","unknown","unknown","grocery",0,1,1,"midday"
74,598,120,478,"weekend","evening","unknown","freezing","restaurant",1,1,1,"night"
74,599,121,478,"weekend","breakfast","unknown","freezing","grocery",0,1,1,"morning"
74,601,123,478,"weekend","lunch","travelling","unknown","restaurant",0,1,1,"midday"
74,602,124,478,"weekday","evening","travelling","freezing","grocery",0,1,1,"night"
74,603,125,478,"weekday","morning","travelling","warm","restaurant",0,1,1,"morning"
74,604,126,478,"weekday","afternoon","travelling","unknown","grocery",1,1,1,"midday"
74,606,128,478,"weekday","lunch","shopping","warm","restaurant",0,1,1,"midday"
74,614,136,478,"unknown","beforelunch","travelling","freezing","grocery",0,1,1,"midday"
74,615,137,478,"weekend","morning","working","hot","restaurant",0,1,1,"morning"
74,616,138,478,"weekday","breakfast","travelling","unknown","grocery",0,1,1,"morning"
74,618,140,478,"weekday","lunch","travelling","freezing","restaurant",0,1,1,"midday"
74,619,141,478,"weekday","afternoon","travelling","cold","grocery",1,1,1,"midday"
74,620,142,478,"weekday","lunch","travelling","cold","restaurant",1,1,1,"midday"
74,621,143,478,"weekday","breakfast","morningrituals","cold","grocery",0,1,1,"morning"
74,622,144,478,"weekday","lunch","travelling","unknown","restaurant",0,1,1,"midday"
74,623,145,478,"weekday","earlymorning","unknown","hot","restaurant",1,1,1,"morning"
74,625,147,478,"weekday","lunch","leisure","cold","grocery",0,1,1,"midday"
74,626,148,478,"weekday","morning","travelling","unknown","grocery",0,1,1,"morning"
74,627,149,478,"weekend","afternoon","travelling","freezing","grocery",0,1,1,"midday"
74,628,150,478,"weekday","lunch","travelling","freezing","grocery",0,1,1,"midday"
74,629,151,478,"weekday","unknown","working","freezing","restaurant",1,1,1,"unknown"
74,630,152,478,"weekend","afternoon","travelling","freezing","grocery",0,1,1,"midday"
74,632,154,478,"weekday","beforelunch","shopping","cold","restaurant",0,1,1,"midday"
74,633,155,478,"weekday","dinner","working","hot","restaurant",0,1,1,"night"
74,634,156,478,"weekday","night","unknown","hot","grocery",1,1,1,"night"
74,635,157,478,"weekday","lunch","unknown","unknown","restaurant",0,1,1,"midday"
74,636,158,478,"weekend","afternoon","travelling","cold","grocery",1,1,1,"midday"
74,639,161,478,"weekday","night","travelling","warm","restaurant",0,1,1,"night"
74,640,162,478,"weekday","lunch","travelling","unknown","restaurant",0,1,1,"midday"
74,644,166,478,"weekday","afternoon","social","freezing","grocery",0,1,1,"midday"
74,645,167,478,"weekday","morning","travelling","unknown","restaurant",0,1,1,"morning"
74,646,168,478,"weekend","afternoon","travelling","cold","grocery",1,1,1,"midday"
74,647,169,478,"weekday","unknown","travelling","unknown","grocery",1,1,1,"unknown"
74,648,170,478,"weekday","beforelunch","travelling","cold","restaurant",1,1,1,"midday"
74,650,172,478,"weekday","afternoon","travelling","cold","grocery",0,1,1,"midday"
74,653,175,478,"weekday","lunch","unknown","unknown","grocery",0,1,1,"midday"
74,654,176,478,"weekday","beforelunch","travelling","unknown","restaurant",0,1,1,"midday"
74,655,177,478,"unknown","lunch","unknown","unknown","grocery",0,1,1,"midday"
74,656,178,478,"weekend","lunch","travelling","unknown","grocery",0,1,1,"midday"
74,658,180,478,"weekday","morning","leisure","cold","restaurant",1,1,1,"morning"
74,659,181,478,"weekend","beforelunch","workingout","freezing","restaurant",1,1,1,"midday"
75,491,4,487,"weekend","dinner","workingout","freezing","grocery",0,0,0,"night"
75,495,8,487,"weekday","lunch","travelling","cold","restaurant",1,0,0,"midday"
75,498,11,487,"weekday","lunch","travelling","hot","restaurant",0,0,0,"midday"
75,501,14,487,"weekend","afternoon","shopping","cold","grocery",0,0,0,"midday"
75,504,17,487,"weekday","unknown","travelling","unknown","grocery",0,0,0,"unknown"
75,506,19,487,"weekday","beforelunch","unknown","cold","restaurant",0,0,0,"midday"
75,507,20,487,"weekday","afternoon","unknown","freezing","grocery",0,0,0,"midday"
75,508,21,487,"weekday","lunch","travelling","warm","restaurant",0,0,0,"midday"
75,509,22,487,"weekday","breakfast","travelling","cold","grocery",1,0,0,"morning"
75,510,23,487,"weekday","dinner","travelling","cold","restaurant",0,0,0,"night"
75,511,24,487,"weekday","unknown","unknown","unknown","restaurant",0,0,0,"unknown"
75,512,25,487,"weekday","morning","travelling","freezing","grocery",1,0,0,"morning"
75,515,28,487,"weekend","afternoon","unknown","freezing","restaurant",0,0,0,"midday"
75,516,29,487,"weekday","afternoon","unknown","cold","restaurant",0,0,0,"midday"
75,517,30,487,"weekday","beforelunch","leisure","cold","restaurant",0,0,0,"midday"
75,518,31,487,"weekday","earlymorning","travelling","unknown","grocery",0,0,0,"morning"
75,520,33,487,"weekday","afternoon","leisure","freezing","grocery",1,0,0,"midday"
75,522,35,487,"weekday","afternoon","travelling","cold","grocery",1,0,0,"midday"
75,524,37,487,"weekday","breakfast","travelling","warm","restaurant",0,0,0,"morning"
75,525,38,487,"weekend","afternoon","travelling","freezing","restaurant",0,0,0,"midday"
75,527,40,487,"weekend","breakfast","unknown","freezing","grocery",0,0,0,"morning"
75,531,44,487,"weekday","lunch","travelling","freezing","grocery",0,0,0,"midday"
75,533,46,487,"weekday","morning","unknown","cold","grocery",0,0,0,"morning"
75,534,47,487,"weekday","lunch","travelling","unknown","restaurant",1,0,0,"midday"
75,535,48,487,"weekday","lunch","travelling","unknown","restaurant",1,0,0,"midday"
75,536,49,487,"weekday","beforelunch","shopping","freezing","restaurant",1,0,0,"midday"
75,541,54,487,"weekday","morning","shopping","freezing","grocery",1,0,0,"morning"
75,544,57,487,"weekday","afternoon","travelling","freezing","grocery",1,1,0,"midday"
75,545,58,487,"weekday","beforelunch","morningrituals","warm","restaurant",0,1,0,"midday"
75,546,59,487,"weekday","lunch","travelling","cold","grocery",0,1,0,"midday"
75,547,60,487,"weekday","afternoon","travelling","unknown","grocery",0,1,0,"midday"
75,548,61,487,"weekend","afternoon","unknown","freezing","restaurant",1,1,0,"midday"
75,549,62,487,"weekday","lunch","travelling","cold","restaurant",0,1,0,"midday"
75,550,63,487,"weekend","afternoon","morningrituals","freezing","restaurant",0,1,0,"midday"
75,553,66,487,"weekday","breakfast","working","warm","grocery",0,1,0,"morning"
75,554,67,487,"weekend","breakfast","travelling","freezing","restaurant",0,1,0,"morning"
75,556,69,487,"weekday","lunch","unknown","cold","grocery",1,1,0,"midday"
75,560,73,487,"weekday","lunch","working","cold","grocery",0,1,0,"midday"
75,561,74,487,"weekday","earlymorning","travelling","unknown","restaurant",1,1,0,"morning"
75,565,78,487,"weekday","lunch","shopping","warm","grocery",0,1,0,"midday"
75,566,79,487,"weekend","breakfast","morningrituals","freezing","restaurant",1,1,0,"morning"
75,567,80,487,"weekday","beforelunch","leisure","freezing","restaurant",0,1,0,"midday"
75,568,81,487,"weekday","afternoon","travelling","freezing","grocery",0,1,0,"midday"
75,569,82,487,"weekday","afternoon","unknown","freezing","grocery",0,1,0,"midday"
75,571,84,487,"weekday","beforelunch","working","cold","restaurant",0,1,0,"midday"
75,573,86,487,"weekday","afternoon","travelling","hot","grocery",0,1,0,"midday"
75,577,90,487,"weekend","afternoon","travelling","cold","restaurant",1,1,0,"midday"
75,580,93,487,"weekday","afternoon","unknown","freezing","grocery",0,1,0,"midday"
75,581,94,487,"weekend","lunch","travelling","hot","restaurant",0,1,0,"midday"
75,582,95,487,"weekday","earlymorning","travelling","warm","restaurant",1,1,0,"morning"
75,585,98,487,"weekday","afternoon","unknown","freezing","restaurant",0,1,0,"midday"
75,586,99,487,"weekday","afternoon","travelling","freezing","restaurant",0,1,0,"midday"
75,590,103,487,"weekend","afternoon","leisure","unknown","restaurant",0,1,0,"midday"
75,591,104,487,"weekday","lunch","unknown","unknown","grocery",0,1,0,"midday"
75,592,105,487,"weekday","afternoon","travelling","cold","grocery",0,1,0,"midday"
75,595,108,487,"weekday","morning","travelling","freezing","grocery",1,1,0,"morning"
75,596,109,487,"weekday","unknown","travelling","unknown","grocery",0,1,0,"unknown"
75,597,110,487,"weekday","lunch","travelling","freezing","grocery",0,1,0,"midday"
75,598,111,487,"weekend","beforelunch","travelling","warm","grocery",0,1,0,"midday"
75,599,112,487,"weekend","unknown","travelling","freezing","grocery",1,1,0,"unknown"
75,601,114,487,"weekday","beforelunch","travelling","cold","grocery",0,1,1,"midday"
75,602,115,487,"weekday","lunch","travelling","warm","restaurant",1,1,1,"midday"
75,603,116,487,"weekend","lunch","travelling","hot","grocery",0,1,1,"midday"
75,608,121,487,"weekday","breakfast","unknown","freezing","restaurant",0,1,1,"morning"
75,609,122,487,"weekday","afternoon","travelling","cold","restaurant",0,1,1,"midday"
75,611,124,487,"unknown","dinner","travelling","cold","restaurant",0,1,1,"night"
75,613,126,487,"weekday","morning","travelling","freezing","restaurant",0,1,1,"morning"
75,614,127,487,"weekend","breakfast","unknown","freezing","restaurant",0,1,1,"morning"
75,615,128,487,"weekday","breakfast","leisure","cold","grocery",1,1,1,"morning"
75,616,129,487,"weekend","beforelunch","travelling","cold","restaurant",0,1,1,"midday"
75,617,130,487,"weekend","morning","unknown","hot","restaurant",0,1,1,"morning"
75,618,131,487,"weekday","lunch","shopping","warm","restaurant",1,1,1,"midday"
75,619,132,487,"weekend","beforelunch","leisure","freezing","restaurant",0,1,1,"midday"
75,620,133,487,"weekday","breakfast","travelling","cold","grocery",1,1,1,"morning"
75,621,134,487,"weekday","lunch","travelling","cold","restaurant",0,1,1,"midday"
75,623,136,487,"weekday","afternoon","travelling","freezing","grocery",1,1,1,"midday"
75,624,137,487,"weekday","beforelunch","leisure","cold","grocery",0,1,1,"midday"
75,630,143,487,"weekday","breakfast","travelling","cold","grocery",0,1,1,"morning"
75,631,144,487,"weekday","morning","travelling","cold","restaurant",0,1,1,"morning"
75,634,147,487,"weekday","beforelunch","travelling","unknown","restaurant",0,1,1,"midday"
75,636,149,487,"weekday","beforelunch","working","cold","restaurant",0,1,1,"midday"
75,637,150,487,"weekday","beforelunch","travelling","cold","grocery",0,1,1,"midday"
75,639,152,487,"weekday","afternoon","working","cold","restaurant",1,1,1,"midday"
75,640,153,487,"weekday","afternoon","travelling","cold","restaurant",0,1,1,"midday"
75,641,154,487,"weekday","dinner","travelling","cold","restaurant",0,1,1,"night"
75,642,155,487,"weekday","dinner","travelling","cold","grocery",0,1,1,"night"
75,644,157,487,"weekday","dinner","leisure","cold","restaurant",0,1,1,"night"
75,645,158,487,"weekend","beforelunch","travelling","freezing","restaurant",0,1,1,"midday"
75,646,159,487,"weekday","dinner","shopping","unknown","restaurant",1,1,1,"night"
75,647,160,487,"weekday","afternoon","unknown","warm","grocery",1,1,1,"midday"
75,653,166,487,"weekday","earlymorning","unknown","freezing","restaurant",0,1,1,"morning"
75,654,167,487,"weekend","beforelunch","unknown","warm","grocery",0,1,1,"midday"
75,656,169,487,"weekend","lunch","unknown","cold","grocery",0,1,1,"midday"
75,659,172,487,"weekend","afternoon","leisure","cold","restaurant",0,1,1,"midday"
75,660,173,487,"weekday","lunch","unknown","unknown","grocery",0,1,1,"midday"
75,663,176,487,"weekday","lunch","travelling","freezing","restaurant",0,1,1,"midday"
75,665,178,487,"weekday","beforelunch","unknown","freezing","restaurant",0,1,1,"midday"
75,666,179,487,"weekend","lunch","travelling","warm","grocery",0,1,1,"midday"
75,669,182,487,"weekend","afternoon","travelling","cold","grocery",0,1,1,"midday"
76,551,54,497,"weekday","afternoon","travelling","freezing","restaurant",0,0,0,"midday"
76,570,73,497,"weekday","lunch","leisure","unknown","grocery",0,1,0,"midday"
76,657,160,497,"weekday","afternoon","travelling","warm","restaurant",0,1,1,"midday"
76,661,164,497,"weekday","lunch","travelling","warm","restaurant",0,1,1,"midday"
76,676,179,497,"weekend","lunch","travelling","unknown","grocery",0,1,1,"midday"
77,507,1,506,"weekday","morning","travelling","cold","restaurant",0,0,0,"morning"
77,509,3,506,"weekday","breakfast","unknown","hot","restaurant",1,0,0,"morning"
77,515,9,506,"weekday","afternoon","travelling","freezing","restaurant",1,0,0,"midday"
77,519,13,506,"weekday","beforelunch","travelling","cold","grocery",1,0,0,"midday"
77,528,22,506,"weekend","afternoon","working","warm","restaurant",0,0,0,"midday"
77,534,28,506,"weekday","afternoon","travelling","cold","grocery",0,0,0,"midday"
77,547,41,506,"weekday","afternoon","unknown","cold","restaurant",0,0,0,"midday"
77,548,42,506,"weekend","morning","travelling","freezing","restaurant",0,0,0,"morning"
77,551,45,506,"weekend","lunch","working","cold","grocery",0,0,0,"midday"
77,552,46,506,"weekday","lunch","travelling","cold","grocery",1,0,0,"midday"
77,554,48,506,"weekend","beforelunch","travelling","unknown","restaurant",0,0,0,"midday"
77,555,49,506,"weekday","lunch","travelling","cold","grocery",0,0,0,"midday"
77,565,59,506,"weekday","unknown","travelling","cold","restaurant",0,1,0,"unknown"
77,567,61,506,"weekday","afternoon","travelling","freezing","grocery",0,1,0,"midday"
77,573,67,506,"weekday","lunch","unknown","warm","restaurant",0,1,0,"midday"
77,578,72,506,"weekday","morning","travelling","freezing","grocery",1,1,0,"morning"
77,582,76,506,"weekend","lunch","travelling","warm","grocery",0,1,0,"midday"
77,583,77,506,"weekend","night","unknown","unknown","restaurant",1,1,0,"night"
77,592,86,506,"weekend","afternoon","travelling","cold","grocery",0,1,0,"midday"
77,596,90,506,"weekday","beforelunch","travelling","unknown","grocery",1,1,0,"midday"
77,600,94,506,"weekday","morning","working","unknown","grocery",0,1,0,"morning"
77,602,96,506,"weekday","afternoon","travelling","freezing","restaurant",0,1,0,"midday"
77,603,97,506,"weekday","unknown","unknown","warm","grocery",0,1,0,"unknown"
77,605,99,506,"weekend","beforelunch","leisure","cold","restaurant",1,1,0,"midday"
77,616,110,506,"weekday","breakfast","unknown","cold","grocery",0,1,0,"morning"
77,620,114,506,"weekday","breakfast","working","warm","grocery",0,1,1,"morning"
77,623,117,506,"weekday","afternoon","travelling","unknown","restaurant",0,1,1,"midday"
77,624,118,506,"weekend","lunch","leisure","hot","grocery",0,1,1,"midday"
77,627,121,506,"weekday","evening","travelling","cold","restaurant",0,1,1,"night"
77,628,122,506,"weekday","afternoon","unknown","freezing","grocery",0,1,1,"midday"
77,633,127,506,"weekday","afternoon","leisure","cold","grocery",1,1,1,"midday"
77,638,132,506,"weekend","afternoon","travelling","cold","grocery",1,1,1,"midday"
77,649,143,506,"weekday","evening","travelling","unknown","restaurant",1,1,1,"night"
77,650,144,506,"weekday","beforelunch","travelling","cold","restaurant",0,1,1,"midday"
77,651,145,506,"weekday","beforelunch","travelling","unknown","grocery",1,1,1,"midday"
77,663,157,506,"weekday","morning","travelling","hot","restaurant",0,1,1,"morning"
77,665,159,506,"weekday","lunch","unknown","cold","grocery",0,1,1,"midday"
77,672,166,506,"weekend","afternoon","morningrituals","freezing","restaurant",1,1,1,"midday"
77,682,176,506,"weekday","morning","travelling","warm","restaurant",1,1,1,"morning"
78,516,0,516,"weekday","morning","shopping","freezing","grocery",1,0,0,"morning"
78,517,1,516,"weekday","breakfast","unknown","warm","grocery",0,0,0,"morning"
78,518,2,516,"weekday","beforelunch","shopping","unknown","grocery",0,0,0,"midday"
78,519,3,516,"weekday","afternoon","working","freezing","grocery",1,0,0,"midday"
78,520,4,516,"weekend","afternoon","morningrituals","warm","grocery",0,0,0,"midday"
78,521,5,516,"weekday","afternoon","travelling","cold","restaurant",0,0,0,"midday"
78,524,8,516,"weekday","beforelunch","travelling","cold","restaurant",0,0,0,"midday"
78,525,9,516,"weekday","lunch","unknown","cold","grocery",0,0,0,"midday"
78,526,10,516,"weekday","morning","shopping","unknown","restaurant",0,0,0,"morning"
78,527,11,516,"weekend","afternoon","leisure","freezing","restaurant",1,0,0,"midday"
78,528,12,516,"weekday","beforelunch","travelling","cold","restaurant",0,0,0,"midday"
78,529,13,516,"weekday","afternoon","travelling","cold","restaurant",0,0,0,"midday"
78,532,16,516,"weekday","breakfast","travelling","unknown","restaurant",0,0,0,"morning"
78,533,17,516,"weekday","night","travelling","cold","grocery",0,0,0,"night"
78,535,19,516,"weekend","lunch","unknown","unknown","grocery",0,0,0,"midday"
78,536,20,516,"weekday","afternoon","travelling","cold","grocery",1,0,0,"midday"
78,538,22,516,"weekday","afternoon","travelling","cold","restaurant",0,0,0,"midday"
78,539,23,516,"weekend","beforelunch","unknown","cold","grocery",0,0,0,"midday"
78,546,30,516,"weekend","afternoon","travelling","warm","grocery",0,0,0,"midday"
78,554,38,516,"weekend","earlymorning","travelling","warm","restaurant",0,0,0,"morning"
78,555,39,516,"weekend","beforelunch","unknown","freezing","restaurant",0,0,0,"midday"
78,556,40,516,"weekday","unknown","travelling","warm","grocery",0,0,0,"unknown"
78,557,41,516,"weekend","lunch","travelling","unknown","restaurant",0,0,0,"midday"
78,558,42,516,"weekday","lunch","travelling","freezing","restaurant",0,0,0,"midday"
78,559,43,516,"weekday","dinner","housework","freezing","grocery",0,0,0,"night"
78,560,44,516,"weekend","night","unknown","unknown","grocery",0,0,0,"night"
78,561,45,516,"weekend","afternoon","travelling","hot","restaurant",0,0,0,"midday"
78,562,46,516,"weekday","breakfast","leisure","cold","grocery",0,0,0,"morning"
78,564,48,516,"weekday","beforelunch","unknown","unknown","restaurant",1,0,0,"midday"
78,567,51,516,"weekend","morning","travelling","unknown","grocery",0,0,0,"morning"
78,568,52,516,"unknown","earlymorning","unknown","freezing","grocery",0,0,0,"morning"
78,570,54,516,"weekday","afternoon","travelling","cold","restaurant",1,0,0,"midday"
78,572,56,516,"weekend","breakfast","travelling","freezing","grocery",0,0,0,"morning"
78,574,58,516,"weekday","afternoon","unknown","freezing","restaurant",0,1,0,"midday"
78,576,60,516,"weekday","lunch","travelling","hot","grocery",1,1,0,"midday"
78,577,61,516,"weekday","morning","shopping","cold","grocery",1,1,0,"morning"
78,580,64,516,"weekday","lunch","leisure","cold","restaurant",0,1,0,"midday"
78,581,65,516,"weekday","beforelunch","unknown","unknown","restaurant",0,1,0,"midday"
78,584,68,516,"weekend","afternoon","travelling","warm","restaurant",0,1,0,"midday"
78,585,69,516,"weekday","lunch","working","cold","grocery",0,1,0,"midday"
78,586,70,516,"weekend","lunch","unknown","unknown","grocery",1,1,0,"midday"
78,591,75,516,"weekend","afternoon","working","cold","grocery",0,1,0,"midday"
78,592,76,516,"weekend","lunch","travelling","warm","restaurant",0,1,0,"midday"
78,593,77,516,"weekend","morning","leisure","warm","restaurant",0,1,0,"morning"
78,594,78,516,"weekday","beforelunch","travelling","cold","restaurant",1,1,0,"midday"
78,595,79,516,"weekend","unknown","travelling","unknown","restaurant",1,1,0,"unknown"
78,596,80,516,"weekday","afternoon","travelling","hot","grocery",0,1,0,"midday"
78,601,85,516,"weekend","unknown","working","unknown","grocery",0,1,0,"unknown"
78,602,86,516,"weekday","beforelunch","travelling","warm","restaurant",1,1,0,"midday"
78,604,88,516,"weekday","lunch","leisure","freezing","grocery",0,1,0,"midday"
78,606,90,516,"weekday","afternoon","travelling","cold","restaurant",0,1,0,"midday"
78,607,91,516,"weekday","beforelunch","travelling","unknown","restaurant",0,1,0,"midday"
78,608,92,516,"weekday","afternoon","unknown","unknown","grocery",1,1,0,"midday"
78,609,93,516,"weekday","lunch","travelling","hot","grocery",1,1,0,"midday"
78,611,95,516,"weekend","afternoon","travelling","cold","restaurant",0,1,0,"midday"
78,613,97,516,"weekday","beforelunch","travelling","freezing","restaurant",0,1,0,"midday"
78,615,99,516,"weekday","afternoon","travelling","cold","restaurant",0,1,0,"midday"
78,617,101,516,"weekday","breakfast","unknown","cold","restaurant",1,1,0,"morning"
78,619,103,516,"weekday","morning","travelling","cold","grocery",0,1,0,"morning"
78,620,104,516,"weekday","lunch","shopping","unknown","restaurant",0,1,0,"midday"
78,621,105,516,"weekday","evening","travelling","unknown","restaurant",1,1,0,"night"
78,623,107,516,"weekend","lunch","unknown","unknown","grocery",0,1,0,"midday"
78,625,109,516,"weekday","lunch","travelling","cold","grocery",0,1,0,"midday"
78,626,110,516,"weekend","beforelunch","working","cold","restaurant",1,1,0,"midday"
78,627,111,516,"weekend","breakfast","travelling","unknown","restaurant",1,1,0,"morning"
78,628,112,516,"weekend","morning","leisure","unknown","restaurant",1,1,0,"morning"
78,629,113,516,"weekday","lunch","leisure","cold","grocery",0,1,1,"midday"
78,630,114,516,"weekend","lunch","leisure","freezing","restaurant",0,1,1,"midday"
78,632,116,516,"weekend","morning","unknown","freezing","restaurant",0,1,1,"morning"
78,633,117,516,"weekend","breakfast","travelling","cold","restaurant",0,1,1,"morning"
78,634,118,516,"weekday","lunch","travelling","cold","grocery",0,1,1,"midday"
78,635,119,516,"weekday","lunch","travelling","unknown","restaurant",1,1,1,"midday"
78,639,123,516,"weekday","afternoon","travelling","cold","restaurant",0,1,1,"midday"
78,640,124,516,"unknown","lunch","leisure","cold","restaurant",1,1,1,"midday"
78,641,125,516,"weekday","lunch","travelling","cold","restaurant",0,1,1,"midday"
78,643,127,516,"weekend","beforelunch","working","unknown","grocery",0,1,1,"midday"
78,644,128,516,"weekday","lunch","travelling","unknown","grocery",0,1,1,"midday"
78,646,130,516,"weekend","afternoon","travelling","unknown","grocery",0,1,1,"midday"
78,647,131,516,"weekday","afternoon","travelling","unknown","grocery",0,1,1,"midday"
78,652,136,516,"weekday","lunch","travelling","warm","restaurant",0,1,1,"midday"
78,654,138,516,"unknown","afternoon","shopping","warm","restaurant",0,1,1,"midday"
78,656,140,516,"weekday","afternoon","travelling","cold","grocery",0,1,1,"midday"
78,658,142,516,"weekend","evening","morningrituals","unknown","restaurant",0,1,1,"night"
78,662,146,516,"unknown","afternoon","shopping","warm","restaurant",0,1,1,"midday"
78,663,147,516,"weekday","morning","working","freezing","grocery",0,1,1,"morning"
78,664,148,516,"weekend","afternoon","working","freezing","grocery",1,1,1,"midday"
78,666,150,516,"weekend","lunch","leisure","unknown","restaurant",0,1,1,"midday"
78,668,152,516,"weekday","breakfast","travelling","hot","grocery",1,1,1,"morning"
78,669,153,516,"weekend","lunch","travelling","warm","restaurant",0,1,1,"midday"
78,670,154,516,"weekday","night","unknown","freezing","grocery",1,1,1,"night"
78,672,156,516,"weekday","lunch","leisure","warm","grocery",0,1,1,"midday"
78,673,157,516,"weekday","lunch","travelling","freezing","restaurant",1,1,1,"midday"
78,674,158,516,"weekday","afternoon","leisure","unknown","restaurant",1,1,1,"midday"
78,678,162,516,"weekend","breakfast","travelling","warm","restaurant",1,1,1,"morning"
78,679,163,516,"weekday","dinner","working","unknown","restaurant",0,1,1,"night"
78,680,164,516,"weekend","afternoon","workingout","unknown","restaurant",1,1,1,"midday"
78,682,166,516,"weekday","afternoon","working","hot","restaurant",0,1,1,"midday"
78,686,170,516,"weekday","afternoon","working","warm","grocery",1,1,1,"midday"
78,687,171,516,"weekday","morning","travelling","cold","grocery",0,1,1,"morning"
78,688,172,516,"weekday","beforelunch","travelling","warm","restaurant",1,1,1,"midday"
78,691,175,516,"weekday","lunch","travelling","cold","grocery",0,1,1,"midday"
78,693,177,516,"weekday","afternoon","travelling","cold","grocery",1,1,1,"midday"
78,694,178,516,"weekday","lunch","travelling","cold","restaurant",0,1,1,"midday"
78,695,179,516,"weekday","beforelunch","shopping","cold","grocery",0,1,1,"midday"
78,697,181,516,"weekend","earlymorning","working","cold","grocery",1,1,1,"morning"
78,698,182,516,"weekend","lunch","travelling","freezing","restaurant",0,1,1,"midday"
78,699,183,516,"weekday","lunch","travelling","unknown","restaurant",0,1,1,"midday"
79,559,31,528,"weekday","lunch","travelling","unknown","grocery",1,0,0,"midday"
79,698,170,528,"weekend","lunch","travelling","warm","restaurant",0,1,1,"midday"
79,705,177,528,"weekday","lunch","travelling","unknown","grocery",1,1,1,"midday"
80,540,1,539,"unknown","afternoon","shopping","unknown","restaurant",0,0,0,"midday"
80,541,2,539,"weekday","beforelunch","unknown","freezing","restaurant",0,0,0,"midday"
80,544,5,539,"weekday","afternoon","travelling","warm","restaurant",0,0,0,"midday"
80,545,6,539,"weekday","latenight","unknown","unknown","grocery",0,0,0,"night"
80,547,8,539,"weekday","beforelunch","travelling","hot","grocery",0,0,0,"midday"
80,549,10,539,"weekday","lunch","travelling","freezing","grocery",0,0,0,"midday"
80,550,11,539,"weekday","lunch","travelling","hot","restaurant",0,0,0,"midday"
80,551,12,539,"weekday","beforelunch","unknown","warm","grocery",0,0,0,"midday"
80,552,13,539,"weekend","afternoon","travelling","unknown","restaurant",0,0,0,"midday"
80,556,17,539,"weekend","afternoon","shopping","cold","grocery",1,0,0,"midday"
80,557,18,539,"weekday","lunch","travelling","freezing","grocery",0,0,0,"midday"
80,558,19,539,"weekday","afternoon","travelling","unknown","grocery",0,0,0,"midday"
80,562,23,539,"weekend","unknown","travelling","unknown","grocery",0,0,0,"unknown"
80,564,25,539,"weekend","afternoon","shopping","cold","grocery",1,0,0,"midday"
80,565,26,539,"weekday","beforelunch","unknown","cold","grocery",0,0,0,"midday"
80,567,28,539,"weekday","beforelunch","leisure","cold","restaurant",1,0,0,"midday"
80,568,29,539,"weekday","afternoon","unknown","hot","restaurant",1,0,0,"midday"
80,569,30,539,"weekday","lunch","travelling","cold","grocery",1,0,0,"midday"
80,570,31,539,"weekday","afternoon","unknown","hot","restaurant",0,0,0,"midday"
80,571,32,539,"weekday","morning","travelling","warm","grocery",0,0,0,"morning"
80,573,34,539,"weekday","afternoon","travelling","warm","grocery",1,0,0,"midday"
80,575,36,539,"weekday","beforelunch","leisure","unknown","grocery",0,0,0,"midday"
80,578,39,539,"weekday","afternoon","travelling","unknown","grocery",0,0,0,"midday"
80,579,40,539,"weekday","beforelunch","unknown","warm","grocery",1,0,0,"midday"
80,580,41,539,"weekday","afternoon","travelling","warm","restaurant",1,0,0,"midday"
80,581,42,539,"weekday","afternoon","shopping","cold","grocery",0,0,0,"midday"
80,584,45,539,"weekday","afternoon","unknown","warm","grocery",0,0,0,"midday"
80,585,46,539,"weekday","lunch","travelling","warm","grocery",1,0,0,"midday"
80,586,47,539,"weekend","afternoon","shopping","warm","grocery",0,0,0,"midday"
80,587,48,539,"weekday","beforelunch","travelling","freezing","restaurant",0,0,0,"midday"
80,588,49,539,"weekday","lunch","working","unknown","restaurant",0,0,0,"midday"
80,589,50,539,"weekend","afternoon","unknown","unknown","grocery",0,0,0,"midday"
80,590,51,539,"weekend","lunch","leisure","freezing","restaurant",0,0,0,"midday"
80,591,52,539,"unknown","beforelunch","travelling","cold","restaurant",0,0,0,"midday"
80,592,53,539,"weekend","beforelunch","unknown","freezing","grocery",0,0,0,"midday"
80,593,54,539,"weekday","beforelunch","leisure","warm","restaurant",0,0,0,"midday"
80,594,55,539,"weekday","unknown","travelling","unknown","restaurant",0,0,0,"unknown"
80,597,58,539,"weekday","lunch","travelling","cold","grocery",0,1,0,"midday"
80,599,60,539,"weekday","beforelunch","leisure","warm","restaurant",0,1,0,"midday"
80,601,62,539,"weekday","beforelunch","unknown","freezing","restaurant",1,1,0,"midday"
80,603,64,539,"weekday","lunch","unknown","cold","restaurant",1,1,0,"midday"
80,606,67,539,"weekday","afternoon","travelling","freezing","grocery",0,1,0,"midday"
80,608,69,539,"weekday","beforelunch","unknown","freezing","grocery",0,1,0,"midday"
80,610,71,539,"weekend","lunch","travelling","cold","restaurant",0,1,0,"midday"
80,611,72,539,"weekday","evening","leisure","unknown","grocery",0,1,0,"night"
80,612,73,539,"weekday","dinner","travelling","unknown","grocery",0,1,0,"night"
80,614,75,539,"weekend","earlymorning","working","unknown","grocery",0,1,0,"morning"
80,615,76,539,"weekend","breakfast","leisure","freezing","restaurant",0,1,0,"morning"
80,616,77,539,"weekend","beforelunch","travelling","freezing","grocery",1,1,0,"midday"
80,620,81,539,"weekday","beforelunch","travelling","hot","grocery",0,1,0,"midday"
80,621,82,539,"weekday","night","unknown","hot","restaurant",1,1,0,"night"
80,622,83,539,"weekday","beforelunch","working","warm","grocery",0,1,0,"midday"
80,624,85,539,"weekday","breakfast","morningrituals","cold","restaurant",1,1,0,"morning"
80,625,86,539,"weekday","night","travelling","cold","grocery",1,1,0,"night"
80,627,88,539,"weekday","lunch","travelling","warm","restaurant",0,1,0,"midday"
80,628,89,539,"weekday","afternoon","travelling","freezing","grocery",0,1,0,"midday"
80,630,91,539,"weekday","afternoon","shopping","unknown","grocery",0,1,0,"midday"
80,632,93,539,"weekday","afternoon","travelling","cold","grocery",0,1,0,"midday"
80,635,96,539,"weekday","beforelunch","unknown","freezing","restaurant",0,1,0,"midday"
80,637,98,539,"weekend","beforelunch","travelling","cold","grocery",0,1,0,"midday"
80,638,99,539,"weekday","lunch","travelling","freezing","grocery",0,1,0,"midday"
80,639,100,539,"weekend","afternoon","travelling","warm","restaurant",1,1,0,"midday"
80,642,103,539,"weekday","dinner","unknown","warm","grocery",0,1,0,"night"
80,647,108,539,"weekend","afternoon","working","cold","restaurant",0,1,0,"midday"
80,650,111,539,"weekday","lunch","working","freezing","restaurant",0,1,0,"midday"
80,653,114,539,"weekend","beforelunch","travelling","unknown","restaurant",0,1,1,"midday"
80,654,115,539,"weekday","beforelunch","travelling","freezing","grocery",0,1,1,"midday"
80,656,117,539,"weekday","morning","travelling","cold","grocery",0,1,1,"morning"
80,659,120,539,"weekday","breakfast","leisure","freezing","restaurant",1,1,1,"morning"
80,661,122,539,"weekend","earlymorning","travelling","warm","grocery",0,1,1,"morning"
80,662,123,539,"weekend","afternoon","shopping","cold","grocery",1,1,1,"midday"
80,667,128,539,"weekday","afternoon","travelling","unknown","grocery",0,1,1,"midday"
80,668,129,539,"weekend","night","morningrituals","freezing","grocery",0,1,1,"night"
80,669,130,539,"weekday","afternoon","travelling","cold","grocery",1,1,1,"midday"
80,670,131,539,"weekend","afternoon","morningrituals","warm","restaurant",0,1,1,"midday"
80,673,134,539,"weekday","breakfast","shopping","cold","grocery",0,1,1,"morning"
80,674,135,539,"weekday","lunch","travelling","cold","restaurant",0,1,1,"midday"
80,675,136,539,"weekend","beforelunch","travelling","cold","restaurant",0,1,1,"midday"
80,676,137,539,"weekend","beforelunch","travelling","hot","restaurant",1,1,1,"midday"
80,678,139,539,"weekday","unknown","travelling","unknown","restaurant",1,1,1,"unknown"
80,679,140,539,"weekday","lunch","shopping","unknown","grocery",0,1,1,"midday"
80,681,142,539,"weekday","lunch","unknown","freezing","grocery",0,1,1,"midday"
80,682,143,539,"weekend","lunch","travelling","unknown","restaurant",1,1,1,"midday"
80,683,144,539,"weekday","lunch","shopping","warm","grocery",1,1,1,"midday"
80,684,145,539,"weekday","afternoon","unknown","cold","grocery",0,1,1,"midday"
80,686,147,539,"weekend","beforelunch","travelling","warm","restaurant",1,1,1,"midday"
80,688,149,539,"weekend","dinner","travelling","cold","restaurant",0,1,1,"night"
80,689,150,539,"weekday","night","travelling","cold","grocery",0,1,1,"night"
80,690,151,539,"weekday","afternoon","travelling","unknown","grocery",1,1,1,"midday"
80,694,155,539,"weekday","lunch","travelling","cold","restaurant",0,1,1,"midday"
80,696,157,539,"weekday","afternoon","travelling","freezing","grocery",1,1,1,"midday"
80,699,160,539,"weekday","afternoon","morningrituals","hot","grocery",0,1,1,"midday"
80,700,161,539,"weekday","afternoon","travelling","cold","grocery",0,1,1,"midday"
80,701,162,539,"weekend","morning","travelling","cold","restaurant",0,1,1,"morning"
80,702,163,539,"weekday","lunch","leisure","cold","restaurant",0,1,1,"midday"
80,703,164,539,"weekday","dinner","travelling","cold","grocery",0,1,1,"night"
80,704,165,539,"weekday","afternoon","travelling","unknown","grocery",1,1,1,"midday"
80,707,168,539,"weekend","afternoon","travelling","cold","grocery",0,1,1,"midday"
80,710,171,539,"weekday","beforelunch","working","freezing","grocery",0,1,1,"midday"
80,712,173,539,"weekend","lunch","travelling","warm","restaurant",0,1,1,"midday"
80,714,175,539,"weekend","afternoon","morningrituals","unknown","restaurant",0,1,1,"midday"
80,715,176,539,"weekend","beforelunch","working","unknown","restaurant",0,1,1,"midday"
80,716,177,539,"weekend","dinner","travelling","freezing","grocery",0,1,1,"night"
80,718,179,539,"weekday","afternoon","travelling","unknown","grocery",0,1,1,"midday"
80,719,180,539,"weekend","afternoon","travelling","hot","restaurant",0,1,1,"midday"
80,720,181,539,"weekday","lunch","travelling","unknown","grocery",1,1,1,"midday"
80,722,183,539,"weekday","lunch","travelling","cold","grocery",0,1,1,"midday"
81,548,1,547,"weekend","latenight","unknown","unknown","grocery",0,0,0,"night"
81,549,2,547,"weekday","breakfast","travelling","warm","grocery",0,0,0,"morning"
81,550,3,547,"weekend","lunch","travelling","cold","restaurant",0,0,0,"midday"
81,551,4,547,"weekday","beforelunch","working","unknown","grocery",0,0,0,"midday"
81,552,5,547,"weekday","breakfast","unknown","freezing","restaurant",0,0,0,"morning"
81,554,7,547,"weekday","unknown","travelling","warm","grocery",0,0,0,"unknown"
81,566,19,547,"weekday","lunch","unknown","cold","grocery",0,0,0,"midday"
81,569,22,547,"weekday","lunch","travelling","hot","grocery",0,0,0,"midday"
81,571,24,547,"weekday","lunch","travelling","unknown","grocery",0,0,0,"midday"
81,578,31,547,"weekday","evening","travelling","cold","restaurant",1,0,0,"night"
81,581,34,547,"weekday","afternoon","unknown","freezing","grocery",0,0,0,"midday"
81,583,36,547,"weekday","beforelunch","travelling","cold","restaurant",1,0,0,"midday"
81,585,38,547,"weekday","lunch","shopping","freezing","grocery",0,0,0,"midday"
81,590,43,547,"weekday","lunch","travelling","cold","restaurant",0,0,0,"midday"
81,592,45,547,"weekend","morning","travelling","hot","grocery",1,0,0,"morning"
81,597,50,547,"weekday","earlymorning","travelling","freezing","grocery",0,0,0,"morning"
81,601,54,547,"weekday","latenight","working","cold","restaurant",0,0,0,"night"
81,603,56,547,"weekend","afternoon","travelling","unknown","grocery",1,0,0,"midday"
81,605,58,547,"weekday","beforelunch","unknown","freezing","grocery",1,1,0,"midday"
81,608,61,547,"weekday","afternoon","travelling","unknown","restaurant",1,1,0,"midday"
81,609,62,547,"weekend","breakfast","travelling","unknown","grocery",0,1,0,"morning"
81,613,66,547,"weekday","dinner","working","warm","grocery",0,1,0,"night"
81,615,68,547,"weekday","beforelunch","working","unknown","grocery",1,1,0,"midday"
81,619,72,547,"weekday","night","shopping","freezing","restaurant",0,1,0,"night"
81,625,78,547,"weekday","afternoon","travelling","cold","grocery",0,1,0,"midday"
81,626,79,547,"weekday","beforelunch","travelling","warm","restaurant",1,1,0,"midday"
81,628,81,547,"weekend","afternoon","working","unknown","restaurant",1,1,0,"midday"
81,629,82,547,"weekday","breakfast","travelling","unknown","grocery",0,1,0,"morning"
81,630,83,547,"weekday","beforelunch","working","unknown","restaurant",0,1,0,"midday"
81,632,85,547,"weekend","afternoon","shopping","hot","grocery",0,1,0,"midday"
81,633,86,547,"weekday","afternoon","travelling","cold","restaurant",0,1,0,"midday"
81,641,94,547,"weekend","morning","shopping","cold","grocery",0,1,0,"morning"
81,642,95,547,"weekday","afternoon","travelling","unknown","restaurant",0,1,0,"midday"
81,647,100,547,"weekend","lunch","travelling","cold","restaurant",0,1,0,"midday"
81,656,109,547,"weekday","unknown","travelling","hot","restaurant",0,1,0,"unknown"
81,659,112,547,"weekend","afternoon","travelling","warm","grocery",0,1,0,"midday"
81,672,125,547,"weekday","dinner","working","cold","grocery",1,1,1,"night"
81,677,130,547,"weekend","morning","travelling","unknown","restaurant",0,1,1,"morning"
81,678,131,547,"weekday","dinner","working","warm","grocery",0,1,1,"night"
81,679,132,547,"weekend","lunch","travelling","unknown","grocery",0,1,1,"midday"
81,682,135,547,"weekday","morning","travelling","warm","restaurant",0,1,1,"morning"
81,685,138,547,"weekend","lunch","unknown","cold","restaurant",0,1,1,"midday"
81,688,141,547,"weekday","afternoon","travelling","unknown","restaurant",0,1,1,"midday"
81,690,143,547,"weekday","lunch","leisure","freezing","grocery",0,1,1,"midday"
81,693,146,547,"weekend","lunch","travelling","unknown","restaurant",1,1,1,"midday"
81,696,149,547,"weekday","breakfast","unknown","hot","grocery",1,1,1,"morning"
81,697,150,547,"weekday","lunch","travelling","hot","restaurant",0,1,1,"midday"
81,701,154,547,"weekday","night","travelling","freezing","restaurant",1,1,1,"night"
81,710,163,547,"weekday","afternoon","travelling","unknown","grocery",1,1,1,"midday"
81,713,166,547,"weekday","beforelunch","housework","cold","grocery",1,1,1,"midday"
81,717,170,547,"weekday","breakfast","travelling","unknown","restaurant",0,1,1,"morning"
81,720,173,547,"weekday","lunch","travelling","cold","grocery",0,1,1,"midday"
81,721,174,547,"weekday","lunch","working","freezing","grocery",1,1,1,"midday"
81,723,176,547,"weekday","breakfast","leisure","unknown","restaurant",0,1,1,"morning"
81,724,177,547,"weekday","dinner","unknown","freezing","grocery",1,1,1,"night"
81,729,182,547,"weekday","lunch","unknown","warm","restaurant",0,1,1,"midday"
82,560,0,560,"weekday","afternoon","working","cold","restaurant",1,0,0,"midday"
82,562,2,560,"weekend","beforelunch","travelling","unknown","grocery",0,0,0,"midday"
82,564,4,560,"weekday","afternoon","shopping","unknown","grocery",0,0,0,"midday"
82,571,11,560,"weekend","afternoon","travelling","hot","restaurant",0,0,0,"midday"
82,586,26,560,"weekend","morning","travelling","cold","grocery",0,0,0,"morning"
82,587,27,560,"weekday","unknown","travelling","warm","restaurant",0,0,0,"unknown"
82,595,35,560,"weekday","lunch","shopping","unknown","restaurant",0,0,0,"midday"
82,600,40,560,"weekday","afternoon","travelling","unknown","restaurant",0,0,0,"midday"
82,602,42,560,"weekday","afternoon","shopping","cold","restaurant",0,0,0,"midday"
82,607,47,560,"weekend","unknown","travelling","cold","restaurant",0,0,0,"unknown"
82,609,49,560,"weekday","breakfast","unknown","cold","grocery",0,0,0,"morning"
82,618,58,560,"weekday","night","morningrituals","warm","restaurant",1,1,0,"night"
82,619,59,560,"weekday","breakfast","unknown","warm","restaurant",1,1,0,"morning"
82,633,73,560,"weekday","beforelunch","shopping","cold","grocery",1,1,0,"midday"
82,634,74,560,"weekend","afternoon","travelling","unknown","grocery",0,1,0,"midday"
82,635,75,560,"weekday","afternoon","travelling","unknown","grocery",0,1,0,"midday"
82,642,82,560,"weekday","morning","leisure","hot","restaurant",0,1,0,"morning"
82,649,89,560,"weekday","lunch","travelling","cold","restaurant",0,1,0,"midday"
82,652,92,560,"weekday","afternoon","travelling","cold","restaurant",0,1,0,"midday"
82,657,97,560,"weekday","afternoon","social","cold","restaurant",0,1,0,"midday"
82,668,108,560,"weekend","morning","travelling","unknown","grocery",0,1,0,"morning"
82,669,109,560,"weekday","afternoon","travelling","cold","grocery",0,1,0,"midday"
82,671,111,560,"weekday","lunch","travelling","unknown","grocery",0,1,0,"midday"
82,684,124,560,"weekday","breakfast","unknown","warm","restaurant",1,1,1,"morning"
82,691,131,560,"weekend","earlymorning","working","freezing","grocery",0,1,1,"morning"
82,692,132,560,"weekend","afternoon","unknown","hot","grocery",1,1,1,"midday"
82,694,134,560,"weekday","breakfast","travelling","cold","grocery",0,1,1,"morning"
82,700,140,560,"weekend","afternoon","shopping","cold","restaurant",0,1,1,"midday"
82,706,146,560,"weekday","afternoon","travelling","unknown","grocery",0,1,1,"midday"
82,716,156,560,"weekday","lunch","morningrituals","unknown","grocery",1,1,1,"midday"
82,721,161,560,"weekday","afternoon","travelling","freezing","grocery",0,1,1,"midday"
82,724,164,560,"weekday","lunch","shopping","freezing","restaurant",0,1,1,"midday"
82,727,167,560,"weekday","lunch","travelling","freezing","restaurant",0,1,1,"midday"
82,731,171,560,"weekend","beforelunch","travelling","warm","grocery",0,1,1,"midday"
82,737,177,560,"weekday","beforelunch","travelling","freezing","grocery",0,1,1,"midday"
82,743,183,560,"weekday","dinner","working","unknown","restaurant",0,1,1,"night"
83,564,0,564,"unknown","morning","travelling","cold","grocery",0,0,0,"morning"
83,565,1,564,"weekday","lunch","travelling","freezing","restaurant",0,0,0,"midday"
83,566,2,564,"weekday","lunch","travelling","unknown","grocery",0,0,0,"midday"
83,567,3,564,"weekend","afternoon","leisure","hot","restaurant",0,0,0,"midday"
83,568,4,564,"weekday","lunch","leisure","cold","restaurant",0,0,0,"midday"
83,569,5,564,"weekday","lunch","travelling","unknown","grocery",0,0,0,"midday"
83,570,6,564,"weekday","lunch","leisure","cold","grocery",0,0,0,"midday"
83,571,7,564,"weekday","dinner","unknown","cold","restaurant",0,0,0,"night"
83,574,10,564,"weekday","lunch","shopping","warm","restaurant",0,0,0,"midday"
83,575,11,564,"weekend","earlymorning","travelling","warm","grocery",1,0,0,"morning"
83,577,13,564,"weekday","breakfast","travelling","freezing","grocery",1,0,0,"morning"
83,578,14,564,"weekday","afternoon","unknown","freezing","grocery",0,0,0,"midday"
83,579,15,564,"weekday","beforelunch","unknown","freezing","restaurant",1,0,0,"midday"
83,580,16,564,"weekday","breakfast","morningrituals","unknown","grocery",1,0,0,"morning"
83,581,17,564,"weekday","earlymorning","unknown","unknown","grocery",0,0,0,"morning"
83,582,18,564,"weekday","dinner","travelling","cold","grocery",0,0,0,"night"
83,584,20,564,"unknown","breakfast","unknown","freezing","restaurant",0,0,0,"morning"
83,585,21,564,"weekday","morning","shopping","warm","grocery",1,0,0,"morning"
83,586,22,564,"weekend","evening","travelling","freezing","grocery",0,0,0,"night"
83,587,23,564,"weekend","beforelunch","travelling","freezing","restaurant",0,0,0,"midday"
83,588,24,564,"weekday","lunch","working","freezing","grocery",1,0,0,"midday"
83,589,25,564,"weekday","afternoon","leisure","warm","restaurant",1,0,0,"midday"
83,591,27,564,"weekday","lunch","unknown","unknown","grocery",0,0,0,"midday"
83,593,29,564,"weekday","dinner","leisure","hot","grocery",1,0,0,"night"
83,595,31,564,"weekday","dinner","travelling","cold","restaurant",0,0,0,"night"
83,596,32,564,"weekend","afternoon","unknown","warm","restaurant",0,0,0,"midday"
83,597,33,564,"weekday","afternoon","travelling","warm","restaurant",0,0,0,"midday"
83,598,34,564,"weekday","afternoon","shopping","cold","grocery",1,0,0,"midday"
83,601,37,564,"weekday","afternoon","travelling","freezing","restaurant",1,0,0,"midday"
83,603,39,564,"weekend","evening","leisure","freezing","restaurant",1,0,0,"night"
83,605,41,564,"weekend","breakfast","travelling","warm","restaurant",0,0,0,"morning"
83,606,42,564,"weekday","night","unknown","unknown","restaurant",0,0,0,"night"
83,607,43,564,"weekday","afternoon","working","warm","restaurant",0,0,0,"midday"
83,608,44,564,"weekday","beforelunch","travelling","warm","grocery",0,0,0,"midday"
83,609,45,564,"weekday","beforelunch","shopping","cold","grocery",1,0,0,"midday"
83,610,46,564,"weekend","lunch","travelling","hot","restaurant",0,0,0,"midday"
83,611,47,564,"weekday","afternoon","shopping","freezing","grocery",0,0,0,"midday"
83,613,49,564,"weekend","lunch","travelling","freezing","grocery",1,0,0,"midday"
83,614,50,564,"weekday","beforelunch","travelling","cold","grocery",0,0,0,"midday"
83,615,51,564,"weekday","afternoon","travelling","warm","grocery",0,0,0,"midday"
83,616,52,564,"weekday","morning","travelling","warm","restaurant",0,0,0,"morning"
83,617,53,564,"weekday","lunch","travelling","hot","restaurant",0,0,0,"midday"
83,618,54,564,"weekday","beforelunch","travelling","freezing","restaurant",1,0,0,"midday"
83,620,56,564,"weekend","beforelunch","travelling","unknown","grocery",0,0,0,"midday"
83,621,57,564,"weekday","dinner","travelling","warm","grocery",0,1,0,"night"
83,622,58,564,"weekend","breakfast","travelling","unknown","restaurant",0,1,0,"morning"
83,623,59,564,"weekday","beforelunch","working","cold","restaurant",0,1,0,"midday"
83,626,62,564,"weekend","breakfast","working","warm","restaurant",0,1,0,"morning"
83,627,63,564,"weekend","afternoon","working","freezing","restaurant",1,1,0,"midday"
83,628,64,564,"weekday","afternoon","travelling","warm","grocery",0,1,0,"midday"
83,629,65,564,"weekday","breakfast","unknown","cold","grocery",1,1,0,"morning"
83,631,67,564,"weekend","beforelunch","travelling","freezing","grocery",0,1,0,"midday"
83,632,68,564,"weekday","earlymorning","shopping","freezing","restaurant",1,1,0,"morning"
83,633,69,564,"weekday","afternoon","travelling","unknown","restaurant",1,1,0,"midday"
83,634,70,564,"weekend","lunch","working","cold","restaurant",1,1,0,"midday"
83,635,71,564,"weekday","latenight","travelling","freezing","restaurant",0,1,0,"night"
83,636,72,564,"weekday","lunch","travelling","unknown","restaurant",0,1,0,"midday"
83,637,73,564,"weekday","lunch","unknown","warm","restaurant",0,1,0,"midday"
83,638,74,564,"weekend","breakfast","unknown","cold","restaurant",1,1,0,"morning"
83,639,75,564,"weekend","breakfast","travelling","warm","restaurant",1,1,0,"morning"
83,641,77,564,"weekday","beforelunch","unknown","hot","restaurant",0,1,0,"midday"
83,642,78,564,"weekday","unknown","travelling","cold","restaurant",0,1,0,"unknown"
83,644,80,564,"weekend","dinner","travelling","hot","grocery",0,1,0,"night"
83,645,81,564,"weekday","beforelunch","travelling","freezing","restaurant",1,1,0,"midday"
83,646,82,564,"weekend","lunch","travelling","warm","restaurant",0,1,0,"midday"
83,647,83,564,"weekend","afternoon","travelling","cold","grocery",0,1,0,"midday"
83,648,84,564,"weekend","beforelunch","leisure","unknown","restaurant",0,1,0,"midday"
83,649,85,564,"weekday","earlymorning","morningrituals","unknown","restaurant",0,1,0,"morning"
83,650,86,564,"weekday","afternoon","travelling","unknown","restaurant",1,1,0,"midday"
83,651,87,564,"weekday","unknown","working","warm","grocery",1,1,0,"unknown"
83,652,88,564,"unknown","beforelunch","travelling","cold","grocery",0,1,0,"midday"
83,653,89,564,"weekday","breakfast","leisure","warm","restaurant",0,1,0,"morning"
83,654,90,564,"weekday","lunch","unknown","freezing","restaurant",0,1,0,"midday"
83,656,92,564,"weekday","afternoon","travelling","unknown","restaurant",0,1,0,"midday"
83,658,94,564,"weekday","afternoon","working","freezing","grocery",0,1,0,"midday"
83,659,95,564,"weekday","night","unknown","cold","grocery",0,1,0,"night"
83,660,96,564,"weekend","breakfast","travelling","cold","grocery",1,1,0,"morning"
83,661,97,564,"weekday","lunch","unknown","unknown","grocery",0,1,0,"midday"
83,663,99,564,"weekday","beforelunch","working","freezing","grocery",0,1,0,"midday"
83,664,100,564,"weekday","afternoon","working","freezing","grocery",0,1,0,"midday"
83,667,103,564,"weekday","lunch","travelling","freezing","grocery",0,1,0,"midday"
83,668,104,564,"weekday","afternoon","travelling","cold","grocery",0,1,0,"midday"
83,669,105,564,"weekday","lunch","working","freezing","grocery",0,1,0,"midday"
83,670,106,564,"weekend","beforelunch","working","freezing","grocery",0,1,0,"midday"
83,671,107,564,"weekday","afternoon","leisure","cold","restaurant",0,1,0,"midday"
83,672,108,564,"weekday","lunch","travelling","cold","restaurant",1,1,0,"midday"
83,673,109,564,"weekday","afternoon","working","hot","restaurant",0,1,0,"midday"
83,674,110,564,"weekend","dinner","working","warm","restaurant",0,1,0,"night"
83,675,111,564,"unknown","afternoon","working","freezing","restaurant",0,1,0,"midday"
83,676,112,564,"weekend","afternoon","working","cold","restaurant",0,1,0,"midday"
83,677,113,564,"weekday","lunch","unknown","cold","grocery",0,1,1,"midday"
83,678,114,564,"weekend","morning","travelling","unknown","grocery",1,1,1,"morning"
83,679,115,564,"weekday","night","working","cold","grocery",0,1,1,"night"
83,680,116,564,"weekday","lunch","unknown","freezing","grocery",1,1,1,"midday"
83,681,117,564,"weekday","afternoon","social","cold","restaurant",0,1,1,"midday"
83,682,118,564,"weekend","afternoon","travelling","cold","restaurant",0,1,1,"midday"
83,683,119,564,"weekend","beforelunch","unknown","hot","grocery",0,1,1,"midday"
83,684,120,564,"weekday","afternoon","travelling","cold","restaurant",0,1,1,"midday"
83,685,121,564,"weekday","lunch","unknown","freezing","grocery",0,1,1,"midday"
83,687,123,564,"weekday","breakfast","travelling","cold","grocery",0,1,1,"morning"
83,688,124,564,"weekday","dinner","travelling","unknown","restaurant",0,1,1,"night"
83,689,125,564,"weekday","afternoon","travelling","hot","grocery",0,1,1,"midday"
83,690,126,564,"weekend","breakfast","travelling","cold","restaurant",0,1,1,"morning"
83,691,127,564,"weekday","beforelunch","travelling","cold","grocery",0,1,1,"midday"
83,692,128,564,"weekday","afternoon","unknown","unknown","restaurant",0,1,1,"midday"
83,693,129,564,"weekday","dinner","working","freezing","restaurant",0,1,1,"night"
83,694,130,564,"weekday","beforelunch","workingout","unknown","grocery",1,1,1,"midday"
83,695,131,564,"weekday","lunch","travelling","cold","restaurant",1,1,1,"midday"
83,698,134,564,"weekday","earlymorning","travelling","warm","restaurant",0,1,1,"morning"
83,699,135,564,"weekday","afternoon","travelling","hot","restaurant",0,1,1,"midday"
83,701,137,564,"weekend","afternoon","travelling","cold","grocery",0,1,1,"midday"
83,702,138,564,"weekday","afternoon","travelling","freezing","restaurant",1,1,1,"midday"
83,703,139,564,"weekday","beforelunch","travelling","hot","restaurant",0,1,1,"midday"
83,704,140,564,"weekday","beforelunch","travelling","warm","grocery",1,1,1,"midday"
83,705,141,564,"weekday","lunch","travelling","cold","restaurant",0,1,1,"midday"
83,706,142,564,"weekend","lunch","unknown","cold","restaurant",0,1,1,"midday"
83,707,143,564,"weekday","afternoon","travelling","cold","restaurant",0,1,1,"midday"
83,708,144,564,"weekday","morning","leisure","warm","restaurant",0,1,1,"morning"
83,709,145,564,"weekday","beforelunch","working","cold","restaurant",0,1,1,"midday"
83,710,146,564,"unknown","beforelunch","shopping","freezing","grocery",1,1,1,"midday"
83,712,148,564,"weekday","breakfast","travelling","freezing","grocery",0,1,1,"morning"
83,713,149,564,"weekday","dinner","unknown","unknown","grocery",0,1,1,"night"
83,714,150,564,"weekend","beforelunch","travelling","freezing","restaurant",0,1,1,"midday"
83,715,151,564,"weekday","breakfast","unknown","freezing","grocery",0,1,1,"morning"
83,716,152,564,"weekday","lunch","travelling","cold","grocery",0,1,1,"midday"
83,717,153,564,"weekday","breakfast","travelling","unknown","grocery",1,1,1,"morning"
83,718,154,564,"weekday","afternoon","unknown","freezing","restaurant",0,1,1,"midday"
83,719,155,564,"weekday","evening","travelling","freezing","grocery",0,1,1,"night"
83,720,156,564,"weekend","breakfast","working","cold","restaurant",0,1,1,"morning"
83,721,157,564,"weekday","breakfast","shopping","unknown","restaurant",0,1,1,"morning"
83,723,159,564,"weekday","afternoon","travelling","unknown","restaurant",0,1,1,"midday"
83,724,160,564,"weekday","breakfast","travelling","freezing","restaurant",0,1,1,"morning"
83,725,161,564,"weekday","lunch","working","hot","restaurant",1,1,1,"midday"
83,726,162,564,"weekday","beforelunch","travelling","freezing","grocery",0,1,1,"midday"
83,727,163,564,"weekday","afternoon","travelling","cold","grocery",0,1,1,"midday"
83,728,164,564,"weekend","beforelunch","travelling","unknown","restaurant",0,1,1,"midday"
83,731,167,564,"weekend","afternoon","unknown","unknown","grocery",1,1,1,"midday"
83,734,170,564,"weekday","lunch","travelling","cold","restaurant",0,1,1,"midday"
83,736,172,564,"weekend","breakfast","travelling","freezing","restaurant",1,1,1,"morning"
83,737,173,564,"weekday","afternoon","travelling","freezing","grocery",1,1,1,"midday"
83,738,174,564,"weekday","evening","shopping","cold","grocery",0,1,1,"night"
83,739,175,564,"weekday","beforelunch","travelling","hot","restaurant",0,1,1,"midday"
83,740,176,564,"weekday","lunch","shopping","unknown","grocery",0,1,1,"midday"
83,741,177,564,"weekday","breakfast","travelling","unknown","restaurant",0,1,1,"morning"
83,742,178,564,"weekday","afternoon","travelling","warm","grocery",0,1,1,"midday"
83,743,179,564,"weekday","morning","shopping","freezing","grocery",0,1,1,"morning"
83,744,180,564,"weekday","breakfast","shopping","cold","restaurant",1,1,1,"morning"
83,745,181,564,"weekday","beforelunch","unknown","warm","grocery",0,1,1,"midday"
83,747,183,564,"weekend","morning","travelling","unknown","restaurant",0,1,1,"morning"
84,571,2,569,"weekday","beforelunch","morningrituals","cold","grocery",0,0,0,"midday"
84,579,10,569,"weekday","lunch","working","freezing","grocery",0,0,0,"midday"
84,581,12,569,"weekend","afternoon","working","cold","restaurant",0,0,0,"midday"
84,585,16,569,"weekday","breakfast","travelling","unknown","restaurant",0,0,0,"morning"
84,587,18,569,"weekend","lunch","travelling","cold","restaurant",0,0,0,"midday"
84,598,29,569,"weekday","breakfast","shopping","freezing","restaurant",0,0,0,"morning"
84,600,31,569,"weekday","beforelunch","unknown","warm","grocery",0,0,0,"midday"
84,603,34,569,"weekday","afternoon","unknown","cold","restaurant",0,0,0,"midday"
84,614,45,569,"weekday","breakfast","shopping","warm","restaurant",0,0,0,"morning"
84,616,47,569,"weekday","beforelunch","travelling","cold","grocery",0,0,0,"midday"
84,623,54,569,"weekday","beforelunch","travelling","unknown","restaurant",1,0,0,"midday"
84,624,55,569,"weekday","afternoon","leisure","warm","restaurant",0,0,0,"midday"
84,638,69,569,"weekend","lunch","unknown","freezing","grocery",0,1,0,"midday"
84,639,70,569,"weekday","afternoon","working","freezing","restaurant",0,1,0,"midday"
84,645,76,569,"weekday","lunch","travelling","cold","restaurant",0,1,0,"midday"
84,676,107,569,"weekday","lunch","unknown","freezing","grocery",0,1,0,"midday"
84,677,108,569,"weekday","afternoon","travelling","freezing","restaurant",0,1,0,"midday"
84,683,114,569,"weekend","afternoon","travelling","unknown","restaurant",0,1,1,"midday"
84,690,121,569,"weekday","beforelunch","travelling","unknown","grocery",0,1,1,"midday"
84,699,130,569,"weekday","beforelunch","travelling","cold","restaurant",0,1,1,"midday"
84,714,145,569,"weekday","afternoon","morningrituals","freezing","restaurant",0,1,1,"midday"
84,717,148,569,"weekday","breakfast","shopping","hot","grocery",1,1,1,"morning"
84,721,152,569,"weekday","earlymorning","travelling","cold","grocery",0,1,1,"morning"
84,724,155,569,"weekend","beforelunch","travelling","unknown","grocery",0,1,1,"midday"
84,726,157,569,"weekday","evening","travelling","freezing","restaurant",1,1,1,"night"
84,729,160,569,"weekday","lunch","morningrituals","freezing","restaurant",0,1,1,"midday"
84,737,168,569,"weekend","afternoon","travelling","hot","grocery",0,1,1,"midday"
84,738,169,569,"weekday","breakfast","working","warm","restaurant",0,1,1,"morning"
84,748,179,569,"weekend","breakfast","leisure","warm","grocery",0,1,1,"morning"
85,570,0,570,"weekday","lunch","travelling","warm","grocery",0,0,0,"midday"
85,572,2,570,"weekday","afternoon","shopping","cold","grocery",0,0,0,"midday"
85,573,3,570,"weekend","afternoon","unknown","cold","grocery",0,0,0,"midday"
85,578,8,570,"weekend","night","travelling","warm","grocery",0,0,0,"night"
85,584,14,570,"weekend","afternoon","shopping","freezing","restaurant",0,0,0,"midday"
85,589,19,570,"weekday","lunch","unknown","freezing","grocery",0,0,0,"midday"
85,597,27,570,"weekend","lunch","travelling","freezing","restaurant",0,0,0,"midday"
85,599,29,570,"weekend","beforelunch","leisure","freezing","grocery",0,0,0,"midday"
85,600,30,570,"weekday","lunch","shopping","freezing","restaurant",1,0,0,"midday"
85,604,34,570,"unknown","dinner","unknown","hot","grocery",0,0,0,"night"
85,605,35,570,"weekday","afternoon","travelling","unknown","restaurant",0,0,0,"midday"
85,606,36,570,"weekday","lunch","travelling","unknown","restaurant",0,0,0,"midday"
85,607,37,570,"weekday","beforelunch","travelling","hot","restaurant",0,0,0,"midday"
85,609,39,570,"weekend","lunch","travelling","cold","grocery",1,0,0,"midday"
85,610,40,570,"weekday","breakfast","unknown","freezing","restaurant",0,0,0,"morning"
85,616,46,570,"weekend","beforelunch","shopping","warm","restaurant",0,0,0,"midday"
85,622,52,570,"weekday","lunch","leisure","hot","restaurant",1,0,0,"midday"
85,623,53,570,"weekday","breakfast","travelling","cold","grocery",0,0,0,"morning"
85,627,57,570,"weekday","afternoon","unknown","cold","grocery",1,1,0,"midday"
85,628,58,570,"weekend","afternoon","leisure","warm","restaurant",0,1,0,"midday"
85,629,59,570,"weekday","earlymorning","travelling","freezing","restaurant",1,1,0,"morning"
85,636,66,570,"weekend","afternoon","leisure","cold","restaurant",0,1,0,"midday"
85,639,69,570,"unknown","lunch","unknown","cold","grocery",0,1,0,"midday"
85,643,73,570,"weekday","afternoon","unknown","hot","grocery",0,1,0,"midday"
85,646,76,570,"weekday","afternoon","travelling","unknown","grocery",0,1,0,"midday"
85,652,82,570,"weekend","afternoon","working","unknown","grocery",1,1,0,"midday"
85,665,95,570,"unknown","beforelunch","shopping","cold","grocery",0,1,0,"midday"
85,667,97,570,"unknown","unknown","travelling","cold","restaurant",0,1,0,"unknown"
85,668,98,570,"weekday","afternoon","travelling","freezing","grocery",0,1,0,"midday"
85,672,102,570,"weekday","afternoon","travelling","freezing","grocery",0,1,0,"midday"
85,680,110,570,"weekday","lunch","leisure","warm","grocery",1,1,0,"midday"
85,682,112,570,"weekday","beforelunch","travelling","freezing","grocery",0,1,0,"midday"
85,683,113,570,"weekend","breakfast","travelling","unknown","restaurant",0,1,1,"morning"
85,690,120,570,"weekday","lunch","shopping","warm","restaurant",0,1,1,"midday"
85,691,121,570,"weekday","lunch","travelling","cold","restaurant",0,1,1,"midday"
85,693,123,570,"weekday","afternoon","unknown","warm","restaurant",1,1,1,"midday"
85,694,124,570,"weekend","afternoon","working","hot","restaurant",1,1,1,"midday"
85,695,125,570,"weekday","unknown","travelling","freezing","grocery",0,1,1,"unknown"
85,698,128,570,"weekday","dinner","unknown","unknown","grocery",0,1,1,"night"
85,701,131,570,"weekday","morning","travelling","warm","restaurant",0,1,1,"morning"
85,702,132,570,"weekday","beforelunch","travelling","hot","restaurant",0,1,1,"midday"
85,703,133,570,"weekday","beforelunch","shopping","cold","restaurant",0,1,1,"midday"
85,708,138,570,"weekday","earlymorning","shopping","unknown","grocery",0,1,1,"morning"
85,712,142,570,"weekday","lunch","travelling","warm","grocery",0,1,1,"midday"
85,713,143,570,"weekday","afternoon","morningrituals","freezing","restaurant",1,1,1,"midday"
85,714,144,570,"weekday","lunch","shopping","cold","grocery",1,1,1,"midday"
85,715,145,570,"weekday","night","working","hot","restaurant",1,1,1,"night"
85,716,146,570,"weekday","beforelunch","travelling","hot","grocery",0,1,1,"midday"
85,718,148,570,"weekday","beforelunch","travelling","cold","restaurant",1,1,1,"midday"
85,724,154,570,"weekday","breakfast","travelling","warm","grocery",0,1,1,"morning"
85,732,162,570,"weekday","afternoon","leisure","cold","restaurant",1,1,1,"midday"
85,736,166,570,"weekend","lunch","travelling","freezing","restaurant",0,1,1,"midday"
85,737,167,570,"weekday","beforelunch","travelling","warm","grocery",0,1,1,"midday"
85,739,169,570,"weekday","beforelunch","working","warm","grocery",1,1,1,"midday"
85,741,171,570,"weekday","lunch","unknown","warm","grocery",0,1,1,"midday"
85,743,173,570,"weekday","afternoon","working","unknown","grocery",0,1,1,"midday"
85,744,174,570,"weekday","morning","travelling","unknown","restaurant",0,1,1,"morning"
85,747,177,570,"weekend","beforelunch","unknown","unknown","restaurant",1,1,1,"midday"
85,748,178,570,"weekday","afternoon","travelling","hot","restaurant",1,1,1,"midday"
85,749,179,570,"weekday","unknown","working","freezing","restaurant",1,1,1,"unknown"
85,751,181,570,"weekday","lunch","travelling","freezing","restaurant",0,1,1,"midday"
86,574,0,574,"weekday","beforelunch","travelling","freezing","grocery",0,0,0,"midday"
86,577,3,574,"weekend","morning","unknown","freezing","restaurant",0,0,0,"morning"
86,578,4,574,"weekend","earlymorning","unknown","cold","grocery",0,0,0,"morning"
86,582,8,574,"weekday","afternoon","travelling","cold","grocery",0,0,0,"midday"
86,584,10,574,"weekday","breakfast","working","cold","grocery",0,0,0,"morning"
86,588,14,574,"weekday","lunch","travelling","warm","grocery",0,0,0,"midday"
86,593,19,574,"weekday","morning","unknown","hot","grocery",0,0,0,"morning"
86,594,20,574,"weekday","afternoon","travelling","unknown","restaurant",0,0,0,"midday"
86,596,22,574,"weekend","afternoon","working","cold","restaurant",0,0,0,"midday"
86,597,23,574,"weekend","lunch","travelling","freezing","restaurant",1,0,0,"midday"
86,600,26,574,"weekday","morning","travelling","warm","restaurant",0,0,0,"morning"
86,602,28,574,"weekend","beforelunch","unknown","cold","restaurant",1,0,0,"midday"
86,603,29,574,"weekend","beforelunch","leisure","freezing","grocery",1,0,0,"midday"
86,608,34,574,"weekday","afternoon","travelling","warm","grocery",0,0,0,"midday"
86,610,36,574,"weekday","lunch","working","cold","grocery",0,0,0,"midday"
86,612,38,574,"weekend","lunch","working","freezing","restaurant",1,0,0,"midday"
86,614,40,574,"weekday","breakfast","travelling","freezing","grocery",1,0,0,"morning"
86,616,42,574,"unknown","afternoon","travelling","freezing","restaurant",0,0,0,"midday"
86,620,46,574,"weekday","latenight","travelling","freezing","grocery",0,0,0,"night"
86,622,48,574,"weekend","lunch","travelling","cold","restaurant",0,0,0,"midday"
86,623,49,574,"weekday","breakfast","shopping","unknown","restaurant",0,0,0,"morning"
86,624,50,574,"weekday","dinner","unknown","unknown","grocery",0,0,0,"night"
86,625,51,574,"weekday","lunch","travelling","freezing","grocery",1,0,0,"midday"
86,628,54,574,"weekday","breakfast","travelling","unknown","grocery",0,0,0,"morning"
86,630,56,574,"weekday","afternoon","travelling","hot","grocery",0,0,0,"midday"
86,632,58,574,"weekday","afternoon","travelling","freezing","restaurant",0,1,0,"midday"
86,635,61,574,"weekend","lunch","travelling","hot","restaurant",0,1,0,"midday"
86,637,63,574,"weekday","breakfast","unknown","warm","restaurant",0,1,0,"morning"
86,639,65,574,"weekday","morning","travelling","freezing","restaurant",1,1,0,"morning"
86,641,67,574,"weekday","afternoon","working","warm","grocery",0,1,0,"midday"
86,646,72,574,"weekday","lunch","unknown","cold","restaurant",1,1,0,"midday"
86,649,75,574,"weekday","lunch","travelling","unknown","restaurant",0,1,0,"midday"
86,655,81,574,"weekday","evening","shopping","freezing","grocery",0,1,0,"night"
86,658,84,574,"weekend","afternoon","travelling","cold","grocery",0,1,0,"midday"
86,660,86,574,"weekday","lunch","unknown","unknown","restaurant",1,1,0,"midday"
86,661,87,574,"weekday","breakfast","travelling","freezing","grocery",1,1,0,"morning"
86,663,89,574,"weekday","lunch","travelling","freezing","grocery",1,1,0,"midday"
86,664,90,574,"weekday","morning","morningrituals","unknown","restaurant",0,1,0,"morning"
86,669,95,574,"weekday","lunch","working","cold","grocery",1,1,0,"midday"
86,674,100,574,"weekday","lunch","travelling","warm","grocery",0,1,0,"midday"
86,675,101,574,"weekday","beforelunch","unknown","freezing","grocery",0,1,0,"midday"
86,679,105,574,"weekday","afternoon","travelling","cold","grocery",0,1,0,"midday"
86,681,107,574,"weekday","night","travelling","cold","restaurant",0,1,0,"night"
86,684,110,574,"weekday","morning","travelling","warm","restaurant",1,1,0,"morning"
86,685,111,574,"weekday","morning","unknown","hot","restaurant",1,1,0,"morning"
86,687,113,574,"weekday","morning","leisure","unknown","grocery",1,1,1,"morning"
86,690,116,574,"weekday","lunch","travelling","freezing","restaurant",0,1,1,"midday"
86,695,121,574,"weekday","afternoon","travelling","cold","grocery",0,1,1,"midday"
86,697,123,574,"weekend","morning","morningrituals","freezing","grocery",1,1,1,"morning"
86,700,126,574,"weekday","afternoon","unknown","cold","grocery",1,1,1,"midday"
86,701,127,574,"weekday","beforelunch","travelling","unknown","restaurant",1,1,1,"midday"
86,704,130,574,"weekend","beforelunch","travelling","freezing","grocery",1,1,1,"midday"
86,706,132,574,"weekend","dinner","travelling","warm","restaurant",0,1,1,"night"
86,709,135,574,"weekday","evening","travelling","warm","restaurant",1,1,1,"night"
86,711,137,574,"weekday","afternoon","travelling","freezing","restaurant",1,1,1,"midday"
86,715,141,574,"weekday","breakfast","working","cold","grocery",0,1,1,"morning"
86,716,142,574,"weekday","evening","unknown","freezing","grocery",0,1,1,"night"
86,718,144,574,"weekday","beforelunch","travelling","warm","grocery",0,1,1,"midday"
86,719,145,574,"weekday","afternoon","unknown","freezing","restaurant",0,1,1,"midday"
86,726,152,574,"weekday","breakfast","travelling","cold","restaurant",0,1,1,"morning"
86,732,158,574,"unknown","beforelunch","working","cold","restaurant",1,1,1,"midday"
86,742,168,574,"weekday","afternoon","travelling","freezing","restaurant",0,1,1,"midday"
86,746,172,574,"weekday","beforelunch","travelling","cold","grocery",1,1,1,"midday"
86,748,174,574,"weekend","dinner","travelling","unknown","grocery",0,1,1,"night"
86,749,175,574,"weekday","lunch","travelling","freezing","grocery",0,1,1,"midday"
86,751,177,574,"weekday","afternoon","travelling","cold","grocery",1,1,1,"midday"
86,754,180,574,"weekday","afternoon","travelling","unknown","grocery",0,1,1,"midday"
86,757,183,574,"weekday","beforelunch","unknown","freezing","grocery",0,1,1,"midday"
87,582,0,582,"weekend","lunch","leisure","unknown","restaurant",1,0,0,"midday"
87,584,2,582,"weekday","afternoon","working","warm","grocery",0,0,0,"midday"
87,585,3,582,"weekend","afternoon","unknown","unknown","restaurant",1,0,0,"midday"
87,595,13,582,"weekday","lunch","shopping","unknown","restaurant",0,0,0,"midday"
87,612,30,582,"weekend","earlymorning","shopping","unknown","restaurant",0,0,0,"morning"
87,614,32,582,"weekday","dinner","travelling","cold","restaurant",1,0,0,"night"
87,618,36,582,"weekend","lunch","unknown","warm","restaurant",0,0,0,"midday"
87,619,37,582,"weekday","lunch","travelling","unknown","grocery",0,0,0,"midday"
87,621,39,582,"weekday","dinner","travelling","hot","restaurant",0,0,0,"night"
87,625,43,582,"weekday","morning","travelling","freezing","restaurant",0,0,0,"morning"
87,635,53,582,"weekday","lunch","travelling","unknown","restaurant",0,0,0,"midday"
87,641,59,582,"weekday","morning","travelling","freezing","grocery",1,1,0,"morning"
87,644,62,582,"weekday","lunch","working","warm","grocery",0,1,0,"midday"
87,646,64,582,"weekday","breakfast","travelling","freezing","grocery",0,1,0,"morning"
87,649,67,582,"weekend","earlymorning","travelling","warm","grocery",0,1,0,"morning"
87,650,68,582,"weekend","evening","travelling","unknown","grocery",0,1,0,"night"
87,651,69,582,"weekday","beforelunch","travelling","cold","grocery",0,1,0,"midday"
87,653,71,582,"weekday","morning","travelling","warm","restaurant",0,1,0,"morning"
87,655,73,582,"weekday","unknown","travelling","hot","restaurant",1,1,0,"unknown"
87,658,76,582,"weekday","beforelunch","unknown","freezing","restaurant",0,1,0,"midday"
87,659,77,582,"weekday","lunch","travelling","unknown","grocery",0,1,0,"midday"
87,662,80,582,"weekday","lunch","travelling","unknown","grocery",1,1,0,"midday"
87,670,88,582,"weekday","beforelunch","unknown","cold","grocery",0,1,0,"midday"
87,679,97,582,"weekend","dinner","travelling","unknown","grocery",1,1,0,"night"
87,683,101,582,"weekday","afternoon","shopping","freezing","restaurant",0,1,0,"midday"
87,684,102,582,"weekend","breakfast","unknown","freezing","grocery",0,1,0,"morning"
87,686,104,582,"weekday","lunch","travelling","cold","restaurant",1,1,0,"midday"
87,690,108,582,"weekend","breakfast","morningrituals","unknown","restaurant",0,1,0,"morning"
87,702,120,582,"unknown","morning","working","unknown","grocery",0,1,1,"morning"
87,708,126,582,"weekday","afternoon","travelling","cold","grocery",1,1,1,"midday"
87,709,127,582,"weekend","breakfast","shopping","cold","restaurant",0,1,1,"morning"
87,711,129,582,"weekday","beforelunch","travelling","hot","grocery",0,1,1,"midday"
87,712,130,582,"weekday","afternoon","unknown","unknown","restaurant",0,1,1,"midday"
87,719,137,582,"unknown","afternoon","shopping","unknown","grocery",0,1,1,"midday"
87,723,141,582,"weekend","lunch","travelling","hot","restaurant",1,1,1,"midday"
87,729,147,582,"weekend","afternoon","travelling","cold","restaurant",0,1,1,"midday"
87,734,152,582,"weekday","breakfast","morningrituals","unknown","restaurant",0,1,1,"morning"
87,740,158,582,"weekday","afternoon","unknown","hot","restaurant",0,1,1,"midday"
87,741,159,582,"weekday","afternoon","travelling","hot","grocery",0,1,1,"midday"
87,745,163,582,"weekday","afternoon","travelling","freezing","restaurant",0,1,1,"midday"
87,747,165,582,"weekday","afternoon","travelling","cold","grocery",0,1,1,"midday"
87,749,167,582,"weekday","breakfast","unknown","unknown","grocery",1,1,1,"morning"
87,750,168,582,"weekday","beforelunch","unknown","hot","restaurant",0,1,1,"midday"
87,753,171,582,"weekend","afternoon","travelling","warm","restaurant",1,1,1,"midday"
87,754,172,582,"weekday","beforelunch","travelling","freezing","grocery",1,1,1,"midday"
87,756,174,582,"weekend","afternoon","travelling","freezing","restaurant",0,1,1,"midday"
87,760,178,582,"weekday","afternoon","morningrituals","unknown","grocery",0,1,1,"midday"
87,761,179,582,"weekend","earlymorning","unknown","freezing","restaurant",0,1,1,"morning"
87,762,180,582,"weekday","lunch","travelling","unknown","grocery",1,1,1,"midday"
87,764,182,582,"weekend","afternoon","working","cold","grocery",1,1,1,"midday"
88,585,2,583,"weekday","beforelunch","travelling","cold","grocery",1,0,0,"midday"
88,587,4,583,"weekday","beforelunch","travelling","unknown","restaurant",1,0,0,"midday"
88,589,6,583,"weekday","beforelunch","working","unknown","restaurant",1,0,0,"midday"
88,591,8,583,"weekday","afternoon","travelling","unknown","grocery",0,0,0,"midday"
88,596,13,583,"weekday","afternoon","working","unknown","grocery",1,0,0,"midday"
88,608,25,583,"weekday","afternoon","morningrituals","warm","restaurant",0,0,0,"midday"
88,612,29,583,"weekday","breakfast","leisure","cold","restaurant",1,0,0,"morning"
88,613,30,583,"weekend","dinner","travelling","cold","grocery",0,0,0,"night"
88,619,36,583,"weekday","afternoon","travelling","freezing","restaurant",1,0,0,"midday"
88,623,40,583,"weekday","morning","travelling","warm","grocery",0,0,0,"morning"
88,640,57,583,"weekend","earlymorning","travelling","unknown","grocery",1,1,0,"morning"
88,641,58,583,"weekday","beforelunch","travelling","cold","restaurant",0,1,0,"midday"
88,643,60,583,"weekday","breakfast","working","freezing","restaurant",1,1,0,"morning"
88,645,62,583,"weekend","dinner","travelling","cold","restaurant",0,1,0,"night"
88,647,64,583,"weekday","beforelunch","shopping","warm","grocery",0,1,0,"midday"
88,658,75,583,"weekday","evening","travelling","cold","grocery",0,1,0,"night"
88,662,79,583,"weekday","beforelunch","travelling","unknown","restaurant",0,1,0,"midday"
88,670,87,583,"unknown","beforelunch","travelling","cold","grocery",0,1,0,"midday"
88,672,89,583,"weekend","night","unknown","freezing","restaurant",1,1,0,"night"
88,690,107,583,"weekday","lunch","working","freezing","restaurant",0,1,0,"midday"
88,698,115,583,"weekday","lunch","travelling","unknown","grocery",0,1,1,"midday"
88,710,127,583,"weekend","afternoon","unknown","freezing","grocery",0,1,1,"midday"
88,712,129,583,"weekend","afternoon","travelling","freezing","restaurant",1,1,1,"midday"
88,734,151,583,"weekend","breakfast","travelling","hot","grocery",0,1,1,"morning"
88,746,163,583,"weekday","night","leisure","cold","grocery",0,1,1,"night"
88,752,169,583,"weekend","breakfast","travelling","hot","restaurant",1,1,1,"morning"
88,753,170,583,"weekend","breakfast","travelling","cold","grocery",0,1,1,"morning"
89,595,1,594,"weekday","dinner","working","unknown","restaurant",0,0,0,"night"
89,596,2,594,"weekday","afternoon","unknown","freezing","restaurant",0,0,0,"midday"
89,605,11,594,"weekend","lunch","travelling","freezing","grocery",0,0,0,"midday"
89,608,14,594,"weekday","dinner","travelling","hot","grocery",1,0,0,"night"
89,609,15,594,"weekday","lunch","unknown","freezing","grocery",0,0,0,"midday"
89,622,28,594,"weekend","beforelunch","unknown","warm","grocery",0,0,0,"midday"
89,630,36,594,"weekday","evening","working","freezing","restaurant",1,0,0,"night"
89,633,39,594,"weekend","afternoon","leisure","unknown","grocery",0,0,0,"midday"
89,634,40,594,"weekday","afternoon","travelling","hot","grocery",0,0,0,"midday"
89,635,41,594,"weekday","lunch","travelling","unknown","grocery",1,0,0,"midday"
89,636,42,594,"weekday","afternoon","unknown","cold","grocery",0,0,0,"midday"
89,639,45,594,"weekday","lunch","travelling","unknown","grocery",1,0,0,"midday"
89,643,49,594,"weekend","afternoon","travelling","unknown","restaurant",1,0,0,"midday"
89,644,50,594,"weekday","beforelunch","unknown","cold","restaurant",0,0,0,"midday"
89,648,54,594,"weekday","morning","working","freezing","grocery",0,0,0,"morning"
89,650,56,594,"weekend","beforelunch","travelling","hot","grocery",0,0,0,"midday"
89,651,57,594,"weekday","lunch","travelling","freezing","grocery",1,1,0,"midday"
89,655,61,594,"weekend","lunch","morningrituals","unknown","grocery",0,1,0,"midday"
89,656,62,594,"weekday","dinner","travelling","unknown","grocery",0,1,0,"night"
89,659,65,594,"weekday","lunch","travelling","cold","restaurant",0,1,0,"midday"
89,667,73,594,"weekday","afternoon","travelling","cold","restaurant",0,1,0,"midday"
89,670,76,594,"weekday","afternoon","shopping","cold","grocery",1,1,0,"midday"
89,674,80,594,"weekday","afternoon","travelling","hot","grocery",0,1,0,"midday"
89,676,82,594,"weekday","lunch","shopping","unknown","restaurant",0,1,0,"midday"
89,677,83,594,"weekday","morning","travelling","warm","restaurant",0,1,0,"morning"
89,678,84,594,"weekday","beforelunch","unknown","cold","grocery",1,1,0,"midday"
89,679,85,594,"weekday","beforelunch","travelling","freezing","grocery",1,1,0,"midday"
89,680,86,594,"weekday","morning","unknown","unknown","restaurant",1,1,0,"morning"
89,685,91,594,"weekday","breakfast","unknown","hot","restaurant",0,1,0,"morning"
89,696,102,594,"weekday","beforelunch","unknown","freezing","grocery",0,1,0,"midday"
89,701,107,594,"weekday","lunch","unknown","cold","restaurant",0,1,0,"midday"
89,702,108,594,"weekend","lunch","travelling","hot","grocery",0,1,0,"midday"
89,703,109,594,"weekday","morning","travelling","cold","grocery",0,1,0,"morning"
89,710,116,594,"weekday","beforelunch","morningrituals","freezing","grocery",0,1,1,"midday"
89,715,121,594,"weekday","afternoon","unknown","unknown","grocery",0,1,1,"midday"
89,718,124,594,"weekday","afternoon","leisure","freezing","grocery",0,1,1,"midday"
89,722,128,594,"weekday","afternoon","travelling","warm","restaurant",0,1,1,"midday"
89,730,136,594,"weekend","lunch","leisure","freezing","grocery",1,1,1,"midday"
89,733,139,594,"weekday","lunch","unknown","cold","grocery",0,1,1,"midday"
89,739,145,594,"weekend","afternoon","unknown","cold","grocery",1,1,1,"midday"
89,741,147,594,"weekend","morning","travelling","cold","grocery",0,1,1,"morning"
89,745,151,594,"weekday","breakfast","travelling","cold","grocery",0,1,1,"morning"
89,749,155,594,"weekend","lunch","unknown","hot","restaurant",1,1,1,"midday"
89,752,158,594,"weekday","beforelunch","travelling","cold","restaurant",0,1,1,"midday"
89,756,162,594,"weekday","dinner","unknown","cold","grocery",0,1,1,"night"
89,762,168,594,"weekday","lunch","shopping","cold","grocery",0,1,1,"midday"
89,765,171,594,"weekday","lunch","travelling","warm","grocery",1,1,1,"midday"
89,770,176,594,"weekday","breakfast","travelling","unknown","grocery",1,1,1,"morning"
89,775,181,594,"weekend","afternoon","leisure","cold","grocery",0,1,1,"midday"
89,777,183,594,"weekday","earlymorning","shopping","freezing","grocery",0,1,1,"morning"
90,602,1,601,"weekday","earlymorning","travelling","cold","grocery",1,0,0,"morning"
90,604,3,601,"weekday","unknown","travelling","cold","restaurant",0,0,0,"unknown"
90,605,4,601,"weekday","lunch","travelling","unknown","grocery",0,0,0,"midday"
90,606,5,601,"weekday","lunch","working","unknown","grocery",0,0,0,"midday"
90,607,6,601,"weekend","afternoon","shopping","unknown","restaurant",0,0,0,"midday"
90,615,14,601,"weekend","beforelunch","travelling","warm","restaurant",0,0,0,"midday"
90,616,15,601,"weekday","beforelunch","travelling","cold","grocery",1,0,0,"midday"
90,618,17,601,"weekday","afternoon","shopping","freezing","grocery",1,0,0,"midday"
90,620,19,601,"weekday","afternoon","unknown","freezing","grocery",0,0,0,"midday"
90,621,20,601,"weekday","lunch","leisure","hot","restaurant",0,0,0,"midday"
90,623,22,601,"weekday","afternoon","travelling","cold","grocery",0,0,0,"midday"
90,624,23,601,"weekend","afternoon","travelling","unknown","grocery",1,0,0,"midday"
90,625,24,601,"weekday","afternoon","travelling","freezing","grocery",0,0,0,"midday"
90,626,25,601,"weekend","earlymorning","leisure","unknown","restaurant",0,0,0,"morning"
90,627,26,601,"weekday","latenight","shopping","unknown","restaurant",0,0,0,"night"
90,628,27,601,"weekday","lunch","travelling","cold","restaurant",1,0,0,"midday"
90,629,28,601,"weekday","unknown","unknown","cold","grocery",0,0,0,"unknown"
90,630,29,601,"weekday","beforelunch","travelling","cold","restaurant",0,0,0,"midday"
90,631,30,601,"weekday","beforelunch","unknown","cold","restaurant",1,0,0,"midday"
90,632,31,601,"weekend","dinner","travelling","warm","restaurant",0,0,0,"night"
90,637,36,601,"weekday","dinner","unknown","cold","restaurant",0,0,0,"night"
90,638,37,601,"weekend","breakfast","travelling","cold","restaurant",0,0,0,"morning"
90,639,38,601,"weekend","afternoon","travelling","freezing","grocery",0,0,0,"midday"
90,640,39,601,"weekend","breakfast","travelling","freezing","restaurant",1,0,0,"morning"
90,641,40,601,"weekday","afternoon","travelling","warm","grocery",0,0,0,"midday"
90,642,41,601,"weekday","breakfast","unknown","cold","grocery",0,0,0,"morning"
90,643,42,601,"weekday","afternoon","travelling","unknown","grocery",0,0,0,"midday"
90,644,43,601,"weekday","dinner","working","cold","restaurant",0,0,0,"night"
90,645,44,601,"weekday","afternoon","shopping","unknown","grocery",1,0,0,"midday"
90,647,46,601,"weekday","morning","travelling","unknown","grocery",0,0,0,"morning"
90,648,47,601,"weekday","afternoon","travelling","cold","restaurant",0,0,0,"midday"
90,649,48,601,"weekday","lunch","travelling","freezing","grocery",0,0,0,"midday"
90,650,49,601,"weekday","unknown","travelling","cold","grocery",0,0,0,"unknown"
90,652,51,601,"weekend","afternoon","travelling","freezing","grocery",0,0,0,"midday"
90,654,53,601,"weekday","afternoon","travelling","warm","restaurant",0,0,0,"midday"
90,655,54,601,"weekend","morning","leisure","cold","grocery",1,0,0,"morning"
90,656,55,601,"weekday","breakfast","leisure","cold","restaurant",0,0,0,"morning"
90,659,58,601,"weekday","lunch","travelling","unknown","grocery",1,1,0,"midday"
90,662,61,601,"weekday","afternoon","travelling","freezing","restaurant",0,1,0,"midday"
90,663,62,601,"weekend","afternoon","travelling","warm","grocery",1,1,0,"midday"
90,664,63,601,"weekday","night","leisure","cold","grocery",1,1,0,"night"
90,666,65,601,"weekday","beforelunch","working","freezing","restaurant",1,1,0,"midday"
90,667,66,601,"weekday","earlymorning","travelling","unknown","restaurant",1,1,0,"morning"
90,668,67,601,"weekend","unknown","morningrituals","unknown","restaurant",0,1,0,"unknown"
90,669,68,601,"weekday","morning","travelling","cold","restaurant",0,1,0,"morning"
90,670,69,601,"weekday","lunch","working","freezing","grocery",1,1,0,"midday"
90,671,70,601,"weekday","breakfast","travelling","freezing","grocery",0,1,0,"morning"
90,672,71,601,"unknown","lunch","working","unknown","grocery",1,1,0,"midday"
90,673,72,601,"weekend","afternoon","travelling","cold","grocery",0,1,0,"midday"
90,674,73,601,"weekday","breakfast","leisure","cold","grocery",0,1,0,"morning"
90,676,75,601,"weekday","morning","travelling","warm","grocery",0,1,0,"morning"
90,677,76,601,"weekday","lunch","leisure","cold","grocery",0,1,0,"midday"
90,678,77,601,"weekday","breakfast","working","unknown","restaurant",0,1,0,"morning"
90,683,82,601,"weekday","lunch","morningrituals","cold","grocery",0,1,0,"midday"
90,684,83,601,"weekday","beforelunch","working","warm","grocery",1,1,0,"midday"
90,686,85,601,"weekday","lunch","unknown","cold","restaurant",0,1,0,"midday"
90,687,86,601,"weekday","afternoon","travelling","unknown","grocery",1,1,0,"midday"
90,688,87,601,"weekday","lunch","travelling","unknown","grocery",0,1,0,"midday"
90,689,88,601,"weekday","breakfast","unknown","unknown","restaurant",0,1,0,"morning"
90,690,89,601,"weekday","unknown","travelling","hot","restaurant",1,1,0,"unknown"
90,691,90,601,"weekend","afternoon","travelling","cold","grocery",0,1,0,"midday"
90,694,93,601,"weekday","earlymorning","travelling","cold","grocery",0,1,0,"morning"
90,695,94,601,"unknown","afternoon","travelling","cold","restaurant",0,1,0,"midday"
90,696,95,601,"weekday","morning","travelling","warm","grocery",0,1,0,"morning"
90,697,96,601,"weekday","unknown","morningrituals","cold","grocery",0,1,0,"unknown"
90,698,97,601,"weekday","afternoon","unknown","unknown","grocery",1,1,0,"midday"
90,700,99,601,"weekend","lunch","travelling","warm","grocery",1,1,0,"midday"
90,701,100,601,"weekday","breakfast","travelling","freezing","restaurant",1,1,0,"morning"
90,703,102,601,"weekday","breakfast","unknown","freezing","grocery",0,1,0,"morning"
90,704,103,601,"weekend","afternoon","travelling","cold","grocery",0,1,0,"midday"
90,706,105,601,"weekday","dinner","travelling","cold","restaurant",1,1,0,"night"
90,707,106,601,"weekday","lunch","travelling","freezing","grocery",0,1,0,"midday"
90,709,108,601,"weekday","beforelunch","travelling","freezing","restaurant",1,1,0,"midday"
90,711,110,601,"weekday","beforelunch","travelling","cold","restaurant",0,1,0,"midday"
90,712,111,601,"weekend","morning","unknown","freezing","grocery",0,1,0,"morning"
90,714,113,601,"weekday","beforelunch","working","freezing","grocery",0,1,1,"midday"
90,717,116,601,"weekend","morning","travelling","hot","grocery",1,1,1,"morning"
90,718,117,601,"weekday","breakfast","travelling","unknown","grocery",1,1,1,"morning"
90,720,119,601,"weekend","beforelunch","travelling","unknown","restaurant",0,1,1,"midday"
90,721,120,601,"weekday","lunch","travelling","cold","restaurant",0,1,1,"midday"
90,722,121,601,"weekend","unknown","leisure","freezing","restaurant",0,1,1,"unknown"
90,723,122,601,"weekday","lunch","travelling","unknown","restaurant",0,1,1,"midday"
90,724,123,601,"weekday","breakfast","travelling","cold","restaurant",0,1,1,"morning"
90,726,125,601,"weekday","beforelunch","shopping","freezing","restaurant",1,1,1,"midday"
90,727,126,601,"unknown","afternoon","leisure","freezing","grocery",1,1,1,"midday"
90,728,127,601,"weekday","breakfast","travelling","unknown","grocery",0,1,1,"morning"
90,729,128,601,"weekday","beforelunch","working","cold","restaurant",0,1,1,"midday"
90,730,129,601,"weekend","afternoon","travelling","unknown","restaurant",0,1,1,"midday"
90,731,130,601,"weekday","beforelunch","travelling","unknown","restaurant",0,1,1,"midday"
90,734,133,601,"weekend","lunch","unknown","freezing","grocery",1,1,1,"midday"
90,735,134,601,"weekend","morning","travelling","unknown","grocery",0,1,1,"morning"
90,736,135,601,"weekend","lunch","leisure","hot","restaurant",1,1,1,"midday"
90,737,136,601,"weekday","lunch","travelling","freezing","grocery",1,1,1,"midday"
90,738,137,601,"weekday","afternoon","working","freezing","grocery",0,1,1,"midday"
90,741,140,601,"weekday","beforelunch","travelling","cold","grocery",0,1,1,"midday"
90,743,142,601,"weekday","lunch","travelling","freezing","grocery",0,1,1,"midday"
90,744,143,601,"weekend","breakfast","working","cold","grocery",0,1,1,"morning"
90,745,144,601,"weekend","breakfast","housework","freezing","grocery",0,1,1,"morning"
90,746,145,601,"weekday","afternoon","travelling","warm","grocery",0,1,1,"midday"
90,748,147,601,"weekday","afternoon","travelling","hot","grocery",0,1,1,"midday"
90,750,149,601,"unknown","lunch","travelling","unknown","grocery",1,1,1,"midday"
90,753,152,601,"weekday","morning","travelling","cold","grocery",0,1,1,"morning"
90,757,156,601,"weekday","lunch","travelling","freezing","grocery",0,1,1,"midday"
90,758,157,601,"weekday","lunch","leisure","cold","grocery",1,1,1,"midday"
90,759,158,601,"weekday","lunch","working","cold","grocery",0,1,1,"midday"
90,760,159,601,"weekend","lunch","unknown","unknown","grocery",0,1,1,"midday"
90,761,160,601,"weekend","lunch","travelling","warm","grocery",0,1,1,"midday"
90,762,161,601,"weekday","lunch","travelling","unknown","grocery",0,1,1,"midday"
90,764,163,601,"weekday","afternoon","leisure","hot","restaurant",1,1,1,"midday"
90,765,164,601,"weekday","afternoon","travelling","cold","grocery",0,1,1,"midday"
90,767,166,601,"weekend","lunch","travelling","cold","restaurant",1,1,1,"midday"
90,770,169,601,"weekend","morning","travelling","unknown","restaurant",0,1,1,"morning"
90,771,170,601,"weekday","breakfast","unknown","cold","grocery",0,1,1,"morning"
90,775,174,601,"weekend","afternoon","travelling","cold","grocery",0,1,1,"midday"
90,776,175,601,"weekend","afternoon","travelling","hot","restaurant",1,1,1,"midday"
90,777,176,601,"weekday","beforelunch","travelling","freezing","grocery",1,1,1,"midday"
90,778,177,601,"weekday","evening","travelling","unknown","grocery",0,1,1,"night"
90,779,178,601,"weekday","beforelunch","travelling","freezing","restaurant",1,1,1,"midday"
90,780,179,601,"weekday","beforelunch","travelling","freezing","grocery",1,1,1,"midday"
90,784,183,601,"weekend","beforelunch","travelling","freezing","grocery",1,1,1,"midday"
91,624,10,614,"unknown","afternoon","leisure","cold","restaurant",0,0,0,"midday"
91,631,17,614,"weekday","beforelunch","travelling","unknown","grocery",0,0,0,"midday"
91,640,26,614,"weekend","beforelunch","travelling","freezing","grocery",0,0,0,"midday"
91,643,29,614,"weekday","beforelunch","working","cold","restaurant",0,0,0,"midday"
91,653,39,614,"weekday","unknown","travelling","warm","restaurant",1,0,0,"unknown"
91,655,41,614,"weekend","breakfast","shopping","unknown","restaurant",0,0,0,"morning"
91,661,47,614,"weekend","afternoon","working","freezing","grocery",1,0,0,"midday"
91,663,49,614,"weekend","afternoon","travelling","hot","restaurant",0,0,0,"midday"
91,665,51,614,"weekday","afternoon","unknown","freezing","restaurant",0,0,0,"midday"
91,671,57,614,"weekday","breakfast","morningrituals","cold","grocery",0,1,0,"morning"
91,673,59,614,"weekday","earlymorning","unknown","cold","grocery",0,1,0,"morning"
91,674,60,614,"weekday","afternoon","working","cold","restaurant",0,1,0,"midday"
91,680,66,614,"weekday","beforelunch","travelling","cold","grocery",0,1,0,"midday"
91,684,70,614,"weekday","morning","working","warm","restaurant",1,1,0,"morning"
91,686,72,614,"weekday","afternoon","travelling","freezing","grocery",0,1,0,"midday"
91,688,74,614,"weekend","afternoon","working","freezing","grocery",0,1,0,"midday"
91,697,83,614,"weekday","morning","unknown","cold","restaurant",0,1,0,"morning"
91,701,87,614,"weekday","afternoon","travelling","unknown","restaurant",0,1,0,"midday"
91,705,91,614,"weekday","morning","unknown","freezing","grocery",0,1,0,"morning"
91,707,93,614,"weekday","breakfast","travelling","warm","grocery",1,1,0,"morning"
91,708,94,614,"weekday","morning","travelling","freezing","restaurant",1,1,0,"morning"
91,713,99,614,"weekday","afternoon","unknown","cold","grocery",0,1,0,"midday"
91,715,101,614,"weekend","lunch","unknown","freezing","grocery",1,1,0,"midday"
91,727,113,614,"weekend","beforelunch","travelling","cold","restaurant",0,1,1,"midday"
91,729,115,614,"weekday","breakfast","shopping","unknown","grocery",1,1,1,"morning"
91,732,118,614,"weekday","evening","travelling","cold","restaurant",0,1,1,"night"
91,733,119,614,"weekday","evening","unknown","warm","restaurant",0,1,1,"night"
91,736,122,614,"weekend","beforelunch","unknown","cold","grocery",0,1,1,"midday"
91,740,126,614,"weekday","afternoon","travelling","unknown","restaurant",0,1,1,"midday"
91,742,128,614,"unknown","afternoon","travelling","freezing","restaurant",0,1,1,"midday"
91,752,138,614,"weekend","afternoon","unknown","unknown","restaurant",0,1,1,"midday"
91,755,141,614,"weekday","breakfast","travelling","freezing","grocery",0,1,1,"morning"
91,757,143,614,"weekday","breakfast","travelling","unknown","grocery",0,1,1,"morning"
91,761,147,614,"unknown","afternoon","travelling","warm","grocery",0,1,1,"midday"
91,766,152,614,"weekday","morning","unknown","hot","grocery",1,1,1,"morning"
91,770,156,614,"weekday","lunch","travelling","unknown","grocery",0,1,1,"midday"
91,774,160,614,"unknown","breakfast","travelling","cold","restaurant",0,1,1,"morning"
91,776,162,614,"weekend","lunch","travelling","freezing","grocery",0,1,1,"midday"
91,781,167,614,"weekend","lunch","unknown","cold","restaurant",1,1,1,"midday"
91,784,170,614,"weekday","lunch","working","unknown","restaurant",1,1,1,"midday"
91,786,172,614,"weekday","breakfast","travelling","freezing","grocery",0,1,1,"morning"
91,788,174,614,"weekday","lunch","unknown","hot","grocery",0,1,1,"midday"
91,789,175,614,"weekday","lunch","unknown","unknown","grocery",1,1,1,"midday"
91,790,176,614,"weekend","afternoon","travelling","warm","grocery",1,1,1,"midday"
91,794,180,614,"weekend","morning","shopping","warm","grocery",0,1,1,"morning"
91,795,181,614,"weekday","beforelunch","travelling","warm","grocery",1,1,1,"midday"
92,624,0,624,"weekday","beforelunch","travelling","freezing","restaurant",0,0,0,"midday"
92,629,5,624,"weekday","breakfast","travelling","warm","restaurant",0,0,0,"morning"
92,633,9,624,"weekend","afternoon","unknown","hot","grocery",0,0,0,"midday"
92,638,14,624,"weekday","morning","travelling","hot","restaurant",0,0,0,"morning"
92,640,16,624,"weekday","lunch","leisure","warm","restaurant",0,0,0,"midday"
92,651,27,624,"weekday","lunch","working","cold","restaurant",0,0,0,"midday"
92,657,33,624,"weekday","unknown","working","unknown","grocery",0,0,0,"unknown"
92,658,34,624,"weekend","beforelunch","travelling","cold","grocery",1,0,0,"midday"
92,662,38,624,"weekend","night","travelling","unknown","restaurant",0,0,0,"night"
92,665,41,624,"weekday","beforelunch","shopping","cold","restaurant",0,0,0,"midday"
92,679,55,624,"weekday","beforelunch","travelling","warm","grocery",0,0,0,"midday"
92,681,57,624,"weekend","afternoon","leisure","cold","grocery",0,1,0,"midday"
92,701,77,624,"weekday","dinner","unknown","freezing","grocery",0,1,0,"night"
92,703,79,624,"weekday","breakfast","travelling","warm","grocery",0,1,0,"morning"
92,713,89,624,"weekday","beforelunch","travelling","freezing","grocery",1,1,0,"midday"
92,722,98,624,"weekday","beforelunch","leisure","unknown","grocery",0,1,0,"midday"
92,723,99,624,"weekday","lunch","travelling","warm","restaurant",1,1,0,"midday"
92,733,109,624,"weekday","lunch","travelling","unknown","grocery",0,1,0,"midday"
92,741,117,624,"weekend","breakfast","leisure","cold","grocery",1,1,1,"morning"
92,745,121,624,"weekday","afternoon","unknown","cold","restaurant",1,1,1,"midday"
92,750,126,624,"weekday","afternoon","unknown","cold","restaurant",0,1,1,"midday"
92,754,130,624,"weekday","breakfast","unknown","freezing","restaurant",1,1,1,"morning"
92,756,132,624,"weekday","breakfast","travelling","unknown","grocery",0,1,1,"morning"
92,766,142,624,"weekday","beforelunch","travelling","freezing","grocery",1,1,1,"midday"
92,771,147,624,"weekday","lunch","shopping","unknown","restaurant",1,1,1,"midday"
92,772,148,624,"weekday","afternoon","working","hot","grocery",1,1,1,"midday"
92,785,161,624,"weekday","earlymorning","shopping","cold","grocery",0,1,1,"morning"
92,787,163,624,"weekday","afternoon","leisure","cold","grocery",1,1,1,"midday"
92,798,174,624,"weekend","afternoon","housework","freezing","grocery",1,1,1,"midday"
92,800,176,624,"weekday","lunch","leisure","cold","grocery",0,1,1,"midday"
92,802,178,624,"weekend","lunch","leisure","cold","grocery",0,1,1,"midday"
92,807,183,624,"weekday","breakfast","shopping","freezing","restaurant",1,1,1,"morning"
93,631,1,630,"weekday","morning","working","unknown","restaurant",0,0,0,"morning"
93,632,2,630,"weekday","lunch","travelling","cold","restaurant",0,0,0,"midday"
93,635,5,630,"weekday","morning","travelling","cold","grocery",0,0,0,"morning"
93,638,8,630,"weekday","lunch","unknown","cold","restaurant",0,0,0,"midday"
93,640,10,630,"weekday","afternoon","travelling","unknown","grocery",0,0,0,"midday"
93,645,15,630,"weekday","afternoon","working","unknown","grocery",0,0,0,"midday"
93,648,18,630,"weekday","morning","travelling","cold","grocery",1,0,0,"morning"
93,660,30,630,"weekend","afternoon","leisure","unknown","restaurant",0,0,0,"midday"
93,661,31,630,"unknown","unknown","unknown","unknown","restaurant",1,0,0,"unknown"
93,662,32,630,"weekday","night","travelling","warm","grocery",0,0,0,"night"
93,666,36,630,"weekday","breakfast","travelling","cold","restaurant",1,0,0,"morning"
93,667,37,630,"weekday","morning","leisure","hot","restaurant",0,0,0,"morning"
93,669,39,630,"weekday","unknown","travelling","warm","restaurant",1,0,0,"unknown"
93,674,44,630,"weekend","afternoon","travelling","hot","grocery",1,0,0,"midday"
93,676,46,630,"weekday","lunch","shopping","unknown","grocery",0,0,0,"midday"
93,682,52,630,"unknown","latenight","travelling","warm","restaurant",0,0,0,"night"
93,686,56,630,"weekend","dinner","unknown","cold","restaurant",0,0,0,"night"
93,690,60,630,"weekend","lunch","travelling","freezing","restaurant",0,1,0,"midday"
93,704,74,630,"weekend","beforelunch","travelling","cold","restaurant",0,1,0,"midday"
93,713,83,630,"weekday","beforelunch","travelling","cold","restaurant",0,1,0,"midday"
93,726,96,630,"weekday","morning","working","hot","restaurant",1,1,0,"morning"
93,730,100,630,"weekday","lunch","shopping","warm","grocery",0,1,0,"midday"
93,732,102,630,"weekday","beforelunch","leisure","freezing","grocery",1,1,0,"midday"
93,734,104,630,"weekend","afternoon","travelling","cold","grocery",0,1,0,"midday"
93,739,109,630,"weekend","breakfast","travelling","cold","grocery",0,1,0,"morning"
93,741,111,630,"weekday","afternoon","leisure","hot","grocery",0,1,0,"midday"
93,746,116,630,"weekend","lunch","working","freezing","restaurant",0,1,1,"midday"
93,751,121,630,"weekend","afternoon","working","cold","grocery",0,1,1,"midday"
93,756,126,630,"weekday","afternoon","travelling","warm","restaurant",0,1,1,"midday"
93,759,129,630,"weekday","lunch","working","unknown","restaurant",0,1,1,"midday"
93,760,130,630,"weekday","afternoon","travelling","freezing","grocery",1,1,1,"midday"
93,762,132,630,"weekday","lunch","travelling","cold","restaurant",0,1,1,"midday"
93,767,137,630,"weekday","earlymorning","unknown","warm","grocery",1,1,1,"morning"
93,768,138,630,"weekday","lunch","travelling","unknown","restaurant",0,1,1,"midday"
93,769,139,630,"unknown","afternoon","travelling","warm","restaurant",0,1,1,"midday"
93,782,152,630,"weekday","evening","travelling","freezing","grocery",1,1,1,"night"
93,784,154,630,"weekday","lunch","leisure","warm","grocery",0,1,1,"midday"
93,786,156,630,"weekday","afternoon","travelling","unknown","grocery",0,1,1,"midday"
93,789,159,630,"weekend","breakfast","travelling","unknown","grocery",1,1,1,"morning"
93,791,161,630,"weekday","beforelunch","leisure","cold","grocery",1,1,1,"midday"
93,795,165,630,"weekend","lunch","travelling","hot","grocery",1,1,1,"midday"
93,800,170,630,"weekday","beforelunch","travelling","cold","restaurant",1,1,1,"midday"
93,803,173,630,"weekend","beforelunch","unknown","cold","restaurant",0,1,1,"midday"
93,809,179,630,"weekday","evening","travelling","warm","restaurant",1,1,1,"night"
94,641,0,641,"weekday","lunch","leisure","warm","restaurant",0,0,0,"midday"
94,644,3,641,"weekend","dinner","travelling","freezing","grocery",0,0,0,"night"
94,645,4,641,"weekday","night","unknown","unknown","restaurant",0,0,0,"night"
94,649,8,641,"weekday","afternoon","working","freezing","restaurant",0,0,0,"midday"
94,652,11,641,"weekday","morning","leisure","warm","grocery",0,0,0,"morning"
94,653,12,641,"weekend","lunch","morningrituals","cold","grocery",1,0,0,"midday"
94,654,13,641,"weekend","beforelunch","unknown","cold","grocery",0,0,0,"midday"
94,657,16,641,"weekend","lunch","travelling","cold","grocery",0,0,0,"midday"
94,659,18,641,"weekday","lunch","travelling","freezing","grocery",0,0,0,"midday"
94,666,25,641,"weekday","breakfast","travelling","unknown","restaurant",0,0,0,"morning"
94,669,28,641,"weekday","lunch","travelling","cold","restaurant",0,0,0,"midday"
94,670,29,641,"weekend","lunch","unknown","freezing","restaurant",1,0,0,"midday"
94,672,31,641,"weekday","beforelunch","working","cold","grocery",0,0,0,"midday"
94,673,32,641,"weekday","breakfast","travelling","cold","restaurant",1,0,0,"morning"
94,674,33,641,"weekday","beforelunch","travelling","cold","grocery",1,0,0,"midday"
94,675,34,641,"weekend","morning","working","warm","restaurant",0,0,0,"morning"
94,676,35,641,"weekday","afternoon","morningrituals","unknown","grocery",1,0,0,"midday"
94,677,36,641,"weekend","earlymorning","working","freezing","grocery",0,0,0,"morning"
94,678,37,641,"weekday","beforelunch","travelling","warm","restaurant",1,0,0,"midday"
94,679,38,641,"weekday","breakfast","travelling","cold","restaurant",0,0,0,"morning"
94,680,39,641,"weekday","afternoon","travelling","unknown","grocery",1,0,0,"midday"
94,683,42,641,"weekday","beforelunch","working","cold","restaurant",1,0,0,"midday"
94,687,46,641,"weekday","lunch","travelling","hot","grocery",0,0,0,"midday"
94,688,47,641,"weekday","morning","unknown","unknown","grocery",0,0,0,"morning"
94,689,48,641,"weekday","breakfast","travelling","freezing","restaurant",1,0,0,"morning"
94,690,49,641,"weekday","breakfast","leisure","cold","restaurant",0,0,0,"morning"
94,691,50,641,"weekday","beforelunch","unknown","cold","restaurant",0,0,0,"midday"
94,692,51,641,"weekday","dinner","travelling","unknown","restaurant",1,0,0,"night"
94,693,52,641,"weekday","unknown","travelling","cold","restaurant",1,0,0,"unknown"
94,694,53,641,"weekday","lunch","travelling","cold","grocery",0,0,0,"midday"
94,695,54,641,"weekday","lunch","travelling","cold","grocery",1,0,0,"midday"
94,696,55,641,"weekday","beforelunch","leisure","freezing","grocery",0,0,0,"midday"
94,697,56,641,"weekday","lunch","travelling","unknown","grocery",1,0,0,"midday"
94,698,57,641,"weekday","lunch","leisure","warm","grocery",0,1,0,"midday"
94,700,59,641,"weekday","lunch","unknown","cold","restaurant",1,1,0,"midday"
94,702,61,641,"weekday","afternoon","travelling","cold","grocery",0,1,0,"midday"
94,705,64,641,"weekday","beforelunch","travelling","unknown","grocery",1,1,0,"midday"
94,706,65,641,"weekday","afternoon","unknown","freezing","restaurant",1,1,0,"midday"
94,707,66,641,"weekday","morning","working","freezing","grocery",1,1,0,"morning"
94,708,67,641,"weekday","afternoon","travelling","unknown","restaurant",0,1,0,"midday"
94,710,69,641,"weekend","breakfast","travelling","unknown","restaurant",0,1,0,"morning"
94,714,73,641,"weekday","lunch","travelling","cold","restaurant",0,1,0,"midday"
94,715,74,641,"weekday","unknown","travelling","cold","restaurant",0,1,0,"unknown"
94,717,76,641,"weekday","dinner","travelling","cold","restaurant",0,1,0,"night"
94,719,78,641,"weekday","unknown","travelling","warm","grocery",1,1,0,"unknown"
94,721,80,641,"weekday","morning","travelling","cold","grocery",1,1,0,"morning"
94,722,81,641,"weekday","lunch","morningrituals","cold","restaurant",0,1,0,"midday"
94,723,82,641,"weekday","beforelunch","travelling","unknown","grocery",0,1,0,"midday"
94,724,83,641,"weekday","afternoon","travelling","cold","grocery",0,1,0,"midday"
94,725,84,641,"weekend","afternoon","travelling","cold","grocery",0,1,0,"midday"
94,726,85,641,"weekday","lunch","working","cold","grocery",0,1,0,"midday"
94,727,86,641,"weekday","afternoon","unknown","cold","grocery",0,1,0,"midday"
94,728,87,641,"weekday","afternoon","travelling","warm","grocery",0,1,0,"midday"
94,730,89,641,"weekday","afternoon","travelling","warm","restaurant",0,1,0,"midday"
94,731,90,641,"weekend","beforelunch","morningrituals","hot","grocery",0,1,0,"midday"
94,732,91,641,"weekday","afternoon","travelling","cold","grocery",0,1,0,"midday"
94,734,93,641,"weekend","lunch","travelling","cold","grocery",0,1,0,"midday"
94,740,99,641,"weekday","lunch","shopping","cold","restaurant",1,1,0,"midday"
94,741,100,641,"weekday","beforelunch","unknown","cold","grocery",0,1,0,"midday"
94,742,101,641,"weekday","breakfast","travelling","freezing","restaurant",1,1,0,"morning"
94,743,102,641,"weekend","night","leisure","unknown","grocery",0,1,0,"night"
94,747,106,641,"weekday","breakfast","travelling","freezing","grocery",1,1,0,"morning"
94,748,107,641,"weekend","afternoon","travelling","freezing","restaurant",0,1,0,"midday"
94,749,108,641,"weekday","beforelunch","leisure","warm","restaurant",0,1,0,"midday"
94,750,109,641,"weekend","afternoon","unknown","unknown","restaurant",0,1,0,"midday"
94,752,111,641,"weekday","beforelunch","travelling","cold","restaurant",1,1,0,"midday"
94,753,112,641,"weekday","afternoon","travelling","hot","grocery",0,1,0,"midday"
94,754,113,641,"weekday","beforelunch","shopping","freezing","restaurant",1,1,1,"midday"
94,755,114,641,"weekday","afternoon","travelling","unknown","restaurant",0,1,1,"midday"
94,756,115,641,"weekday","beforelunch","travelling","unknown","grocery",0,1,1,"midday"
94,757,116,641,"weekday","afternoon","travelling","cold","grocery",1,1,1,"midday"
94,759,118,641,"weekday","afternoon","travelling","unknown","grocery",0,1,1,"midday"
94,760,119,641,"weekday","lunch","travelling","unknown","grocery",0,1,1,"midday"
94,762,121,641,"weekday","morning","leisure","unknown","grocery",0,1,1,"morning"
94,763,122,641,"weekday","unknown","travelling","cold","grocery",0,1,1,"unknown"
94,764,123,641,"weekday","lunch","leisure","freezing","restaurant",1,1,1,"midday"
94,767,126,641,"weekend","morning","unknown","cold","grocery",0,1,1,"morning"
94,768,127,641,"weekend","beforelunch","unknown","freezing","grocery",1,1,1,"midday"
94,770,129,641,"weekday","beforelunch","leisure","freezing","restaurant",0,1,1,"midday"
94,772,131,641,"weekend","breakfast","unknown","unknown","grocery",1,1,1,"morning"
94,773,132,641,"weekend","beforelunch","travelling","warm","grocery",1,1,1,"midday"
94,774,133,641,"weekday","afternoon","working","cold","grocery",1,1,1,"midday"
94,775,134,641,"weekend","lunch","morningrituals","freezing","grocery",0,1,1,"midday"
94,776,135,641,"weekday","dinner","shopping","unknown","restaurant",0,1,1,"night"
94,777,136,641,"weekday","afternoon","travelling","freezing","grocery",1,1,1,"midday"
94,780,139,641,"weekend","lunch","working","freezing","grocery",0,1,1,"midday"
94,782,141,641,"weekday","afternoon","leisure","cold","grocery",0,1,1,"midday"
94,783,142,641,"weekend","lunch","travelling","cold","restaurant",0,1,1,"midday"
94,785,144,641,"weekday","lunch","travelling","cold","restaurant",0,1,1,"midday"
94,786,145,641,"weekday","beforelunch","travelling","cold","grocery",1,1,1,"midday"
94,788,147,641,"weekday","breakfast","unknown","cold","restaurant",0,1,1,"morning"
94,789,148,641,"weekday","morning","social","unknown","grocery",0,1,1,"morning"
94,790,149,641,"weekend","morning","travelling","unknown","restaurant",1,1,1,"morning"
94,791,150,641,"weekday","breakfast","travelling","hot","grocery",0,1,1,"morning"
94,792,151,641,"weekday","beforelunch","unknown","freezing","restaurant",0,1,1,"midday"
94,796,155,641,"weekday","unknown","travelling","hot","restaurant",0,1,1,"unknown"
94,797,156,641,"weekday","afternoon","unknown","hot","grocery",0,1,1,"midday"
94,799,158,641,"weekday","beforelunch","travelling","cold","restaurant",0,1,1,"midday"
94,800,159,641,"weekend","afternoon","travelling","warm","restaurant",1,1,1,"midday"
94,801,160,641,"weekday","dinner","travelling","freezing","restaurant",1,1,1,"night"
94,802,161,641,"weekday","beforelunch","travelling","cold","restaurant",0,1,1,"midday"
94,803,162,641,"weekday","lunch","travelling","unknown","grocery",1,1,1,"midday"
94,805,164,641,"weekend","beforelunch","unknown","unknown","grocery",0,1,1,"midday"
94,807,166,641,"weekday","earlymorning","travelling","warm","restaurant",0,1,1,"morning"
94,809,168,641,"weekday","unknown","travelling","hot","grocery",0,1,1,"unknown"
94,810,169,641,"weekday","afternoon","travelling","cold","grocery",1,1,1,"midday"
94,811,170,641,"weekday","morning","morningrituals","warm","restaurant",0,1,1,"morning"
94,816,175,641,"weekday","beforelunch","travelling","cold","grocery",0,1,1,"midday"
94,818,177,641,"weekday","beforelunch","morningrituals","cold","restaurant",0,1,1,"midday"
94,821,180,641,"weekend","beforelunch","working","unknown","restaurant",0,1,1,"midday"
94,822,181,641,"weekday","afternoon","travelling","cold","grocery",1,1,1,"midday"
94,824,183,641,"weekend","morning","shopping","unknown","grocery",0,1,1,"morning"
95,646,4,642,"weekday","lunch","travelling","cold","grocery",0,0,0,"midday"
95,649,7,642,"weekend","breakfast","shopping","freezing","restaurant",1,0,0,"morning"
95,653,11,642,"unknown","afternoon","travelling","cold","restaurant",0,0,0,"midday"
95,654,12,642,"weekday","beforelunch","travelling","warm","grocery",0,0,0,"midday"
95,656,14,642,"weekday","earlymorning","travelling","cold","restaurant",0,0,0,"morning"
95,657,15,642,"weekend","breakfast","leisure","cold","grocery",0,0,0,"morning"
95,667,25,642,"weekend","afternoon","travelling","cold","grocery",0,0,0,"midday"
95,668,26,642,"weekday","afternoon","travelling","cold","restaurant",0,0,0,"midday"
95,674,32,642,"weekday","breakfast","travelling","warm","restaurant",1,0,0,"morning"
95,676,34,642,"weekday","lunch","leisure","freezing","restaurant",1,0,0,"midday"
95,677,35,642,"weekday","lunch","unknown","cold","restaurant",1,0,0,"midday"
95,681,39,642,"weekday","lunch","working","unknown","restaurant",1,0,0,"midday"
95,682,40,642,"weekend","morning","leisure","hot","restaurant",0,0,0,"morning"
95,687,45,642,"weekday","breakfast","unknown","cold","restaurant",0,0,0,"morning"
95,688,46,642,"weekday","afternoon","travelling","warm","grocery",0,0,0,"midday"
95,692,50,642,"weekday","lunch","travelling","cold","restaurant",0,0,0,"midday"
95,693,51,642,"weekend","beforelunch","leisure","freezing","restaurant",1,0,0,"midday"
95,696,54,642,"weekend","beforelunch","travelling","freezing","restaurant",0,0,0,"midday"
95,697,55,642,"weekday","morning","travelling","unknown","grocery",0,0,0,"morning"
95,698,56,642,"weekday","afternoon","morningrituals","warm","restaurant",1,0,0,"midday"
95,701,59,642,"weekday","afternoon","shopping","cold","restaurant",0,1,0,"midday"
95,704,62,642,"weekday","beforelunch","shopping","cold","grocery",1,1,0,"midday"
95,708,66,642,"weekend","morning","unknown","warm","restaurant",1,1,0,"morning"
95,709,67,642,"weekday","afternoon","travelling","freezing","restaurant",0,1,0,"midday"
95,710,68,642,"weekday","lunch","unknown","freezing","restaurant",0,1,0,"midday"
95,711,69,642,"weekday","breakfast","housework","cold","grocery",0,1,0,"morning"
95,714,72,642,"weekday","lunch","travelling","unknown","grocery",0,1,0,"midday"
95,715,73,642,"weekday","afternoon","travelling","warm","grocery",0,1,0,"midday"
95,717,75,642,"weekday","beforelunch","leisure","unknown","restaurant",0,1,0,"midday"
95,719,77,642,"weekend","unknown","travelling","warm","restaurant",0,1,0,"unknown"
95,721,79,642,"weekday","afternoon","travelling","cold","restaurant",0,1,0,"midday"
95,725,83,642,"weekend","afternoon","travelling","unknown","grocery",0,1,0,"midday"
95,728,86,642,"weekday","lunch","travelling","freezing","grocery",0,1,0,"midday"
95,734,92,642,"weekday","morning","travelling","freezing","restaurant",0,1,0,"morning"
95,735,93,642,"weekday","earlymorning","travelling","warm","restaurant",0,1,0,"morning"
95,736,94,642,"weekday","morning","travelling","cold","grocery",0,1,0,"morning"
95,737,95,642,"weekday","morning","travelling","warm","restaurant",0,1,0,"morning"
95,738,96,642,"weekday","afternoon","travelling","warm","restaurant",0,1,0,"midday"
95,740,98,642,"weekend","afternoon","travelling","cold","restaurant",0,1,0,"midday"
95,741,99,642,"weekday","afternoon","travelling","unknown","restaurant",0,1,0,"midday"
95,745,103,642,"weekday","afternoon","unknown","cold","restaurant",0,1,0,"midday"
95,746,104,642,"weekday","afternoon","unknown","freezing","restaurant",1,1,0,"midday"
95,747,105,642,"weekday","afternoon","travelling","freezing","grocery",0,1,0,"midday"
95,751,109,642,"weekend","lunch","morningrituals","cold","grocery",0,1,0,"midday"
95,752,110,642,"weekday","night","shopping","warm","restaurant",0,1,0,"night"
95,753,111,642,"weekday","morning","unknown","cold","restaurant",0,1,0,"morning"
95,757,115,642,"weekday","afternoon","travelling","warm","grocery",0,1,1,"midday"
95,758,116,642,"weekday","dinner","leisure","unknown","restaurant",0,1,1,"night"
95,761,119,642,"weekday","breakfast","travelling","unknown","restaurant",0,1,1,"morning"
95,763,121,642,"weekday","morning","travelling","cold","grocery",0,1,1,"morning"
95,770,128,642,"weekday","lunch","working","unknown","restaurant",0,1,1,"midday"
95,773,131,642,"weekend","beforelunch","travelling","cold","grocery",1,1,1,"midday"
95,775,133,642,"weekday","lunch","travelling","cold","restaurant",0,1,1,"midday"
95,786,144,642,"weekday","unknown","shopping","cold","grocery",0,1,1,"unknown"
95,790,148,642,"weekday","breakfast","travelling","cold","restaurant",0,1,1,"morning"
95,793,151,642,"weekend","lunch","leisure","unknown","restaurant",1,1,1,"midday"
95,798,156,642,"weekend","afternoon","travelling","hot","grocery",0,1,1,"midday"
95,802,160,642,"weekend","beforelunch","working","cold","restaurant",1,1,1,"midday"
95,806,164,642,"weekday","afternoon","unknown","unknown","restaurant",0,1,1,"midday"
95,808,166,642,"weekday","lunch","leisure","unknown","restaurant",1,1,1,"midday"
95,809,167,642,"weekday","afternoon","travelling","freezing","grocery",0,1,1,"midday"
95,812,170,642,"weekday","beforelunch","travelling","warm","restaurant",1,1,1,"midday"
95,814,172,642,"unknown","afternoon","working","freezing","restaurant",1,1,1,"midday"
95,815,173,642,"weekday","lunch","travelling","unknown","grocery",0,1,1,"midday"
95,818,176,642,"weekday","lunch","travelling","cold","restaurant",1,1,1,"midday"
95,819,177,642,"weekday","morning","travelling","cold","grocery",0,1,1,"morning"
95,820,178,642,"weekday","lunch","shopping","unknown","restaurant",0,1,1,"midday"
95,823,181,642,"weekday","lunch","leisure","unknown","grocery",1,1,1,"midday"
96,652,0,652,"weekday","afternoon","working","hot","restaurant",1,0,0,"midday"
96,654,2,652,"weekday","lunch","leisure","freezing","restaurant",0,0,0,"midday"
96,655,3,652,"weekday","lunch","shopping","cold","grocery",0,0,0,"midday"
96,656,4,652,"weekday","lunch","unknown","warm","grocery",0,0,0,"midday"
96,657,5,652,"weekday","earlymorning","travelling","cold","grocery",0,0,0,"morning"
96,658,6,652,"weekday","morning","shopping","cold","restaurant",0,0,0,"morning"
96,659,7,652,"weekday","morning","travelling","warm","restaurant",0,0,0,"morning"
96,660,8,652,"weekend","breakfast","leisure","freezing","grocery",1,0,0,"morning"
96,661,9,652,"weekday","lunch","travelling","cold","grocery",0,0,0,"midday"
96,662,10,652,"weekday","afternoon","travelling","freezing","restaurant",1,0,0,"midday"
96,663,11,652,"weekend","lunch","leisure","cold","restaurant",0,0,0,"midday"
96,664,12,652,"weekday","afternoon","working","freezing","grocery",1,0,0,"midday"
96,665,13,652,"weekend","breakfast","unknown","warm","grocery",0,0,0,"morning"
96,666,14,652,"weekday","beforelunch","travelling","hot","grocery",1,0,0,"midday"
96,667,15,652,"weekday","afternoon","unknown","freezing","restaurant",0,0,0,"midday"
96,670,18,652,"weekday","afternoon","travelling","freezing","grocery",0,0,0,"midday"
96,671,19,652,"weekday","breakfast","travelling","cold","grocery",1,0,0,"morning"
96,672,20,652,"weekday","afternoon","working","hot","grocery",1,0,0,"midday"
96,673,21,652,"weekday","beforelunch","working","warm","grocery",0,0,0,"midday"
96,674,22,652,"weekday","beforelunch","unknown","warm","grocery",0,0,0,"midday"
96,675,23,652,"weekend","afternoon","shopping","warm","restaurant",1,0,0,"midday"
96,676,24,652,"weekday","breakfast","travelling","cold","restaurant",0,0,0,"morning"
96,677,25,652,"weekend","breakfast","travelling","cold","grocery",1,0,0,"morning"
96,678,26,652,"weekday","lunch","travelling","warm","restaurant",0,0,0,"midday"
96,681,29,652,"weekend","breakfast","travelling","cold","restaurant",0,0,0,"morning"
96,682,30,652,"weekday","beforelunch","travelling","warm","restaurant",1,0,0,"midday"
96,683,31,652,"weekend","lunch","working","warm","grocery",1,0,0,"midday"
96,685,33,652,"weekend","breakfast","unknown","cold","restaurant",0,0,0,"morning"
96,687,35,652,"weekday","morning","housework","cold","restaurant",1,0,0,"morning"
96,690,38,652,"weekday","beforelunch","travelling","unknown","grocery",0,0,0,"midday"
96,692,40,652,"weekday","morning","travelling","hot","restaurant",1,0,0,"morning"
96,693,41,652,"weekday","beforelunch","unknown","cold","grocery",0,0,0,"midday"
96,694,42,652,"weekday","afternoon","morningrituals","cold","grocery",0,0,0,"midday"
96,696,44,652,"weekday","unknown","shopping","unknown","grocery",0,0,0,"unknown"
96,699,47,652,"weekday","lunch","travelling","warm","grocery",0,0,0,"midday"
96,703,51,652,"weekday","afternoon","leisure","unknown","grocery",1,0,0,"midday"
96,704,52,652,"weekday","lunch","working","warm","restaurant",0,0,0,"midday"
96,705,53,652,"weekend","afternoon","shopping","warm","grocery",0,0,0,"midday"
96,707,55,652,"weekend","beforelunch","travelling","unknown","grocery",1,0,0,"midday"
96,708,56,652,"weekday","beforelunch","travelling","unknown","restaurant",0,0,0,"midday"
96,709,57,652,"weekend","lunch","travelling","unknown","grocery",1,1,0,"midday"
96,711,59,652,"weekday","breakfast","travelling","freezing","grocery",0,1,0,"morning"
96,712,60,652,"weekday","afternoon","travelling","cold","grocery",0,1,0,"midday"
96,716,64,652,"weekday","breakfast","unknown","unknown","restaurant",1,1,0,"morning"
96,717,65,652,"weekend","breakfast","travelling","freezing","restaurant",0,1,0,"morning"
96,718,66,652,"weekday","lunch","travelling","freezing","grocery",0,1,0,"midday"
96,719,67,652,"weekday","morning","travelling","unknown","restaurant",0,1,0,"morning"
96,720,68,652,"weekday","lunch","travelling","unknown","grocery",0,1,0,"midday"
96,721,69,652,"weekday","lunch","unknown","unknown","grocery",0,1,0,"midday"
96,723,71,652,"weekday","afternoon","leisure","cold","grocery",0,1,0,"midday"
96,725,73,652,"weekday","lunch","travelling","unknown","restaurant",0,1,0,"midday"
96,726,74,652,"weekday","beforelunch","travelling","cold","grocery",1,1,0,"midday"
96,727,75,652,"weekday","afternoon","working","freezing","restaurant",0,1,0,"midday"
96,728,76,652,"weekday","afternoon","travelling","unknown","grocery",0,1,0,"midday"
96,729,77,652,"weekday","afternoon","travelling","cold","grocery",0,1,0,"midday"
96,730,78,652,"weekday","afternoon","leisure","cold","restaurant",0,1,0,"midday"
96,731,79,652,"weekend","afternoon","shopping","cold","restaurant",1,1,0,"midday"
96,732,80,652,"weekend","afternoon","travelling","freezing","restaurant",0,1,0,"midday"
96,734,82,652,"weekday","morning","travelling","cold","grocery",0,1,0,"morning"
96,735,83,652,"weekday","breakfast","travelling","cold","restaurant",1,1,0,"morning"
96,736,84,652,"weekday","evening","unknown","freezing","grocery",0,1,0,"night"
96,738,86,652,"unknown","afternoon","travelling","cold","restaurant",0,1,0,"midday"
96,740,88,652,"weekend","lunch","shopping","unknown","restaurant",0,1,0,"midday"
96,742,90,652,"weekday","lunch","travelling","cold","grocery",0,1,0,"midday"
96,743,91,652,"weekday","breakfast","travelling","warm","restaurant",0,1,0,"morning"
96,744,92,652,"weekend","breakfast","travelling","cold","restaurant",0,1,0,"morning"
96,745,93,652,"weekday","earlymorning","leisure","warm","restaurant",0,1,0,"morning"
96,746,94,652,"weekday","afternoon","travelling","freezing","grocery",1,1,0,"midday"
96,748,96,652,"weekday","beforelunch","shopping","cold","restaurant",1,1,0,"midday"
96,750,98,652,"weekend","lunch","travelling","cold","restaurant",0,1,0,"midday"
96,753,101,652,"weekday","breakfast","working","cold","grocery",1,1,0,"morning"
96,754,102,652,"weekend","breakfast","travelling","cold","grocery",0,1,0,"morning"
96,756,104,652,"weekday","afternoon","leisure","cold","restaurant",0,1,0,"midday"
96,759,107,652,"weekday","morning","travelling","cold","grocery",1,1,0,"morning"
96,760,108,652,"weekday","afternoon","leisure","unknown","grocery",0,1,0,"midday"
96,763,111,652,"weekend","afternoon","travelling","unknown","restaurant",1,1,0,"midday"
96,764,112,652,"weekday","dinner","travelling","cold","restaurant",0,1,0,"night"
96,765,113,652,"weekday","afternoon","travelling","warm","grocery",0,1,1,"midday"
96,766,114,652,"weekday","afternoon","leisure","cold","grocery",0,1,1,"midday"
96,767,115,652,"weekday","afternoon","working","warm","restaurant",0,1,1,"midday"
96,768,116,652,"weekday","afternoon","travelling","hot","grocery",0,1,1,"midday"
96,769,117,652,"weekday","afternoon","morningrituals","freezing","grocery",0,1,1,"midday"
96,770,118,652,"weekend","afternoon","leisure","freezing","restaurant",1,1,1,"midday"
96,771,119,652,"weekday","beforelunch","leisure","cold","grocery",1,1,1,"midday"
96,774,122,652,"weekend","morning","unknown","cold","restaurant",1,1,1,"morning"
96,775,123,652,"weekend","beforelunch","travelling","cold","grocery",0,1,1,"midday"
96,776,124,652,"weekday","afternoon","unknown","cold","grocery",0,1,1,"midday"
96,777,125,652,"weekday","lunch","travelling","unknown","grocery",1,1,1,"midday"
96,778,126,652,"weekday","lunch","travelling","warm","grocery",0,1,1,"midday"
96,779,127,652,"weekday","afternoon","travelling","warm","restaurant",0,1,1,"midday"
96,780,128,652,"weekend","lunch","unknown","warm","grocery",0,1,1,"midday"
96,782,130,652,"weekday","lunch","travelling","warm","restaurant",0,1,1,"midday"
96,783,131,652,"weekend","breakfast","travelling","warm","restaurant",0,1,1,"morning"
96,785,133,652,"weekday","morning","travelling","warm","grocery",1,1,1,"morning"
96,786,134,652,"weekday","afternoon","travelling","cold","grocery",1,1,1,"midday"
96,791,139,652,"weekday","latenight","leisure","warm","restaurant",0,1,1,"night"
96,792,140,652,"weekday","lunch","working","cold","grocery",0,1,1,"midday"
96,793,141,652,"weekday","afternoon","leisure","unknown","restaurant",0,1,1,"midday"
96,794,142,652,"weekday","beforelunch","travelling","cold","grocery",0,1,1,"midday"
96,795,143,652,"weekday","beforelunch","travelling","warm","grocery",0,1,1,"midday"
96,796,144,652,"weekday","breakfast","travelling","cold","grocery",0,1,1,"morning"
96,797,145,652,"weekday","beforelunch","travelling","cold","grocery",1,1,1,"midday"
96,798,146,652,"weekday","lunch","leisure","freezing","restaurant",0,1,1,"midday"
96,799,147,652,"weekday","afternoon","workingout","cold","grocery",1,1,1,"midday"
96,802,150,652,"weekday","breakfast","travelling","cold","grocery",0,1,1,"morning"
96,804,152,652,"weekday","lunch","travelling","warm","restaurant",0,1,1,"midday"
96,805,153,652,"weekday","beforelunch","working","hot","restaurant",0,1,1,"midday"
96,808,156,652,"weekend","breakfast","travelling","hot","restaurant",1,1,1,"morning"
96,810,158,652,"weekday","afternoon","leisure","unknown","restaurant",1,1,1,"midday"
96,814,162,652,"weekend","afternoon","working","unknown","restaurant",0,1,1,"midday"
96,815,163,652,"weekday","morning","travelling","warm","restaurant",0,1,1,"morning"
96,818,166,652,"weekend","afternoon","travelling","hot","grocery",0,1,1,"midday"
96,819,167,652,"weekday","afternoon","travelling","freezing","grocery",0,1,1,"midday"
96,820,168,652,"weekday","lunch","travelling","cold","grocery",1,1,1,"midday"
96,821,169,652,"weekday","lunch","leisure","cold","restaurant",0,1,1,"midday"
96,822,170,652,"weekday","afternoon","travelling","freezing","restaurant",1,1,1,"midday"
96,823,171,652,"weekday","earlymorning","travelling","cold","grocery",0,1,1,"morning"
96,825,173,652,"weekday","afternoon","morningrituals","warm","restaurant",0,1,1,"midday"
96,826,174,652,"weekday","lunch","travelling","unknown","grocery",0,1,1,"midday"
96,827,175,652,"weekend","lunch","working","freezing","grocery",1,1,1,"midday"
96,830,178,652,"weekend","morning","working","warm","grocery",0,1,1,"morning"
96,831,179,652,"weekend","lunch","workingout","hot","restaurant",0,1,1,"midday"
96,832,180,652,"weekday","afternoon","travelling","cold","restaurant",0,1,1,"midday"
96,833,181,652,"weekday","lunch","travelling","hot","restaurant",1,1,1,"midday"
96,834,182,652,"unknown","earlymorning","working","cold","grocery",0,1,1,"morning"
96,835,183,652,"weekend","beforelunch","shopping","cold","restaurant",0,1,1,"midday"
97,667,2,665,"weekday","beforelunch","shopping","unknown","restaurant",0,0,0,"midday"
97,668,3,665,"weekday","afternoon","unknown","unknown","grocery",0,0,0,"midday"
97,669,4,665,"weekday","afternoon","shopping","unknown","restaurant",1,0,0,"midday"
97,672,7,665,"weekday","breakfast","travelling","cold","grocery",1,0,0,"morning"
97,674,9,665,"weekend","afternoon","travelling","warm","grocery",0,0,0,"midday"
97,676,11,665,"weekday","beforelunch","unknown","freezing","grocery",1,0,0,"midday"
97,678,13,665,"weekday","beforelunch","travelling","hot","grocery",1,0,0,"midday"
97,679,14,665,"weekday","beforelunch","travelling","hot","grocery",1,0,0,"midday"
97,681,16,665,"weekday","afternoon","travelling","unknown","grocery",1,0,0,"midday"
97,683,18,665,"weekday","lunch","shopping","freezing","restaurant",0,0,0,"midday"
97,686,21,665,"weekday","beforelunch","travelling","freezing","grocery",0,0,0,"midday"
97,687,22,665,"weekday","earlymorning","shopping","cold","grocery",1,0,0,"morning"
97,688,23,665,"weekend","lunch","working","freezing","grocery",0,0,0,"midday"
97,690,25,665,"weekday","lunch","shopping","freezing","grocery",0,0,0,"midday"
97,695,30,665,"weekday","afternoon","leisure","warm","restaurant",0,0,0,"midday"
97,696,31,665,"weekday","lunch","travelling","warm","grocery",0,0,0,"midday"
97,698,33,665,"weekday","lunch","travelling","cold","grocery",0,0,0,"midday"
97,704,39,665,"weekday","dinner","travelling","warm","restaurant",0,0,0,"night"
97,706,41,665,"weekend","afternoon","travelling","cold","grocery",0,0,0,"midday"
97,712,47,665,"weekend","dinner","travelling","unknown","restaurant",1,0,0,"night"
97,713,48,665,"weekday","earlymorning","travelling","unknown","grocery",0,0,0,"morning"
97,716,51,665,"weekend","afternoon","unknown","hot","grocery",0,0,0,"midday"
97,724,59,665,"weekend","beforelunch","travelling","warm","restaurant",0,1,0,"midday"
97,727,62,665,"weekday","lunch","travelling","freezing","grocery",0,1,0,"midday"
97,729,64,665,"weekday","breakfast","travelling","unknown","grocery",0,1,0,"morning"
97,730,65,665,"weekday","beforelunch","leisure","warm","grocery",0,1,0,"midday"
97,732,67,665,"weekday","lunch","leisure","cold","restaurant",0,1,0,"midday"
97,734,69,665,"weekday","morning","travelling","cold","grocery",0,1,0,"morning"
97,737,72,665,"weekend","beforelunch","travelling","cold","grocery",1,1,0,"midday"
97,738,73,665,"weekday","breakfast","travelling","unknown","grocery",0,1,0,"morning"
97,740,75,665,"weekday","beforelunch","travelling","unknown","restaurant",0,1,0,"midday"
97,743,78,665,"weekday","evening","shopping","unknown","restaurant",0,1,0,"night"
97,744,79,665,"weekday","beforelunch","working","hot","restaurant",0,1,0,"midday"
97,746,81,665,"weekend","lunch","travelling","warm","grocery",0,1,0,"midday"
97,748,83,665,"weekend","beforelunch","travelling","warm","restaurant",1,1,0,"midday"
97,751,86,665,"weekday","beforelunch","travelling","unknown","grocery",0,1,0,"midday"
97,759,94,665,"weekend","lunch","travelling","unknown","restaurant",0,1,0,"midday"
97,767,102,665,"weekday","afternoon","travelling","freezing","restaurant",0,1,0,"midday"
97,773,108,665,"weekend","lunch","travelling","freezing","restaurant",0,1,0,"midday"
97,775,110,665,"weekday","lunch","travelling","warm","restaurant",0,1,0,"midday"
97,777,112,665,"weekend","lunch","travelling","hot","grocery",0,1,0,"midday"
97,784,119,665,"weekday","lunch","travelling","cold","restaurant",0,1,1,"midday"
97,790,125,665,"weekday","unknown","travelling","unknown","grocery",1,1,1,"unknown"
97,792,127,665,"weekend","unknown","travelling","unknown","grocery",1,1,1,"unknown"
97,796,131,665,"weekend","morning","travelling","warm","restaurant",1,1,1,"morning"
97,799,134,665,"weekday","morning","unknown","cold","restaurant",0,1,1,"morning"
97,801,136,665,"weekday","unknown","travelling","hot","grocery",1,1,1,"unknown"
97,803,138,665,"weekend","afternoon","morningrituals","freezing","restaurant",0,1,1,"midday"
97,811,146,665,"weekend","afternoon","unknown","cold","restaurant",1,1,1,"midday"
97,813,148,665,"weekday","afternoon","travelling","hot","grocery",1,1,1,"midday"
97,814,149,665,"weekday","dinner","leisure","hot","grocery",0,1,1,"night"
97,815,150,665,"weekend","beforelunch","leisure","cold","restaurant",0,1,1,"midday"
97,816,151,665,"weekday","lunch","travelling","hot","grocery",0,1,1,"midday"
97,820,155,665,"weekend","dinner","travelling","freezing","grocery",0,1,1,"night"
97,824,159,665,"weekend","morning","unknown","freezing","grocery",0,1,1,"morning"
97,828,163,665,"weekday","afternoon","travelling","cold","grocery",1,1,1,"midday"
97,833,168,665,"weekday","lunch","unknown","freezing","restaurant",1,1,1,"midday"
97,837,172,665,"weekday","dinner","travelling","freezing","grocery",0,1,1,"night"
97,839,174,665,"weekday","afternoon","working","cold","grocery",1,1,1,"midday"
97,840,175,665,"weekday","lunch","travelling","hot","restaurant",0,1,1,"midday"
97,843,178,665,"weekday","afternoon","travelling","cold","grocery",0,1,1,"midday"
97,844,179,665,"weekday","morning","travelling","freezing","grocery",0,1,1,"morning"
97,845,180,665,"weekday","breakfast","leisure","warm","restaurant",0,1,1,"morning"
98,673,1,672,"weekday","afternoon","travelling","unknown","grocery",0,0,0,"midday"
98,676,4,672,"unknown","morning","shopping","freezing","restaurant",0,0,0,"morning"
98,679,7,672,"weekday","lunch","working","freezing","restaurant",1,0,0,"midday"
98,680,8,672,"weekday","dinner","travelling","freezing","restaurant",0,0,0,"night"
98,681,9,672,"weekend","afternoon","travelling","freezing","grocery",0,0,0,"midday"
98,682,10,672,"weekday","lunch","unknown","freezing","restaurant",0,0,0,"midday"
98,685,13,672,"weekday","lunch","travelling","unknown","grocery",0,0,0,"midday"
98,687,15,672,"weekday","beforelunch","travelling","unknown","grocery",1,0,0,"midday"
98,689,17,672,"weekend","beforelunch","leisure","cold","restaurant",1,0,0,"midday"
98,691,19,672,"weekday","afternoon","morningrituals","unknown","grocery",0,0,0,"midday"
98,695,23,672,"weekday","morning","travelling","warm","restaurant",1,0,0,"morning"
98,696,24,672,"weekday","afternoon","travelling","cold","restaurant",0,0,0,"midday"
98,698,26,672,"weekend","beforelunch","leisure","freezing","restaurant",1,0,0,"midday"
98,705,33,672,"weekday","breakfast","travelling","warm","restaurant",0,0,0,"morning"
98,707,35,672,"weekday","afternoon","travelling","cold","grocery",0,0,0,"midday"
98,708,36,672,"weekend","afternoon","leisure","freezing","restaurant",1,0,0,"midday"
98,713,41,672,"weekday","lunch","unknown","freezing","grocery",1,0,0,"midday"
98,715,43,672,"weekday","lunch","travelling","unknown","restaurant",0,0,0,"midday"
98,716,44,672,"unknown","afternoon","leisure","unknown","grocery",1,0,0,"midday"
98,717,45,672,"weekday","morning","leisure","freezing","grocery",0,0,0,"morning"
98,720,48,672,"weekday","breakfast","travelling","unknown","restaurant",1,0,0,"morning"
98,724,52,672,"weekday","afternoon","travelling","freezing","grocery",1,0,0,"midday"
98,725,53,672,"weekday","lunch","unknown","cold","restaurant",0,0,0,"midday"
98,727,55,672,"weekday","lunch","working","freezing","grocery",1,0,0,"midday"
98,730,58,672,"weekday","afternoon","working","warm","restaurant",0,1,0,"midday"
98,731,59,672,"weekday","lunch","travelling","unknown","grocery",0,1,0,"midday"
98,733,61,672,"weekday","afternoon","unknown","cold","restaurant",0,1,0,"midday"
98,737,65,672,"weekend","lunch","travelling","cold","restaurant",0,1,0,"midday"
98,740,68,672,"weekday","earlymorning","unknown","unknown","restaurant",0,1,0,"morning"
98,743,71,672,"weekend","breakfast","unknown","freezing","grocery",0,1,0,"morning"
98,744,72,672,"weekday","lunch","travelling","freezing","restaurant",1,1,0,"midday"
98,746,74,672,"weekday","afternoon","travelling","cold","grocery",0,1,0,"midday"
98,749,77,672,"weekday","lunch","travelling","freezing","grocery",1,1,0,"midday"
98,753,81,672,"weekday","lunch","travelling","unknown","grocery",1,1,0,"midday"
98,754,82,672,"weekday","night","working","warm","grocery",0,1,0,"night"
98,757,85,672,"weekday","beforelunch","working","warm","grocery",1,1,0,"midday"
98,758,86,672,"weekend","afternoon","unknown","freezing","grocery",1,1,0,"midday"
98,761,89,672,"weekend","lunch","travelling","unknown","grocery",0,1,0,"midday"
98,762,90,672,"unknown","evening","unknown","unknown","restaurant",0,1,0,"night"
98,766,94,672,"weekday","afternoon","shopping","warm","grocery",1,1,0,"midday"
98,767,95,672,"weekend","breakfast","unknown","freezing","grocery",0,1,0,"morning"
98,768,96,672,"weekday","unknown","unknown","cold","restaurant",0,1,0,"unknown"
98,772,100,672,"weekend","afternoon","travelling","unknown","restaurant",1,1,0,"midday"
98,774,102,672,"weekend","afternoon","shopping","warm","restaurant",0,1,0,"midday"
98,778,106,672,"weekday","lunch","travelling","freezing","grocery",1,1,0,"midday"
98,781,109,672,"weekday","lunch","unknown","cold","restaurant",1,1,0,"midday"
98,783,111,672,"weekday","lunch","leisure","cold","restaurant",0,1,0,"midday"
98,785,113,672,"weekend","breakfast","travelling","warm","restaurant",0,1,1,"morning"
98,788,116,672,"weekday","afternoon","travelling","cold","restaurant",1,1,1,"midday"
98,789,117,672,"weekday","beforelunch","working","freezing","restaurant",1,1,1,"midday"
98,791,119,672,"weekday","latenight","travelling","unknown","restaurant",0,1,1,"night"
98,792,120,672,"weekday","morning","leisure","unknown","restaurant",0,1,1,"morning"
98,795,123,672,"weekday","beforelunch","shopping","unknown","grocery",0,1,1,"midday"
98,798,126,672,"weekday","lunch","working","cold","restaurant",1,1,1,"midday"
98,800,128,672,"weekday","unknown","working","cold","restaurant",0,1,1,"unknown"
98,805,133,672,"weekday","lunch","working","unknown","grocery",0,1,1,"midday"
98,806,134,672,"weekday","morning","travelling","freezing","grocery",0,1,1,"morning"
98,807,135,672,"weekday","earlymorning","travelling","freezing","grocery",1,1,1,"morning"
98,808,136,672,"weekend","lunch","travelling","unknown","restaurant",0,1,1,"midday"
98,811,139,672,"weekday","afternoon","travelling","freezing","grocery",0,1,1,"midday"
98,813,141,672,"weekday","lunch","morningrituals","unknown","restaurant",1,1,1,"midday"
98,827,155,672,"weekday","earlymorning","shopping","unknown","restaurant",0,1,1,"morning"
98,830,158,672,"weekend","unknown","travelling","hot","grocery",1,1,1,"unknown"
98,835,163,672,"weekend","beforelunch","shopping","unknown","grocery",1,1,1,"midday"
98,836,164,672,"weekday","afternoon","travelling","freezing","restaurant",0,1,1,"midday"
98,837,165,672,"weekend","morning","travelling","cold","restaurant",0,1,1,"morning"
98,840,168,672,"weekday","breakfast","travelling","freezing","grocery",0,1,1,"morning"
98,842,170,672,"weekday","afternoon","travelling","cold","grocery",0,1,1,"midday"
98,844,172,672,"weekday","lunch","working","freezing","grocery",0,1,1,"midday"
98,845,173,672,"weekday","afternoon","working","unknown","grocery",0,1,1,"midday"
98,849,177,672,"weekday","lunch","travelling","unknown","restaurant",0,1,1,"midday"
98,853,181,672,"weekday","dinner","travelling","cold","grocery",0,1,1,"night"
98,855,183,672,"weekday","lunch","working","cold","grocery",0,1,1,"midday"
99,682,4,678,"weekend","beforelunch","shopping","freezing","restaurant",0,0,0,"midday"
99,683,5,678,"weekday","breakfast","travelling","cold","restaurant",0,0,0,"morning"
99,685,7,678,"weekend","afternoon","travelling","cold","grocery",1,0,0,"midday"
99,686,8,678,"weekday","breakfast","travelling","cold","restaurant",1,0,0,"morning"
99,688,10,678,"weekend","morning","unknown","hot","grocery",1,0,0,"morning"
99,690,12,678,"weekday","lunch","shopping","unknown","restaurant",0,0,0,"midday"
99,691,13,678,"weekday","lunch","leisure","cold","restaurant",0,0,0,"midday"
99,693,15,678,"weekday","breakfast","working","unknown","grocery",1,0,0,"morning"
99,695,17,678,"weekend","lunch","shopping","unknown","grocery",0,0,0,"midday"
99,696,18,678,"weekend","morning","travelling","cold","grocery",0,0,0,"morning"
99,698,20,678,"unknown","morning","travelling","warm","restaurant",1,0,0,"morning"
99,704,26,678,"weekday","afternoon","unknown","cold","grocery",0,0,0,"midday"
99,706,28,678,"weekday","lunch","morningrituals","freezing","grocery",0,0,0,"midday"
99,707,29,678,"weekday","beforelunch","travelling","cold","restaurant",0,0,0,"midday"
99,708,30,678,"weekday","lunch","travelling","unknown","restaurant",0,0,0,"midday"
99,709,31,678,"weekend","lunch","travelling","cold","restaurant",0,0,0,"midday"
99,710,32,678,"weekday","morning","travelling","cold","restaurant",0,0,0,"morning"
99,711,33,678,"weekend","afternoon","travelling","warm","grocery",0,0,0,"midday"
99,712,34,678,"weekday","lunch","unknown","warm","restaurant",1,0,0,"midday"
99,713,35,678,"weekend","lunch","leisure","unknown","restaurant",0,0,0,"midday"
99,719,41,678,"weekday","beforelunch","leisure","cold","grocery",0,0,0,"midday"
99,721,43,678,"weekend","night","travelling","freezing","restaurant",0,0,0,"night"
99,722,44,678,"unknown","afternoon","travelling","unknown","grocery",0,0,0,"midday"
99,724,46,678,"weekday","lunch","travelling","warm","grocery",0,0,0,"midday"
99,727,49,678,"weekday","breakfast","travelling","cold","grocery",0,0,0,"morning"
99,728,50,678,"weekday","afternoon","travelling","freezing","restaurant",0,0,0,"midday"
99,731,53,678,"weekend","beforelunch","unknown","freezing","restaurant",0,0,0,"midday"
99,732,54,678,"weekend","afternoon","unknown","warm","restaurant",1,0,0,"midday"
99,734,56,678,"weekday","afternoon","travelling","cold","grocery",0,0,0,"midday"
99,735,57,678,"weekday","afternoon","working","cold","grocery",1,1,0,"midday"
99,736,58,678,"weekday","lunch","travelling","unknown","grocery",0,1,0,"midday"
99,737,59,678,"weekday","afternoon","travelling","hot","grocery",1,1,0,"midday"
99,738,60,678,"weekday","evening","working","unknown","restaurant",1,1,0,"night"
99,740,62,678,"weekend","morning","unknown","cold","grocery",1,1,0,"morning"
99,741,63,678,"weekday","afternoon","travelling","cold","grocery",0,1,0,"midday"
99,742,64,678,"weekend","lunch","travelling","hot","grocery",1,1,0,"midday"
99,743,65,678,"weekday","breakfast","travelling","hot","restaurant",0,1,0,"morning"
99,745,67,678,"weekday","breakfast","travelling","cold","restaurant",1,1,0,"morning"
99,746,68,678,"weekday","lunch","travelling","freezing","restaurant",0,1,0,"midday"
99,749,71,678,"weekday","afternoon","shopping","hot","restaurant",0,1,0,"midday"
99,750,72,678,"weekday","evening","travelling","unknown","restaurant",0,1,0,"night"
99,751,73,678,"weekday","afternoon","working","hot","grocery",0,1,0,"midday"
99,752,74,678,"weekend","breakfast","travelling","cold","grocery",0,1,0,"morning"
99,754,76,678,"weekday","lunch","working","cold","restaurant",0,1,0,"midday"
99,756,78,678,"weekday","breakfast","travelling","cold","grocery",1,1,0,"morning"
99,757,79,678,"weekday","breakfast","leisure","cold","restaurant",0,1,0,"morning"
99,758,80,678,"weekend","morning","travelling","unknown","restaurant",0,1,0,"morning"
99,759,81,678,"unknown","beforelunch","unknown","freezing","grocery",0,1,0,"midday"
99,760,82,678,"weekday","beforelunch","leisure","cold","grocery",1,1,0,"midday"
99,761,83,678,"weekend","afternoon","travelling","cold","grocery",0,1,0,"midday"
99,763,85,678,"weekend","breakfast","travelling","freezing","grocery",0,1,0,"morning"
99,765,87,678,"weekday","morning","travelling","unknown","restaurant",0,1,0,"morning"
99,766,88,678,"weekend","beforelunch","travelling","unknown","restaurant",0,1,0,"midday"
99,767,89,678,"weekday","dinner","travelling","cold","restaurant",0,1,0,"night"
99,769,91,678,"weekend","breakfast","unknown","freezing","restaurant",0,1,0,"morning"
99,771,93,678,"weekday","breakfast","shopping","cold","restaurant",0,1,0,"morning"
99,775,97,678,"weekday","afternoon","leisure","freezing","grocery",0,1,0,"midday"
99,777,99,678,"weekend","afternoon","working","freezing","grocery",1,1,0,"midday"
99,779,101,678,"weekday","breakfast","unknown","freezing","restaurant",1,1,0,"morning"
99,782,104,678,"weekday","lunch","working","cold","restaurant",0,1,0,"midday"
99,783,105,678,"unknown","lunch","travelling","cold","grocery",0,1,0,"midday"
99,785,107,678,"weekday","afternoon","travelling","cold","grocery",0,1,0,"midday"
99,786,108,678,"weekday","dinner","travelling","freezing","grocery",1,1,0,"night"
99,787,109,678,"weekend","morning","travelling","hot","grocery",0,1,0,"morning"
99,789,111,678,"weekday","lunch","travelling","cold","restaurant",1,1,0,"midday"
99,791,113,678,"weekday","afternoon","travelling","freezing","grocery",0,1,1,"midday"
99,792,114,678,"weekday","afternoon","travelling","cold","grocery",0,1,1,"midday"
99,793,115,678,"weekday","lunch","travelling","cold","restaurant",0,1,1,"midday"
99,794,116,678,"weekday","afternoon","travelling","freezing","grocery",0,1,1,"midday"
99,797,119,678,"weekday","morning","travelling","cold","restaurant",0,1,1,"morning"
99,799,121,678,"weekday","lunch","leisure","unknown","restaurant",1,1,1,"midday"
99,801,123,678,"weekday","latenight","travelling","unknown","grocery",0,1,1,"night"
99,804,126,678,"weekday","lunch","travelling","freezing","grocery",0,1,1,"midday"
99,805,127,678,"weekday","lunch","workingout","freezing","grocery",0,1,1,"midday"
99,806,128,678,"weekday","afternoon","leisure","unknown","restaurant",0,1,1,"midday"
99,811,133,678,"weekday","afternoon","unknown","freezing","grocery",1,1,1,"midday"
99,813,135,678,"weekday","afternoon","travelling","cold","grocery",0,1,1,"midday"
99,815,137,678,"weekday","lunch","leisure","unknown","grocery",0,1,1,"midday"
99,817,139,678,"weekend","lunch","shopping","unknown","grocery",1,1,1,"midday"
99,819,141,678,"weekend","afternoon","working","cold","grocery",1,1,1,"midday"
99,820,142,678,"weekday","evening","working","warm","restaurant",0,1,1,"night"
99,822,144,678,"weekday","afternoon","travelling","cold","grocery",1,1,1,"midday"
99,823,145,678,"weekday","lunch","travelling","warm","restaurant",0,1,1,"midday"
99,827,149,678,"weekend","lunch","travelling","hot","grocery",0,1,1,"midday"
99,828,150,678,"weekday","afternoon","unknown","unknown","restaurant",1,1,1,"midday"
99,830,152,678,"weekday","morning","travelling","unknown","restaurant",1,1,1,"morning"
99,831,153,678,"weekday","breakfast","leisure","warm","restaurant",0,1,1,"morning"
99,832,154,678,"weekday","morning","leisure","warm","restaurant",0,1,1,"morning"
99,834,156,678,"weekend","earlymorning","travelling","cold","grocery",0,1,1,"morning"
99,835,157,678,"weekday","breakfast","leisure","hot","restaurant",0,1,1,"morning"
99,844,166,678,"weekend","afternoon","travelling","cold","grocery",0,1,1,"midday"
99,846,168,678,"weekday","night","travelling","cold","restaurant",0,1,1,"night"
99,847,169,678,"weekday","afternoon","travelling","warm","grocery",0,1,1,"midday"
99,848,170,678,"weekday","breakfast","travelling","unknown","restaurant",0,1,1,"morning"
99,849,171,678,"weekday","breakfast","travelling","unknown","restaurant",0,1,1,"morning"
99,851,173,678,"weekday","afternoon","leisure","warm","restaurant",0,1,1,"midday"
99,852,174,678,"weekend","lunch","travelling","unknown","restaurant",0,1,1,"midday"
99,853,175,678,"weekday","afternoon","travelling","warm","grocery",0,1,1,"midday"
99,854,176,678,"weekend","afternoon","travelling","warm","grocery",0,1,1,"midday"
99,857,179,678,"weekday","afternoon","working","cold","grocery",1,1,1,"midday"
99,860,182,678,"weekend","earlymorning","morningrituals","unknown","restaurant",0,1,1,"morning"
100,690,2,688,"weekend","afternoon","travelling","cold","restaurant",0,0,0,"midday"
100,693,5,688,"weekend","afternoon","travelling","warm","restaurant",0,0,0,"midday"
100,704,16,688,"weekday","lunch","travelling","unknown","restaurant",0,0,0,"midday"
100,709,21,688,"weekday","morning","travelling","freezing","grocery",0,0,0,"morning"
100,710,22,688,"weekend","afternoon","working","warm","grocery",1,0,0,"midday"
100,711,23,688,"weekday","lunch","working","freezing","restaurant",0,0,0,"midday"
100,726,38,688,"weekday","breakfast","unknown","freezing","restaurant",0,0,0,"morning"
100,727,39,688,"weekend","morning","travelling","warm","restaurant",0,0,0,"morning"
100,733,45,688,"weekday","breakfast","travelling","freezing","restaurant",0,0,0,"morning"
100,741,53,688,"weekday","lunch","working","warm","restaurant",1,0,0,"midday"
100,746,58,688,"weekday","earlymorning","travelling","cold","grocery",1,1,0,"morning"
100,750,62,688,"weekday","beforelunch","travelling","cold","restaurant",0,1,0,"midday"
100,751,63,688,"weekend","afternoon","unknown","freezing","restaurant",1,1,0,"midday"
100,755,67,688,"weekend","lunch","travelling","cold","grocery",0,1,0,"midday"
100,766,78,688,"weekday","beforelunch","travelling","cold","restaurant",0,1,0,"midday"
100,794,106,688,"weekday","lunch","leisure","cold","grocery",0,1,0,"midday"
100,800,112,688,"weekday","beforelunch","travelling","unknown","restaurant",0,1,0,"midday"
100,813,125,688,"unknown","lunch","shopping","freezing","restaurant",0,1,1,"midday"
100,820,132,688,"weekday","afternoon","leisure","cold","restaurant",0,1,1,"midday"
100,823,135,688,"weekday","beforelunch","leisure","cold","restaurant",0,1,1,"midday"
100,826,138,688,"weekday","afternoon","unknown","hot","grocery",0,1,1,"midday"
100,831,143,688,"weekend","breakfast","travelling","unknown","restaurant",0,1,1,"morning"
100,834,146,688,"weekday","lunch","leisure","cold","restaurant",1,1,1,"midday"
100,843,155,688,"weekend","beforelunch","unknown","unknown","restaurant",1,1,1,"midday"
