"pid","day","daysInStudy","day_zero","time_type","time_time","situation_major","weather_temperature","notification_type","engagement","S1","S2","time_time_simple"
1,3,3,0,"weekend","beforelunch","travelling","unknown","grocery",0,0,0,"midday"
1,6,6,0,"weekday","lunch","unknown","freezing","restaurant",0,0,0,"midday"
1,13,13,0,"weekday","beforelunch","travelling","hot","grocery",0,0,0,"midday"
1,30,30,0,"weekday","evening","travelling","unknown","grocery",0,0,0,"night"
1,34,34,0,"weekday","morning","travelling","unknown","grocery",0,0,0,"morning"
1,37,37,0,"weekday","lunch","travelling","cold","restaurant",0,0,0,"midday"
1,40,40,0,"weekday","lunch","leisure","freezing","restaurant",0,0,0,"midday"
1,45,45,0,"weekday","night","travelling","warm","grocery",0,0,0,"night"
1,46,46,0,"weekday","unknown","unknown","cold","restaurant",0,0,0,"unknown"
1,54,54,0,"weekday","afternoon","travelling","freezing","restaurant",0,0,0,"midday"
1,58,58,0,"weekday","afternoon","travelling","warm","grocery",0,1,0,"midday"
1,60,60,0,"weekday","lunch","working","unknown","restaurant",1,1,0,"midday"
1,61,61,0,"weekday","morning","travelling","hot","restaurant",0,1,0,"morning"
1,65,65,0,"weekday","afternoon","leisure","freezing","grocery",1,1,0,"midday"
1,68,68,0,"weekday","breakfast","morningrituals","cold","restaurant",0,1,0,"morning"
1,73,73,0,"weekday","afternoon","travelling","cold","grocery",1,1,0,"midday"
1,79,79,0,"weekend","beforelunch","unknown","cold","restaurant",0,1,0,"midday"
1,82,82,0,"weekday","morning","working","freezing","restaurant",0,1,0,"morning"
1,87,87,0,"weekday","afternoon","unknown","unknown","restaurant",0,1,0,"midday"
1,93,93,0,"weekday","beforelunch","travelling","freezing","grocery",0,1,0,"midday"
1,96,96,0,"weekend","breakfast","unknown","cold","restaurant",0,1,0,"morning"
1,100,100,0,"weekend","breakfast","unknown","warm","grocery",1,1,0,"morning"
1,102,102,0,"weekday","beforelunch","travelling","cold","grocery",0,1,0,"midday"
1,111,111,0,"weekday","afternoon","travelling","unknown","grocery",0,1,0,"midday"
1,112,112,0,"weekday","breakfast","travelling","hot","restaurant",1,1,0,"morning"
1,117,117,0,"weekday","lunch","travelling","cold","restaurant",1,1,1,"midday"
1,120,120,0,"weekend","lunch","travelling","freezing","restaurant",0,1,1,"midday"
1,130,130,0,"weekday","lunch","unknown","unknown","grocery",0,1,1,"midday"
1,149,149,0,"weekday","beforelunch","unknown","unknown","restaurant",0,1,1,"midday"
1,150,150,0,"weekday","beforelunch","morningrituals","warm","grocery",0,1,1,"midday"
1,152,152,0,"weekday","breakfast","working","unknown","restaurant",1,1,1,"morning"
1,153,153,0,"weekend","lunch","unknown","hot","restaurant",1,1,1,"midday"
1,156,156,0,"weekday","lunch","morningrituals","freezing","grocery",0,1,1,"midday"
1,166,166,0,"weekend","dinner","working","unknown","grocery",0,1,1,"night"
1,182,182,0,"weekday","afternoon","working","unknown","grocery",0,1,1,"midday"
2,16,5,11,"weekday","afternoon","travelling","warm","restaurant",1,0,0,"midday"
2,18,7,11,"weekday","breakfast","travelling","unknown","grocery",0,0,0,"morning"
2,20,9,11,"weekday","beforelunch","travelling","cold","restaurant",0,0,0,"midday"
2,23,12,11,"weekday","afternoon","travelling","unknown","restaurant",0,0,0,"midday"
2,41,30,11,"weekday","lunch","travelling","unknown","grocery",0,0,0,"midday"
2,44,33,11,"weekend","afternoon","unknown","cold","restaurant",0,0,0,"midday"
2,54,43,11,"weekday","afternoon","travelling","cold","grocery",0,0,0,"midday"
2,55,44,11,"unknown","dinner","travelling","unknown","restaurant",0,0,0,"night"
2,63,52,11,"weekday","morning","travelling","cold","grocery",1,0,0,"morning"
2,65,54,11,"weekday","beforelunch","shopping","warm","grocery",0,0,0,"midday"
2,73,62,11,"weekend","afternoon","travelling","unknown","grocery",0,1,0,"midday"
2,89,78,11,"weekday","dinner","unknown","cold","grocery",0,1,0,"night"
2,96,85,11,"weekday","afternoon","travelling","cold","restaurant",0,1,0,"midday"
2,106,95,11,"weekday","lunch","travelling","freezing","grocery",0,1,0,"midday"
2,111,100,11,"weekday","afternoon","travelling","freezing","grocery",0,1,0,"midday"
2,115,104,11,"weekday","breakfast","travelling","freezing","restaurant",0,1,0,"morning"
2,116,105,11,"weekday","morning","unknown","hot","restaurant",0,1,0,"morning"
2,125,114,11,"weekend","breakfast","unknown","freezing","restaurant",1,1,1,"morning"
2,126,115,11,"weekday","breakfast","travelling","cold","grocery",1,1,1,"morning"
2,128,117,11,"weekday","lunch","travelling","cold","grocery",0,1,1,"midday"
2,138,127,11,"weekend","breakfast","leisure","freezing","restaurant",1,1,1,"morning"
2,142,131,11,"weekday","morning","unknown","warm","restaurant",1,1,1,"morning"
2,175,164,11,"weekday","night","travelling","cold","restaurant",0,1,1,"night"
2,185,174,11,"weekday","lunch","leisure","cold","restaurant",1,1,1,"midday"
2,186,175,11,"weekend","beforelunch","travelling","freezing","grocery",1,1,1,"midday"
2,189,178,11,"weekday","afternoon","travelling","warm","restaurant",0,1,1,"midday"
2,193,182,11,"weekend","night","working","cold","grocery",0,1,1,"night"
3,22,0,22,"weekday","afternoon","unknown","hot","grocery",0,0,0,"midday"
3,23,1,22,"weekday","lunch","leisure","cold","restaurant",0,0,0,"midday"
3,24,2,22,"weekday","afternoon","unknown","cold","grocery",1,0,0,"midday"
3,27,5,22,"weekday","breakfast","unknown","cold","grocery",0,0,0,"morning"
3,29,7,22,"weekday","morning","leisure","cold","grocery",1,0,0,"morning"
3,32,10,22,"weekday","afternoon","travelling","freezing","restaurant",0,0,0,"midday"
3,37,15,22,"weekday","lunch","travelling","freezing","restaurant",1,0,0,"midday"
3,38,16,22,"weekday","beforelunch","travelling","cold","grocery",1,0,0,"midday"
3,39,17,22,"weekday","lunch","travelling","unknown","restaurant",0,0,0,"midday"
3,41,19,22,"weekday","afternoon","working","hot","grocery",1,0,0,"midday"
3,42,20,22,"unknown","afternoon","unknown","unknown","restaurant",1,0,0,"midday"
3,44,22,22,"weekday","breakfast","travelling","cold","grocery",0,0,0,"morning"
3,48,26,22,"weekday","afternoon","travelling","freezing","grocery",0,0,0,"midday"
3,49,27,22,"weekday","beforelunch","travelling","unknown","restaurant",1,0,0,"midday"
3,52,30,22,"weekday","beforelunch","travelling","freezing","restaurant",0,0,0,"midday"
3,53,31,22,"weekday","dinner","travelling","unknown","grocery",0,0,0,"night"
3,54,32,22,"weekday","beforelunch","shopping","freezing","restaurant",0,0,0,"midday"
3,56,34,22,"weekday","morning","travelling","unknown","grocery",0,0,0,"morning"
3,57,35,22,"weekday","lunch","travelling","warm","restaurant",0,0,0,"midday"
3,59,37,22,"weekday","lunch","travelling","freezing","restaurant",0,0,0,"midday"
3,60,38,22,"weekday","morning","travelling","freezing","restaurant",0,0,0,"morning"
3,66,44,22,"weekday","beforelunch","travelling","hot","restaurant",1,0,0,"midday"
3,69,47,22,"weekend","beforelunch","morningrituals","unknown","restaurant",1,0,0,"midday"
3,71,49,22,"weekday","lunch","travelling","unknown","grocery",0,0,0,"midday"
3,74,52,22,"weekday","afternoon","travelling","freezing","grocery",0,0,0,"midday"
3,76,54,22,"weekday","lunch","travelling","cold","grocery",0,0,0,"midday"
3,77,55,22,"weekday","morning","travelling","cold","grocery",0,0,0,"morning"
3,79,57,22,"weekday","afternoon","working","freezing","grocery",0,1,0,"midday"
3,80,58,22,"unknown","lunch","travelling","hot","restaurant",0,1,0,"midday"
3,83,61,22,"weekday","afternoon","working","hot","restaurant",0,1,0,"midday"
3,84,62,22,"weekday","breakfast","travelling","cold","grocery",0,1,0,"morning"
3,86,64,22,"weekday","lunch","working","hot","restaurant",0,1,0,"midday"
3,87,65,22,"weekday","lunch","leisure","cold","restaurant",0,1,0,"midday"
3,88,66,22,"weekend","breakfast","shopping","warm","grocery",0,1,0,"morning"
3,90,68,22,"weekday","breakfast","unknown","cold","restaurant",0,1,0,"morning"
3,91,69,22,"weekend","beforelunch","shopping","unknown","restaurant",0,1,0,"midday"
3,93,71,22,"weekday","beforelunch","travelling","unknown","grocery",0,1,0,"midday"
3,94,72,22,"weekday","afternoon","travelling","unknown","grocery",0,1,0,"midday"
3,96,74,22,"weekday","lunch","working","freezing","grocery",0,1,0,"midday"
3,98,76,22,"weekday","beforelunch","unknown","unknown","restaurant",0,1,0,"midday"
3,99,77,22,"weekday","afternoon","travelling","cold","restaurant",0,1,0,"midday"
3,100,78,22,"weekday","breakfast","shopping","hot","grocery",0,1,0,"morning"
3,101,79,22,"weekday","beforelunch","travelling","freezing","grocery",0,1,0,"midday"
3,102,80,22,"weekday","dinner","leisure","cold","restaurant",1,1,0,"night"
3,103,81,22,"weekend","lunch","shopping","warm","restaurant",0,1,0,"midday"
3,104,82,22,"weekend","beforelunch","travelling","freezing","restaurant",0,1,0,"midday"
3,107,85,22,"weekend","breakfast","leisure","cold","grocery",1,1,0,"morning"
3,108,86,22,"weekday","afternoon","travelling","cold","restaurant",1,1,0,"midday"
3,109,87,22,"weekday","breakfast","unknown","cold","grocery",1,1,0,"morning"
3,112,90,22,"weekend","night","travelling","warm","grocery",1,1,0,"night"
3,113,91,22,"weekday","dinner","travelling","cold","restaurant",1,1,0,"night"
3,116,94,22,"weekday","afternoon","travelling","cold","restaurant",0,1,0,"midday"
3,117,95,22,"weekend","breakfast","unknown","cold","grocery",0,1,0,"morning"
3,119,97,22,"weekday","beforelunch","shopping","unknown","grocery",0,1,0,"midday"
3,120,98,22,"weekday","afternoon","travelling","unknown","restaurant",1,1,0,"midday"
3,121,99,22,"weekday","lunch","unknown","cold","grocery",0,1,0,"midday"
3,123,101,22,"weekday","breakfast","travelling","cold","grocery",1,1,0,"morning"
3,124,102,22,"weekend","lunch","travelling","warm","restaurant",1,1,0,"midday"
3,128,106,22,"weekend","earlymorning","unknown","unknown","restaurant",0,1,0,"morning"
3,129,107,22,"weekday","breakfast","working","unknown","grocery",0,1,0,"morning"
3,130,108,22,"weekday","afternoon","travelling","unknown","restaurant",1,1,0,"midday"
3,131,109,22,"weekday","lunch","working","cold","restaurant",0,1,0,"midday"
3,132,110,22,"weekday","lunch","shopping","cold","grocery",0,1,0,"midday"
3,133,111,22,"weekday","lunch","unknown","cold","restaurant",0,1,0,"midday"
3,135,113,22,"weekday","beforelunch","travelling","cold","restaurant",1,1,1,"midday"
3,136,114,22,"weekday","dinner","travelling","warm","restaurant",0,1,1,"night"
3,140,118,22,"weekday","dinner","travelling","warm","restaurant",0,1,1,"night"
3,141,119,22,"weekend","breakfast","unknown","warm","grocery",0,1,1,"morning"
3,144,122,22,"weekday","evening","morningrituals","cold","restaurant",1,1,1,"night"
3,146,124,22,"weekday","beforelunch","unknown","hot","grocery",0,1,1,"midday"
3,147,125,22,"weekday","lunch","travelling","freezing","grocery",0,1,1,"midday"
3,149,127,22,"weekday","afternoon","travelling","cold","grocery",0,1,1,"midday"
3,150,128,22,"weekend","lunch","unknown","unknown","grocery",0,1,1,"midday"
3,151,129,22,"weekend","lunch","travelling","freezing","grocery",1,1,1,"midday"
3,154,132,22,"weekend","beforelunch","travelling","warm","grocery",0,1,1,"midday"
3,155,133,22,"weekday","breakfast","travelling","cold","grocery",0,1,1,"morning"
3,156,134,22,"weekday","lunch","travelling","freezing","grocery",0,1,1,"midday"
3,157,135,22,"weekday","morning","travelling","freezing","grocery",0,1,1,"morning"
3,158,136,22,"weekday","lunch","travelling","freezing","restaurant",0,1,1,"midday"
3,160,138,22,"weekend","evening","leisure","cold","grocery",0,1,1,"night"
3,162,140,22,"weekday","beforelunch","travelling","warm","restaurant",1,1,1,"midday"
3,163,141,22,"weekday","breakfast","travelling","unknown","restaurant",0,1,1,"morning"
3,164,142,22,"weekday","beforelunch","travelling","freezing","restaurant",0,1,1,"midday"
3,165,143,22,"weekend","lunch","travelling","cold","restaurant",0,1,1,"midday"
3,169,147,22,"weekday","afternoon","travelling","cold","restaurant",0,1,1,"midday"
3,172,150,22,"weekday","lunch","travelling","cold","grocery",0,1,1,"midday"
3,174,152,22,"weekend","lunch","leisure","freezing","restaurant",0,1,1,"midday"
3,180,158,22,"weekday","morning","unknown","unknown","grocery",0,1,1,"morning"
3,181,159,22,"weekday","lunch","travelling","freezing","grocery",1,1,1,"midday"
3,183,161,22,"weekday","beforelunch","unknown","unknown","restaurant",1,1,1,"midday"
3,187,165,22,"weekday","beforelunch","travelling","hot","restaurant",1,1,1,"midday"
3,192,170,22,"weekday","breakfast","shopping","hot","grocery",0,1,1,"morning"
3,193,171,22,"weekday","afternoon","travelling","unknown","grocery",1,1,1,"midday"
3,194,172,22,"weekend","lunch","travelling","warm","restaurant",0,1,1,"midday"
3,198,176,22,"weekend","lunch","travelling","unknown","grocery",1,1,1,"midday"
3,199,177,22,"weekday","afternoon","working","freezing","grocery",0,1,1,"midday"
3,200,178,22,"weekend","afternoon","unknown","unknown","restaurant",1,1,1,"midday"
3,201,179,22,"weekend","afternoon","unknown","cold","grocery",0,1,1,"midday"
3,202,180,22,"weekend","beforelunch","travelling","cold","grocery",0,1,1,"midday"
3,203,181,22,"weekday","lunch","travelling","unknown","grocery",0,1,1,"midday"
3,205,183,22,"weekday","beforelunch","working","cold","grocery",0,1,1,"midday"
4,25,0,25,"weekday","dinner","travelling","unknown","grocery",1,0,0,"night"
4,26,1,25,"weekday","breakfast","working","freezing","grocery",1,0,0,"morning"
4,28,3,25,"weekend","lunch","unknown","cold","grocery",0,0,0,"midday"
4,32,7,25,"weekday","lunch","travelling","freezing","restaurant",0,0,0,"midday"
4,35,10,25,"weekday","lunch","unknown","unknown","restaurant",0,0,0,"midday"
4,37,12,25,"weekday","lunch","travelling","hot","grocery",1,0,0,"midday"
4,40,15,25,"weekend","earlymorning","working","warm","grocery",0,0,0,"morning"
4,42,17,25,"weekday","morning","travelling","cold","grocery",1,0,0,"morning"
4,45,20,25,"weekday","beforelunch","travelling","freezing","grocery",0,0,0,"midday"
4,46,21,25,"weekend","lunch","travelling","cold","grocery",1,0,0,"midday"
4,47,22,25,"weekend","lunch","travelling","cold","grocery",0,0,0,"midday"
4,48,23,25,"weekday","lunch","leisure","freezing","restaurant",0,0,0,"midday"
4,49,24,25,"weekday","beforelunch","leisure","cold","grocery",0,0,0,"midday"
4,50,25,25,"weekday","afternoon","travelling","cold","restaurant",0,0,0,"midday"
4,51,26,25,"weekday","afternoon","travelling","warm","grocery",1,0,0,"midday"
4,53,28,25,"weekday","beforelunch","unknown","freezing","restaurant",0,0,0,"midday"
4,55,30,25,"weekday","lunch","travelling","hot","restaurant",0,0,0,"midday"
4,56,31,25,"weekday","afternoon","travelling","cold","grocery",0,0,0,"midday"
4,58,33,25,"weekday","lunch","morningrituals","cold","grocery",0,0,0,"midday"
4,59,34,25,"weekend","lunch","travelling","cold","grocery",0,0,0,"midday"
4,60,35,25,"weekday","morning","travelling","freezing","grocery",0,0,0,"morning"
4,61,36,25,"weekday","afternoon","travelling","warm","restaurant",0,0,0,"midday"
4,65,40,25,"weekday","evening","travelling","unknown","restaurant",0,0,0,"night"
4,67,42,25,"weekday","afternoon","shopping","warm","grocery",1,0,0,"midday"
4,70,45,25,"weekday","dinner","leisure","warm","restaurant",0,0,0,"night"
4,72,47,25,"weekday","unknown","working","cold","grocery",0,0,0,"unknown"
4,76,51,25,"weekday","dinner","travelling","warm","grocery",1,0,0,"night"
4,79,54,25,"weekend","beforelunch","leisure","warm","restaurant",0,0,0,"midday"
4,81,56,25,"weekday","afternoon","unknown","cold","restaurant",0,0,0,"midday"
4,82,57,25,"weekend","afternoon","unknown","cold","grocery",1,1,0,"midday"
4,84,59,25,"weekday","morning","travelling","cold","restaurant",0,1,0,"morning"
4,85,60,25,"weekday","dinner","working","warm","grocery",0,1,0,"night"
4,86,61,25,"weekend","afternoon","working","cold","restaurant",1,1,0,"midday"
4,90,65,25,"weekend","morning","travelling","cold","restaurant",0,1,0,"morning"
4,91,66,25,"weekday","afternoon","travelling","warm","grocery",1,1,0,"midday"
4,92,67,25,"weekday","afternoon","travelling","warm","grocery",1,1,0,"midday"
4,94,69,25,"weekday","beforelunch","unknown","freezing","grocery",0,1,0,"midday"
4,95,70,25,"weekday","afternoon","travelling","warm","restaurant",0,1,0,"midday"
4,96,71,25,"weekday","beforelunch","unknown","warm","restaurant",1,1,0,"midday"
4,99,74,25,"weekday","beforelunch","travelling","unknown","grocery",0,1,0,"midday"
4,100,75,25,"weekday","beforelunch","travelling","freezing","grocery",1,1,0,"midday"
4,102,77,25,"weekday","lunch","travelling","cold","grocery",0,1,0,"midday"
4,103,78,25,"weekday","afternoon","shopping","warm","grocery",0,1,0,"midday"
4,105,80,25,"weekday","afternoon","unknown","warm","restaurant",1,1,0,"midday"
4,106,81,25,"weekend","lunch","travelling","freezing","restaurant",1,1,0,"midday"
4,110,85,25,"weekday","afternoon","travelling","unknown","grocery",0,1,0,"midday"
4,111,86,25,"weekend","afternoon","travelling","freezing","grocery",1,1,0,"midday"
4,112,87,25,"weekday","lunch","travelling","warm","grocery",0,1,0,"midday"
4,114,89,25,"weekday","morning","unknown","freezing","restaurant",1,1,0,"morning"
4,115,90,25,"unknown","lunch","unknown","warm","restaurant",0,1,0,"midday"
4,117,92,25,"weekend","lunch","travelling","cold","grocery",0,1,0,"midday"
4,118,93,25,"weekend","morning","travelling","warm","grocery",1,1,0,"morning"
4,120,95,25,"weekday","evening","travelling","freezing","restaurant",1,1,0,"night"
4,122,97,25,"weekday","afternoon","leisure","cold","grocery",0,1,0,"midday"
4,123,98,25,"unknown","beforelunch","unknown","warm","grocery",0,1,0,"midday"
4,124,99,25,"weekend","afternoon","travelling","freezing","restaurant",1,1,0,"midday"
4,127,102,25,"weekend","beforelunch","travelling","unknown","restaurant",1,1,0,"midday"
4,129,104,25,"weekday","night","unknown","unknown","restaurant",1,1,0,"night"
4,130,105,25,"weekday","afternoon","travelling","cold","restaurant",0,1,0,"midday"
4,132,107,25,"weekday","lunch","travelling","unknown","restaurant",1,1,0,"midday"
4,133,108,25,"weekday","night","travelling","freezing","restaurant",0,1,0,"night"
4,135,110,25,"weekday","afternoon","travelling","hot","grocery",0,1,0,"midday"
4,141,116,25,"weekday","afternoon","travelling","cold","grocery",1,1,1,"midday"
4,142,117,25,"weekday","afternoon","travelling","cold","grocery",0,1,1,"midday"
4,145,120,25,"weekday","latenight","shopping","freezing","restaurant",0,1,1,"night"
4,146,121,25,"weekday","lunch","travelling","hot","grocery",1,1,1,"midday"
4,148,123,25,"weekday","afternoon","morningrituals","cold","grocery",0,1,1,"midday"
4,149,124,25,"weekday","lunch","travelling","cold","restaurant",1,1,1,"midday"
4,150,125,25,"weekday","afternoon","travelling","warm","restaurant",0,1,1,"midday"
4,152,127,25,"weekday","breakfast","unknown","cold","grocery",0,1,1,"morning"
4,153,128,25,"weekday","afternoon","travelling","hot","grocery",0,1,1,"midday"
4,154,129,25,"weekend","earlymorning","working","unknown","grocery",0,1,1,"morning"
4,158,133,25,"unknown","earlymorning","travelling","warm","grocery",0,1,1,"morning"
4,161,136,25,"weekday","afternoon","travelling","cold","restaurant",0,1,1,"midday"
4,164,139,25,"unknown","morning","travelling","freezing","grocery",1,1,1,"morning"
4,165,140,25,"weekday","beforelunch","working","freezing","restaurant",0,1,1,"midday"
4,171,146,25,"weekend","lunch","shopping","cold","restaurant",0,1,1,"midday"
4,173,148,25,"weekday","afternoon","travelling","unknown","restaurant",1,1,1,"midday"
4,176,151,25,"weekend","lunch","unknown","cold","restaurant",0,1,1,"midday"
4,177,152,25,"weekday","earlymorning","travelling","hot","grocery",0,1,1,"morning"
4,178,153,25,"weekday","afternoon","travelling","freezing","grocery",0,1,1,"midday"
4,179,154,25,"weekday","unknown","travelling","hot","grocery",0,1,1,"unknown"
4,180,155,25,"weekday","lunch","travelling","warm","restaurant",0,1,1,"midday"
4,181,156,25,"unknown","lunch","travelling","unknown","restaurant",0,1,1,"midday"
4,184,159,25,"weekend","afternoon","travelling","cold","grocery",1,1,1,"midday"
4,185,160,25,"weekday","breakfast","working","freezing","restaurant",0,1,1,"morning"
4,187,162,25,"weekday","afternoon","travelling","freezing","grocery",0,1,1,"midday"
4,189,164,25,"weekday","afternoon","travelling","warm","restaurant",0,1,1,"midday"
4,190,165,25,"weekday","lunch","travelling","warm","grocery",1,1,1,"midday"
4,193,168,25,"weekday","afternoon","unknown","cold","grocery",0,1,1,"midday"
4,196,171,25,"weekend","afternoon","travelling","cold","restaurant",1,1,1,"midday"
4,197,172,25,"weekday","breakfast","working","unknown","restaurant",1,1,1,"morning"
4,198,173,25,"weekday","breakfast","leisure","unknown","grocery",0,1,1,"morning"
4,200,175,25,"weekday","breakfast","travelling","warm","grocery",0,1,1,"morning"
4,201,176,25,"weekday","lunch","travelling","hot","restaurant",1,1,1,"midday"
4,203,178,25,"weekend","morning","shopping","hot","grocery",0,1,1,"morning"
4,205,180,25,"weekday","morning","travelling","cold","grocery",1,1,1,"morning"
4,206,181,25,"weekend","afternoon","morningrituals","unknown","restaurant",0,1,1,"midday"
4,207,182,25,"weekday","morning","travelling","warm","restaurant",1,1,1,"morning"
5,30,3,27,"weekend","morning","working","warm","restaurant",1,0,0,"morning"
5,35,8,27,"weekday","afternoon","morningrituals","warm","grocery",0,0,0,"midday"
5,36,9,27,"weekday","breakfast","unknown","freezing","restaurant",1,0,0,"morning"
5,42,15,27,"weekend","afternoon","travelling","unknown","grocery",0,0,0,"midday"
5,52,25,27,"weekend","lunch","travelling","warm","grocery",0,0,0,"midday"
5,54,27,27,"weekday","lunch","travelling","cold","restaurant",0,0,0,"midday"
5,60,33,27,"weekend","dinner","unknown","freezing","restaurant",0,0,0,"night"
5,61,34,27,"weekday","afternoon","working","cold","restaurant",1,0,0,"midday"
5,68,41,27,"weekend","afternoon","travelling","cold","restaurant",1,0,0,"midday"
5,69,42,27,"weekday","afternoon","shopping","warm","restaurant",0,0,0,"midday"
5,73,46,27,"weekend","afternoon","unknown","unknown","grocery",1,0,0,"midday"
5,78,51,27,"weekday","morning","travelling","warm","restaurant",0,0,0,"morning"
5,83,56,27,"weekend","dinner","travelling","freezing","grocery",0,0,0,"night"
5,86,59,27,"weekend","afternoon","unknown","freezing","grocery",0,1,0,"midday"
5,87,60,27,"weekend","afternoon","travelling","warm","restaurant",0,1,0,"midday"
5,92,65,27,"weekday","afternoon","shopping","cold","restaurant",1,1,0,"midday"
5,98,71,27,"weekday","beforelunch","unknown","warm","grocery",1,1,0,"midday"
5,104,77,27,"weekday","beforelunch","unknown","freezing","restaurant",0,1,0,"midday"
5,106,79,27,"weekday","evening","travelling","unknown","restaurant",1,1,0,"night"
5,108,81,27,"weekend","breakfast","travelling","cold","grocery",1,1,0,"morning"
5,115,88,27,"weekend","morning","travelling","hot","restaurant",0,1,0,"morning"
5,116,89,27,"weekend","beforelunch","travelling","unknown","restaurant",0,1,0,"midday"
5,117,90,27,"weekday","beforelunch","travelling","cold","grocery",0,1,0,"midday"
5,118,91,27,"unknown","beforelunch","travelling","freezing","grocery",0,1,0,"midday"
5,123,96,27,"weekday","breakfast","travelling","cold","grocery",0,1,0,"morning"
5,124,97,27,"weekday","latenight","travelling","freezing","grocery",1,1,0,"night"
5,134,107,27,"weekday","afternoon","travelling","cold","restaurant",0,1,0,"midday"
5,139,112,27,"weekday","afternoon","travelling","unknown","grocery",0,1,0,"midday"
5,144,117,27,"weekday","morning","travelling","cold","grocery",1,1,1,"morning"
5,152,125,27,"weekday","lunch","leisure","freezing","grocery",0,1,1,"midday"
5,156,129,27,"weekday","evening","leisure","freezing","grocery",0,1,1,"night"
5,159,132,27,"weekday","beforelunch","travelling","unknown","restaurant",0,1,1,"midday"
5,164,137,27,"weekday","afternoon","shopping","unknown","restaurant",0,1,1,"midday"
5,165,138,27,"weekday","evening","travelling","cold","restaurant",1,1,1,"night"
5,168,141,27,"weekday","afternoon","travelling","warm","restaurant",0,1,1,"midday"
5,169,142,27,"weekend","earlymorning","travelling","cold","grocery",1,1,1,"morning"
5,172,145,27,"weekday","earlymorning","unknown","warm","restaurant",1,1,1,"morning"
5,173,146,27,"weekday","morning","working","freezing","restaurant",0,1,1,"morning"
5,179,152,27,"weekday","morning","travelling","freezing","grocery",1,1,1,"morning"
5,188,161,27,"weekday","afternoon","travelling","cold","restaurant",0,1,1,"midday"
5,192,165,27,"unknown","lunch","working","unknown","grocery",0,1,1,"midday"
5,197,170,27,"weekday","dinner","travelling","warm","grocery",0,1,1,"night"
5,200,173,27,"weekday","breakfast","travelling","cold","restaurant",1,1,1,"morning"
5,201,174,27,"weekday","beforelunch","shopping","unknown","grocery",1,1,1,"midday"
5,206,179,27,"weekend","lunch","travelling","unknown","restaurant",0,1,1,"midday"
6,38,0,38,"weekday","afternoon","working","hot","restaurant",1,0,0,"midday"
6,39,1,38,"weekday","morning","unknown","warm","restaurant",0,0,0,"morning"
6,42,4,38,"weekend","lunch","unknown","cold","restaurant",0,0,0,"midday"
6,43,5,38,"weekday","lunch","travelling","unknown","restaurant",0,0,0,"midday"
6,46,8,38,"weekend","morning","travelling","hot","restaurant",1,0,0,"morning"
6,47,9,38,"weekend","beforelunch","working","freezing","restaurant",1,0,0,"midday"
6,49,11,38,"weekday","beforelunch","travelling","unknown","grocery",0,0,0,"midday"
6,50,12,38,"weekday","beforelunch","shopping","cold","restaurant",1,0,0,"midday"
6,51,13,38,"weekday","beforelunch","shopping","cold","restaurant",0,0,0,"midday"
6,52,14,38,"weekday","breakfast","morningrituals","freezing","grocery",0,0,0,"morning"
6,53,15,38,"weekday","lunch","travelling","unknown","restaurant",1,0,0,"midday"
6,55,17,38,"weekday","afternoon","travelling","freezing","restaurant",0,0,0,"midday"
6,56,18,38,"weekday","beforelunch","unknown","freezing","restaurant",1,0,0,"midday"
6,57,19,38,"weekday","breakfast","unknown","freezing","restaurant",0,0,0,"morning"
6,58,20,38,"weekend","afternoon","travelling","freezing","grocery",0,0,0,"midday"
6,59,21,38,"weekday","lunch","leisure","hot","grocery",0,0,0,"midday"
6,60,22,38,"weekday","afternoon","working","cold","restaurant",1,0,0,"midday"
6,61,23,38,"weekend","beforelunch","working","unknown","grocery",1,0,0,"midday"
6,62,24,38,"weekday","afternoon","travelling","warm","grocery",0,0,0,"midday"
6,63,25,38,"weekday","evening","shopping","unknown","restaurant",0,0,0,"night"
6,64,26,38,"weekend","lunch","travelling","warm","restaurant",0,0,0,"midday"
6,67,29,38,"weekend","breakfast","travelling","unknown","grocery",0,0,0,"morning"
6,70,32,38,"weekday","beforelunch","travelling","cold","restaurant",0,0,0,"midday"
6,77,39,38,"weekday","afternoon","travelling","cold","grocery",0,0,0,"midday"
6,78,40,38,"weekday","beforelunch","unknown","cold","grocery",1,0,0,"midday"
6,79,41,38,"weekend","morning","travelling","warm","restaurant",0,0,0,"morning"
6,80,42,38,"weekday","afternoon","travelling","unknown","grocery",0,0,0,"midday"
6,83,45,38,"weekday","beforelunch","workingout","cold","restaurant",0,0,0,"midday"
6,85,47,38,"weekday","afternoon","travelling","cold","grocery",1,0,0,"midday"
6,86,48,38,"weekday","morning","travelling","warm","grocery",0,0,0,"morning"
6,87,49,38,"weekday","afternoon","travelling","freezing","grocery",1,0,0,"midday"
6,90,52,38,"weekday","afternoon","travelling","freezing","restaurant",0,0,0,"midday"
6,91,53,38,"weekday","beforelunch","leisure","freezing","restaurant",0,0,0,"midday"
6,92,54,38,"weekday","beforelunch","leisure","unknown","restaurant",1,0,0,"midday"
6,95,57,38,"weekday","beforelunch","travelling","cold","restaurant",0,1,0,"midday"
6,97,59,38,"weekday","morning","travelling","cold","restaurant",1,1,0,"morning"
6,101,63,38,"weekday","breakfast","unknown","warm","grocery",1,1,0,"morning"
6,102,64,38,"weekday","lunch","leisure","freezing","restaurant",1,1,0,"midday"
6,104,66,38,"weekday","morning","working","cold","restaurant",0,1,0,"morning"
6,108,70,38,"weekday","latenight","travelling","warm","grocery",0,1,0,"night"
6,109,71,38,"weekend","breakfast","travelling","cold","restaurant",0,1,0,"morning"
6,112,74,38,"weekday","beforelunch","travelling","unknown","restaurant",1,1,0,"midday"
6,113,75,38,"weekday","lunch","shopping","unknown","grocery",0,1,0,"midday"
6,114,76,38,"weekday","morning","unknown","unknown","restaurant",1,1,0,"morning"
6,115,77,38,"weekday","lunch","unknown","warm","grocery",0,1,0,"midday"
6,117,79,38,"weekend","dinner","travelling","freezing","restaurant",0,1,0,"night"
6,118,80,38,"weekday","breakfast","working","warm","grocery",0,1,0,"morning"
6,119,81,38,"weekday","afternoon","shopping","cold","restaurant",0,1,0,"midday"
6,121,83,38,"weekday","lunch","working","cold","restaurant",0,1,0,"midday"
6,123,85,38,"weekday","beforelunch","working","warm","grocery",1,1,0,"midday"
6,126,88,38,"weekday","beforelunch","travelling","unknown","restaurant",0,1,0,"midday"
6,127,89,38,"weekday","morning","unknown","hot","restaurant",0,1,0,"morning"
6,129,91,38,"weekday","afternoon","travelling","freezing","grocery",0,1,0,"midday"
6,131,93,38,"weekday","lunch","travelling","unknown","grocery",0,1,0,"midday"
6,133,95,38,"weekday","afternoon","working","freezing","restaurant",0,1,0,"midday"
6,134,96,38,"weekend","beforelunch","travelling","warm","grocery",1,1,0,"midday"
6,135,97,38,"weekend","lunch","travelling","cold","restaurant",0,1,0,"midday"
6,136,98,38,"weekend","lunch","working","cold","grocery",0,1,0,"midday"
6,138,100,38,"weekday","lunch","unknown","unknown","grocery",0,1,0,"midday"
6,139,101,38,"weekend","afternoon","unknown","freezing","grocery",0,1,0,"midday"
6,140,102,38,"weekday","afternoon","working","cold","grocery",0,1,0,"midday"
6,141,103,38,"weekend","lunch","travelling","cold","restaurant",0,1,0,"midday"
6,145,107,38,"weekday","morning","unknown","unknown","restaurant",0,1,0,"morning"
6,147,109,38,"weekday","afternoon","travelling","unknown","restaurant",0,1,0,"midday"
6,148,110,38,"weekday","lunch","working","unknown","grocery",1,1,0,"midday"
6,149,111,38,"weekday","night","travelling","cold","grocery",0,1,0,"night"
6,150,112,38,"weekday","afternoon","morningrituals","cold","grocery",1,1,0,"midday"
6,151,113,38,"weekend","afternoon","leisure","cold","grocery",0,1,1,"midday"
6,152,114,38,"weekend","breakfast","leisure","unknown","grocery",0,1,1,"morning"
6,154,116,38,"weekday","beforelunch","travelling","unknown","grocery",0,1,1,"midday"
6,155,117,38,"weekday","dinner","unknown","unknown","restaurant",1,1,1,"night"
6,158,120,38,"weekend","morning","travelling","freezing","restaurant",0,1,1,"morning"
6,159,121,38,"weekend","afternoon","travelling","unknown","restaurant",0,1,1,"midday"
6,160,122,38,"weekend","morning","travelling","warm","restaurant",0,1,1,"morning"
6,162,124,38,"weekend","beforelunch","social","cold","restaurant",0,1,1,"midday"
6,163,125,38,"weekday","afternoon","shopping","cold","restaurant",0,1,1,"midday"
6,165,127,38,"weekday","lunch","working","cold","grocery",1,1,1,"midday"
6,166,128,38,"weekday","lunch","travelling","unknown","restaurant",0,1,1,"midday"
6,167,129,38,"weekend","afternoon","travelling","unknown","grocery",0,1,1,"midday"
6,168,130,38,"weekday","lunch","travelling","unknown","restaurant",0,1,1,"midday"
6,169,131,38,"weekday","lunch","unknown","freezing","grocery",0,1,1,"midday"
6,174,136,38,"weekend","lunch","morningrituals","warm","restaurant",0,1,1,"midday"
6,178,140,38,"weekend","breakfast","travelling","hot","restaurant",0,1,1,"morning"
6,179,141,38,"weekend","dinner","travelling","cold","restaurant",0,1,1,"night"
6,180,142,38,"weekday","lunch","travelling","cold","grocery",0,1,1,"midday"
6,182,144,38,"weekday","afternoon","unknown","freezing","grocery",0,1,1,"midday"
6,185,147,38,"weekday","morning","travelling","cold","restaurant",0,1,1,"morning"
6,187,149,38,"weekday","breakfast","shopping","warm","restaurant",0,1,1,"morning"
6,188,150,38,"weekend","lunch","travelling","unknown","grocery",0,1,1,"midday"
6,189,151,38,"weekend","lunch","unknown","cold","grocery",1,1,1,"midday"
6,190,152,38,"weekday","lunch","travelling","unknown","restaurant",1,1,1,"midday"
6,191,153,38,"weekday","lunch","travelling","warm","grocery",1,1,1,"midday"
6,193,155,38,"weekday","dinner","unknown","cold","grocery",0,1,1,"night"
6,196,158,38,"weekday","lunch","morningrituals","freezing","grocery",0,1,1,"midday"
6,200,162,38,"weekend","beforelunch","travelling","freezing","restaurant",0,1,1,"midday"
6,202,164,38,"weekday","afternoon","working","unknown","restaurant",1,1,1,"midday"
6,204,166,38,"weekday","dinner","shopping","cold","restaurant",0,1,1,"night"
6,206,168,38,"weekday","afternoon","travelling","hot","restaurant",0,1,1,"midday"
6,207,169,38,"weekday","lunch","travelling","cold","restaurant",0,1,1,"midday"
6,208,170,38,"weekday","afternoon","leisure","hot","grocery",1,1,1,"midday"
6,210,172,38,"weekday","breakfast","travelling","warm","restaurant",0,1,1,"morning"
6,213,175,38,"weekday","breakfast","travelling","freezing","restaurant",0,1,1,"morning"
6,214,176,38,"weekend","breakfast","travelling","hot","restaurant",1,1,1,"morning"
6,215,177,38,"weekday","night","travelling","unknown","grocery",0,1,1,"night"
6,218,180,38,"weekday","afternoon","travelling","cold","restaurant",0,1,1,"midday"
6,220,182,38,"weekday","beforelunch","working","freezing","grocery",0,1,1,"midday"
6,221,183,38,"weekday","afternoon","travelling","unknown","grocery",0,1,1,"midday"
7,40,0,40,"weekday","dinner","leisure","cold","restaurant",0,0,0,"night"
7,43,3,40,"weekday","morning","leisure","unknown","grocery",0,0,0,"morning"
7,45,5,40,"weekday","morning","morningrituals","warm","restaurant",0,0,0,"morning"
7,46,6,40,"weekend","afternoon","travelling","unknown","restaurant",1,0,0,"midday"
7,47,7,40,"weekday","dinner","travelling","unknown","restaurant",0,0,0,"night"
7,48,8,40,"weekday","afternoon","leisure","unknown","grocery",0,0,0,"midday"
7,49,9,40,"weekday","beforelunch","working","unknown","restaurant",1,0,0,"midday"
7,50,10,40,"weekday","earlymorning","unknown","warm","restaurant",1,0,0,"morning"
7,51,11,40,"weekday","lunch","travelling","unknown","grocery",0,0,0,"midday"
7,53,13,40,"weekday","evening","shopping","hot","grocery",0,0,0,"night"
7,54,14,40,"weekend","afternoon","morningrituals","warm","restaurant",1,0,0,"midday"
7,55,15,40,"weekday","afternoon","travelling","freezing","grocery",1,0,0,"midday"
7,56,16,40,"weekday","unknown","working","cold","grocery",0,0,0,"unknown"
7,57,17,40,"unknown","beforelunch","leisure","cold","restaurant",0,0,0,"midday"
7,58,18,40,"weekday","lunch","travelling","hot","restaurant",1,0,0,"midday"
7,59,19,40,"weekday","afternoon","travelling","hot","grocery",0,0,0,"midday"
7,60,20,40,"weekend","night","unknown","warm","restaurant",0,0,0,"night"
7,61,21,40,"weekday","earlymorning","travelling","freezing","restaurant",0,0,0,"morning"
7,62,22,40,"unknown","beforelunch","travelling","freezing","grocery",1,0,0,"midday"
7,63,23,40,"weekday","morning","travelling","unknown","restaurant",0,0,0,"morning"
7,66,26,40,"weekday","lunch","travelling","unknown","grocery",0,0,0,"midday"
7,67,27,40,"weekday","afternoon","shopping","cold","grocery",1,0,0,"midday"
7,68,28,40,"weekday","lunch","travelling","cold","restaurant",0,0,0,"midday"
7,69,29,40,"weekend","breakfast","travelling","cold","grocery",0,0,0,"morning"
7,70,30,40,"weekend","beforelunch","travelling","cold","grocery",0,0,0,"midday"
7,71,31,40,"weekend","lunch","travelling","freezing","grocery",1,0,0,"midday"
7,72,32,40,"weekday","afternoon","travelling","hot","grocery",1,0,0,"midday"
7,73,33,40,"weekday","afternoon","unknown","freezing","grocery",1,0,0,"midday"
7,74,34,40,"weekday","afternoon","travelling","freezing","grocery",0,0,0,"midday"
7,75,35,40,"weekend","beforelunch","travelling","cold","grocery",0,0,0,"midday"
7,76,36,40,"weekday","lunch","travelling","warm","restaurant",0,0,0,"midday"
7,77,37,40,"weekday","morning","travelling","hot","grocery",0,0,0,"morning"
7,78,38,40,"weekday","lunch","leisure","cold","grocery",0,0,0,"midday"
7,81,41,40,"weekday","afternoon","working","cold","grocery",0,0,0,"midday"
7,84,44,40,"weekend","morning","unknown","warm","grocery",0,0,0,"morning"
7,86,46,40,"weekday","earlymorning","unknown","unknown","grocery",1,0,0,"morning"
7,87,47,40,"weekend","beforelunch","morningrituals","cold","restaurant",1,0,0,"midday"
7,89,49,40,"weekend","beforelunch","travelling","cold","grocery",1,0,0,"midday"
7,90,50,40,"weekend","lunch","unknown","warm","grocery",1,0,0,"midday"
7,91,51,40,"weekend","afternoon","working","unknown","restaurant",0,0,0,"midday"
7,92,52,40,"weekend","afternoon","leisure","freezing","restaurant",0,0,0,"midday"
7,94,54,40,"weekday","morning","unknown","cold","restaurant",0,0,0,"morning"
7,95,55,40,"weekend","afternoon","travelling","cold","grocery",0,0,0,"midday"
7,96,56,40,"weekday","lunch","travelling","cold","restaurant",0,0,0,"midday"
7,97,57,40,"weekday","breakfast","morningrituals","cold","grocery",0,1,0,"morning"
7,98,58,40,"weekday","afternoon","leisure","freezing","restaurant",0,1,0,"midday"
7,100,60,40,"weekday","beforelunch","shopping","cold","restaurant",0,1,0,"midday"
7,103,63,40,"weekday","morning","travelling","unknown","restaurant",0,1,0,"morning"
7,104,64,40,"weekday","afternoon","unknown","unknown","restaurant",0,1,0,"midday"
7,106,66,40,"weekday","lunch","leisure","unknown","grocery",0,1,0,"midday"
7,107,67,40,"weekend","afternoon","unknown","cold","restaurant",0,1,0,"midday"
7,108,68,40,"weekday","afternoon","travelling","freezing","restaurant",0,1,0,"midday"
7,109,69,40,"weekday","beforelunch","working","cold","restaurant",0,1,0,"midday"
7,110,70,40,"weekday","afternoon","travelling","warm","restaurant",1,1,0,"midday"
7,111,71,40,"weekday","afternoon","travelling","freezing","grocery",1,1,0,"midday"
7,112,72,40,"weekday","lunch","leisure","unknown","grocery",0,1,0,"midday"
7,113,73,40,"weekend","lunch","working","unknown","grocery",0,1,0,"midday"
7,114,74,40,"weekday","lunch","travelling","cold","restaurant",0,1,0,"midday"
7,116,76,40,"weekday","lunch","morningrituals","unknown","grocery",0,1,0,"midday"
7,118,78,40,"weekday","morning","leisure","hot","grocery",0,1,0,"morning"
7,119,79,40,"weekday","afternoon","unknown","cold","grocery",1,1,0,"midday"
7,121,81,40,"weekday","lunch","travelling","unknown","restaurant",0,1,0,"midday"
7,122,82,40,"weekend","lunch","unknown","unknown","grocery",0,1,0,"midday"
7,123,83,40,"weekday","afternoon","travelling","hot","restaurant",0,1,0,"midday"
7,124,84,40,"weekday","afternoon","travelling","freezing","restaurant",1,1,0,"midday"
7,126,86,40,"weekend","afternoon","travelling","cold","restaurant",1,1,0,"midday"
7,127,87,40,"weekend","lunch","leisure","freezing","restaurant",0,1,0,"midday"
7,128,88,40,"weekend","afternoon","travelling","unknown","restaurant",0,1,0,"midday"
7,129,89,40,"weekday","afternoon","travelling","freezing","restaurant",1,1,0,"midday"
7,133,93,40,"weekday","afternoon","travelling","unknown","grocery",0,1,0,"midday"
7,135,95,40,"weekday","afternoon","travelling","unknown","restaurant",1,1,0,"midday"
7,136,96,40,"weekday","lunch","travelling","cold","restaurant",0,1,0,"midday"
7,137,97,40,"weekday","lunch","working","cold","grocery",0,1,0,"midday"
7,138,98,40,"weekday","morning","travelling","cold","grocery",0,1,0,"morning"
7,139,99,40,"weekday","earlymorning","travelling","warm","restaurant",0,1,0,"morning"
7,140,100,40,"weekday","afternoon","morningrituals","cold","restaurant",1,1,0,"midday"
7,143,103,40,"weekday","lunch","working","hot","restaurant",1,1,0,"midday"
7,144,104,40,"weekend","lunch","travelling","warm","restaurant",0,1,0,"midday"
7,146,106,40,"weekday","lunch","travelling","freezing","grocery",0,1,0,"midday"
7,148,108,40,"weekend","beforelunch","travelling","cold","grocery",0,1,0,"midday"
7,149,109,40,"weekday","breakfast","working","cold","restaurant",0,1,0,"morning"
7,150,110,40,"weekend","lunch","working","unknown","grocery",1,1,0,"midday"
7,151,111,40,"weekend","afternoon","leisure","cold","restaurant",0,1,0,"midday"
7,152,112,40,"weekday","beforelunch","travelling","freezing","grocery",0,1,0,"midday"
7,153,113,40,"weekday","breakfast","shopping","cold","restaurant",1,1,1,"morning"
7,154,114,40,"weekend","breakfast","leisure","cold","restaurant",1,1,1,"morning"
7,156,116,40,"weekend","breakfast","morningrituals","cold","grocery",1,1,1,"morning"
7,158,118,40,"unknown","afternoon","leisure","cold","grocery",1,1,1,"midday"
7,159,119,40,"weekday","breakfast","leisure","unknown","restaurant",0,1,1,"morning"
7,160,120,40,"weekend","afternoon","travelling","cold","restaurant",1,1,1,"midday"
7,161,121,40,"weekend","lunch","travelling","freezing","grocery",0,1,1,"midday"
7,163,123,40,"weekday","lunch","unknown","hot","restaurant",0,1,1,"midday"
7,166,126,40,"weekend","lunch","travelling","freezing","grocery",1,1,1,"midday"
7,167,127,40,"weekday","afternoon","shopping","freezing","grocery",0,1,1,"midday"
7,168,128,40,"weekday","lunch","working","cold","grocery",0,1,1,"midday"
7,169,129,40,"weekday","earlymorning","travelling","hot","restaurant",0,1,1,"morning"
7,171,131,40,"weekend","afternoon","travelling","freezing","restaurant",0,1,1,"midday"
7,173,133,40,"weekday","lunch","travelling","warm","restaurant",0,1,1,"midday"
7,174,134,40,"weekday","lunch","travelling","cold","restaurant",0,1,1,"midday"
7,177,137,40,"weekend","beforelunch","travelling","freezing","grocery",0,1,1,"midday"
7,178,138,40,"weekend","breakfast","leisure","unknown","grocery",0,1,1,"morning"
7,179,139,40,"weekday","dinner","unknown","warm","grocery",0,1,1,"night"
7,180,140,40,"weekday","morning","unknown","cold","grocery",0,1,1,"morning"
7,182,142,40,"weekday","lunch","travelling","cold","restaurant",0,1,1,"midday"
7,183,143,40,"weekday","morning","unknown","cold","grocery",0,1,1,"morning"
7,184,144,40,"weekday","afternoon","travelling","warm","restaurant",0,1,1,"midday"
7,185,145,40,"weekday","breakfast","unknown","cold","grocery",0,1,1,"morning"
7,186,146,40,"weekday","afternoon","travelling","cold","grocery",0,1,1,"midday"
7,187,147,40,"weekday","beforelunch","travelling","unknown","grocery",1,1,1,"midday"
7,188,148,40,"weekday","afternoon","travelling","warm","grocery",0,1,1,"midday"
7,189,149,40,"weekday","beforelunch","travelling","cold","grocery",0,1,1,"midday"
7,190,150,40,"weekday","afternoon","travelling","freezing","restaurant",0,1,1,"midday"
7,191,151,40,"weekend","beforelunch","travelling","hot","restaurant",0,1,1,"midday"
7,192,152,40,"weekday","morning","travelling","freezing","restaurant",0,1,1,"morning"
7,193,153,40,"weekend","afternoon","travelling","freezing","restaurant",0,1,1,"midday"
7,194,154,40,"weekend","lunch","working","warm","grocery",0,1,1,"midday"
7,195,155,40,"weekday","beforelunch","shopping","cold","grocery",1,1,1,"midday"
7,196,156,40,"weekday","beforelunch","unknown","freezing","restaurant",0,1,1,"midday"
7,198,158,40,"weekday","afternoon","leisure","cold","restaurant",0,1,1,"midday"
7,199,159,40,"weekday","beforelunch","unknown","freezing","grocery",0,1,1,"midday"
7,200,160,40,"weekday","morning","unknown","cold","restaurant",0,1,1,"morning"
7,202,162,40,"weekend","lunch","leisure","hot","grocery",0,1,1,"midday"
7,203,163,40,"weekday","dinner","shopping","freezing","grocery",0,1,1,"night"
7,204,164,40,"weekday","afternoon","shopping","cold","restaurant",1,1,1,"midday"
7,206,166,40,"weekday","afternoon","working","warm","restaurant",0,1,1,"midday"
7,207,167,40,"weekend","afternoon","morningrituals","unknown","grocery",1,1,1,"midday"
7,208,168,40,"weekday","afternoon","shopping","cold","restaurant",0,1,1,"midday"
7,209,169,40,"weekday","morning","working","warm","restaurant",0,1,1,"morning"
7,211,171,40,"weekday","afternoon","working","cold","grocery",0,1,1,"midday"
7,212,172,40,"weekday","lunch","travelling","cold","grocery",0,1,1,"midday"
7,213,173,40,"weekday","beforelunch","travelling","cold","grocery",0,1,1,"midday"
7,216,176,40,"weekday","beforelunch","travelling","cold","grocery",0,1,1,"midday"
7,217,177,40,"weekday","beforelunch","travelling","freezing","restaurant",1,1,1,"midday"
7,218,178,40,"weekday","breakfast","working","freezing","grocery",0,1,1,"morning"
7,219,179,40,"weekend","afternoon","leisure","cold","grocery",0,1,1,"midday"
7,220,180,40,"weekday","lunch","travelling","freezing","grocery",0,1,1,"midday"
7,221,181,40,"weekend","morning","travelling","freezing","restaurant",1,1,1,"morning"
7,223,183,40,"weekday","beforelunch","unknown","cold","grocery",0,1,1,"midday"
8,51,0,51,"weekend","afternoon","unknown","freezing","restaurant",1,0,0,"midday"
8,52,1,51,"weekday","afternoon","travelling","hot","restaurant",1,0,0,"midday"
8,55,4,51,"unknown","evening","travelling","cold","grocery",0,0,0,"night"
8,56,5,51,"weekday","beforelunch","unknown","cold","restaurant",0,0,0,"midday"
8,57,6,51,"weekday","afternoon","shopping","unknown","grocery",0,0,0,"midday"
8,59,8,51,"weekday","lunch","working","unknown","restaurant",1,0,0,"midday"
8,61,10,51,"weekday","breakfast","travelling","cold","grocery",0,0,0,"morning"
8,64,13,51,"weekday","morning","travelling","warm","restaurant",0,0,0,"morning"
8,66,15,51,"weekday","lunch","travelling","unknown","restaurant",0,0,0,"midday"
8,68,17,51,"weekday","lunch","travelling","freezing","restaurant",0,0,0,"midday"
8,69,18,51,"weekend","lunch","travelling","cold","grocery",0,0,0,"midday"
8,70,19,51,"weekday","dinner","working","hot","restaurant",1,0,0,"night"
8,74,23,51,"weekend","afternoon","travelling","unknown","grocery",0,0,0,"midday"
8,75,24,51,"weekend","afternoon","travelling","unknown","restaurant",1,0,0,"midday"
8,76,25,51,"weekday","beforelunch","travelling","warm","grocery",0,0,0,"midday"
8,77,26,51,"weekday","breakfast","travelling","unknown","restaurant",0,0,0,"morning"
8,81,30,51,"weekday","lunch","travelling","cold","restaurant",0,0,0,"midday"
8,82,31,51,"weekend","afternoon","leisure","unknown","restaurant",0,0,0,"midday"
8,83,32,51,"weekday","afternoon","travelling","hot","grocery",0,0,0,"midday"
8,84,33,51,"weekend","afternoon","travelling","unknown","grocery",0,0,0,"midday"
8,86,35,51,"weekday","beforelunch","travelling","freezing","grocery",0,0,0,"midday"
8,87,36,51,"weekday","beforelunch","leisure","cold","restaurant",1,0,0,"midday"
8,88,37,51,"weekend","lunch","travelling","hot","grocery",0,0,0,"midday"
8,90,39,51,"weekend","beforelunch","travelling","unknown","grocery",0,0,0,"midday"
8,91,40,51,"weekday","lunch","working","warm","grocery",0,0,0,"midday"
8,93,42,51,"weekend","afternoon","travelling","cold","grocery",1,0,0,"midday"
8,101,50,51,"weekday","lunch","leisure","unknown","grocery",0,0,0,"midday"
8,102,51,51,"weekday","afternoon","workingout","cold","grocery",0,0,0,"midday"
8,107,56,51,"weekday","afternoon","working","cold","restaurant",0,0,0,"midday"
8,110,59,51,"weekday","latenight","shopping","hot","restaurant",0,1,0,"night"
8,111,60,51,"weekend","afternoon","unknown","cold","grocery",1,1,0,"midday"
8,113,62,51,"weekend","beforelunch","travelling","warm","restaurant",0,1,0,"midday"
8,114,63,51,"weekend","beforelunch","travelling","freezing","restaurant",0,1,0,"midday"
8,115,64,51,"weekend","beforelunch","travelling","hot","restaurant",1,1,0,"midday"
8,117,66,51,"weekday","lunch","working","unknown","grocery",0,1,0,"midday"
8,119,68,51,"weekday","morning","travelling","warm","grocery",0,1,0,"morning"
8,120,69,51,"weekday","afternoon","travelling","cold","grocery",0,1,0,"midday"
8,121,70,51,"weekday","lunch","unknown","unknown","grocery",0,1,0,"midday"
8,122,71,51,"weekday","breakfast","travelling","cold","grocery",0,1,0,"morning"
8,123,72,51,"weekday","beforelunch","travelling","cold","grocery",1,1,0,"midday"
8,124,73,51,"weekday","breakfast","leisure","cold","restaurant",0,1,0,"morning"
8,129,78,51,"weekday","afternoon","leisure","cold","restaurant",0,1,0,"midday"
8,131,80,51,"weekday","breakfast","shopping","warm","restaurant",1,1,0,"morning"
8,132,81,51,"weekday","afternoon","travelling","warm","grocery",1,1,0,"midday"
8,137,86,51,"weekday","lunch","travelling","unknown","restaurant",1,1,0,"midday"
8,139,88,51,"weekday","afternoon","leisure","cold","grocery",0,1,0,"midday"
8,143,92,51,"weekend","beforelunch","unknown","freezing","restaurant",0,1,0,"midday"
8,144,93,51,"weekend","night","travelling","unknown","grocery",1,1,0,"night"
8,145,94,51,"weekend","afternoon","unknown","cold","grocery",0,1,0,"midday"
8,146,95,51,"weekend","lunch","unknown","cold","grocery",0,1,0,"midday"
8,147,96,51,"weekday","afternoon","travelling","unknown","grocery",1,1,0,"midday"
8,148,97,51,"weekday","lunch","travelling","warm","grocery",0,1,0,"midday"
8,149,98,51,"weekday","afternoon","working","unknown","grocery",0,1,0,"midday"
8,150,99,51,"weekend","breakfast","unknown","warm","grocery",0,1,0,"morning"
8,153,102,51,"weekday","lunch","working","cold","restaurant",0,1,0,"midday"
8,154,103,51,"weekday","night","shopping","warm","restaurant",0,1,0,"night"
8,156,105,51,"weekday","lunch","travelling","freezing","grocery",0,1,0,"midday"
8,157,106,51,"weekend","lunch","travelling","cold","restaurant",0,1,0,"midday"
8,158,107,51,"weekday","afternoon","unknown","warm","grocery",0,1,0,"midday"
8,159,108,51,"weekday","earlymorning","working","unknown","grocery",0,1,0,"morning"
8,160,109,51,"weekend","morning","travelling","unknown","restaurant",0,1,0,"morning"
8,163,112,51,"weekend","beforelunch","travelling","cold","grocery",1,1,0,"midday"
8,164,113,51,"weekend","dinner","travelling","cold","grocery",0,1,1,"night"
8,165,114,51,"weekday","lunch","unknown","hot","restaurant",1,1,1,"midday"
8,168,117,51,"weekday","beforelunch","travelling","warm","grocery",0,1,1,"midday"
8,169,118,51,"weekday","afternoon","travelling","cold","restaurant",0,1,1,"midday"
8,171,120,51,"weekday","breakfast","working","cold","restaurant",0,1,1,"morning"
8,172,121,51,"weekend","breakfast","travelling","unknown","grocery",1,1,1,"morning"
8,174,123,51,"weekday","breakfast","travelling","freezing","restaurant",1,1,1,"morning"
8,175,124,51,"weekend","lunch","travelling","warm","restaurant",0,1,1,"midday"
8,176,125,51,"weekday","lunch","travelling","warm","grocery",0,1,1,"midday"
8,180,129,51,"weekday","lunch","leisure","cold","grocery",1,1,1,"midday"
8,181,130,51,"weekend","morning","travelling","hot","grocery",1,1,1,"morning"
8,182,131,51,"weekday","lunch","travelling","freezing","restaurant",1,1,1,"midday"
8,183,132,51,"weekday","lunch","travelling","cold","grocery",0,1,1,"midday"
8,185,134,51,"weekday","unknown","travelling","warm","restaurant",0,1,1,"unknown"
8,187,136,51,"weekend","lunch","leisure","cold","grocery",0,1,1,"midday"
8,189,138,51,"weekday","breakfast","travelling","freezing","restaurant",0,1,1,"morning"
8,190,139,51,"weekday","night","working","cold","restaurant",1,1,1,"night"
8,191,140,51,"weekday","afternoon","travelling","unknown","restaurant",0,1,1,"midday"
8,193,142,51,"weekday","morning","leisure","unknown","grocery",0,1,1,"morning"
8,194,143,51,"weekend","morning","travelling","freezing","grocery",0,1,1,"morning"
8,195,144,51,"weekday","afternoon","travelling","cold","restaurant",0,1,1,"midday"
8,196,145,51,"weekday","afternoon","travelling","hot","grocery",0,1,1,"midday"
8,197,146,51,"weekday","afternoon","travelling","cold","restaurant",0,1,1,"midday"
8,199,148,51,"weekend","afternoon","travelling","freezing","restaurant",0,1,1,"midday"
8,206,155,51,"weekday","breakfast","travelling","hot","grocery",0,1,1,"morning"
8,207,156,51,"weekday","beforelunch","unknown","unknown","restaurant",0,1,1,"midday"
8,208,157,51,"weekday","beforelunch","unknown","freezing","grocery",1,1,1,"midday"
8,209,158,51,"weekday","lunch","morningrituals","hot","restaurant",0,1,1,"midday"
8,210,159,51,"weekend","afternoon","travelling","cold","grocery",0,1,1,"midday"
8,212,161,51,"weekday","afternoon","travelling","cold","grocery",1,1,1,"midday"
8,214,163,51,"weekday","lunch","working","hot","restaurant",1,1,1,"midday"
8,215,164,51,"weekday","afternoon","unknown","warm","grocery",0,1,1,"midday"
8,222,171,51,"weekday","breakfast","travelling","warm","restaurant",1,1,1,"morning"
8,223,172,51,"weekend","morning","morningrituals","cold","grocery",0,1,1,"morning"
8,225,174,51,"weekday","beforelunch","travelling","warm","restaurant",0,1,1,"midday"
8,227,176,51,"weekday","morning","leisure","cold","restaurant",0,1,1,"morning"
8,228,177,51,"weekday","afternoon","travelling","warm","restaurant",0,1,1,"midday"
8,230,179,51,"weekday","lunch","travelling","unknown","restaurant",1,1,1,"midday"
8,231,180,51,"weekday","beforelunch","working","unknown","grocery",0,1,1,"midday"
9,59,1,58,"weekday","beforelunch","travelling","unknown","restaurant",0,0,0,"midday"
9,69,11,58,"weekend","lunch","travelling","hot","grocery",1,0,0,"midday"
9,82,24,58,"weekday","lunch","travelling","unknown","restaurant",0,0,0,"midday"
9,90,32,58,"weekday","afternoon","travelling","cold","restaurant",1,0,0,"midday"
9,94,36,58,"weekend","morning","leisure","freezing","restaurant",0,0,0,"morning"
9,95,37,58,"weekday","afternoon","unknown","freezing","grocery",0,0,0,"midday"
9,105,47,58,"weekday","beforelunch","morningrituals","warm","grocery",0,0,0,"midday"
9,108,50,58,"weekend","morning","travelling","unknown","grocery",0,0,0,"morning"
9,116,58,58,"weekend","beforelunch","leisure","cold","restaurant",0,1,0,"midday"
9,120,62,58,"weekday","lunch","travelling","cold","grocery",0,1,0,"midday"
9,126,68,58,"weekend","breakfast","travelling","cold","restaurant",0,1,0,"morning"
9,130,72,58,"weekend","unknown","unknown","freezing","restaurant",1,1,0,"unknown"
9,131,73,58,"weekday","afternoon","leisure","warm","grocery",0,1,0,"midday"
9,135,77,58,"weekend","night","unknown","freezing","restaurant",0,1,0,"night"
9,137,79,58,"weekend","afternoon","travelling","cold","restaurant",0,1,0,"midday"
9,139,81,58,"weekend","breakfast","shopping","freezing","restaurant",0,1,0,"morning"
9,150,92,58,"weekend","unknown","travelling","freezing","restaurant",0,1,0,"unknown"
9,158,100,58,"weekend","breakfast","shopping","cold","grocery",1,1,0,"morning"
9,170,112,58,"weekend","afternoon","travelling","warm","grocery",0,1,0,"midday"
9,173,115,58,"weekday","lunch","leisure","warm","restaurant",0,1,1,"midday"
9,176,118,58,"weekday","afternoon","travelling","freezing","restaurant",1,1,1,"midday"
9,190,132,58,"weekday","lunch","travelling","freezing","grocery",1,1,1,"midday"
9,208,150,58,"weekday","morning","travelling","warm","restaurant",0,1,1,"morning"
9,215,157,58,"weekend","morning","travelling","unknown","grocery",0,1,1,"morning"
9,219,161,58,"weekday","beforelunch","travelling","freezing","grocery",0,1,1,"midday"
9,222,164,58,"weekday","beforelunch","travelling","cold","grocery",0,1,1,"midday"
9,226,168,58,"weekend","afternoon","shopping","cold","grocery",0,1,1,"midday"
9,231,173,58,"weekend","afternoon","travelling","unknown","grocery",0,1,1,"midday"
9,240,182,58,"weekend","lunch","travelling","warm","restaurant",0,1,1,"midday"
10,68,1,67,"weekday","lunch","travelling","cold","restaurant",0,0,0,"midday"
10,73,6,67,"weekday","latenight","travelling","freezing","restaurant",0,0,0,"night"
10,85,18,67,"weekend","beforelunch","travelling","unknown","grocery",1,0,0,"midday"
10,103,36,67,"weekday","dinner","travelling","warm","grocery",0,0,0,"night"
10,104,37,67,"weekday","breakfast","unknown","warm","restaurant",0,0,0,"morning"
10,105,38,67,"weekday","afternoon","travelling","cold","grocery",1,0,0,"midday"
10,106,39,67,"weekday","beforelunch","travelling","unknown","restaurant",1,0,0,"midday"
10,136,69,67,"weekend","afternoon","travelling","warm","grocery",0,1,0,"midday"
10,142,75,67,"weekday","afternoon","unknown","freezing","restaurant",0,1,0,"midday"
10,164,97,67,"weekday","lunch","travelling","unknown","grocery",0,1,0,"midday"
10,169,102,67,"weekday","beforelunch","unknown","unknown","restaurant",0,1,0,"midday"
10,181,114,67,"weekday","lunch","travelling","unknown","grocery",0,1,1,"midday"
10,182,115,67,"weekday","lunch","travelling","unknown","restaurant",0,1,1,"midday"
10,185,118,67,"weekday","beforelunch","unknown","freezing","grocery",0,1,1,"midday"
10,188,121,67,"weekday","afternoon","unknown","unknown","grocery",0,1,1,"midday"
10,190,123,67,"weekday","lunch","travelling","freezing","restaurant",0,1,1,"midday"
10,195,128,67,"weekend","beforelunch","travelling","cold","grocery",0,1,1,"midday"
10,198,131,67,"weekday","afternoon","travelling","freezing","grocery",0,1,1,"midday"
10,200,133,67,"weekday","afternoon","unknown","unknown","restaurant",1,1,1,"midday"
10,223,156,67,"weekday","lunch","unknown","cold","grocery",0,1,1,"midday"
10,227,160,67,"weekday","morning","unknown","cold","restaurant",0,1,1,"morning"
10,228,161,67,"weekday","lunch","working","unknown","grocery",0,1,1,"midday"
10,229,162,67,"weekday","breakfast","travelling","cold","grocery",0,1,1,"morning"
10,230,163,67,"weekend","afternoon","morningrituals","cold","grocery",0,1,1,"midday"
10,236,169,67,"weekday","beforelunch","travelling","unknown","grocery",0,1,1,"midday"
10,244,177,67,"weekday","lunch","travelling","warm","restaurant",0,1,1,"midday"
10,245,178,67,"weekday","night","unknown","hot","restaurant",0,1,1,"night"
11,78,0,78,"weekday","morning","unknown","cold","grocery",0,0,0,"morning"
11,83,5,78,"weekday","lunch","travelling","cold","grocery",0,0,0,"midday"
11,96,18,78,"weekday","breakfast","unknown","hot","grocery",0,0,0,"morning"
11,104,26,78,"weekday","afternoon","travelling","hot","grocery",0,0,0,"midday"
11,109,31,78,"weekday","beforelunch","unknown","hot","grocery",0,0,0,"midday"
11,110,32,78,"weekday","afternoon","travelling","hot","restaurant",0,0,0,"midday"
11,112,34,78,"weekday","breakfast","unknown","unknown","restaurant",0,0,0,"morning"
11,118,40,78,"weekday","beforelunch","leisure","unknown","restaurant",0,0,0,"midday"
11,121,43,78,"weekday","breakfast","travelling","cold","grocery",0,0,0,"morning"
11,122,44,78,"weekday","afternoon","unknown","hot","grocery",0,0,0,"midday"
11,124,46,78,"weekend","afternoon","working","cold","grocery",0,0,0,"midday"
11,128,50,78,"weekday","beforelunch","travelling","cold","restaurant",0,0,0,"midday"
11,137,59,78,"weekday","lunch","unknown","freezing","grocery",0,1,0,"midday"
11,139,61,78,"weekend","earlymorning","shopping","unknown","grocery",0,1,0,"morning"
11,143,65,78,"weekend","afternoon","travelling","cold","grocery",0,1,0,"midday"
11,146,68,78,"weekday","beforelunch","travelling","warm","restaurant",0,1,0,"midday"
11,149,71,78,"weekday","lunch","travelling","warm","grocery",0,1,0,"midday"
11,159,81,78,"weekday","morning","leisure","unknown","restaurant",1,1,0,"morning"
11,160,82,78,"weekend","lunch","travelling","cold","restaurant",1,1,0,"midday"
11,162,84,78,"weekday","lunch","travelling","unknown","restaurant",0,1,0,"midday"
11,164,86,78,"weekday","breakfast","unknown","freezing","restaurant",0,1,0,"morning"
11,166,88,78,"unknown","afternoon","shopping","hot","grocery",1,1,0,"midday"
11,169,91,78,"weekend","afternoon","travelling","cold","grocery",0,1,0,"midday"
11,174,96,78,"weekend","beforelunch","travelling","hot","restaurant",0,1,0,"midday"
11,176,98,78,"weekday","beforelunch","travelling","freezing","restaurant",0,1,0,"midday"
11,178,100,78,"weekday","afternoon","unknown","cold","restaurant",0,1,0,"midday"
11,190,112,78,"weekend","morning","travelling","warm","restaurant",1,1,0,"morning"
11,193,115,78,"weekday","lunch","unknown","hot","grocery",1,1,1,"midday"
11,196,118,78,"weekday","afternoon","working","unknown","grocery",0,1,1,"midday"
11,197,119,78,"weekday","lunch","travelling","unknown","restaurant",0,1,1,"midday"
11,198,120,78,"weekend","breakfast","working","freezing","restaurant",0,1,1,"morning"
11,209,131,78,"weekday","lunch","travelling","freezing","grocery",0,1,1,"midday"
11,210,132,78,"weekday","dinner","travelling","cold","grocery",0,1,1,"night"
11,213,135,78,"weekend","breakfast","working","unknown","grocery",1,1,1,"morning"
11,216,138,78,"weekday","afternoon","travelling","warm","grocery",1,1,1,"midday"
11,220,142,78,"weekday","breakfast","travelling","cold","grocery",0,1,1,"morning"
11,221,143,78,"weekday","breakfast","travelling","warm","restaurant",0,1,1,"morning"
11,222,144,78,"weekday","lunch","working","cold","grocery",1,1,1,"midday"
11,224,146,78,"weekday","afternoon","working","cold","restaurant",0,1,1,"midday"
11,225,147,78,"weekday","breakfast","working","cold","grocery",0,1,1,"morning"
11,231,153,78,"weekday","dinner","shopping","freezing","restaurant",1,1,1,"night"
11,236,158,78,"weekday","lunch","travelling","unknown","restaurant",0,1,1,"midday"
11,238,160,78,"weekend","afternoon","travelling","warm","restaurant",1,1,1,"midday"
11,241,163,78,"weekday","afternoon","unknown","freezing","grocery",1,1,1,"midday"
11,245,167,78,"weekday","beforelunch","leisure","cold","grocery",0,1,1,"midday"
11,259,181,78,"weekday","beforelunch","travelling","cold","restaurant",1,1,1,"midday"
12,97,7,90,"weekday","afternoon","working","cold","grocery",0,0,0,"midday"
12,103,13,90,"weekday","lunch","unknown","unknown","grocery",1,0,0,"midday"
12,117,27,90,"weekday","afternoon","travelling","cold","grocery",0,0,0,"midday"
12,122,32,90,"weekday","dinner","travelling","cold","grocery",0,0,0,"night"
12,126,36,90,"weekend","lunch","travelling","cold","grocery",0,0,0,"midday"
12,134,44,90,"weekend","earlymorning","unknown","warm","grocery",0,0,0,"morning"
12,135,45,90,"weekend","morning","travelling","cold","restaurant",1,0,0,"morning"
12,153,63,90,"weekday","lunch","travelling","cold","grocery",1,1,0,"midday"
12,154,64,90,"weekday","beforelunch","travelling","hot","restaurant",0,1,0,"midday"
12,159,69,90,"weekend","unknown","travelling","freezing","grocery",0,1,0,"unknown"
12,160,70,90,"weekday","afternoon","travelling","unknown","restaurant",0,1,0,"midday"
12,164,74,90,"weekend","afternoon","unknown","freezing","restaurant",1,1,0,"midday"
12,175,85,90,"weekday","dinner","travelling","cold","restaurant",0,1,0,"night"
12,183,93,90,"weekday","afternoon","shopping","cold","restaurant",0,1,0,"midday"
12,190,100,90,"weekday","afternoon","travelling","freezing","restaurant",1,1,0,"midday"
12,202,112,90,"weekday","lunch","travelling","cold","restaurant",1,1,0,"midday"
12,206,116,90,"weekday","afternoon","travelling","freezing","grocery",0,1,1,"midday"
12,215,125,90,"weekday","afternoon","working","cold","restaurant",0,1,1,"midday"
12,218,128,90,"weekday","afternoon","travelling","cold","grocery",1,1,1,"midday"
12,229,139,90,"weekend","night","travelling","warm","grocery",1,1,1,"night"
12,234,144,90,"weekend","afternoon","travelling","warm","grocery",0,1,1,"midday"
12,237,147,90,"weekend","afternoon","travelling","cold","restaurant",0,1,1,"midday"
12,243,153,90,"weekday","breakfast","workingout","cold","restaurant",0,1,1,"morning"
12,244,154,90,"weekend","breakfast","travelling","cold","restaurant",0,1,1,"morning"
12,248,158,90,"weekday","breakfast","travelling","freezing","restaurant",0,1,1,"morning"
12,249,159,90,"weekday","afternoon","unknown","freezing","restaurant",0,1,1,"midday"
12,251,161,90,"weekday","afternoon","travelling","cold","grocery",0,1,1,"midday"
12,252,162,90,"weekday","dinner","unknown","unknown","grocery",0,1,1,"night"
12,259,169,90,"weekday","night","working","cold","restaurant",0,1,1,"night"
12,265,175,90,"weekend","afternoon","travelling","warm","restaurant",0,1,1,"midday"
12,266,176,90,"weekday","beforelunch","leisure","cold","restaurant",1,1,1,"midday"
12,269,179,90,"weekday","morning","working","warm","restaurant",1,1,1,"morning"
13,102,0,102,"weekday","afternoon","travelling","freezing","restaurant",0,0,0,"midday"
13,121,19,102,"weekday","night","travelling","unknown","restaurant",0,0,0,"night"
13,126,24,102,"weekday","afternoon","shopping","freezing","restaurant",0,0,0,"midday"
13,136,34,102,"weekend","morning","travelling","cold","restaurant",0,0,0,"morning"
13,137,35,102,"weekday","lunch","leisure","cold","restaurant",1,0,0,"midday"
13,138,36,102,"weekend","lunch","travelling","freezing","restaurant",0,0,0,"midday"
13,141,39,102,"weekday","beforelunch","unknown","hot","restaurant",0,0,0,"midday"
13,143,41,102,"weekday","afternoon","travelling","hot","restaurant",0,0,0,"midday"
13,144,42,102,"weekday","breakfast","travelling","unknown","grocery",0,0,0,"morning"
13,145,43,102,"weekday","unknown","travelling","unknown","restaurant",1,0,0,"unknown"
13,147,45,102,"weekday","morning","working","cold","restaurant",0,0,0,"morning"
13,154,52,102,"weekday","evening","leisure","warm","grocery",1,0,0,"night"
13,155,53,102,"weekday","breakfast","unknown","unknown","restaurant",0,0,0,"morning"
13,160,58,102,"weekday","earlymorning","shopping","warm","grocery",0,1,0,"morning"
13,171,69,102,"weekday","lunch","unknown","freezing","restaurant",1,1,0,"midday"
13,172,70,102,"weekday","afternoon","travelling","unknown","grocery",1,1,0,"midday"
13,186,84,102,"unknown","afternoon","travelling","freezing","restaurant",0,1,0,"midday"
13,189,87,102,"weekday","breakfast","travelling","cold","grocery",1,1,0,"morning"
13,191,89,102,"weekend","night","leisure","cold","grocery",0,1,0,"night"
13,205,103,102,"weekday","afternoon","shopping","freezing","restaurant",1,1,0,"midday"
13,206,104,102,"weekday","afternoon","unknown","cold","restaurant",1,1,0,"midday"
13,210,108,102,"weekday","afternoon","working","warm","restaurant",1,1,0,"midday"
13,216,114,102,"weekday","breakfast","travelling","freezing","grocery",0,1,1,"morning"
13,219,117,102,"weekday","afternoon","unknown","freezing","restaurant",0,1,1,"midday"
13,230,128,102,"weekday","beforelunch","travelling","unknown","restaurant",0,1,1,"midday"
13,245,143,102,"weekday","lunch","travelling","cold","restaurant",0,1,1,"midday"
13,246,144,102,"weekday","earlymorning","travelling","cold","grocery",0,1,1,"morning"
13,253,151,102,"weekday","beforelunch","travelling","cold","grocery",0,1,1,"midday"
13,262,160,102,"weekday","morning","shopping","freezing","grocery",0,1,1,"morning"
13,268,166,102,"weekday","breakfast","unknown","freezing","restaurant",0,1,1,"morning"
13,269,167,102,"weekend","lunch","travelling","freezing","restaurant",0,1,1,"midday"
13,282,180,102,"weekday","night","travelling","freezing","grocery",0,1,1,"night"
14,110,4,106,"weekday","morning","working","unknown","grocery",0,0,0,"morning"
14,113,7,106,"weekday","afternoon","shopping","unknown","restaurant",0,0,0,"midday"
14,114,8,106,"weekday","afternoon","unknown","cold","restaurant",0,0,0,"midday"
14,115,9,106,"weekday","dinner","travelling","unknown","grocery",0,0,0,"night"
14,118,12,106,"weekend","dinner","travelling","warm","grocery",0,0,0,"night"
14,146,40,106,"weekday","dinner","unknown","unknown","restaurant",0,0,0,"night"
14,152,46,106,"weekday","afternoon","travelling","cold","grocery",0,0,0,"midday"
14,155,49,106,"weekday","afternoon","leisure","cold","grocery",0,0,0,"midday"
14,163,57,106,"weekday","lunch","travelling","cold","grocery",0,1,0,"midday"
14,166,60,106,"weekday","afternoon","working","cold","restaurant",0,1,0,"midday"
14,173,67,106,"weekday","lunch","travelling","unknown","restaurant",0,1,0,"midday"
14,174,68,106,"weekend","morning","unknown","unknown","grocery",0,1,0,"morning"
14,175,69,106,"weekday","breakfast","shopping","cold","grocery",1,1,0,"morning"
14,182,76,106,"weekday","breakfast","morningrituals","cold","restaurant",0,1,0,"morning"
14,206,100,106,"weekend","dinner","travelling","cold","restaurant",0,1,0,"night"
14,217,111,106,"weekend","breakfast","travelling","cold","grocery",0,1,0,"morning"
14,234,128,106,"weekday","morning","travelling","cold","restaurant",0,1,1,"morning"
14,235,129,106,"unknown","afternoon","travelling","cold","restaurant",0,1,1,"midday"
14,239,133,106,"weekday","afternoon","morningrituals","freezing","grocery",0,1,1,"midday"
14,244,138,106,"weekday","beforelunch","unknown","hot","grocery",1,1,1,"midday"
14,246,140,106,"weekday","afternoon","unknown","cold","restaurant",1,1,1,"midday"
14,248,142,106,"weekday","lunch","travelling","cold","grocery",0,1,1,"midday"
14,251,145,106,"weekday","afternoon","unknown","unknown","grocery",1,1,1,"midday"
14,252,146,106,"weekday","afternoon","travelling","cold","grocery",1,1,1,"midday"
14,255,149,106,"weekend","beforelunch","travelling","unknown","restaurant",0,1,1,"midday"
14,261,155,106,"weekday","beforelunch","travelling","unknown","grocery",0,1,1,"midday"
14,267,161,106,"weekend","afternoon","unknown","hot","restaurant",0,1,1,"midday"
14,278,172,106,"weekday","afternoon","travelling","unknown","grocery",0,1,1,"midday"
14,283,177,106,"weekday","lunch","travelling","unknown","restaurant",1,1,1,"midday"
15,110,0,110,"weekday","unknown","unknown","hot","restaurant",1,0,0,"unknown"
15,112,2,110,"weekday","lunch","travelling","freezing","grocery",1,0,0,"midday"
15,113,3,110,"weekday","beforelunch","leisure","warm","grocery",0,0,0,"midday"
15,114,4,110,"weekend","beforelunch","leisure","warm","grocery",0,0,0,"midday"
15,115,5,110,"weekday","unknown","travelling","freezing","restaurant",1,0,0,"unknown"
15,116,6,110,"weekend","beforelunch","shopping","freezing","grocery",1,0,0,"midday"
15,118,8,110,"weekend","afternoon","working","warm","grocery",0,0,0,"midday"
15,119,9,110,"weekend","breakfast","travelling","cold","restaurant",0,0,0,"morning"
15,120,10,110,"weekday","lunch","travelling","cold","restaurant",1,0,0,"midday"
15,121,11,110,"weekday","dinner","travelling","cold","grocery",1,0,0,"night"
15,122,12,110,"weekday","dinner","travelling","warm","restaurant",1,0,0,"night"
15,124,14,110,"weekday","afternoon","travelling","cold","grocery",1,0,0,"midday"
15,125,15,110,"weekend","breakfast","unknown","hot","grocery",1,0,0,"morning"
15,128,18,110,"weekday","breakfast","travelling","unknown","grocery",0,0,0,"morning"
15,129,19,110,"weekday","beforelunch","unknown","cold","restaurant",1,0,0,"midday"
15,132,22,110,"weekday","lunch","travelling","cold","restaurant",0,0,0,"midday"
15,134,24,110,"weekday","breakfast","working","hot","grocery",0,0,0,"morning"
15,136,26,110,"unknown","lunch","travelling","hot","restaurant",1,0,0,"midday"
15,137,27,110,"weekday","dinner","travelling","cold","restaurant",0,0,0,"night"
15,138,28,110,"weekday","afternoon","working","cold","grocery",0,0,0,"midday"
15,139,29,110,"weekday","beforelunch","leisure","cold","restaurant",0,0,0,"midday"
15,140,30,110,"weekend","beforelunch","travelling","cold","restaurant",0,0,0,"midday"
15,141,31,110,"weekday","afternoon","travelling","cold","restaurant",0,0,0,"midday"
15,143,33,110,"weekday","afternoon","travelling","hot","restaurant",0,0,0,"midday"
15,146,36,110,"weekday","lunch","travelling","unknown","restaurant",0,0,0,"midday"
15,147,37,110,"weekend","breakfast","travelling","cold","restaurant",0,0,0,"morning"
15,149,39,110,"weekday","afternoon","working","unknown","restaurant",1,0,0,"midday"
15,150,40,110,"weekday","breakfast","unknown","unknown","grocery",0,0,0,"morning"
15,151,41,110,"weekday","afternoon","travelling","cold","grocery",0,0,0,"midday"
15,152,42,110,"weekday","beforelunch","travelling","freezing","grocery",0,0,0,"midday"
15,154,44,110,"weekday","unknown","travelling","cold","grocery",1,0,0,"unknown"
15,156,46,110,"weekday","afternoon","working","freezing","restaurant",0,0,0,"midday"
15,157,47,110,"weekday","beforelunch","unknown","hot","restaurant",1,0,0,"midday"
15,159,49,110,"weekday","lunch","travelling","cold","grocery",0,0,0,"midday"
15,160,50,110,"weekend","beforelunch","travelling","freezing","grocery",0,0,0,"midday"
15,161,51,110,"weekday","lunch","leisure","freezing","restaurant",1,0,0,"midday"
15,162,52,110,"weekday","earlymorning","travelling","unknown","grocery",0,0,0,"morning"
15,163,53,110,"weekend","beforelunch","working","freezing","grocery",1,0,0,"midday"
15,166,56,110,"weekday","dinner","working","cold","grocery",0,0,0,"night"
15,167,57,110,"weekday","afternoon","unknown","unknown","restaurant",1,1,0,"midday"
15,169,59,110,"weekend","dinner","travelling","unknown","grocery",0,1,0,"night"
15,171,61,110,"weekend","afternoon","working","hot","grocery",0,1,0,"midday"
15,172,62,110,"weekend","lunch","travelling","cold","grocery",1,1,0,"midday"
15,175,65,110,"weekday","afternoon","travelling","cold","restaurant",0,1,0,"midday"
15,176,66,110,"weekday","beforelunch","leisure","unknown","grocery",0,1,0,"midday"
15,177,67,110,"weekday","breakfast","travelling","unknown","grocery",0,1,0,"morning"
15,178,68,110,"weekday","lunch","travelling","warm","grocery",1,1,0,"midday"
15,179,69,110,"weekday","beforelunch","unknown","warm","restaurant",0,1,0,"midday"
15,180,70,110,"weekday","afternoon","working","unknown","grocery",0,1,0,"midday"
15,181,71,110,"weekend","dinner","unknown","unknown","grocery",0,1,0,"night"
15,182,72,110,"weekend","afternoon","shopping","hot","restaurant",1,1,0,"midday"
15,183,73,110,"weekday","afternoon","leisure","unknown","restaurant",1,1,0,"midday"
15,185,75,110,"weekday","dinner","travelling","warm","restaurant",0,1,0,"night"
15,186,76,110,"weekday","afternoon","unknown","unknown","restaurant",1,1,0,"midday"
15,187,77,110,"weekend","beforelunch","travelling","cold","grocery",0,1,0,"midday"
15,188,78,110,"weekday","morning","travelling","cold","restaurant",0,1,0,"morning"
15,189,79,110,"weekday","afternoon","working","unknown","grocery",1,1,0,"midday"
15,194,84,110,"weekday","morning","travelling","freezing","restaurant",1,1,0,"morning"
15,195,85,110,"weekday","afternoon","morningrituals","freezing","grocery",0,1,0,"midday"
15,197,87,110,"weekend","lunch","travelling","freezing","restaurant",0,1,0,"midday"
15,199,89,110,"weekday","afternoon","travelling","warm","restaurant",0,1,0,"midday"
15,200,90,110,"weekday","earlymorning","travelling","hot","grocery",0,1,0,"morning"
15,203,93,110,"weekday","breakfast","travelling","unknown","grocery",0,1,0,"morning"
15,204,94,110,"weekday","morning","travelling","unknown","restaurant",0,1,0,"morning"
15,205,95,110,"weekday","beforelunch","travelling","cold","grocery",0,1,0,"midday"
15,206,96,110,"weekday","beforelunch","working","unknown","grocery",1,1,0,"midday"
15,207,97,110,"weekday","lunch","travelling","cold","grocery",0,1,0,"midday"
15,208,98,110,"weekday","beforelunch","travelling","freezing","grocery",0,1,0,"midday"
15,210,100,110,"weekday","lunch","unknown","hot","grocery",1,1,0,"midday"
15,211,101,110,"weekday","afternoon","travelling","unknown","restaurant",0,1,0,"midday"
15,213,103,110,"weekend","afternoon","travelling","unknown","restaurant",0,1,0,"midday"
15,214,104,110,"weekday","lunch","travelling","hot","restaurant",0,1,0,"midday"
15,215,105,110,"weekday","beforelunch","working","cold","grocery",0,1,0,"midday"
15,217,107,110,"weekday","beforelunch","shopping","hot","grocery",0,1,0,"midday"
15,218,108,110,"weekday","unknown","travelling","freezing","grocery",0,1,0,"unknown"
15,219,109,110,"weekday","lunch","working","cold","grocery",0,1,0,"midday"
15,220,110,110,"weekday","dinner","working","warm","restaurant",1,1,0,"night"
15,222,112,110,"weekday","afternoon","unknown","unknown","grocery",0,1,0,"midday"
15,223,113,110,"weekday","lunch","travelling","cold","grocery",0,1,1,"midday"
15,225,115,110,"weekday","lunch","travelling","unknown","grocery",1,1,1,"midday"
15,226,116,110,"weekday","beforelunch","travelling","freezing","grocery",0,1,1,"midday"
15,227,117,110,"weekend","afternoon","travelling","unknown","grocery",0,1,1,"midday"
15,228,118,110,"weekday","afternoon","morningrituals","unknown","grocery",0,1,1,"midday"
15,229,119,110,"weekday","breakfast","working","warm","grocery",1,1,1,"morning"
15,230,120,110,"weekday","lunch","shopping","cold","grocery",0,1,1,"midday"
15,231,121,110,"weekday","afternoon","working","cold","grocery",0,1,1,"midday"
15,232,122,110,"unknown","beforelunch","travelling","freezing","restaurant",0,1,1,"midday"
15,233,123,110,"weekday","afternoon","travelling","cold","grocery",0,1,1,"midday"
15,234,124,110,"weekend","lunch","travelling","cold","restaurant",1,1,1,"midday"
15,237,127,110,"weekday","unknown","unknown","cold","grocery",1,1,1,"unknown"
15,238,128,110,"weekday","afternoon","travelling","freezing","restaurant",0,1,1,"midday"
15,239,129,110,"weekday","morning","unknown","freezing","restaurant",0,1,1,"morning"
15,242,132,110,"weekday","lunch","travelling","cold","grocery",0,1,1,"midday"
15,243,133,110,"weekday","breakfast","travelling","cold","restaurant",1,1,1,"morning"
15,244,134,110,"weekday","unknown","travelling","warm","restaurant",0,1,1,"unknown"
15,246,136,110,"weekday","lunch","morningrituals","cold","grocery",0,1,1,"midday"
15,247,137,110,"weekday","earlymorning","travelling","cold","grocery",1,1,1,"morning"
15,248,138,110,"weekday","afternoon","travelling","unknown","grocery",0,1,1,"midday"
15,249,139,110,"weekday","lunch","unknown","cold","restaurant",1,1,1,"midday"
15,251,141,110,"weekday","afternoon","travelling","unknown","restaurant",0,1,1,"midday"
15,253,143,110,"weekend","evening","working","cold","grocery",0,1,1,"night"
15,254,144,110,"weekday","unknown","travelling","warm","grocery",1,1,1,"unknown"
15,258,148,110,"weekday","evening","travelling","hot","grocery",0,1,1,"night"
15,259,149,110,"weekday","afternoon","travelling","unknown","restaurant",0,1,1,"midday"
15,260,150,110,"weekday","afternoon","unknown","freezing","restaurant",1,1,1,"midday"
15,261,151,110,"weekday","breakfast","travelling","cold","restaurant",0,1,1,"morning"
15,262,152,110,"weekday","lunch","unknown","hot","restaurant",0,1,1,"midday"
15,263,153,110,"weekday","morning","travelling","cold","grocery",1,1,1,"morning"
15,265,155,110,"weekday","afternoon","unknown","unknown","restaurant",0,1,1,"midday"
15,266,156,110,"weekday","evening","travelling","freezing","grocery",0,1,1,"night"
15,268,158,110,"weekday","afternoon","unknown","unknown","grocery",0,1,1,"midday"
15,269,159,110,"weekday","beforelunch","travelling","warm","restaurant",0,1,1,"midday"
15,270,160,110,"weekend","lunch","unknown","cold","restaurant",1,1,1,"midday"
15,272,162,110,"weekday","afternoon","working","cold","grocery",1,1,1,"midday"
15,273,163,110,"weekday","evening","travelling","freezing","restaurant",1,1,1,"night"
15,275,165,110,"weekday","breakfast","travelling","freezing","grocery",0,1,1,"morning"
15,276,166,110,"weekday","afternoon","travelling","cold","restaurant",0,1,1,"midday"
15,277,167,110,"weekday","afternoon","shopping","warm","grocery",0,1,1,"midday"
15,278,168,110,"weekday","unknown","leisure","unknown","grocery",0,1,1,"unknown"
15,279,169,110,"weekend","afternoon","leisure","freezing","restaurant",1,1,1,"midday"
15,280,170,110,"weekday","beforelunch","travelling","freezing","grocery",0,1,1,"midday"
15,281,171,110,"weekday","afternoon","travelling","warm","grocery",0,1,1,"midday"
15,282,172,110,"weekday","night","travelling","warm","grocery",0,1,1,"night"
15,284,174,110,"weekday","lunch","unknown","unknown","grocery",0,1,1,"midday"
15,285,175,110,"weekday","beforelunch","working","cold","restaurant",0,1,1,"midday"
15,286,176,110,"weekday","lunch","travelling","warm","restaurant",1,1,1,"midday"
16,124,1,123,"weekday","afternoon","travelling","cold","grocery",0,0,0,"midday"
16,126,3,123,"weekend","morning","morningrituals","cold","grocery",0,0,0,"morning"
16,129,6,123,"weekend","lunch","travelling","freezing","restaurant",1,0,0,"midday"
16,132,9,123,"weekday","lunch","travelling","unknown","grocery",0,0,0,"midday"
16,133,10,123,"weekday","beforelunch","travelling","unknown","grocery",0,0,0,"midday"
16,137,14,123,"weekday","afternoon","morningrituals","warm","restaurant",0,0,0,"midday"
16,138,15,123,"weekend","morning","travelling","cold","restaurant",1,0,0,"morning"
16,140,17,123,"weekday","breakfast","travelling","cold","restaurant",0,0,0,"morning"
16,142,19,123,"weekday","dinner","working","warm","restaurant",0,0,0,"night"
16,143,20,123,"weekday","afternoon","travelling","unknown","restaurant",1,0,0,"midday"
16,145,22,123,"weekday","breakfast","travelling","cold","grocery",1,0,0,"morning"
16,146,23,123,"weekday","lunch","working","freezing","restaurant",0,0,0,"midday"
16,149,26,123,"weekend","lunch","travelling","unknown","grocery",1,0,0,"midday"
16,154,31,123,"weekday","beforelunch","working","warm","grocery",0,0,0,"midday"
16,155,32,123,"weekday","afternoon","travelling","cold","grocery",1,0,0,"midday"
16,157,34,123,"weekday","morning","shopping","cold","grocery",0,0,0,"morning"
16,158,35,123,"weekday","earlymorning","shopping","freezing","restaurant",0,0,0,"morning"
16,159,36,123,"weekday","lunch","travelling","freezing","restaurant",0,0,0,"midday"
16,162,39,123,"weekday","breakfast","travelling","warm","restaurant",0,0,0,"morning"
16,167,44,123,"weekday","afternoon","travelling","unknown","restaurant",1,0,0,"midday"
16,168,45,123,"weekday","afternoon","morningrituals","hot","grocery",0,0,0,"midday"
16,169,46,123,"weekday","afternoon","working","cold","grocery",0,0,0,"midday"
16,175,52,123,"weekday","beforelunch","working","cold","grocery",1,0,0,"midday"
16,176,53,123,"weekday","lunch","unknown","cold","grocery",1,0,0,"midday"
16,177,54,123,"unknown","beforelunch","travelling","warm","grocery",1,0,0,"midday"
16,179,56,123,"weekday","beforelunch","unknown","hot","grocery",0,0,0,"midday"
16,180,57,123,"unknown","afternoon","working","cold","grocery",0,1,0,"midday"
16,182,59,123,"weekend","afternoon","working","cold","grocery",0,1,0,"midday"
16,184,61,123,"weekend","dinner","travelling","freezing","grocery",0,1,0,"night"
16,185,62,123,"weekend","lunch","travelling","hot","restaurant",0,1,0,"midday"
16,187,64,123,"weekday","lunch","travelling","hot","grocery",0,1,0,"midday"
16,188,65,123,"weekday","afternoon","morningrituals","freezing","grocery",1,1,0,"midday"
16,193,70,123,"weekday","lunch","unknown","hot","restaurant",0,1,0,"midday"
16,194,71,123,"weekend","lunch","leisure","cold","restaurant",0,1,0,"midday"
16,196,73,123,"weekday","beforelunch","travelling","unknown","restaurant",0,1,0,"midday"
16,201,78,123,"weekend","breakfast","travelling","unknown","grocery",0,1,0,"morning"
16,204,81,123,"weekend","lunch","unknown","hot","restaurant",0,1,0,"midday"
16,206,83,123,"weekend","afternoon","travelling","freezing","restaurant",0,1,0,"midday"
16,210,87,123,"weekend","breakfast","unknown","unknown","restaurant",0,1,0,"morning"
16,212,89,123,"weekday","breakfast","travelling","unknown","grocery",1,1,0,"morning"
16,214,91,123,"weekday","afternoon","shopping","freezing","grocery",0,1,0,"midday"
16,215,92,123,"weekend","afternoon","travelling","unknown","grocery",0,1,0,"midday"
16,217,94,123,"weekday","lunch","travelling","warm","restaurant",0,1,0,"midday"
16,220,97,123,"weekday","afternoon","travelling","cold","restaurant",0,1,0,"midday"
16,222,99,123,"weekend","lunch","working","freezing","restaurant",1,1,0,"midday"
16,225,102,123,"weekday","morning","travelling","freezing","grocery",0,1,0,"morning"
16,226,103,123,"weekday","lunch","travelling","unknown","restaurant",1,1,0,"midday"
16,229,106,123,"weekday","breakfast","travelling","warm","grocery",0,1,0,"morning"
16,230,107,123,"weekend","dinner","travelling","unknown","grocery",0,1,0,"night"
16,232,109,123,"unknown","earlymorning","travelling","cold","restaurant",0,1,0,"morning"
16,233,110,123,"unknown","night","unknown","freezing","grocery",1,1,0,"night"
16,236,113,123,"weekday","morning","travelling","hot","restaurant",0,1,1,"morning"
16,237,114,123,"weekday","breakfast","travelling","freezing","restaurant",0,1,1,"morning"
16,238,115,123,"weekday","morning","travelling","warm","restaurant",0,1,1,"morning"
16,242,119,123,"weekend","lunch","shopping","warm","restaurant",1,1,1,"midday"
16,244,121,123,"weekday","morning","travelling","cold","grocery",1,1,1,"morning"
16,249,126,123,"weekday","afternoon","unknown","unknown","grocery",0,1,1,"midday"
16,255,132,123,"weekend","dinner","travelling","freezing","restaurant",0,1,1,"night"
16,258,135,123,"weekday","beforelunch","travelling","freezing","grocery",1,1,1,"midday"
16,259,136,123,"weekday","evening","leisure","cold","restaurant",1,1,1,"night"
16,263,140,123,"weekday","beforelunch","unknown","unknown","restaurant",0,1,1,"midday"
16,265,142,123,"weekend","lunch","travelling","freezing","grocery",0,1,1,"midday"
16,266,143,123,"weekday","beforelunch","travelling","cold","grocery",0,1,1,"midday"
16,267,144,123,"weekend","afternoon","travelling","hot","grocery",0,1,1,"midday"
16,268,145,123,"weekday","afternoon","unknown","warm","restaurant",0,1,1,"midday"
16,272,149,123,"weekday","morning","unknown","cold","restaurant",0,1,1,"morning"
16,273,150,123,"weekday","beforelunch","leisure","freezing","restaurant",0,1,1,"midday"
16,275,152,123,"weekend","breakfast","travelling","freezing","restaurant",1,1,1,"morning"
16,276,153,123,"weekday","lunch","travelling","cold","grocery",1,1,1,"midday"
16,277,154,123,"weekday","breakfast","unknown","cold","restaurant",0,1,1,"morning"
16,279,156,123,"weekday","morning","travelling","cold","grocery",0,1,1,"morning"
16,280,157,123,"weekend","breakfast","shopping","freezing","restaurant",0,1,1,"morning"
16,283,160,123,"weekday","afternoon","travelling","cold","restaurant",0,1,1,"midday"
16,285,162,123,"weekday","morning","leisure","warm","grocery",1,1,1,"morning"
16,290,167,123,"weekday","breakfast","travelling","cold","restaurant",0,1,1,"morning"
16,292,169,123,"weekday","morning","leisure","unknown","grocery",0,1,1,"morning"
16,293,170,123,"weekend","afternoon","travelling","warm","restaurant",0,1,1,"midday"
16,297,174,123,"weekend","morning","travelling","cold","restaurant",1,1,1,"morning"
16,299,176,123,"weekday","afternoon","travelling","unknown","grocery",0,1,1,"midday"
16,300,177,123,"weekday","afternoon","shopping","unknown","grocery",0,1,1,"midday"
16,302,179,123,"weekend","lunch","travelling","hot","grocery",0,1,1,"midday"
16,304,181,123,"weekday","afternoon","travelling","cold","grocery",0,1,1,"midday"
16,305,182,123,"weekday","beforelunch","travelling","unknown","grocery",1,1,1,"midday"
17,125,0,125,"weekday","dinner","travelling","cold","restaurant",0,0,0,"night"
17,128,3,125,"weekend","afternoon","unknown","unknown","restaurant",0,0,0,"midday"
17,129,4,125,"unknown","breakfast","travelling","hot","restaurant",0,0,0,"morning"
17,134,9,125,"weekday","afternoon","working","freezing","grocery",0,0,0,"midday"
17,135,10,125,"weekday","beforelunch","travelling","cold","restaurant",1,0,0,"midday"
17,143,18,125,"weekday","beforelunch","travelling","cold","grocery",0,0,0,"midday"
17,144,19,125,"weekend","lunch","travelling","cold","restaurant",1,0,0,"midday"
17,146,21,125,"weekday","morning","leisure","freezing","grocery",0,0,0,"morning"
17,150,25,125,"weekend","beforelunch","travelling","cold","grocery",0,0,0,"midday"
17,156,31,125,"weekend","morning","unknown","unknown","restaurant",1,0,0,"morning"
17,159,34,125,"weekend","afternoon","unknown","hot","grocery",0,0,0,"midday"
17,162,37,125,"weekday","unknown","shopping","cold","restaurant",1,0,0,"unknown"
17,166,41,125,"weekday","lunch","travelling","freezing","restaurant",0,0,0,"midday"
17,169,44,125,"weekday","beforelunch","unknown","unknown","grocery",0,0,0,"midday"
17,171,46,125,"weekday","beforelunch","leisure","warm","grocery",0,0,0,"midday"
17,177,52,125,"weekday","beforelunch","working","hot","restaurant",0,0,0,"midday"
17,181,56,125,"weekend","beforelunch","shopping","unknown","grocery",1,0,0,"midday"
17,183,58,125,"weekend","afternoon","travelling","warm","restaurant",0,1,0,"midday"
17,190,65,125,"weekday","afternoon","morningrituals","freezing","restaurant",0,1,0,"midday"
17,197,72,125,"weekday","beforelunch","leisure","cold","restaurant",1,1,0,"midday"
17,201,76,125,"weekday","earlymorning","unknown","cold","restaurant",1,1,0,"morning"
17,213,88,125,"weekday","morning","travelling","hot","grocery",0,1,0,"morning"
17,215,90,125,"weekend","morning","travelling","cold","grocery",0,1,0,"morning"
17,216,91,125,"weekday","afternoon","leisure","cold","grocery",1,1,0,"midday"
17,220,95,125,"weekday","beforelunch","travelling","unknown","grocery",0,1,0,"midday"
17,224,99,125,"weekday","beforelunch","unknown","cold","grocery",0,1,0,"midday"
17,237,112,125,"weekday","lunch","unknown","freezing","grocery",1,1,0,"midday"
17,240,115,125,"weekday","breakfast","travelling","unknown","grocery",0,1,1,"morning"
17,241,116,125,"weekend","unknown","travelling","freezing","restaurant",0,1,1,"unknown"
17,242,117,125,"weekday","breakfast","travelling","unknown","grocery",0,1,1,"morning"
17,247,122,125,"weekday","dinner","unknown","cold","restaurant",0,1,1,"night"
17,261,136,125,"weekend","earlymorning","travelling","warm","restaurant",0,1,1,"morning"
17,264,139,125,"weekday","beforelunch","travelling","freezing","restaurant",1,1,1,"midday"
17,269,144,125,"weekday","lunch","working","unknown","restaurant",0,1,1,"midday"
17,271,146,125,"unknown","beforelunch","travelling","freezing","grocery",1,1,1,"midday"
17,277,152,125,"weekday","afternoon","working","unknown","restaurant",1,1,1,"midday"
17,278,153,125,"weekend","afternoon","travelling","cold","restaurant",1,1,1,"midday"
17,279,154,125,"weekend","lunch","travelling","freezing","grocery",0,1,1,"midday"
17,280,155,125,"weekend","afternoon","travelling","freezing","grocery",0,1,1,"midday"
17,283,158,125,"weekday","evening","shopping","freezing","restaurant",0,1,1,"night"
17,286,161,125,"weekday","afternoon","travelling","freezing","restaurant",0,1,1,"midday"
17,290,165,125,"weekend","morning","morningrituals","unknown","restaurant",1,1,1,"morning"
17,293,168,125,"weekday","lunch","shopping","cold","grocery",0,1,1,"midday"
17,298,173,125,"weekday","afternoon","travelling","unknown","restaurant",0,1,1,"midday"
17,299,174,125,"weekend","dinner","working","unknown","grocery",1,1,1,"night"
18,132,3,129,"unknown","morning","leisure","cold","grocery",0,0,0,"morning"
18,147,18,129,"weekend","morning","travelling","cold","grocery",0,0,0,"morning"
18,151,22,129,"weekend","lunch","travelling","cold","restaurant",1,0,0,"midday"
18,154,25,129,"weekday","lunch","leisure","cold","grocery",0,0,0,"midday"
18,158,29,129,"weekday","afternoon","travelling","warm","grocery",0,0,0,"midday"
18,159,30,129,"weekday","breakfast","travelling","freezing","grocery",0,0,0,"morning"
18,164,35,129,"weekday","afternoon","unknown","warm","restaurant",0,0,0,"midday"
18,170,41,129,"weekday","dinner","travelling","unknown","restaurant",1,0,0,"night"
18,172,43,129,"weekend","night","travelling","cold","restaurant",0,0,0,"night"
18,179,50,129,"weekend","lunch","working","unknown","restaurant",0,0,0,"midday"
18,181,52,129,"weekday","afternoon","shopping","warm","grocery",0,0,0,"midday"
18,203,74,129,"weekday","afternoon","morningrituals","unknown","restaurant",1,1,0,"midday"
18,211,82,129,"weekend","morning","travelling","warm","grocery",0,1,0,"morning"
18,214,85,129,"weekday","afternoon","unknown","warm","grocery",0,1,0,"midday"
18,215,86,129,"weekday","afternoon","travelling","warm","restaurant",1,1,0,"midday"
18,227,98,129,"weekend","beforelunch","shopping","cold","restaurant",0,1,0,"midday"
18,230,101,129,"weekday","lunch","travelling","hot","restaurant",0,1,0,"midday"
18,232,103,129,"weekday","afternoon","travelling","freezing","restaurant",0,1,0,"midday"
18,233,104,129,"weekend","morning","travelling","warm","grocery",0,1,0,"morning"
18,236,107,129,"weekday","breakfast","travelling","cold","grocery",1,1,0,"morning"
18,238,109,129,"weekend","lunch","working","warm","restaurant",0,1,0,"midday"
18,239,110,129,"weekday","beforelunch","travelling","freezing","restaurant",1,1,0,"midday"
18,241,112,129,"weekday","afternoon","travelling","unknown","restaurant",0,1,0,"midday"
18,245,116,129,"weekday","dinner","shopping","cold","restaurant",1,1,1,"night"
18,251,122,129,"weekday","afternoon","travelling","freezing","restaurant",0,1,1,"midday"
18,257,128,129,"weekday","breakfast","leisure","freezing","grocery",1,1,1,"morning"
18,258,129,129,"weekday","afternoon","working","freezing","grocery",0,1,1,"midday"
18,261,132,129,"weekday","morning","unknown","warm","restaurant",0,1,1,"morning"
18,263,134,129,"weekday","afternoon","travelling","freezing","restaurant",0,1,1,"midday"
18,266,137,129,"weekend","afternoon","travelling","warm","grocery",1,1,1,"midday"
18,267,138,129,"weekday","earlymorning","unknown","cold","restaurant",1,1,1,"morning"
18,269,140,129,"weekend","earlymorning","unknown","freezing","grocery",0,1,1,"morning"
18,273,144,129,"weekend","night","shopping","cold","restaurant",1,1,1,"night"
18,276,147,129,"weekday","afternoon","travelling","freezing","grocery",1,1,1,"midday"
18,282,153,129,"weekday","breakfast","travelling","freezing","grocery",1,1,1,"morning"
18,287,158,129,"weekday","beforelunch","travelling","unknown","restaurant",0,1,1,"midday"
18,288,159,129,"weekday","lunch","leisure","cold","restaurant",0,1,1,"midday"
18,291,162,129,"weekday","beforelunch","shopping","cold","restaurant",0,1,1,"midday"
18,297,168,129,"weekend","lunch","working","warm","grocery",0,1,1,"midday"
18,299,170,129,"weekday","afternoon","housework","hot","grocery",1,1,1,"midday"
18,300,171,129,"weekday","lunch","leisure","hot","grocery",0,1,1,"midday"
18,301,172,129,"weekday","morning","travelling","unknown","restaurant",0,1,1,"morning"
18,303,174,129,"weekday","lunch","travelling","unknown","grocery",1,1,1,"midday"
18,312,183,129,"weekday","lunch","travelling","unknown","restaurant",1,1,1,"midday"
19,135,1,134,"weekday","breakfast","shopping","hot","restaurant",0,0,0,"morning"
19,136,2,134,"weekday","beforelunch","travelling","warm","restaurant",1,0,0,"midday"
19,138,4,134,"weekday","night","travelling","unknown","grocery",0,0,0,"night"
19,139,5,134,"weekday","lunch","unknown","freezing","grocery",0,0,0,"midday"
19,141,7,134,"weekend","lunch","travelling","cold","grocery",0,0,0,"midday"
19,144,10,134,"weekend","afternoon","unknown","freezing","grocery",0,0,0,"midday"
19,149,15,134,"weekend","afternoon","travelling","unknown","grocery",0,0,0,"midday"
19,155,21,134,"weekday","lunch","shopping","freezing","grocery",0,0,0,"midday"
19,163,29,134,"weekday","afternoon","travelling","freezing","restaurant",0,0,0,"midday"
19,164,30,134,"weekend","lunch","travelling","cold","restaurant",0,0,0,"midday"
19,165,31,134,"unknown","breakfast","travelling","freezing","restaurant",0,0,0,"morning"
19,167,33,134,"weekday","afternoon","working","cold","restaurant",0,0,0,"midday"
19,173,39,134,"unknown","afternoon","travelling","hot","restaurant",0,0,0,"midday"
19,176,42,134,"weekday","morning","leisure","cold","restaurant",0,0,0,"morning"
19,177,43,134,"weekday","dinner","working","cold","grocery",1,0,0,"night"
19,179,45,134,"weekday","evening","unknown","unknown","grocery",0,0,0,"night"
19,182,48,134,"weekday","afternoon","working","cold","restaurant",0,0,0,"midday"
19,185,51,134,"weekend","afternoon","travelling","freezing","grocery",0,0,0,"midday"
19,196,62,134,"weekday","lunch","travelling","hot","restaurant",1,1,0,"midday"
19,199,65,134,"weekday","morning","travelling","cold","restaurant",0,1,0,"morning"
19,205,71,134,"weekend","breakfast","working","freezing","restaurant",0,1,0,"morning"
19,211,77,134,"weekday","breakfast","travelling","freezing","restaurant",1,1,0,"morning"
19,214,80,134,"weekday","afternoon","shopping","hot","grocery",1,1,0,"midday"
19,215,81,134,"weekend","beforelunch","working","freezing","restaurant",0,1,0,"midday"
19,217,83,134,"weekday","evening","unknown","cold","grocery",0,1,0,"night"
19,228,94,134,"weekday","afternoon","leisure","unknown","grocery",0,1,0,"midday"
19,239,105,134,"weekday","morning","travelling","cold","grocery",0,1,0,"morning"
19,248,114,134,"weekday","lunch","travelling","freezing","restaurant",1,1,1,"midday"
19,252,118,134,"weekday","beforelunch","travelling","cold","restaurant",0,1,1,"midday"
19,253,119,134,"weekday","morning","travelling","unknown","restaurant",1,1,1,"morning"
19,255,121,134,"weekday","lunch","travelling","hot","grocery",0,1,1,"midday"
19,256,122,134,"weekday","earlymorning","travelling","unknown","grocery",0,1,1,"morning"
19,264,130,134,"weekday","lunch","leisure","cold","grocery",0,1,1,"midday"
19,269,135,134,"weekday","lunch","working","cold","grocery",0,1,1,"midday"
19,271,137,134,"weekday","lunch","travelling","freezing","grocery",1,1,1,"midday"
19,272,138,134,"weekday","lunch","unknown","warm","grocery",0,1,1,"midday"
19,286,152,134,"weekday","beforelunch","leisure","cold","grocery",0,1,1,"midday"
19,287,153,134,"weekend","lunch","travelling","unknown","grocery",1,1,1,"midday"
19,295,161,134,"weekday","lunch","travelling","cold","grocery",0,1,1,"midday"
19,297,163,134,"weekday","afternoon","travelling","freezing","restaurant",0,1,1,"midday"
19,301,167,134,"weekday","breakfast","working","cold","restaurant",1,1,1,"morning"
19,305,171,134,"weekday","night","travelling","freezing","restaurant",0,1,1,"night"
19,307,173,134,"weekday","lunch","travelling","warm","grocery",0,1,1,"midday"
19,315,181,134,"weekday","lunch","travelling","cold","grocery",0,1,1,"midday"
19,316,182,134,"weekday","afternoon","unknown","cold","restaurant",1,1,1,"midday"
19,317,183,134,"weekend","lunch","travelling","freezing","restaurant",0,1,1,"midday"
20,152,16,136,"weekday","afternoon","leisure","freezing","grocery",0,0,0,"midday"
20,159,23,136,"weekday","afternoon","shopping","unknown","restaurant",1,0,0,"midday"
20,186,50,136,"weekday","beforelunch","unknown","warm","restaurant",0,0,0,"midday"
20,193,57,136,"weekday","morning","leisure","cold","grocery",0,1,0,"morning"
20,219,83,136,"weekend","afternoon","unknown","freezing","restaurant",0,1,0,"midday"
20,231,95,136,"weekday","morning","shopping","hot","grocery",0,1,0,"morning"
20,234,98,136,"weekday","afternoon","working","cold","restaurant",1,1,0,"midday"
21,150,5,145,"weekday","lunch","housework","cold","grocery",0,0,0,"midday"
21,153,8,145,"weekday","lunch","unknown","unknown","restaurant",1,0,0,"midday"
21,175,30,145,"weekday","breakfast","travelling","unknown","restaurant",1,0,0,"morning"
21,182,37,145,"weekday","afternoon","travelling","hot","grocery",0,0,0,"midday"
21,212,67,145,"weekday","afternoon","travelling","freezing","grocery",0,1,0,"midday"
21,214,69,145,"weekday","afternoon","working","freezing","grocery",0,1,0,"midday"
21,234,89,145,"weekend","breakfast","travelling","unknown","restaurant",1,1,0,"morning"
21,272,127,145,"weekend","beforelunch","travelling","cold","grocery",0,1,1,"midday"
21,285,140,145,"weekend","afternoon","travelling","hot","grocery",0,1,1,"midday"
21,291,146,145,"weekday","dinner","travelling","warm","restaurant",1,1,1,"night"
21,299,154,145,"weekday","afternoon","travelling","unknown","grocery",1,1,1,"midday"
21,301,156,145,"weekend","lunch","unknown","freezing","restaurant",0,1,1,"midday"
21,315,170,145,"weekday","earlymorning","travelling","unknown","grocery",0,1,1,"morning"
22,156,1,155,"weekday","afternoon","travelling","freezing","grocery",1,0,0,"midday"
22,158,3,155,"unknown","beforelunch","working","cold","grocery",0,0,0,"midday"
22,162,7,155,"weekday","afternoon","unknown","cold","grocery",1,0,0,"midday"
22,165,10,155,"weekend","beforelunch","travelling","warm","restaurant",0,0,0,"midday"
22,166,11,155,"weekday","beforelunch","working","freezing","restaurant",1,0,0,"midday"
22,171,16,155,"weekday","beforelunch","travelling","freezing","grocery",0,0,0,"midday"
22,175,20,155,"weekday","morning","working","freezing","restaurant",0,0,0,"morning"
22,178,23,155,"weekday","lunch","shopping","unknown","restaurant",0,0,0,"midday"
22,179,24,155,"weekday","afternoon","travelling","cold","restaurant",0,0,0,"midday"
22,182,27,155,"weekday","afternoon","leisure","warm","grocery",0,0,0,"midday"
22,191,36,155,"weekday","lunch","travelling","cold","restaurant",0,0,0,"midday"
22,192,37,155,"weekday","afternoon","travelling","freezing","restaurant",0,0,0,"midday"
22,198,43,155,"weekend","afternoon","travelling","cold","grocery",0,0,0,"midday"
22,203,48,155,"weekday","beforelunch","travelling","unknown","restaurant",1,0,0,"midday"
22,205,50,155,"weekday","earlymorning","travelling","unknown","grocery",1,0,0,"morning"
22,207,52,155,"weekday","beforelunch","travelling","unknown","restaurant",0,0,0,"midday"
22,208,53,155,"weekday","afternoon","unknown","freezing","restaurant",1,0,0,"midday"
22,210,55,155,"weekday","beforelunch","travelling","unknown","grocery",1,0,0,"midday"
22,217,62,155,"weekday","afternoon","leisure","cold","grocery",1,1,0,"midday"
22,223,68,155,"weekday","afternoon","unknown","cold","restaurant",0,1,0,"midday"
22,225,70,155,"weekend","lunch","travelling","cold","grocery",1,1,0,"midday"
22,236,81,155,"weekday","beforelunch","unknown","cold","restaurant",1,1,0,"midday"
22,238,83,155,"weekday","beforelunch","leisure","unknown","restaurant",0,1,0,"midday"
22,242,87,155,"weekday","beforelunch","travelling","unknown","grocery",1,1,0,"midday"
22,246,91,155,"weekday","beforelunch","travelling","cold","grocery",0,1,0,"midday"
22,248,93,155,"weekday","beforelunch","working","cold","grocery",0,1,0,"midday"
22,249,94,155,"weekday","lunch","working","warm","restaurant",1,1,0,"midday"
22,252,97,155,"weekend","beforelunch","travelling","freezing","grocery",1,1,0,"midday"
22,255,100,155,"weekday","beforelunch","travelling","cold","restaurant",0,1,0,"midday"
22,256,101,155,"weekday","lunch","shopping","unknown","restaurant",0,1,0,"midday"
22,258,103,155,"weekday","afternoon","travelling","hot","restaurant",0,1,0,"midday"
22,259,104,155,"weekday","lunch","unknown","freezing","restaurant",0,1,0,"midday"
22,260,105,155,"weekday","afternoon","travelling","unknown","restaurant",0,1,0,"midday"
22,261,106,155,"weekday","afternoon","travelling","unknown","restaurant",1,1,0,"midday"
22,263,108,155,"weekday","afternoon","travelling","unknown","restaurant",0,1,0,"midday"
22,267,112,155,"weekend","breakfast","morningrituals","freezing","grocery",1,1,0,"morning"
22,276,121,155,"weekday","lunch","leisure","cold","restaurant",0,1,1,"midday"
22,277,122,155,"weekend","dinner","travelling","freezing","grocery",0,1,1,"night"
22,280,125,155,"weekday","night","leisure","cold","restaurant",0,1,1,"night"
22,283,128,155,"weekday","beforelunch","travelling","cold","restaurant",0,1,1,"midday"
22,287,132,155,"weekday","beforelunch","travelling","unknown","grocery",1,1,1,"midday"
22,291,136,155,"weekday","beforelunch","travelling","warm","restaurant",0,1,1,"midday"
22,294,139,155,"weekend","breakfast","working","freezing","restaurant",0,1,1,"morning"
22,307,152,155,"weekend","beforelunch","travelling","unknown","restaurant",0,1,1,"midday"
22,308,153,155,"weekday","morning","shopping","freezing","restaurant",0,1,1,"morning"
22,311,156,155,"weekday","lunch","travelling","warm","restaurant",0,1,1,"midday"
22,314,159,155,"weekend","unknown","leisure","freezing","grocery",1,1,1,"unknown"
22,317,162,155,"weekday","lunch","travelling","cold","restaurant",1,1,1,"midday"
22,319,164,155,"weekday","morning","unknown","unknown","grocery",0,1,1,"morning"
22,324,169,155,"weekend","beforelunch","travelling","warm","grocery",0,1,1,"midday"
22,325,170,155,"weekday","afternoon","working","unknown","grocery",0,1,1,"midday"
22,336,181,155,"weekday","afternoon","shopping","warm","restaurant",0,1,1,"midday"
23,166,1,165,"weekday","unknown","shopping","unknown","grocery",1,0,0,"unknown"
23,174,9,165,"weekday","lunch","travelling","warm","restaurant",0,0,0,"midday"
23,181,16,165,"weekend","lunch","travelling","cold","grocery",0,0,0,"midday"
23,183,18,165,"weekday","afternoon","travelling","warm","grocery",1,0,0,"midday"
23,187,22,165,"weekday","lunch","unknown","cold","restaurant",1,0,0,"midday"
23,195,30,165,"weekday","beforelunch","unknown","unknown","grocery",0,0,0,"midday"
23,197,32,165,"weekday","beforelunch","travelling","freezing","restaurant",0,0,0,"midday"
23,202,37,165,"weekday","morning","leisure","cold","grocery",1,0,0,"morning"
23,206,41,165,"weekend","beforelunch","shopping","freezing","grocery",0,0,0,"midday"
23,215,50,165,"weekday","afternoon","travelling","cold","grocery",0,0,0,"midday"
23,232,67,165,"weekday","lunch","travelling","unknown","restaurant",0,1,0,"midday"
23,233,68,165,"weekday","dinner","travelling","unknown","restaurant",1,1,0,"night"
23,252,87,165,"weekend","afternoon","morningrituals","unknown","grocery",1,1,0,"midday"
23,253,88,165,"weekday","breakfast","unknown","hot","grocery",0,1,0,"morning"
23,258,93,165,"unknown","night","travelling","unknown","restaurant",0,1,0,"night"
23,261,96,165,"weekend","morning","travelling","warm","grocery",1,1,0,"morning"
23,267,102,165,"weekend","afternoon","travelling","hot","restaurant",0,1,0,"midday"
23,275,110,165,"weekday","lunch","leisure","cold","restaurant",0,1,0,"midday"
23,291,126,165,"weekend","beforelunch","travelling","warm","grocery",0,1,1,"midday"
23,293,128,165,"weekend","afternoon","morningrituals","unknown","restaurant",1,1,1,"midday"
23,295,130,165,"weekday","lunch","leisure","hot","grocery",0,1,1,"midday"
23,310,145,165,"weekday","beforelunch","working","cold","restaurant",1,1,1,"midday"
23,318,153,165,"weekday","lunch","travelling","freezing","restaurant",0,1,1,"midday"
23,331,166,165,"weekday","afternoon","travelling","cold","restaurant",0,1,1,"midday"
24,217,44,173,"weekend","afternoon","working","warm","grocery",0,0,0,"midday"
24,220,47,173,"weekday","lunch","travelling","warm","grocery",1,0,0,"midday"
24,234,61,173,"weekday","breakfast","travelling","freezing","grocery",0,1,0,"morning"
24,236,63,173,"weekday","beforelunch","travelling","freezing","restaurant",0,1,0,"midday"
24,240,67,173,"weekday","beforelunch","travelling","unknown","restaurant",0,1,0,"midday"
24,241,68,173,"weekday","afternoon","shopping","freezing","restaurant",0,1,0,"midday"
24,281,108,173,"weekday","beforelunch","travelling","freezing","grocery",0,1,0,"midday"
24,320,147,173,"weekday","morning","unknown","hot","grocery",0,1,1,"morning"
24,332,159,173,"weekday","beforelunch","travelling","hot","grocery",1,1,1,"midday"
24,341,168,173,"weekend","breakfast","shopping","hot","grocery",0,1,1,"morning"
25,175,0,175,"weekday","lunch","working","freezing","restaurant",0,0,0,"midday"
25,178,3,175,"weekday","lunch","shopping","cold","grocery",0,0,0,"midday"
25,180,5,175,"weekday","beforelunch","leisure","warm","restaurant",0,0,0,"midday"
25,181,6,175,"weekday","beforelunch","leisure","cold","restaurant",1,0,0,"midday"
25,184,9,175,"weekday","dinner","travelling","warm","grocery",0,0,0,"night"
25,191,16,175,"weekday","lunch","travelling","warm","grocery",1,0,0,"midday"
25,197,22,175,"weekday","lunch","travelling","hot","restaurant",0,0,0,"midday"
25,198,23,175,"weekday","breakfast","morningrituals","unknown","restaurant",1,0,0,"morning"
25,207,32,175,"weekday","afternoon","shopping","freezing","restaurant",0,0,0,"midday"
25,208,33,175,"weekday","morning","working","cold","grocery",0,0,0,"morning"
25,209,34,175,"weekday","lunch","travelling","cold","restaurant",0,0,0,"midday"
25,210,35,175,"weekday","lunch","travelling","cold","restaurant",1,0,0,"midday"
25,213,38,175,"weekday","afternoon","travelling","cold","grocery",1,0,0,"midday"
25,215,40,175,"weekend","beforelunch","travelling","freezing","restaurant",1,0,0,"midday"
25,227,52,175,"weekday","afternoon","travelling","unknown","restaurant",1,0,0,"midday"
25,232,57,175,"weekday","lunch","leisure","unknown","restaurant",1,1,0,"midday"
25,248,73,175,"weekday","afternoon","working","unknown","restaurant",1,1,0,"midday"
25,249,74,175,"weekday","afternoon","working","cold","restaurant",0,1,0,"midday"
25,253,78,175,"weekday","morning","travelling","unknown","restaurant",1,1,0,"morning"
25,257,82,175,"weekend","morning","leisure","freezing","grocery",1,1,0,"morning"
25,258,83,175,"weekday","afternoon","travelling","cold","restaurant",0,1,0,"midday"
25,259,84,175,"weekday","beforelunch","unknown","hot","restaurant",1,1,0,"midday"
25,261,86,175,"weekday","breakfast","travelling","cold","grocery",0,1,0,"morning"
25,263,88,175,"weekday","morning","travelling","cold","grocery",0,1,0,"morning"
25,270,95,175,"weekday","beforelunch","working","cold","restaurant",1,1,0,"midday"
25,275,100,175,"weekend","beforelunch","working","freezing","restaurant",0,1,0,"midday"
25,283,108,175,"weekend","lunch","travelling","hot","restaurant",1,1,0,"midday"
25,289,114,175,"weekend","morning","travelling","cold","grocery",0,1,1,"morning"
25,290,115,175,"weekend","lunch","unknown","unknown","restaurant",0,1,1,"midday"
25,303,128,175,"weekday","latenight","travelling","warm","grocery",0,1,1,"night"
25,304,129,175,"weekday","afternoon","travelling","unknown","grocery",1,1,1,"midday"
25,310,135,175,"weekday","beforelunch","unknown","warm","restaurant",0,1,1,"midday"
25,312,137,175,"weekday","beforelunch","travelling","freezing","grocery",1,1,1,"midday"
25,313,138,175,"weekday","lunch","travelling","freezing","restaurant",1,1,1,"midday"
25,319,144,175,"weekday","morning","travelling","unknown","restaurant",0,1,1,"morning"
25,322,147,175,"weekday","lunch","morningrituals","warm","grocery",1,1,1,"midday"
25,326,151,175,"weekend","lunch","travelling","freezing","restaurant",1,1,1,"midday"
25,335,160,175,"weekday","afternoon","leisure","cold","grocery",1,1,1,"midday"
25,336,161,175,"weekday","breakfast","travelling","cold","grocery",0,1,1,"morning"
25,338,163,175,"weekday","latenight","travelling","unknown","grocery",0,1,1,"night"
25,345,170,175,"weekend","breakfast","unknown","warm","restaurant",1,1,1,"morning"
25,350,175,175,"weekday","night","travelling","warm","restaurant",0,1,1,"night"
25,355,180,175,"weekend","latenight","morningrituals","unknown","grocery",0,1,1,"night"
25,357,182,175,"weekday","morning","travelling","freezing","restaurant",0,1,1,"morning"
25,358,183,175,"weekend","afternoon","travelling","cold","grocery",0,1,1,"midday"
26,180,2,178,"weekend","beforelunch","unknown","warm","restaurant",1,0,0,"midday"
26,183,5,178,"weekday","breakfast","travelling","cold","restaurant",0,0,0,"morning"
26,186,8,178,"weekend","afternoon","travelling","cold","grocery",0,0,0,"midday"
26,190,12,178,"unknown","breakfast","working","freezing","restaurant",0,0,0,"morning"
26,196,18,178,"weekday","beforelunch","travelling","unknown","restaurant",1,0,0,"midday"
26,197,19,178,"weekday","beforelunch","leisure","unknown","restaurant",0,0,0,"midday"
26,200,22,178,"weekend","breakfast","unknown","freezing","restaurant",0,0,0,"morning"
26,201,23,178,"weekday","breakfast","shopping","freezing","grocery",0,0,0,"morning"
26,203,25,178,"weekend","afternoon","travelling","freezing","grocery",0,0,0,"midday"
26,206,28,178,"weekday","beforelunch","travelling","freezing","grocery",1,0,0,"midday"
26,207,29,178,"weekday","breakfast","travelling","cold","restaurant",0,0,0,"morning"
26,214,36,178,"weekday","lunch","unknown","cold","restaurant",1,0,0,"midday"
26,219,41,178,"weekday","breakfast","travelling","unknown","grocery",0,0,0,"morning"
26,221,43,178,"unknown","lunch","travelling","freezing","grocery",1,0,0,"midday"
26,229,51,178,"weekday","afternoon","morningrituals","unknown","grocery",0,0,0,"midday"
26,230,52,178,"weekday","morning","housework","warm","restaurant",0,0,0,"morning"
26,235,57,178,"weekday","lunch","working","unknown","restaurant",1,1,0,"midday"
26,237,59,178,"weekday","beforelunch","travelling","unknown","grocery",0,1,0,"midday"
26,238,60,178,"weekday","earlymorning","travelling","unknown","restaurant",0,1,0,"morning"
26,239,61,178,"weekday","afternoon","leisure","warm","restaurant",0,1,0,"midday"
26,240,62,178,"weekday","afternoon","unknown","warm","restaurant",0,1,0,"midday"
26,245,67,178,"weekend","breakfast","travelling","warm","grocery",0,1,0,"morning"
26,246,68,178,"weekday","lunch","leisure","hot","restaurant",1,1,0,"midday"
26,248,70,178,"weekday","afternoon","travelling","freezing","restaurant",1,1,0,"midday"
26,251,73,178,"weekday","breakfast","shopping","freezing","restaurant",0,1,0,"morning"
26,260,82,178,"weekday","afternoon","travelling","unknown","grocery",0,1,0,"midday"
26,262,84,178,"weekday","lunch","travelling","cold","grocery",0,1,0,"midday"
26,264,86,178,"weekday","breakfast","travelling","freezing","grocery",0,1,0,"morning"
26,265,87,178,"weekday","dinner","shopping","cold","restaurant",0,1,0,"night"
26,266,88,178,"weekday","breakfast","morningrituals","hot","grocery",1,1,0,"morning"
26,267,89,178,"weekday","breakfast","leisure","freezing","restaurant",0,1,0,"morning"
26,268,90,178,"weekday","afternoon","working","warm","restaurant",1,1,0,"midday"
26,277,99,178,"weekday","beforelunch","travelling","cold","grocery",0,1,0,"midday"
26,280,102,178,"weekend","night","leisure","cold","grocery",1,1,0,"night"
26,284,106,178,"weekday","afternoon","travelling","freezing","restaurant",0,1,0,"midday"
26,285,107,178,"weekday","afternoon","working","freezing","grocery",0,1,0,"midday"
26,286,108,178,"weekday","breakfast","unknown","freezing","grocery",0,1,0,"morning"
26,287,109,178,"weekday","beforelunch","travelling","hot","restaurant",0,1,0,"midday"
26,294,116,178,"weekend","afternoon","travelling","unknown","grocery",0,1,1,"midday"
26,295,117,178,"weekday","breakfast","working","unknown","restaurant",1,1,1,"morning"
26,296,118,178,"weekday","breakfast","working","unknown","restaurant",0,1,1,"morning"
26,303,125,178,"weekday","lunch","travelling","unknown","restaurant",1,1,1,"midday"
26,304,126,178,"weekday","morning","travelling","cold","restaurant",0,1,1,"morning"
26,306,128,178,"unknown","afternoon","unknown","freezing","restaurant",0,1,1,"midday"
26,309,131,178,"weekday","afternoon","travelling","cold","grocery",1,1,1,"midday"
26,312,134,178,"weekend","afternoon","travelling","freezing","restaurant",1,1,1,"midday"
26,314,136,178,"weekday","afternoon","working","hot","grocery",0,1,1,"midday"
26,316,138,178,"weekday","dinner","travelling","freezing","grocery",1,1,1,"night"
26,318,140,178,"weekday","afternoon","travelling","cold","grocery",1,1,1,"midday"
26,326,148,178,"weekday","morning","travelling","cold","grocery",0,1,1,"morning"
26,327,149,178,"weekday","breakfast","travelling","freezing","grocery",0,1,1,"morning"
26,333,155,178,"weekday","lunch","travelling","cold","restaurant",0,1,1,"midday"
26,335,157,178,"weekday","evening","travelling","freezing","grocery",0,1,1,"night"
26,338,160,178,"weekday","afternoon","travelling","freezing","grocery",0,1,1,"midday"
26,340,162,178,"weekday","dinner","travelling","freezing","restaurant",0,1,1,"night"
26,341,163,178,"weekend","unknown","shopping","unknown","grocery",0,1,1,"unknown"
26,342,164,178,"weekend","dinner","travelling","cold","restaurant",0,1,1,"night"
26,347,169,178,"weekday","dinner","travelling","warm","restaurant",1,1,1,"night"
26,348,170,178,"weekday","afternoon","travelling","unknown","grocery",0,1,1,"midday"
26,349,171,178,"weekday","afternoon","travelling","unknown","restaurant",1,1,1,"midday"
26,350,172,178,"weekday","afternoon","travelling","unknown","restaurant",0,1,1,"midday"
26,355,177,178,"weekday","lunch","travelling","unknown","grocery",0,1,1,"midday"
26,356,178,178,"weekday","lunch","travelling","unknown","grocery",1,1,1,"midday"
26,357,179,178,"weekend","lunch","leisure","unknown","restaurant",1,1,1,"midday"
26,358,180,178,"weekday","breakfast","travelling","cold","restaurant",0,1,1,"morning"
26,359,181,178,"weekday","beforelunch","travelling","warm","grocery",1,1,1,"midday"
26,360,182,178,"weekend","beforelunch","travelling","unknown","grocery",0,1,1,"midday"
26,361,183,178,"weekday","night","leisure","hot","restaurant",0,1,1,"night"
27,183,0,183,"weekend","dinner","travelling","freezing","grocery",1,0,0,"night"
27,184,1,183,"weekend","lunch","travelling","unknown","restaurant",0,0,0,"midday"
27,185,2,183,"weekday","afternoon","travelling","unknown","grocery",0,0,0,"midday"
27,186,3,183,"weekday","afternoon","travelling","unknown","restaurant",1,0,0,"midday"
27,187,4,183,"weekday","lunch","travelling","unknown","grocery",1,0,0,"midday"
27,188,5,183,"weekend","lunch","travelling","unknown","grocery",0,0,0,"midday"
27,189,6,183,"weekend","afternoon","travelling","cold","grocery",1,0,0,"midday"
27,190,7,183,"weekend","lunch","travelling","cold","restaurant",0,0,0,"midday"
27,192,9,183,"weekday","morning","travelling","freezing","grocery",0,0,0,"morning"
27,193,10,183,"weekday","night","travelling","unknown","restaurant",0,0,0,"night"
27,194,11,183,"weekday","unknown","working","freezing","grocery",1,0,0,"unknown"
27,195,12,183,"weekday","beforelunch","working","freezing","grocery",0,0,0,"midday"
27,197,14,183,"weekday","beforelunch","leisure","unknown","grocery",0,0,0,"midday"
27,198,15,183,"weekday","morning","working","cold","restaurant",0,0,0,"morning"
27,203,20,183,"weekend","afternoon","working","hot","restaurant",0,0,0,"midday"
27,204,21,183,"weekday","lunch","travelling","cold","restaurant",0,0,0,"midday"
27,205,22,183,"weekday","breakfast","travelling","warm","restaurant",0,0,0,"morning"
27,207,24,183,"weekday","breakfast","unknown","warm","grocery",1,0,0,"morning"
27,209,26,183,"weekday","breakfast","working","cold","grocery",0,0,0,"morning"
27,213,30,183,"weekend","lunch","travelling","cold","grocery",0,0,0,"midday"
27,215,32,183,"weekend","afternoon","travelling","freezing","grocery",0,0,0,"midday"
27,217,34,183,"weekend","dinner","travelling","cold","grocery",0,0,0,"night"
27,218,35,183,"weekend","lunch","leisure","cold","restaurant",0,0,0,"midday"
27,220,37,183,"weekend","lunch","travelling","cold","grocery",1,0,0,"midday"
27,222,39,183,"weekday","lunch","working","hot","restaurant",0,0,0,"midday"
27,224,41,183,"weekday","beforelunch","travelling","cold","grocery",0,0,0,"midday"
27,225,42,183,"weekday","unknown","working","freezing","restaurant",0,0,0,"unknown"
27,226,43,183,"weekday","lunch","unknown","unknown","grocery",1,0,0,"midday"
27,228,45,183,"weekday","earlymorning","travelling","freezing","restaurant",0,0,0,"morning"
27,229,46,183,"weekday","unknown","travelling","hot","grocery",0,0,0,"unknown"
27,230,47,183,"unknown","dinner","shopping","freezing","grocery",1,0,0,"night"
27,231,48,183,"weekend","lunch","travelling","unknown","grocery",0,0,0,"midday"
27,232,49,183,"weekday","beforelunch","working","warm","grocery",0,0,0,"midday"
27,233,50,183,"weekday","breakfast","leisure","cold","grocery",1,0,0,"morning"
27,235,52,183,"weekday","lunch","unknown","cold","restaurant",1,0,0,"midday"
27,236,53,183,"weekday","beforelunch","unknown","cold","grocery",0,0,0,"midday"
27,237,54,183,"weekend","beforelunch","travelling","cold","grocery",0,0,0,"midday"
27,238,55,183,"weekday","lunch","shopping","freezing","restaurant",0,0,0,"midday"
27,240,57,183,"weekend","breakfast","unknown","cold","grocery",0,1,0,"morning"
27,241,58,183,"weekday","earlymorning","unknown","warm","grocery",0,1,0,"morning"
27,242,59,183,"weekend","beforelunch","travelling","freezing","grocery",0,1,0,"midday"
27,243,60,183,"weekday","beforelunch","travelling","cold","grocery",0,1,0,"midday"
27,245,62,183,"weekday","afternoon","travelling","cold","restaurant",0,1,0,"midday"
27,246,63,183,"weekday","lunch","travelling","freezing","grocery",0,1,0,"midday"
27,247,64,183,"weekday","afternoon","travelling","unknown","grocery",0,1,0,"midday"
27,249,66,183,"weekday","afternoon","travelling","freezing","grocery",0,1,0,"midday"
27,251,68,183,"weekday","beforelunch","unknown","cold","restaurant",0,1,0,"midday"
27,253,70,183,"weekday","beforelunch","travelling","freezing","restaurant",0,1,0,"midday"
27,254,71,183,"weekday","breakfast","unknown","unknown","restaurant",0,1,0,"morning"
27,255,72,183,"weekday","beforelunch","travelling","cold","restaurant",1,1,0,"midday"
27,256,73,183,"weekday","night","travelling","cold","grocery",0,1,0,"night"
27,257,74,183,"weekday","unknown","travelling","freezing","restaurant",0,1,0,"unknown"
27,259,76,183,"weekday","night","travelling","hot","grocery",0,1,0,"night"
27,260,77,183,"weekday","beforelunch","shopping","unknown","restaurant",1,1,0,"midday"
27,261,78,183,"weekday","breakfast","travelling","cold","restaurant",1,1,0,"morning"
27,262,79,183,"weekend","lunch","travelling","unknown","grocery",1,1,0,"midday"
27,263,80,183,"weekday","afternoon","shopping","hot","restaurant",1,1,0,"midday"
27,265,82,183,"weekday","breakfast","travelling","cold","grocery",1,1,0,"morning"
27,266,83,183,"weekday","lunch","unknown","warm","restaurant",0,1,0,"midday"
27,267,84,183,"weekday","lunch","travelling","cold","grocery",1,1,0,"midday"
27,268,85,183,"weekday","afternoon","shopping","cold","restaurant",1,1,0,"midday"
27,269,86,183,"weekday","afternoon","travelling","cold","grocery",0,1,0,"midday"
27,271,88,183,"weekend","afternoon","travelling","cold","grocery",0,1,0,"midday"
27,272,89,183,"weekday","lunch","travelling","warm","restaurant",1,1,0,"midday"
27,273,90,183,"weekend","dinner","unknown","freezing","restaurant",0,1,0,"night"
27,274,91,183,"weekend","lunch","travelling","warm","grocery",0,1,0,"midday"
27,275,92,183,"weekday","afternoon","travelling","cold","restaurant",0,1,0,"midday"
27,276,93,183,"weekday","breakfast","unknown","unknown","grocery",0,1,0,"morning"
27,277,94,183,"weekday","afternoon","unknown","unknown","restaurant",1,1,0,"midday"
27,278,95,183,"weekday","morning","travelling","unknown","grocery",0,1,0,"morning"
27,280,97,183,"weekday","beforelunch","working","cold","grocery",1,1,0,"midday"
27,281,98,183,"weekday","dinner","leisure","cold","grocery",0,1,0,"night"
27,282,99,183,"weekday","lunch","unknown","freezing","grocery",0,1,0,"midday"
27,284,101,183,"unknown","unknown","travelling","freezing","restaurant",0,1,0,"unknown"
27,285,102,183,"weekday","afternoon","unknown","cold","restaurant",0,1,0,"midday"
27,286,103,183,"weekend","afternoon","unknown","freezing","grocery",0,1,0,"midday"
27,287,104,183,"weekday","afternoon","shopping","freezing","grocery",0,1,0,"midday"
27,288,105,183,"weekday","beforelunch","leisure","freezing","restaurant",0,1,0,"midday"
27,290,107,183,"weekday","beforelunch","morningrituals","unknown","grocery",0,1,0,"midday"
27,292,109,183,"weekday","morning","leisure","cold","grocery",0,1,0,"morning"
27,293,110,183,"weekday","lunch","travelling","freezing","grocery",1,1,0,"midday"
27,294,111,183,"weekday","beforelunch","travelling","cold","grocery",0,1,0,"midday"
27,295,112,183,"weekday","afternoon","travelling","freezing","restaurant",0,1,0,"midday"
27,296,113,183,"weekday","afternoon","working","cold","grocery",0,1,1,"midday"
27,297,114,183,"weekday","breakfast","travelling","unknown","grocery",1,1,1,"morning"
27,298,115,183,"weekday","afternoon","travelling","cold","grocery",0,1,1,"midday"
27,299,116,183,"weekday","lunch","working","cold","grocery",1,1,1,"midday"
27,300,117,183,"weekday","night","travelling","warm","grocery",0,1,1,"night"
27,303,120,183,"weekday","unknown","unknown","cold","grocery",1,1,1,"unknown"
27,304,121,183,"weekday","lunch","travelling","freezing","restaurant",0,1,1,"midday"
27,307,124,183,"weekend","lunch","working","cold","restaurant",0,1,1,"midday"
27,308,125,183,"weekday","lunch","working","unknown","restaurant",0,1,1,"midday"
27,309,126,183,"weekday","lunch","travelling","freezing","grocery",0,1,1,"midday"
27,310,127,183,"weekend","lunch","travelling","warm","grocery",1,1,1,"midday"
27,311,128,183,"weekday","lunch","travelling","freezing","restaurant",1,1,1,"midday"
27,312,129,183,"weekday","lunch","unknown","warm","restaurant",1,1,1,"midday"
27,313,130,183,"weekday","beforelunch","travelling","cold","restaurant",0,1,1,"midday"
27,314,131,183,"weekday","beforelunch","working","cold","grocery",0,1,1,"midday"
27,315,132,183,"weekday","afternoon","working","unknown","grocery",0,1,1,"midday"
27,317,134,183,"weekday","beforelunch","working","freezing","grocery",0,1,1,"midday"
27,318,135,183,"weekday","afternoon","travelling","unknown","grocery",1,1,1,"midday"
27,319,136,183,"weekday","afternoon","working","cold","grocery",0,1,1,"midday"
27,320,137,183,"weekday","afternoon","travelling","unknown","restaurant",0,1,1,"midday"
27,322,139,183,"weekday","afternoon","travelling","cold","restaurant",0,1,1,"midday"
27,323,140,183,"weekday","afternoon","travelling","warm","grocery",0,1,1,"midday"
27,325,142,183,"weekday","afternoon","travelling","cold","grocery",0,1,1,"midday"
27,326,143,183,"weekend","afternoon","unknown","unknown","restaurant",0,1,1,"midday"
27,327,144,183,"weekday","afternoon","travelling","cold","restaurant",0,1,1,"midday"
27,328,145,183,"weekday","afternoon","travelling","cold","grocery",1,1,1,"midday"
27,330,147,183,"weekday","beforelunch","travelling","cold","grocery",0,1,1,"midday"
27,331,148,183,"weekday","lunch","unknown","unknown","restaurant",1,1,1,"midday"
27,332,149,183,"weekday","breakfast","travelling","cold","grocery",1,1,1,"morning"
27,333,150,183,"weekday","afternoon","travelling","unknown","grocery",0,1,1,"midday"
27,335,152,183,"weekday","beforelunch","morningrituals","unknown","restaurant",1,1,1,"midday"
27,336,153,183,"weekday","lunch","leisure","unknown","restaurant",0,1,1,"midday"
27,338,155,183,"weekday","afternoon","travelling","cold","restaurant",0,1,1,"midday"
27,339,156,183,"weekend","dinner","travelling","warm","restaurant",1,1,1,"night"
27,341,158,183,"weekday","dinner","travelling","warm","restaurant",0,1,1,"night"
27,342,159,183,"weekday","lunch","travelling","hot","grocery",1,1,1,"midday"
27,343,160,183,"weekday","lunch","travelling","warm","grocery",0,1,1,"midday"
27,344,161,183,"weekday","afternoon","travelling","freezing","restaurant",0,1,1,"midday"
27,346,163,183,"weekday","lunch","travelling","unknown","restaurant",0,1,1,"midday"
27,347,164,183,"weekday","afternoon","travelling","cold","restaurant",0,1,1,"midday"
27,348,165,183,"weekday","breakfast","unknown","freezing","grocery",0,1,1,"morning"
27,349,166,183,"unknown","lunch","travelling","cold","grocery",0,1,1,"midday"
27,350,167,183,"weekend","earlymorning","travelling","cold","restaurant",1,1,1,"morning"
27,351,168,183,"weekday","beforelunch","shopping","cold","restaurant",0,1,1,"midday"
27,352,169,183,"weekday","afternoon","travelling","cold","restaurant",1,1,1,"midday"
27,354,171,183,"weekday","beforelunch","travelling","unknown","grocery",0,1,1,"midday"
27,355,172,183,"weekday","afternoon","travelling","freezing","grocery",0,1,1,"midday"
27,357,174,183,"weekday","afternoon","working","freezing","restaurant",1,1,1,"midday"
27,358,175,183,"weekend","breakfast","leisure","warm","restaurant",0,1,1,"morning"
27,360,177,183,"weekday","afternoon","travelling","freezing","grocery",0,1,1,"midday"
27,361,178,183,"weekday","afternoon","shopping","cold","grocery",0,1,1,"midday"
27,363,180,183,"weekday","morning","travelling","cold","restaurant",0,1,1,"morning"
27,364,181,183,"weekday","unknown","shopping","cold","restaurant",0,1,1,"unknown"
27,365,182,183,"weekday","breakfast","travelling","warm","restaurant",0,1,1,"morning"
27,366,183,183,"weekend","lunch","leisure","freezing","restaurant",0,1,1,"midday"
28,196,11,185,"weekday","afternoon","travelling","cold","grocery",0,0,0,"midday"
28,244,59,185,"weekday","beforelunch","unknown","cold","grocery",0,1,0,"midday"
28,292,107,185,"weekday","beforelunch","travelling","hot","restaurant",0,1,0,"midday"
29,199,12,187,"weekend","morning","travelling","hot","grocery",0,0,0,"morning"
29,219,32,187,"weekday","afternoon","travelling","cold","grocery",0,0,0,"midday"
29,226,39,187,"weekday","lunch","travelling","freezing","restaurant",0,0,0,"midday"
29,228,41,187,"weekday","beforelunch","shopping","unknown","restaurant",0,0,0,"midday"
29,247,60,187,"weekend","lunch","shopping","hot","grocery",0,1,0,"midday"
29,256,69,187,"weekday","afternoon","travelling","freezing","restaurant",0,1,0,"midday"
29,263,76,187,"weekday","lunch","working","freezing","restaurant",1,1,0,"midday"
29,269,82,187,"weekday","breakfast","unknown","freezing","grocery",1,1,0,"morning"
29,277,90,187,"weekend","morning","leisure","freezing","grocery",0,1,0,"morning"
29,303,116,187,"weekday","beforelunch","travelling","hot","grocery",0,1,1,"midday"
29,324,137,187,"weekend","morning","travelling","cold","grocery",0,1,1,"morning"
29,358,171,187,"weekday","morning","working","warm","grocery",0,1,1,"morning"
29,365,178,187,"weekday","beforelunch","shopping","cold","restaurant",0,1,1,"midday"
30,191,3,188,"weekday","lunch","leisure","cold","grocery",0,0,0,"midday"
30,195,7,188,"weekday","breakfast","travelling","cold","restaurant",0,0,0,"morning"
30,196,8,188,"weekend","lunch","travelling","freezing","restaurant",0,0,0,"midday"
30,197,9,188,"weekday","lunch","travelling","unknown","grocery",0,0,0,"midday"
30,202,14,188,"weekday","afternoon","working","cold","grocery",0,0,0,"midday"
30,203,15,188,"weekday","dinner","shopping","freezing","grocery",1,0,0,"night"
30,204,16,188,"weekend","afternoon","travelling","freezing","grocery",1,0,0,"midday"
30,205,17,188,"weekday","afternoon","travelling","cold","restaurant",1,0,0,"midday"
30,207,19,188,"weekend","dinner","unknown","unknown","grocery",1,0,0,"night"
30,209,21,188,"weekend","beforelunch","travelling","freezing","restaurant",0,0,0,"midday"
30,212,24,188,"weekday","beforelunch","travelling","unknown","grocery",0,0,0,"midday"
30,214,26,188,"weekday","morning","travelling","unknown","grocery",0,0,0,"morning"
30,215,27,188,"weekday","beforelunch","leisure","freezing","restaurant",1,0,0,"midday"
30,216,28,188,"weekday","night","leisure","freezing","restaurant",1,0,0,"night"
30,217,29,188,"weekday","beforelunch","working","cold","restaurant",1,0,0,"midday"
30,218,30,188,"weekend","beforelunch","travelling","warm","grocery",0,0,0,"midday"
30,220,32,188,"weekday","afternoon","working","cold","grocery",0,0,0,"midday"
30,221,33,188,"weekday","afternoon","travelling","freezing","grocery",0,0,0,"midday"
30,224,36,188,"weekday","beforelunch","unknown","freezing","grocery",0,0,0,"midday"
30,226,38,188,"weekday","beforelunch","travelling","freezing","grocery",0,0,0,"midday"
30,227,39,188,"weekday","unknown","travelling","warm","grocery",0,0,0,"unknown"
30,239,51,188,"weekday","morning","shopping","cold","restaurant",0,0,0,"morning"
30,240,52,188,"weekday","breakfast","leisure","warm","grocery",1,0,0,"morning"
30,244,56,188,"weekday","breakfast","travelling","cold","restaurant",1,0,0,"morning"
30,249,61,188,"weekend","lunch","working","freezing","grocery",1,1,0,"midday"
30,253,65,188,"weekend","beforelunch","travelling","freezing","grocery",0,1,0,"midday"
30,254,66,188,"weekday","beforelunch","travelling","freezing","grocery",0,1,0,"midday"
30,262,74,188,"weekday","afternoon","shopping","unknown","restaurant",0,1,0,"midday"
30,268,80,188,"weekday","afternoon","working","freezing","grocery",0,1,0,"midday"
30,269,81,188,"weekday","afternoon","travelling","unknown","grocery",0,1,0,"midday"
30,272,84,188,"weekday","beforelunch","shopping","warm","restaurant",0,1,0,"midday"
30,275,87,188,"weekday","afternoon","shopping","warm","restaurant",0,1,0,"midday"
30,278,90,188,"weekday","morning","leisure","warm","restaurant",0,1,0,"morning"
30,280,92,188,"weekday","lunch","travelling","freezing","grocery",0,1,0,"midday"
30,283,95,188,"weekday","lunch","travelling","hot","grocery",0,1,0,"midday"
30,285,97,188,"weekday","afternoon","travelling","unknown","restaurant",0,1,0,"midday"
30,288,100,188,"weekend","lunch","travelling","cold","grocery",0,1,0,"midday"
30,289,101,188,"weekday","afternoon","working","freezing","restaurant",0,1,0,"midday"
30,290,102,188,"weekend","night","travelling","cold","grocery",1,1,0,"night"
30,291,103,188,"weekend","afternoon","workingout","cold","restaurant",0,1,0,"midday"
30,293,105,188,"weekday","morning","travelling","warm","grocery",0,1,0,"morning"
30,294,106,188,"weekday","evening","travelling","freezing","grocery",0,1,0,"night"
30,298,110,188,"weekend","breakfast","working","hot","grocery",1,1,0,"morning"
30,299,111,188,"weekday","breakfast","travelling","freezing","grocery",1,1,0,"morning"
30,300,112,188,"weekday","morning","working","freezing","grocery",0,1,0,"morning"
30,301,113,188,"weekday","afternoon","travelling","cold","restaurant",0,1,1,"midday"
30,302,114,188,"weekday","lunch","travelling","cold","grocery",0,1,1,"midday"
30,304,116,188,"weekday","afternoon","travelling","freezing","restaurant",0,1,1,"midday"
30,308,120,188,"weekday","beforelunch","working","unknown","grocery",0,1,1,"midday"
30,309,121,188,"weekday","lunch","travelling","freezing","restaurant",0,1,1,"midday"
30,311,123,188,"weekday","breakfast","travelling","cold","grocery",1,1,1,"morning"
30,312,124,188,"weekday","lunch","shopping","unknown","grocery",0,1,1,"midday"
30,314,126,188,"weekday","afternoon","unknown","unknown","grocery",0,1,1,"midday"
30,315,127,188,"weekday","lunch","travelling","hot","restaurant",0,1,1,"midday"
30,320,132,188,"weekday","beforelunch","travelling","hot","grocery",0,1,1,"midday"
30,323,135,188,"weekend","evening","working","warm","grocery",1,1,1,"night"
30,332,144,188,"weekday","lunch","travelling","freezing","restaurant",0,1,1,"midday"
30,336,148,188,"weekday","afternoon","travelling","hot","grocery",0,1,1,"midday"
30,338,150,188,"weekend","lunch","leisure","cold","grocery",0,1,1,"midday"
30,340,152,188,"weekend","breakfast","shopping","cold","grocery",0,1,1,"morning"
30,341,153,188,"weekday","lunch","working","cold","grocery",1,1,1,"midday"
30,342,154,188,"weekend","afternoon","shopping","freezing","restaurant",0,1,1,"midday"
30,345,157,188,"unknown","lunch","unknown","cold","grocery",1,1,1,"midday"
30,346,158,188,"weekday","beforelunch","travelling","unknown","grocery",0,1,1,"midday"
30,349,161,188,"weekend","afternoon","travelling","freezing","grocery",0,1,1,"midday"
30,350,162,188,"weekday","unknown","unknown","cold","grocery",1,1,1,"unknown"
30,353,165,188,"weekday","breakfast","leisure","hot","grocery",0,1,1,"morning"
30,354,166,188,"weekend","beforelunch","travelling","freezing","grocery",0,1,1,"midday"
30,355,167,188,"weekday","breakfast","travelling","freezing","restaurant",0,1,1,"morning"
30,356,168,188,"weekday","beforelunch","travelling","warm","grocery",1,1,1,"midday"
30,358,170,188,"weekday","afternoon","leisure","cold","grocery",0,1,1,"midday"
30,364,176,188,"weekend","afternoon","travelling","unknown","restaurant",0,1,1,"midday"
30,367,179,188,"weekend","afternoon","travelling","unknown","grocery",1,1,1,"midday"
31,190,1,189,"weekday","afternoon","travelling","unknown","grocery",1,0,0,"midday"
31,192,3,189,"weekend","lunch","leisure","hot","restaurant",0,0,0,"midday"
31,194,5,189,"weekend","afternoon","unknown","warm","grocery",0,0,0,"midday"
31,195,6,189,"weekend","lunch","unknown","hot","grocery",1,0,0,"midday"
31,197,8,189,"weekend","afternoon","travelling","freezing","grocery",1,0,0,"midday"
31,198,9,189,"weekday","unknown","travelling","warm","restaurant",1,0,0,"unknown"
31,199,10,189,"weekday","afternoon","morningrituals","unknown","grocery",0,0,0,"midday"
31,201,12,189,"weekend","afternoon","unknown","freezing","grocery",0,0,0,"midday"
31,202,13,189,"weekend","lunch","working","cold","restaurant",1,0,0,"midday"
31,203,14,189,"weekday","afternoon","shopping","cold","grocery",1,0,0,"midday"
31,204,15,189,"weekend","lunch","unknown","cold","restaurant",1,0,0,"midday"
31,205,16,189,"weekend","breakfast","travelling","cold","restaurant",0,0,0,"morning"
31,206,17,189,"weekday","lunch","unknown","warm","restaurant",1,0,0,"midday"
31,207,18,189,"weekday","afternoon","morningrituals","unknown","restaurant",1,0,0,"midday"
31,208,19,189,"weekday","lunch","shopping","unknown","grocery",0,0,0,"midday"
31,209,20,189,"weekday","lunch","unknown","unknown","grocery",0,0,0,"midday"
31,212,23,189,"weekday","lunch","working","unknown","grocery",0,0,0,"midday"
31,213,24,189,"weekday","morning","unknown","unknown","restaurant",0,0,0,"morning"
31,216,27,189,"weekday","breakfast","morningrituals","freezing","grocery",0,0,0,"morning"
31,217,28,189,"weekday","afternoon","travelling","freezing","restaurant",0,0,0,"midday"
31,219,30,189,"weekday","lunch","travelling","unknown","restaurant",1,0,0,"midday"
31,220,31,189,"weekday","evening","travelling","hot","restaurant",1,0,0,"night"
31,221,32,189,"weekday","night","shopping","unknown","grocery",1,0,0,"night"
31,224,35,189,"weekend","lunch","travelling","freezing","grocery",0,0,0,"midday"
31,226,37,189,"weekday","night","travelling","hot","grocery",0,0,0,"night"
31,228,39,189,"weekday","afternoon","leisure","warm","grocery",0,0,0,"midday"
31,229,40,189,"weekday","afternoon","travelling","freezing","grocery",0,0,0,"midday"
31,232,43,189,"weekend","lunch","travelling","cold","restaurant",0,0,0,"midday"
31,235,46,189,"weekday","afternoon","working","freezing","restaurant",0,0,0,"midday"
31,236,47,189,"weekend","beforelunch","travelling","freezing","grocery",0,0,0,"midday"
31,237,48,189,"weekday","beforelunch","travelling","warm","restaurant",0,0,0,"midday"
31,238,49,189,"weekend","beforelunch","travelling","unknown","restaurant",0,0,0,"midday"
31,239,50,189,"weekday","morning","shopping","unknown","grocery",0,0,0,"morning"
31,240,51,189,"weekday","night","travelling","hot","restaurant",0,0,0,"night"
31,241,52,189,"weekend","morning","shopping","cold","grocery",1,0,0,"morning"
31,244,55,189,"weekday","breakfast","leisure","cold","restaurant",1,0,0,"morning"
31,245,56,189,"weekday","breakfast","unknown","unknown","grocery",0,0,0,"morning"
31,246,57,189,"weekend","night","travelling","cold","restaurant",0,1,0,"night"
31,248,59,189,"weekday","afternoon","shopping","freezing","grocery",0,1,0,"midday"
31,249,60,189,"weekday","beforelunch","shopping","warm","restaurant",0,1,0,"midday"
31,251,62,189,"weekend","earlymorning","travelling","cold","grocery",1,1,0,"morning"
31,252,63,189,"weekday","beforelunch","leisure","cold","grocery",1,1,0,"midday"
31,253,64,189,"weekday","afternoon","travelling","cold","restaurant",1,1,0,"midday"
31,254,65,189,"weekday","afternoon","working","cold","grocery",1,1,0,"midday"
31,255,66,189,"weekday","beforelunch","working","freezing","grocery",0,1,0,"midday"
31,256,67,189,"weekday","morning","travelling","warm","grocery",0,1,0,"morning"
31,257,68,189,"weekday","lunch","travelling","unknown","grocery",0,1,0,"midday"
31,259,70,189,"weekday","afternoon","travelling","warm","grocery",0,1,0,"midday"
31,260,71,189,"weekday","lunch","leisure","freezing","restaurant",0,1,0,"midday"
31,261,72,189,"weekday","beforelunch","travelling","hot","restaurant",0,1,0,"midday"
31,263,74,189,"weekday","afternoon","working","freezing","grocery",1,1,0,"midday"
31,264,75,189,"weekend","afternoon","working","unknown","grocery",0,1,0,"midday"
31,266,77,189,"weekend","morning","unknown","freezing","restaurant",1,1,0,"morning"
31,267,78,189,"weekday","breakfast","travelling","freezing","grocery",0,1,0,"morning"
31,268,79,189,"weekday","morning","travelling","warm","grocery",0,1,0,"morning"
31,269,80,189,"weekday","lunch","working","unknown","restaurant",0,1,0,"midday"
31,270,81,189,"weekday","lunch","travelling","warm","grocery",0,1,0,"midday"
31,272,83,189,"weekday","beforelunch","travelling","freezing","restaurant",1,1,0,"midday"
31,273,84,189,"weekday","afternoon","travelling","hot","grocery",0,1,0,"midday"
31,275,86,189,"weekday","afternoon","unknown","cold","grocery",1,1,0,"midday"
31,276,87,189,"weekday","afternoon","travelling","unknown","restaurant",0,1,0,"midday"
31,279,90,189,"weekday","afternoon","travelling","unknown","restaurant",1,1,0,"midday"
31,280,91,189,"weekday","lunch","travelling","unknown","restaurant",0,1,0,"midday"
31,281,92,189,"weekend","dinner","unknown","cold","grocery",0,1,0,"night"
31,282,93,189,"weekday","lunch","shopping","unknown","grocery",1,1,0,"midday"
31,283,94,189,"weekday","lunch","travelling","unknown","restaurant",1,1,0,"midday"
31,284,95,189,"weekday","afternoon","shopping","warm","restaurant",0,1,0,"midday"
31,285,96,189,"weekday","breakfast","travelling","cold","restaurant",0,1,0,"morning"
31,287,98,189,"weekday","morning","shopping","freezing","grocery",0,1,0,"morning"
31,289,100,189,"weekend","lunch","shopping","warm","grocery",0,1,0,"midday"
31,290,101,189,"weekend","beforelunch","social","freezing","grocery",0,1,0,"midday"
31,292,103,189,"weekday","afternoon","travelling","unknown","grocery",0,1,0,"midday"
31,293,104,189,"weekday","afternoon","unknown","cold","grocery",0,1,0,"midday"
31,295,106,189,"weekend","breakfast","travelling","cold","grocery",0,1,0,"morning"
31,296,107,189,"weekend","lunch","travelling","warm","restaurant",0,1,0,"midday"
31,297,108,189,"weekend","earlymorning","travelling","cold","grocery",1,1,0,"morning"
31,298,109,189,"weekend","morning","unknown","unknown","grocery",0,1,0,"morning"
31,300,111,189,"weekend","breakfast","travelling","freezing","restaurant",0,1,0,"morning"
31,301,112,189,"weekday","lunch","travelling","warm","restaurant",1,1,0,"midday"
31,302,113,189,"weekday","afternoon","working","unknown","restaurant",1,1,1,"midday"
31,303,114,189,"weekday","afternoon","leisure","warm","grocery",1,1,1,"midday"
31,304,115,189,"weekday","morning","unknown","unknown","restaurant",1,1,1,"morning"
31,305,116,189,"weekday","afternoon","unknown","cold","restaurant",1,1,1,"midday"
31,307,118,189,"weekday","afternoon","travelling","cold","grocery",1,1,1,"midday"
31,308,119,189,"unknown","morning","travelling","freezing","grocery",0,1,1,"morning"
31,310,121,189,"weekday","lunch","travelling","freezing","grocery",0,1,1,"midday"
31,311,122,189,"weekend","lunch","unknown","warm","restaurant",0,1,1,"midday"
31,312,123,189,"weekday","breakfast","working","cold","restaurant",1,1,1,"morning"
31,314,125,189,"weekend","breakfast","travelling","unknown","restaurant",0,1,1,"morning"
31,315,126,189,"weekday","afternoon","unknown","cold","grocery",0,1,1,"midday"
31,317,128,189,"weekend","afternoon","travelling","cold","restaurant",1,1,1,"midday"
31,318,129,189,"weekday","breakfast","unknown","cold","grocery",0,1,1,"morning"
31,320,131,189,"weekday","morning","leisure","unknown","grocery",1,1,1,"morning"
31,323,134,189,"weekday","breakfast","unknown","cold","restaurant",0,1,1,"morning"
31,324,135,189,"weekend","lunch","working","cold","grocery",1,1,1,"midday"
31,326,137,189,"weekday","afternoon","unknown","cold","restaurant",1,1,1,"midday"
31,327,138,189,"weekend","afternoon","morningrituals","freezing","grocery",1,1,1,"midday"
31,330,141,189,"weekend","morning","shopping","cold","restaurant",0,1,1,"morning"
31,331,142,189,"weekday","evening","shopping","cold","restaurant",0,1,1,"night"
31,332,143,189,"weekend","lunch","shopping","warm","restaurant",1,1,1,"midday"
31,334,145,189,"weekend","afternoon","unknown","cold","restaurant",0,1,1,"midday"
31,338,149,189,"weekday","morning","working","freezing","restaurant",0,1,1,"morning"
31,339,150,189,"weekend","afternoon","unknown","hot","grocery",1,1,1,"midday"
31,340,151,189,"weekday","lunch","travelling","unknown","restaurant",1,1,1,"midday"
31,342,153,189,"weekday","breakfast","travelling","warm","grocery",0,1,1,"morning"
31,343,154,189,"weekend","breakfast","working","cold","grocery",1,1,1,"morning"
31,344,155,189,"weekday","breakfast","leisure","hot","restaurant",0,1,1,"morning"
31,346,157,189,"weekday","beforelunch","unknown","cold","grocery",0,1,1,"midday"
31,348,159,189,"weekday","afternoon","unknown","warm","restaurant",0,1,1,"midday"
31,349,160,189,"weekday","afternoon","travelling","cold","grocery",1,1,1,"midday"
31,351,162,189,"weekday","beforelunch","travelling","warm","restaurant",0,1,1,"midday"
31,352,163,189,"weekday","lunch","travelling","unknown","grocery",1,1,1,"midday"
31,354,165,189,"weekend","beforelunch","travelling","unknown","grocery",0,1,1,"midday"
31,355,166,189,"weekday","breakfast","travelling","cold","restaurant",1,1,1,"morning"
31,357,168,189,"weekday","lunch","shopping","warm","restaurant",0,1,1,"midday"
31,358,169,189,"weekend","afternoon","travelling","hot","grocery",0,1,1,"midday"
31,359,170,189,"unknown","afternoon","working","warm","restaurant",1,1,1,"midday"
31,360,171,189,"weekday","afternoon","travelling","freezing","grocery",1,1,1,"midday"
31,361,172,189,"weekend","beforelunch","travelling","unknown","grocery",1,1,1,"midday"
31,362,173,189,"weekday","afternoon","travelling","warm","grocery",0,1,1,"midday"
31,364,175,189,"weekend","breakfast","travelling","warm","grocery",1,1,1,"morning"
31,367,178,189,"weekday","morning","unknown","freezing","grocery",0,1,1,"morning"
31,369,180,189,"weekday","earlymorning","travelling","warm","grocery",0,1,1,"morning"
31,370,181,189,"weekday","afternoon","travelling","unknown","restaurant",0,1,1,"midday"
31,371,182,189,"weekday","beforelunch","unknown","cold","grocery",1,1,1,"midday"
31,372,183,189,"weekend","unknown","working","hot","grocery",0,1,1,"unknown"
32,198,0,198,"weekend","beforelunch","travelling","freezing","restaurant",0,0,0,"midday"
32,205,7,198,"weekend","beforelunch","leisure","unknown","restaurant",0,0,0,"midday"
32,206,8,198,"weekend","afternoon","leisure","hot","restaurant",1,0,0,"midday"
32,210,12,198,"weekday","breakfast","travelling","freezing","grocery",0,0,0,"morning"
32,211,13,198,"weekday","morning","travelling","warm","grocery",1,0,0,"morning"
32,215,17,198,"weekday","afternoon","working","warm","grocery",0,0,0,"midday"
32,221,23,198,"unknown","breakfast","travelling","unknown","restaurant",0,0,0,"morning"
32,223,25,198,"weekday","afternoon","working","freezing","restaurant",0,0,0,"midday"
32,224,26,198,"weekday","morning","morningrituals","unknown","grocery",0,0,0,"morning"
32,242,44,198,"weekday","breakfast","travelling","cold","grocery",0,0,0,"morning"
32,252,54,198,"weekday","morning","travelling","freezing","restaurant",0,0,0,"morning"
32,253,55,198,"weekday","lunch","travelling","freezing","grocery",1,0,0,"midday"
32,256,58,198,"weekday","breakfast","travelling","warm","grocery",1,1,0,"morning"
32,271,73,198,"weekday","breakfast","leisure","unknown","grocery",1,1,0,"morning"
32,276,78,198,"weekday","afternoon","travelling","freezing","restaurant",0,1,0,"midday"
32,281,83,198,"weekend","earlymorning","travelling","unknown","grocery",0,1,0,"morning"
32,285,87,198,"weekday","lunch","travelling","unknown","grocery",0,1,0,"midday"
32,286,88,198,"weekday","beforelunch","unknown","freezing","grocery",0,1,0,"midday"
32,288,90,198,"weekend","afternoon","leisure","warm","restaurant",1,1,0,"midday"
32,292,94,198,"weekend","afternoon","morningrituals","warm","grocery",0,1,0,"midday"
32,294,96,198,"weekday","beforelunch","travelling","warm","grocery",0,1,0,"midday"
32,296,98,198,"weekend","breakfast","travelling","unknown","restaurant",1,1,0,"morning"
32,299,101,198,"weekday","afternoon","unknown","freezing","grocery",1,1,0,"midday"
32,314,116,198,"weekday","afternoon","travelling","freezing","restaurant",1,1,1,"midday"
32,319,121,198,"weekend","afternoon","unknown","freezing","restaurant",0,1,1,"midday"
32,322,124,198,"weekday","evening","unknown","unknown","restaurant",0,1,1,"night"
32,325,127,198,"weekday","morning","travelling","cold","restaurant",0,1,1,"morning"
32,327,129,198,"weekday","breakfast","travelling","warm","grocery",0,1,1,"morning"
32,334,136,198,"weekday","beforelunch","working","cold","grocery",0,1,1,"midday"
32,336,138,198,"weekday","lunch","unknown","hot","restaurant",1,1,1,"midday"
32,341,143,198,"weekend","beforelunch","travelling","unknown","grocery",1,1,1,"midday"
32,342,144,198,"weekday","morning","travelling","cold","restaurant",0,1,1,"morning"
32,344,146,198,"weekday","afternoon","unknown","freezing","grocery",0,1,1,"midday"
32,348,150,198,"weekend","beforelunch","working","freezing","grocery",0,1,1,"midday"
32,356,158,198,"weekend","beforelunch","unknown","hot","grocery",0,1,1,"midday"
32,360,162,198,"weekday","latenight","leisure","unknown","restaurant",0,1,1,"night"
32,363,165,198,"weekday","beforelunch","travelling","cold","grocery",0,1,1,"midday"
32,365,167,198,"weekday","lunch","shopping","cold","restaurant",0,1,1,"midday"
32,371,173,198,"weekday","morning","travelling","unknown","restaurant",0,1,1,"morning"
32,373,175,198,"weekday","breakfast","travelling","warm","restaurant",1,1,1,"morning"
32,379,181,198,"weekday","morning","travelling","unknown","restaurant",0,1,1,"morning"
32,381,183,198,"weekday","afternoon","working","warm","grocery",0,1,1,"midday"
33,211,7,204,"weekday","lunch","travelling","warm","restaurant",0,0,0,"midday"
33,213,9,204,"weekday","afternoon","unknown","cold","restaurant",0,0,0,"midday"
33,215,11,204,"weekday","dinner","working","freezing","grocery",1,0,0,"night"
33,223,19,204,"weekend","morning","travelling","cold","restaurant",1,0,0,"morning"
33,229,25,204,"weekend","afternoon","shopping","freezing","grocery",1,0,0,"midday"
33,232,28,204,"weekend","night","travelling","cold","restaurant",0,0,0,"night"
33,240,36,204,"weekday","lunch","travelling","freezing","grocery",1,0,0,"midday"
33,241,37,204,"weekday","morning","travelling","warm","restaurant",0,0,0,"morning"
33,244,40,204,"weekend","afternoon","travelling","warm","grocery",0,0,0,"midday"
33,247,43,204,"weekday","afternoon","unknown","unknown","grocery",1,0,0,"midday"
33,250,46,204,"weekday","dinner","unknown","unknown","grocery",1,0,0,"night"
33,251,47,204,"weekday","afternoon","unknown","freezing","grocery",0,0,0,"midday"
33,253,49,204,"weekday","afternoon","unknown","cold","restaurant",0,0,0,"midday"
33,255,51,204,"weekend","afternoon","travelling","hot","grocery",1,0,0,"midday"
33,256,52,204,"weekend","morning","travelling","warm","restaurant",1,0,0,"morning"
33,259,55,204,"weekday","breakfast","working","warm","grocery",0,0,0,"morning"
33,260,56,204,"weekday","breakfast","working","freezing","restaurant",1,0,0,"morning"
33,261,57,204,"weekday","lunch","travelling","freezing","grocery",1,1,0,"midday"
33,270,66,204,"weekday","afternoon","travelling","freezing","restaurant",0,1,0,"midday"
33,272,68,204,"weekend","lunch","unknown","warm","grocery",1,1,0,"midday"
33,283,79,204,"weekday","dinner","travelling","cold","grocery",0,1,0,"night"
33,286,82,204,"weekday","breakfast","travelling","cold","restaurant",0,1,0,"morning"
33,288,84,204,"weekday","dinner","unknown","warm","restaurant",0,1,0,"night"
33,300,96,204,"weekend","lunch","travelling","cold","grocery",1,1,0,"midday"
33,302,98,204,"weekday","beforelunch","travelling","unknown","restaurant",0,1,0,"midday"
33,304,100,204,"weekend","lunch","travelling","unknown","grocery",1,1,0,"midday"
33,306,102,204,"weekday","afternoon","leisure","cold","grocery",0,1,0,"midday"
33,310,106,204,"weekday","lunch","morningrituals","cold","restaurant",0,1,0,"midday"
33,311,107,204,"weekend","breakfast","working","hot","restaurant",0,1,0,"morning"
33,321,117,204,"weekend","dinner","travelling","hot","restaurant",0,1,1,"night"
33,326,122,204,"weekday","latenight","working","cold","grocery",0,1,1,"night"
33,329,125,204,"weekday","lunch","leisure","warm","restaurant",0,1,1,"midday"
33,334,130,204,"weekday","afternoon","shopping","cold","grocery",0,1,1,"midday"
33,337,133,204,"weekday","morning","travelling","hot","restaurant",1,1,1,"morning"
33,338,134,204,"weekday","unknown","travelling","cold","grocery",0,1,1,"unknown"
33,339,135,204,"weekday","lunch","travelling","warm","grocery",1,1,1,"midday"
33,341,137,204,"weekday","beforelunch","working","unknown","restaurant",0,1,1,"midday"
33,342,138,204,"weekday","lunch","travelling","unknown","restaurant",1,1,1,"midday"
33,343,139,204,"weekday","beforelunch","travelling","warm","grocery",0,1,1,"midday"
33,344,140,204,"weekday","afternoon","travelling","cold","restaurant",1,1,1,"midday"
33,347,143,204,"weekday","breakfast","travelling","unknown","grocery",1,1,1,"morning"
33,348,144,204,"weekday","earlymorning","travelling","hot","grocery",0,1,1,"morning"
33,353,149,204,"weekday","beforelunch","unknown","warm","restaurant",0,1,1,"midday"
33,359,155,204,"weekday","beforelunch","travelling","freezing","grocery",0,1,1,"midday"
33,360,156,204,"weekend","afternoon","travelling","cold","grocery",0,1,1,"midday"
33,361,157,204,"weekday","breakfast","morningrituals","hot","restaurant",0,1,1,"morning"
33,363,159,204,"weekday","lunch","travelling","warm","restaurant",0,1,1,"midday"
33,368,164,204,"unknown","lunch","travelling","cold","grocery",1,1,1,"midday"
33,371,167,204,"weekday","morning","travelling","unknown","restaurant",0,1,1,"morning"
33,372,168,204,"unknown","breakfast","shopping","cold","restaurant",0,1,1,"morning"
33,373,169,204,"weekday","afternoon","leisure","cold","grocery",0,1,1,"midday"
33,379,175,204,"weekday","night","leisure","unknown","grocery",1,1,1,"night"
33,383,179,204,"weekday","beforelunch","travelling","unknown","grocery",1,1,1,"midday"
34,209,0,209,"weekday","lunch","travelling","cold","grocery",0,0,0,"midday"
34,210,1,209,"weekend","afternoon","travelling","unknown","restaurant",0,0,0,"midday"
34,211,2,209,"weekday","afternoon","housework","hot","grocery",0,0,0,"midday"
34,212,3,209,"weekend","evening","travelling","freezing","grocery",1,0,0,"night"
34,214,5,209,"weekday","beforelunch","travelling","warm","grocery",0,0,0,"midday"
34,215,6,209,"weekday","lunch","travelling","hot","grocery",1,0,0,"midday"
34,217,8,209,"weekday","lunch","shopping","freezing","restaurant",0,0,0,"midday"
34,218,9,209,"weekday","breakfast","working","unknown","grocery",0,0,0,"morning"
34,219,10,209,"weekday","breakfast","travelling","unknown","grocery",0,0,0,"morning"
34,220,11,209,"weekend","lunch","travelling","warm","grocery",1,0,0,"midday"
34,222,13,209,"weekday","breakfast","travelling","freezing","grocery",1,0,0,"morning"
34,223,14,209,"weekday","morning","travelling","hot","restaurant",0,0,0,"morning"
34,225,16,209,"weekday","lunch","travelling","freezing","grocery",1,0,0,"midday"
34,226,17,209,"weekend","lunch","travelling","cold","restaurant",1,0,0,"midday"
34,229,20,209,"weekday","afternoon","travelling","freezing","grocery",1,0,0,"midday"
34,233,24,209,"weekday","afternoon","travelling","warm","grocery",0,0,0,"midday"
34,234,25,209,"weekday","lunch","travelling","cold","restaurant",0,0,0,"midday"
34,235,26,209,"weekday","lunch","unknown","unknown","restaurant",0,0,0,"midday"
34,236,27,209,"weekday","morning","leisure","cold","restaurant",0,0,0,"morning"
34,237,28,209,"weekday","afternoon","travelling","cold","grocery",1,0,0,"midday"
34,238,29,209,"weekday","lunch","travelling","freezing","restaurant",0,0,0,"midday"
34,239,30,209,"weekend","afternoon","travelling","freezing","grocery",0,0,0,"midday"
34,240,31,209,"weekday","afternoon","travelling","cold","grocery",0,0,0,"midday"
34,241,32,209,"weekday","beforelunch","travelling","warm","grocery",0,0,0,"midday"
34,242,33,209,"weekday","afternoon","travelling","cold","restaurant",0,0,0,"midday"
34,244,35,209,"weekend","beforelunch","travelling","freezing","restaurant",0,0,0,"midday"
34,245,36,209,"weekend","lunch","travelling","cold","grocery",0,0,0,"midday"
34,247,38,209,"weekday","beforelunch","travelling","freezing","grocery",0,0,0,"midday"
34,249,40,209,"weekend","beforelunch","travelling","cold","restaurant",1,0,0,"midday"
34,252,43,209,"weekday","afternoon","travelling","freezing","restaurant",1,0,0,"midday"
34,253,44,209,"weekend","afternoon","travelling","freezing","restaurant",0,0,0,"midday"
34,254,45,209,"weekday","dinner","travelling","cold","restaurant",0,0,0,"night"
34,256,47,209,"weekend","night","travelling","freezing","grocery",0,0,0,"night"
34,258,49,209,"weekday","evening","unknown","freezing","grocery",1,0,0,"night"
34,259,50,209,"weekday","morning","unknown","unknown","grocery",1,0,0,"morning"
34,260,51,209,"weekday","breakfast","travelling","freezing","grocery",0,0,0,"morning"
34,261,52,209,"weekday","lunch","unknown","unknown","grocery",1,0,0,"midday"
34,262,53,209,"weekday","beforelunch","leisure","cold","grocery",0,0,0,"midday"
34,263,54,209,"weekend","dinner","travelling","unknown","restaurant",0,0,0,"night"
34,264,55,209,"weekend","dinner","travelling","unknown","grocery",1,0,0,"night"
34,265,56,209,"weekday","breakfast","leisure","cold","grocery",0,0,0,"morning"
34,266,57,209,"weekday","morning","unknown","freezing","restaurant",0,1,0,"morning"
34,267,58,209,"weekday","afternoon","shopping","freezing","grocery",0,1,0,"midday"
34,269,60,209,"weekday","dinner","travelling","cold","restaurant",0,1,0,"night"
34,270,61,209,"weekday","beforelunch","travelling","unknown","grocery",0,1,0,"midday"
34,271,62,209,"weekday","afternoon","working","cold","grocery",1,1,0,"midday"
34,272,63,209,"weekday","afternoon","morningrituals","hot","grocery",0,1,0,"midday"
34,274,65,209,"weekend","lunch","travelling","unknown","restaurant",1,1,0,"midday"
34,275,66,209,"weekday","beforelunch","unknown","warm","restaurant",0,1,0,"midday"
34,276,67,209,"weekday","beforelunch","shopping","unknown","grocery",0,1,0,"midday"
34,277,68,209,"weekday","breakfast","shopping","freezing","grocery",0,1,0,"morning"
34,278,69,209,"weekday","lunch","travelling","unknown","grocery",0,1,0,"midday"
34,279,70,209,"weekday","breakfast","shopping","freezing","restaurant",0,1,0,"morning"
34,281,72,209,"weekday","lunch","travelling","warm","restaurant",0,1,0,"midday"
34,283,74,209,"weekday","evening","unknown","hot","grocery",0,1,0,"night"
34,286,77,209,"weekday","beforelunch","travelling","freezing","restaurant",1,1,0,"midday"
34,287,78,209,"weekday","afternoon","travelling","cold","grocery",0,1,0,"midday"
34,288,79,209,"weekday","afternoon","travelling","cold","grocery",0,1,0,"midday"
34,289,80,209,"weekday","afternoon","travelling","freezing","restaurant",0,1,0,"midday"
34,291,82,209,"weekday","beforelunch","travelling","cold","grocery",1,1,0,"midday"
34,292,83,209,"weekend","lunch","travelling","hot","restaurant",0,1,0,"midday"
34,294,85,209,"weekday","breakfast","travelling","cold","grocery",0,1,0,"morning"
34,295,86,209,"weekday","beforelunch","travelling","freezing","restaurant",0,1,0,"midday"
34,296,87,209,"weekday","afternoon","unknown","cold","grocery",1,1,0,"midday"
34,297,88,209,"weekday","afternoon","unknown","cold","grocery",1,1,0,"midday"
34,299,90,209,"weekday","lunch","travelling","cold","restaurant",1,1,0,"midday"
34,300,91,209,"weekend","lunch","travelling","unknown","restaurant",1,1,0,"midday"
34,301,92,209,"weekday","breakfast","unknown","warm","restaurant",0,1,0,"morning"
34,303,94,209,"weekday","lunch","travelling","unknown","restaurant",0,1,0,"midday"
34,304,95,209,"weekday","afternoon","travelling","warm","restaurant",0,1,0,"midday"
34,305,96,209,"weekday","earlymorning","travelling","warm","restaurant",0,1,0,"morning"
34,306,97,209,"weekday","afternoon","working","cold","grocery",0,1,0,"midday"
34,307,98,209,"weekend","beforelunch","unknown","unknown","grocery",1,1,0,"midday"
34,308,99,209,"weekend","lunch","leisure","warm","restaurant",0,1,0,"midday"
34,309,100,209,"weekday","dinner","working","warm","restaurant",0,1,0,"night"
34,312,103,209,"weekday","lunch","leisure","warm","restaurant",0,1,0,"midday"
34,313,104,209,"weekend","afternoon","leisure","freezing","restaurant",0,1,0,"midday"
34,314,105,209,"weekday","unknown","unknown","unknown","restaurant",1,1,0,"unknown"
34,315,106,209,"weekday","afternoon","travelling","hot","grocery",1,1,0,"midday"
34,316,107,209,"weekday","lunch","travelling","hot","grocery",0,1,0,"midday"
34,317,108,209,"weekend","lunch","travelling","warm","restaurant",0,1,0,"midday"
34,318,109,209,"weekday","lunch","working","unknown","restaurant",0,1,0,"midday"
34,319,110,209,"weekday","lunch","travelling","unknown","grocery",1,1,0,"midday"
34,321,112,209,"weekday","lunch","working","cold","restaurant",0,1,0,"midday"
34,322,113,209,"weekend","lunch","shopping","freezing","restaurant",0,1,1,"midday"
34,323,114,209,"weekday","afternoon","shopping","hot","grocery",0,1,1,"midday"
34,324,115,209,"weekday","afternoon","travelling","warm","grocery",1,1,1,"midday"
34,325,116,209,"weekend","afternoon","working","cold","restaurant",0,1,1,"midday"
34,326,117,209,"weekend","afternoon","travelling","unknown","grocery",1,1,1,"midday"
34,327,118,209,"weekday","earlymorning","travelling","freezing","grocery",1,1,1,"morning"
34,328,119,209,"weekday","morning","travelling","warm","grocery",0,1,1,"morning"
34,329,120,209,"weekend","beforelunch","morningrituals","cold","restaurant",0,1,1,"midday"
34,331,122,209,"weekend","unknown","travelling","cold","restaurant",0,1,1,"unknown"
34,332,123,209,"weekday","lunch","shopping","unknown","grocery",0,1,1,"midday"
34,334,125,209,"weekday","breakfast","travelling","warm","grocery",0,1,1,"morning"
34,335,126,209,"weekday","breakfast","unknown","freezing","restaurant",1,1,1,"morning"
34,336,127,209,"weekday","lunch","travelling","hot","restaurant",1,1,1,"midday"
34,337,128,209,"weekday","breakfast","shopping","freezing","restaurant",0,1,1,"morning"
34,338,129,209,"weekend","afternoon","travelling","freezing","restaurant",0,1,1,"midday"
34,339,130,209,"weekday","afternoon","unknown","cold","grocery",0,1,1,"midday"
34,340,131,209,"weekend","earlymorning","travelling","freezing","restaurant",0,1,1,"morning"
34,342,133,209,"weekend","lunch","travelling","cold","grocery",0,1,1,"midday"
34,343,134,209,"weekday","beforelunch","unknown","freezing","grocery",0,1,1,"midday"
34,344,135,209,"weekday","breakfast","travelling","freezing","restaurant",0,1,1,"morning"
34,346,137,209,"weekday","lunch","unknown","cold","grocery",0,1,1,"midday"
34,347,138,209,"weekday","lunch","unknown","warm","grocery",0,1,1,"midday"
34,348,139,209,"weekday","unknown","travelling","cold","grocery",1,1,1,"unknown"
34,350,141,209,"weekday","lunch","working","unknown","grocery",0,1,1,"midday"
34,352,143,209,"weekday","morning","unknown","warm","grocery",0,1,1,"morning"
34,353,144,209,"weekday","breakfast","leisure","freezing","restaurant",1,1,1,"morning"
34,356,147,209,"weekday","beforelunch","travelling","cold","grocery",0,1,1,"midday"
34,357,148,209,"weekend","lunch","working","unknown","restaurant",1,1,1,"midday"
34,358,149,209,"weekday","breakfast","working","cold","restaurant",0,1,1,"morning"
34,359,150,209,"weekend","dinner","travelling","freezing","grocery",0,1,1,"night"
34,360,151,209,"weekend","afternoon","travelling","cold","restaurant",0,1,1,"midday"
34,364,155,209,"weekend","afternoon","working","unknown","grocery",1,1,1,"midday"
34,365,156,209,"weekday","lunch","travelling","unknown","grocery",0,1,1,"midday"
34,366,157,209,"weekday","morning","travelling","hot","grocery",0,1,1,"morning"
34,367,158,209,"weekday","breakfast","working","cold","grocery",0,1,1,"morning"
34,368,159,209,"weekend","breakfast","travelling","warm","grocery",0,1,1,"morning"
34,369,160,209,"weekday","afternoon","shopping","freezing","grocery",0,1,1,"midday"
34,370,161,209,"weekday","breakfast","travelling","cold","grocery",0,1,1,"morning"
34,371,162,209,"weekday","beforelunch","leisure","warm","grocery",1,1,1,"midday"
34,372,163,209,"weekday","lunch","travelling","freezing","grocery",1,1,1,"midday"
34,373,164,209,"weekday","beforelunch","travelling","warm","grocery",0,1,1,"midday"
34,376,167,209,"weekday","lunch","unknown","freezing","grocery",1,1,1,"midday"
34,377,168,209,"weekday","afternoon","travelling","cold","grocery",0,1,1,"midday"
34,378,169,209,"weekend","lunch","travelling","freezing","grocery",1,1,1,"midday"
34,379,170,209,"weekday","afternoon","leisure","unknown","grocery",0,1,1,"midday"
34,380,171,209,"weekday","lunch","travelling","warm","grocery",1,1,1,"midday"
34,382,173,209,"weekday","afternoon","leisure","cold","grocery",1,1,1,"midday"
34,385,176,209,"weekday","evening","travelling","cold","restaurant",0,1,1,"night"
34,386,177,209,"weekday","dinner","shopping","cold","restaurant",0,1,1,"night"
34,387,178,209,"weekday","beforelunch","travelling","hot","restaurant",1,1,1,"midday"
34,388,179,209,"weekend","dinner","travelling","unknown","grocery",0,1,1,"night"
34,389,180,209,"weekday","morning","travelling","freezing","restaurant",0,1,1,"morning"
34,391,182,209,"weekday","beforelunch","working","cold","restaurant",0,1,1,"midday"
34,392,183,209,"weekday","lunch","travelling","unknown","restaurant",1,1,1,"midday"
35,215,3,212,"weekday","afternoon","leisure","warm","grocery",0,0,0,"midday"
35,225,13,212,"weekend","lunch","travelling","unknown","restaurant",1,0,0,"midday"
35,226,14,212,"weekday","lunch","unknown","unknown","restaurant",1,0,0,"midday"
35,229,17,212,"weekday","dinner","travelling","freezing","grocery",0,0,0,"night"
35,237,25,212,"weekday","earlymorning","working","freezing","grocery",0,0,0,"morning"
35,238,26,212,"weekday","lunch","travelling","freezing","grocery",1,0,0,"midday"
35,240,28,212,"weekend","lunch","travelling","freezing","restaurant",1,0,0,"midday"
35,241,29,212,"weekday","afternoon","travelling","unknown","restaurant",1,0,0,"midday"
35,250,38,212,"weekday","morning","travelling","hot","restaurant",1,0,0,"morning"
35,253,41,212,"weekend","afternoon","travelling","hot","grocery",0,0,0,"midday"
35,256,44,212,"weekday","afternoon","travelling","freezing","grocery",0,0,0,"midday"
35,257,45,212,"weekday","lunch","travelling","freezing","grocery",0,0,0,"midday"
35,260,48,212,"weekday","breakfast","travelling","freezing","restaurant",0,0,0,"morning"
35,262,50,212,"weekday","beforelunch","travelling","cold","restaurant",1,0,0,"midday"
35,270,58,212,"weekday","afternoon","travelling","unknown","restaurant",0,1,0,"midday"
35,271,59,212,"weekday","morning","travelling","freezing","restaurant",1,1,0,"morning"
35,273,61,212,"weekday","afternoon","leisure","freezing","restaurant",0,1,0,"midday"
35,275,63,212,"weekday","beforelunch","travelling","cold","grocery",1,1,0,"midday"
35,278,66,212,"weekday","morning","unknown","hot","restaurant",0,1,0,"morning"
35,280,68,212,"weekday","breakfast","travelling","warm","grocery",0,1,0,"morning"
35,281,69,212,"weekday","breakfast","shopping","warm","grocery",1,1,0,"morning"
35,285,73,212,"weekend","afternoon","travelling","freezing","restaurant",0,1,0,"midday"
35,286,74,212,"weekday","beforelunch","unknown","cold","restaurant",0,1,0,"midday"
35,295,83,212,"weekday","evening","unknown","unknown","restaurant",0,1,0,"night"
35,298,86,212,"weekday","beforelunch","travelling","unknown","grocery",0,1,0,"midday"
35,306,94,212,"weekday","beforelunch","travelling","unknown","restaurant",0,1,0,"midday"
35,310,98,212,"weekday","afternoon","travelling","hot","grocery",0,1,0,"midday"
35,313,101,212,"weekday","afternoon","unknown","unknown","grocery",0,1,0,"midday"
35,314,102,212,"weekday","dinner","travelling","cold","restaurant",0,1,0,"night"
35,315,103,212,"weekday","beforelunch","travelling","hot","grocery",0,1,0,"midday"
35,317,105,212,"weekday","lunch","unknown","unknown","grocery",0,1,0,"midday"
35,320,108,212,"weekday","lunch","shopping","cold","grocery",0,1,0,"midday"
35,321,109,212,"weekday","breakfast","travelling","warm","restaurant",1,1,0,"morning"
35,333,121,212,"weekend","lunch","travelling","warm","restaurant",0,1,1,"midday"
35,356,144,212,"weekend","dinner","travelling","cold","grocery",0,1,1,"night"
35,358,146,212,"weekday","earlymorning","shopping","cold","restaurant",0,1,1,"morning"
35,369,157,212,"weekday","earlymorning","housework","warm","grocery",0,1,1,"morning"
35,374,162,212,"weekday","afternoon","unknown","unknown","restaurant",0,1,1,"midday"
35,380,168,212,"weekday","afternoon","travelling","hot","grocery",0,1,1,"midday"
35,385,173,212,"weekday","beforelunch","leisure","warm","grocery",1,1,1,"midday"
35,388,176,212,"weekday","lunch","travelling","warm","grocery",0,1,1,"midday"
35,392,180,212,"weekend","afternoon","travelling","cold","restaurant",0,1,1,"midday"
35,394,182,212,"weekday","afternoon","travelling","freezing","grocery",0,1,1,"midday"
35,395,183,212,"weekend","lunch","travelling","warm","grocery",0,1,1,"midday"
36,218,1,217,"weekday","afternoon","travelling","warm","restaurant",0,0,0,"midday"
36,219,2,217,"weekend","afternoon","travelling","freezing","restaurant",0,0,0,"midday"
36,226,9,217,"weekday","beforelunch","working","warm","grocery",0,0,0,"midday"
36,231,14,217,"weekday","evening","travelling","warm","grocery",0,0,0,"night"
36,235,18,217,"weekend","lunch","travelling","unknown","grocery",1,0,0,"midday"
36,237,20,217,"unknown","afternoon","travelling","freezing","restaurant",0,0,0,"midday"
36,240,23,217,"weekday","lunch","travelling","freezing","grocery",1,0,0,"midday"
36,241,24,217,"weekday","afternoon","travelling","cold","restaurant",0,0,0,"midday"
36,243,26,217,"weekday","afternoon","unknown","warm","restaurant",0,0,0,"midday"
36,247,30,217,"weekday","lunch","working","freezing","restaurant",0,0,0,"midday"
36,249,32,217,"weekday","morning","travelling","freezing","restaurant",0,0,0,"morning"
36,253,36,217,"unknown","lunch","morningrituals","unknown","grocery",0,0,0,"midday"
36,255,38,217,"weekday","afternoon","working","unknown","restaurant",0,0,0,"midday"
36,261,44,217,"weekday","afternoon","travelling","warm","restaurant",0,0,0,"midday"
36,266,49,217,"weekday","earlymorning","travelling","freezing","grocery",0,0,0,"morning"
36,269,52,217,"weekday","breakfast","leisure","unknown","restaurant",0,0,0,"morning"
36,278,61,217,"weekend","beforelunch","morningrituals","freezing","grocery",1,1,0,"midday"
36,281,64,217,"weekend","afternoon","travelling","warm","restaurant",0,1,0,"midday"
36,284,67,217,"weekday","lunch","travelling","freezing","grocery",0,1,0,"midday"
36,289,72,217,"weekday","unknown","travelling","warm","restaurant",0,1,0,"unknown"
36,290,73,217,"weekday","morning","travelling","hot","restaurant",0,1,0,"morning"
36,291,74,217,"weekday","afternoon","travelling","cold","grocery",0,1,0,"midday"
36,294,77,217,"weekday","afternoon","unknown","cold","restaurant",0,1,0,"midday"
36,297,80,217,"weekday","afternoon","unknown","hot","restaurant",1,1,0,"midday"
36,302,85,217,"weekday","afternoon","working","cold","restaurant",0,1,0,"midday"
36,306,89,217,"weekday","lunch","travelling","unknown","restaurant",0,1,0,"midday"
36,309,92,217,"weekday","beforelunch","travelling","hot","restaurant",1,1,0,"midday"
36,313,96,217,"weekday","morning","working","cold","grocery",0,1,0,"morning"
36,328,111,217,"weekday","afternoon","unknown","warm","grocery",0,1,0,"midday"
36,329,112,217,"weekday","breakfast","travelling","cold","grocery",0,1,0,"morning"
36,334,117,217,"weekday","afternoon","leisure","cold","grocery",1,1,1,"midday"
36,338,121,217,"weekday","beforelunch","shopping","hot","restaurant",1,1,1,"midday"
36,339,122,217,"weekday","evening","unknown","cold","grocery",0,1,1,"night"
36,346,129,217,"weekend","unknown","travelling","warm","grocery",0,1,1,"unknown"
36,349,132,217,"weekday","dinner","unknown","warm","restaurant",0,1,1,"night"
36,355,138,217,"weekday","breakfast","workingout","cold","restaurant",0,1,1,"morning"
36,359,142,217,"weekend","lunch","travelling","freezing","restaurant",1,1,1,"midday"
36,365,148,217,"weekend","breakfast","leisure","warm","restaurant",0,1,1,"morning"
36,371,154,217,"weekday","dinner","travelling","freezing","grocery",0,1,1,"night"
36,373,156,217,"weekday","beforelunch","unknown","freezing","restaurant",0,1,1,"midday"
36,389,172,217,"weekday","afternoon","unknown","hot","restaurant",1,1,1,"midday"
36,390,173,217,"weekend","beforelunch","travelling","cold","grocery",1,1,1,"midday"
37,226,3,223,"weekday","dinner","travelling","cold","restaurant",1,0,0,"night"
37,235,12,223,"weekday","lunch","travelling","warm","grocery",0,0,0,"midday"
37,241,18,223,"weekday","afternoon","morningrituals","warm","grocery",0,0,0,"midday"
37,242,19,223,"weekday","afternoon","travelling","warm","restaurant",0,0,0,"midday"
37,247,24,223,"weekend","breakfast","travelling","warm","restaurant",0,0,0,"morning"
37,250,27,223,"weekday","lunch","travelling","unknown","grocery",1,0,0,"midday"
37,256,33,223,"weekend","afternoon","shopping","freezing","grocery",0,0,0,"midday"
37,270,47,223,"weekday","morning","travelling","unknown","grocery",0,0,0,"morning"
37,272,49,223,"weekday","afternoon","leisure","unknown","restaurant",1,0,0,"midday"
37,278,55,223,"weekday","beforelunch","travelling","freezing","restaurant",0,0,0,"midday"
37,279,56,223,"weekday","lunch","travelling","cold","grocery",0,0,0,"midday"
37,281,58,223,"weekday","night","travelling","unknown","grocery",1,1,0,"night"
37,288,65,223,"weekday","afternoon","unknown","warm","restaurant",1,1,0,"midday"
37,292,69,223,"weekday","afternoon","travelling","cold","grocery",1,1,0,"midday"
37,294,71,223,"weekday","earlymorning","shopping","warm","grocery",0,1,0,"morning"
37,301,78,223,"weekday","afternoon","travelling","freezing","restaurant",0,1,0,"midday"
37,308,85,223,"weekday","afternoon","travelling","unknown","restaurant",1,1,0,"midday"
37,311,88,223,"weekday","lunch","travelling","cold","restaurant",0,1,0,"midday"
37,312,89,223,"weekend","afternoon","unknown","freezing","grocery",0,1,0,"midday"
37,317,94,223,"weekend","morning","travelling","freezing","restaurant",1,1,0,"morning"
37,318,95,223,"weekend","beforelunch","unknown","freezing","grocery",0,1,0,"midday"
37,319,96,223,"weekday","dinner","leisure","hot","restaurant",0,1,0,"night"
37,336,113,223,"weekday","beforelunch","shopping","cold","restaurant",0,1,1,"midday"
37,347,124,223,"weekend","beforelunch","unknown","cold","grocery",1,1,1,"midday"
37,349,126,223,"weekday","beforelunch","working","warm","grocery",0,1,1,"midday"
37,351,128,223,"weekend","unknown","travelling","warm","restaurant",0,1,1,"unknown"
37,358,135,223,"weekday","lunch","leisure","freezing","restaurant",0,1,1,"midday"
37,363,140,223,"weekday","lunch","unknown","cold","restaurant",0,1,1,"midday"
37,372,149,223,"weekday","unknown","unknown","hot","grocery",0,1,1,"unknown"
37,375,152,223,"weekend","lunch","unknown","warm","grocery",1,1,1,"midday"
37,388,165,223,"weekend","latenight","working","freezing","grocery",1,1,1,"night"
37,393,170,223,"weekend","afternoon","unknown","cold","restaurant",1,1,1,"midday"
37,400,177,223,"weekday","lunch","travelling","freezing","grocery",0,1,1,"midday"
37,404,181,223,"weekday","night","travelling","unknown","grocery",0,1,1,"night"
38,238,7,231,"weekend","lunch","travelling","hot","restaurant",0,0,0,"midday"
38,243,12,231,"weekday","afternoon","working","freezing","grocery",0,0,0,"midday"
38,245,14,231,"weekend","breakfast","travelling","hot","grocery",0,0,0,"morning"
38,247,16,231,"weekday","lunch","travelling","cold","grocery",0,0,0,"midday"
38,252,21,231,"weekend","beforelunch","unknown","freezing","grocery",0,0,0,"midday"
38,256,25,231,"weekend","morning","shopping","freezing","grocery",1,0,0,"morning"
38,268,37,231,"weekday","lunch","working","unknown","grocery",0,0,0,"midday"
38,276,45,231,"weekday","unknown","travelling","cold","grocery",1,0,0,"unknown"
38,279,48,231,"weekday","breakfast","unknown","warm","restaurant",0,0,0,"morning"
38,282,51,231,"weekday","lunch","shopping","unknown","grocery",1,0,0,"midday"
38,288,57,231,"weekday","lunch","travelling","warm","grocery",1,1,0,"midday"
38,290,59,231,"weekday","morning","travelling","cold","grocery",0,1,0,"morning"
38,292,61,231,"weekday","afternoon","travelling","cold","restaurant",1,1,0,"midday"
38,293,62,231,"weekday","afternoon","travelling","freezing","grocery",0,1,0,"midday"
38,298,67,231,"weekday","morning","unknown","freezing","restaurant",0,1,0,"morning"
38,303,72,231,"weekday","afternoon","working","unknown","grocery",0,1,0,"midday"
38,312,81,231,"weekend","afternoon","travelling","unknown","grocery",0,1,0,"midday"
38,314,83,231,"weekday","breakfast","travelling","freezing","grocery",0,1,0,"morning"
38,315,84,231,"weekday","afternoon","travelling","unknown","restaurant",0,1,0,"midday"
38,318,87,231,"weekend","afternoon","travelling","freezing","restaurant",0,1,0,"midday"
38,319,88,231,"weekend","afternoon","travelling","warm","grocery",0,1,0,"midday"
38,322,91,231,"weekday","morning","travelling","freezing","restaurant",1,1,0,"morning"
38,323,92,231,"weekday","breakfast","travelling","cold","restaurant",1,1,0,"morning"
38,325,94,231,"weekday","afternoon","unknown","unknown","restaurant",0,1,0,"midday"
38,326,95,231,"weekday","beforelunch","travelling","cold","grocery",0,1,0,"midday"
38,331,100,231,"weekday","lunch","leisure","warm","restaurant",0,1,0,"midday"
38,333,102,231,"weekday","afternoon","travelling","freezing","restaurant",0,1,0,"midday"
38,334,103,231,"weekday","lunch","travelling","cold","grocery",0,1,0,"midday"
38,336,105,231,"weekday","afternoon","shopping","cold","restaurant",0,1,0,"midday"
38,339,108,231,"weekend","earlymorning","shopping","cold","grocery",1,1,0,"morning"
38,340,109,231,"weekday","lunch","shopping","warm","grocery",0,1,0,"midday"
38,342,111,231,"weekday","breakfast","shopping","cold","restaurant",0,1,0,"morning"
38,343,112,231,"weekday","unknown","working","unknown","grocery",1,1,0,"unknown"
38,351,120,231,"weekday","afternoon","travelling","unknown","grocery",0,1,1,"midday"
38,356,125,231,"weekday","lunch","travelling","unknown","restaurant",0,1,1,"midday"
38,361,130,231,"weekend","afternoon","leisure","hot","restaurant",0,1,1,"midday"
38,364,133,231,"weekday","afternoon","unknown","unknown","restaurant",0,1,1,"midday"
38,365,134,231,"weekday","afternoon","travelling","cold","restaurant",1,1,1,"midday"
38,369,138,231,"weekend","lunch","unknown","unknown","grocery",0,1,1,"midday"
38,370,139,231,"weekday","evening","shopping","hot","restaurant",0,1,1,"night"
38,379,148,231,"weekday","morning","travelling","cold","restaurant",0,1,1,"morning"
38,380,149,231,"weekend","lunch","travelling","cold","restaurant",1,1,1,"midday"
38,388,157,231,"weekday","afternoon","unknown","unknown","grocery",0,1,1,"midday"
38,395,164,231,"weekday","evening","travelling","unknown","grocery",0,1,1,"night"
38,401,170,231,"weekday","afternoon","leisure","freezing","restaurant",0,1,1,"midday"
38,402,171,231,"weekday","beforelunch","working","hot","restaurant",1,1,1,"midday"
38,404,173,231,"weekday","morning","working","unknown","grocery",0,1,1,"morning"
38,408,177,231,"weekday","beforelunch","morningrituals","freezing","grocery",1,1,1,"midday"
38,412,181,231,"unknown","lunch","travelling","warm","restaurant",1,1,1,"midday"
38,413,182,231,"weekend","lunch","travelling","unknown","restaurant",1,1,1,"midday"
39,236,2,234,"weekday","breakfast","leisure","unknown","grocery",0,0,0,"morning"
39,237,3,234,"weekday","morning","unknown","hot","restaurant",0,0,0,"morning"
39,243,9,234,"weekend","morning","travelling","cold","grocery",1,0,0,"morning"
39,244,10,234,"weekday","beforelunch","travelling","cold","restaurant",0,0,0,"midday"
39,251,17,234,"weekday","afternoon","travelling","cold","restaurant",0,0,0,"midday"
39,257,23,234,"unknown","beforelunch","unknown","warm","grocery",0,0,0,"midday"
39,261,27,234,"weekday","afternoon","morningrituals","cold","restaurant",0,0,0,"midday"
39,266,32,234,"weekday","lunch","travelling","hot","grocery",0,0,0,"midday"
39,268,34,234,"weekday","morning","working","freezing","grocery",0,0,0,"morning"
39,277,43,234,"weekday","lunch","travelling","warm","restaurant",0,0,0,"midday"
39,280,46,234,"weekend","dinner","travelling","cold","restaurant",0,0,0,"night"
39,282,48,234,"weekday","afternoon","travelling","hot","grocery",0,0,0,"midday"
39,285,51,234,"weekday","afternoon","travelling","unknown","restaurant",0,0,0,"midday"
39,298,64,234,"weekday","lunch","leisure","warm","restaurant",0,1,0,"midday"
39,312,78,234,"weekday","afternoon","unknown","freezing","restaurant",0,1,0,"midday"
39,319,85,234,"weekday","beforelunch","travelling","freezing","grocery",1,1,0,"midday"
39,322,88,234,"weekend","afternoon","working","unknown","grocery",0,1,0,"midday"
39,325,91,234,"weekend","afternoon","leisure","freezing","grocery",0,1,0,"midday"
39,329,95,234,"weekday","afternoon","travelling","unknown","restaurant",1,1,0,"midday"
39,338,104,234,"unknown","breakfast","travelling","warm","grocery",1,1,0,"morning"
39,339,105,234,"weekday","night","travelling","cold","grocery",1,1,0,"night"
39,342,108,234,"weekday","afternoon","travelling","hot","grocery",1,1,0,"midday"
39,343,109,234,"weekend","breakfast","travelling","warm","restaurant",0,1,0,"morning"
39,344,110,234,"weekday","afternoon","travelling","cold","grocery",0,1,0,"midday"
39,346,112,234,"weekend","lunch","travelling","warm","grocery",0,1,0,"midday"
39,351,117,234,"weekday","afternoon","travelling","warm","restaurant",0,1,1,"midday"
39,352,118,234,"weekday","morning","travelling","unknown","restaurant",0,1,1,"morning"
39,357,123,234,"weekday","dinner","travelling","cold","grocery",1,1,1,"night"
39,359,125,234,"weekday","afternoon","travelling","warm","grocery",0,1,1,"midday"
39,369,135,234,"weekend","breakfast","unknown","unknown","restaurant",0,1,1,"morning"
39,375,141,234,"weekday","unknown","travelling","unknown","grocery",0,1,1,"unknown"
39,380,146,234,"weekend","morning","travelling","hot","restaurant",0,1,1,"morning"
39,389,155,234,"weekend","afternoon","travelling","freezing","grocery",0,1,1,"midday"
39,394,160,234,"weekday","afternoon","travelling","unknown","grocery",0,1,1,"midday"
39,398,164,234,"weekend","afternoon","travelling","cold","restaurant",0,1,1,"midday"
39,407,173,234,"weekend","afternoon","travelling","unknown","restaurant",0,1,1,"midday"
39,414,180,234,"weekend","afternoon","unknown","freezing","grocery",1,1,1,"midday"
40,257,17,240,"weekday","night","travelling","cold","restaurant",0,0,0,"night"
40,259,19,240,"weekday","afternoon","working","warm","grocery",1,0,0,"midday"
40,261,21,240,"weekday","dinner","unknown","cold","restaurant",0,0,0,"night"
40,280,40,240,"weekday","afternoon","travelling","freezing","restaurant",0,0,0,"midday"
40,290,50,240,"weekday","lunch","leisure","unknown","grocery",0,0,0,"midday"
40,291,51,240,"weekend","afternoon","travelling","hot","grocery",1,0,0,"midday"
40,292,52,240,"weekend","afternoon","shopping","cold","restaurant",0,0,0,"midday"
40,294,54,240,"weekend","afternoon","leisure","unknown","restaurant",1,0,0,"midday"
40,302,62,240,"weekday","afternoon","travelling","cold","grocery",0,1,0,"midday"
40,311,71,240,"weekday","afternoon","travelling","unknown","restaurant",0,1,0,"midday"
40,314,74,240,"unknown","afternoon","travelling","freezing","restaurant",0,1,0,"midday"
40,320,80,240,"weekday","afternoon","shopping","unknown","restaurant",0,1,0,"midday"
40,321,81,240,"weekday","beforelunch","working","cold","restaurant",0,1,0,"midday"
40,324,84,240,"weekday","beforelunch","unknown","unknown","grocery",0,1,0,"midday"
40,329,89,240,"weekday","beforelunch","unknown","freezing","grocery",1,1,0,"midday"
40,330,90,240,"weekday","afternoon","travelling","warm","grocery",0,1,0,"midday"
40,337,97,240,"weekday","dinner","travelling","unknown","grocery",0,1,0,"night"
40,344,104,240,"weekday","beforelunch","travelling","cold","grocery",1,1,0,"midday"
40,346,106,240,"weekday","afternoon","shopping","unknown","restaurant",1,1,0,"midday"
40,350,110,240,"weekday","lunch","travelling","hot","grocery",0,1,0,"midday"
40,351,111,240,"weekday","afternoon","shopping","hot","grocery",1,1,0,"midday"
40,355,115,240,"weekday","beforelunch","workingout","cold","grocery",0,1,1,"midday"
40,358,118,240,"weekend","afternoon","travelling","cold","grocery",0,1,1,"midday"
40,363,123,240,"weekday","beforelunch","travelling","unknown","grocery",0,1,1,"midday"
40,367,127,240,"weekday","beforelunch","morningrituals","cold","grocery",0,1,1,"midday"
40,372,132,240,"weekday","breakfast","working","unknown","restaurant",0,1,1,"morning"
40,376,136,240,"weekday","beforelunch","unknown","cold","grocery",0,1,1,"midday"
40,381,141,240,"weekend","afternoon","working","freezing","grocery",0,1,1,"midday"
40,382,142,240,"weekend","beforelunch","travelling","warm","grocery",0,1,1,"midday"
40,385,145,240,"weekday","lunch","working","hot","restaurant",0,1,1,"midday"
40,386,146,240,"weekend","lunch","travelling","freezing","restaurant",0,1,1,"midday"
40,393,153,240,"weekday","lunch","travelling","freezing","restaurant",0,1,1,"midday"
40,398,158,240,"weekday","beforelunch","travelling","unknown","restaurant",0,1,1,"midday"
40,402,162,240,"weekday","afternoon","travelling","unknown","restaurant",0,1,1,"midday"
40,413,173,240,"weekday","breakfast","travelling","cold","restaurant",1,1,1,"morning"
40,420,180,240,"weekday","lunch","working","freezing","grocery",0,1,1,"midday"
40,423,183,240,"weekday","beforelunch","shopping","warm","restaurant",0,1,1,"midday"
41,262,12,250,"weekday","afternoon","travelling","unknown","grocery",0,0,0,"midday"
41,273,23,250,"weekday","lunch","working","freezing","grocery",0,0,0,"midday"
41,275,25,250,"weekend","afternoon","travelling","cold","restaurant",0,0,0,"midday"
41,276,26,250,"weekday","morning","travelling","cold","grocery",1,0,0,"morning"
41,281,31,250,"weekday","night","leisure","hot","grocery",0,0,0,"night"
41,283,33,250,"weekend","breakfast","travelling","freezing","restaurant",0,0,0,"morning"
41,291,41,250,"weekday","lunch","travelling","cold","restaurant",0,0,0,"midday"
41,301,51,250,"weekday","lunch","unknown","hot","grocery",0,0,0,"midday"
41,303,53,250,"weekday","afternoon","unknown","unknown","grocery",0,0,0,"midday"
41,304,54,250,"weekday","afternoon","travelling","warm","restaurant",0,0,0,"midday"
41,312,62,250,"weekend","evening","travelling","cold","restaurant",0,1,0,"night"
41,313,63,250,"weekday","beforelunch","leisure","cold","grocery",0,1,0,"midday"
41,318,68,250,"weekday","morning","shopping","freezing","restaurant",1,1,0,"morning"
41,322,72,250,"weekday","lunch","travelling","cold","grocery",1,1,0,"midday"
41,325,75,250,"weekday","lunch","travelling","unknown","grocery",0,1,0,"midday"
41,334,84,250,"weekday","afternoon","travelling","unknown","restaurant",0,1,0,"midday"
41,341,91,250,"weekend","breakfast","travelling","freezing","restaurant",1,1,0,"morning"
41,347,97,250,"weekday","afternoon","travelling","hot","restaurant",0,1,0,"midday"
41,356,106,250,"weekday","afternoon","shopping","cold","grocery",0,1,0,"midday"
41,363,113,250,"weekday","lunch","working","cold","grocery",0,1,1,"midday"
41,379,129,250,"weekend","breakfast","unknown","cold","restaurant",0,1,1,"morning"
41,388,138,250,"weekday","lunch","travelling","cold","grocery",0,1,1,"midday"
41,395,145,250,"weekday","afternoon","travelling","freezing","grocery",1,1,1,"midday"
41,397,147,250,"weekday","afternoon","leisure","cold","grocery",0,1,1,"midday"
41,411,161,250,"weekday","breakfast","travelling","cold","restaurant",1,1,1,"morning"
41,414,164,250,"weekday","afternoon","leisure","cold","restaurant",0,1,1,"midday"
41,422,172,250,"weekday","lunch","shopping","cold","restaurant",0,1,1,"midday"
41,432,182,250,"weekday","afternoon","travelling","cold","grocery",0,1,1,"midday"
41,433,183,250,"weekend","afternoon","unknown","unknown","grocery",0,1,1,"midday"
42,259,4,255,"weekday","dinner","travelling","unknown","grocery",0,0,0,"night"
42,262,7,255,"weekday","beforelunch","unknown","warm","restaurant",0,0,0,"midday"
42,270,15,255,"weekday","afternoon","travelling","freezing","restaurant",0,0,0,"midday"
42,275,20,255,"weekday","beforelunch","travelling","cold","restaurant",1,0,0,"midday"
42,286,31,255,"weekend","beforelunch","morningrituals","hot","grocery",1,0,0,"midday"
42,289,34,255,"weekend","breakfast","unknown","unknown","restaurant",0,0,0,"morning"
42,299,44,255,"weekday","lunch","travelling","unknown","restaurant",0,0,0,"midday"
42,303,48,255,"weekday","lunch","travelling","unknown","restaurant",1,0,0,"midday"
42,304,49,255,"weekday","afternoon","travelling","unknown","restaurant",1,0,0,"midday"
42,305,50,255,"weekend","afternoon","leisure","cold","grocery",0,0,0,"midday"
42,308,53,255,"weekday","evening","unknown","cold","grocery",1,0,0,"night"
42,311,56,255,"weekend","afternoon","travelling","hot","restaurant",1,0,0,"midday"
42,312,57,255,"weekday","breakfast","travelling","hot","restaurant",0,1,0,"morning"
42,323,68,255,"weekday","night","unknown","unknown","grocery",0,1,0,"night"
42,331,76,255,"weekday","afternoon","working","unknown","grocery",0,1,0,"midday"
42,352,97,255,"weekday","beforelunch","travelling","freezing","grocery",0,1,0,"midday"
42,365,110,255,"weekday","beforelunch","travelling","freezing","grocery",1,1,0,"midday"
42,366,111,255,"weekday","beforelunch","unknown","cold","grocery",0,1,0,"midday"
42,367,112,255,"weekday","breakfast","unknown","unknown","grocery",0,1,0,"morning"
42,369,114,255,"weekend","earlymorning","unknown","unknown","restaurant",0,1,1,"morning"
42,378,123,255,"weekday","afternoon","travelling","unknown","restaurant",0,1,1,"midday"
42,382,127,255,"weekday","afternoon","working","freezing","restaurant",0,1,1,"midday"
42,388,133,255,"weekend","afternoon","travelling","cold","restaurant",0,1,1,"midday"
42,395,140,255,"weekday","afternoon","travelling","hot","restaurant",1,1,1,"midday"
42,398,143,255,"weekday","lunch","travelling","warm","restaurant",0,1,1,"midday"
42,399,144,255,"weekday","beforelunch","travelling","cold","restaurant",0,1,1,"midday"
43,272,7,265,"weekend","lunch","unknown","freezing","grocery",1,0,0,"midday"
43,273,8,265,"weekday","unknown","working","warm","restaurant",1,0,0,"unknown"
43,276,11,265,"weekday","afternoon","travelling","warm","grocery",0,0,0,"midday"
43,277,12,265,"weekend","lunch","unknown","warm","restaurant",0,0,0,"midday"
43,279,14,265,"weekday","beforelunch","travelling","freezing","grocery",0,0,0,"midday"
43,280,15,265,"weekday","afternoon","unknown","cold","grocery",0,0,0,"midday"
43,282,17,265,"weekday","beforelunch","leisure","cold","grocery",0,0,0,"midday"
43,287,22,265,"weekday","afternoon","working","warm","restaurant",0,0,0,"midday"
43,288,23,265,"weekday","latenight","travelling","warm","grocery",1,0,0,"night"
43,289,24,265,"weekend","afternoon","unknown","cold","grocery",0,0,0,"midday"
43,290,25,265,"weekday","afternoon","shopping","cold","grocery",1,0,0,"midday"
43,292,27,265,"weekend","beforelunch","travelling","warm","restaurant",0,0,0,"midday"
43,293,28,265,"weekday","beforelunch","working","cold","grocery",0,0,0,"midday"
43,294,29,265,"weekend","afternoon","travelling","cold","restaurant",0,0,0,"midday"
43,297,32,265,"weekday","lunch","travelling","hot","grocery",0,0,0,"midday"
43,303,38,265,"weekday","afternoon","travelling","freezing","grocery",1,0,0,"midday"
43,307,42,265,"weekday","breakfast","shopping","freezing","grocery",0,0,0,"morning"
43,311,46,265,"weekday","beforelunch","travelling","freezing","restaurant",0,0,0,"midday"
43,312,47,265,"weekday","lunch","travelling","cold","grocery",0,0,0,"midday"
43,313,48,265,"weekday","afternoon","unknown","hot","grocery",0,0,0,"midday"
43,314,49,265,"weekday","breakfast","travelling","unknown","restaurant",0,0,0,"morning"
43,318,53,265,"weekend","beforelunch","travelling","unknown","restaurant",0,0,0,"midday"
43,322,57,265,"weekday","lunch","travelling","unknown","restaurant",1,1,0,"midday"
43,323,58,265,"weekday","dinner","travelling","unknown","restaurant",1,1,0,"night"
43,327,62,265,"weekday","breakfast","shopping","hot","restaurant",0,1,0,"morning"
43,329,64,265,"weekend","afternoon","leisure","warm","grocery",0,1,0,"midday"
43,334,69,265,"weekday","morning","working","warm","restaurant",0,1,0,"morning"
43,340,75,265,"weekday","lunch","unknown","cold","grocery",1,1,0,"midday"
43,341,76,265,"weekend","afternoon","travelling","unknown","grocery",0,1,0,"midday"
43,343,78,265,"weekend","afternoon","travelling","cold","restaurant",1,1,0,"midday"
43,344,79,265,"weekend","lunch","travelling","freezing","restaurant",0,1,0,"midday"
43,345,80,265,"weekday","beforelunch","leisure","hot","grocery",0,1,0,"midday"
43,346,81,265,"weekday","afternoon","leisure","cold","grocery",0,1,0,"midday"
43,347,82,265,"weekend","afternoon","working","warm","grocery",0,1,0,"midday"
43,349,84,265,"weekend","afternoon","unknown","hot","restaurant",1,1,0,"midday"
43,355,90,265,"weekday","afternoon","travelling","cold","grocery",0,1,0,"midday"
43,357,92,265,"weekday","afternoon","leisure","cold","grocery",0,1,0,"midday"
43,359,94,265,"weekday","beforelunch","travelling","cold","restaurant",1,1,0,"midday"
43,360,95,265,"weekday","lunch","travelling","freezing","restaurant",1,1,0,"midday"
43,366,101,265,"weekday","breakfast","unknown","unknown","grocery",1,1,0,"morning"
43,367,102,265,"weekend","unknown","unknown","unknown","restaurant",1,1,0,"unknown"
43,371,106,265,"weekend","beforelunch","travelling","unknown","grocery",0,1,0,"midday"
43,372,107,265,"weekday","beforelunch","travelling","unknown","restaurant",0,1,0,"midday"
43,373,108,265,"weekday","beforelunch","travelling","warm","restaurant",0,1,0,"midday"
43,375,110,265,"weekend","earlymorning","travelling","freezing","grocery",0,1,0,"morning"
43,378,113,265,"weekend","lunch","travelling","freezing","grocery",0,1,1,"midday"
43,379,114,265,"weekday","night","travelling","freezing","restaurant",0,1,1,"night"
43,380,115,265,"weekday","beforelunch","working","cold","restaurant",0,1,1,"midday"
43,381,116,265,"weekday","breakfast","working","cold","grocery",1,1,1,"morning"
43,385,120,265,"weekday","afternoon","working","unknown","grocery",1,1,1,"midday"
43,386,121,265,"weekend","earlymorning","unknown","cold","restaurant",0,1,1,"morning"
43,387,122,265,"weekend","lunch","travelling","hot","restaurant",0,1,1,"midday"
43,388,123,265,"weekend","dinner","unknown","cold","grocery",0,1,1,"night"
43,391,126,265,"weekday","lunch","unknown","unknown","grocery",1,1,1,"midday"
43,395,130,265,"weekday","breakfast","travelling","cold","restaurant",1,1,1,"morning"
43,397,132,265,"weekday","lunch","travelling","warm","grocery",0,1,1,"midday"
43,398,133,265,"weekday","unknown","travelling","unknown","grocery",0,1,1,"unknown"
43,400,135,265,"weekday","breakfast","shopping","cold","restaurant",0,1,1,"morning"
43,404,139,265,"weekday","lunch","shopping","cold","grocery",1,1,1,"midday"
43,408,143,265,"weekday","lunch","travelling","freezing","grocery",1,1,1,"midday"
43,411,146,265,"weekday","lunch","travelling","freezing","grocery",1,1,1,"midday"
43,412,147,265,"weekday","afternoon","travelling","cold","restaurant",0,1,1,"midday"
43,413,148,265,"weekday","afternoon","working","hot","restaurant",0,1,1,"midday"
43,415,150,265,"weekday","afternoon","shopping","unknown","restaurant",1,1,1,"midday"
43,416,151,265,"weekday","beforelunch","working","cold","restaurant",1,1,1,"midday"
43,417,152,265,"weekday","lunch","shopping","warm","restaurant",0,1,1,"midday"
43,419,154,265,"weekday","morning","travelling","hot","grocery",1,1,1,"morning"
43,420,155,265,"weekend","morning","unknown","cold","grocery",0,1,1,"morning"
43,421,156,265,"weekday","afternoon","travelling","unknown","grocery",0,1,1,"midday"
43,424,159,265,"weekend","dinner","travelling","hot","grocery",0,1,1,"night"
43,426,161,265,"weekday","lunch","travelling","warm","grocery",0,1,1,"midday"
43,428,163,265,"weekday","lunch","unknown","freezing","grocery",1,1,1,"midday"
43,429,164,265,"weekday","morning","leisure","unknown","restaurant",0,1,1,"morning"
43,430,165,265,"weekday","lunch","travelling","cold","grocery",0,1,1,"midday"
43,432,167,265,"weekend","morning","travelling","cold","grocery",0,1,1,"morning"
43,433,168,265,"weekday","breakfast","shopping","warm","restaurant",0,1,1,"morning"
43,435,170,265,"weekday","unknown","travelling","warm","grocery",1,1,1,"unknown"
43,438,173,265,"weekday","breakfast","travelling","cold","restaurant",1,1,1,"morning"
43,439,174,265,"weekend","afternoon","working","hot","grocery",0,1,1,"midday"
43,440,175,265,"weekday","lunch","travelling","cold","grocery",0,1,1,"midday"
43,442,177,265,"weekend","lunch","unknown","cold","restaurant",1,1,1,"midday"
43,446,181,265,"weekday","dinner","unknown","unknown","grocery",1,1,1,"night"
43,448,183,265,"weekday","beforelunch","travelling","unknown","grocery",1,1,1,"midday"
44,278,3,275,"weekday","beforelunch","travelling","unknown","restaurant",1,0,0,"midday"
44,279,4,275,"weekday","unknown","travelling","hot","grocery",0,0,0,"unknown"
44,281,6,275,"weekday","lunch","travelling","unknown","restaurant",1,0,0,"midday"
44,282,7,275,"weekday","beforelunch","travelling","freezing","restaurant",0,0,0,"midday"
44,287,12,275,"weekday","lunch","travelling","cold","grocery",0,0,0,"midday"
44,292,17,275,"weekday","lunch","unknown","cold","grocery",0,0,0,"midday"
44,297,22,275,"weekend","lunch","leisure","cold","restaurant",0,0,0,"midday"
44,301,26,275,"weekday","breakfast","leisure","warm","grocery",1,0,0,"morning"
44,303,28,275,"weekday","beforelunch","unknown","cold","restaurant",0,0,0,"midday"
44,304,29,275,"weekday","beforelunch","leisure","unknown","restaurant",0,0,0,"midday"
44,307,32,275,"weekday","night","unknown","freezing","grocery",0,0,0,"night"
44,308,33,275,"weekday","morning","travelling","warm","grocery",1,0,0,"morning"
44,309,34,275,"weekday","afternoon","travelling","unknown","restaurant",0,0,0,"midday"
44,313,38,275,"weekday","afternoon","working","warm","grocery",1,0,0,"midday"
44,320,45,275,"weekend","breakfast","travelling","cold","grocery",0,0,0,"morning"
44,332,57,275,"weekday","afternoon","travelling","cold","grocery",0,1,0,"midday"
44,334,59,275,"weekday","afternoon","travelling","unknown","grocery",1,1,0,"midday"
44,341,66,275,"weekday","afternoon","travelling","cold","restaurant",0,1,0,"midday"
44,344,69,275,"weekday","afternoon","shopping","freezing","restaurant",0,1,0,"midday"
44,346,71,275,"weekend","afternoon","travelling","freezing","grocery",0,1,0,"midday"
44,351,76,275,"weekday","afternoon","unknown","freezing","grocery",0,1,0,"midday"
44,352,77,275,"weekday","earlymorning","travelling","cold","restaurant",0,1,0,"morning"
44,358,83,275,"weekend","lunch","travelling","cold","restaurant",1,1,0,"midday"
44,361,86,275,"weekday","breakfast","travelling","freezing","restaurant",0,1,0,"morning"
44,363,88,275,"weekday","afternoon","travelling","unknown","restaurant",1,1,0,"midday"
44,366,91,275,"weekday","lunch","travelling","warm","grocery",0,1,0,"midday"
44,367,92,275,"weekday","afternoon","travelling","cold","restaurant",0,1,0,"midday"
44,377,102,275,"weekend","afternoon","travelling","cold","restaurant",1,1,0,"midday"
44,378,103,275,"weekday","unknown","travelling","freezing","restaurant",0,1,0,"unknown"
44,380,105,275,"weekday","afternoon","unknown","cold","restaurant",1,1,0,"midday"
44,382,107,275,"weekend","afternoon","travelling","cold","grocery",0,1,0,"midday"
44,390,115,275,"weekday","afternoon","travelling","unknown","restaurant",1,1,1,"midday"
44,391,116,275,"weekend","lunch","travelling","unknown","restaurant",1,1,1,"midday"
44,394,119,275,"weekday","afternoon","travelling","unknown","restaurant",0,1,1,"midday"
44,396,121,275,"weekday","afternoon","travelling","cold","grocery",0,1,1,"midday"
44,399,124,275,"weekend","afternoon","unknown","unknown","restaurant",0,1,1,"midday"
44,401,126,275,"weekend","afternoon","leisure","freezing","restaurant",0,1,1,"midday"
44,413,138,275,"weekday","dinner","unknown","hot","restaurant",0,1,1,"night"
44,420,145,275,"weekend","breakfast","unknown","cold","grocery",0,1,1,"morning"
44,421,146,275,"weekday","breakfast","travelling","warm","grocery",1,1,1,"morning"
44,422,147,275,"weekday","latenight","working","cold","restaurant",0,1,1,"night"
44,425,150,275,"weekday","afternoon","leisure","hot","restaurant",0,1,1,"midday"
44,427,152,275,"weekday","beforelunch","unknown","freezing","restaurant",0,1,1,"midday"
44,429,154,275,"weekend","afternoon","shopping","unknown","restaurant",0,1,1,"midday"
44,436,161,275,"weekday","breakfast","travelling","cold","restaurant",1,1,1,"morning"
44,438,163,275,"weekday","beforelunch","unknown","hot","restaurant",0,1,1,"midday"
44,440,165,275,"weekend","breakfast","travelling","unknown","restaurant",0,1,1,"morning"
44,443,168,275,"weekend","lunch","unknown","unknown","grocery",0,1,1,"midday"
44,445,170,275,"weekday","breakfast","shopping","cold","grocery",0,1,1,"morning"
44,447,172,275,"weekday","afternoon","travelling","freezing","restaurant",0,1,1,"midday"
44,450,175,275,"weekend","afternoon","shopping","hot","grocery",0,1,1,"midday"
44,458,183,275,"weekday","afternoon","travelling","hot","grocery",1,1,1,"midday"
45,297,21,276,"weekday","afternoon","unknown","freezing","grocery",1,0,0,"midday"
45,332,56,276,"weekend","beforelunch","travelling","cold","grocery",0,0,0,"midday"
45,351,75,276,"weekend","lunch","travelling","unknown","grocery",0,1,0,"midday"
45,362,86,276,"weekday","breakfast","unknown","cold","restaurant",0,1,0,"morning"
45,367,91,276,"weekend","afternoon","travelling","warm","grocery",0,1,0,"midday"
45,371,95,276,"weekend","afternoon","travelling","warm","grocery",1,1,0,"midday"
45,398,122,276,"weekday","lunch","leisure","cold","restaurant",0,1,1,"midday"
45,408,132,276,"weekend","lunch","workingout","freezing","restaurant",0,1,1,"midday"
45,446,170,276,"weekday","lunch","travelling","unknown","grocery",0,1,1,"midday"
45,459,183,276,"weekday","lunch","travelling","hot","grocery",1,1,1,"midday"
46,286,2,284,"weekday","dinner","unknown","hot","grocery",0,0,0,"night"
46,290,6,284,"weekday","morning","leisure","cold","restaurant",0,0,0,"morning"
46,291,7,284,"weekday","beforelunch","travelling","unknown","grocery",0,0,0,"midday"
46,296,12,284,"weekday","breakfast","travelling","hot","restaurant",0,0,0,"morning"
46,298,14,284,"weekend","afternoon","unknown","cold","grocery",0,0,0,"midday"
46,306,22,284,"weekday","beforelunch","travelling","hot","grocery",0,0,0,"midday"
46,307,23,284,"weekday","afternoon","travelling","cold","restaurant",0,0,0,"midday"
46,316,32,284,"weekday","afternoon","travelling","warm","grocery",0,0,0,"midday"
46,317,33,284,"weekday","beforelunch","travelling","unknown","restaurant",0,0,0,"midday"
46,319,35,284,"unknown","morning","unknown","freezing","restaurant",0,0,0,"morning"
46,322,38,284,"weekday","dinner","leisure","unknown","restaurant",0,0,0,"night"
46,323,39,284,"weekday","afternoon","travelling","unknown","grocery",1,0,0,"midday"
46,324,40,284,"weekday","lunch","leisure","unknown","restaurant",1,0,0,"midday"
46,327,43,284,"weekday","lunch","leisure","freezing","restaurant",0,0,0,"midday"
46,331,47,284,"weekday","afternoon","travelling","freezing","restaurant",0,0,0,"midday"
46,340,56,284,"weekday","beforelunch","unknown","warm","restaurant",0,0,0,"midday"
46,345,61,284,"weekday","dinner","shopping","cold","grocery",1,1,0,"night"
46,349,65,284,"weekday","lunch","shopping","cold","grocery",0,1,0,"midday"
46,351,67,284,"weekday","afternoon","leisure","freezing","restaurant",0,1,0,"midday"
46,352,68,284,"weekday","beforelunch","working","unknown","grocery",1,1,0,"midday"
46,353,69,284,"weekend","beforelunch","travelling","freezing","restaurant",1,1,0,"midday"
46,356,72,284,"weekday","afternoon","travelling","hot","grocery",0,1,0,"midday"
46,359,75,284,"weekday","lunch","travelling","freezing","grocery",0,1,0,"midday"
46,363,79,284,"weekday","breakfast","working","unknown","restaurant",0,1,0,"morning"
46,364,80,284,"weekend","afternoon","shopping","freezing","grocery",0,1,0,"midday"
46,366,82,284,"weekend","morning","travelling","unknown","restaurant",0,1,0,"morning"
46,370,86,284,"weekday","afternoon","leisure","freezing","grocery",0,1,0,"midday"
46,374,90,284,"weekday","beforelunch","shopping","cold","restaurant",1,1,0,"midday"
46,383,99,284,"weekday","lunch","unknown","cold","grocery",1,1,0,"midday"
46,386,102,284,"weekday","afternoon","travelling","freezing","restaurant",0,1,0,"midday"
46,399,115,284,"weekday","afternoon","leisure","warm","restaurant",0,1,1,"midday"
46,404,120,284,"weekday","beforelunch","travelling","unknown","grocery",1,1,1,"midday"
46,408,124,284,"weekday","breakfast","unknown","freezing","restaurant",1,1,1,"morning"
46,409,125,284,"weekday","afternoon","travelling","cold","grocery",0,1,1,"midday"
46,413,129,284,"weekday","beforelunch","unknown","cold","restaurant",0,1,1,"midday"
46,415,131,284,"weekday","afternoon","travelling","unknown","grocery",0,1,1,"midday"
46,418,134,284,"weekend","breakfast","travelling","unknown","grocery",1,1,1,"morning"
46,421,137,284,"weekday","lunch","travelling","freezing","restaurant",0,1,1,"midday"
46,434,150,284,"weekday","dinner","unknown","freezing","restaurant",0,1,1,"night"
46,449,165,284,"weekday","morning","working","cold","grocery",0,1,1,"morning"
46,450,166,284,"weekday","afternoon","travelling","warm","restaurant",0,1,1,"midday"
46,456,172,284,"weekend","afternoon","leisure","unknown","grocery",0,1,1,"midday"
46,457,173,284,"weekday","afternoon","working","warm","restaurant",0,1,1,"midday"
46,458,174,284,"weekday","morning","travelling","freezing","grocery",1,1,1,"morning"
46,460,176,284,"weekday","breakfast","unknown","unknown","restaurant",0,1,1,"morning"
47,298,4,294,"weekday","dinner","social","cold","restaurant",0,0,0,"night"
47,380,86,294,"weekday","lunch","travelling","unknown","grocery",0,1,0,"midday"
47,392,98,294,"weekend","beforelunch","travelling","cold","grocery",0,1,0,"midday"
47,396,102,294,"weekend","breakfast","travelling","cold","restaurant",0,1,0,"morning"
47,410,116,294,"weekend","afternoon","travelling","freezing","grocery",0,1,1,"midday"
47,416,122,294,"weekday","lunch","leisure","warm","restaurant",0,1,1,"midday"
47,425,131,294,"weekday","lunch","travelling","freezing","restaurant",1,1,1,"midday"
47,429,135,294,"weekday","unknown","working","unknown","restaurant",0,1,1,"unknown"
47,453,159,294,"weekday","morning","shopping","unknown","grocery",0,1,1,"morning"
47,459,165,294,"weekday","afternoon","travelling","cold","grocery",0,1,1,"midday"
48,309,7,302,"weekday","beforelunch","travelling","unknown","grocery",0,0,0,"midday"
48,311,9,302,"weekday","afternoon","unknown","freezing","restaurant",0,0,0,"midday"
48,312,10,302,"weekend","afternoon","travelling","cold","grocery",0,0,0,"midday"
48,320,18,302,"weekday","lunch","travelling","cold","restaurant",0,0,0,"midday"
48,327,25,302,"weekday","morning","working","unknown","grocery",0,0,0,"morning"
48,336,34,302,"weekday","afternoon","travelling","warm","grocery",0,0,0,"midday"
48,340,38,302,"weekend","unknown","travelling","warm","grocery",0,0,0,"unknown"
48,341,39,302,"weekday","afternoon","travelling","cold","restaurant",0,0,0,"midday"
48,350,48,302,"weekday","lunch","travelling","freezing","grocery",1,0,0,"midday"
48,351,49,302,"weekday","afternoon","travelling","warm","grocery",1,0,0,"midday"
48,355,53,302,"weekday","beforelunch","travelling","cold","restaurant",0,0,0,"midday"
48,362,60,302,"weekday","lunch","travelling","cold","restaurant",0,1,0,"midday"
48,367,65,302,"weekday","afternoon","travelling","unknown","grocery",1,1,0,"midday"
48,386,84,302,"weekend","lunch","travelling","warm","grocery",0,1,0,"midday"
48,390,88,302,"weekday","lunch","travelling","cold","restaurant",0,1,0,"midday"
48,397,95,302,"weekend","beforelunch","leisure","cold","grocery",0,1,0,"midday"
48,405,103,302,"weekend","breakfast","travelling","warm","grocery",0,1,0,"morning"
48,408,106,302,"weekday","morning","unknown","cold","restaurant",1,1,0,"morning"
48,410,108,302,"weekday","morning","travelling","freezing","grocery",0,1,0,"morning"
48,411,109,302,"weekday","afternoon","unknown","warm","grocery",0,1,0,"midday"
48,413,111,302,"weekday","lunch","leisure","unknown","grocery",0,1,0,"midday"
48,422,120,302,"weekend","latenight","unknown","unknown","restaurant",0,1,1,"night"
48,426,124,302,"weekday","afternoon","unknown","hot","grocery",1,1,1,"midday"
48,433,131,302,"weekday","lunch","travelling","unknown","restaurant",0,1,1,"midday"
48,435,133,302,"weekday","breakfast","morningrituals","warm","restaurant",0,1,1,"morning"
48,436,134,302,"weekday","lunch","travelling","warm","restaurant",0,1,1,"midday"
48,443,141,302,"weekday","beforelunch","travelling","freezing","restaurant",0,1,1,"midday"
48,444,142,302,"weekday","lunch","travelling","freezing","restaurant",0,1,1,"midday"
48,449,147,302,"weekday","unknown","travelling","warm","restaurant",1,1,1,"unknown"
48,459,157,302,"weekday","afternoon","leisure","unknown","restaurant",0,1,1,"midday"
48,463,161,302,"weekday","beforelunch","travelling","cold","grocery",1,1,1,"midday"
48,470,168,302,"weekday","beforelunch","unknown","freezing","restaurant",0,1,1,"midday"
48,471,169,302,"weekday","beforelunch","travelling","freezing","grocery",0,1,1,"midday"
48,473,171,302,"weekday","afternoon","travelling","cold","restaurant",0,1,1,"midday"
48,475,173,302,"weekday","lunch","travelling","cold","restaurant",1,1,1,"midday"
48,476,174,302,"weekend","lunch","working","freezing","grocery",0,1,1,"midday"
48,478,176,302,"weekday","night","shopping","freezing","grocery",0,1,1,"night"
48,480,178,302,"weekday","evening","leisure","cold","grocery",0,1,1,"night"
48,481,179,302,"weekday","morning","morningrituals","unknown","grocery",0,1,1,"morning"
49,323,9,314,"weekend","afternoon","unknown","hot","grocery",0,0,0,"midday"
49,326,12,314,"weekend","afternoon","travelling","unknown","restaurant",0,0,0,"midday"
49,330,16,314,"weekday","beforelunch","travelling","warm","restaurant",0,0,0,"midday"
49,339,25,314,"weekday","afternoon","unknown","freezing","grocery",1,0,0,"midday"
49,345,31,314,"weekday","beforelunch","travelling","freezing","restaurant",0,0,0,"midday"
49,346,32,314,"weekday","beforelunch","travelling","unknown","restaurant",1,0,0,"midday"
49,349,35,314,"weekday","afternoon","travelling","freezing","restaurant",0,0,0,"midday"
49,350,36,314,"weekday","afternoon","travelling","freezing","restaurant",1,0,0,"midday"
49,360,46,314,"weekday","lunch","travelling","warm","restaurant",1,0,0,"midday"
49,363,49,314,"weekday","dinner","morningrituals","warm","restaurant",0,0,0,"night"
49,364,50,314,"weekend","afternoon","unknown","freezing","restaurant",1,0,0,"midday"
49,368,54,314,"weekend","breakfast","working","cold","restaurant",0,0,0,"morning"
49,369,55,314,"weekday","breakfast","shopping","unknown","restaurant",0,0,0,"morning"
49,375,61,314,"weekday","afternoon","travelling","unknown","restaurant",1,1,0,"midday"
49,376,62,314,"weekday","lunch","unknown","cold","grocery",1,1,0,"midday"
49,377,63,314,"weekday","earlymorning","unknown","unknown","grocery",0,1,0,"morning"
49,379,65,314,"weekend","beforelunch","working","unknown","grocery",0,1,0,"midday"
49,386,72,314,"weekday","afternoon","unknown","warm","restaurant",1,1,0,"midday"
49,389,75,314,"weekday","breakfast","travelling","cold","grocery",0,1,0,"morning"
49,393,79,314,"weekday","latenight","travelling","warm","grocery",1,1,0,"night"
49,405,91,314,"weekend","morning","travelling","cold","restaurant",1,1,0,"morning"
49,410,96,314,"weekend","breakfast","leisure","warm","grocery",1,1,0,"morning"
49,411,97,314,"weekday","afternoon","travelling","cold","grocery",0,1,0,"midday"
49,424,110,314,"weekday","dinner","travelling","cold","grocery",0,1,0,"night"
49,427,113,314,"weekend","lunch","shopping","cold","grocery",1,1,1,"midday"
49,429,115,314,"weekday","breakfast","travelling","freezing","grocery",0,1,1,"morning"
49,431,117,314,"weekday","lunch","travelling","freezing","restaurant",0,1,1,"midday"
49,432,118,314,"weekday","dinner","leisure","unknown","grocery",0,1,1,"night"
49,448,134,314,"weekend","beforelunch","travelling","unknown","restaurant",0,1,1,"midday"
49,451,137,314,"weekday","lunch","unknown","cold","restaurant",0,1,1,"midday"
49,452,138,314,"weekend","evening","travelling","warm","restaurant",0,1,1,"night"
49,458,144,314,"weekday","afternoon","travelling","cold","grocery",0,1,1,"midday"
49,459,145,314,"weekend","lunch","travelling","hot","grocery",0,1,1,"midday"
49,462,148,314,"weekday","beforelunch","working","cold","grocery",0,1,1,"midday"
49,477,163,314,"weekend","lunch","unknown","warm","restaurant",0,1,1,"midday"
49,493,179,314,"weekend","dinner","leisure","cold","restaurant",1,1,1,"night"
49,494,180,314,"weekday","afternoon","working","warm","restaurant",1,1,1,"midday"
50,324,2,322,"weekday","afternoon","shopping","unknown","grocery",0,0,0,"midday"
50,327,5,322,"weekday","morning","shopping","freezing","restaurant",0,0,0,"morning"
50,340,18,322,"weekday","earlymorning","leisure","freezing","grocery",0,0,0,"morning"
50,349,27,322,"weekday","dinner","travelling","warm","restaurant",0,0,0,"night"
50,367,45,322,"weekday","breakfast","working","cold","restaurant",1,0,0,"morning"
50,400,78,322,"weekend","afternoon","travelling","unknown","restaurant",0,1,0,"midday"
50,402,80,322,"weekday","earlymorning","working","freezing","grocery",1,1,0,"morning"
50,405,83,322,"weekday","afternoon","working","cold","restaurant",1,1,0,"midday"
50,449,127,322,"weekend","beforelunch","unknown","cold","grocery",0,1,1,"midday"
50,450,128,322,"weekday","morning","travelling","freezing","grocery",0,1,1,"morning"
50,456,134,322,"weekday","afternoon","travelling","unknown","restaurant",0,1,1,"midday"
50,484,162,322,"weekday","morning","working","unknown","restaurant",0,1,1,"morning"
50,501,179,322,"weekday","beforelunch","unknown","cold","restaurant",0,1,1,"midday"
51,331,0,331,"weekday","morning","travelling","freezing","grocery",0,0,0,"morning"
51,333,2,331,"weekday","afternoon","leisure","warm","grocery",0,0,0,"midday"
51,335,4,331,"weekday","afternoon","travelling","cold","restaurant",0,0,0,"midday"
51,337,6,331,"weekday","beforelunch","unknown","unknown","restaurant",0,0,0,"midday"
51,340,9,331,"unknown","beforelunch","travelling","warm","grocery",0,0,0,"midday"
51,342,11,331,"weekend","breakfast","unknown","freezing","grocery",1,0,0,"morning"
51,345,14,331,"weekday","afternoon","working","unknown","grocery",1,0,0,"midday"
51,347,16,331,"weekday","beforelunch","leisure","freezing","grocery",0,0,0,"midday"
51,351,20,331,"weekday","afternoon","unknown","warm","grocery",0,0,0,"midday"
51,356,25,331,"weekend","breakfast","unknown","unknown","grocery",1,0,0,"morning"
51,357,26,331,"weekday","afternoon","travelling","cold","restaurant",0,0,0,"midday"
51,358,27,331,"weekday","dinner","working","freezing","restaurant",0,0,0,"night"
51,359,28,331,"weekday","morning","unknown","warm","grocery",1,0,0,"morning"
51,362,31,331,"weekend","afternoon","travelling","cold","grocery",0,0,0,"midday"
51,363,32,331,"weekend","morning","travelling","cold","restaurant",1,0,0,"morning"
51,365,34,331,"weekday","afternoon","travelling","warm","restaurant",0,0,0,"midday"
51,366,35,331,"weekday","afternoon","travelling","freezing","restaurant",0,0,0,"midday"
51,369,38,331,"weekday","afternoon","travelling","unknown","restaurant",1,0,0,"midday"
51,372,41,331,"weekend","dinner","working","warm","grocery",0,0,0,"night"
51,374,43,331,"weekend","beforelunch","travelling","hot","restaurant",0,0,0,"midday"
51,375,44,331,"weekday","afternoon","travelling","warm","restaurant",0,0,0,"midday"
51,378,47,331,"weekday","breakfast","travelling","cold","restaurant",0,0,0,"morning"
51,379,48,331,"weekday","afternoon","shopping","freezing","restaurant",1,0,0,"midday"
51,380,49,331,"weekday","afternoon","unknown","cold","restaurant",1,0,0,"midday"
51,382,51,331,"weekday","breakfast","travelling","unknown","restaurant",0,0,0,"morning"
51,384,53,331,"weekday","beforelunch","travelling","warm","restaurant",1,0,0,"midday"
51,385,54,331,"unknown","breakfast","unknown","unknown","restaurant",1,0,0,"morning"
51,386,55,331,"weekday","afternoon","unknown","warm","restaurant",0,0,0,"midday"
51,389,58,331,"weekday","morning","shopping","freezing","grocery",0,1,0,"morning"
51,390,59,331,"weekend","night","travelling","unknown","restaurant",1,1,0,"night"
51,395,64,331,"weekday","lunch","working","warm","restaurant",0,1,0,"midday"
51,398,67,331,"weekend","breakfast","shopping","cold","grocery",1,1,0,"morning"
51,399,68,331,"weekday","afternoon","shopping","warm","grocery",1,1,0,"midday"
51,402,71,331,"weekday","afternoon","unknown","unknown","restaurant",1,1,0,"midday"
51,406,75,331,"weekend","lunch","travelling","hot","restaurant",1,1,0,"midday"
51,408,77,331,"weekday","breakfast","travelling","hot","grocery",0,1,0,"morning"
51,411,80,331,"weekday","afternoon","travelling","unknown","grocery",0,1,0,"midday"
51,413,82,331,"weekend","beforelunch","travelling","cold","restaurant",1,1,0,"midday"
51,414,83,331,"weekday","beforelunch","travelling","freezing","grocery",1,1,0,"midday"
51,420,89,331,"weekday","afternoon","working","warm","grocery",1,1,0,"midday"
51,421,90,331,"weekday","lunch","travelling","cold","grocery",1,1,0,"midday"
51,423,92,331,"weekend","dinner","unknown","unknown","restaurant",0,1,0,"night"
51,424,93,331,"weekday","afternoon","working","cold","restaurant",0,1,0,"midday"
51,429,98,331,"weekend","lunch","leisure","unknown","restaurant",0,1,0,"midday"
51,430,99,331,"weekday","afternoon","shopping","warm","grocery",0,1,0,"midday"
51,431,100,331,"weekday","breakfast","travelling","cold","restaurant",0,1,0,"morning"
51,432,101,331,"weekend","evening","working","cold","restaurant",1,1,0,"night"
51,433,102,331,"weekend","dinner","travelling","freezing","grocery",0,1,0,"night"
51,437,106,331,"weekday","afternoon","travelling","hot","grocery",0,1,0,"midday"
51,440,109,331,"weekday","breakfast","travelling","warm","restaurant",0,1,0,"morning"
51,441,110,331,"weekday","afternoon","travelling","cold","grocery",0,1,0,"midday"
51,442,111,331,"weekend","afternoon","travelling","cold","grocery",1,1,0,"midday"
51,443,112,331,"weekend","afternoon","travelling","cold","grocery",0,1,0,"midday"
51,445,114,331,"weekday","lunch","travelling","warm","restaurant",0,1,1,"midday"
51,446,115,331,"weekday","afternoon","travelling","cold","restaurant",0,1,1,"midday"
51,448,117,331,"weekend","afternoon","unknown","cold","restaurant",0,1,1,"midday"
51,451,120,331,"weekday","lunch","travelling","unknown","grocery",0,1,1,"midday"
51,452,121,331,"weekday","afternoon","shopping","unknown","restaurant",1,1,1,"midday"
51,453,122,331,"weekday","earlymorning","travelling","warm","restaurant",0,1,1,"morning"
51,454,123,331,"weekday","afternoon","working","warm","restaurant",0,1,1,"midday"
51,455,124,331,"weekday","night","travelling","warm","grocery",0,1,1,"night"
51,457,126,331,"weekday","beforelunch","morningrituals","unknown","restaurant",1,1,1,"midday"
51,459,128,331,"weekend","lunch","unknown","unknown","grocery",0,1,1,"midday"
51,460,129,331,"weekday","breakfast","leisure","cold","grocery",1,1,1,"morning"
51,462,131,331,"weekday","lunch","travelling","cold","restaurant",1,1,1,"midday"
51,464,133,331,"weekend","lunch","travelling","cold","restaurant",0,1,1,"midday"
51,468,137,331,"weekend","afternoon","travelling","freezing","grocery",0,1,1,"midday"
51,469,138,331,"weekday","afternoon","travelling","unknown","grocery",0,1,1,"midday"
51,472,141,331,"weekend","afternoon","travelling","warm","grocery",0,1,1,"midday"
51,476,145,331,"weekday","lunch","travelling","hot","grocery",1,1,1,"midday"
51,477,146,331,"weekday","afternoon","travelling","freezing","restaurant",1,1,1,"midday"
51,480,149,331,"weekday","breakfast","travelling","warm","grocery",0,1,1,"morning"
51,481,150,331,"weekday","lunch","travelling","cold","restaurant",0,1,1,"midday"
51,490,159,331,"weekend","afternoon","morningrituals","hot","restaurant",1,1,1,"midday"
51,492,161,331,"weekday","afternoon","travelling","cold","restaurant",0,1,1,"midday"
51,494,163,331,"weekday","dinner","unknown","unknown","restaurant",0,1,1,"night"
51,495,164,331,"weekday","breakfast","working","cold","restaurant",0,1,1,"morning"
51,497,166,331,"weekday","afternoon","travelling","freezing","restaurant",1,1,1,"midday"
51,498,167,331,"weekday","lunch","travelling","freezing","grocery",1,1,1,"midday"
51,499,168,331,"weekday","beforelunch","unknown","hot","grocery",0,1,1,"midday"
51,509,178,331,"weekend","morning","travelling","warm","restaurant",0,1,1,"morning"
51,511,180,331,"weekday","morning","travelling","cold","restaurant",1,1,1,"morning"
51,513,182,331,"weekday","breakfast","travelling","freezing","grocery",0,1,1,"morning"
52,335,2,333,"weekend","dinner","unknown","hot","grocery",0,0,0,"night"
52,349,16,333,"weekday","lunch","morningrituals","hot","restaurant",0,0,0,"midday"
52,353,20,333,"weekday","evening","travelling","hot","restaurant",0,0,0,"night"
52,355,22,333,"weekday","afternoon","travelling","cold","grocery",0,0,0,"midday"
52,359,26,333,"weekday","afternoon","travelling","freezing","grocery",0,0,0,"midday"
52,362,29,333,"weekend","beforelunch","travelling","freezing","restaurant",0,0,0,"midday"
52,377,44,333,"weekday","beforelunch","travelling","cold","restaurant",0,0,0,"midday"
52,380,47,333,"weekend","lunch","travelling","warm","grocery",1,0,0,"midday"
52,390,57,333,"weekday","lunch","working","unknown","grocery",0,1,0,"midday"
52,395,62,333,"weekday","afternoon","morningrituals","hot","grocery",0,1,0,"midday"
52,397,64,333,"weekday","beforelunch","travelling","unknown","restaurant",0,1,0,"midday"
52,400,67,333,"weekday","lunch","travelling","hot","restaurant",0,1,0,"midday"
52,403,70,333,"weekday","beforelunch","leisure","warm","grocery",1,1,0,"midday"
52,404,71,333,"weekday","morning","travelling","freezing","grocery",0,1,0,"morning"
52,406,73,333,"weekday","afternoon","travelling","unknown","grocery",1,1,0,"midday"
52,425,92,333,"weekday","lunch","travelling","cold","grocery",0,1,0,"midday"
52,428,95,333,"weekday","beforelunch","unknown","unknown","grocery",0,1,0,"midday"
52,431,98,333,"weekday","afternoon","travelling","unknown","restaurant",0,1,0,"midday"
52,434,101,333,"weekend","afternoon","working","freezing","grocery",1,1,0,"midday"
52,435,102,333,"weekday","afternoon","travelling","cold","grocery",0,1,0,"midday"
52,440,107,333,"weekday","breakfast","unknown","freezing","restaurant",0,1,0,"morning"
52,448,115,333,"weekday","dinner","travelling","unknown","restaurant",1,1,1,"night"
52,449,116,333,"weekday","lunch","travelling","freezing","restaurant",0,1,1,"midday"
52,451,118,333,"weekend","afternoon","unknown","unknown","restaurant",1,1,1,"midday"
52,461,128,333,"weekday","lunch","unknown","freezing","restaurant",0,1,1,"midday"
52,469,136,333,"weekend","lunch","travelling","unknown","restaurant",1,1,1,"midday"
52,474,141,333,"weekday","unknown","leisure","unknown","grocery",1,1,1,"unknown"
52,479,146,333,"unknown","afternoon","working","cold","grocery",0,1,1,"midday"
52,480,147,333,"weekend","beforelunch","shopping","freezing","restaurant",0,1,1,"midday"
52,485,152,333,"weekday","lunch","workingout","cold","restaurant",0,1,1,"midday"
52,490,157,333,"weekday","lunch","leisure","freezing","grocery",0,1,1,"midday"
52,492,159,333,"weekend","lunch","travelling","unknown","restaurant",0,1,1,"midday"
52,498,165,333,"weekday","night","shopping","unknown","grocery",1,1,1,"night"
52,503,170,333,"weekday","lunch","travelling","warm","grocery",0,1,1,"midday"
52,513,180,333,"weekend","lunch","working","cold","restaurant",0,1,1,"midday"
53,339,2,337,"weekday","afternoon","leisure","warm","restaurant",1,0,0,"midday"
53,340,3,337,"weekday","afternoon","unknown","warm","grocery",0,0,0,"midday"
53,341,4,337,"weekday","lunch","working","freezing","restaurant",0,0,0,"midday"
53,344,7,337,"weekend","breakfast","unknown","cold","grocery",0,0,0,"morning"
53,353,16,337,"weekday","lunch","travelling","freezing","grocery",0,0,0,"midday"
53,356,19,337,"weekend","earlymorning","travelling","cold","grocery",0,0,0,"morning"
53,361,24,337,"weekend","lunch","travelling","unknown","restaurant",0,0,0,"midday"
53,368,31,337,"weekday","lunch","travelling","cold","grocery",0,0,0,"midday"
53,370,33,337,"weekend","morning","travelling","freezing","restaurant",0,0,0,"morning"
53,371,34,337,"weekday","lunch","unknown","cold","restaurant",0,0,0,"midday"
53,373,36,337,"weekday","afternoon","travelling","unknown","grocery",0,0,0,"midday"
53,377,40,337,"weekend","breakfast","shopping","warm","grocery",0,0,0,"morning"
53,380,43,337,"weekday","breakfast","travelling","warm","restaurant",0,0,0,"morning"
53,383,46,337,"weekday","beforelunch","travelling","cold","restaurant",0,0,0,"midday"
53,395,58,337,"weekday","lunch","travelling","cold","grocery",0,1,0,"midday"
53,397,60,337,"weekday","afternoon","leisure","unknown","grocery",0,1,0,"midday"
53,399,62,337,"weekday","morning","travelling","unknown","grocery",0,1,0,"morning"
53,402,65,337,"weekday","beforelunch","working","cold","grocery",1,1,0,"midday"
53,410,73,337,"weekday","beforelunch","unknown","freezing","grocery",1,1,0,"midday"
53,411,74,337,"weekday","afternoon","leisure","hot","restaurant",1,1,0,"midday"
53,415,78,337,"weekday","breakfast","unknown","warm","restaurant",0,1,0,"morning"
53,417,80,337,"weekday","afternoon","unknown","unknown","restaurant",0,1,0,"midday"
53,420,83,337,"weekday","afternoon","travelling","freezing","restaurant",0,1,0,"midday"
53,421,84,337,"weekday","breakfast","leisure","freezing","restaurant",0,1,0,"morning"
53,424,87,337,"weekday","unknown","leisure","freezing","grocery",0,1,0,"unknown"
53,429,92,337,"weekday","afternoon","shopping","unknown","grocery",1,1,0,"midday"
53,430,93,337,"weekday","earlymorning","travelling","warm","restaurant",0,1,0,"morning"
53,433,96,337,"weekend","afternoon","travelling","warm","restaurant",0,1,0,"midday"
53,435,98,337,"weekend","afternoon","unknown","warm","grocery",0,1,0,"midday"
53,436,99,337,"weekday","night","unknown","warm","grocery",1,1,0,"night"
53,440,103,337,"weekday","afternoon","travelling","unknown","grocery",0,1,0,"midday"
53,442,105,337,"weekday","lunch","leisure","cold","restaurant",0,1,0,"midday"
53,448,111,337,"weekday","afternoon","unknown","cold","grocery",0,1,0,"midday"
53,450,113,337,"weekday","beforelunch","unknown","freezing","restaurant",0,1,1,"midday"
53,451,114,337,"weekend","earlymorning","travelling","warm","grocery",0,1,1,"morning"
53,452,115,337,"weekday","afternoon","working","freezing","grocery",1,1,1,"midday"
53,453,116,337,"weekend","lunch","unknown","cold","grocery",0,1,1,"midday"
53,470,133,337,"weekday","breakfast","working","cold","restaurant",0,1,1,"morning"
53,478,141,337,"weekend","breakfast","working","warm","grocery",1,1,1,"morning"
53,483,146,337,"weekday","beforelunch","unknown","cold","grocery",1,1,1,"midday"
53,484,147,337,"weekday","beforelunch","travelling","cold","restaurant",0,1,1,"midday"
53,485,148,337,"weekday","beforelunch","travelling","freezing","restaurant",0,1,1,"midday"
53,488,151,337,"weekday","lunch","travelling","unknown","restaurant",0,1,1,"midday"
53,491,154,337,"weekday","lunch","working","freezing","restaurant",0,1,1,"midday"
53,492,155,337,"weekend","beforelunch","leisure","unknown","restaurant",1,1,1,"midday"
53,495,158,337,"weekday","afternoon","travelling","freezing","restaurant",1,1,1,"midday"
53,500,163,337,"weekday","breakfast","leisure","cold","restaurant",1,1,1,"morning"
53,504,167,337,"weekend","lunch","shopping","cold","restaurant",1,1,1,"midday"
53,515,178,337,"weekend","lunch","working","cold","restaurant",0,1,1,"midday"
53,516,179,337,"weekday","beforelunch","travelling","warm","restaurant",0,1,1,"midday"
53,517,180,337,"weekday","beforelunch","unknown","cold","grocery",0,1,1,"midday"
53,520,183,337,"weekday","lunch","travelling","cold","grocery",1,1,1,"midday"
54,345,2,343,"weekday","lunch","social","warm","grocery",0,0,0,"midday"
54,346,3,343,"weekend","beforelunch","travelling","cold","restaurant",1,0,0,"midday"
54,348,5,343,"weekday","afternoon","unknown","warm","grocery",0,0,0,"midday"
54,358,15,343,"weekday","lunch","unknown","cold","restaurant",1,0,0,"midday"
54,359,16,343,"weekday","lunch","travelling","cold","grocery",0,0,0,"midday"
54,360,17,343,"weekday","lunch","travelling","freezing","grocery",0,0,0,"midday"
54,363,20,343,"weekend","lunch","travelling","warm","grocery",0,0,0,"midday"
54,366,23,343,"weekday","afternoon","unknown","unknown","grocery",0,0,0,"midday"
54,380,37,343,"unknown","afternoon","unknown","freezing","restaurant",0,0,0,"midday"
54,392,49,343,"weekday","night","travelling","unknown","restaurant",0,0,0,"night"
54,411,68,343,"weekday","beforelunch","morningrituals","freezing","restaurant",0,1,0,"midday"
54,412,69,343,"weekday","afternoon","travelling","freezing","grocery",0,1,0,"midday"
54,413,70,343,"weekday","breakfast","travelling","hot","grocery",0,1,0,"morning"
54,417,74,343,"weekend","afternoon","shopping","unknown","restaurant",0,1,0,"midday"
54,421,78,343,"weekday","afternoon","unknown","cold","restaurant",0,1,0,"midday"
54,432,89,343,"weekday","lunch","unknown","hot","grocery",0,1,0,"midday"
54,449,106,343,"weekday","lunch","unknown","freezing","restaurant",0,1,0,"midday"
54,452,109,343,"weekend","breakfast","morningrituals","cold","grocery",1,1,0,"morning"
54,458,115,343,"weekend","afternoon","travelling","unknown","grocery",0,1,1,"midday"
54,466,123,343,"weekday","afternoon","travelling","warm","restaurant",0,1,1,"midday"
54,470,127,343,"weekend","dinner","travelling","cold","grocery",0,1,1,"night"
54,477,134,343,"weekday","lunch","morningrituals","unknown","grocery",0,1,1,"midday"
54,491,148,343,"weekday","dinner","travelling","unknown","restaurant",1,1,1,"night"
54,492,149,343,"weekday","afternoon","leisure","warm","grocery",0,1,1,"midday"
54,497,154,343,"weekday","afternoon","travelling","cold","restaurant",0,1,1,"midday"
54,501,158,343,"weekend","afternoon","unknown","cold","grocery",1,1,1,"midday"
54,519,176,343,"weekend","breakfast","travelling","freezing","restaurant",1,1,1,"morning"
55,375,22,353,"weekday","afternoon","travelling","unknown","restaurant",0,0,0,"midday"
55,385,32,353,"weekend","earlymorning","unknown","unknown","grocery",0,0,0,"morning"
55,389,36,353,"weekday","afternoon","travelling","cold","grocery",0,0,0,"midday"
55,391,38,353,"weekend","breakfast","travelling","freezing","grocery",0,0,0,"morning"
55,400,47,353,"weekday","dinner","unknown","freezing","grocery",0,0,0,"night"
55,404,51,353,"weekday","dinner","travelling","hot","grocery",1,0,0,"night"
55,408,55,353,"weekday","lunch","travelling","unknown","grocery",0,0,0,"midday"
55,414,61,353,"weekday","afternoon","unknown","unknown","grocery",1,1,0,"midday"
55,419,66,353,"weekday","lunch","unknown","freezing","grocery",1,1,0,"midday"
55,440,87,353,"weekend","lunch","travelling","hot","restaurant",1,1,0,"midday"
55,456,103,353,"weekday","morning","travelling","cold","restaurant",0,1,0,"morning"
55,457,104,353,"weekday","beforelunch","travelling","freezing","restaurant",0,1,0,"midday"
55,466,113,353,"weekday","afternoon","unknown","freezing","grocery",1,1,1,"midday"
55,469,116,353,"weekday","lunch","travelling","unknown","grocery",1,1,1,"midday"
55,472,119,353,"weekday","earlymorning","morningrituals","freezing","restaurant",1,1,1,"morning"
55,474,121,353,"weekday","beforelunch","unknown","unknown","restaurant",0,1,1,"midday"
55,485,132,353,"weekday","lunch","shopping","cold","grocery",0,1,1,"midday"
55,498,145,353,"weekday","afternoon","leisure","freezing","grocery",0,1,1,"midday"
55,501,148,353,"weekend","beforelunch","travelling","cold","grocery",0,1,1,"midday"
55,504,151,353,"weekday","beforelunch","travelling","cold","grocery",0,1,1,"midday"
55,511,158,353,"weekday","beforelunch","morningrituals","cold","grocery",1,1,1,"midday"
55,514,161,353,"weekday","lunch","travelling","unknown","restaurant",1,1,1,"midday"
55,521,168,353,"unknown","beforelunch","travelling","cold","grocery",0,1,1,"midday"
55,522,169,353,"weekday","breakfast","unknown","unknown","grocery",0,1,1,"morning"
55,532,179,353,"weekday","afternoon","travelling","unknown","grocery",1,1,1,"midday"
55,533,180,353,"weekday","afternoon","travelling","cold","grocery",0,1,1,"midday"
56,402,43,359,"weekday","breakfast","travelling","cold","restaurant",1,0,0,"morning"
56,481,122,359,"weekend","beforelunch","travelling","unknown","restaurant",0,1,1,"midday"
56,483,124,359,"weekday","unknown","travelling","cold","grocery",1,1,1,"unknown"
56,487,128,359,"weekend","breakfast","leisure","unknown","grocery",0,1,1,"morning"
56,522,163,359,"weekend","beforelunch","unknown","cold","restaurant",0,1,1,"midday"
56,527,168,359,"weekday","afternoon","unknown","cold","restaurant",1,1,1,"midday"
56,530,171,359,"weekday","lunch","travelling","freezing","grocery",0,1,1,"midday"
57,368,0,368,"weekday","afternoon","travelling","warm","restaurant",0,0,0,"midday"
57,369,1,368,"weekday","beforelunch","leisure","unknown","restaurant",0,0,0,"midday"
57,371,3,368,"weekend","afternoon","travelling","cold","grocery",0,0,0,"midday"
57,373,5,368,"weekday","morning","travelling","unknown","grocery",0,0,0,"morning"
57,374,6,368,"weekday","lunch","travelling","freezing","grocery",1,0,0,"midday"
57,379,11,368,"weekday","afternoon","unknown","cold","restaurant",0,0,0,"midday"
57,380,12,368,"weekday","evening","travelling","freezing","grocery",1,0,0,"night"
57,390,22,368,"weekday","afternoon","travelling","freezing","grocery",0,0,0,"midday"
57,392,24,368,"weekday","lunch","travelling","unknown","restaurant",0,0,0,"midday"
57,394,26,368,"weekday","afternoon","travelling","cold","restaurant",0,0,0,"midday"
57,395,27,368,"weekday","lunch","leisure","cold","grocery",1,0,0,"midday"
57,400,32,368,"weekday","beforelunch","working","cold","restaurant",0,0,0,"midday"
57,408,40,368,"weekend","afternoon","shopping","unknown","grocery",1,0,0,"midday"
57,412,44,368,"weekend","afternoon","housework","unknown","restaurant",0,0,0,"midday"
57,417,49,368,"weekday","breakfast","unknown","warm","restaurant",1,0,0,"morning"
57,419,51,368,"weekday","lunch","travelling","unknown","restaurant",0,0,0,"midday"
57,431,63,368,"weekday","lunch","travelling","cold","grocery",0,1,0,"midday"
57,434,66,368,"weekday","beforelunch","unknown","freezing","restaurant",0,1,0,"midday"
57,437,69,368,"weekday","beforelunch","travelling","warm","grocery",0,1,0,"midday"
57,442,74,368,"weekend","afternoon","travelling","cold","restaurant",0,1,0,"midday"
57,443,75,368,"weekday","beforelunch","travelling","unknown","grocery",0,1,0,"midday"
57,444,76,368,"weekday","night","travelling","freezing","grocery",0,1,0,"night"
57,449,81,368,"weekend","lunch","travelling","unknown","restaurant",0,1,0,"midday"
57,450,82,368,"weekday","lunch","travelling","freezing","grocery",0,1,0,"midday"
57,453,85,368,"weekend","lunch","travelling","cold","grocery",0,1,0,"midday"
57,456,88,368,"weekday","breakfast","travelling","warm","grocery",0,1,0,"morning"
57,458,90,368,"weekend","afternoon","travelling","cold","restaurant",0,1,0,"midday"
57,463,95,368,"weekday","dinner","travelling","cold","grocery",0,1,0,"night"
57,466,98,368,"weekend","breakfast","leisure","hot","restaurant",0,1,0,"morning"
57,471,103,368,"weekend","evening","travelling","warm","restaurant",0,1,0,"night"
57,472,104,368,"weekday","breakfast","unknown","cold","restaurant",0,1,0,"morning"
57,473,105,368,"weekday","afternoon","unknown","unknown","grocery",0,1,0,"midday"
57,478,110,368,"weekend","morning","travelling","hot","restaurant",1,1,0,"morning"
57,479,111,368,"weekday","afternoon","working","cold","grocery",0,1,0,"midday"
57,481,113,368,"weekday","lunch","travelling","cold","restaurant",0,1,1,"midday"
57,486,118,368,"weekend","afternoon","travelling","hot","grocery",0,1,1,"midday"
57,487,119,368,"weekday","breakfast","unknown","unknown","restaurant",0,1,1,"morning"
57,490,122,368,"weekday","afternoon","travelling","unknown","grocery",0,1,1,"midday"
57,494,126,368,"weekday","beforelunch","travelling","warm","grocery",0,1,1,"midday"
57,495,127,368,"weekday","beforelunch","shopping","unknown","restaurant",0,1,1,"midday"
57,498,130,368,"weekend","lunch","shopping","unknown","grocery",0,1,1,"midday"
57,499,131,368,"weekend","morning","travelling","warm","restaurant",1,1,1,"morning"
57,503,135,368,"weekend","afternoon","travelling","warm","restaurant",0,1,1,"midday"
57,507,139,368,"weekday","afternoon","travelling","warm","grocery",0,1,1,"midday"
57,509,141,368,"unknown","morning","travelling","cold","restaurant",0,1,1,"morning"
57,514,146,368,"weekday","beforelunch","morningrituals","cold","grocery",0,1,1,"midday"
57,519,151,368,"weekend","breakfast","unknown","unknown","grocery",0,1,1,"morning"
57,524,156,368,"weekday","afternoon","travelling","freezing","grocery",0,1,1,"midday"
57,526,158,368,"weekday","lunch","travelling","unknown","restaurant",1,1,1,"midday"
57,533,165,368,"weekend","lunch","unknown","cold","grocery",0,1,1,"midday"
57,538,170,368,"weekday","breakfast","unknown","warm","grocery",0,1,1,"morning"
57,549,181,368,"weekday","lunch","shopping","cold","grocery",1,1,1,"midday"
58,372,0,372,"weekday","dinner","working","warm","grocery",0,0,0,"night"
58,373,1,372,"weekend","lunch","travelling","freezing","restaurant",0,0,0,"midday"
58,374,2,372,"weekend","beforelunch","travelling","cold","grocery",0,0,0,"midday"
58,375,3,372,"weekday","unknown","working","unknown","grocery",1,0,0,"unknown"
58,376,4,372,"weekday","afternoon","travelling","hot","grocery",0,0,0,"midday"
58,380,8,372,"weekday","afternoon","travelling","unknown","grocery",0,0,0,"midday"
58,381,9,372,"weekday","afternoon","leisure","unknown","restaurant",1,0,0,"midday"
58,382,10,372,"weekday","lunch","unknown","unknown","grocery",1,0,0,"midday"
58,383,11,372,"weekday","night","leisure","cold","restaurant",0,0,0,"night"
58,384,12,372,"weekday","lunch","unknown","hot","grocery",0,0,0,"midday"
58,385,13,372,"weekday","lunch","travelling","warm","restaurant",0,0,0,"midday"
58,387,15,372,"weekday","beforelunch","travelling","hot","restaurant",0,0,0,"midday"
58,389,17,372,"weekday","afternoon","travelling","warm","restaurant",1,0,0,"midday"
58,390,18,372,"weekday","breakfast","travelling","unknown","grocery",1,0,0,"morning"
58,391,19,372,"weekday","afternoon","travelling","unknown","restaurant",0,0,0,"midday"
58,392,20,372,"weekend","lunch","morningrituals","freezing","grocery",1,0,0,"midday"
58,393,21,372,"weekday","afternoon","travelling","cold","restaurant",1,0,0,"midday"
58,394,22,372,"weekend","breakfast","travelling","warm","grocery",0,0,0,"morning"
58,395,23,372,"weekday","afternoon","unknown","unknown","restaurant",0,0,0,"midday"
58,396,24,372,"weekday","beforelunch","shopping","freezing","restaurant",1,0,0,"midday"
58,399,27,372,"weekday","lunch","travelling","cold","grocery",0,0,0,"midday"
58,400,28,372,"weekend","night","travelling","warm","grocery",0,0,0,"night"
58,401,29,372,"weekday","afternoon","working","freezing","grocery",1,0,0,"midday"
58,403,31,372,"weekday","lunch","travelling","freezing","restaurant",1,0,0,"midday"
58,404,32,372,"weekday","earlymorning","unknown","cold","restaurant",0,0,0,"morning"
58,407,35,372,"weekend","beforelunch","working","cold","grocery",1,0,0,"midday"
58,408,36,372,"weekend","beforelunch","travelling","cold","grocery",0,0,0,"midday"
58,409,37,372,"weekday","afternoon","travelling","freezing","grocery",0,0,0,"midday"
58,410,38,372,"weekday","beforelunch","travelling","cold","grocery",1,0,0,"midday"
58,411,39,372,"weekday","lunch","leisure","unknown","restaurant",0,0,0,"midday"
58,413,41,372,"weekday","lunch","travelling","cold","grocery",0,0,0,"midday"
58,414,42,372,"weekday","afternoon","unknown","cold","grocery",0,0,0,"midday"
58,415,43,372,"weekday","afternoon","shopping","warm","grocery",0,0,0,"midday"
58,416,44,372,"weekday","unknown","morningrituals","freezing","restaurant",0,0,0,"unknown"
58,417,45,372,"weekend","beforelunch","working","unknown","grocery",0,0,0,"midday"
58,418,46,372,"weekday","afternoon","shopping","freezing","grocery",0,0,0,"midday"
58,419,47,372,"weekday","evening","travelling","hot","grocery",0,0,0,"night"
58,420,48,372,"weekday","breakfast","unknown","freezing","grocery",0,0,0,"morning"
58,421,49,372,"weekday","lunch","unknown","cold","grocery",0,0,0,"midday"
58,422,50,372,"weekend","lunch","travelling","cold","restaurant",0,0,0,"midday"
58,427,55,372,"weekday","afternoon","travelling","cold","grocery",0,0,0,"midday"
58,428,56,372,"weekend","afternoon","shopping","cold","restaurant",0,0,0,"midday"
58,430,58,372,"weekday","afternoon","unknown","freezing","grocery",0,1,0,"midday"
58,432,60,372,"weekend","breakfast","leisure","hot","restaurant",0,1,0,"morning"
58,433,61,372,"weekend","breakfast","travelling","cold","restaurant",0,1,0,"morning"
58,436,64,372,"weekend","afternoon","unknown","freezing","restaurant",1,1,0,"midday"
58,437,65,372,"weekend","lunch","travelling","freezing","grocery",0,1,0,"midday"
58,438,66,372,"weekday","lunch","working","hot","restaurant",0,1,0,"midday"
58,440,68,372,"weekday","breakfast","travelling","unknown","grocery",1,1,0,"morning"
58,441,69,372,"weekday","breakfast","shopping","unknown","grocery",0,1,0,"morning"
58,443,71,372,"weekday","lunch","working","hot","grocery",0,1,0,"midday"
58,444,72,372,"weekday","beforelunch","travelling","freezing","grocery",0,1,0,"midday"
58,445,73,372,"weekday","afternoon","travelling","unknown","grocery",1,1,0,"midday"
58,447,75,372,"weekend","lunch","shopping","freezing","grocery",0,1,0,"midday"
58,449,77,372,"weekend","beforelunch","shopping","cold","restaurant",0,1,0,"midday"
58,450,78,372,"weekend","afternoon","unknown","warm","restaurant",0,1,0,"midday"
58,451,79,372,"weekday","afternoon","leisure","freezing","restaurant",0,1,0,"midday"
58,452,80,372,"weekday","lunch","travelling","freezing","grocery",1,1,0,"midday"
58,453,81,372,"weekend","lunch","shopping","cold","grocery",0,1,0,"midday"
58,456,84,372,"weekday","breakfast","travelling","cold","grocery",0,1,0,"morning"
58,458,86,372,"weekend","lunch","unknown","freezing","restaurant",1,1,0,"midday"
58,460,88,372,"weekday","evening","shopping","cold","grocery",0,1,0,"night"
58,461,89,372,"weekday","morning","travelling","freezing","grocery",1,1,0,"morning"
58,463,91,372,"weekday","lunch","unknown","warm","restaurant",0,1,0,"midday"
58,464,92,372,"weekday","dinner","travelling","hot","restaurant",0,1,0,"night"
58,465,93,372,"weekday","afternoon","working","warm","grocery",1,1,0,"midday"
58,466,94,372,"weekend","lunch","travelling","cold","grocery",1,1,0,"midday"
58,467,95,372,"weekday","afternoon","leisure","freezing","grocery",0,1,0,"midday"
58,468,96,372,"weekday","beforelunch","travelling","freezing","restaurant",0,1,0,"midday"
58,470,98,372,"weekday","breakfast","travelling","cold","grocery",1,1,0,"morning"
58,472,100,372,"weekday","afternoon","travelling","cold","restaurant",1,1,0,"midday"
58,473,101,372,"weekday","lunch","travelling","cold","restaurant",1,1,0,"midday"
58,474,102,372,"weekday","lunch","travelling","freezing","grocery",0,1,0,"midday"
58,475,103,372,"weekday","afternoon","shopping","unknown","grocery",0,1,0,"midday"
58,477,105,372,"weekday","afternoon","working","freezing","restaurant",0,1,0,"midday"
58,479,107,372,"weekday","lunch","travelling","freezing","restaurant",0,1,0,"midday"
58,480,108,372,"unknown","earlymorning","travelling","freezing","restaurant",1,1,0,"morning"
58,482,110,372,"weekday","night","working","warm","grocery",0,1,0,"night"
58,483,111,372,"weekday","beforelunch","travelling","unknown","grocery",0,1,0,"midday"
58,484,112,372,"weekday","breakfast","working","cold","grocery",0,1,0,"morning"
58,485,113,372,"weekday","lunch","unknown","cold","grocery",0,1,1,"midday"
58,487,115,372,"weekend","morning","unknown","warm","grocery",0,1,1,"morning"
58,488,116,372,"weekday","lunch","travelling","cold","restaurant",1,1,1,"midday"
58,490,118,372,"weekday","afternoon","travelling","cold","restaurant",0,1,1,"midday"
58,493,121,372,"weekday","beforelunch","travelling","cold","restaurant",0,1,1,"midday"
58,494,122,372,"weekday","afternoon","travelling","cold","grocery",0,1,1,"midday"
58,495,123,372,"weekday","lunch","travelling","hot","restaurant",1,1,1,"midday"
58,496,124,372,"weekday","breakfast","leisure","freezing","restaurant",0,1,1,"morning"
58,497,125,372,"weekday","unknown","travelling","warm","grocery",1,1,1,"unknown"
58,499,127,372,"weekday","lunch","travelling","freezing","restaurant",0,1,1,"midday"
58,501,129,372,"weekday","beforelunch","working","hot","grocery",0,1,1,"midday"
58,503,131,372,"weekday","afternoon","morningrituals","freezing","restaurant",1,1,1,"midday"
58,506,134,372,"weekday","beforelunch","shopping","freezing","grocery",1,1,1,"midday"
58,507,135,372,"weekday","lunch","travelling","freezing","restaurant",0,1,1,"midday"
58,509,137,372,"weekday","dinner","travelling","freezing","restaurant",0,1,1,"night"
58,511,139,372,"unknown","latenight","travelling","warm","grocery",0,1,1,"night"
58,513,141,372,"weekday","lunch","travelling","cold","grocery",1,1,1,"midday"
58,515,143,372,"weekday","afternoon","travelling","cold","grocery",1,1,1,"midday"
58,516,144,372,"weekday","beforelunch","unknown","warm","restaurant",1,1,1,"midday"
58,517,145,372,"weekday","breakfast","unknown","unknown","restaurant",1,1,1,"morning"
58,518,146,372,"weekday","lunch","travelling","cold","restaurant",0,1,1,"midday"
58,519,147,372,"weekday","afternoon","travelling","cold","grocery",0,1,1,"midday"
58,521,149,372,"weekday","morning","unknown","unknown","grocery",0,1,1,"morning"
58,522,150,372,"weekday","lunch","travelling","hot","restaurant",1,1,1,"midday"
58,523,151,372,"weekend","morning","unknown","freezing","restaurant",0,1,1,"morning"
58,526,154,372,"weekend","lunch","unknown","hot","restaurant",0,1,1,"midday"
58,527,155,372,"weekday","beforelunch","unknown","freezing","restaurant",0,1,1,"midday"
58,528,156,372,"weekday","afternoon","travelling","warm","restaurant",0,1,1,"midday"
58,529,157,372,"weekday","lunch","working","unknown","grocery",1,1,1,"midday"
58,530,158,372,"weekend","lunch","leisure","unknown","grocery",0,1,1,"midday"
58,532,160,372,"weekday","breakfast","working","freezing","grocery",1,1,1,"morning"
58,534,162,372,"weekday","morning","shopping","unknown","grocery",0,1,1,"morning"
58,535,163,372,"weekend","afternoon","travelling","warm","restaurant",0,1,1,"midday"
58,537,165,372,"weekend","lunch","unknown","unknown","grocery",0,1,1,"midday"
58,538,166,372,"weekday","morning","working","hot","restaurant",0,1,1,"morning"
58,539,167,372,"weekday","afternoon","morningrituals","warm","restaurant",0,1,1,"midday"
58,540,168,372,"weekend","lunch","shopping","freezing","grocery",1,1,1,"midday"
58,543,171,372,"weekday","afternoon","travelling","freezing","restaurant",0,1,1,"midday"
58,544,172,372,"weekday","lunch","travelling","cold","restaurant",1,1,1,"midday"
58,545,173,372,"weekday","night","unknown","freezing","restaurant",0,1,1,"night"
58,547,175,372,"weekday","lunch","travelling","cold","restaurant",0,1,1,"midday"
58,548,176,372,"weekday","afternoon","travelling","hot","restaurant",1,1,1,"midday"
58,552,180,372,"weekday","lunch","travelling","unknown","restaurant",0,1,1,"midday"
58,553,181,372,"weekday","lunch","travelling","warm","restaurant",1,1,1,"midday"
59,379,1,378,"weekend","afternoon","travelling","cold","restaurant",0,0,0,"midday"
59,381,3,378,"weekday","breakfast","travelling","freezing","grocery",0,0,0,"morning"
59,404,26,378,"weekday","afternoon","travelling","cold","restaurant",0,0,0,"midday"
59,408,30,378,"weekday","morning","travelling","unknown","restaurant",0,0,0,"morning"
59,415,37,378,"weekday","earlymorning","travelling","cold","grocery",0,0,0,"morning"
59,420,42,378,"weekday","lunch","travelling","warm","grocery",0,0,0,"midday"
59,421,43,378,"weekend","beforelunch","travelling","unknown","grocery",0,0,0,"midday"
59,424,46,378,"weekday","lunch","shopping","unknown","restaurant",0,0,0,"midday"
59,430,52,378,"weekday","lunch","morningrituals","warm","grocery",0,0,0,"midday"
59,431,53,378,"weekday","breakfast","morningrituals","cold","grocery",0,0,0,"morning"
59,432,54,378,"weekday","afternoon","travelling","cold","restaurant",0,0,0,"midday"
59,436,58,378,"weekday","dinner","travelling","cold","grocery",1,1,0,"night"
59,438,60,378,"weekend","afternoon","travelling","unknown","grocery",0,1,0,"midday"
59,439,61,378,"weekend","afternoon","working","cold","restaurant",0,1,0,"midday"
59,442,64,378,"weekday","lunch","morningrituals","hot","restaurant",1,1,0,"midday"
59,444,66,378,"weekday","lunch","travelling","freezing","restaurant",0,1,0,"midday"
59,448,70,378,"weekday","morning","travelling","cold","restaurant",1,1,0,"morning"
59,453,75,378,"weekday","afternoon","travelling","unknown","restaurant",0,1,0,"midday"
59,458,80,378,"weekday","lunch","travelling","warm","grocery",1,1,0,"midday"
59,461,83,378,"weekend","breakfast","shopping","warm","restaurant",0,1,0,"morning"
59,470,92,378,"weekday","dinner","travelling","freezing","restaurant",0,1,0,"night"
59,472,94,378,"weekend","dinner","travelling","unknown","grocery",0,1,0,"night"
59,489,111,378,"weekday","breakfast","travelling","cold","grocery",0,1,0,"morning"
59,496,118,378,"weekday","afternoon","travelling","hot","restaurant",0,1,1,"midday"
59,499,121,378,"weekday","unknown","unknown","warm","restaurant",0,1,1,"unknown"
59,501,123,378,"weekday","beforelunch","unknown","cold","grocery",1,1,1,"midday"
59,502,124,378,"weekday","morning","unknown","unknown","grocery",0,1,1,"morning"
59,512,134,378,"weekday","afternoon","travelling","cold","restaurant",0,1,1,"midday"
59,522,144,378,"weekday","afternoon","travelling","unknown","grocery",0,1,1,"midday"
59,523,145,378,"weekday","earlymorning","leisure","freezing","restaurant",1,1,1,"morning"
59,528,150,378,"weekend","lunch","unknown","freezing","restaurant",0,1,1,"midday"
59,535,157,378,"weekday","beforelunch","travelling","unknown","restaurant",0,1,1,"midday"
59,536,158,378,"weekday","morning","travelling","cold","grocery",0,1,1,"morning"
59,545,167,378,"weekday","unknown","leisure","unknown","restaurant",0,1,1,"unknown"
59,549,171,378,"weekday","lunch","travelling","unknown","restaurant",1,1,1,"midday"
59,552,174,378,"weekend","lunch","unknown","freezing","grocery",1,1,1,"midday"
59,561,183,378,"weekday","earlymorning","unknown","unknown","grocery",0,1,1,"morning"
60,381,2,379,"weekday","lunch","travelling","freezing","restaurant",1,0,0,"midday"
60,382,3,379,"weekday","afternoon","travelling","hot","grocery",0,0,0,"midday"
60,411,32,379,"weekday","afternoon","travelling","freezing","grocery",0,0,0,"midday"
60,444,65,379,"weekday","beforelunch","leisure","freezing","grocery",0,1,0,"midday"
60,457,78,379,"weekday","beforelunch","travelling","unknown","restaurant",0,1,0,"midday"
60,480,101,379,"weekend","beforelunch","working","cold","restaurant",0,1,0,"midday"
60,492,113,379,"weekend","beforelunch","unknown","hot","restaurant",1,1,1,"midday"
60,517,138,379,"unknown","latenight","travelling","unknown","grocery",1,1,1,"night"
60,536,157,379,"unknown","dinner","travelling","unknown","grocery",0,1,1,"night"
60,558,179,379,"weekend","lunch","unknown","cold","grocery",0,1,1,"midday"
61,392,1,391,"weekday","afternoon","travelling","freezing","grocery",0,0,0,"midday"
61,395,4,391,"weekday","beforelunch","working","unknown","grocery",0,0,0,"midday"
61,397,6,391,"weekend","lunch","unknown","warm","restaurant",0,0,0,"midday"
61,400,9,391,"weekday","afternoon","travelling","freezing","grocery",1,0,0,"midday"
61,403,12,391,"unknown","lunch","travelling","unknown","grocery",0,0,0,"midday"
61,407,16,391,"weekday","lunch","travelling","hot","restaurant",1,0,0,"midday"
61,410,19,391,"weekday","breakfast","unknown","cold","grocery",1,0,0,"morning"
61,414,23,391,"weekday","beforelunch","leisure","unknown","restaurant",1,0,0,"midday"
61,415,24,391,"weekend","night","travelling","freezing","restaurant",0,0,0,"night"
61,420,29,391,"weekday","lunch","travelling","warm","restaurant",0,0,0,"midday"
61,429,38,391,"weekday","afternoon","working","unknown","restaurant",0,0,0,"midday"
61,430,39,391,"weekday","afternoon","travelling","cold","grocery",1,0,0,"midday"
61,431,40,391,"weekday","lunch","travelling","cold","restaurant",1,0,0,"midday"
61,433,42,391,"weekday","beforelunch","travelling","freezing","restaurant",1,0,0,"midday"
61,434,43,391,"weekday","lunch","travelling","unknown","restaurant",1,0,0,"midday"
61,435,44,391,"weekend","afternoon","travelling","unknown","grocery",0,0,0,"midday"
61,444,53,391,"weekend","morning","travelling","unknown","restaurant",0,0,0,"morning"
61,452,61,391,"weekday","morning","travelling","freezing","restaurant",0,1,0,"morning"
61,454,63,391,"weekday","afternoon","shopping","warm","restaurant",1,1,0,"midday"
61,459,68,391,"weekday","afternoon","travelling","unknown","grocery",1,1,0,"midday"
61,467,76,391,"weekday","earlymorning","travelling","hot","grocery",1,1,0,"morning"
61,468,77,391,"weekday","unknown","unknown","cold","grocery",0,1,0,"unknown"
61,470,79,391,"weekday","afternoon","leisure","cold","grocery",1,1,0,"midday"
61,479,88,391,"weekday","breakfast","unknown","cold","restaurant",0,1,0,"morning"
61,482,91,391,"weekday","breakfast","unknown","cold","grocery",0,1,0,"morning"
61,484,93,391,"weekend","afternoon","travelling","unknown","restaurant",0,1,0,"midday"
61,485,94,391,"weekend","lunch","unknown","cold","grocery",1,1,0,"midday"
61,490,99,391,"weekday","afternoon","travelling","warm","grocery",0,1,0,"midday"
61,499,108,391,"weekday","breakfast","unknown","freezing","restaurant",1,1,0,"morning"
61,503,112,391,"weekend","beforelunch","travelling","freezing","restaurant",1,1,0,"midday"
61,504,113,391,"weekday","afternoon","unknown","warm","restaurant",0,1,1,"midday"
61,507,116,391,"weekend","earlymorning","working","freezing","grocery",1,1,1,"morning"
61,508,117,391,"weekday","lunch","travelling","cold","restaurant",0,1,1,"midday"
61,510,119,391,"weekday","lunch","travelling","hot","grocery",0,1,1,"midday"
61,512,121,391,"weekday","morning","unknown","cold","grocery",0,1,1,"morning"
61,513,122,391,"weekday","lunch","travelling","freezing","restaurant",0,1,1,"midday"
61,515,124,391,"weekend","afternoon","travelling","unknown","restaurant",0,1,1,"midday"
61,532,141,391,"weekday","lunch","travelling","freezing","grocery",1,1,1,"midday"
61,535,144,391,"weekend","afternoon","unknown","unknown","restaurant",0,1,1,"midday"
61,536,145,391,"weekend","morning","travelling","freezing","restaurant",0,1,1,"morning"
61,538,147,391,"weekday","beforelunch","travelling","cold","grocery",1,1,1,"midday"
61,541,150,391,"weekend","unknown","travelling","unknown","grocery",1,1,1,"unknown"
61,547,156,391,"weekend","afternoon","shopping","warm","grocery",0,1,1,"midday"
61,555,164,391,"weekday","breakfast","unknown","freezing","restaurant",0,1,1,"morning"
61,556,165,391,"weekday","beforelunch","travelling","cold","restaurant",0,1,1,"midday"
61,560,169,391,"weekday","beforelunch","travelling","cold","restaurant",1,1,1,"midday"
61,561,170,391,"weekday","afternoon","travelling","cold","restaurant",0,1,1,"midday"
61,567,176,391,"weekday","morning","travelling","hot","restaurant",1,1,1,"morning"
61,568,177,391,"weekday","lunch","travelling","unknown","restaurant",0,1,1,"midday"
61,569,178,391,"weekday","evening","unknown","cold","grocery",1,1,1,"night"
62,399,0,399,"weekday","breakfast","travelling","warm","grocery",0,0,0,"morning"
62,401,2,399,"weekend","breakfast","shopping","freezing","grocery",0,0,0,"morning"
62,405,6,399,"weekend","lunch","travelling","unknown","restaurant",0,0,0,"midday"
62,407,8,399,"weekday","breakfast","unknown","unknown","restaurant",0,0,0,"morning"
62,408,9,399,"weekend","beforelunch","working","warm","grocery",1,0,0,"midday"
62,419,20,399,"weekday","lunch","travelling","freezing","grocery",1,0,0,"midday"
62,426,27,399,"weekday","beforelunch","travelling","cold","restaurant",0,0,0,"midday"
62,431,32,399,"weekday","breakfast","unknown","unknown","restaurant",0,0,0,"morning"
62,434,35,399,"weekend","beforelunch","travelling","unknown","grocery",1,0,0,"midday"
62,436,37,399,"weekend","afternoon","working","unknown","grocery",0,0,0,"midday"
62,440,41,399,"weekday","beforelunch","travelling","cold","grocery",0,0,0,"midday"
62,444,45,399,"weekday","breakfast","travelling","unknown","restaurant",0,0,0,"morning"
62,466,67,399,"weekday","lunch","leisure","hot","grocery",0,1,0,"midday"
62,476,77,399,"weekday","morning","travelling","unknown","grocery",0,1,0,"morning"
62,496,97,399,"weekday","lunch","travelling","freezing","grocery",0,1,0,"midday"
62,500,101,399,"weekday","night","morningrituals","cold","restaurant",0,1,0,"night"
62,506,107,399,"weekday","evening","working","freezing","restaurant",0,1,0,"night"
62,521,122,399,"weekday","lunch","working","cold","restaurant",0,1,1,"midday"
62,522,123,399,"weekday","beforelunch","shopping","cold","restaurant",0,1,1,"midday"
62,524,125,399,"weekday","lunch","travelling","unknown","grocery",0,1,1,"midday"
62,551,152,399,"weekday","beforelunch","travelling","warm","restaurant",0,1,1,"midday"
62,554,155,399,"weekday","beforelunch","unknown","freezing","restaurant",0,1,1,"midday"
62,560,161,399,"weekday","afternoon","travelling","unknown","restaurant",1,1,1,"midday"
62,561,162,399,"weekend","afternoon","travelling","freezing","grocery",0,1,1,"midday"
62,565,166,399,"weekday","morning","social","cold","grocery",0,1,1,"morning"
62,566,167,399,"weekday","beforelunch","travelling","warm","grocery",1,1,1,"midday"
62,568,169,399,"unknown","breakfast","unknown","freezing","grocery",1,1,1,"morning"
62,576,177,399,"weekday","afternoon","shopping","unknown","restaurant",0,1,1,"midday"
62,582,183,399,"weekend","afternoon","travelling","freezing","grocery",0,1,1,"midday"
63,407,1,406,"weekday","afternoon","travelling","freezing","grocery",0,0,0,"midday"
63,408,2,406,"weekday","afternoon","unknown","unknown","grocery",0,0,0,"midday"
63,412,6,406,"weekday","breakfast","travelling","cold","grocery",0,0,0,"morning"
63,413,7,406,"weekday","lunch","working","freezing","restaurant",1,0,0,"midday"
63,414,8,406,"weekend","afternoon","leisure","unknown","restaurant",0,0,0,"midday"
63,416,10,406,"weekday","afternoon","unknown","cold","restaurant",0,0,0,"midday"
63,417,11,406,"weekday","afternoon","leisure","cold","grocery",1,0,0,"midday"
63,420,14,406,"weekday","breakfast","travelling","unknown","grocery",0,0,0,"morning"
63,422,16,406,"weekend","beforelunch","shopping","warm","restaurant",0,0,0,"midday"
63,424,18,406,"weekday","breakfast","leisure","freezing","restaurant",0,0,0,"morning"
63,426,20,406,"weekday","breakfast","travelling","hot","restaurant",0,0,0,"morning"
63,427,21,406,"weekday","morning","travelling","freezing","restaurant",1,0,0,"morning"
63,428,22,406,"weekday","beforelunch","travelling","hot","grocery",0,0,0,"midday"
63,429,23,406,"weekday","latenight","travelling","unknown","grocery",1,0,0,"night"
63,430,24,406,"weekday","morning","leisure","hot","grocery",0,0,0,"morning"
63,431,25,406,"weekday","afternoon","travelling","unknown","restaurant",1,0,0,"midday"
63,432,26,406,"weekend","lunch","travelling","cold","grocery",0,0,0,"midday"
63,433,27,406,"weekend","lunch","travelling","warm","restaurant",0,0,0,"midday"
63,434,28,406,"weekday","lunch","unknown","freezing","restaurant",1,0,0,"midday"
63,436,30,406,"weekday","afternoon","unknown","warm","grocery",0,0,0,"midday"
63,437,31,406,"weekend","morning","leisure","unknown","restaurant",0,0,0,"morning"
63,438,32,406,"weekday","morning","travelling","freezing","grocery",0,0,0,"morning"
63,440,34,406,"weekday","afternoon","shopping","cold","grocery",0,0,0,"midday"
63,441,35,406,"weekend","morning","leisure","unknown","grocery",0,0,0,"morning"
63,442,36,406,"weekend","earlymorning","working","freezing","restaurant",0,0,0,"morning"
63,444,38,406,"weekday","lunch","working","cold","restaurant",0,0,0,"midday"
63,446,40,406,"weekday","breakfast","unknown","warm","restaurant",0,0,0,"morning"
63,448,42,406,"weekend","afternoon","working","cold","grocery",1,0,0,"midday"
63,449,43,406,"weekday","beforelunch","working","freezing","grocery",0,0,0,"midday"
63,450,44,406,"weekday","afternoon","unknown","hot","grocery",1,0,0,"midday"
63,451,45,406,"weekday","afternoon","unknown","warm","grocery",1,0,0,"midday"
63,453,47,406,"weekday","lunch","travelling","warm","restaurant",0,0,0,"midday"
63,455,49,406,"weekend","morning","travelling","cold","grocery",0,0,0,"morning"
63,457,51,406,"weekday","earlymorning","travelling","cold","grocery",0,0,0,"morning"
63,458,52,406,"weekday","lunch","travelling","warm","grocery",0,0,0,"midday"
63,459,53,406,"weekend","lunch","unknown","cold","restaurant",0,0,0,"midday"
63,460,54,406,"weekday","unknown","travelling","freezing","restaurant",0,0,0,"unknown"
63,461,55,406,"weekday","breakfast","travelling","freezing","restaurant",1,0,0,"morning"
63,462,56,406,"weekend","night","travelling","hot","grocery",0,0,0,"night"
63,463,57,406,"weekday","earlymorning","shopping","cold","grocery",0,1,0,"morning"
63,464,58,406,"weekday","lunch","unknown","unknown","grocery",0,1,0,"midday"
63,465,59,406,"weekday","breakfast","unknown","unknown","grocery",0,1,0,"morning"
63,466,60,406,"weekday","afternoon","travelling","warm","grocery",1,1,0,"midday"
63,468,62,406,"weekday","earlymorning","travelling","freezing","restaurant",0,1,0,"morning"
63,469,63,406,"weekday","breakfast","unknown","cold","grocery",0,1,0,"morning"
63,473,67,406,"weekday","lunch","shopping","hot","grocery",0,1,0,"midday"
63,474,68,406,"weekday","afternoon","travelling","hot","grocery",1,1,0,"midday"
63,476,70,406,"weekday","lunch","travelling","unknown","restaurant",1,1,0,"midday"
63,477,71,406,"weekday","afternoon","unknown","warm","grocery",0,1,0,"midday"
63,478,72,406,"weekday","afternoon","travelling","warm","grocery",1,1,0,"midday"
63,481,75,406,"weekday","afternoon","travelling","freezing","restaurant",0,1,0,"midday"
63,483,77,406,"weekday","breakfast","travelling","cold","grocery",0,1,0,"morning"
63,484,78,406,"weekend","afternoon","working","unknown","grocery",0,1,0,"midday"
63,486,80,406,"weekday","beforelunch","travelling","cold","grocery",0,1,0,"midday"
63,487,81,406,"weekday","beforelunch","unknown","cold","grocery",0,1,0,"midday"
63,488,82,406,"weekday","beforelunch","working","cold","restaurant",0,1,0,"midday"
63,492,86,406,"weekday","afternoon","travelling","unknown","grocery",0,1,0,"midday"
63,493,87,406,"weekday","beforelunch","travelling","unknown","grocery",0,1,0,"midday"
63,497,91,406,"weekday","afternoon","travelling","freezing","grocery",0,1,0,"midday"
63,499,93,406,"weekday","morning","travelling","unknown","grocery",0,1,0,"morning"
63,500,94,406,"unknown","breakfast","travelling","hot","restaurant",0,1,0,"morning"
63,501,95,406,"weekday","lunch","travelling","hot","grocery",0,1,0,"midday"
63,504,98,406,"weekday","beforelunch","morningrituals","warm","restaurant",0,1,0,"midday"
63,505,99,406,"weekday","dinner","working","unknown","grocery",1,1,0,"night"
63,506,100,406,"weekday","afternoon","travelling","unknown","grocery",0,1,0,"midday"
63,508,102,406,"weekday","lunch","travelling","hot","restaurant",0,1,0,"midday"
63,509,103,406,"weekday","lunch","leisure","freezing","restaurant",0,1,0,"midday"
63,510,104,406,"weekday","afternoon","unknown","hot","restaurant",0,1,0,"midday"
63,511,105,406,"weekday","breakfast","working","cold","grocery",0,1,0,"morning"
63,512,106,406,"weekday","dinner","unknown","cold","restaurant",1,1,0,"night"
63,515,109,406,"weekend","afternoon","leisure","cold","restaurant",1,1,0,"midday"
63,517,111,406,"weekend","afternoon","travelling","cold","restaurant",0,1,0,"midday"
63,518,112,406,"weekday","afternoon","travelling","freezing","restaurant",1,1,0,"midday"
63,519,113,406,"weekend","breakfast","shopping","warm","restaurant",1,1,1,"morning"
63,520,114,406,"weekday","afternoon","travelling","cold","restaurant",0,1,1,"midday"
63,521,115,406,"weekend","beforelunch","travelling","unknown","restaurant",0,1,1,"midday"
63,522,116,406,"weekend","lunch","unknown","warm","restaurant",0,1,1,"midday"
63,523,117,406,"weekend","lunch","unknown","warm","grocery",0,1,1,"midday"
63,524,118,406,"weekday","lunch","travelling","cold","grocery",0,1,1,"midday"
63,525,119,406,"weekday","beforelunch","travelling","freezing","restaurant",0,1,1,"midday"
63,526,120,406,"weekday","afternoon","travelling","hot","restaurant",0,1,1,"midday"
63,528,122,406,"weekday","lunch","leisure","cold","restaurant",0,1,1,"midday"
63,529,123,406,"weekday","beforelunch","shopping","cold","restaurant",0,1,1,"midday"
63,530,124,406,"weekday","unknown","travelling","hot","grocery",0,1,1,"unknown"
63,533,127,406,"weekday","lunch","leisure","unknown","restaurant",0,1,1,"midday"
63,534,128,406,"weekday","afternoon","travelling","warm","grocery",1,1,1,"midday"
63,536,130,406,"weekday","afternoon","travelling","unknown","grocery",0,1,1,"midday"
63,537,131,406,"weekend","afternoon","travelling","warm","restaurant",0,1,1,"midday"
63,538,132,406,"weekday","breakfast","working","freezing","grocery",1,1,1,"morning"
63,540,134,406,"weekday","lunch","travelling","cold","restaurant",0,1,1,"midday"
63,541,135,406,"weekend","lunch","shopping","cold","restaurant",1,1,1,"midday"
63,543,137,406,"weekday","afternoon","travelling","cold","grocery",0,1,1,"midday"
63,544,138,406,"weekday","beforelunch","travelling","freezing","grocery",1,1,1,"midday"
63,546,140,406,"weekend","afternoon","travelling","freezing","restaurant",0,1,1,"midday"
63,547,141,406,"weekend","beforelunch","travelling","cold","restaurant",0,1,1,"midday"
63,548,142,406,"weekend","morning","working","cold","restaurant",0,1,1,"morning"
63,551,145,406,"weekday","afternoon","unknown","cold","restaurant",1,1,1,"midday"
63,552,146,406,"weekday","lunch","travelling","hot","grocery",0,1,1,"midday"
63,553,147,406,"weekend","afternoon","travelling","warm","restaurant",0,1,1,"midday"
63,554,148,406,"weekend","breakfast","unknown","unknown","grocery",0,1,1,"morning"
63,556,150,406,"weekday","breakfast","travelling","cold","grocery",0,1,1,"morning"
63,557,151,406,"weekend","afternoon","working","unknown","grocery",1,1,1,"midday"
63,558,152,406,"weekday","breakfast","travelling","warm","restaurant",1,1,1,"morning"
63,559,153,406,"weekend","morning","travelling","cold","grocery",1,1,1,"morning"
63,561,155,406,"weekend","morning","morningrituals","warm","restaurant",0,1,1,"morning"
63,563,157,406,"weekday","breakfast","unknown","warm","grocery",0,1,1,"morning"
63,564,158,406,"weekend","beforelunch","unknown","unknown","grocery",0,1,1,"midday"
63,565,159,406,"weekday","lunch","unknown","warm","restaurant",0,1,1,"midday"
63,566,160,406,"weekday","lunch","travelling","hot","grocery",0,1,1,"midday"
63,567,161,406,"weekday","breakfast","working","unknown","restaurant",0,1,1,"morning"
63,568,162,406,"weekday","afternoon","housework","warm","grocery",1,1,1,"midday"
63,569,163,406,"weekday","lunch","unknown","freezing","restaurant",0,1,1,"midday"
63,570,164,406,"weekend","lunch","working","unknown","grocery",1,1,1,"midday"
63,571,165,406,"weekday","lunch","shopping","unknown","restaurant",1,1,1,"midday"
63,572,166,406,"weekday","afternoon","shopping","cold","restaurant",1,1,1,"midday"
63,573,167,406,"weekday","morning","leisure","warm","grocery",1,1,1,"morning"
63,574,168,406,"weekday","lunch","travelling","hot","restaurant",0,1,1,"midday"
63,575,169,406,"weekday","lunch","travelling","hot","grocery",0,1,1,"midday"
63,579,173,406,"weekday","lunch","travelling","freezing","grocery",1,1,1,"midday"
63,581,175,406,"weekend","lunch","travelling","cold","grocery",0,1,1,"midday"
63,582,176,406,"weekend","breakfast","working","cold","restaurant",1,1,1,"morning"
63,583,177,406,"weekday","lunch","leisure","unknown","grocery",0,1,1,"midday"
63,585,179,406,"weekday","night","travelling","hot","restaurant",1,1,1,"night"
63,587,181,406,"weekday","lunch","travelling","unknown","restaurant",1,1,1,"midday"
63,588,182,406,"unknown","beforelunch","unknown","unknown","grocery",0,1,1,"midday"
63,589,183,406,"weekday","lunch","travelling","freezing","grocery",1,1,1,"midday"
64,423,8,415,"weekday","morning","morningrituals","cold","grocery",1,0,0,"morning"
64,427,12,415,"weekday","afternoon","working","unknown","restaurant",0,0,0,"midday"
64,432,17,415,"weekday","evening","leisure","freezing","grocery",0,0,0,"night"
64,438,23,415,"weekday","afternoon","travelling","cold","restaurant",0,0,0,"midday"
64,439,24,415,"weekday","afternoon","travelling","cold","restaurant",1,0,0,"midday"
64,448,33,415,"weekday","lunch","travelling","cold","grocery",1,0,0,"midday"
64,451,36,415,"weekday","beforelunch","morningrituals","hot","grocery",0,0,0,"midday"
64,453,38,415,"weekday","breakfast","unknown","unknown","grocery",0,0,0,"morning"
64,456,41,415,"weekend","afternoon","unknown","freezing","grocery",0,0,0,"midday"
64,463,48,415,"weekday","afternoon","travelling","unknown","grocery",0,0,0,"midday"
64,465,50,415,"weekday","unknown","travelling","cold","restaurant",1,0,0,"unknown"
64,470,55,415,"weekday","lunch","travelling","unknown","grocery",0,0,0,"midday"
64,474,59,415,"weekday","afternoon","travelling","cold","restaurant",0,1,0,"midday"
64,475,60,415,"weekend","afternoon","travelling","warm","grocery",1,1,0,"midday"
64,477,62,415,"weekday","beforelunch","working","cold","restaurant",0,1,0,"midday"
64,481,66,415,"weekday","afternoon","travelling","freezing","restaurant",0,1,0,"midday"
64,482,67,415,"weekday","afternoon","travelling","cold","grocery",0,1,0,"midday"
64,483,68,415,"weekday","beforelunch","travelling","cold","grocery",1,1,0,"midday"
64,494,79,415,"weekday","lunch","travelling","cold","grocery",1,1,0,"midday"
64,506,91,415,"weekday","lunch","shopping","freezing","grocery",0,1,0,"midday"
64,509,94,415,"weekday","lunch","leisure","warm","restaurant",0,1,0,"midday"
64,510,95,415,"weekend","afternoon","unknown","cold","grocery",0,1,0,"midday"
64,512,97,415,"weekday","breakfast","travelling","hot","grocery",0,1,0,"morning"
64,527,112,415,"weekday","afternoon","unknown","freezing","restaurant",0,1,0,"midday"
64,529,114,415,"weekend","beforelunch","shopping","cold","grocery",0,1,1,"midday"
64,531,116,415,"weekend","beforelunch","unknown","freezing","restaurant",1,1,1,"midday"
64,537,122,415,"weekday","evening","travelling","cold","restaurant",1,1,1,"night"
64,538,123,415,"weekend","breakfast","travelling","cold","restaurant",0,1,1,"morning"
64,543,128,415,"weekend","dinner","travelling","freezing","restaurant",0,1,1,"night"
64,552,137,415,"weekday","lunch","travelling","freezing","restaurant",1,1,1,"midday"
64,561,146,415,"weekday","afternoon","working","unknown","restaurant",1,1,1,"midday"
64,564,149,415,"weekday","afternoon","travelling","unknown","restaurant",0,1,1,"midday"
64,565,150,415,"unknown","afternoon","travelling","cold","restaurant",0,1,1,"midday"
64,578,163,415,"weekend","night","travelling","cold","grocery",1,1,1,"night"
64,581,166,415,"weekday","lunch","travelling","cold","grocery",0,1,1,"midday"
64,583,168,415,"weekday","night","unknown","warm","grocery",0,1,1,"night"
64,584,169,415,"weekday","lunch","travelling","unknown","grocery",0,1,1,"midday"
64,591,176,415,"weekday","lunch","travelling","freezing","grocery",0,1,1,"midday"
64,594,179,415,"weekday","beforelunch","working","cold","restaurant",1,1,1,"midday"
65,426,8,418,"weekday","latenight","travelling","cold","grocery",0,0,0,"night"
65,430,12,418,"weekday","morning","travelling","freezing","grocery",0,0,0,"morning"
65,431,13,418,"weekend","dinner","travelling","freezing","grocery",0,0,0,"night"
65,433,15,418,"weekday","afternoon","travelling","cold","restaurant",1,0,0,"midday"
65,435,17,418,"weekday","beforelunch","travelling","cold","restaurant",0,0,0,"midday"
65,443,25,418,"weekday","night","travelling","cold","grocery",1,0,0,"night"
65,446,28,418,"weekday","beforelunch","travelling","freezing","grocery",0,0,0,"midday"
65,449,31,418,"weekday","beforelunch","unknown","cold","grocery",0,0,0,"midday"
65,454,36,418,"weekday","afternoon","travelling","freezing","restaurant",0,0,0,"midday"
65,455,37,418,"weekday","beforelunch","travelling","cold","grocery",0,0,0,"midday"
65,456,38,418,"weekend","afternoon","travelling","cold","grocery",1,0,0,"midday"
65,457,39,418,"weekday","breakfast","travelling","unknown","grocery",0,0,0,"morning"
65,459,41,418,"weekend","beforelunch","unknown","freezing","restaurant",1,0,0,"midday"
65,461,43,418,"weekday","night","travelling","warm","grocery",1,0,0,"night"
65,462,44,418,"weekday","afternoon","leisure","cold","grocery",0,0,0,"midday"
65,463,45,418,"weekday","afternoon","working","cold","grocery",1,0,0,"midday"
65,466,48,418,"weekday","beforelunch","shopping","warm","grocery",0,0,0,"midday"
65,467,49,418,"weekday","beforelunch","travelling","hot","restaurant",0,0,0,"midday"
65,471,53,418,"weekday","afternoon","travelling","warm","grocery",0,0,0,"midday"
65,473,55,418,"weekend","afternoon","morningrituals","unknown","grocery",0,0,0,"midday"
65,476,58,418,"weekday","afternoon","unknown","cold","restaurant",0,1,0,"midday"
65,481,63,418,"weekday","afternoon","travelling","unknown","grocery",1,1,0,"midday"
65,488,70,418,"weekday","afternoon","travelling","cold","grocery",1,1,0,"midday"
65,493,75,418,"weekend","lunch","travelling","freezing","grocery",1,1,0,"midday"
65,496,78,418,"weekday","afternoon","travelling","unknown","restaurant",0,1,0,"midday"
65,500,82,418,"weekend","afternoon","travelling","warm","grocery",0,1,0,"midday"
65,503,85,418,"weekday","afternoon","travelling","hot","restaurant",0,1,0,"midday"
65,508,90,418,"weekday","afternoon","travelling","unknown","grocery",0,1,0,"midday"
65,511,93,418,"weekday","lunch","travelling","freezing","grocery",0,1,0,"midday"
65,513,95,418,"weekday","afternoon","travelling","freezing","grocery",0,1,0,"midday"
65,520,102,418,"weekday","beforelunch","unknown","freezing","restaurant",0,1,0,"midday"
65,522,104,418,"weekend","lunch","travelling","cold","grocery",1,1,0,"midday"
65,527,109,418,"weekend","beforelunch","unknown","hot","restaurant",1,1,0,"midday"
65,530,112,418,"weekend","breakfast","travelling","hot","grocery",0,1,0,"morning"
65,532,114,418,"weekend","afternoon","unknown","warm","restaurant",0,1,1,"midday"
65,536,118,418,"weekday","lunch","housework","hot","restaurant",0,1,1,"midday"
65,538,120,418,"weekday","lunch","leisure","warm","restaurant",0,1,1,"midday"
65,539,121,418,"weekday","afternoon","unknown","cold","grocery",0,1,1,"midday"
65,540,122,418,"weekday","morning","morningrituals","cold","restaurant",1,1,1,"morning"
65,541,123,418,"weekday","earlymorning","leisure","freezing","restaurant",0,1,1,"morning"
65,549,131,418,"weekday","afternoon","travelling","cold","grocery",1,1,1,"midday"
65,551,133,418,"weekday","afternoon","travelling","cold","restaurant",0,1,1,"midday"
65,557,139,418,"weekday","breakfast","travelling","cold","restaurant",0,1,1,"morning"
65,561,143,418,"weekday","afternoon","travelling","cold","restaurant",0,1,1,"midday"
65,572,154,418,"weekday","afternoon","travelling","cold","grocery",0,1,1,"midday"
65,573,155,418,"weekday","afternoon","travelling","freezing","grocery",1,1,1,"midday"
65,577,159,418,"weekend","morning","unknown","warm","grocery",0,1,1,"morning"
65,578,160,418,"weekday","dinner","morningrituals","unknown","grocery",0,1,1,"night"
65,583,165,418,"weekend","lunch","travelling","cold","restaurant",1,1,1,"midday"
65,591,173,418,"weekday","evening","shopping","cold","restaurant",1,1,1,"night"
65,596,178,418,"weekend","breakfast","travelling","cold","restaurant",0,1,1,"morning"
65,599,181,418,"weekday","unknown","working","unknown","grocery",1,1,1,"unknown"
66,423,0,423,"weekday","breakfast","unknown","freezing","grocery",1,0,0,"morning"
66,435,12,423,"weekday","night","working","hot","grocery",0,0,0,"night"
66,439,16,423,"weekday","afternoon","unknown","cold","grocery",0,0,0,"midday"
66,447,24,423,"weekend","beforelunch","working","freezing","restaurant",0,0,0,"midday"
66,462,39,423,"weekday","afternoon","unknown","hot","grocery",0,0,0,"midday"
66,471,48,423,"weekday","afternoon","travelling","freezing","grocery",1,0,0,"midday"
66,473,50,423,"weekend","beforelunch","travelling","freezing","restaurant",0,0,0,"midday"
66,477,54,423,"weekday","breakfast","travelling","freezing","restaurant",1,0,0,"morning"
66,490,67,423,"weekday","morning","travelling","cold","grocery",0,1,0,"morning"
66,503,80,423,"weekend","earlymorning","travelling","unknown","grocery",0,1,0,"morning"
66,508,85,423,"weekend","lunch","travelling","cold","grocery",0,1,0,"midday"
66,511,88,423,"weekday","beforelunch","unknown","warm","restaurant",0,1,0,"midday"
66,517,94,423,"weekend","morning","unknown","warm","restaurant",0,1,0,"morning"
66,525,102,423,"weekday","lunch","unknown","freezing","restaurant",0,1,0,"midday"
66,528,105,423,"weekday","afternoon","shopping","freezing","restaurant",1,1,0,"midday"
66,550,127,423,"weekday","afternoon","shopping","warm","grocery",1,1,1,"midday"
66,551,128,423,"weekend","beforelunch","unknown","freezing","restaurant",1,1,1,"midday"
66,555,132,423,"weekday","latenight","unknown","unknown","restaurant",0,1,1,"night"
66,559,136,423,"weekend","afternoon","unknown","cold","restaurant",0,1,1,"midday"
66,562,139,423,"weekday","beforelunch","travelling","freezing","grocery",0,1,1,"midday"
66,575,152,423,"weekday","beforelunch","leisure","freezing","grocery",1,1,1,"midday"
66,576,153,423,"weekend","night","shopping","hot","grocery",0,1,1,"night"
66,577,154,423,"weekend","afternoon","working","unknown","grocery",0,1,1,"midday"
66,583,160,423,"weekday","lunch","unknown","cold","restaurant",1,1,1,"midday"
66,586,163,423,"weekday","afternoon","travelling","freezing","grocery",0,1,1,"midday"
66,597,174,423,"weekday","afternoon","travelling","cold","restaurant",0,1,1,"midday"
67,439,5,434,"weekday","afternoon","travelling","warm","grocery",0,0,0,"midday"
67,442,8,434,"weekday","lunch","travelling","hot","restaurant",1,0,0,"midday"
67,453,19,434,"weekday","beforelunch","travelling","hot","restaurant",1,0,0,"midday"
67,455,21,434,"weekday","beforelunch","travelling","freezing","grocery",0,0,0,"midday"
67,462,28,434,"weekday","lunch","travelling","unknown","restaurant",0,0,0,"midday"
67,463,29,434,"weekday","beforelunch","travelling","cold","restaurant",0,0,0,"midday"
67,464,30,434,"weekday","beforelunch","travelling","unknown","restaurant",1,0,0,"midday"
67,466,32,434,"weekend","beforelunch","unknown","freezing","grocery",0,0,0,"midday"
67,473,39,434,"weekday","dinner","shopping","cold","restaurant",0,0,0,"night"
67,474,40,434,"weekday","beforelunch","leisure","freezing","grocery",0,0,0,"midday"
67,477,43,434,"weekday","morning","leisure","warm","restaurant",1,0,0,"morning"
67,491,57,434,"weekday","afternoon","working","warm","grocery",1,1,0,"midday"
67,496,62,434,"weekend","breakfast","travelling","unknown","restaurant",1,1,0,"morning"
67,504,70,434,"weekday","afternoon","travelling","cold","grocery",0,1,0,"midday"
67,505,71,434,"weekend","afternoon","travelling","unknown","grocery",0,1,0,"midday"
67,512,78,434,"weekday","breakfast","unknown","unknown","grocery",1,1,0,"morning"
67,513,79,434,"weekday","beforelunch","unknown","freezing","restaurant",1,1,0,"midday"
67,517,83,434,"weekday","morning","travelling","cold","restaurant",0,1,0,"morning"
67,518,84,434,"weekday","breakfast","unknown","freezing","grocery",0,1,0,"morning"
67,521,87,434,"weekday","morning","travelling","unknown","grocery",1,1,0,"morning"
67,526,92,434,"weekend","evening","travelling","cold","grocery",0,1,0,"night"
67,529,95,434,"weekend","afternoon","working","cold","grocery",1,1,0,"midday"
67,530,96,434,"weekday","beforelunch","travelling","warm","grocery",0,1,0,"midday"
67,539,105,434,"weekday","beforelunch","shopping","freezing","restaurant",0,1,0,"midday"
67,542,108,434,"weekend","lunch","unknown","warm","restaurant",1,1,0,"midday"
67,544,110,434,"weekend","lunch","travelling","unknown","restaurant",0,1,0,"midday"
67,545,111,434,"weekday","breakfast","travelling","freezing","restaurant",1,1,0,"morning"
67,555,121,434,"weekday","lunch","travelling","unknown","grocery",0,1,1,"midday"
67,556,122,434,"weekday","morning","working","cold","restaurant",0,1,1,"morning"
67,561,127,434,"weekday","lunch","travelling","warm","restaurant",0,1,1,"midday"
67,562,128,434,"weekend","beforelunch","unknown","warm","grocery",0,1,1,"midday"
67,563,129,434,"weekend","latenight","unknown","freezing","grocery",0,1,1,"night"
67,566,132,434,"weekday","afternoon","unknown","freezing","restaurant",0,1,1,"midday"
67,574,140,434,"weekend","unknown","travelling","unknown","grocery",0,1,1,"unknown"
67,584,150,434,"weekday","breakfast","morningrituals","unknown","grocery",1,1,1,"morning"
67,585,151,434,"weekday","breakfast","unknown","hot","grocery",0,1,1,"morning"
67,586,152,434,"weekday","latenight","unknown","freezing","grocery",1,1,1,"night"
67,591,157,434,"weekend","morning","leisure","freezing","restaurant",0,1,1,"morning"
67,601,167,434,"weekday","afternoon","travelling","freezing","restaurant",0,1,1,"midday"
67,604,170,434,"weekday","beforelunch","travelling","freezing","restaurant",1,1,1,"midday"
67,605,171,434,"weekday","afternoon","unknown","cold","grocery",0,1,1,"midday"
67,606,172,434,"weekend","morning","leisure","unknown","grocery",0,1,1,"morning"
67,613,179,434,"weekday","beforelunch","unknown","hot","grocery",0,1,1,"midday"
67,617,183,434,"weekday","breakfast","travelling","cold","restaurant",0,1,1,"morning"
68,439,1,438,"weekend","afternoon","travelling","hot","restaurant",0,0,0,"midday"
68,440,2,438,"weekday","afternoon","travelling","cold","grocery",0,0,0,"midday"
68,442,4,438,"weekday","afternoon","travelling","cold","grocery",1,0,0,"midday"
68,454,16,438,"weekday","lunch","travelling","cold","grocery",0,0,0,"midday"
68,455,17,438,"weekday","beforelunch","leisure","unknown","restaurant",1,0,0,"midday"
68,466,28,438,"weekday","afternoon","travelling","hot","grocery",0,0,0,"midday"
68,474,36,438,"weekday","beforelunch","travelling","freezing","grocery",1,0,0,"midday"
68,478,40,438,"weekend","night","travelling","warm","grocery",0,0,0,"night"
68,480,42,438,"weekend","breakfast","travelling","freezing","grocery",0,0,0,"morning"
68,483,45,438,"weekend","morning","unknown","unknown","restaurant",0,0,0,"morning"
68,489,51,438,"weekday","afternoon","travelling","cold","grocery",1,0,0,"midday"
68,491,53,438,"weekend","afternoon","travelling","hot","grocery",0,0,0,"midday"
68,493,55,438,"weekend","evening","unknown","freezing","grocery",0,0,0,"night"
68,508,70,438,"weekday","unknown","workingout","freezing","grocery",0,1,0,"unknown"
68,511,73,438,"weekday","lunch","travelling","freezing","grocery",1,1,0,"midday"
68,513,75,438,"weekend","beforelunch","travelling","unknown","grocery",0,1,0,"midday"
68,514,76,438,"weekday","breakfast","travelling","warm","grocery",0,1,0,"morning"
68,526,88,438,"weekday","breakfast","unknown","freezing","restaurant",0,1,0,"morning"
68,527,89,438,"weekend","lunch","travelling","warm","restaurant",1,1,0,"midday"
68,529,91,438,"weekday","afternoon","travelling","cold","grocery",1,1,0,"midday"
68,537,99,438,"weekday","afternoon","travelling","cold","restaurant",0,1,0,"midday"
68,540,102,438,"weekend","afternoon","travelling","hot","grocery",0,1,0,"midday"
68,542,104,438,"weekday","lunch","travelling","warm","restaurant",0,1,0,"midday"
68,546,108,438,"weekend","beforelunch","leisure","warm","restaurant",0,1,0,"midday"
68,548,110,438,"weekday","beforelunch","travelling","unknown","grocery",1,1,0,"midday"
68,559,121,438,"weekday","lunch","unknown","cold","restaurant",0,1,1,"midday"
68,564,126,438,"weekend","afternoon","unknown","cold","grocery",1,1,1,"midday"
68,573,135,438,"weekday","beforelunch","morningrituals","warm","grocery",0,1,1,"midday"
68,577,139,438,"weekend","beforelunch","shopping","warm","grocery",0,1,1,"midday"
68,579,141,438,"weekend","afternoon","travelling","freezing","restaurant",0,1,1,"midday"
68,589,151,438,"weekday","breakfast","travelling","freezing","restaurant",1,1,1,"morning"
68,590,152,438,"weekend","breakfast","travelling","cold","grocery",1,1,1,"morning"
68,591,153,438,"weekday","beforelunch","travelling","unknown","grocery",0,1,1,"midday"
68,594,156,438,"weekday","afternoon","unknown","unknown","restaurant",0,1,1,"midday"
68,595,157,438,"weekday","evening","leisure","freezing","grocery",0,1,1,"night"
68,600,162,438,"weekday","morning","travelling","unknown","restaurant",1,1,1,"morning"
68,610,172,438,"weekend","afternoon","travelling","warm","restaurant",0,1,1,"midday"
68,619,181,438,"weekday","breakfast","travelling","cold","grocery",0,1,1,"morning"
68,620,182,438,"weekday","afternoon","unknown","freezing","restaurant",0,1,1,"midday"
69,453,7,446,"weekday","breakfast","unknown","hot","restaurant",0,0,0,"morning"
69,456,10,446,"unknown","evening","unknown","freezing","restaurant",0,0,0,"night"
69,464,18,446,"weekday","lunch","shopping","freezing","grocery",0,0,0,"midday"
69,467,21,446,"weekend","dinner","travelling","unknown","grocery",0,0,0,"night"
69,471,25,446,"weekday","lunch","working","freezing","restaurant",0,0,0,"midday"
69,478,32,446,"weekday","lunch","shopping","freezing","grocery",0,0,0,"midday"
69,480,34,446,"weekday","afternoon","travelling","freezing","grocery",0,0,0,"midday"
69,487,41,446,"weekday","afternoon","travelling","cold","restaurant",0,0,0,"midday"
69,490,44,446,"weekday","morning","travelling","warm","restaurant",1,0,0,"morning"
69,494,48,446,"weekend","afternoon","unknown","cold","restaurant",0,0,0,"midday"
69,497,51,446,"weekend","lunch","unknown","warm","restaurant",1,0,0,"midday"
69,501,55,446,"weekday","earlymorning","travelling","unknown","restaurant",1,0,0,"morning"
69,506,60,446,"weekend","afternoon","travelling","cold","restaurant",1,1,0,"midday"
69,512,66,446,"weekend","afternoon","travelling","warm","grocery",1,1,0,"midday"
69,515,69,446,"weekday","afternoon","travelling","cold","restaurant",0,1,0,"midday"
69,517,71,446,"weekday","beforelunch","travelling","unknown","restaurant",0,1,0,"midday"
69,521,75,446,"weekday","afternoon","travelling","freezing","grocery",0,1,0,"midday"
69,523,77,446,"weekday","afternoon","travelling","cold","restaurant",0,1,0,"midday"
69,532,86,446,"weekday","lunch","unknown","unknown","restaurant",0,1,0,"midday"
69,533,87,446,"weekend","beforelunch","travelling","cold","restaurant",0,1,0,"midday"
69,535,89,446,"weekday","beforelunch","travelling","unknown","restaurant",0,1,0,"midday"
69,539,93,446,"weekday","lunch","leisure","cold","restaurant",1,1,0,"midday"
69,548,102,446,"weekday","breakfast","travelling","cold","grocery",0,1,0,"morning"
69,549,103,446,"weekend","afternoon","travelling","hot","restaurant",0,1,0,"midday"
69,571,125,446,"weekday","lunch","travelling","cold","grocery",0,1,1,"midday"
69,572,126,446,"weekday","breakfast","travelling","freezing","restaurant",0,1,1,"morning"
69,578,132,446,"weekday","breakfast","unknown","unknown","grocery",1,1,1,"morning"
69,579,133,446,"weekday","breakfast","travelling","freezing","restaurant",0,1,1,"morning"
69,580,134,446,"weekday","breakfast","travelling","cold","restaurant",0,1,1,"morning"
69,581,135,446,"weekday","afternoon","travelling","cold","restaurant",0,1,1,"midday"
69,583,137,446,"weekday","beforelunch","travelling","cold","grocery",0,1,1,"midday"
69,588,142,446,"weekday","afternoon","shopping","freezing","grocery",0,1,1,"midday"
69,593,147,446,"weekday","breakfast","leisure","cold","restaurant",0,1,1,"morning"
69,596,150,446,"weekday","lunch","unknown","unknown","grocery",0,1,1,"midday"
69,607,161,446,"weekday","breakfast","travelling","warm","restaurant",0,1,1,"morning"
69,608,162,446,"weekday","earlymorning","travelling","unknown","grocery",0,1,1,"morning"
69,610,164,446,"unknown","dinner","travelling","freezing","grocery",0,1,1,"night"
69,611,165,446,"weekday","lunch","unknown","cold","grocery",1,1,1,"midday"
69,617,171,446,"weekday","lunch","travelling","warm","grocery",0,1,1,"midday"
69,618,172,446,"weekday","morning","unknown","cold","restaurant",0,1,1,"morning"
69,622,176,446,"weekday","morning","morningrituals","cold","grocery",0,1,1,"morning"
69,623,177,446,"weekday","lunch","travelling","cold","restaurant",0,1,1,"midday"
69,628,182,446,"weekend","afternoon","travelling","cold","restaurant",1,1,1,"midday"
69,629,183,446,"weekday","lunch","travelling","cold","grocery",1,1,1,"midday"
70,447,0,447,"weekday","afternoon","morningrituals","freezing","restaurant",0,0,0,"midday"
70,451,4,447,"weekday","unknown","travelling","cold","grocery",0,0,0,"unknown"
70,453,6,447,"weekday","afternoon","unknown","freezing","grocery",0,0,0,"midday"
70,455,8,447,"weekend","afternoon","working","cold","grocery",0,0,0,"midday"
70,456,9,447,"weekend","afternoon","unknown","unknown","restaurant",0,0,0,"midday"
70,457,10,447,"weekday","beforelunch","travelling","unknown","restaurant",1,0,0,"midday"
70,458,11,447,"weekday","beforelunch","travelling","cold","grocery",0,0,0,"midday"
70,459,12,447,"weekend","lunch","leisure","cold","restaurant",0,0,0,"midday"
70,460,13,447,"weekday","afternoon","travelling","warm","grocery",0,0,0,"midday"
70,462,15,447,"weekday","lunch","travelling","cold","grocery",1,0,0,"midday"
70,466,19,447,"weekday","afternoon","travelling","warm","restaurant",0,0,0,"midday"
70,472,25,447,"weekend","afternoon","travelling","cold","grocery",0,0,0,"midday"
70,473,26,447,"weekday","afternoon","leisure","freezing","restaurant",1,0,0,"midday"
70,476,29,447,"weekday","night","leisure","freezing","grocery",0,0,0,"night"
70,480,33,447,"weekday","morning","travelling","freezing","grocery",1,0,0,"morning"
70,482,35,447,"weekday","afternoon","shopping","hot","restaurant",0,0,0,"midday"
70,485,38,447,"weekday","afternoon","travelling","cold","restaurant",1,0,0,"midday"
70,490,43,447,"weekend","beforelunch","travelling","freezing","grocery",0,0,0,"midday"
70,491,44,447,"weekday","lunch","unknown","cold","restaurant",0,0,0,"midday"
70,492,45,447,"weekday","lunch","travelling","cold","grocery",0,0,0,"midday"
70,493,46,447,"weekday","lunch","leisure","unknown","restaurant",0,0,0,"midday"
70,494,47,447,"weekday","night","unknown","warm","restaurant",0,0,0,"night"
70,498,51,447,"weekend","lunch","travelling","cold","grocery",0,0,0,"midday"
70,506,59,447,"weekday","evening","travelling","hot","grocery",0,1,0,"night"
70,507,60,447,"weekend","morning","travelling","unknown","grocery",1,1,0,"morning"
70,508,61,447,"weekday","lunch","shopping","freezing","grocery",0,1,0,"midday"
70,509,62,447,"weekend","dinner","working","hot","grocery",1,1,0,"night"
70,511,64,447,"weekday","lunch","travelling","cold","restaurant",0,1,0,"midday"
70,512,65,447,"unknown","lunch","travelling","freezing","restaurant",1,1,0,"midday"
70,513,66,447,"weekend","breakfast","travelling","freezing","restaurant",0,1,0,"morning"
70,515,68,447,"weekday","beforelunch","travelling","freezing","restaurant",0,1,0,"midday"
70,519,72,447,"weekday","afternoon","travelling","unknown","grocery",1,1,0,"midday"
70,523,76,447,"weekday","lunch","travelling","warm","grocery",0,1,0,"midday"
70,527,80,447,"weekday","unknown","travelling","unknown","restaurant",0,1,0,"unknown"
70,529,82,447,"weekday","morning","travelling","cold","restaurant",1,1,0,"morning"
70,530,83,447,"weekday","afternoon","unknown","unknown","restaurant",1,1,0,"midday"
70,531,84,447,"weekday","morning","travelling","freezing","restaurant",1,1,0,"morning"
70,534,87,447,"weekday","lunch","travelling","cold","grocery",0,1,0,"midday"
70,540,93,447,"weekday","beforelunch","travelling","unknown","restaurant",0,1,0,"midday"
70,542,95,447,"weekend","breakfast","travelling","unknown","restaurant",0,1,0,"morning"
70,545,98,447,"weekday","breakfast","shopping","hot","restaurant",0,1,0,"morning"
70,546,99,447,"weekend","beforelunch","unknown","cold","grocery",1,1,0,"midday"
70,551,104,447,"weekend","lunch","unknown","unknown","restaurant",1,1,0,"midday"
70,552,105,447,"weekday","lunch","travelling","cold","restaurant",0,1,0,"midday"
70,555,108,447,"weekend","beforelunch","travelling","unknown","restaurant",0,1,0,"midday"
70,556,109,447,"weekend","breakfast","workingout","unknown","restaurant",1,1,0,"morning"
70,558,111,447,"weekday","morning","travelling","warm","grocery",0,1,0,"morning"
70,563,116,447,"weekday","beforelunch","leisure","cold","grocery",1,1,1,"midday"
70,567,120,447,"weekday","beforelunch","travelling","cold","grocery",1,1,1,"midday"
70,570,123,447,"weekend","evening","travelling","unknown","grocery",0,1,1,"night"
70,573,126,447,"weekday","morning","travelling","hot","restaurant",0,1,1,"morning"
70,574,127,447,"weekday","morning","travelling","warm","grocery",0,1,1,"morning"
70,575,128,447,"weekday","morning","travelling","hot","grocery",1,1,1,"morning"
70,578,131,447,"weekend","lunch","unknown","freezing","restaurant",0,1,1,"midday"
70,583,136,447,"weekday","afternoon","travelling","cold","grocery",0,1,1,"midday"
70,584,137,447,"weekday","lunch","travelling","unknown","restaurant",0,1,1,"midday"
70,586,139,447,"weekend","afternoon","leisure","freezing","restaurant",1,1,1,"midday"
70,589,142,447,"weekday","afternoon","travelling","unknown","restaurant",1,1,1,"midday"
70,592,145,447,"weekday","afternoon","housework","freezing","restaurant",1,1,1,"midday"
70,595,148,447,"weekend","afternoon","travelling","cold","restaurant",0,1,1,"midday"
70,596,149,447,"weekday","night","travelling","freezing","restaurant",0,1,1,"night"
70,600,153,447,"weekday","evening","travelling","unknown","restaurant",0,1,1,"night"
70,601,154,447,"weekday","lunch","morningrituals","freezing","restaurant",0,1,1,"midday"
70,602,155,447,"unknown","afternoon","leisure","freezing","restaurant",0,1,1,"midday"
70,603,156,447,"weekend","dinner","working","freezing","restaurant",0,1,1,"night"
70,604,157,447,"weekend","morning","unknown","cold","restaurant",0,1,1,"morning"
70,605,158,447,"weekend","unknown","travelling","unknown","grocery",0,1,1,"unknown"
70,612,165,447,"weekday","beforelunch","shopping","warm","grocery",1,1,1,"midday"
70,613,166,447,"weekday","breakfast","travelling","freezing","restaurant",0,1,1,"morning"
70,622,175,447,"weekend","lunch","unknown","cold","grocery",0,1,1,"midday"
70,625,178,447,"weekday","afternoon","unknown","warm","grocery",0,1,1,"midday"
70,626,179,447,"weekday","lunch","travelling","hot","restaurant",1,1,1,"midday"
70,629,182,447,"weekday","breakfast","morningrituals","hot","grocery",1,1,1,"morning"
71,455,0,455,"weekday","lunch","unknown","cold","grocery",0,0,0,"midday"
71,457,2,455,"weekend","breakfast","unknown","freezing","grocery",1,0,0,"morning"
71,464,9,455,"unknown","beforelunch","travelling","freezing","restaurant",1,0,0,"midday"
71,466,11,455,"weekend","unknown","travelling","unknown","restaurant",1,0,0,"unknown"
71,467,12,455,"weekend","breakfast","travelling","cold","grocery",0,0,0,"morning"
71,476,21,455,"weekday","breakfast","travelling","freezing","grocery",0,0,0,"morning"
71,479,24,455,"weekend","breakfast","unknown","warm","grocery",0,0,0,"morning"
71,483,28,455,"weekday","afternoon","working","cold","restaurant",0,0,0,"midday"
71,486,31,455,"weekend","beforelunch","travelling","freezing","grocery",1,0,0,"midday"
71,492,37,455,"weekday","lunch","unknown","freezing","restaurant",0,0,0,"midday"
71,493,38,455,"weekday","lunch","travelling","cold","grocery",0,0,0,"midday"
71,495,40,455,"weekday","afternoon","working","unknown","grocery",0,0,0,"midday"
71,502,47,455,"weekday","earlymorning","travelling","unknown","restaurant",1,0,0,"morning"
71,506,51,455,"weekday","afternoon","travelling","hot","restaurant",1,0,0,"midday"
71,511,56,455,"weekday","lunch","travelling","cold","grocery",1,0,0,"midday"
71,512,57,455,"weekday","afternoon","travelling","freezing","restaurant",0,1,0,"midday"
71,515,60,455,"weekday","breakfast","travelling","unknown","grocery",0,1,0,"morning"
71,517,62,455,"unknown","afternoon","travelling","cold","restaurant",0,1,0,"midday"
71,522,67,455,"weekend","lunch","shopping","warm","grocery",0,1,0,"midday"
71,523,68,455,"weekend","lunch","travelling","freezing","restaurant",0,1,0,"midday"
71,529,74,455,"weekday","unknown","travelling","cold","restaurant",0,1,0,"unknown"
71,534,79,455,"weekday","dinner","travelling","cold","grocery",0,1,0,"night"
71,538,83,455,"unknown","morning","travelling","unknown","grocery",1,1,0,"morning"
71,539,84,455,"weekday","morning","travelling","warm","grocery",0,1,0,"morning"
71,540,85,455,"weekday","lunch","shopping","unknown","grocery",0,1,0,"midday"
71,542,87,455,"weekend","lunch","travelling","unknown","restaurant",0,1,0,"midday"
71,543,88,455,"weekend","afternoon","travelling","cold","grocery",0,1,0,"midday"
71,546,91,455,"weekday","lunch","travelling","unknown","grocery",0,1,0,"midday"
71,550,95,455,"weekday","afternoon","travelling","cold","grocery",0,1,0,"midday"
71,555,100,455,"weekday","breakfast","shopping","cold","restaurant",0,1,0,"morning"
71,557,102,455,"weekend","lunch","travelling","unknown","grocery",0,1,0,"midday"
71,562,107,455,"weekend","beforelunch","travelling","unknown","grocery",0,1,0,"midday"
71,570,115,455,"weekday","afternoon","leisure","unknown","grocery",0,1,1,"midday"
71,572,117,455,"weekday","lunch","travelling","cold","grocery",0,1,1,"midday"
71,573,118,455,"weekday","morning","travelling","freezing","restaurant",0,1,1,"morning"
71,574,119,455,"weekend","afternoon","travelling","cold","restaurant",1,1,1,"midday"
71,576,121,455,"weekday","lunch","shopping","cold","restaurant",0,1,1,"midday"
71,580,125,455,"weekday","beforelunch","unknown","freezing","grocery",1,1,1,"midday"
71,582,127,455,"weekend","dinner","working","unknown","restaurant",0,1,1,"night"
71,589,134,455,"weekday","lunch","travelling","cold","grocery",0,1,1,"midday"
71,591,136,455,"weekday","afternoon","travelling","cold","restaurant",0,1,1,"midday"
71,593,138,455,"weekend","afternoon","travelling","cold","grocery",0,1,1,"midday"
71,594,139,455,"weekday","afternoon","travelling","warm","grocery",0,1,1,"midday"
71,598,143,455,"weekday","breakfast","travelling","hot","grocery",1,1,1,"morning"
71,601,146,455,"weekday","evening","unknown","warm","grocery",1,1,1,"night"
71,605,150,455,"weekday","unknown","travelling","unknown","grocery",0,1,1,"unknown"
71,613,158,455,"weekday","afternoon","working","cold","grocery",0,1,1,"midday"
71,614,159,455,"weekday","morning","unknown","unknown","grocery",0,1,1,"morning"
71,615,160,455,"weekday","lunch","travelling","freezing","grocery",1,1,1,"midday"
71,616,161,455,"weekday","lunch","travelling","cold","grocery",0,1,1,"midday"
71,617,162,455,"weekday","afternoon","unknown","unknown","grocery",0,1,1,"midday"
71,618,163,455,"weekday","lunch","leisure","warm","grocery",0,1,1,"midday"
71,622,167,455,"unknown","lunch","travelling","hot","restaurant",1,1,1,"midday"
71,629,174,455,"weekend","lunch","travelling","cold","grocery",1,1,1,"midday"
71,633,178,455,"weekday","lunch","travelling","unknown","grocery",1,1,1,"midday"
71,638,183,455,"weekday","morning","travelling","cold","grocery",0,1,1,"morning"
72,466,0,466,"weekend","afternoon","unknown","warm","grocery",0,0,0,"midday"
72,471,5,466,"weekday","dinner","travelling","cold","grocery",0,0,0,"night"
72,472,6,466,"weekday","beforelunch","travelling","cold","restaurant",0,0,0,"midday"
72,475,9,466,"weekday","breakfast","unknown","cold","grocery",0,0,0,"morning"
72,478,12,466,"weekend","breakfast","travelling","freezing","grocery",1,0,0,"morning"
72,479,13,466,"weekend","lunch","travelling","warm","grocery",0,0,0,"midday"
72,481,15,466,"weekday","afternoon","working","cold","grocery",1,0,0,"midday"
72,484,18,466,"weekday","breakfast","travelling","freezing","restaurant",0,0,0,"morning"
72,485,19,466,"weekday","afternoon","travelling","warm","restaurant",1,0,0,"midday"
72,487,21,466,"weekday","beforelunch","leisure","freezing","restaurant",0,0,0,"midday"
72,490,24,466,"weekday","breakfast","working","warm","restaurant",0,0,0,"morning"
72,491,25,466,"weekend","dinner","travelling","unknown","restaurant",0,0,0,"night"
72,492,26,466,"weekday","lunch","unknown","cold","restaurant",0,0,0,"midday"
72,494,28,466,"weekday","beforelunch","travelling","warm","restaurant",0,0,0,"midday"
72,495,29,466,"weekend","night","working","hot","grocery",0,0,0,"night"
72,496,30,466,"weekday","beforelunch","travelling","cold","grocery",0,0,0,"midday"
72,499,33,466,"weekday","morning","leisure","unknown","grocery",0,0,0,"morning"
72,500,34,466,"weekday","lunch","travelling","freezing","grocery",1,0,0,"midday"
72,501,35,466,"weekday","beforelunch","travelling","unknown","grocery",0,0,0,"midday"
72,504,38,466,"weekday","lunch","unknown","freezing","grocery",0,0,0,"midday"
72,505,39,466,"weekday","beforelunch","working","freezing","grocery",0,0,0,"midday"
72,506,40,466,"weekend","afternoon","travelling","cold","grocery",1,0,0,"midday"
72,507,41,466,"weekday","earlymorning","travelling","cold","restaurant",0,0,0,"morning"
72,508,42,466,"weekday","night","travelling","freezing","restaurant",1,0,0,"night"
72,510,44,466,"weekday","breakfast","travelling","cold","grocery",1,0,0,"morning"
72,511,45,466,"weekend","beforelunch","travelling","cold","restaurant",1,0,0,"midday"
72,513,47,466,"weekday","beforelunch","travelling","freezing","grocery",0,0,0,"midday"
72,515,49,466,"weekday","afternoon","travelling","cold","restaurant",1,0,0,"midday"
72,516,50,466,"weekday","lunch","unknown","warm","grocery",0,0,0,"midday"
72,517,51,466,"weekday","unknown","unknown","freezing","restaurant",0,0,0,"unknown"
72,518,52,466,"weekday","beforelunch","leisure","freezing","grocery",0,0,0,"midday"
72,519,53,466,"weekend","lunch","travelling","hot","restaurant",1,0,0,"midday"
72,521,55,466,"weekday","dinner","travelling","cold","restaurant",0,0,0,"night"
72,522,56,466,"weekday","afternoon","unknown","warm","grocery",0,0,0,"midday"
72,525,59,466,"weekday","morning","travelling","unknown","restaurant",0,1,0,"morning"
72,527,61,466,"weekday","breakfast","travelling","warm","restaurant",0,1,0,"morning"
72,528,62,466,"weekday","lunch","travelling","unknown","grocery",1,1,0,"midday"
72,529,63,466,"weekday","dinner","travelling","unknown","restaurant",0,1,0,"night"
72,532,66,466,"weekday","lunch","leisure","warm","restaurant",0,1,0,"midday"
72,533,67,466,"weekday","afternoon","shopping","freezing","restaurant",1,1,0,"midday"
72,534,68,466,"weekend","dinner","unknown","cold","grocery",1,1,0,"night"
72,536,70,466,"weekday","beforelunch","travelling","cold","grocery",0,1,0,"midday"
72,537,71,466,"weekend","earlymorning","travelling","warm","grocery",0,1,0,"morning"
72,538,72,466,"weekend","beforelunch","working","unknown","grocery",0,1,0,"midday"
72,539,73,466,"weekend","lunch","travelling","warm","restaurant",1,1,0,"midday"
72,540,74,466,"weekday","beforelunch","travelling","cold","restaurant",0,1,0,"midday"
72,542,76,466,"weekend","lunch","travelling","cold","restaurant",1,1,0,"midday"
72,544,78,466,"weekday","earlymorning","travelling","cold","restaurant",1,1,0,"morning"
72,550,84,466,"weekday","breakfast","travelling","cold","restaurant",0,1,0,"morning"
72,551,85,466,"weekend","unknown","travelling","unknown","grocery",0,1,0,"unknown"
72,554,88,466,"weekday","morning","leisure","cold","restaurant",1,1,0,"morning"
72,556,90,466,"weekend","beforelunch","working","cold","grocery",0,1,0,"midday"
72,559,93,466,"weekday","lunch","travelling","unknown","restaurant",1,1,0,"midday"
72,560,94,466,"weekday","dinner","travelling","unknown","restaurant",1,1,0,"night"
72,561,95,466,"weekday","latenight","travelling","unknown","restaurant",0,1,0,"night"
72,562,96,466,"weekday","beforelunch","travelling","unknown","restaurant",0,1,0,"midday"
72,563,97,466,"weekday","beforelunch","travelling","cold","restaurant",0,1,0,"midday"
72,564,98,466,"weekend","lunch","travelling","freezing","grocery",0,1,0,"midday"
72,565,99,466,"weekday","lunch","travelling","cold","restaurant",0,1,0,"midday"
72,566,100,466,"weekday","beforelunch","travelling","cold","restaurant",0,1,0,"midday"
72,567,101,466,"weekday","afternoon","unknown","warm","restaurant",1,1,0,"midday"
72,568,102,466,"weekday","breakfast","travelling","freezing","grocery",1,1,0,"morning"
72,569,103,466,"weekday","beforelunch","travelling","hot","restaurant",1,1,0,"midday"
72,570,104,466,"weekend","night","working","warm","grocery",1,1,0,"night"
72,573,107,466,"weekend","dinner","leisure","warm","restaurant",1,1,0,"night"
72,575,109,466,"weekday","lunch","leisure","cold","grocery",0,1,0,"midday"
72,577,111,466,"weekend","beforelunch","travelling","freezing","grocery",0,1,0,"midday"
72,583,117,466,"weekday","afternoon","shopping","cold","grocery",0,1,1,"midday"
72,584,118,466,"weekday","afternoon","travelling","hot","grocery",1,1,1,"midday"
72,585,119,466,"weekday","beforelunch","leisure","cold","restaurant",0,1,1,"midday"
72,587,121,466,"weekend","afternoon","travelling","cold","grocery",0,1,1,"midday"
72,589,123,466,"weekday","afternoon","travelling","warm","restaurant",0,1,1,"midday"
72,590,124,466,"weekday","afternoon","working","cold","grocery",0,1,1,"midday"
72,591,125,466,"weekday","afternoon","travelling","unknown","grocery",0,1,1,"midday"
72,592,126,466,"weekday","breakfast","travelling","unknown","grocery",1,1,1,"morning"
72,596,130,466,"weekday","afternoon","working","unknown","restaurant",0,1,1,"midday"
72,598,132,466,"weekday","lunch","leisure","cold","grocery",0,1,1,"midday"
72,602,136,466,"weekday","beforelunch","shopping","cold","grocery",0,1,1,"midday"
72,603,137,466,"weekday","afternoon","leisure","cold","restaurant",1,1,1,"midday"
72,604,138,466,"weekend","beforelunch","working","cold","grocery",0,1,1,"midday"
72,605,139,466,"weekday","lunch","travelling","cold","restaurant",0,1,1,"midday"
72,606,140,466,"weekend","lunch","leisure","unknown","grocery",0,1,1,"midday"
72,607,141,466,"weekend","breakfast","unknown","cold","grocery",1,1,1,"morning"
72,609,143,466,"weekday","afternoon","travelling","unknown","grocery",0,1,1,"midday"
72,611,145,466,"weekend","lunch","travelling","freezing","grocery",1,1,1,"midday"
72,613,147,466,"weekday","beforelunch","travelling","cold","grocery",1,1,1,"midday"
72,614,148,466,"weekday","beforelunch","travelling","warm","restaurant",1,1,1,"midday"
72,617,151,466,"weekday","afternoon","travelling","unknown","grocery",0,1,1,"midday"
72,618,152,466,"weekday","afternoon","travelling","cold","restaurant",0,1,1,"midday"
72,619,153,466,"weekday","morning","travelling","unknown","grocery",0,1,1,"morning"
72,620,154,466,"weekday","afternoon","travelling","unknown","grocery",0,1,1,"midday"
72,621,155,466,"weekday","beforelunch","working","freezing","grocery",1,1,1,"midday"
72,622,156,466,"weekday","afternoon","travelling","unknown","restaurant",0,1,1,"midday"
72,624,158,466,"weekend","afternoon","unknown","cold","grocery",0,1,1,"midday"
72,626,160,466,"weekend","breakfast","leisure","cold","grocery",0,1,1,"morning"
72,627,161,466,"weekend","afternoon","shopping","hot","restaurant",0,1,1,"midday"
72,628,162,466,"weekend","afternoon","travelling","cold","restaurant",0,1,1,"midday"
72,631,165,466,"weekday","breakfast","travelling","unknown","grocery",0,1,1,"morning"
72,633,167,466,"weekday","morning","working","warm","restaurant",0,1,1,"morning"
72,636,170,466,"weekend","afternoon","travelling","cold","grocery",0,1,1,"midday"
72,637,171,466,"weekday","breakfast","travelling","freezing","grocery",0,1,1,"morning"
72,641,175,466,"weekend","lunch","travelling","hot","restaurant",0,1,1,"midday"
72,643,177,466,"weekend","lunch","unknown","freezing","restaurant",0,1,1,"midday"
72,644,178,466,"weekday","afternoon","working","cold","restaurant",1,1,1,"midday"
72,645,179,466,"weekday","morning","leisure","cold","grocery",0,1,1,"morning"
72,646,180,466,"weekday","lunch","unknown","unknown","restaurant",0,1,1,"midday"
72,647,181,466,"weekday","lunch","travelling","unknown","restaurant",0,1,1,"midday"
72,648,182,466,"weekday","morning","morningrituals","cold","restaurant",0,1,1,"morning"
72,649,183,466,"weekday","dinner","travelling","freezing","restaurant",1,1,1,"night"
73,485,12,473,"weekday","morning","travelling","freezing","grocery",1,0,0,"morning"
73,492,19,473,"weekday","afternoon","travelling","unknown","grocery",0,0,0,"midday"
73,498,25,473,"weekend","morning","travelling","cold","grocery",1,0,0,"morning"
73,503,30,473,"weekday","lunch","unknown","freezing","restaurant",0,0,0,"midday"
73,510,37,473,"weekday","beforelunch","shopping","freezing","restaurant",0,0,0,"midday"
73,511,38,473,"weekend","lunch","travelling","freezing","restaurant",0,0,0,"midday"
73,528,55,473,"weekday","breakfast","travelling","unknown","grocery",1,0,0,"morning"
73,532,59,473,"weekday","lunch","travelling","freezing","grocery",0,1,0,"midday"
73,533,60,473,"weekday","lunch","travelling","cold","grocery",1,1,0,"midday"
73,535,62,473,"weekday","afternoon","working","unknown","restaurant",0,1,0,"midday"
73,547,74,473,"weekend","lunch","travelling","freezing","grocery",1,1,0,"midday"
73,550,77,473,"weekday","afternoon","travelling","freezing","restaurant",0,1,0,"midday"
73,553,80,473,"weekday","beforelunch","travelling","cold","grocery",0,1,0,"midday"
73,566,93,473,"weekend","afternoon","travelling","hot","grocery",0,1,0,"midday"
73,570,97,473,"weekday","breakfast","travelling","cold","grocery",0,1,0,"morning"
73,573,100,473,"weekday","dinner","travelling","freezing","restaurant",1,1,0,"night"
73,575,102,473,"weekday","breakfast","travelling","cold","grocery",0,1,0,"morning"
73,583,110,473,"weekday","lunch","leisure","freezing","restaurant",1,1,0,"midday"
73,585,112,473,"weekday","lunch","unknown","cold","grocery",0,1,0,"midday"
73,596,123,473,"weekday","breakfast","travelling","freezing","restaurant",0,1,1,"morning"
73,603,130,473,"weekday","beforelunch","travelling","cold","grocery",0,1,1,"midday"
73,606,133,473,"weekday","lunch","travelling","warm","restaurant",0,1,1,"midday"
73,610,137,473,"weekday","lunch","travelling","cold","restaurant",1,1,1,"midday"
73,613,140,473,"weekday","afternoon","travelling","unknown","grocery",0,1,1,"midday"
73,614,141,473,"weekday","breakfast","travelling","unknown","grocery",0,1,1,"morning"
73,617,144,473,"weekday","breakfast","travelling","freezing","restaurant",0,1,1,"morning"
73,633,160,473,"weekday","breakfast","travelling","cold","restaurant",0,1,1,"morning"
73,650,177,473,"weekday","night","travelling","cold","restaurant",0,1,1,"night"
73,651,178,473,"weekday","dinner","working","unknown","restaurant",1,1,1,"night"
74,486,0,486,"weekday","beforelunch","travelling","freezing","grocery",0,0,0,"midday"
74,487,1,486,"weekday","beforelunch","travelling","cold","grocery",1,0,0,"midday"
74,488,2,486,"weekday","beforelunch","unknown","warm","restaurant",1,0,0,"midday"
74,489,3,486,"weekday","afternoon","travelling","cold","restaurant",0,0,0,"midday"
74,490,4,486,"weekend","lunch","working","hot","restaurant",0,0,0,"midday"
74,491,5,486,"weekday","lunch","leisure","cold","restaurant",0,0,0,"midday"
74,492,6,486,"weekday","lunch","travelling","unknown","restaurant",0,0,0,"midday"
74,493,7,486,"weekday","afternoon","travelling","freezing","grocery",1,0,0,"midday"
74,497,11,486,"weekend","afternoon","travelling","unknown","grocery",0,0,0,"midday"
74,498,12,486,"weekend","lunch","travelling","unknown","restaurant",0,0,0,"midday"
74,499,13,486,"weekday","morning","travelling","freezing","grocery",0,0,0,"morning"
74,501,15,486,"weekday","afternoon","shopping","cold","restaurant",0,0,0,"midday"
74,503,17,486,"weekday","beforelunch","unknown","freezing","grocery",0,0,0,"midday"
74,507,21,486,"weekday","breakfast","travelling","warm","grocery",1,0,0,"morning"
74,508,22,486,"weekend","dinner","travelling","unknown","restaurant",0,0,0,"night"
74,509,23,486,"weekday","lunch","travelling","warm","restaurant",1,0,0,"midday"
74,510,24,486,"weekend","lunch","travelling","cold","grocery",0,0,0,"midday"
74,511,25,486,"weekday","beforelunch","shopping","unknown","grocery",0,0,0,"midday"
74,513,27,486,"weekend","lunch","shopping","hot","restaurant",0,0,0,"midday"
74,514,28,486,"weekend","lunch","morningrituals","unknown","restaurant",0,0,0,"midday"
74,515,29,486,"weekday","afternoon","working","warm","grocery",0,0,0,"midday"
74,517,31,486,"weekday","beforelunch","travelling","hot","restaurant",1,0,0,"midday"
74,518,32,486,"weekday","beforelunch","working","cold","restaurant",0,0,0,"midday"
74,519,33,486,"weekday","afternoon","working","warm","grocery",1,0,0,"midday"
74,520,34,486,"weekend","afternoon","unknown","freezing","restaurant",0,0,0,"midday"
74,521,35,486,"weekend","beforelunch","travelling","cold","restaurant",0,0,0,"midday"
74,527,41,486,"weekday","afternoon","travelling","unknown","grocery",0,0,0,"midday"
74,529,43,486,"weekday","beforelunch","housework","freezing","restaurant",0,0,0,"midday"
74,530,44,486,"weekday","breakfast","travelling","cold","restaurant",1,0,0,"morning"
74,531,45,486,"weekday","afternoon","leisure","cold","restaurant",0,0,0,"midday"
74,532,46,486,"weekday","afternoon","travelling","cold","grocery",0,0,0,"midday"
74,533,47,486,"weekend","afternoon","unknown","cold","grocery",0,0,0,"midday"
74,534,48,486,"weekday","morning","shopping","hot","grocery",0,0,0,"morning"
74,535,49,486,"weekday","afternoon","travelling","unknown","restaurant",0,0,0,"midday"
74,536,50,486,"weekday","beforelunch","travelling","cold","grocery",1,0,0,"midday"
74,537,51,486,"weekend","afternoon","unknown","hot","grocery",1,0,0,"midday"
74,538,52,486,"weekend","lunch","travelling","freezing","restaurant",0,0,0,"midday"
74,539,53,486,"weekend","evening","unknown","warm","grocery",1,0,0,"night"
74,540,54,486,"weekday","afternoon","travelling","cold","grocery",0,0,0,"midday"
74,542,56,486,"weekend","afternoon","shopping","freezing","grocery",0,0,0,"midday"
74,543,57,486,"weekday","afternoon","leisure","warm","grocery",0,1,0,"midday"
74,545,59,486,"weekday","lunch","leisure","unknown","restaurant",0,1,0,"midday"
74,546,60,486,"weekday","lunch","travelling","freezing","grocery",1,1,0,"midday"
74,547,61,486,"weekend","lunch","travelling","warm","grocery",1,1,0,"midday"
74,550,64,486,"weekday","beforelunch","working","cold","restaurant",0,1,0,"midday"
74,551,65,486,"weekday","afternoon","travelling","warm","restaurant",1,1,0,"midday"
74,554,68,486,"weekday","lunch","unknown","unknown","grocery",1,1,0,"midday"
74,555,69,486,"weekday","morning","leisure","cold","grocery",0,1,0,"morning"
74,557,71,486,"weekday","breakfast","working","unknown","grocery",0,1,0,"morning"
74,558,72,486,"weekday","breakfast","travelling","unknown","restaurant",0,1,0,"morning"
74,559,73,486,"weekday","afternoon","travelling","freezing","restaurant",1,1,0,"midday"
74,560,74,486,"weekday","lunch","travelling","freezing","grocery",0,1,0,"midday"
74,562,76,486,"weekend","lunch","travelling","warm","grocery",0,1,0,"midday"
74,563,77,486,"weekday","dinner","travelling","unknown","grocery",1,1,0,"night"
74,565,79,486,"weekend","afternoon","shopping","cold","restaurant",1,1,0,"midday"
74,571,85,486,"weekday","morning","working","warm","restaurant",0,1,0,"morning"
74,573,87,486,"weekday","lunch","travelling","freezing","grocery",1,1,0,"midday"
74,574,88,486,"weekday","lunch","travelling","unknown","grocery",0,1,0,"midday"
74,575,89,486,"weekday","afternoon","working","freezing","grocery",1,1,0,"midday"
74,578,92,486,"weekday","afternoon","leisure","warm","restaurant",0,1,0,"midday"
74,580,94,486,"weekend","morning","unknown","freezing","grocery",0,1,0,"morning"
74,581,95,486,"weekend","beforelunch","travelling","warm","grocery",0,1,0,"midday"
74,582,96,486,"weekend","afternoon","travelling","cold","grocery",0,1,0,"midday"
74,585,99,486,"weekday","morning","travelling","cold","restaurant",0,1,0,"morning"
74,586,100,486,"weekday","lunch","leisure","cold","restaurant",1,1,0,"midday"
74,587,101,486,"weekday","beforelunch","travelling","freezing","grocery",0,1,0,"midday"
74,589,103,486,"weekend","breakfast","travelling","cold","restaurant",0,1,0,"morning"
74,590,104,486,"weekday","lunch","travelling","freezing","grocery",0,1,0,"midday"
74,591,105,486,"weekday","lunch","leisure","freezing","restaurant",0,1,0,"midday"
74,592,106,486,"weekday","lunch","leisure","freezing","restaurant",0,1,0,"midday"
74,593,107,486,"weekend","afternoon","leisure","unknown","restaurant",1,1,0,"midday"
74,594,108,486,"weekday","unknown","shopping","unknown","restaurant",0,1,0,"unknown"
74,596,110,486,"weekday","lunch","travelling","unknown","restaurant",0,1,0,"midday"
74,597,111,486,"weekday","afternoon","travelling","warm","restaurant",1,1,0,"midday"
74,598,112,486,"weekend","morning","travelling","unknown","restaurant",0,1,0,"morning"
74,599,113,486,"weekday","earlymorning","travelling","warm","restaurant",0,1,1,"morning"
74,600,114,486,"weekday","unknown","morningrituals","unknown","grocery",0,1,1,"unknown"
74,601,115,486,"weekday","breakfast","travelling","cold","grocery",0,1,1,"morning"
74,602,116,486,"weekday","afternoon","travelling","unknown","restaurant",0,1,1,"midday"
74,603,117,486,"weekend","breakfast","unknown","cold","restaurant",0,1,1,"morning"
74,604,118,486,"weekend","afternoon","travelling","hot","restaurant",0,1,1,"midday"
74,605,119,486,"weekday","afternoon","unknown","freezing","grocery",1,1,1,"midday"
74,606,120,486,"weekend","beforelunch","leisure","warm","grocery",1,1,1,"midday"
74,607,121,486,"weekday","lunch","working","warm","grocery",0,1,1,"midday"
74,608,122,486,"weekday","afternoon","morningrituals","freezing","grocery",0,1,1,"midday"
74,611,125,486,"weekend","lunch","travelling","cold","grocery",0,1,1,"midday"
74,612,126,486,"weekday","afternoon","housework","unknown","grocery",0,1,1,"midday"
74,614,128,486,"weekday","morning","travelling","cold","grocery",0,1,1,"morning"
74,616,130,486,"weekend","afternoon","travelling","cold","restaurant",0,1,1,"midday"
74,617,131,486,"weekday","dinner","leisure","freezing","grocery",0,1,1,"night"
74,619,133,486,"weekday","afternoon","travelling","freezing","restaurant",0,1,1,"midday"
74,620,134,486,"weekday","afternoon","unknown","hot","grocery",0,1,1,"midday"
74,621,135,486,"weekday","afternoon","leisure","freezing","restaurant",0,1,1,"midday"
74,622,136,486,"weekday","beforelunch","leisure","unknown","grocery",1,1,1,"midday"
74,623,137,486,"weekend","afternoon","travelling","freezing","restaurant",0,1,1,"midday"
74,624,138,486,"weekday","lunch","travelling","warm","restaurant",0,1,1,"midday"
74,626,140,486,"weekend","beforelunch","travelling","cold","grocery",0,1,1,"midday"
74,628,142,486,"weekday","beforelunch","travelling","hot","grocery",1,1,1,"midday"
74,629,143,486,"weekday","afternoon","travelling","freezing","restaurant",0,1,1,"midday"
74,630,144,486,"weekday","night","leisure","unknown","grocery",0,1,1,"night"
74,631,145,486,"weekend","morning","travelling","cold","grocery",0,1,1,"morning"
74,632,146,486,"weekday","night","unknown","hot","restaurant",0,1,1,"night"
74,635,149,486,"weekday","lunch","morningrituals","cold","grocery",0,1,1,"midday"
74,636,150,486,"weekday","afternoon","leisure","warm","grocery",0,1,1,"midday"
74,637,151,486,"weekday","morning","travelling","unknown","grocery",0,1,1,"morning"
74,638,152,486,"weekday","beforelunch","travelling","unknown","restaurant",0,1,1,"midday"
74,639,153,486,"weekday","unknown","travelling","freezing","grocery",0,1,1,"unknown"
74,643,157,486,"weekday","breakfast","morningrituals","cold","restaurant",0,1,1,"morning"
74,644,158,486,"weekday","breakfast","unknown","unknown","grocery",0,1,1,"morning"
74,645,159,486,"weekday","lunch","travelling","cold","grocery",0,1,1,"midday"
74,646,160,486,"weekday","afternoon","travelling","freezing","restaurant",0,1,1,"midday"
74,647,161,486,"weekday","lunch","unknown","freezing","grocery",1,1,1,"midday"
74,648,162,486,"weekday","afternoon","workingout","unknown","grocery",0,1,1,"midday"
74,650,164,486,"weekday","afternoon","travelling","unknown","grocery",1,1,1,"midday"
74,651,165,486,"weekend","breakfast","leisure","cold","restaurant",0,1,1,"morning"
74,652,166,486,"weekday","beforelunch","travelling","warm","restaurant",1,1,1,"midday"
74,653,167,486,"weekend","breakfast","travelling","hot","restaurant",0,1,1,"morning"
74,654,168,486,"weekday","unknown","working","unknown","grocery",0,1,1,"unknown"
74,657,171,486,"weekday","afternoon","travelling","warm","restaurant",1,1,1,"midday"
74,659,173,486,"weekday","afternoon","shopping","unknown","grocery",0,1,1,"midday"
74,660,174,486,"weekday","lunch","travelling","freezing","grocery",1,1,1,"midday"
74,663,177,486,"weekday","afternoon","unknown","cold","restaurant",0,1,1,"midday"
74,664,178,486,"weekend","breakfast","leisure","cold","grocery",1,1,1,"morning"
74,665,179,486,"weekday","beforelunch","leisure","hot","restaurant",0,1,1,"midday"
74,666,180,486,"weekday","lunch","leisure","cold","restaurant",0,1,1,"midday"
74,668,182,486,"weekday","afternoon","travelling","freezing","restaurant",0,1,1,"midday"
75,494,0,494,"weekday","beforelunch","shopping","cold","restaurant",0,0,0,"midday"
75,495,1,494,"weekend","afternoon","travelling","unknown","grocery",1,0,0,"midday"
75,496,2,494,"weekend","night","travelling","freezing","restaurant",0,0,0,"night"
75,497,3,494,"weekday","beforelunch","travelling","warm","grocery",0,0,0,"midday"
75,498,4,494,"weekend","afternoon","travelling","cold","restaurant",0,0,0,"midday"
75,499,5,494,"weekday","afternoon","travelling","cold","restaurant",0,0,0,"midday"
75,501,7,494,"weekday","lunch","unknown","cold","restaurant",0,0,0,"midday"
75,502,8,494,"weekday","lunch","unknown","cold","grocery",1,0,0,"midday"
75,504,10,494,"weekday","morning","travelling","cold","grocery",0,0,0,"morning"
75,505,11,494,"weekend","afternoon","travelling","cold","restaurant",0,0,0,"midday"
75,506,12,494,"weekday","lunch","leisure","cold","grocery",0,0,0,"midday"
75,509,15,494,"weekend","morning","shopping","warm","restaurant",1,0,0,"morning"
75,511,17,494,"weekday","beforelunch","travelling","cold","grocery",0,0,0,"midday"
75,513,19,494,"weekday","morning","travelling","hot","grocery",1,0,0,"morning"
75,514,20,494,"weekday","lunch","unknown","warm","restaurant",0,0,0,"midday"
75,518,24,494,"weekday","breakfast","morningrituals","unknown","grocery",0,0,0,"morning"
75,519,25,494,"weekday","lunch","travelling","cold","restaurant",0,0,0,"midday"
75,522,28,494,"weekday","afternoon","housework","unknown","restaurant",1,0,0,"midday"
75,524,30,494,"weekday","afternoon","travelling","warm","restaurant",0,0,0,"midday"
75,526,32,494,"weekday","lunch","unknown","cold","restaurant",0,0,0,"midday"
75,527,33,494,"weekday","lunch","unknown","unknown","grocery",1,0,0,"midday"
75,530,36,494,"weekday","beforelunch","travelling","freezing","restaurant",0,0,0,"midday"
75,531,37,494,"weekday","lunch","shopping","unknown","restaurant",0,0,0,"midday"
75,532,38,494,"weekday","evening","travelling","warm","grocery",0,0,0,"night"
75,536,42,494,"weekday","afternoon","unknown","hot","grocery",0,0,0,"midday"
75,538,44,494,"weekend","unknown","travelling","cold","grocery",0,0,0,"unknown"
75,541,47,494,"weekend","morning","unknown","unknown","restaurant",0,0,0,"morning"
75,542,48,494,"weekend","beforelunch","travelling","freezing","grocery",0,0,0,"midday"
75,544,50,494,"weekday","beforelunch","working","unknown","restaurant",1,0,0,"midday"
75,545,51,494,"weekday","lunch","travelling","warm","grocery",0,0,0,"midday"
75,546,52,494,"weekday","unknown","travelling","unknown","grocery",0,0,0,"unknown"
75,548,54,494,"weekday","lunch","travelling","hot","grocery",0,0,0,"midday"
75,550,56,494,"weekend","breakfast","travelling","hot","grocery",0,0,0,"morning"
75,551,57,494,"weekend","dinner","travelling","freezing","grocery",0,1,0,"night"
75,556,62,494,"weekday","beforelunch","working","freezing","restaurant",0,1,0,"midday"
75,560,66,494,"weekend","afternoon","travelling","warm","restaurant",1,1,0,"midday"
75,561,67,494,"weekday","afternoon","leisure","cold","restaurant",1,1,0,"midday"
75,562,68,494,"weekday","dinner","travelling","unknown","restaurant",0,1,0,"night"
75,564,70,494,"weekend","breakfast","unknown","warm","grocery",1,1,0,"morning"
75,565,71,494,"weekday","beforelunch","leisure","cold","grocery",0,1,0,"midday"
75,566,72,494,"weekend","afternoon","leisure","warm","grocery",0,1,0,"midday"
75,569,75,494,"weekend","breakfast","travelling","cold","restaurant",0,1,0,"morning"
75,571,77,494,"weekday","breakfast","morningrituals","warm","grocery",0,1,0,"morning"
75,572,78,494,"weekday","lunch","travelling","cold","grocery",0,1,0,"midday"
75,575,81,494,"weekday","beforelunch","travelling","freezing","restaurant",0,1,0,"midday"
75,579,85,494,"weekday","breakfast","travelling","cold","restaurant",0,1,0,"morning"
75,580,86,494,"weekday","night","travelling","cold","restaurant",0,1,0,"night"
75,582,88,494,"weekday","afternoon","unknown","warm","restaurant",0,1,0,"midday"
75,583,89,494,"weekend","afternoon","travelling","cold","grocery",1,1,0,"midday"
75,584,90,494,"weekend","morning","leisure","warm","grocery",0,1,0,"morning"
75,587,93,494,"weekday","dinner","travelling","freezing","restaurant",1,1,0,"night"
75,588,94,494,"weekday","lunch","travelling","unknown","restaurant",0,1,0,"midday"
75,589,95,494,"weekend","lunch","working","freezing","grocery",0,1,0,"midday"
75,590,96,494,"weekday","afternoon","travelling","warm","grocery",0,1,0,"midday"
75,591,97,494,"weekend","afternoon","unknown","cold","grocery",0,1,0,"midday"
75,593,99,494,"weekend","morning","travelling","freezing","grocery",0,1,0,"morning"
75,594,100,494,"weekend","earlymorning","travelling","unknown","grocery",1,1,0,"morning"
75,595,101,494,"weekday","afternoon","unknown","cold","grocery",1,1,0,"midday"
75,597,103,494,"weekday","afternoon","travelling","warm","restaurant",0,1,0,"midday"
75,598,104,494,"weekday","beforelunch","leisure","freezing","restaurant",0,1,0,"midday"
75,599,105,494,"weekday","unknown","travelling","unknown","restaurant",0,1,0,"unknown"
75,601,107,494,"weekend","afternoon","shopping","hot","grocery",1,1,0,"midday"
75,602,108,494,"weekday","afternoon","travelling","freezing","restaurant",0,1,0,"midday"
75,603,109,494,"weekend","breakfast","leisure","warm","restaurant",1,1,0,"morning"
75,607,113,494,"weekday","beforelunch","travelling","unknown","grocery",0,1,1,"midday"
75,614,120,494,"weekday","lunch","unknown","cold","restaurant",0,1,1,"midday"
75,615,121,494,"weekday","night","travelling","unknown","restaurant",0,1,1,"night"
75,616,122,494,"weekday","afternoon","travelling","cold","restaurant",0,1,1,"midday"
75,617,123,494,"weekday","lunch","travelling","cold","grocery",0,1,1,"midday"
75,621,127,494,"weekday","afternoon","travelling","hot","grocery",1,1,1,"midday"
75,622,128,494,"weekend","unknown","travelling","cold","grocery",1,1,1,"unknown"
75,625,131,494,"weekend","afternoon","travelling","unknown","restaurant",0,1,1,"midday"
75,627,133,494,"weekend","breakfast","travelling","warm","restaurant",1,1,1,"morning"
75,628,134,494,"weekday","beforelunch","travelling","unknown","restaurant",0,1,1,"midday"
75,630,136,494,"weekday","afternoon","travelling","unknown","restaurant",0,1,1,"midday"
75,631,137,494,"weekend","lunch","travelling","freezing","grocery",0,1,1,"midday"
75,632,138,494,"unknown","afternoon","travelling","cold","grocery",0,1,1,"midday"
75,633,139,494,"weekday","lunch","unknown","hot","grocery",1,1,1,"midday"
75,635,141,494,"weekend","breakfast","travelling","cold","restaurant",0,1,1,"morning"
75,638,144,494,"weekday","afternoon","morningrituals","warm","restaurant",1,1,1,"midday"
75,639,145,494,"weekday","unknown","travelling","cold","restaurant",0,1,1,"unknown"
75,646,152,494,"weekend","beforelunch","travelling","cold","grocery",0,1,1,"midday"
75,647,153,494,"weekday","afternoon","travelling","cold","restaurant",0,1,1,"midday"
75,648,154,494,"weekday","lunch","travelling","cold","grocery",1,1,1,"midday"
75,650,156,494,"weekday","beforelunch","unknown","cold","restaurant",0,1,1,"midday"
75,652,158,494,"weekday","beforelunch","travelling","freezing","restaurant",1,1,1,"midday"
75,654,160,494,"weekday","afternoon","travelling","warm","grocery",0,1,1,"midday"
75,656,162,494,"weekday","afternoon","travelling","unknown","grocery",0,1,1,"midday"
75,657,163,494,"weekday","afternoon","travelling","unknown","grocery",0,1,1,"midday"
75,659,165,494,"weekend","beforelunch","leisure","hot","grocery",1,1,1,"midday"
75,664,170,494,"weekday","breakfast","unknown","freezing","grocery",0,1,1,"morning"
75,666,172,494,"weekend","afternoon","travelling","warm","restaurant",0,1,1,"midday"
75,667,173,494,"weekday","beforelunch","unknown","unknown","grocery",0,1,1,"midday"
75,668,174,494,"weekday","afternoon","working","unknown","grocery",0,1,1,"midday"
75,669,175,494,"weekday","lunch","shopping","cold","grocery",0,1,1,"midday"
75,670,176,494,"weekend","afternoon","unknown","unknown","grocery",0,1,1,"midday"
75,672,178,494,"weekday","dinner","shopping","hot","grocery",0,1,1,"night"
75,673,179,494,"weekday","lunch","travelling","hot","restaurant",0,1,1,"midday"
75,675,181,494,"weekday","morning","working","cold","grocery",0,1,1,"morning"
75,676,182,494,"weekday","afternoon","unknown","unknown","grocery",0,1,1,"midday"
75,677,183,494,"weekday","lunch","travelling","freezing","grocery",1,1,1,"midday"
76,525,29,496,"weekday","afternoon","travelling","freezing","restaurant",0,0,0,"midday"
76,526,30,496,"weekday","lunch","working","cold","restaurant",1,0,0,"midday"
76,530,34,496,"weekday","lunch","leisure","cold","grocery",0,0,0,"midday"
76,546,50,496,"weekday","afternoon","travelling","hot","restaurant",0,0,0,"midday"
76,553,57,496,"weekday","lunch","travelling","cold","grocery",0,1,0,"midday"
76,558,62,496,"weekday","afternoon","travelling","freezing","grocery",1,1,0,"midday"
76,589,93,496,"weekend","afternoon","travelling","cold","restaurant",0,1,0,"midday"
76,606,110,496,"weekday","beforelunch","travelling","cold","grocery",0,1,0,"midday"
76,633,137,496,"weekend","lunch","travelling","unknown","grocery",0,1,1,"midday"
76,655,159,496,"weekend","lunch","travelling","cold","restaurant",1,1,1,"midday"
76,657,161,496,"weekday","lunch","travelling","cold","restaurant",0,1,1,"midday"
77,510,4,506,"weekday","beforelunch","travelling","hot","restaurant",0,0,0,"midday"
77,512,6,506,"weekday","dinner","travelling","cold","grocery",0,0,0,"night"
77,516,10,506,"weekend","afternoon","working","freezing","restaurant",0,0,0,"midday"
77,530,24,506,"weekday","beforelunch","travelling","hot","restaurant",0,0,0,"midday"
77,531,25,506,"weekday","lunch","working","freezing","grocery",0,0,0,"midday"
77,532,26,506,"weekday","earlymorning","travelling","freezing","restaurant",1,0,0,"morning"
77,537,31,506,"weekday","lunch","travelling","cold","grocery",1,0,0,"midday"
77,541,35,506,"weekend","beforelunch","unknown","cold","grocery",0,0,0,"midday"
77,544,38,506,"weekday","afternoon","shopping","unknown","restaurant",0,0,0,"midday"
77,548,42,506,"weekday","lunch","travelling","warm","restaurant",1,0,0,"midday"
77,552,46,506,"weekday","lunch","morningrituals","unknown","restaurant",1,0,0,"midday"
77,555,49,506,"weekday","beforelunch","unknown","unknown","restaurant",0,0,0,"midday"
77,556,50,506,"weekend","beforelunch","unknown","cold","restaurant",0,0,0,"midday"
77,558,52,506,"weekday","beforelunch","unknown","unknown","restaurant",0,0,0,"midday"
77,559,53,506,"weekend","beforelunch","travelling","cold","restaurant",0,0,0,"midday"
77,567,61,506,"weekday","morning","travelling","unknown","restaurant",0,1,0,"morning"
77,573,67,506,"weekday","lunch","morningrituals","cold","restaurant",1,1,0,"midday"
77,575,69,506,"weekday","afternoon","travelling","cold","restaurant",0,1,0,"midday"
77,576,70,506,"weekday","lunch","travelling","cold","restaurant",1,1,0,"midday"
77,580,74,506,"weekday","lunch","unknown","unknown","restaurant",0,1,0,"midday"
77,586,80,506,"weekend","afternoon","leisure","freezing","grocery",0,1,0,"midday"
77,587,81,506,"weekday","afternoon","travelling","unknown","restaurant",0,1,0,"midday"
77,593,87,506,"weekday","evening","travelling","cold","grocery",0,1,0,"night"
77,594,88,506,"weekday","dinner","unknown","unknown","grocery",0,1,0,"night"
77,596,90,506,"weekday","afternoon","travelling","warm","restaurant",0,1,0,"midday"
77,602,96,506,"weekend","afternoon","travelling","cold","grocery",0,1,0,"midday"
77,606,100,506,"weekday","dinner","travelling","hot","grocery",0,1,0,"night"
77,611,105,506,"weekend","night","working","hot","restaurant",1,1,0,"night"
77,614,108,506,"weekday","afternoon","travelling","cold","grocery",0,1,0,"midday"
77,615,109,506,"weekday","night","travelling","cold","grocery",0,1,0,"night"
77,624,118,506,"weekday","breakfast","travelling","freezing","grocery",1,1,1,"morning"
77,633,127,506,"weekday","lunch","travelling","cold","restaurant",0,1,1,"midday"
77,638,132,506,"weekday","breakfast","travelling","unknown","restaurant",0,1,1,"morning"
77,640,134,506,"weekday","afternoon","morningrituals","freezing","restaurant",1,1,1,"midday"
77,643,137,506,"weekend","afternoon","shopping","freezing","restaurant",0,1,1,"midday"
77,646,140,506,"weekday","beforelunch","travelling","cold","grocery",0,1,1,"midday"
77,648,142,506,"weekend","afternoon","morningrituals","unknown","restaurant",0,1,1,"midday"
77,650,144,506,"weekday","afternoon","travelling","hot","grocery",1,1,1,"midday"
77,653,147,506,"weekday","afternoon","travelling","freezing","restaurant",0,1,1,"midday"
77,661,155,506,"weekend","beforelunch","travelling","freezing","grocery",1,1,1,"midday"
77,664,158,506,"weekend","evening","shopping","unknown","restaurant",0,1,1,"night"
77,665,159,506,"weekend","beforelunch","working","cold","restaurant",1,1,1,"midday"
77,670,164,506,"weekday","beforelunch","unknown","cold","restaurant",0,1,1,"midday"
77,672,166,506,"weekday","morning","working","cold","grocery",0,1,1,"morning"
77,675,169,506,"weekday","lunch","shopping","unknown","restaurant",0,1,1,"midday"
77,677,171,506,"weekend","afternoon","travelling","freezing","grocery",0,1,1,"midday"
77,681,175,506,"weekend","earlymorning","working","freezing","grocery",1,1,1,"morning"
77,683,177,506,"weekday","afternoon","travelling","warm","grocery",1,1,1,"midday"
77,686,180,506,"weekday","lunch","travelling","cold","restaurant",0,1,1,"midday"
77,687,181,506,"weekday","beforelunch","travelling","cold","grocery",1,1,1,"midday"
78,513,3,510,"weekend","afternoon","travelling","unknown","grocery",0,0,0,"midday"
78,516,6,510,"weekend","breakfast","working","hot","grocery",0,0,0,"morning"
78,528,18,510,"weekday","beforelunch","leisure","freezing","grocery",0,0,0,"midday"
78,530,20,510,"weekday","breakfast","unknown","hot","restaurant",0,0,0,"morning"
78,539,29,510,"weekday","breakfast","travelling","cold","grocery",0,0,0,"morning"
78,540,30,510,"weekday","unknown","travelling","freezing","grocery",0,0,0,"unknown"
78,546,36,510,"weekday","afternoon","shopping","cold","restaurant",0,0,0,"midday"
78,560,50,510,"weekday","afternoon","working","freezing","grocery",1,0,0,"midday"
78,569,59,510,"weekday","afternoon","travelling","cold","restaurant",0,1,0,"midday"
78,573,63,510,"weekend","lunch","leisure","cold","restaurant",1,1,0,"midday"
78,580,70,510,"weekday","afternoon","unknown","freezing","grocery",0,1,0,"midday"
78,582,72,510,"weekday","lunch","travelling","unknown","grocery",0,1,0,"midday"
78,599,89,510,"weekday","beforelunch","unknown","warm","grocery",1,1,0,"midday"
78,604,94,510,"weekday","breakfast","travelling","hot","grocery",1,1,0,"morning"
78,615,105,510,"weekday","morning","travelling","freezing","grocery",0,1,0,"morning"
78,621,111,510,"weekday","afternoon","travelling","cold","grocery",0,1,0,"midday"
78,633,123,510,"weekend","breakfast","unknown","cold","grocery",1,1,1,"morning"
78,644,134,510,"weekday","breakfast","travelling","unknown","grocery",0,1,1,"morning"
78,652,142,510,"weekday","morning","unknown","unknown","grocery",0,1,1,"morning"
78,660,150,510,"weekday","afternoon","travelling","freezing","restaurant",0,1,1,"midday"
78,664,154,510,"weekday","beforelunch","travelling","cold","restaurant",0,1,1,"midday"
78,671,161,510,"weekday","afternoon","travelling","freezing","grocery",0,1,1,"midday"
78,676,166,510,"weekday","breakfast","unknown","hot","restaurant",1,1,1,"morning"
78,677,167,510,"weekday","breakfast","travelling","cold","grocery",0,1,1,"morning"
78,688,178,510,"weekday","breakfast","working","freezing","restaurant",0,1,1,"morning"
78,689,179,510,"weekday","beforelunch","travelling","cold","grocery",0,1,1,"midday"
79,538,20,518,"weekday","afternoon","shopping","cold","restaurant",0,0,0,"midday"
79,540,22,518,"weekday","morning","travelling","freezing","grocery",1,0,0,"morning"
79,543,25,518,"weekday","afternoon","travelling","freezing","grocery",1,0,0,"midday"
79,545,27,518,"weekday","afternoon","travelling","cold","grocery",0,0,0,"midday"
79,552,34,518,"weekday","afternoon","unknown","cold","grocery",0,0,0,"midday"
79,553,35,518,"weekday","afternoon","travelling","unknown","grocery",0,0,0,"midday"
79,588,70,518,"weekday","lunch","travelling","warm","restaurant",0,1,0,"midday"
79,609,91,518,"weekday","breakfast","unknown","freezing","restaurant",1,1,0,"morning"
79,612,94,518,"weekday","breakfast","shopping","warm","restaurant",0,1,0,"morning"
79,621,103,518,"weekend","afternoon","working","hot","restaurant",0,1,0,"midday"
79,626,108,518,"weekday","afternoon","travelling","warm","grocery",1,1,0,"midday"
79,670,152,518,"weekday","afternoon","leisure","cold","restaurant",1,1,1,"midday"
79,698,180,518,"weekday","beforelunch","travelling","warm","grocery",0,1,1,"midday"
80,522,0,522,"weekday","lunch","travelling","unknown","restaurant",1,0,0,"midday"
80,525,3,522,"weekend","morning","unknown","hot","restaurant",1,0,0,"morning"
80,530,8,522,"weekday","morning","travelling","unknown","restaurant",0,0,0,"morning"
80,535,13,522,"weekend","afternoon","unknown","warm","restaurant",0,0,0,"midday"
80,536,14,522,"weekday","lunch","leisure","unknown","grocery",0,0,0,"midday"
80,538,16,522,"weekend","afternoon","travelling","freezing","grocery",0,0,0,"midday"
80,541,19,522,"weekend","afternoon","travelling","hot","restaurant",0,0,0,"midday"
80,544,22,522,"weekday","afternoon","travelling","cold","grocery",0,0,0,"midday"
80,546,24,522,"weekday","lunch","travelling","hot","grocery",0,0,0,"midday"
80,547,25,522,"weekend","morning","travelling","freezing","restaurant",1,0,0,"morning"
80,549,27,522,"weekday","dinner","unknown","unknown","grocery",1,0,0,"night"
80,551,29,522,"weekend","morning","leisure","warm","grocery",1,0,0,"morning"
80,553,31,522,"weekday","afternoon","housework","warm","restaurant",0,0,0,"midday"
80,559,37,522,"weekday","afternoon","travelling","unknown","restaurant",0,0,0,"midday"
80,560,38,522,"weekend","lunch","travelling","freezing","grocery",1,0,0,"midday"
80,567,45,522,"weekday","afternoon","unknown","unknown","restaurant",0,0,0,"midday"
80,570,48,522,"unknown","afternoon","travelling","freezing","grocery",0,0,0,"midday"
80,583,61,522,"unknown","lunch","travelling","hot","restaurant",0,1,0,"midday"
80,598,76,522,"weekday","lunch","travelling","hot","grocery",0,1,0,"midday"
80,601,79,522,"unknown","beforelunch","travelling","cold","grocery",0,1,0,"midday"
80,603,81,522,"weekday","breakfast","travelling","unknown","grocery",1,1,0,"morning"
80,605,83,522,"weekday","dinner","unknown","freezing","grocery",1,1,0,"night"
80,611,89,522,"weekday","lunch","unknown","freezing","grocery",1,1,0,"midday"
80,613,91,522,"weekday","afternoon","unknown","hot","grocery",1,1,0,"midday"
80,614,92,522,"weekend","beforelunch","working","warm","restaurant",0,1,0,"midday"
80,617,95,522,"weekday","breakfast","travelling","freezing","grocery",0,1,0,"morning"
80,618,96,522,"weekend","evening","travelling","freezing","grocery",0,1,0,"night"
80,625,103,522,"weekday","afternoon","shopping","cold","grocery",0,1,0,"midday"
80,630,108,522,"weekend","beforelunch","morningrituals","cold","grocery",0,1,0,"midday"
80,631,109,522,"weekend","lunch","travelling","hot","grocery",1,1,0,"midday"
80,643,121,522,"weekday","lunch","unknown","unknown","restaurant",0,1,1,"midday"
80,647,125,522,"weekday","night","travelling","unknown","grocery",0,1,1,"night"
80,651,129,522,"weekend","lunch","travelling","cold","restaurant",0,1,1,"midday"
80,653,131,522,"weekend","lunch","unknown","unknown","grocery",1,1,1,"midday"
80,657,135,522,"weekday","breakfast","travelling","freezing","grocery",0,1,1,"morning"
80,667,145,522,"weekday","morning","leisure","unknown","grocery",1,1,1,"morning"
80,679,157,522,"weekday","lunch","leisure","freezing","grocery",1,1,1,"midday"
80,691,169,522,"weekday","afternoon","travelling","unknown","grocery",1,1,1,"midday"
80,703,181,522,"weekend","lunch","shopping","cold","grocery",0,1,1,"midday"
81,558,30,528,"weekday","afternoon","travelling","cold","restaurant",1,0,0,"midday"
81,559,31,528,"weekday","night","workingout","unknown","restaurant",0,0,0,"night"
81,566,38,528,"weekday","lunch","leisure","warm","restaurant",0,0,0,"midday"
81,594,66,528,"weekday","afternoon","travelling","freezing","grocery",1,1,0,"midday"
81,602,74,528,"weekday","afternoon","shopping","cold","grocery",0,1,0,"midday"
81,619,91,528,"weekday","lunch","travelling","unknown","restaurant",0,1,0,"midday"
81,630,102,528,"weekend","breakfast","unknown","freezing","grocery",0,1,0,"morning"
81,645,117,528,"weekday","afternoon","working","warm","restaurant",0,1,1,"midday"
81,651,123,528,"weekday","afternoon","unknown","cold","restaurant",0,1,1,"midday"
81,672,144,528,"weekday","beforelunch","travelling","cold","restaurant",1,1,1,"midday"
81,681,153,528,"weekday","breakfast","leisure","unknown","restaurant",0,1,1,"morning"
81,694,166,528,"weekday","lunch","travelling","warm","grocery",0,1,1,"midday"
81,710,182,528,"weekend","afternoon","travelling","freezing","restaurant",0,1,1,"midday"
82,550,17,533,"weekend","breakfast","leisure","cold","grocery",1,0,0,"morning"
82,551,18,533,"weekday","afternoon","unknown","cold","restaurant",0,0,0,"midday"
82,554,21,533,"weekday","afternoon","unknown","cold","restaurant",0,0,0,"midday"
82,555,22,533,"weekday","beforelunch","travelling","cold","grocery",1,0,0,"midday"
82,560,27,533,"weekend","afternoon","travelling","warm","restaurant",0,0,0,"midday"
82,561,28,533,"weekday","lunch","travelling","cold","grocery",0,0,0,"midday"
82,564,31,533,"weekend","beforelunch","unknown","unknown","restaurant",0,0,0,"midday"
82,571,38,533,"weekday","evening","working","freezing","restaurant",0,0,0,"night"
82,576,43,533,"weekday","lunch","travelling","freezing","grocery",0,0,0,"midday"
82,577,44,533,"weekday","lunch","travelling","cold","grocery",0,0,0,"midday"
82,584,51,533,"weekday","morning","travelling","warm","grocery",0,0,0,"morning"
82,587,54,533,"weekday","lunch","working","unknown","grocery",0,0,0,"midday"
82,594,61,533,"weekday","dinner","travelling","unknown","restaurant",0,1,0,"night"
82,597,64,533,"weekend","afternoon","leisure","freezing","grocery",0,1,0,"midday"
82,602,69,533,"weekday","morning","travelling","warm","grocery",0,1,0,"morning"
82,606,73,533,"weekday","afternoon","unknown","cold","restaurant",1,1,0,"midday"
82,609,76,533,"weekday","afternoon","unknown","cold","restaurant",0,1,0,"midday"
82,613,80,533,"weekday","breakfast","travelling","freezing","restaurant",0,1,0,"morning"
82,616,83,533,"weekend","morning","travelling","hot","grocery",0,1,0,"morning"
82,618,85,533,"weekday","lunch","unknown","unknown","restaurant",1,1,0,"midday"
82,622,89,533,"weekday","beforelunch","working","unknown","grocery",1,1,0,"midday"
82,631,98,533,"weekend","lunch","unknown","cold","restaurant",0,1,0,"midday"
82,632,99,533,"weekday","breakfast","workingout","hot","restaurant",0,1,0,"morning"
82,633,100,533,"weekday","afternoon","unknown","cold","grocery",0,1,0,"midday"
82,650,117,533,"weekend","beforelunch","travelling","cold","grocery",1,1,1,"midday"
82,657,124,533,"weekday","beforelunch","travelling","hot","restaurant",0,1,1,"midday"
82,667,134,533,"weekday","earlymorning","unknown","unknown","grocery",0,1,1,"morning"
82,670,137,533,"weekday","lunch","leisure","cold","grocery",0,1,1,"midday"
82,674,141,533,"weekend","afternoon","travelling","cold","grocery",0,1,1,"midday"
82,678,145,533,"weekday","beforelunch","travelling","warm","grocery",0,1,1,"midday"
82,685,152,533,"weekday","afternoon","leisure","cold","restaurant",0,1,1,"midday"
82,695,162,533,"weekday","lunch","unknown","unknown","grocery",0,1,1,"midday"
82,714,181,533,"weekday","beforelunch","leisure","freezing","restaurant",0,1,1,"midday"
83,576,40,536,"weekday","afternoon","unknown","unknown","restaurant",0,0,0,"midday"
83,577,41,536,"weekday","beforelunch","unknown","freezing","grocery",1,0,0,"midday"
83,590,54,536,"weekday","afternoon","travelling","unknown","restaurant",1,0,0,"midday"
83,597,61,536,"weekend","beforelunch","travelling","cold","restaurant",0,1,0,"midday"
83,604,68,536,"weekday","afternoon","unknown","warm","restaurant",1,1,0,"midday"
83,652,116,536,"weekday","lunch","unknown","cold","restaurant",1,1,1,"midday"
83,658,122,536,"weekday","lunch","working","cold","grocery",0,1,1,"midday"
83,694,158,536,"weekday","morning","travelling","freezing","restaurant",0,1,1,"morning"
83,695,159,536,"weekday","lunch","social","warm","grocery",0,1,1,"midday"
83,714,178,536,"weekday","afternoon","travelling","cold","grocery",0,1,1,"midday"
84,551,2,549,"weekday","breakfast","travelling","cold","grocery",0,0,0,"morning"
84,552,3,549,"weekend","lunch","travelling","cold","restaurant",1,0,0,"midday"
84,557,8,549,"weekend","lunch","unknown","unknown","grocery",0,0,0,"midday"
84,560,11,549,"weekday","beforelunch","unknown","freezing","restaurant",1,0,0,"midday"
84,564,15,549,"weekday","breakfast","travelling","unknown","grocery",1,0,0,"morning"
84,571,22,549,"weekday","afternoon","travelling","hot","restaurant",0,0,0,"midday"
84,575,26,549,"weekday","dinner","travelling","cold","grocery",0,0,0,"night"
84,580,31,549,"weekend","morning","travelling","freezing","grocery",1,0,0,"morning"
84,581,32,549,"weekday","afternoon","travelling","cold","grocery",1,0,0,"midday"
84,584,35,549,"weekend","morning","morningrituals","unknown","grocery",0,0,0,"morning"
84,585,36,549,"weekend","afternoon","travelling","hot","restaurant",1,0,0,"midday"
84,589,40,549,"weekday","lunch","travelling","cold","grocery",1,0,0,"midday"
84,596,47,549,"weekday","lunch","travelling","warm","restaurant",1,0,0,"midday"
84,627,78,549,"weekend","unknown","leisure","freezing","grocery",0,1,0,"unknown"
84,628,79,549,"weekday","beforelunch","unknown","warm","grocery",0,1,0,"midday"
84,641,92,549,"weekday","beforelunch","travelling","unknown","grocery",1,1,0,"midday"
84,652,103,549,"weekday","lunch","shopping","freezing","grocery",0,1,0,"midday"
84,657,108,549,"weekend","lunch","travelling","cold","restaurant",0,1,0,"midday"
84,661,112,549,"weekday","lunch","unknown","warm","restaurant",0,1,0,"midday"
84,665,116,549,"weekday","morning","leisure","unknown","grocery",0,1,1,"morning"
84,674,125,549,"weekday","afternoon","travelling","cold","restaurant",0,1,1,"midday"
84,688,139,549,"weekday","beforelunch","unknown","cold","restaurant",1,1,1,"midday"
84,696,147,549,"weekday","afternoon","leisure","unknown","restaurant",1,1,1,"midday"
84,698,149,549,"weekday","afternoon","travelling","cold","grocery",1,1,1,"midday"
84,702,153,549,"weekday","lunch","leisure","freezing","grocery",1,1,1,"midday"
84,703,154,549,"weekend","breakfast","morningrituals","freezing","restaurant",0,1,1,"morning"
84,704,155,549,"weekend","night","travelling","cold","grocery",1,1,1,"night"
84,706,157,549,"weekday","breakfast","unknown","cold","grocery",1,1,1,"morning"
84,728,179,549,"weekday","dinner","travelling","freezing","restaurant",0,1,1,"night"
85,562,0,562,"weekday","afternoon","travelling","warm","restaurant",0,0,0,"midday"
85,564,2,562,"weekday","lunch","working","freezing","grocery",0,0,0,"midday"
85,565,3,562,"weekday","lunch","travelling","unknown","grocery",1,0,0,"midday"
85,569,7,562,"weekday","lunch","travelling","hot","grocery",0,0,0,"midday"
85,572,10,562,"weekday","lunch","travelling","freezing","restaurant",0,0,0,"midday"
85,573,11,562,"weekday","lunch","travelling","unknown","grocery",1,0,0,"midday"
85,574,12,562,"weekday","beforelunch","travelling","cold","grocery",0,0,0,"midday"
85,576,14,562,"weekday","beforelunch","travelling","cold","restaurant",0,0,0,"midday"
85,581,19,562,"weekend","lunch","unknown","unknown","restaurant",1,0,0,"midday"
85,587,25,562,"weekday","morning","travelling","cold","grocery",0,0,0,"morning"
85,595,33,562,"weekend","lunch","working","warm","restaurant",0,0,0,"midday"
85,605,43,562,"weekend","afternoon","travelling","freezing","grocery",0,0,0,"midday"
85,608,46,562,"weekday","dinner","leisure","cold","restaurant",1,0,0,"night"
85,609,47,562,"weekday","lunch","working","hot","restaurant",0,0,0,"midday"
85,611,49,562,"weekday","lunch","leisure","freezing","grocery",0,0,0,"midday"
85,612,50,562,"weekday","afternoon","travelling","hot","grocery",0,0,0,"midday"
85,617,55,562,"weekday","beforelunch","workingout","freezing","restaurant",1,0,0,"midday"
85,620,58,562,"weekend","breakfast","travelling","warm","restaurant",0,1,0,"morning"
85,621,59,562,"weekday","lunch","travelling","unknown","restaurant",1,1,0,"midday"
85,622,60,562,"weekday","afternoon","travelling","cold","grocery",0,1,0,"midday"
85,630,68,562,"weekday","lunch","travelling","warm","grocery",1,1,0,"midday"
85,631,69,562,"weekday","lunch","travelling","hot","restaurant",0,1,0,"midday"
85,636,74,562,"weekday","afternoon","unknown","cold","restaurant",1,1,0,"midday"
85,642,80,562,"weekday","breakfast","travelling","warm","restaurant",0,1,0,"morning"
85,644,82,562,"weekday","lunch","travelling","cold","restaurant",0,1,0,"midday"
85,649,87,562,"weekday","lunch","unknown","freezing","grocery",0,1,0,"midday"
85,650,88,562,"weekday","morning","travelling","freezing","grocery",0,1,0,"morning"
85,651,89,562,"weekday","lunch","travelling","hot","grocery",0,1,0,"midday"
85,652,90,562,"weekday","breakfast","unknown","freezing","grocery",0,1,0,"morning"
85,659,97,562,"weekend","beforelunch","travelling","freezing","grocery",0,1,0,"midday"
85,661,99,562,"weekday","breakfast","travelling","unknown","grocery",0,1,0,"morning"
85,666,104,562,"weekday","afternoon","working","warm","grocery",1,1,0,"midday"
85,667,105,562,"weekday","earlymorning","unknown","freezing","restaurant",0,1,0,"morning"
85,668,106,562,"weekday","lunch","travelling","warm","grocery",0,1,0,"midday"
85,669,107,562,"weekday","lunch","travelling","cold","restaurant",0,1,0,"midday"
85,676,114,562,"weekend","afternoon","travelling","freezing","grocery",0,1,1,"midday"
85,677,115,562,"weekday","lunch","unknown","unknown","grocery",1,1,1,"midday"
85,678,116,562,"weekend","afternoon","unknown","hot","restaurant",0,1,1,"midday"
85,680,118,562,"weekday","beforelunch","travelling","freezing","restaurant",0,1,1,"midday"
85,682,120,562,"weekend","morning","travelling","hot","grocery",1,1,1,"morning"
85,685,123,562,"weekend","beforelunch","travelling","freezing","restaurant",0,1,1,"midday"
85,688,126,562,"weekday","lunch","travelling","cold","restaurant",1,1,1,"midday"
85,689,127,562,"weekend","morning","travelling","warm","restaurant",1,1,1,"morning"
85,694,132,562,"weekend","beforelunch","travelling","hot","restaurant",1,1,1,"midday"
85,695,133,562,"weekday","lunch","travelling","cold","grocery",1,1,1,"midday"
85,696,134,562,"weekday","afternoon","unknown","warm","restaurant",0,1,1,"midday"
85,697,135,562,"weekday","earlymorning","morningrituals","hot","grocery",0,1,1,"morning"
85,698,136,562,"weekday","lunch","leisure","freezing","grocery",0,1,1,"midday"
85,699,137,562,"weekday","afternoon","travelling","cold","grocery",1,1,1,"midday"
85,700,138,562,"weekday","afternoon","shopping","cold","restaurant",0,1,1,"midday"
85,701,139,562,"weekday","evening","leisure","hot","grocery",0,1,1,"night"
85,708,146,562,"weekday","lunch","travelling","unknown","restaurant",0,1,1,"midday"
85,709,147,562,"weekday","lunch","leisure","hot","grocery",1,1,1,"midday"
85,711,149,562,"weekday","lunch","travelling","unknown","restaurant",0,1,1,"midday"
85,712,150,562,"weekday","dinner","travelling","unknown","grocery",1,1,1,"night"
85,713,151,562,"weekday","night","travelling","cold","grocery",1,1,1,"night"
85,719,157,562,"weekday","lunch","travelling","cold","restaurant",0,1,1,"midday"
85,724,162,562,"weekend","lunch","shopping","unknown","restaurant",0,1,1,"midday"
85,725,163,562,"weekday","breakfast","shopping","hot","grocery",0,1,1,"morning"
85,727,165,562,"weekday","earlymorning","travelling","warm","restaurant",1,1,1,"morning"
85,737,175,562,"weekday","lunch","travelling","cold","grocery",0,1,1,"midday"
85,738,176,562,"weekday","beforelunch","travelling","cold","restaurant",0,1,1,"midday"
85,739,177,562,"weekday","evening","shopping","unknown","grocery",0,1,1,"night"
85,740,178,562,"weekend","breakfast","shopping","warm","grocery",0,1,1,"morning"
85,742,180,562,"weekday","afternoon","travelling","cold","grocery",0,1,1,"midday"
85,743,181,562,"weekday","lunch","leisure","freezing","restaurant",0,1,1,"midday"
85,744,182,562,"weekend","afternoon","travelling","warm","restaurant",0,1,1,"midday"
85,745,183,562,"weekday","lunch","travelling","hot","grocery",0,1,1,"midday"
86,573,1,572,"weekday","earlymorning","leisure","cold","grocery",0,0,0,"morning"
86,574,2,572,"weekend","beforelunch","unknown","unknown","restaurant",0,0,0,"midday"
86,577,5,572,"weekday","morning","leisure","freezing","grocery",1,0,0,"morning"
86,578,6,572,"weekday","breakfast","travelling","cold","restaurant",0,0,0,"morning"
86,585,13,572,"weekday","afternoon","travelling","cold","grocery",0,0,0,"midday"
86,586,14,572,"weekday","night","unknown","warm","restaurant",0,0,0,"night"
86,588,16,572,"weekday","lunch","travelling","freezing","grocery",0,0,0,"midday"
86,591,19,572,"weekend","morning","travelling","freezing","grocery",1,0,0,"morning"
86,593,21,572,"weekday","beforelunch","travelling","unknown","restaurant",0,0,0,"midday"
86,594,22,572,"weekday","afternoon","travelling","freezing","restaurant",0,0,0,"midday"
86,596,24,572,"unknown","morning","travelling","cold","restaurant",0,0,0,"morning"
86,597,25,572,"weekend","afternoon","travelling","cold","restaurant",0,0,0,"midday"
86,599,27,572,"weekday","afternoon","leisure","hot","grocery",1,0,0,"midday"
86,600,28,572,"weekday","afternoon","travelling","cold","grocery",0,0,0,"midday"
86,608,36,572,"weekday","afternoon","unknown","cold","restaurant",1,0,0,"midday"
86,610,38,572,"weekday","unknown","working","cold","restaurant",0,0,0,"unknown"
86,613,41,572,"weekend","afternoon","working","unknown","grocery",0,0,0,"midday"
86,616,44,572,"weekday","evening","travelling","hot","restaurant",1,0,0,"night"
86,617,45,572,"weekday","lunch","travelling","hot","restaurant",0,0,0,"midday"
86,619,47,572,"weekend","lunch","travelling","cold","restaurant",0,0,0,"midday"
86,621,49,572,"weekday","breakfast","working","warm","restaurant",0,0,0,"morning"
86,623,51,572,"weekday","breakfast","unknown","cold","grocery",0,0,0,"morning"
86,624,52,572,"weekday","afternoon","travelling","hot","grocery",1,0,0,"midday"
86,627,55,572,"weekday","beforelunch","travelling","freezing","restaurant",0,0,0,"midday"
86,632,60,572,"weekend","lunch","unknown","warm","restaurant",0,1,0,"midday"
86,633,61,572,"weekday","unknown","leisure","unknown","grocery",0,1,0,"unknown"
86,636,64,572,"weekday","breakfast","travelling","freezing","grocery",0,1,0,"morning"
86,637,65,572,"weekday","lunch","shopping","freezing","restaurant",0,1,0,"midday"
86,638,66,572,"weekend","beforelunch","travelling","freezing","grocery",1,1,0,"midday"
86,641,69,572,"weekend","lunch","travelling","hot","restaurant",0,1,0,"midday"
86,642,70,572,"weekend","afternoon","travelling","freezing","grocery",0,1,0,"midday"
86,647,75,572,"weekend","lunch","travelling","cold","restaurant",1,1,0,"midday"
86,648,76,572,"weekday","afternoon","travelling","warm","grocery",0,1,0,"midday"
86,651,79,572,"weekday","lunch","travelling","unknown","restaurant",1,1,0,"midday"
86,653,81,572,"weekday","beforelunch","travelling","cold","restaurant",0,1,0,"midday"
86,654,82,572,"weekday","afternoon","travelling","cold","restaurant",0,1,0,"midday"
86,657,85,572,"weekday","morning","travelling","cold","grocery",1,1,0,"morning"
86,658,86,572,"weekday","lunch","travelling","unknown","grocery",1,1,0,"midday"
86,659,87,572,"weekday","lunch","unknown","warm","grocery",1,1,0,"midday"
86,665,93,572,"weekday","afternoon","leisure","cold","restaurant",1,1,0,"midday"
86,669,97,572,"weekend","lunch","travelling","cold","restaurant",0,1,0,"midday"
86,671,99,572,"weekend","dinner","shopping","unknown","restaurant",0,1,0,"night"
86,672,100,572,"weekday","afternoon","unknown","freezing","grocery",0,1,0,"midday"
86,683,111,572,"weekend","afternoon","unknown","cold","grocery",0,1,0,"midday"
86,685,113,572,"weekday","beforelunch","unknown","unknown","restaurant",0,1,1,"midday"
86,686,114,572,"weekday","beforelunch","working","cold","grocery",0,1,1,"midday"
86,689,117,572,"weekday","latenight","travelling","warm","grocery",0,1,1,"night"
86,701,129,572,"unknown","evening","travelling","cold","restaurant",1,1,1,"night"
86,704,132,572,"weekend","morning","leisure","freezing","grocery",0,1,1,"morning"
86,707,135,572,"weekday","breakfast","travelling","hot","restaurant",1,1,1,"morning"
86,708,136,572,"weekend","beforelunch","travelling","cold","grocery",0,1,1,"midday"
86,709,137,572,"weekday","beforelunch","travelling","freezing","restaurant",0,1,1,"midday"
86,713,141,572,"weekday","breakfast","shopping","cold","grocery",1,1,1,"morning"
86,715,143,572,"weekend","afternoon","travelling","unknown","restaurant",1,1,1,"midday"
86,723,151,572,"weekday","night","unknown","cold","restaurant",0,1,1,"night"
86,724,152,572,"weekday","afternoon","travelling","cold","restaurant",0,1,1,"midday"
86,727,155,572,"weekday","afternoon","leisure","cold","restaurant",0,1,1,"midday"
86,729,157,572,"weekday","beforelunch","shopping","warm","restaurant",0,1,1,"midday"
86,731,159,572,"weekday","lunch","travelling","hot","grocery",1,1,1,"midday"
86,733,161,572,"weekday","afternoon","travelling","freezing","grocery",0,1,1,"midday"
86,734,162,572,"weekday","beforelunch","unknown","warm","grocery",1,1,1,"midday"
86,735,163,572,"weekday","afternoon","unknown","cold","grocery",1,1,1,"midday"
86,736,164,572,"weekday","lunch","travelling","cold","grocery",0,1,1,"midday"
86,742,170,572,"weekday","night","travelling","cold","grocery",0,1,1,"night"
86,745,173,572,"weekend","lunch","travelling","unknown","restaurant",0,1,1,"midday"
86,746,174,572,"weekday","afternoon","unknown","warm","grocery",1,1,1,"midday"
86,751,179,572,"weekday","beforelunch","travelling","cold","restaurant",0,1,1,"midday"
86,755,183,572,"weekday","breakfast","travelling","cold","restaurant",1,1,1,"morning"
87,582,0,582,"weekday","lunch","shopping","cold","restaurant",1,0,0,"midday"
87,585,3,582,"weekday","beforelunch","travelling","cold","restaurant",1,0,0,"midday"
87,587,5,582,"weekend","morning","morningrituals","unknown","restaurant",0,0,0,"morning"
87,605,23,582,"weekend","lunch","unknown","warm","restaurant",1,0,0,"midday"
87,607,25,582,"weekday","beforelunch","morningrituals","unknown","restaurant",0,0,0,"midday"
87,614,32,582,"weekday","lunch","travelling","cold","grocery",0,0,0,"midday"
87,618,36,582,"weekend","afternoon","unknown","cold","restaurant",0,0,0,"midday"
87,619,37,582,"weekday","beforelunch","travelling","warm","grocery",0,0,0,"midday"
87,620,38,582,"weekday","lunch","travelling","unknown","grocery",0,0,0,"midday"
87,640,58,582,"weekday","lunch","morningrituals","unknown","grocery",1,1,0,"midday"
87,641,59,582,"weekday","evening","travelling","freezing","restaurant",1,1,0,"night"
87,642,60,582,"weekday","afternoon","travelling","unknown","grocery",0,1,0,"midday"
87,645,63,582,"weekday","morning","shopping","cold","restaurant",1,1,0,"morning"
87,650,68,582,"weekday","beforelunch","working","hot","restaurant",0,1,0,"midday"
87,651,69,582,"weekend","beforelunch","travelling","unknown","grocery",0,1,0,"midday"
87,665,83,582,"weekend","lunch","shopping","cold","grocery",0,1,0,"midday"
87,666,84,582,"weekday","afternoon","unknown","warm","grocery",1,1,0,"midday"
87,667,85,582,"weekday","afternoon","travelling","freezing","grocery",1,1,0,"midday"
87,670,88,582,"weekday","afternoon","travelling","cold","grocery",0,1,0,"midday"
87,675,93,582,"weekend","lunch","travelling","unknown","restaurant",0,1,0,"midday"
87,676,94,582,"weekday","afternoon","travelling","freezing","grocery",1,1,0,"midday"
87,678,96,582,"weekday","unknown","housework","warm","restaurant",0,1,0,"unknown"
87,682,100,582,"weekend","lunch","travelling","cold","grocery",0,1,0,"midday"
87,683,101,582,"weekday","lunch","travelling","warm","restaurant",0,1,0,"midday"
87,687,105,582,"weekday","beforelunch","travelling","unknown","restaurant",0,1,0,"midday"
87,691,109,582,"weekday","afternoon","travelling","unknown","grocery",0,1,0,"midday"
87,692,110,582,"weekend","breakfast","leisure","cold","restaurant",0,1,0,"morning"
87,695,113,582,"weekday","morning","travelling","hot","grocery",0,1,1,"morning"
87,698,116,582,"weekday","lunch","travelling","cold","grocery",0,1,1,"midday"
87,701,119,582,"weekday","latenight","travelling","cold","restaurant",1,1,1,"night"
87,711,129,582,"weekend","evening","travelling","unknown","restaurant",0,1,1,"night"
87,717,135,582,"weekday","breakfast","travelling","freezing","grocery",0,1,1,"morning"
87,720,138,582,"weekend","lunch","travelling","cold","grocery",0,1,1,"midday"
87,721,139,582,"weekday","breakfast","travelling","freezing","restaurant",0,1,1,"morning"
87,724,142,582,"weekday","unknown","travelling","cold","grocery",1,1,1,"unknown"
87,726,144,582,"weekday","afternoon","travelling","warm","restaurant",0,1,1,"midday"
87,727,145,582,"weekday","lunch","travelling","cold","restaurant",0,1,1,"midday"
87,730,148,582,"weekday","morning","travelling","cold","restaurant",0,1,1,"morning"
87,733,151,582,"weekend","breakfast","working","hot","grocery",1,1,1,"morning"
87,737,155,582,"weekday","beforelunch","travelling","freezing","grocery",1,1,1,"midday"
87,742,160,582,"weekday","lunch","travelling","cold","grocery",0,1,1,"midday"
87,745,163,582,"weekday","dinner","working","cold","grocery",0,1,1,"night"
87,746,164,582,"weekday","afternoon","travelling","unknown","grocery",0,1,1,"midday"
87,747,165,582,"weekday","afternoon","travelling","cold","restaurant",1,1,1,"midday"
87,750,168,582,"weekend","breakfast","travelling","hot","grocery",0,1,1,"morning"
87,757,175,582,"weekday","afternoon","leisure","cold","grocery",0,1,1,"midday"
87,758,176,582,"weekend","beforelunch","working","warm","restaurant",1,1,1,"midday"
87,760,178,582,"weekend","beforelunch","unknown","unknown","grocery",0,1,1,"midday"
87,761,179,582,"weekend","beforelunch","unknown","cold","restaurant",0,1,1,"midday"
87,765,183,582,"weekday","afternoon","travelling","hot","grocery",0,1,1,"midday"
88,595,0,595,"weekday","breakfast","shopping","warm","restaurant",1,0,0,"morning"
88,596,1,595,"weekday","afternoon","shopping","cold","restaurant",1,0,0,"midday"
88,597,2,595,"weekday","lunch","travelling","unknown","grocery",0,0,0,"midday"
88,598,3,595,"weekday","breakfast","travelling","cold","grocery",1,0,0,"morning"
88,601,6,595,"weekday","afternoon","travelling","hot","restaurant",0,0,0,"midday"
88,603,8,595,"weekend","afternoon","unknown","freezing","restaurant",0,0,0,"midday"
88,605,10,595,"weekend","beforelunch","morningrituals","cold","grocery",0,0,0,"midday"
88,606,11,595,"weekday","lunch","travelling","cold","grocery",0,0,0,"midday"
88,608,13,595,"weekend","afternoon","travelling","freezing","restaurant",0,0,0,"midday"
88,609,14,595,"weekday","beforelunch","travelling","cold","grocery",0,0,0,"midday"
88,611,16,595,"weekday","dinner","unknown","unknown","grocery",1,0,0,"night"
88,614,19,595,"weekday","lunch","travelling","cold","restaurant",1,0,0,"midday"
88,615,20,595,"weekday","morning","unknown","cold","grocery",0,0,0,"morning"
88,617,22,595,"weekday","unknown","travelling","unknown","grocery",0,0,0,"unknown"
88,619,24,595,"weekend","afternoon","unknown","freezing","grocery",0,0,0,"midday"
88,620,25,595,"weekday","afternoon","travelling","hot","restaurant",1,0,0,"midday"
88,621,26,595,"weekday","earlymorning","travelling","unknown","grocery",1,0,0,"morning"
88,622,27,595,"weekday","lunch","leisure","cold","grocery",0,0,0,"midday"
88,624,29,595,"weekend","afternoon","travelling","cold","grocery",0,0,0,"midday"
88,626,31,595,"weekday","lunch","travelling","warm","restaurant",1,0,0,"midday"
88,628,33,595,"weekday","lunch","travelling","freezing","restaurant",1,0,0,"midday"
88,629,34,595,"weekend","afternoon","travelling","cold","grocery",0,0,0,"midday"
88,631,36,595,"weekday","afternoon","unknown","freezing","grocery",0,0,0,"midday"
88,632,37,595,"weekday","afternoon","travelling","freezing","grocery",1,0,0,"midday"
88,634,39,595,"weekend","dinner","travelling","freezing","restaurant",0,0,0,"night"
88,635,40,595,"weekday","lunch","leisure","cold","grocery",1,0,0,"midday"
88,636,41,595,"weekday","breakfast","travelling","unknown","grocery",0,0,0,"morning"
88,637,42,595,"weekday","afternoon","travelling","cold","restaurant",1,0,0,"midday"
88,640,45,595,"weekend","afternoon","travelling","warm","grocery",0,0,0,"midday"
88,642,47,595,"weekday","lunch","leisure","unknown","grocery",0,0,0,"midday"
88,643,48,595,"weekday","breakfast","travelling","freezing","grocery",0,0,0,"morning"
88,645,50,595,"weekday","breakfast","working","freezing","grocery",0,0,0,"morning"
88,649,54,595,"weekday","morning","travelling","cold","restaurant",0,0,0,"morning"
88,651,56,595,"weekend","afternoon","travelling","freezing","restaurant",1,0,0,"midday"
88,652,57,595,"weekend","afternoon","unknown","unknown","grocery",0,1,0,"midday"
88,654,59,595,"weekday","unknown","leisure","hot","grocery",0,1,0,"unknown"
88,656,61,595,"weekday","breakfast","unknown","unknown","grocery",1,1,0,"morning"
88,658,63,595,"weekend","afternoon","unknown","cold","restaurant",0,1,0,"midday"
88,661,66,595,"weekday","beforelunch","leisure","unknown","grocery",0,1,0,"midday"
88,662,67,595,"weekday","afternoon","travelling","freezing","grocery",0,1,0,"midday"
88,665,70,595,"weekday","dinner","travelling","hot","restaurant",0,1,0,"night"
88,668,73,595,"weekday","morning","travelling","freezing","restaurant",0,1,0,"morning"
88,670,75,595,"weekend","lunch","travelling","hot","restaurant",0,1,0,"midday"
88,675,80,595,"weekend","lunch","travelling","warm","restaurant",0,1,0,"midday"
88,677,82,595,"weekday","beforelunch","morningrituals","cold","grocery",0,1,0,"midday"
88,678,83,595,"weekday","morning","unknown","cold","grocery",0,1,0,"morning"
88,679,84,595,"weekend","beforelunch","travelling","cold","restaurant",0,1,0,"midday"
88,680,85,595,"weekday","breakfast","working","unknown","restaurant",0,1,0,"morning"
88,681,86,595,"weekend","breakfast","leisure","cold","restaurant",1,1,0,"morning"
88,682,87,595,"weekday","lunch","leisure","cold","restaurant",0,1,0,"midday"
88,683,88,595,"unknown","lunch","travelling","cold","restaurant",1,1,0,"midday"
88,686,91,595,"weekend","lunch","morningrituals","unknown","restaurant",0,1,0,"midday"
88,688,93,595,"weekday","afternoon","travelling","warm","restaurant",0,1,0,"midday"
88,689,94,595,"weekday","lunch","travelling","warm","grocery",0,1,0,"midday"
88,690,95,595,"weekend","afternoon","unknown","unknown","grocery",1,1,0,"midday"
88,691,96,595,"weekday","lunch","travelling","warm","grocery",1,1,0,"midday"
88,693,98,595,"weekend","beforelunch","shopping","freezing","grocery",0,1,0,"midday"
88,694,99,595,"weekend","night","working","hot","grocery",1,1,0,"night"
88,696,101,595,"weekday","breakfast","travelling","cold","restaurant",0,1,0,"morning"
88,699,104,595,"weekday","afternoon","travelling","warm","grocery",0,1,0,"midday"
88,701,106,595,"weekday","afternoon","unknown","unknown","grocery",1,1,0,"midday"
88,703,108,595,"weekday","beforelunch","travelling","warm","restaurant",0,1,0,"midday"
88,705,110,595,"unknown","afternoon","shopping","warm","grocery",0,1,0,"midday"
88,706,111,595,"weekday","lunch","travelling","unknown","restaurant",0,1,0,"midday"
88,707,112,595,"weekday","unknown","unknown","unknown","restaurant",0,1,0,"unknown"
88,709,114,595,"weekend","morning","morningrituals","warm","grocery",0,1,1,"morning"
88,710,115,595,"weekday","beforelunch","unknown","unknown","grocery",0,1,1,"midday"
88,711,116,595,"weekday","beforelunch","travelling","freezing","restaurant",1,1,1,"midday"
88,712,117,595,"weekend","afternoon","travelling","warm","grocery",0,1,1,"midday"
88,713,118,595,"weekday","breakfast","travelling","hot","grocery",1,1,1,"morning"
88,714,119,595,"weekend","lunch","travelling","freezing","grocery",0,1,1,"midday"
88,719,124,595,"weekday","latenight","working","unknown","restaurant",1,1,1,"night"
88,720,125,595,"weekday","lunch","travelling","hot","restaurant",0,1,1,"midday"
88,721,126,595,"weekday","lunch","travelling","unknown","grocery",1,1,1,"midday"
88,724,129,595,"weekend","breakfast","unknown","freezing","grocery",0,1,1,"morning"
88,725,130,595,"weekday","lunch","travelling","warm","restaurant",1,1,1,"midday"
88,726,131,595,"weekday","dinner","leisure","unknown","grocery",0,1,1,"night"
88,727,132,595,"weekend","lunch","working","hot","grocery",0,1,1,"midday"
88,728,133,595,"weekday","unknown","travelling","unknown","grocery",0,1,1,"unknown"
88,729,134,595,"weekend","morning","travelling","warm","restaurant",0,1,1,"morning"
88,732,137,595,"weekend","beforelunch","travelling","unknown","restaurant",0,1,1,"midday"
88,736,141,595,"weekday","beforelunch","travelling","cold","grocery",0,1,1,"midday"
88,737,142,595,"weekday","afternoon","travelling","cold","restaurant",0,1,1,"midday"
88,738,143,595,"weekend","beforelunch","travelling","unknown","restaurant",0,1,1,"midday"
88,739,144,595,"weekend","night","travelling","warm","grocery",0,1,1,"night"
88,740,145,595,"weekday","beforelunch","unknown","unknown","grocery",0,1,1,"midday"
88,741,146,595,"weekend","afternoon","working","freezing","grocery",1,1,1,"midday"
88,742,147,595,"weekday","morning","unknown","cold","grocery",0,1,1,"morning"
88,743,148,595,"weekday","morning","working","warm","grocery",0,1,1,"morning"
88,745,150,595,"weekday","lunch","travelling","freezing","restaurant",1,1,1,"midday"
88,746,151,595,"weekend","morning","travelling","freezing","restaurant",0,1,1,"morning"
88,747,152,595,"weekday","earlymorning","travelling","warm","grocery",0,1,1,"morning"
88,748,153,595,"weekday","lunch","travelling","freezing","restaurant",1,1,1,"midday"
88,751,156,595,"weekend","beforelunch","travelling","cold","grocery",1,1,1,"midday"
88,753,158,595,"weekend","breakfast","travelling","unknown","restaurant",0,1,1,"morning"
88,754,159,595,"weekday","morning","shopping","unknown","grocery",0,1,1,"morning"
88,757,162,595,"weekday","lunch","morningrituals","cold","restaurant",1,1,1,"midday"
88,759,164,595,"weekday","lunch","travelling","hot","restaurant",0,1,1,"midday"
88,761,166,595,"weekend","afternoon","travelling","warm","grocery",1,1,1,"midday"
88,766,171,595,"weekday","afternoon","travelling","hot","grocery",1,1,1,"midday"
88,768,173,595,"weekday","lunch","travelling","cold","restaurant",0,1,1,"midday"
88,769,174,595,"weekday","afternoon","travelling","unknown","restaurant",0,1,1,"midday"
88,770,175,595,"weekday","lunch","unknown","cold","restaurant",1,1,1,"midday"
88,772,177,595,"weekday","lunch","leisure","unknown","restaurant",1,1,1,"midday"
88,774,179,595,"weekday","lunch","travelling","cold","restaurant",0,1,1,"midday"
88,775,180,595,"weekday","lunch","travelling","unknown","restaurant",0,1,1,"midday"
88,776,181,595,"weekday","breakfast","working","unknown","restaurant",0,1,1,"morning"
88,777,182,595,"weekday","afternoon","morningrituals","cold","restaurant",0,1,1,"midday"
88,778,183,595,"weekday","afternoon","unknown","cold","restaurant",1,1,1,"midday"
89,609,1,608,"weekend","lunch","working","unknown","grocery",0,0,0,"midday"
89,610,2,608,"weekday","latenight","travelling","unknown","restaurant",0,0,0,"night"
89,619,11,608,"weekday","dinner","travelling","unknown","restaurant",1,0,0,"night"
89,621,13,608,"weekday","afternoon","travelling","cold","grocery",0,0,0,"midday"
89,625,17,608,"weekday","afternoon","travelling","cold","grocery",0,0,0,"midday"
89,630,22,608,"weekday","lunch","travelling","freezing","grocery",0,0,0,"midday"
89,632,24,608,"weekday","lunch","shopping","unknown","restaurant",0,0,0,"midday"
89,633,25,608,"weekday","lunch","shopping","warm","restaurant",0,0,0,"midday"
89,634,26,608,"weekday","lunch","travelling","hot","grocery",0,0,0,"midday"
89,637,29,608,"weekend","afternoon","travelling","unknown","grocery",0,0,0,"midday"
89,642,34,608,"weekend","afternoon","morningrituals","freezing","grocery",0,0,0,"midday"
89,644,36,608,"weekday","breakfast","workingout","freezing","restaurant",1,0,0,"morning"
89,645,37,608,"weekend","unknown","travelling","freezing","grocery",0,0,0,"unknown"
89,653,45,608,"weekday","lunch","travelling","hot","restaurant",0,0,0,"midday"
89,657,49,608,"weekday","morning","leisure","cold","grocery",0,0,0,"morning"
89,664,56,608,"weekday","beforelunch","travelling","warm","grocery",0,0,0,"midday"
89,668,60,608,"weekday","afternoon","unknown","warm","grocery",0,1,0,"midday"
89,669,61,608,"weekend","breakfast","unknown","unknown","restaurant",0,1,0,"morning"
89,681,73,608,"weekend","breakfast","travelling","freezing","restaurant",0,1,0,"morning"
89,690,82,608,"weekday","afternoon","travelling","unknown","restaurant",0,1,0,"midday"
89,691,83,608,"weekday","beforelunch","travelling","freezing","restaurant",0,1,0,"midday"
89,692,84,608,"weekend","afternoon","unknown","unknown","restaurant",0,1,0,"midday"
89,693,85,608,"weekend","afternoon","unknown","cold","grocery",1,1,0,"midday"
89,699,91,608,"weekend","unknown","unknown","freezing","grocery",1,1,0,"unknown"
89,702,94,608,"weekday","beforelunch","unknown","freezing","grocery",0,1,0,"midday"
89,706,98,608,"weekday","lunch","unknown","cold","grocery",1,1,0,"midday"
89,710,102,608,"weekday","lunch","travelling","cold","restaurant",0,1,0,"midday"
89,714,106,608,"weekend","breakfast","morningrituals","freezing","restaurant",0,1,0,"morning"
89,717,109,608,"weekend","latenight","travelling","cold","restaurant",0,1,0,"night"
89,720,112,608,"weekday","lunch","travelling","cold","grocery",0,1,0,"midday"
89,721,113,608,"weekday","afternoon","unknown","hot","restaurant",0,1,1,"midday"
89,729,121,608,"weekday","lunch","travelling","warm","restaurant",0,1,1,"midday"
89,732,124,608,"weekend","breakfast","travelling","freezing","restaurant",0,1,1,"morning"
89,733,125,608,"weekday","dinner","travelling","cold","restaurant",1,1,1,"night"
89,734,126,608,"weekend","breakfast","travelling","warm","restaurant",1,1,1,"morning"
89,738,130,608,"weekday","lunch","social","cold","restaurant",0,1,1,"midday"
89,740,132,608,"weekday","evening","travelling","freezing","restaurant",1,1,1,"night"
89,746,138,608,"weekend","lunch","travelling","cold","grocery",0,1,1,"midday"
89,749,141,608,"weekday","beforelunch","working","cold","grocery",1,1,1,"midday"
89,751,143,608,"weekend","beforelunch","travelling","unknown","grocery",0,1,1,"midday"
89,754,146,608,"weekday","beforelunch","unknown","freezing","restaurant",1,1,1,"midday"
89,757,149,608,"weekday","morning","working","freezing","grocery",1,1,1,"morning"
89,761,153,608,"unknown","breakfast","housework","freezing","restaurant",0,1,1,"morning"
89,765,157,608,"weekend","beforelunch","travelling","warm","grocery",0,1,1,"midday"
89,769,161,608,"weekday","lunch","travelling","freezing","restaurant",1,1,1,"midday"
89,776,168,608,"weekday","afternoon","travelling","cold","restaurant",0,1,1,"midday"
89,779,171,608,"weekend","beforelunch","travelling","hot","grocery",1,1,1,"midday"
89,780,172,608,"weekday","afternoon","unknown","unknown","restaurant",0,1,1,"midday"
89,782,174,608,"weekend","morning","unknown","cold","grocery",0,1,1,"morning"
89,785,177,608,"weekday","lunch","working","warm","grocery",0,1,1,"midday"
89,788,180,608,"weekday","night","leisure","freezing","grocery",1,1,1,"night"
89,789,181,608,"weekend","afternoon","travelling","hot","grocery",0,1,1,"midday"
90,615,0,615,"weekday","breakfast","travelling","warm","restaurant",0,0,0,"morning"
90,616,1,615,"weekday","afternoon","housework","warm","restaurant",0,0,0,"midday"
90,617,2,615,"weekday","afternoon","travelling","freezing","restaurant",0,0,0,"midday"
90,618,3,615,"weekday","afternoon","travelling","cold","restaurant",0,0,0,"midday"
90,619,4,615,"weekday","lunch","travelling","warm","grocery",1,0,0,"midday"
90,620,5,615,"weekday","afternoon","travelling","freezing","grocery",0,0,0,"midday"
90,621,6,615,"weekday","afternoon","travelling","hot","grocery",1,0,0,"midday"
90,623,8,615,"weekday","breakfast","unknown","cold","grocery",1,0,0,"morning"
90,624,9,615,"weekday","unknown","travelling","warm","grocery",0,0,0,"unknown"
90,625,10,615,"weekday","beforelunch","leisure","cold","restaurant",0,0,0,"midday"
90,627,12,615,"unknown","afternoon","travelling","unknown","restaurant",0,0,0,"midday"
90,628,13,615,"weekday","lunch","unknown","freezing","grocery",1,0,0,"midday"
90,629,14,615,"weekday","afternoon","travelling","freezing","restaurant",1,0,0,"midday"
90,631,16,615,"weekday","afternoon","travelling","freezing","grocery",0,0,0,"midday"
90,632,17,615,"weekend","lunch","leisure","warm","grocery",1,0,0,"midday"
90,634,19,615,"weekend","breakfast","travelling","freezing","grocery",0,0,0,"morning"
90,635,20,615,"weekday","breakfast","leisure","unknown","restaurant",0,0,0,"morning"
90,638,23,615,"weekday","beforelunch","unknown","unknown","restaurant",0,0,0,"midday"
90,639,24,615,"weekday","lunch","travelling","hot","restaurant",0,0,0,"midday"
90,640,25,615,"weekday","afternoon","unknown","cold","restaurant",1,0,0,"midday"
90,641,26,615,"weekday","afternoon","travelling","cold","grocery",0,0,0,"midday"
90,642,27,615,"weekend","lunch","working","warm","restaurant",0,0,0,"midday"
90,643,28,615,"weekday","afternoon","travelling","freezing","grocery",0,0,0,"midday"
90,644,29,615,"weekday","afternoon","travelling","unknown","restaurant",0,0,0,"midday"
90,645,30,615,"weekend","lunch","working","unknown","restaurant",0,0,0,"midday"
90,647,32,615,"weekend","night","travelling","warm","grocery",1,0,0,"night"
90,648,33,615,"weekday","afternoon","unknown","cold","restaurant",0,0,0,"midday"
90,649,34,615,"weekend","afternoon","travelling","cold","restaurant",0,0,0,"midday"
90,650,35,615,"weekday","afternoon","travelling","unknown","grocery",1,0,0,"midday"
90,651,36,615,"weekend","latenight","travelling","unknown","restaurant",0,0,0,"night"
90,652,37,615,"weekend","dinner","unknown","cold","grocery",0,0,0,"night"
90,653,38,615,"weekday","afternoon","travelling","cold","grocery",1,0,0,"midday"
90,655,40,615,"weekday","beforelunch","unknown","warm","restaurant",1,0,0,"midday"
90,656,41,615,"weekend","morning","travelling","warm","grocery",1,0,0,"morning"
90,657,42,615,"weekday","afternoon","travelling","unknown","grocery",1,0,0,"midday"
90,658,43,615,"weekday","beforelunch","travelling","cold","restaurant",1,0,0,"midday"
90,659,44,615,"weekend","lunch","working","unknown","restaurant",1,0,0,"midday"
90,661,46,615,"weekday","lunch","travelling","cold","grocery",1,0,0,"midday"
90,662,47,615,"weekday","morning","working","hot","grocery",1,0,0,"morning"
90,663,48,615,"weekday","lunch","travelling","cold","grocery",0,0,0,"midday"
90,664,49,615,"weekday","unknown","travelling","unknown","restaurant",0,0,0,"unknown"
90,665,50,615,"weekday","beforelunch","travelling","freezing","grocery",1,0,0,"midday"
90,666,51,615,"weekend","lunch","travelling","unknown","restaurant",0,0,0,"midday"
90,667,52,615,"weekday","lunch","travelling","cold","grocery",0,0,0,"midday"
90,668,53,615,"weekend","morning","leisure","cold","grocery",0,0,0,"morning"
90,669,54,615,"unknown","earlymorning","travelling","cold","grocery",0,0,0,"morning"
90,670,55,615,"weekday","beforelunch","travelling","warm","restaurant",0,0,0,"midday"
90,671,56,615,"weekday","afternoon","travelling","warm","grocery",0,0,0,"midday"
90,672,57,615,"weekday","morning","unknown","warm","grocery",1,1,0,"morning"
90,673,58,615,"weekday","lunch","travelling","freezing","grocery",1,1,0,"midday"
90,674,59,615,"weekend","dinner","travelling","unknown","grocery",1,1,0,"night"
90,677,62,615,"weekday","breakfast","working","freezing","restaurant",0,1,0,"morning"
90,678,63,615,"weekday","afternoon","travelling","freezing","restaurant",0,1,0,"midday"
90,679,64,615,"weekday","afternoon","travelling","unknown","grocery",0,1,0,"midday"
90,680,65,615,"weekend","beforelunch","working","freezing","grocery",0,1,0,"midday"
90,681,66,615,"weekday","lunch","leisure","cold","restaurant",1,1,0,"midday"
90,682,67,615,"weekday","beforelunch","working","cold","restaurant",0,1,0,"midday"
90,683,68,615,"weekend","afternoon","travelling","cold","restaurant",0,1,0,"midday"
90,684,69,615,"weekday","morning","travelling","freezing","grocery",0,1,0,"morning"
90,685,70,615,"weekday","afternoon","travelling","hot","grocery",0,1,0,"midday"
90,686,71,615,"weekday","unknown","morningrituals","freezing","restaurant",1,1,0,"unknown"
90,687,72,615,"weekday","lunch","working","freezing","grocery",0,1,0,"midday"
90,689,74,615,"weekday","breakfast","travelling","unknown","grocery",1,1,0,"morning"
90,690,75,615,"weekday","breakfast","unknown","unknown","restaurant",1,1,0,"morning"
90,691,76,615,"weekend","afternoon","travelling","cold","restaurant",0,1,0,"midday"
90,692,77,615,"weekday","night","shopping","hot","grocery",0,1,0,"night"
90,693,78,615,"weekday","afternoon","leisure","cold","grocery",0,1,0,"midday"
90,695,80,615,"weekend","lunch","travelling","freezing","restaurant",0,1,0,"midday"
90,696,81,615,"weekend","afternoon","travelling","freezing","restaurant",0,1,0,"midday"
90,697,82,615,"weekday","morning","unknown","unknown","restaurant",1,1,0,"morning"
90,699,84,615,"unknown","afternoon","travelling","hot","grocery",0,1,0,"midday"
90,701,86,615,"weekday","afternoon","working","unknown","restaurant",0,1,0,"midday"
90,702,87,615,"weekday","beforelunch","travelling","cold","restaurant",1,1,0,"midday"
90,703,88,615,"weekend","afternoon","working","hot","grocery",0,1,0,"midday"
90,704,89,615,"weekday","afternoon","travelling","hot","grocery",1,1,0,"midday"
90,705,90,615,"weekday","beforelunch","working","cold","restaurant",0,1,0,"midday"
90,706,91,615,"weekday","breakfast","travelling","freezing","restaurant",1,1,0,"morning"
90,707,92,615,"weekday","afternoon","working","unknown","grocery",0,1,0,"midday"
90,708,93,615,"weekday","breakfast","travelling","unknown","restaurant",1,1,0,"morning"
90,709,94,615,"weekday","beforelunch","travelling","cold","grocery",0,1,0,"midday"
90,710,95,615,"weekday","dinner","travelling","unknown","restaurant",1,1,0,"night"
90,711,96,615,"weekday","lunch","travelling","warm","restaurant",0,1,0,"midday"
90,712,97,615,"weekday","lunch","leisure","unknown","grocery",1,1,0,"midday"
90,713,98,615,"weekday","afternoon","leisure","cold","grocery",0,1,0,"midday"
90,714,99,615,"weekday","lunch","travelling","unknown","restaurant",0,1,0,"midday"
90,715,100,615,"weekday","lunch","travelling","warm","restaurant",1,1,0,"midday"
90,716,101,615,"weekday","lunch","leisure","cold","grocery",0,1,0,"midday"
90,717,102,615,"weekend","afternoon","unknown","unknown","restaurant",1,1,0,"midday"
90,718,103,615,"weekday","breakfast","working","warm","grocery",1,1,0,"morning"
90,719,104,615,"weekday","afternoon","leisure","unknown","grocery",0,1,0,"midday"
90,720,105,615,"weekday","breakfast","travelling","cold","restaurant",0,1,0,"morning"
90,721,106,615,"weekday","afternoon","travelling","hot","restaurant",0,1,0,"midday"
90,722,107,615,"weekday","night","unknown","unknown","restaurant",0,1,0,"night"
90,724,109,615,"weekend","afternoon","unknown","cold","restaurant",0,1,0,"midday"
90,726,111,615,"weekday","breakfast","travelling","freezing","restaurant",0,1,0,"morning"
90,727,112,615,"weekday","beforelunch","travelling","unknown","grocery",1,1,0,"midday"
90,728,113,615,"weekday","lunch","travelling","cold","grocery",0,1,1,"midday"
90,729,114,615,"weekend","morning","shopping","cold","restaurant",0,1,1,"morning"
90,730,115,615,"weekday","breakfast","travelling","freezing","grocery",1,1,1,"morning"
90,731,116,615,"weekend","breakfast","travelling","cold","restaurant",0,1,1,"morning"
90,732,117,615,"weekday","breakfast","unknown","cold","restaurant",0,1,1,"morning"
90,733,118,615,"weekend","afternoon","working","warm","restaurant",0,1,1,"midday"
90,734,119,615,"weekday","afternoon","travelling","cold","restaurant",0,1,1,"midday"
90,735,120,615,"weekday","lunch","travelling","cold","grocery",0,1,1,"midday"
90,737,122,615,"weekday","afternoon","travelling","cold","grocery",1,1,1,"midday"
90,741,126,615,"weekday","afternoon","travelling","warm","grocery",1,1,1,"midday"
90,742,127,615,"weekday","evening","travelling","unknown","restaurant",1,1,1,"night"
90,743,128,615,"weekday","breakfast","travelling","freezing","grocery",0,1,1,"morning"
90,744,129,615,"weekend","afternoon","travelling","cold","grocery",0,1,1,"midday"
90,746,131,615,"weekday","lunch","travelling","cold","grocery",1,1,1,"midday"
90,747,132,615,"weekday","afternoon","travelling","cold","grocery",0,1,1,"midday"
90,748,133,615,"weekday","afternoon","travelling","cold","restaurant",0,1,1,"midday"
90,749,134,615,"weekend","beforelunch","travelling","cold","restaurant",0,1,1,"midday"
90,751,136,615,"weekday","night","travelling","unknown","restaurant",1,1,1,"night"
90,752,137,615,"weekend","breakfast","unknown","cold","grocery",0,1,1,"morning"
90,754,139,615,"weekday","beforelunch","working","hot","grocery",0,1,1,"midday"
90,758,143,615,"weekday","afternoon","travelling","warm","grocery",1,1,1,"midday"
90,759,144,615,"weekday","lunch","travelling","freezing","restaurant",0,1,1,"midday"
90,760,145,615,"weekday","beforelunch","travelling","unknown","grocery",1,1,1,"midday"
90,761,146,615,"weekday","lunch","working","freezing","grocery",0,1,1,"midday"
90,762,147,615,"weekday","afternoon","unknown","freezing","grocery",0,1,1,"midday"
90,763,148,615,"weekday","afternoon","travelling","freezing","grocery",1,1,1,"midday"
90,764,149,615,"weekend","afternoon","travelling","hot","restaurant",0,1,1,"midday"
90,768,153,615,"weekday","afternoon","leisure","unknown","grocery",0,1,1,"midday"
90,769,154,615,"weekday","beforelunch","travelling","cold","grocery",0,1,1,"midday"
90,770,155,615,"weekday","breakfast","shopping","hot","grocery",0,1,1,"morning"
90,771,156,615,"weekend","beforelunch","working","freezing","grocery",0,1,1,"midday"
90,773,158,615,"weekend","evening","unknown","freezing","grocery",0,1,1,"night"
90,774,159,615,"weekday","lunch","unknown","unknown","grocery",0,1,1,"midday"
90,775,160,615,"weekend","breakfast","unknown","hot","grocery",1,1,1,"morning"
90,776,161,615,"weekend","morning","working","freezing","grocery",1,1,1,"morning"
90,777,162,615,"weekend","lunch","leisure","unknown","grocery",0,1,1,"midday"
90,778,163,615,"weekday","breakfast","unknown","warm","grocery",1,1,1,"morning"
90,780,165,615,"weekday","lunch","unknown","unknown","restaurant",1,1,1,"midday"
90,781,166,615,"weekend","unknown","travelling","unknown","grocery",0,1,1,"unknown"
90,782,167,615,"weekday","afternoon","travelling","unknown","grocery",0,1,1,"midday"
90,783,168,615,"weekday","dinner","unknown","unknown","grocery",0,1,1,"night"
90,784,169,615,"weekday","afternoon","working","hot","restaurant",0,1,1,"midday"
90,785,170,615,"weekday","lunch","unknown","unknown","grocery",0,1,1,"midday"
90,786,171,615,"weekday","lunch","unknown","cold","restaurant",1,1,1,"midday"
90,788,173,615,"weekday","lunch","working","unknown","restaurant",1,1,1,"midday"
90,790,175,615,"weekday","lunch","leisure","cold","grocery",0,1,1,"midday"
90,791,176,615,"weekday","lunch","leisure","cold","restaurant",1,1,1,"midday"
90,793,178,615,"weekday","afternoon","travelling","unknown","grocery",0,1,1,"midday"
90,794,179,615,"weekday","beforelunch","travelling","cold","grocery",0,1,1,"midday"
90,795,180,615,"weekday","afternoon","travelling","unknown","grocery",0,1,1,"midday"
90,796,181,615,"weekday","dinner","travelling","unknown","grocery",0,1,1,"night"
90,797,182,615,"weekday","lunch","leisure","freezing","restaurant",1,1,1,"midday"
90,798,183,615,"weekday","lunch","travelling","cold","restaurant",0,1,1,"midday"
91,630,9,621,"weekday","beforelunch","travelling","warm","grocery",0,0,0,"midday"
91,636,15,621,"weekday","lunch","workingout","freezing","grocery",0,0,0,"midday"
91,637,16,621,"weekday","unknown","unknown","hot","restaurant",0,0,0,"unknown"
91,643,22,621,"weekday","beforelunch","travelling","cold","restaurant",0,0,0,"midday"
91,644,23,621,"weekday","morning","travelling","unknown","restaurant",1,0,0,"morning"
91,648,27,621,"weekday","afternoon","travelling","cold","grocery",0,0,0,"midday"
91,650,29,621,"weekday","beforelunch","unknown","warm","grocery",0,0,0,"midday"
91,653,32,621,"weekday","afternoon","travelling","cold","grocery",0,0,0,"midday"
91,660,39,621,"weekday","night","travelling","cold","grocery",0,0,0,"night"
91,661,40,621,"weekend","lunch","travelling","cold","grocery",0,0,0,"midday"
91,663,42,621,"weekend","dinner","travelling","unknown","grocery",0,0,0,"night"
91,665,44,621,"weekday","breakfast","unknown","freezing","restaurant",0,0,0,"morning"
91,669,48,621,"weekday","earlymorning","unknown","cold","restaurant",0,0,0,"morning"
91,672,51,621,"weekday","beforelunch","travelling","freezing","grocery",0,0,0,"midday"
91,674,53,621,"weekday","afternoon","travelling","cold","restaurant",0,0,0,"midday"
91,678,57,621,"weekend","morning","unknown","warm","grocery",1,1,0,"morning"
91,679,58,621,"weekday","morning","travelling","unknown","grocery",1,1,0,"morning"
91,687,66,621,"weekday","breakfast","travelling","cold","grocery",0,1,0,"morning"
91,700,79,621,"weekday","afternoon","travelling","freezing","grocery",0,1,0,"midday"
91,701,80,621,"weekday","lunch","travelling","unknown","grocery",1,1,0,"midday"
91,705,84,621,"weekday","morning","travelling","unknown","grocery",1,1,0,"morning"
91,708,87,621,"weekday","dinner","unknown","hot","grocery",1,1,0,"night"
91,709,88,621,"weekend","afternoon","unknown","freezing","restaurant",1,1,0,"midday"
91,710,89,621,"weekday","lunch","leisure","cold","restaurant",0,1,0,"midday"
91,713,92,621,"weekday","beforelunch","unknown","warm","restaurant",0,1,0,"midday"
91,714,93,621,"weekend","unknown","unknown","freezing","grocery",0,1,0,"unknown"
91,725,104,621,"weekend","beforelunch","unknown","cold","restaurant",1,1,0,"midday"
91,726,105,621,"weekday","lunch","travelling","hot","grocery",0,1,0,"midday"
91,728,107,621,"weekday","lunch","travelling","freezing","grocery",0,1,0,"midday"
91,732,111,621,"weekday","afternoon","working","warm","grocery",1,1,0,"midday"
91,733,112,621,"weekday","afternoon","travelling","cold","restaurant",1,1,0,"midday"
91,734,113,621,"weekday","afternoon","travelling","cold","restaurant",0,1,1,"midday"
91,737,116,621,"weekday","dinner","leisure","unknown","restaurant",0,1,1,"night"
91,740,119,621,"weekday","beforelunch","travelling","cold","restaurant",0,1,1,"midday"
91,752,131,621,"weekday","beforelunch","leisure","warm","grocery",1,1,1,"midday"
91,755,134,621,"weekday","beforelunch","travelling","unknown","restaurant",1,1,1,"midday"
91,759,138,621,"weekday","beforelunch","travelling","freezing","grocery",0,1,1,"midday"
91,760,139,621,"weekday","afternoon","travelling","freezing","grocery",1,1,1,"midday"
91,761,140,621,"weekday","beforelunch","shopping","cold","grocery",0,1,1,"midday"
91,765,144,621,"weekday","afternoon","unknown","cold","grocery",1,1,1,"midday"
91,766,145,621,"weekday","morning","leisure","freezing","restaurant",1,1,1,"morning"
91,767,146,621,"weekend","unknown","travelling","cold","restaurant",0,1,1,"unknown"
91,770,149,621,"weekday","afternoon","travelling","unknown","restaurant",1,1,1,"midday"
91,772,151,621,"weekday","beforelunch","travelling","freezing","restaurant",0,1,1,"midday"
91,773,152,621,"weekend","morning","travelling","unknown","grocery",0,1,1,"morning"
91,779,158,621,"weekend","afternoon","travelling","cold","grocery",1,1,1,"midday"
91,783,162,621,"weekend","breakfast","travelling","cold","grocery",1,1,1,"morning"
91,784,163,621,"weekday","night","travelling","unknown","restaurant",1,1,1,"night"
91,790,169,621,"weekday","afternoon","shopping","cold","restaurant",0,1,1,"midday"
91,792,171,621,"weekday","night","travelling","warm","restaurant",0,1,1,"night"
91,799,178,621,"weekday","afternoon","working","unknown","grocery",0,1,1,"midday"
91,803,182,621,"weekday","beforelunch","leisure","cold","grocery",0,1,1,"midday"
92,632,2,630,"weekday","afternoon","travelling","warm","restaurant",0,0,0,"midday"
92,635,5,630,"weekend","afternoon","unknown","hot","restaurant",0,0,0,"midday"
92,636,6,630,"weekday","breakfast","travelling","freezing","grocery",1,0,0,"morning"
92,638,8,630,"weekday","afternoon","travelling","warm","grocery",1,0,0,"midday"
92,642,12,630,"weekday","breakfast","travelling","unknown","restaurant",0,0,0,"morning"
92,643,13,630,"weekday","beforelunch","travelling","warm","grocery",0,0,0,"midday"
92,646,16,630,"weekday","afternoon","travelling","unknown","restaurant",0,0,0,"midday"
92,649,19,630,"weekday","afternoon","shopping","cold","grocery",1,0,0,"midday"
92,651,21,630,"weekday","beforelunch","travelling","cold","grocery",0,0,0,"midday"
92,654,24,630,"weekday","afternoon","working","cold","restaurant",0,0,0,"midday"
92,672,42,630,"weekday","afternoon","travelling","freezing","restaurant",0,0,0,"midday"
92,673,43,630,"weekday","morning","travelling","cold","restaurant",1,0,0,"morning"
92,676,46,630,"weekday","dinner","travelling","freezing","restaurant",0,0,0,"night"
92,680,50,630,"weekday","beforelunch","working","unknown","grocery",0,0,0,"midday"
92,683,53,630,"weekend","breakfast","travelling","freezing","restaurant",0,0,0,"morning"
92,686,56,630,"weekday","beforelunch","travelling","cold","grocery",0,0,0,"midday"
92,692,62,630,"weekday","beforelunch","working","hot","grocery",0,1,0,"midday"
92,693,63,630,"weekday","breakfast","leisure","warm","grocery",0,1,0,"morning"
92,694,64,630,"weekday","morning","travelling","cold","restaurant",1,1,0,"morning"
92,695,65,630,"weekend","earlymorning","unknown","cold","restaurant",1,1,0,"morning"
92,696,66,630,"weekday","afternoon","travelling","unknown","restaurant",0,1,0,"midday"
92,704,74,630,"weekday","lunch","leisure","freezing","grocery",0,1,0,"midday"
92,705,75,630,"weekday","beforelunch","travelling","unknown","grocery",1,1,0,"midday"
92,706,76,630,"weekday","lunch","travelling","cold","restaurant",0,1,0,"midday"
92,707,77,630,"weekday","afternoon","travelling","cold","restaurant",1,1,0,"midday"
92,708,78,630,"weekend","dinner","travelling","cold","restaurant",0,1,0,"night"
92,709,79,630,"weekday","breakfast","morningrituals","freezing","restaurant",0,1,0,"morning"
92,713,83,630,"weekday","lunch","travelling","cold","restaurant",0,1,0,"midday"
92,714,84,630,"weekday","afternoon","travelling","warm","grocery",0,1,0,"midday"
92,717,87,630,"weekday","afternoon","travelling","cold","restaurant",1,1,0,"midday"
92,718,88,630,"weekend","afternoon","travelling","cold","grocery",0,1,0,"midday"
92,723,93,630,"weekday","night","travelling","cold","grocery",0,1,0,"night"
92,725,95,630,"weekend","afternoon","working","unknown","grocery",1,1,0,"midday"
92,726,96,630,"weekday","afternoon","unknown","freezing","restaurant",0,1,0,"midday"
92,727,97,630,"weekday","breakfast","unknown","hot","restaurant",1,1,0,"morning"
92,730,100,630,"weekday","afternoon","working","unknown","grocery",0,1,0,"midday"
92,732,102,630,"weekday","afternoon","travelling","freezing","grocery",1,1,0,"midday"
92,735,105,630,"weekday","lunch","travelling","hot","restaurant",1,1,0,"midday"
92,736,106,630,"weekday","breakfast","travelling","warm","restaurant",0,1,0,"morning"
92,738,108,630,"weekday","afternoon","travelling","cold","grocery",1,1,0,"midday"
92,742,112,630,"weekday","lunch","travelling","warm","restaurant",1,1,0,"midday"
92,750,120,630,"weekday","beforelunch","working","warm","restaurant",0,1,1,"midday"
92,754,124,630,"weekday","afternoon","travelling","cold","restaurant",0,1,1,"midday"
92,756,126,630,"weekday","beforelunch","leisure","unknown","restaurant",0,1,1,"midday"
92,757,127,630,"weekday","afternoon","travelling","unknown","grocery",0,1,1,"midday"
92,759,129,630,"weekday","afternoon","travelling","cold","grocery",0,1,1,"midday"
92,761,131,630,"weekday","dinner","unknown","freezing","grocery",0,1,1,"night"
92,768,138,630,"weekday","afternoon","travelling","hot","grocery",1,1,1,"midday"
92,769,139,630,"weekday","beforelunch","travelling","freezing","restaurant",0,1,1,"midday"
92,770,140,630,"weekday","afternoon","unknown","cold","grocery",0,1,1,"midday"
92,771,141,630,"weekday","lunch","travelling","cold","grocery",0,1,1,"midday"
92,772,142,630,"weekday","beforelunch","unknown","cold","restaurant",0,1,1,"midday"
92,774,144,630,"weekday","afternoon","travelling","cold","grocery",1,1,1,"midday"
92,779,149,630,"weekday","lunch","travelling","freezing","restaurant",0,1,1,"midday"
92,780,150,630,"weekday","lunch","travelling","unknown","grocery",0,1,1,"midday"
92,787,157,630,"weekday","afternoon","travelling","freezing","restaurant",0,1,1,"midday"
92,790,160,630,"weekday","afternoon","unknown","cold","grocery",0,1,1,"midday"
92,792,162,630,"weekend","afternoon","leisure","cold","grocery",1,1,1,"midday"
92,795,165,630,"unknown","beforelunch","unknown","warm","restaurant",0,1,1,"midday"
92,798,168,630,"weekend","beforelunch","unknown","unknown","grocery",0,1,1,"midday"
92,799,169,630,"weekend","lunch","travelling","cold","restaurant",0,1,1,"midday"
92,801,171,630,"weekday","beforelunch","shopping","freezing","restaurant",0,1,1,"midday"
92,806,176,630,"weekday","afternoon","shopping","warm","grocery",0,1,1,"midday"
92,807,177,630,"weekday","lunch","shopping","freezing","grocery",0,1,1,"midday"
92,808,178,630,"weekday","beforelunch","shopping","freezing","grocery",0,1,1,"midday"
92,809,179,630,"unknown","lunch","travelling","warm","restaurant",0,1,1,"midday"
92,811,181,630,"weekend","breakfast","travelling","freezing","grocery",0,1,1,"morning"
92,813,183,630,"weekday","breakfast","travelling","warm","grocery",1,1,1,"morning"
93,654,14,640,"weekend","evening","working","cold","grocery",1,0,0,"night"
93,663,23,640,"weekday","afternoon","unknown","unknown","grocery",0,0,0,"midday"
93,664,24,640,"weekday","beforelunch","travelling","hot","grocery",0,0,0,"midday"
93,671,31,640,"weekday","lunch","travelling","freezing","grocery",0,0,0,"midday"
93,680,40,640,"weekday","lunch","travelling","unknown","restaurant",0,0,0,"midday"
93,685,45,640,"weekday","unknown","travelling","freezing","grocery",0,0,0,"unknown"
93,690,50,640,"weekday","afternoon","travelling","hot","restaurant",1,0,0,"midday"
93,691,51,640,"weekend","morning","unknown","unknown","restaurant",0,0,0,"morning"
93,699,59,640,"weekday","earlymorning","travelling","unknown","grocery",0,1,0,"morning"
93,707,67,640,"weekday","afternoon","unknown","cold","restaurant",0,1,0,"midday"
93,711,71,640,"weekday","afternoon","travelling","unknown","restaurant",0,1,0,"midday"
93,728,88,640,"weekend","lunch","unknown","freezing","restaurant",1,1,0,"midday"
93,732,92,640,"weekend","breakfast","unknown","cold","restaurant",1,1,0,"morning"
93,734,94,640,"weekday","unknown","travelling","freezing","restaurant",0,1,0,"unknown"
93,743,103,640,"weekday","afternoon","leisure","cold","grocery",1,1,0,"midday"
93,746,106,640,"weekday","afternoon","travelling","cold","grocery",0,1,0,"midday"
93,753,113,640,"weekday","unknown","travelling","cold","grocery",0,1,1,"unknown"
93,758,118,640,"weekend","afternoon","unknown","freezing","grocery",0,1,1,"midday"
93,763,123,640,"weekday","breakfast","unknown","freezing","grocery",1,1,1,"morning"
93,766,126,640,"weekend","afternoon","leisure","unknown","restaurant",0,1,1,"midday"
93,780,140,640,"weekday","beforelunch","travelling","freezing","restaurant",0,1,1,"midday"
93,790,150,640,"weekend","afternoon","travelling","unknown","grocery",1,1,1,"midday"
93,794,154,640,"weekday","afternoon","travelling","unknown","restaurant",0,1,1,"midday"
93,796,156,640,"weekend","lunch","travelling","cold","grocery",0,1,1,"midday"
93,806,166,640,"weekday","afternoon","travelling","unknown","grocery",0,1,1,"midday"
94,646,0,646,"weekday","morning","shopping","freezing","restaurant",0,0,0,"morning"
94,649,3,646,"weekday","afternoon","travelling","cold","grocery",0,0,0,"midday"
94,650,4,646,"weekend","afternoon","working","unknown","grocery",0,0,0,"midday"
94,651,5,646,"weekday","morning","travelling","freezing","grocery",0,0,0,"morning"
94,652,6,646,"weekend","beforelunch","travelling","hot","restaurant",0,0,0,"midday"
94,654,8,646,"weekend","afternoon","travelling","warm","restaurant",0,0,0,"midday"
94,655,9,646,"weekday","afternoon","working","unknown","restaurant",1,0,0,"midday"
94,656,10,646,"weekend","afternoon","travelling","freezing","grocery",0,0,0,"midday"
94,657,11,646,"weekend","afternoon","unknown","warm","restaurant",0,0,0,"midday"
94,659,13,646,"weekday","beforelunch","shopping","warm","grocery",0,0,0,"midday"
94,660,14,646,"weekend","breakfast","travelling","cold","grocery",0,0,0,"morning"
94,661,15,646,"weekday","lunch","travelling","freezing","grocery",0,0,0,"midday"
94,663,17,646,"weekday","beforelunch","travelling","cold","grocery",0,0,0,"midday"
94,666,20,646,"weekend","beforelunch","travelling","unknown","grocery",0,0,0,"midday"
94,667,21,646,"weekday","afternoon","travelling","warm","grocery",0,0,0,"midday"
94,668,22,646,"weekday","lunch","working","cold","grocery",0,0,0,"midday"
94,669,23,646,"weekend","morning","travelling","freezing","restaurant",1,0,0,"morning"
94,671,25,646,"weekday","dinner","travelling","cold","restaurant",0,0,0,"night"
94,672,26,646,"weekday","breakfast","shopping","warm","grocery",0,0,0,"morning"
94,674,28,646,"weekday","beforelunch","unknown","cold","restaurant",0,0,0,"midday"
94,675,29,646,"weekend","lunch","travelling","unknown","grocery",0,0,0,"midday"
94,676,30,646,"weekday","afternoon","working","cold","grocery",0,0,0,"midday"
94,677,31,646,"weekday","beforelunch","working","freezing","restaurant",1,0,0,"midday"
94,679,33,646,"weekday","morning","travelling","cold","grocery",0,0,0,"morning"
94,681,35,646,"weekday","afternoon","travelling","freezing","restaurant",0,0,0,"midday"
94,682,36,646,"weekday","afternoon","working","cold","restaurant",0,0,0,"midday"
94,683,37,646,"weekend","afternoon","travelling","cold","grocery",0,0,0,"midday"
94,685,39,646,"weekday","breakfast","travelling","cold","grocery",0,0,0,"morning"
94,686,40,646,"weekday","unknown","travelling","warm","restaurant",0,0,0,"unknown"
94,688,42,646,"weekday","dinner","unknown","freezing","restaurant",1,0,0,"night"
94,689,43,646,"weekday","lunch","unknown","cold","restaurant",0,0,0,"midday"
94,690,44,646,"weekday","afternoon","travelling","freezing","restaurant",0,0,0,"midday"
94,691,45,646,"weekday","afternoon","unknown","warm","grocery",0,0,0,"midday"
94,693,47,646,"weekday","beforelunch","travelling","warm","restaurant",0,0,0,"midday"
94,694,48,646,"weekday","breakfast","unknown","freezing","restaurant",1,0,0,"morning"
94,697,51,646,"weekday","unknown","travelling","unknown","restaurant",0,0,0,"unknown"
94,699,53,646,"weekend","lunch","travelling","unknown","restaurant",0,0,0,"midday"
94,700,54,646,"weekday","beforelunch","working","freezing","grocery",1,0,0,"midday"
94,703,57,646,"weekday","lunch","travelling","hot","grocery",0,1,0,"midday"
94,704,58,646,"weekday","breakfast","travelling","unknown","restaurant",1,1,0,"morning"
94,707,61,646,"weekday","afternoon","travelling","cold","restaurant",0,1,0,"midday"
94,708,62,646,"weekday","beforelunch","unknown","unknown","grocery",1,1,0,"midday"
94,709,63,646,"weekend","beforelunch","leisure","hot","grocery",0,1,0,"midday"
94,712,66,646,"weekday","lunch","travelling","unknown","restaurant",0,1,0,"midday"
94,713,67,646,"weekday","lunch","travelling","cold","restaurant",0,1,0,"midday"
94,716,70,646,"weekday","morning","travelling","cold","grocery",0,1,0,"morning"
94,717,71,646,"weekend","dinner","travelling","unknown","grocery",1,1,0,"night"
94,718,72,646,"weekend","lunch","travelling","unknown","restaurant",0,1,0,"midday"
94,719,73,646,"weekday","morning","travelling","cold","grocery",0,1,0,"morning"
94,721,75,646,"weekday","afternoon","working","cold","grocery",1,1,0,"midday"
94,722,76,646,"weekday","earlymorning","morningrituals","unknown","grocery",0,1,0,"morning"
94,724,78,646,"weekday","lunch","travelling","hot","grocery",1,1,0,"midday"
94,725,79,646,"weekend","breakfast","travelling","freezing","restaurant",0,1,0,"morning"
94,726,80,646,"weekday","morning","travelling","freezing","grocery",0,1,0,"morning"
94,728,82,646,"weekday","latenight","travelling","freezing","restaurant",0,1,0,"night"
94,729,83,646,"weekday","beforelunch","shopping","unknown","grocery",0,1,0,"midday"
94,730,84,646,"weekday","dinner","unknown","cold","grocery",0,1,0,"night"
94,734,88,646,"weekend","beforelunch","working","unknown","restaurant",1,1,0,"midday"
94,736,90,646,"weekday","afternoon","unknown","cold","grocery",1,1,0,"midday"
94,738,92,646,"weekday","evening","travelling","freezing","restaurant",0,1,0,"night"
94,746,100,646,"weekday","beforelunch","unknown","unknown","restaurant",0,1,0,"midday"
94,747,101,646,"weekday","earlymorning","travelling","cold","restaurant",0,1,0,"morning"
94,748,102,646,"weekend","lunch","travelling","cold","restaurant",0,1,0,"midday"
94,749,103,646,"weekday","breakfast","travelling","cold","grocery",0,1,0,"morning"
94,750,104,646,"weekday","beforelunch","travelling","hot","restaurant",0,1,0,"midday"
94,753,107,646,"weekday","afternoon","travelling","hot","restaurant",1,1,0,"midday"
94,755,109,646,"weekday","afternoon","unknown","freezing","restaurant",0,1,0,"midday"
94,756,110,646,"weekday","lunch","unknown","freezing","restaurant",0,1,0,"midday"
94,758,112,646,"weekday","beforelunch","shopping","cold","restaurant",0,1,0,"midday"
94,760,114,646,"weekday","afternoon","working","freezing","grocery",0,1,1,"midday"
94,765,119,646,"weekday","afternoon","morningrituals","unknown","restaurant",0,1,1,"midday"
94,766,120,646,"weekday","earlymorning","travelling","cold","grocery",0,1,1,"morning"
94,769,123,646,"weekday","afternoon","travelling","hot","restaurant",1,1,1,"midday"
94,770,124,646,"weekend","breakfast","unknown","cold","grocery",1,1,1,"morning"
94,772,126,646,"weekend","lunch","travelling","unknown","grocery",1,1,1,"midday"
94,773,127,646,"weekend","afternoon","travelling","cold","restaurant",0,1,1,"midday"
94,774,128,646,"weekend","beforelunch","travelling","freezing","grocery",0,1,1,"midday"
94,775,129,646,"weekday","afternoon","unknown","freezing","restaurant",1,1,1,"midday"
94,776,130,646,"weekend","beforelunch","travelling","hot","restaurant",0,1,1,"midday"
94,777,131,646,"weekday","breakfast","travelling","cold","restaurant",1,1,1,"morning"
94,779,133,646,"weekday","evening","working","freezing","restaurant",0,1,1,"night"
94,781,135,646,"weekday","afternoon","working","cold","restaurant",0,1,1,"midday"
94,782,136,646,"weekday","afternoon","unknown","unknown","grocery",0,1,1,"midday"
94,783,137,646,"weekend","lunch","travelling","warm","restaurant",0,1,1,"midday"
94,784,138,646,"weekend","beforelunch","travelling","freezing","grocery",1,1,1,"midday"
94,785,139,646,"weekday","afternoon","travelling","freezing","grocery",0,1,1,"midday"
94,788,142,646,"weekday","afternoon","morningrituals","cold","grocery",0,1,1,"midday"
94,790,144,646,"weekend","afternoon","travelling","cold","grocery",0,1,1,"midday"
94,793,147,646,"weekday","dinner","travelling","warm","grocery",0,1,1,"night"
94,794,148,646,"weekday","afternoon","morningrituals","cold","grocery",1,1,1,"midday"
94,795,149,646,"weekday","beforelunch","travelling","freezing","restaurant",1,1,1,"midday"
94,796,150,646,"unknown","dinner","working","unknown","grocery",0,1,1,"night"
94,797,151,646,"weekday","morning","unknown","warm","restaurant",1,1,1,"morning"
94,798,152,646,"weekday","beforelunch","travelling","cold","restaurant",1,1,1,"midday"
94,800,154,646,"weekday","afternoon","travelling","cold","restaurant",0,1,1,"midday"
94,801,155,646,"weekday","afternoon","working","freezing","grocery",1,1,1,"midday"
94,802,156,646,"weekend","morning","unknown","freezing","grocery",0,1,1,"morning"
94,810,164,646,"weekday","morning","travelling","unknown","restaurant",1,1,1,"morning"
94,811,165,646,"weekend","afternoon","unknown","freezing","grocery",0,1,1,"midday"
94,813,167,646,"weekday","afternoon","travelling","hot","grocery",0,1,1,"midday"
94,814,168,646,"weekday","beforelunch","travelling","hot","restaurant",0,1,1,"midday"
94,816,170,646,"weekday","morning","travelling","warm","restaurant",0,1,1,"morning"
94,817,171,646,"weekday","lunch","travelling","hot","grocery",0,1,1,"midday"
94,819,173,646,"weekend","breakfast","travelling","cold","grocery",0,1,1,"morning"
94,821,175,646,"unknown","afternoon","unknown","hot","restaurant",0,1,1,"midday"
94,825,179,646,"weekend","afternoon","travelling","cold","restaurant",1,1,1,"midday"
94,828,182,646,"weekday","afternoon","travelling","unknown","grocery",0,1,1,"midday"
95,656,0,656,"weekday","morning","travelling","freezing","grocery",1,0,0,"morning"
95,660,4,656,"weekend","dinner","travelling","cold","grocery",1,0,0,"night"
95,662,6,656,"weekday","breakfast","working","freezing","grocery",0,0,0,"morning"
95,666,10,656,"weekend","afternoon","shopping","freezing","grocery",0,0,0,"midday"
95,670,14,656,"weekend","morning","travelling","unknown","grocery",0,0,0,"morning"
95,671,15,656,"weekday","lunch","travelling","warm","restaurant",0,0,0,"midday"
95,677,21,656,"weekday","lunch","travelling","hot","grocery",1,0,0,"midday"
95,685,29,656,"weekend","beforelunch","travelling","warm","restaurant",0,0,0,"midday"
95,690,34,656,"weekend","beforelunch","travelling","cold","restaurant",0,0,0,"midday"
95,694,38,656,"weekend","afternoon","shopping","warm","restaurant",0,0,0,"midday"
95,719,63,656,"weekend","breakfast","leisure","freezing","grocery",0,1,0,"morning"
95,720,64,656,"weekday","morning","morningrituals","warm","grocery",1,1,0,"morning"
95,725,69,656,"weekday","latenight","travelling","hot","grocery",1,1,0,"night"
95,729,73,656,"weekday","afternoon","leisure","freezing","grocery",0,1,0,"midday"
95,732,76,656,"weekend","morning","working","warm","grocery",0,1,0,"morning"
95,734,78,656,"weekday","breakfast","shopping","cold","grocery",0,1,0,"morning"
95,735,79,656,"weekend","afternoon","travelling","warm","grocery",0,1,0,"midday"
95,736,80,656,"weekend","morning","travelling","cold","restaurant",0,1,0,"morning"
95,746,90,656,"weekday","beforelunch","social","unknown","grocery",1,1,0,"midday"
95,764,108,656,"weekday","afternoon","unknown","warm","restaurant",0,1,0,"midday"
95,770,114,656,"weekday","lunch","travelling","cold","restaurant",0,1,1,"midday"
95,771,115,656,"weekend","lunch","leisure","cold","restaurant",1,1,1,"midday"
95,783,127,656,"weekday","morning","travelling","freezing","grocery",0,1,1,"morning"
95,785,129,656,"weekday","lunch","travelling","freezing","restaurant",0,1,1,"midday"
95,789,133,656,"weekend","afternoon","working","cold","grocery",0,1,1,"midday"
95,795,139,656,"weekday","night","leisure","freezing","grocery",0,1,1,"night"
95,805,149,656,"weekday","afternoon","travelling","freezing","restaurant",0,1,1,"midday"
95,807,151,656,"weekday","beforelunch","unknown","cold","grocery",0,1,1,"midday"
95,810,154,656,"weekday","evening","leisure","unknown","grocery",0,1,1,"night"
95,814,158,656,"weekday","breakfast","shopping","warm","grocery",0,1,1,"morning"
95,817,161,656,"weekday","breakfast","travelling","unknown","restaurant",0,1,1,"morning"
95,818,162,656,"weekend","lunch","working","freezing","restaurant",0,1,1,"midday"
95,819,163,656,"weekend","lunch","travelling","cold","grocery",0,1,1,"midday"
95,821,165,656,"weekday","breakfast","unknown","warm","grocery",0,1,1,"morning"
95,825,169,656,"weekday","afternoon","travelling","hot","grocery",0,1,1,"midday"
95,829,173,656,"weekend","beforelunch","travelling","freezing","grocery",1,1,1,"midday"
95,834,178,656,"weekend","lunch","working","cold","restaurant",1,1,1,"midday"
96,670,2,668,"weekend","afternoon","travelling","cold","grocery",0,0,0,"midday"
96,671,3,668,"weekday","afternoon","working","cold","restaurant",1,0,0,"midday"
96,672,4,668,"weekend","afternoon","unknown","warm","grocery",1,0,0,"midday"
96,680,12,668,"weekday","morning","leisure","cold","grocery",1,0,0,"morning"
96,710,42,668,"weekday","afternoon","unknown","hot","grocery",1,0,0,"midday"
96,735,67,668,"weekday","beforelunch","working","cold","grocery",0,1,0,"midday"
96,739,71,668,"weekend","afternoon","shopping","cold","grocery",1,1,0,"midday"
96,816,148,668,"weekday","breakfast","travelling","unknown","grocery",0,1,1,"morning"
96,838,170,668,"weekday","beforelunch","travelling","hot","grocery",1,1,1,"midday"
96,839,171,668,"weekday","dinner","travelling","cold","restaurant",0,1,1,"night"
97,680,1,679,"weekday","afternoon","travelling","unknown","grocery",1,0,0,"midday"
97,683,4,679,"weekday","afternoon","travelling","unknown","grocery",1,0,0,"midday"
97,684,5,679,"weekend","lunch","unknown","unknown","restaurant",0,0,0,"midday"
97,685,6,679,"weekday","evening","travelling","unknown","restaurant",0,0,0,"night"
97,686,7,679,"weekend","night","travelling","cold","restaurant",1,0,0,"night"
97,689,10,679,"weekday","beforelunch","shopping","cold","restaurant",0,0,0,"midday"
97,691,12,679,"weekday","evening","shopping","warm","grocery",0,0,0,"night"
97,693,14,679,"weekday","evening","travelling","warm","restaurant",0,0,0,"night"
97,694,15,679,"weekday","afternoon","working","unknown","grocery",1,0,0,"midday"
97,695,16,679,"weekday","dinner","travelling","unknown","grocery",0,0,0,"night"
97,696,17,679,"weekday","afternoon","travelling","cold","grocery",1,0,0,"midday"
97,697,18,679,"weekend","afternoon","travelling","freezing","restaurant",0,0,0,"midday"
97,698,19,679,"weekday","morning","travelling","unknown","restaurant",0,0,0,"morning"
97,701,22,679,"weekend","afternoon","travelling","freezing","restaurant",0,0,0,"midday"
97,702,23,679,"weekend","lunch","leisure","unknown","grocery",1,0,0,"midday"
97,703,24,679,"unknown","lunch","travelling","warm","grocery",1,0,0,"midday"
97,704,25,679,"weekday","afternoon","travelling","unknown","grocery",0,0,0,"midday"
97,707,28,679,"weekday","beforelunch","unknown","cold","restaurant",0,0,0,"midday"
97,710,31,679,"weekday","lunch","working","unknown","grocery",0,0,0,"midday"
97,714,35,679,"weekend","lunch","unknown","freezing","restaurant",1,0,0,"midday"
97,717,38,679,"weekend","afternoon","leisure","freezing","grocery",0,0,0,"midday"
97,719,40,679,"weekday","lunch","travelling","unknown","restaurant",0,0,0,"midday"
97,720,41,679,"weekday","breakfast","unknown","warm","restaurant",0,0,0,"morning"
97,721,42,679,"weekday","afternoon","travelling","cold","restaurant",1,0,0,"midday"
97,722,43,679,"weekday","breakfast","travelling","warm","grocery",0,0,0,"morning"
97,724,45,679,"weekday","lunch","unknown","cold","restaurant",1,0,0,"midday"
97,726,47,679,"weekend","afternoon","leisure","unknown","grocery",0,0,0,"midday"
97,729,50,679,"weekday","afternoon","travelling","cold","grocery",0,0,0,"midday"
97,731,52,679,"weekend","breakfast","travelling","hot","restaurant",0,0,0,"morning"
97,732,53,679,"unknown","afternoon","unknown","warm","grocery",0,0,0,"midday"
97,733,54,679,"weekday","breakfast","travelling","cold","grocery",0,0,0,"morning"
97,736,57,679,"weekend","dinner","travelling","unknown","grocery",1,1,0,"night"
97,737,58,679,"weekday","afternoon","travelling","freezing","grocery",0,1,0,"midday"
97,738,59,679,"weekday","breakfast","travelling","cold","grocery",0,1,0,"morning"
97,741,62,679,"weekday","lunch","travelling","cold","restaurant",0,1,0,"midday"
97,742,63,679,"weekday","beforelunch","travelling","unknown","restaurant",0,1,0,"midday"
97,745,66,679,"weekday","afternoon","travelling","cold","restaurant",0,1,0,"midday"
97,747,68,679,"weekday","beforelunch","working","unknown","restaurant",1,1,0,"midday"
97,748,69,679,"weekday","beforelunch","travelling","freezing","restaurant",0,1,0,"midday"
97,750,71,679,"weekend","afternoon","travelling","cold","grocery",0,1,0,"midday"
97,752,73,679,"weekday","breakfast","travelling","hot","restaurant",0,1,0,"morning"
97,753,74,679,"weekday","beforelunch","morningrituals","unknown","grocery",0,1,0,"midday"
97,758,79,679,"weekend","afternoon","travelling","cold","grocery",0,1,0,"midday"
97,760,81,679,"weekday","afternoon","travelling","freezing","grocery",1,1,0,"midday"
97,762,83,679,"weekday","earlymorning","travelling","cold","restaurant",0,1,0,"morning"
97,763,84,679,"weekday","unknown","travelling","cold","grocery",0,1,0,"unknown"
97,770,91,679,"weekday","morning","travelling","hot","grocery",1,1,0,"morning"
97,771,92,679,"weekday","lunch","travelling","warm","grocery",0,1,0,"midday"
97,773,94,679,"weekday","beforelunch","unknown","freezing","restaurant",0,1,0,"midday"
97,775,96,679,"weekday","afternoon","travelling","cold","restaurant",0,1,0,"midday"
97,776,97,679,"weekday","evening","travelling","freezing","grocery",1,1,0,"night"
97,777,98,679,"weekday","lunch","working","cold","restaurant",1,1,0,"midday"
97,780,101,679,"weekday","afternoon","unknown","hot","grocery",0,1,0,"midday"
97,782,103,679,"weekday","breakfast","unknown","hot","restaurant",0,1,0,"morning"
97,783,104,679,"weekend","lunch","travelling","cold","grocery",0,1,0,"midday"
97,784,105,679,"weekday","breakfast","shopping","unknown","restaurant",0,1,0,"morning"
97,785,106,679,"weekday","afternoon","unknown","cold","grocery",0,1,0,"midday"
97,786,107,679,"weekday","lunch","shopping","warm","restaurant",1,1,0,"midday"
97,788,109,679,"weekend","afternoon","travelling","unknown","restaurant",0,1,0,"midday"
97,789,110,679,"weekday","lunch","travelling","unknown","grocery",0,1,0,"midday"
97,791,112,679,"weekend","beforelunch","travelling","cold","grocery",0,1,0,"midday"
97,792,113,679,"weekday","morning","working","freezing","grocery",0,1,1,"morning"
97,793,114,679,"weekday","beforelunch","travelling","hot","grocery",0,1,1,"midday"
97,794,115,679,"weekday","beforelunch","travelling","cold","grocery",0,1,1,"midday"
97,796,117,679,"weekday","beforelunch","travelling","cold","restaurant",0,1,1,"midday"
97,797,118,679,"weekday","afternoon","travelling","freezing","grocery",0,1,1,"midday"
97,800,121,679,"weekend","breakfast","shopping","unknown","restaurant",1,1,1,"morning"
97,803,124,679,"weekday","lunch","travelling","unknown","grocery",1,1,1,"midday"
97,804,125,679,"weekend","beforelunch","travelling","hot","restaurant",0,1,1,"midday"
97,805,126,679,"weekday","afternoon","working","freezing","grocery",0,1,1,"midday"
97,806,127,679,"weekday","morning","leisure","unknown","restaurant",0,1,1,"morning"
97,807,128,679,"weekday","afternoon","unknown","hot","grocery",0,1,1,"midday"
97,809,130,679,"weekday","beforelunch","working","freezing","grocery",0,1,1,"midday"
97,810,131,679,"weekday","breakfast","leisure","hot","restaurant",0,1,1,"morning"
97,811,132,679,"weekday","afternoon","travelling","hot","restaurant",1,1,1,"midday"
97,812,133,679,"weekend","lunch","shopping","cold","grocery",1,1,1,"midday"
97,813,134,679,"weekday","beforelunch","travelling","unknown","grocery",0,1,1,"midday"
97,817,138,679,"weekend","evening","travelling","cold","restaurant",0,1,1,"night"
97,819,140,679,"weekday","afternoon","leisure","cold","grocery",0,1,1,"midday"
97,820,141,679,"weekday","breakfast","travelling","unknown","grocery",1,1,1,"morning"
97,822,143,679,"weekend","beforelunch","travelling","unknown","restaurant",1,1,1,"midday"
97,823,144,679,"weekend","morning","working","freezing","restaurant",0,1,1,"morning"
97,824,145,679,"weekday","beforelunch","unknown","cold","restaurant",1,1,1,"midday"
97,825,146,679,"weekday","afternoon","travelling","unknown","restaurant",0,1,1,"midday"
97,826,147,679,"weekday","dinner","travelling","warm","restaurant",0,1,1,"night"
97,828,149,679,"weekday","breakfast","unknown","hot","restaurant",1,1,1,"morning"
97,829,150,679,"weekday","afternoon","shopping","freezing","grocery",0,1,1,"midday"
97,830,151,679,"weekend","beforelunch","unknown","warm","restaurant",0,1,1,"midday"
97,831,152,679,"weekday","lunch","travelling","freezing","restaurant",0,1,1,"midday"
97,832,153,679,"weekday","afternoon","working","warm","restaurant",0,1,1,"midday"
97,833,154,679,"weekday","afternoon","leisure","unknown","grocery",0,1,1,"midday"
97,834,155,679,"weekday","breakfast","unknown","cold","restaurant",0,1,1,"morning"
97,835,156,679,"weekday","morning","travelling","hot","grocery",0,1,1,"morning"
97,836,157,679,"weekday","breakfast","travelling","unknown","restaurant",0,1,1,"morning"
97,838,159,679,"weekday","afternoon","travelling","warm","grocery",0,1,1,"midday"
97,841,162,679,"weekday","lunch","unknown","cold","grocery",0,1,1,"midday"
97,842,163,679,"weekday","breakfast","working","unknown","grocery",0,1,1,"morning"
97,843,164,679,"weekday","dinner","unknown","unknown","restaurant",0,1,1,"night"
97,845,166,679,"weekend","morning","travelling","unknown","restaurant",0,1,1,"morning"
97,847,168,679,"weekday","afternoon","travelling","warm","restaurant",1,1,1,"midday"
97,848,169,679,"weekday","morning","travelling","freezing","grocery",1,1,1,"morning"
97,849,170,679,"weekend","morning","shopping","cold","grocery",0,1,1,"morning"
97,850,171,679,"weekday","lunch","shopping","freezing","grocery",1,1,1,"midday"
97,851,172,679,"weekday","morning","travelling","freezing","grocery",0,1,1,"morning"
97,853,174,679,"weekday","lunch","travelling","hot","grocery",0,1,1,"midday"
97,854,175,679,"weekend","breakfast","travelling","freezing","grocery",0,1,1,"morning"
97,855,176,679,"weekday","evening","travelling","unknown","grocery",0,1,1,"night"
97,856,177,679,"weekday","lunch","travelling","cold","restaurant",1,1,1,"midday"
97,857,178,679,"weekday","afternoon","unknown","hot","restaurant",1,1,1,"midday"
97,858,179,679,"weekday","breakfast","shopping","warm","restaurant",0,1,1,"morning"
97,860,181,679,"weekday","beforelunch","travelling","unknown","restaurant",0,1,1,"midday"
97,862,183,679,"weekend","beforelunch","travelling","cold","grocery",0,1,1,"midday"
98,689,2,687,"weekday","morning","shopping","unknown","restaurant",0,0,0,"morning"
98,709,22,687,"weekday","afternoon","travelling","unknown","restaurant",1,0,0,"midday"
98,755,68,687,"weekday","morning","travelling","cold","restaurant",0,1,0,"morning"
98,757,70,687,"weekend","morning","morningrituals","freezing","grocery",0,1,0,"morning"
98,772,85,687,"weekday","lunch","working","unknown","grocery",0,1,0,"midday"
98,778,91,687,"weekday","dinner","leisure","freezing","restaurant",0,1,0,"night"
98,859,172,687,"weekend","beforelunch","morningrituals","unknown","grocery",0,1,1,"midday"
99,708,16,692,"weekday","lunch","shopping","warm","grocery",0,0,0,"midday"
99,713,21,692,"weekday","afternoon","unknown","unknown","grocery",0,0,0,"midday"
99,714,22,692,"weekday","lunch","travelling","cold","restaurant",0,0,0,"midday"
99,730,38,692,"weekday","breakfast","unknown","unknown","restaurant",1,0,0,"morning"
99,732,40,692,"weekday","afternoon","travelling","cold","grocery",0,0,0,"midday"
99,739,47,692,"weekday","beforelunch","travelling","cold","restaurant",1,0,0,"midday"
99,746,54,692,"weekday","afternoon","unknown","unknown","restaurant",0,0,0,"midday"
99,747,55,692,"weekday","beforelunch","travelling","freezing","restaurant",0,0,0,"midday"
99,749,57,692,"weekday","lunch","travelling","freezing","restaurant",0,1,0,"midday"
99,759,67,692,"weekday","lunch","unknown","warm","restaurant",0,1,0,"midday"
99,797,105,692,"weekend","beforelunch","travelling","freezing","grocery",1,1,0,"midday"
99,803,111,692,"weekday","afternoon","unknown","warm","grocery",1,1,0,"midday"
99,810,118,692,"weekend","lunch","travelling","cold","restaurant",0,1,1,"midday"
99,814,122,692,"weekday","beforelunch","travelling","unknown","restaurant",0,1,1,"midday"
99,822,130,692,"weekend","night","travelling","unknown","grocery",0,1,1,"night"
99,826,134,692,"weekday","lunch","travelling","unknown","restaurant",0,1,1,"midday"
99,834,142,692,"weekend","morning","leisure","unknown","grocery",1,1,1,"morning"
99,835,143,692,"weekday","beforelunch","travelling","unknown","restaurant",1,1,1,"midday"
99,836,144,692,"weekend","lunch","working","freezing","grocery",0,1,1,"midday"
99,846,154,692,"weekday","lunch","travelling","unknown","restaurant",0,1,1,"midday"
99,855,163,692,"weekday","lunch","working","cold","grocery",0,1,1,"midday"
99,856,164,692,"weekend","afternoon","travelling","freezing","grocery",0,1,1,"midday"
99,863,171,692,"weekday","lunch","travelling","cold","restaurant",0,1,1,"midday"
99,870,178,692,"weekday","afternoon","travelling","unknown","grocery",1,1,1,"midday"
100,705,11,694,"weekday","lunch","unknown","cold","restaurant",1,0,0,"midday"
100,710,16,694,"weekday","morning","travelling","cold","restaurant",1,0,0,"morning"
100,716,22,694,"weekend","lunch","travelling","cold","grocery",0,0,0,"midday"
100,723,29,694,"weekday","lunch","unknown","freezing","grocery",0,0,0,"midday"
100,728,34,694,"weekend","afternoon","unknown","cold","restaurant",1,0,0,"midday"
100,744,50,694,"weekday","breakfast","unknown","cold","restaurant",0,0,0,"morning"
100,771,77,694,"weekday","afternoon","travelling","unknown","grocery",0,1,0,"midday"
100,772,78,694,"weekday","afternoon","leisure","cold","grocery",0,1,0,"midday"
100,828,134,694,"weekday","lunch","travelling","cold","grocery",1,1,1,"midday"
100,830,136,694,"weekday","morning","travelling","cold","restaurant",0,1,1,"morning"
100,831,137,694,"weekday","afternoon","travelling","unknown","grocery",0,1,1,"midday"
100,840,146,694,"weekday","morning","travelling","freezing","restaurant",0,1,1,"morning"
100,843,149,694,"weekend","afternoon","leisure","freezing","restaurant",1,1,1,"midday"
