"pid","day","daysInStudy","day_zero","time_type","time_time","situation_major","weather_temperature","notification_type","engagement","S1","S2","time_time_simple"
1,0,0,0,"weekday","morning","travelling","freezing","restaurant",0,0,0,"morning"
1,1,1,0,"weekday","earlymorning","travelling","freezing","restaurant",0,0,0,"morning"
1,2,2,0,"weekend","afternoon","travelling","cold","restaurant",0,0,0,"midday"
1,3,3,0,"weekday","dinner","travelling","freezing","restaurant",0,0,0,"night"
1,7,7,0,"weekday","afternoon","travelling","unknown","grocery",0,0,0,"midday"
1,9,9,0,"weekday","afternoon","travelling","cold","restaurant",1,0,0,"midday"
1,11,11,0,"weekday","breakfast","travelling","cold","grocery",0,0,0,"morning"
1,15,15,0,"weekend","afternoon","travelling","cold","restaurant",0,0,0,"midday"
1,16,16,0,"weekday","afternoon","unknown","warm","grocery",0,0,0,"midday"
1,20,20,0,"unknown","afternoon","travelling","unknown","restaurant",1,0,0,"midday"
1,25,25,0,"weekday","breakfast","working","hot","restaurant",0,0,0,"morning"
1,26,26,0,"weekend","afternoon","travelling","freezing","grocery",0,0,0,"midday"
1,32,32,0,"weekend","breakfast","travelling","freezing","restaurant",1,0,0,"morning"
1,37,37,0,"weekday","morning","travelling","unknown","restaurant",1,0,0,"morning"
1,41,41,0,"weekday","breakfast","travelling","hot","restaurant",0,0,0,"morning"
1,43,43,0,"weekday","lunch","leisure","cold","grocery",1,0,0,"midday"
1,49,49,0,"weekday","afternoon","travelling","hot","restaurant",0,0,0,"midday"
1,51,51,0,"weekend","beforelunch","travelling","cold","restaurant",0,0,0,"midday"
1,55,55,0,"weekday","lunch","shopping","warm","grocery",0,0,0,"midday"
1,58,58,0,"weekday","afternoon","travelling","freezing","grocery",1,1,0,"midday"
1,62,62,0,"weekday","breakfast","working","unknown","grocery",0,1,0,"morning"
1,63,63,0,"weekend","dinner","travelling","warm","restaurant",1,1,0,"night"
1,66,66,0,"weekday","afternoon","shopping","cold","grocery",0,1,0,"midday"
1,73,73,0,"weekday","unknown","travelling","hot","grocery",1,1,0,"unknown"
1,76,76,0,"weekend","lunch","leisure","unknown","restaurant",1,1,0,"midday"
1,83,83,0,"weekday","afternoon","travelling","hot","restaurant",0,1,0,"midday"
1,96,96,0,"weekday","beforelunch","working","unknown","grocery",0,1,0,"midday"
1,98,98,0,"weekday","afternoon","travelling","unknown","restaurant",0,1,0,"midday"
1,104,104,0,"weekday","unknown","travelling","freezing","restaurant",0,1,0,"unknown"
1,113,113,0,"weekday","beforelunch","unknown","cold","restaurant",0,1,1,"midday"
1,115,115,0,"weekend","afternoon","working","freezing","restaurant",1,1,1,"midday"
1,121,121,0,"weekday","lunch","housework","cold","restaurant",0,1,1,"midday"
1,122,122,0,"weekday","afternoon","unknown","freezing","grocery",1,1,1,"midday"
1,126,126,0,"weekday","lunch","travelling","freezing","restaurant",0,1,1,"midday"
1,131,131,0,"weekday","lunch","leisure","cold","grocery",1,1,1,"midday"
1,133,133,0,"weekday","lunch","shopping","cold","restaurant",0,1,1,"midday"
1,139,139,0,"weekday","beforelunch","working","unknown","grocery",0,1,1,"midday"
1,141,141,0,"weekday","morning","travelling","unknown","restaurant",0,1,1,"morning"
1,146,146,0,"weekday","afternoon","travelling","freezing","grocery",0,1,1,"midday"
1,150,150,0,"weekend","beforelunch","travelling","cold","grocery",0,1,1,"midday"
1,152,152,0,"weekday","breakfast","travelling","unknown","grocery",1,1,1,"morning"
1,162,162,0,"weekend","beforelunch","travelling","cold","grocery",1,1,1,"midday"
1,173,173,0,"weekend","dinner","travelling","freezing","grocery",0,1,1,"night"
1,182,182,0,"weekday","unknown","travelling","hot","restaurant",0,1,1,"unknown"
2,11,2,9,"weekday","beforelunch","unknown","warm","grocery",1,0,0,"midday"
2,14,5,9,"weekday","beforelunch","travelling","freezing","restaurant",0,0,0,"midday"
2,16,7,9,"weekday","beforelunch","unknown","cold","restaurant",1,0,0,"midday"
2,25,16,9,"weekday","night","working","cold","grocery",0,0,0,"night"
2,29,20,9,"weekday","beforelunch","travelling","hot","restaurant",0,0,0,"midday"
2,45,36,9,"weekday","afternoon","unknown","cold","restaurant",0,0,0,"midday"
2,67,58,9,"weekend","morning","travelling","unknown","restaurant",0,1,0,"morning"
2,71,62,9,"unknown","lunch","travelling","cold","grocery",0,1,0,"midday"
2,84,75,9,"weekend","afternoon","shopping","hot","grocery",0,1,0,"midday"
2,86,77,9,"weekend","morning","travelling","unknown","grocery",0,1,0,"morning"
2,90,81,9,"weekend","afternoon","travelling","cold","grocery",0,1,0,"midday"
2,95,86,9,"weekday","earlymorning","leisure","cold","grocery",1,1,0,"morning"
2,96,87,9,"weekday","afternoon","travelling","cold","restaurant",0,1,0,"midday"
2,100,91,9,"weekend","lunch","travelling","unknown","grocery",0,1,0,"midday"
2,107,98,9,"weekend","morning","travelling","freezing","grocery",0,1,0,"morning"
2,109,100,9,"weekday","afternoon","leisure","unknown","restaurant",0,1,0,"midday"
2,139,130,9,"weekend","lunch","travelling","cold","restaurant",0,1,1,"midday"
2,147,138,9,"weekday","afternoon","travelling","unknown","restaurant",0,1,1,"midday"
2,149,140,9,"weekday","morning","travelling","freezing","grocery",1,1,1,"morning"
2,153,144,9,"weekday","night","unknown","unknown","restaurant",1,1,1,"night"
2,155,146,9,"weekend","afternoon","travelling","cold","restaurant",1,1,1,"midday"
2,160,151,9,"weekday","unknown","working","cold","grocery",0,1,1,"unknown"
2,174,165,9,"weekend","breakfast","travelling","warm","grocery",0,1,1,"morning"
2,176,167,9,"weekday","dinner","unknown","cold","grocery",0,1,1,"night"
2,179,170,9,"weekday","lunch","travelling","unknown","restaurant",0,1,1,"midday"
3,13,0,13,"weekday","beforelunch","unknown","freezing","restaurant",0,0,0,"midday"
3,14,1,13,"weekday","afternoon","morningrituals","warm","restaurant",1,0,0,"midday"
3,15,2,13,"weekday","breakfast","unknown","cold","restaurant",1,0,0,"morning"
3,16,3,13,"weekday","breakfast","morningrituals","warm","grocery",0,0,0,"morning"
3,19,6,13,"weekday","evening","travelling","warm","restaurant",0,0,0,"night"
3,20,7,13,"weekend","morning","travelling","hot","grocery",0,0,0,"morning"
3,22,9,13,"weekday","beforelunch","travelling","cold","grocery",0,0,0,"midday"
3,24,11,13,"weekend","lunch","working","cold","restaurant",0,0,0,"midday"
3,25,12,13,"weekend","dinner","travelling","freezing","grocery",1,0,0,"night"
3,26,13,13,"weekday","lunch","travelling","cold","grocery",0,0,0,"midday"
3,29,16,13,"weekday","afternoon","travelling","unknown","grocery",0,0,0,"midday"
3,30,17,13,"weekend","lunch","working","unknown","grocery",0,0,0,"midday"
3,31,18,13,"weekday","beforelunch","leisure","freezing","grocery",0,0,0,"midday"
3,32,19,13,"weekday","earlymorning","travelling","warm","grocery",0,0,0,"morning"
3,33,20,13,"weekday","lunch","unknown","warm","grocery",0,0,0,"midday"
3,35,22,13,"weekday","dinner","leisure","freezing","restaurant",0,0,0,"night"
3,37,24,13,"weekend","afternoon","travelling","hot","restaurant",1,0,0,"midday"
3,38,25,13,"weekday","lunch","travelling","warm","grocery",0,0,0,"midday"
3,39,26,13,"weekday","beforelunch","travelling","freezing","restaurant",1,0,0,"midday"
3,40,27,13,"weekend","morning","travelling","cold","grocery",0,0,0,"morning"
3,41,28,13,"weekend","dinner","morningrituals","cold","grocery",1,0,0,"night"
3,42,29,13,"weekday","afternoon","unknown","cold","restaurant",1,0,0,"midday"
3,43,30,13,"weekend","morning","shopping","cold","grocery",0,0,0,"morning"
3,44,31,13,"weekend","beforelunch","travelling","unknown","restaurant",0,0,0,"midday"
3,51,38,13,"weekend","afternoon","working","cold","restaurant",1,0,0,"midday"
3,52,39,13,"weekend","dinner","travelling","cold","restaurant",1,0,0,"night"
3,54,41,13,"weekday","dinner","unknown","cold","grocery",0,0,0,"night"
3,55,42,13,"weekend","night","travelling","unknown","restaurant",0,0,0,"night"
3,56,43,13,"weekday","afternoon","leisure","freezing","grocery",1,0,0,"midday"
3,58,45,13,"weekday","afternoon","unknown","cold","restaurant",0,0,0,"midday"
3,59,46,13,"weekday","beforelunch","working","cold","restaurant",0,0,0,"midday"
3,60,47,13,"weekday","afternoon","travelling","unknown","grocery",1,0,0,"midday"
3,62,49,13,"weekday","afternoon","leisure","cold","restaurant",0,0,0,"midday"
3,63,50,13,"weekend","beforelunch","travelling","cold","restaurant",1,0,0,"midday"
3,65,52,13,"weekend","afternoon","shopping","cold","restaurant",0,0,0,"midday"
3,66,53,13,"weekend","lunch","unknown","unknown","grocery",1,0,0,"midday"
3,67,54,13,"weekday","afternoon","unknown","warm","restaurant",0,0,0,"midday"
3,69,56,13,"weekend","afternoon","travelling","freezing","restaurant",0,0,0,"midday"
3,70,57,13,"weekday","afternoon","morningrituals","hot","grocery",0,1,0,"midday"
3,72,59,13,"weekday","afternoon","unknown","cold","grocery",1,1,0,"midday"
3,75,62,13,"weekday","beforelunch","travelling","cold","restaurant",0,1,0,"midday"
3,77,64,13,"weekday","beforelunch","leisure","cold","grocery",0,1,0,"midday"
3,81,68,13,"weekend","breakfast","travelling","freezing","grocery",1,1,0,"morning"
3,82,69,13,"weekend","afternoon","travelling","warm","grocery",1,1,0,"midday"
3,84,71,13,"weekday","lunch","travelling","hot","grocery",0,1,0,"midday"
3,87,74,13,"weekday","afternoon","travelling","unknown","restaurant",0,1,0,"midday"
3,88,75,13,"weekday","beforelunch","housework","unknown","grocery",1,1,0,"midday"
3,89,76,13,"weekday","afternoon","travelling","cold","restaurant",0,1,0,"midday"
3,91,78,13,"weekday","morning","working","freezing","grocery",1,1,0,"morning"
3,93,80,13,"weekend","afternoon","travelling","freezing","grocery",0,1,0,"midday"
3,94,81,13,"weekday","lunch","leisure","unknown","grocery",1,1,0,"midday"
3,95,82,13,"weekday","breakfast","travelling","cold","grocery",0,1,0,"morning"
3,96,83,13,"weekday","lunch","travelling","hot","restaurant",0,1,0,"midday"
3,97,84,13,"weekday","afternoon","travelling","unknown","grocery",0,1,0,"midday"
3,98,85,13,"weekday","lunch","travelling","unknown","restaurant",0,1,0,"midday"
3,99,86,13,"weekday","breakfast","travelling","hot","grocery",0,1,0,"morning"
3,103,90,13,"weekday","lunch","travelling","hot","grocery",1,1,0,"midday"
3,104,91,13,"weekday","beforelunch","unknown","unknown","grocery",0,1,0,"midday"
3,105,92,13,"weekday","lunch","shopping","cold","restaurant",0,1,0,"midday"
3,106,93,13,"weekday","morning","travelling","warm","grocery",0,1,0,"morning"
3,107,94,13,"weekday","morning","travelling","unknown","grocery",1,1,0,"morning"
3,108,95,13,"weekend","afternoon","travelling","hot","grocery",0,1,0,"midday"
3,112,99,13,"weekend","afternoon","travelling","unknown","grocery",0,1,0,"midday"
3,114,101,13,"weekday","morning","travelling","freezing","restaurant",1,1,0,"morning"
3,116,103,13,"weekend","lunch","travelling","unknown","grocery",1,1,0,"midday"
3,121,108,13,"weekday","lunch","travelling","cold","restaurant",1,1,0,"midday"
3,122,109,13,"weekday","afternoon","travelling","freezing","restaurant",0,1,0,"midday"
3,123,110,13,"weekend","lunch","travelling","cold","restaurant",0,1,0,"midday"
3,127,114,13,"weekend","breakfast","travelling","hot","grocery",0,1,1,"morning"
3,128,115,13,"weekday","afternoon","travelling","unknown","restaurant",1,1,1,"midday"
3,130,117,13,"weekend","lunch","travelling","warm","restaurant",0,1,1,"midday"
3,131,118,13,"weekday","dinner","leisure","cold","restaurant",0,1,1,"night"
3,132,119,13,"weekday","afternoon","leisure","freezing","grocery",1,1,1,"midday"
3,133,120,13,"weekend","evening","travelling","warm","grocery",0,1,1,"night"
3,134,121,13,"weekend","lunch","unknown","freezing","grocery",0,1,1,"midday"
3,135,122,13,"weekday","lunch","working","unknown","restaurant",0,1,1,"midday"
3,136,123,13,"weekday","afternoon","travelling","freezing","restaurant",1,1,1,"midday"
3,137,124,13,"weekday","breakfast","travelling","freezing","grocery",0,1,1,"morning"
3,138,125,13,"weekday","afternoon","leisure","cold","restaurant",0,1,1,"midday"
3,139,126,13,"weekday","breakfast","leisure","cold","grocery",0,1,1,"morning"
3,141,128,13,"weekday","afternoon","travelling","freezing","grocery",0,1,1,"midday"
3,142,129,13,"weekday","afternoon","shopping","warm","restaurant",0,1,1,"midday"
3,143,130,13,"weekday","evening","travelling","freezing","restaurant",0,1,1,"night"
3,144,131,13,"weekday","breakfast","workingout","cold","grocery",0,1,1,"morning"
3,145,132,13,"weekend","morning","working","cold","restaurant",0,1,1,"morning"
3,146,133,13,"weekday","unknown","travelling","unknown","restaurant",0,1,1,"unknown"
3,147,134,13,"weekday","beforelunch","travelling","hot","restaurant",0,1,1,"midday"
3,148,135,13,"weekday","breakfast","working","warm","restaurant",0,1,1,"morning"
3,151,138,13,"weekday","lunch","travelling","cold","restaurant",0,1,1,"midday"
3,153,140,13,"weekday","beforelunch","working","freezing","restaurant",0,1,1,"midday"
3,154,141,13,"weekday","breakfast","travelling","hot","grocery",0,1,1,"morning"
3,155,142,13,"weekday","lunch","travelling","freezing","restaurant",0,1,1,"midday"
3,156,143,13,"weekday","afternoon","travelling","freezing","grocery",0,1,1,"midday"
3,158,145,13,"weekday","lunch","working","warm","restaurant",0,1,1,"midday"
3,161,148,13,"weekday","breakfast","travelling","cold","grocery",0,1,1,"morning"
3,163,150,13,"weekend","afternoon","working","freezing","grocery",1,1,1,"midday"
3,167,154,13,"weekday","afternoon","leisure","hot","grocery",0,1,1,"midday"
3,169,156,13,"weekday","lunch","leisure","cold","grocery",1,1,1,"midday"
3,170,157,13,"weekday","lunch","travelling","unknown","grocery",0,1,1,"midday"
3,171,158,13,"weekday","beforelunch","travelling","cold","grocery",1,1,1,"midday"
3,173,160,13,"weekday","beforelunch","unknown","warm","restaurant",0,1,1,"midday"
3,174,161,13,"weekday","beforelunch","travelling","freezing","restaurant",1,1,1,"midday"
3,175,162,13,"weekend","beforelunch","unknown","unknown","restaurant",0,1,1,"midday"
3,177,164,13,"weekday","dinner","travelling","freezing","grocery",1,1,1,"night"
3,178,165,13,"weekday","lunch","travelling","warm","restaurant",1,1,1,"midday"
3,179,166,13,"weekday","afternoon","working","freezing","restaurant",0,1,1,"midday"
3,180,167,13,"weekday","lunch","leisure","cold","grocery",0,1,1,"midday"
3,183,170,13,"weekday","afternoon","travelling","unknown","restaurant",0,1,1,"midday"
3,184,171,13,"weekday","afternoon","working","cold","restaurant",1,1,1,"midday"
3,186,173,13,"weekday","breakfast","travelling","freezing","restaurant",0,1,1,"morning"
3,187,174,13,"weekday","afternoon","travelling","warm","restaurant",1,1,1,"midday"
3,188,175,13,"weekday","dinner","leisure","cold","restaurant",1,1,1,"night"
3,190,177,13,"weekend","breakfast","working","freezing","grocery",0,1,1,"morning"
3,191,178,13,"weekend","afternoon","travelling","cold","restaurant",1,1,1,"midday"
3,193,180,13,"weekday","unknown","unknown","unknown","restaurant",0,1,1,"unknown"
3,194,181,13,"weekend","breakfast","unknown","freezing","grocery",0,1,1,"morning"
3,195,182,13,"weekday","lunch","unknown","cold","restaurant",1,1,1,"midday"
3,196,183,13,"weekend","breakfast","travelling","freezing","grocery",0,1,1,"morning"
4,27,4,23,"weekday","lunch","travelling","warm","restaurant",0,0,0,"midday"
4,31,8,23,"weekday","afternoon","shopping","warm","restaurant",1,0,0,"midday"
4,36,13,23,"weekend","lunch","shopping","unknown","grocery",0,0,0,"midday"
4,37,14,23,"weekday","lunch","travelling","cold","restaurant",0,0,0,"midday"
4,45,22,23,"weekend","afternoon","leisure","cold","restaurant",0,0,0,"midday"
4,46,23,23,"weekday","afternoon","travelling","cold","restaurant",1,0,0,"midday"
4,48,25,23,"weekday","lunch","travelling","unknown","grocery",0,0,0,"midday"
4,50,27,23,"weekday","breakfast","travelling","freezing","grocery",0,0,0,"morning"
4,53,30,23,"weekend","afternoon","unknown","cold","grocery",0,0,0,"midday"
4,54,31,23,"weekday","breakfast","travelling","unknown","grocery",0,0,0,"morning"
4,57,34,23,"weekday","lunch","unknown","warm","grocery",1,0,0,"midday"
4,58,35,23,"weekday","dinner","morningrituals","cold","grocery",0,0,0,"night"
4,61,38,23,"weekday","lunch","travelling","freezing","grocery",0,0,0,"midday"
4,62,39,23,"weekday","afternoon","travelling","hot","restaurant",1,0,0,"midday"
4,67,44,23,"weekday","lunch","working","cold","grocery",0,0,0,"midday"
4,69,46,23,"weekend","evening","working","warm","grocery",1,0,0,"night"
4,70,47,23,"weekday","beforelunch","travelling","unknown","restaurant",1,0,0,"midday"
4,72,49,23,"weekday","afternoon","travelling","unknown","grocery",0,0,0,"midday"
4,77,54,23,"weekday","breakfast","travelling","freezing","grocery",1,0,0,"morning"
4,78,55,23,"weekday","lunch","travelling","warm","grocery",0,0,0,"midday"
4,80,57,23,"weekday","afternoon","shopping","unknown","restaurant",0,1,0,"midday"
4,81,58,23,"weekday","afternoon","travelling","cold","grocery",0,1,0,"midday"
4,82,59,23,"weekday","afternoon","travelling","freezing","restaurant",1,1,0,"midday"
4,89,66,23,"weekend","dinner","travelling","warm","grocery",0,1,0,"night"
4,91,68,23,"weekday","beforelunch","travelling","cold","grocery",0,1,0,"midday"
4,92,69,23,"weekday","lunch","unknown","warm","restaurant",1,1,0,"midday"
4,93,70,23,"weekday","lunch","travelling","cold","restaurant",0,1,0,"midday"
4,97,74,23,"weekday","breakfast","shopping","unknown","restaurant",0,1,0,"morning"
4,98,75,23,"weekday","afternoon","unknown","unknown","grocery",0,1,0,"midday"
4,105,82,23,"weekday","morning","travelling","unknown","restaurant",1,1,0,"morning"
4,110,87,23,"unknown","afternoon","travelling","hot","restaurant",0,1,0,"midday"
4,111,88,23,"weekday","afternoon","unknown","freezing","grocery",0,1,0,"midday"
4,117,94,23,"weekend","beforelunch","travelling","cold","restaurant",0,1,0,"midday"
4,121,98,23,"weekday","afternoon","leisure","cold","grocery",0,1,0,"midday"
4,125,102,23,"weekday","afternoon","travelling","cold","grocery",0,1,0,"midday"
4,126,103,23,"weekend","afternoon","travelling","cold","grocery",0,1,0,"midday"
4,127,104,23,"weekend","lunch","working","freezing","grocery",0,1,0,"midday"
4,130,107,23,"weekend","lunch","travelling","cold","grocery",1,1,0,"midday"
4,133,110,23,"weekday","afternoon","leisure","cold","grocery",0,1,0,"midday"
4,135,112,23,"weekday","lunch","travelling","cold","grocery",1,1,0,"midday"
4,137,114,23,"weekday","lunch","travelling","freezing","grocery",0,1,1,"midday"
4,146,123,23,"weekday","dinner","travelling","freezing","restaurant",0,1,1,"night"
4,151,128,23,"weekday","afternoon","unknown","unknown","grocery",1,1,1,"midday"
4,153,130,23,"weekday","lunch","unknown","cold","grocery",0,1,1,"midday"
4,154,131,23,"weekday","afternoon","shopping","cold","grocery",0,1,1,"midday"
4,155,132,23,"weekday","lunch","travelling","freezing","restaurant",0,1,1,"midday"
4,159,136,23,"weekend","morning","travelling","hot","grocery",0,1,1,"morning"
4,160,137,23,"weekday","lunch","travelling","warm","grocery",1,1,1,"midday"
4,162,139,23,"weekday","beforelunch","unknown","freezing","grocery",0,1,1,"midday"
4,165,142,23,"weekday","lunch","working","cold","grocery",0,1,1,"midday"
4,166,143,23,"weekday","breakfast","travelling","warm","grocery",1,1,1,"morning"
4,168,145,23,"weekday","afternoon","travelling","cold","grocery",0,1,1,"midday"
4,172,149,23,"weekday","beforelunch","shopping","cold","restaurant",0,1,1,"midday"
4,173,150,23,"weekday","evening","shopping","unknown","grocery",0,1,1,"night"
4,174,151,23,"weekday","lunch","travelling","cold","grocery",0,1,1,"midday"
4,177,154,23,"weekend","lunch","travelling","unknown","grocery",0,1,1,"midday"
4,178,155,23,"weekday","afternoon","travelling","unknown","restaurant",0,1,1,"midday"
4,185,162,23,"weekday","morning","travelling","cold","restaurant",0,1,1,"morning"
4,190,167,23,"weekday","afternoon","unknown","freezing","restaurant",0,1,1,"midday"
4,192,169,23,"weekend","afternoon","morningrituals","cold","restaurant",0,1,1,"midday"
4,193,170,23,"weekday","afternoon","travelling","freezing","restaurant",1,1,1,"midday"
4,194,171,23,"weekend","beforelunch","working","freezing","grocery",0,1,1,"midday"
4,195,172,23,"weekday","beforelunch","unknown","freezing","restaurant",1,1,1,"midday"
4,199,176,23,"weekday","beforelunch","leisure","hot","restaurant",1,1,1,"midday"
4,200,177,23,"weekend","earlymorning","travelling","cold","restaurant",0,1,1,"morning"
4,201,178,23,"weekday","breakfast","travelling","cold","restaurant",1,1,1,"morning"
4,204,181,23,"weekday","breakfast","travelling","cold","restaurant",1,1,1,"morning"
4,205,182,23,"weekday","night","unknown","cold","grocery",0,1,1,"night"
5,33,0,33,"weekday","beforelunch","travelling","cold","grocery",0,0,0,"midday"
5,34,1,33,"weekend","lunch","unknown","unknown","grocery",0,0,0,"midday"
5,40,7,33,"weekday","afternoon","unknown","cold","grocery",0,0,0,"midday"
5,41,8,33,"weekday","breakfast","travelling","unknown","grocery",0,0,0,"morning"
5,43,10,33,"weekend","lunch","unknown","freezing","grocery",0,0,0,"midday"
5,47,14,33,"weekday","afternoon","travelling","cold","grocery",0,0,0,"midday"
5,49,16,33,"weekday","lunch","shopping","warm","restaurant",0,0,0,"midday"
5,56,23,33,"unknown","afternoon","unknown","freezing","grocery",0,0,0,"midday"
5,64,31,33,"unknown","afternoon","travelling","warm","grocery",0,0,0,"midday"
5,66,33,33,"weekday","evening","travelling","unknown","restaurant",1,0,0,"night"
5,68,35,33,"weekday","breakfast","leisure","freezing","grocery",0,0,0,"morning"
5,73,40,33,"weekday","lunch","travelling","cold","grocery",0,0,0,"midday"
5,80,47,33,"weekday","lunch","working","unknown","restaurant",0,0,0,"midday"
5,84,51,33,"weekend","afternoon","travelling","unknown","restaurant",0,0,0,"midday"
5,89,56,33,"weekday","earlymorning","travelling","unknown","grocery",1,0,0,"morning"
5,93,60,33,"weekend","breakfast","travelling","unknown","restaurant",0,1,0,"morning"
5,94,61,33,"weekday","lunch","travelling","unknown","restaurant",1,1,0,"midday"
5,97,64,33,"weekday","beforelunch","travelling","cold","restaurant",0,1,0,"midday"
5,99,66,33,"weekday","afternoon","travelling","cold","grocery",1,1,0,"midday"
5,103,70,33,"weekday","beforelunch","travelling","unknown","grocery",0,1,0,"midday"
5,106,73,33,"weekend","beforelunch","leisure","cold","grocery",1,1,0,"midday"
5,109,76,33,"weekday","dinner","travelling","cold","grocery",0,1,0,"night"
5,116,83,33,"weekday","breakfast","leisure","hot","restaurant",0,1,0,"morning"
5,117,84,33,"weekday","earlymorning","shopping","warm","grocery",0,1,0,"morning"
5,118,85,33,"weekend","morning","travelling","warm","grocery",0,1,0,"morning"
5,123,90,33,"weekday","lunch","morningrituals","warm","grocery",0,1,0,"midday"
5,124,91,33,"weekday","afternoon","travelling","cold","grocery",1,1,0,"midday"
5,126,93,33,"weekday","morning","shopping","cold","grocery",1,1,0,"morning"
5,127,94,33,"unknown","breakfast","travelling","warm","restaurant",1,1,0,"morning"
5,128,95,33,"weekend","lunch","travelling","cold","grocery",0,1,0,"midday"
5,132,99,33,"weekend","beforelunch","travelling","freezing","grocery",1,1,0,"midday"
5,134,101,33,"weekend","breakfast","unknown","freezing","restaurant",0,1,0,"morning"
5,137,104,33,"weekday","unknown","shopping","freezing","grocery",1,1,0,"unknown"
5,147,114,33,"weekday","afternoon","unknown","cold","restaurant",0,1,1,"midday"
5,148,115,33,"weekday","breakfast","leisure","freezing","grocery",0,1,1,"morning"
5,149,116,33,"weekday","dinner","travelling","freezing","restaurant",1,1,1,"night"
5,155,122,33,"weekday","lunch","leisure","cold","restaurant",1,1,1,"midday"
5,157,124,33,"weekday","afternoon","leisure","freezing","grocery",1,1,1,"midday"
5,165,132,33,"weekday","breakfast","travelling","cold","restaurant",1,1,1,"morning"
5,169,136,33,"weekday","afternoon","unknown","cold","restaurant",1,1,1,"midday"
5,170,137,33,"weekday","evening","travelling","warm","restaurant",1,1,1,"night"
5,171,138,33,"weekend","earlymorning","working","cold","grocery",0,1,1,"morning"
5,174,141,33,"weekday","beforelunch","travelling","freezing","restaurant",0,1,1,"midday"
5,186,153,33,"weekday","afternoon","travelling","unknown","grocery",0,1,1,"midday"
5,187,154,33,"weekday","afternoon","working","unknown","grocery",0,1,1,"midday"
5,191,158,33,"weekday","afternoon","travelling","unknown","grocery",1,1,1,"midday"
5,193,160,33,"weekday","breakfast","travelling","hot","grocery",0,1,1,"morning"
5,196,163,33,"weekday","breakfast","travelling","freezing","grocery",0,1,1,"morning"
5,197,164,33,"weekday","afternoon","travelling","hot","restaurant",0,1,1,"midday"
5,203,170,33,"weekend","lunch","shopping","freezing","restaurant",0,1,1,"midday"
5,205,172,33,"weekday","latenight","travelling","unknown","grocery",0,1,1,"night"
5,206,173,33,"weekend","beforelunch","travelling","warm","restaurant",1,1,1,"midday"
5,211,178,33,"weekend","lunch","travelling","freezing","restaurant",0,1,1,"midday"
6,45,0,45,"weekday","lunch","travelling","freezing","grocery",1,0,0,"midday"
6,48,3,45,"weekday","lunch","leisure","cold","restaurant",0,0,0,"midday"
6,53,8,45,"weekday","evening","travelling","freezing","restaurant",1,0,0,"night"
6,59,14,45,"weekday","lunch","travelling","cold","restaurant",0,0,0,"midday"
6,61,16,45,"weekday","afternoon","travelling","freezing","restaurant",0,0,0,"midday"
6,66,21,45,"weekday","beforelunch","shopping","cold","grocery",1,0,0,"midday"
6,67,22,45,"weekday","earlymorning","travelling","freezing","restaurant",1,0,0,"morning"
6,68,23,45,"weekday","afternoon","working","freezing","grocery",0,0,0,"midday"
6,76,31,45,"weekday","beforelunch","travelling","cold","restaurant",1,0,0,"midday"
6,78,33,45,"weekend","morning","travelling","cold","grocery",0,0,0,"morning"
6,79,34,45,"weekday","morning","travelling","freezing","restaurant",0,0,0,"morning"
6,81,36,45,"weekend","afternoon","travelling","freezing","grocery",0,0,0,"midday"
6,83,38,45,"weekday","beforelunch","unknown","unknown","restaurant",1,0,0,"midday"
6,84,39,45,"weekday","breakfast","shopping","freezing","restaurant",0,0,0,"morning"
6,89,44,45,"weekday","lunch","travelling","warm","restaurant",1,0,0,"midday"
6,93,48,45,"weekday","unknown","unknown","cold","restaurant",0,0,0,"unknown"
6,96,51,45,"weekday","afternoon","working","unknown","restaurant",1,0,0,"midday"
6,98,53,45,"weekday","afternoon","unknown","unknown","grocery",0,0,0,"midday"
6,103,58,45,"weekday","lunch","working","warm","restaurant",1,1,0,"midday"
6,109,64,45,"weekday","beforelunch","travelling","cold","restaurant",0,1,0,"midday"
6,121,76,45,"weekday","earlymorning","working","warm","grocery",0,1,0,"morning"
6,126,81,45,"weekday","afternoon","morningrituals","cold","restaurant",0,1,0,"midday"
6,128,83,45,"weekday","afternoon","travelling","freezing","restaurant",1,1,0,"midday"
6,129,84,45,"weekday","beforelunch","working","cold","restaurant",0,1,0,"midday"
6,133,88,45,"weekend","breakfast","travelling","warm","restaurant",0,1,0,"morning"
6,135,90,45,"weekend","breakfast","working","cold","grocery",0,1,0,"morning"
6,136,91,45,"weekday","lunch","unknown","cold","grocery",0,1,0,"midday"
6,137,92,45,"weekday","dinner","travelling","warm","restaurant",0,1,0,"night"
6,138,93,45,"weekday","lunch","travelling","warm","grocery",0,1,0,"midday"
6,141,96,45,"weekday","morning","unknown","cold","grocery",0,1,0,"morning"
6,142,97,45,"weekday","lunch","travelling","freezing","grocery",0,1,0,"midday"
6,143,98,45,"weekend","morning","travelling","freezing","grocery",1,1,0,"morning"
6,145,100,45,"weekday","evening","travelling","cold","restaurant",1,1,0,"night"
6,146,101,45,"weekend","beforelunch","travelling","cold","grocery",0,1,0,"midday"
6,147,102,45,"weekday","lunch","travelling","cold","grocery",1,1,0,"midday"
6,149,104,45,"weekday","afternoon","unknown","cold","restaurant",1,1,0,"midday"
6,153,108,45,"weekday","lunch","travelling","unknown","grocery",1,1,0,"midday"
6,155,110,45,"weekend","afternoon","travelling","cold","grocery",0,1,0,"midday"
6,160,115,45,"weekday","afternoon","unknown","hot","grocery",1,1,1,"midday"
6,161,116,45,"weekday","afternoon","morningrituals","warm","grocery",0,1,1,"midday"
6,163,118,45,"weekend","morning","travelling","warm","restaurant",0,1,1,"morning"
6,164,119,45,"weekend","beforelunch","leisure","hot","grocery",1,1,1,"midday"
6,166,121,45,"weekday","lunch","travelling","cold","restaurant",0,1,1,"midday"
6,169,124,45,"weekend","evening","travelling","cold","restaurant",1,1,1,"night"
6,170,125,45,"weekday","afternoon","travelling","unknown","grocery",0,1,1,"midday"
6,172,127,45,"weekday","unknown","travelling","cold","restaurant",1,1,1,"unknown"
6,176,131,45,"weekend","afternoon","travelling","cold","grocery",0,1,1,"midday"
6,177,132,45,"weekend","afternoon","travelling","warm","grocery",0,1,1,"midday"
6,180,135,45,"weekday","evening","shopping","freezing","restaurant",0,1,1,"night"
6,181,136,45,"weekday","breakfast","leisure","warm","grocery",1,1,1,"morning"
6,182,137,45,"weekday","dinner","morningrituals","freezing","restaurant",0,1,1,"night"
6,184,139,45,"unknown","lunch","shopping","cold","grocery",0,1,1,"midday"
6,186,141,45,"weekday","morning","unknown","warm","grocery",0,1,1,"morning"
6,194,149,45,"weekday","breakfast","travelling","warm","restaurant",0,1,1,"morning"
6,196,151,45,"weekday","morning","unknown","warm","grocery",0,1,1,"morning"
6,197,152,45,"weekday","dinner","travelling","hot","grocery",1,1,1,"night"
6,198,153,45,"weekday","afternoon","shopping","hot","restaurant",0,1,1,"midday"
6,201,156,45,"weekday","beforelunch","travelling","freezing","grocery",1,1,1,"midday"
6,204,159,45,"weekday","afternoon","working","warm","grocery",1,1,1,"midday"
6,207,162,45,"weekday","afternoon","travelling","hot","grocery",1,1,1,"midday"
6,211,166,45,"weekday","afternoon","unknown","freezing","grocery",0,1,1,"midday"
6,214,169,45,"weekday","earlymorning","shopping","unknown","grocery",0,1,1,"morning"
6,215,170,45,"weekday","morning","travelling","warm","grocery",0,1,1,"morning"
6,220,175,45,"weekday","lunch","travelling","hot","grocery",0,1,1,"midday"
6,221,176,45,"weekday","lunch","working","unknown","restaurant",0,1,1,"midday"
6,222,177,45,"weekday","beforelunch","travelling","cold","grocery",0,1,1,"midday"
6,224,179,45,"weekday","afternoon","shopping","warm","restaurant",0,1,1,"midday"
6,225,180,45,"weekend","beforelunch","travelling","unknown","grocery",1,1,1,"midday"
7,47,0,47,"weekday","lunch","travelling","cold","grocery",0,0,0,"midday"
7,50,3,47,"weekday","earlymorning","unknown","unknown","restaurant",0,0,0,"morning"
7,52,5,47,"weekday","lunch","travelling","warm","grocery",1,0,0,"midday"
7,59,12,47,"weekday","lunch","unknown","unknown","grocery",1,0,0,"midday"
7,60,13,47,"weekend","night","travelling","warm","grocery",0,0,0,"night"
7,63,16,47,"weekday","afternoon","leisure","unknown","restaurant",0,0,0,"midday"
7,70,23,47,"weekday","lunch","shopping","unknown","restaurant",0,0,0,"midday"
7,72,25,47,"weekend","breakfast","travelling","freezing","restaurant",0,0,0,"morning"
7,74,27,47,"weekday","afternoon","travelling","warm","restaurant",0,0,0,"midday"
7,95,48,47,"weekday","afternoon","unknown","cold","grocery",0,0,0,"midday"
7,100,53,47,"weekday","night","working","cold","grocery",0,0,0,"night"
7,104,57,47,"weekday","beforelunch","unknown","freezing","restaurant",0,1,0,"midday"
7,106,59,47,"weekday","lunch","leisure","cold","grocery",1,1,0,"midday"
7,108,61,47,"weekday","afternoon","shopping","cold","restaurant",1,1,0,"midday"
7,109,62,47,"weekday","beforelunch","shopping","cold","grocery",0,1,0,"midday"
7,110,63,47,"weekend","afternoon","unknown","freezing","restaurant",0,1,0,"midday"
7,112,65,47,"weekday","afternoon","unknown","cold","grocery",0,1,0,"midday"
7,115,68,47,"weekday","morning","travelling","unknown","restaurant",0,1,0,"morning"
7,118,71,47,"weekend","lunch","travelling","cold","grocery",0,1,0,"midday"
7,121,74,47,"weekend","afternoon","travelling","cold","restaurant",1,1,0,"midday"
7,122,75,47,"weekday","morning","travelling","freezing","grocery",0,1,0,"morning"
7,124,77,47,"weekend","afternoon","travelling","hot","restaurant",0,1,0,"midday"
7,125,78,47,"weekday","afternoon","travelling","hot","restaurant",0,1,0,"midday"
7,126,79,47,"weekday","morning","travelling","unknown","grocery",0,1,0,"morning"
7,127,80,47,"weekday","beforelunch","leisure","freezing","grocery",1,1,0,"midday"
7,128,81,47,"weekend","beforelunch","leisure","cold","grocery",0,1,0,"midday"
7,129,82,47,"weekend","lunch","travelling","freezing","restaurant",0,1,0,"midday"
7,131,84,47,"weekday","breakfast","travelling","warm","grocery",1,1,0,"morning"
7,133,86,47,"weekday","afternoon","unknown","unknown","grocery",1,1,0,"midday"
7,135,88,47,"weekday","lunch","unknown","unknown","restaurant",0,1,0,"midday"
7,136,89,47,"weekend","afternoon","leisure","freezing","grocery",0,1,0,"midday"
7,140,93,47,"weekday","afternoon","travelling","unknown","grocery",1,1,0,"midday"
7,142,95,47,"weekend","afternoon","leisure","cold","restaurant",1,1,0,"midday"
7,143,96,47,"weekday","morning","travelling","freezing","grocery",0,1,0,"morning"
7,147,100,47,"weekday","afternoon","shopping","hot","grocery",1,1,0,"midday"
7,149,102,47,"weekday","afternoon","travelling","cold","restaurant",0,1,0,"midday"
7,151,104,47,"weekend","beforelunch","shopping","freezing","grocery",0,1,0,"midday"
7,153,106,47,"weekday","lunch","travelling","cold","restaurant",0,1,0,"midday"
7,154,107,47,"weekday","breakfast","travelling","cold","grocery",0,1,0,"morning"
7,155,108,47,"weekend","breakfast","travelling","cold","grocery",1,1,0,"morning"
7,159,112,47,"weekend","lunch","travelling","unknown","grocery",0,1,0,"midday"
7,168,121,47,"weekday","dinner","travelling","hot","restaurant",0,1,1,"night"
7,173,126,47,"weekday","lunch","travelling","warm","grocery",0,1,1,"midday"
7,176,129,47,"weekday","afternoon","leisure","hot","grocery",0,1,1,"midday"
7,178,131,47,"weekday","earlymorning","travelling","freezing","grocery",0,1,1,"morning"
7,187,140,47,"weekday","beforelunch","leisure","unknown","grocery",0,1,1,"midday"
7,188,141,47,"weekday","afternoon","shopping","warm","restaurant",0,1,1,"midday"
7,192,145,47,"weekday","lunch","travelling","unknown","restaurant",0,1,1,"midday"
7,195,148,47,"weekday","earlymorning","travelling","warm","restaurant",0,1,1,"morning"
7,196,149,47,"weekday","lunch","leisure","cold","grocery",0,1,1,"midday"
7,198,151,47,"weekday","evening","unknown","freezing","grocery",1,1,1,"night"
7,202,155,47,"weekday","dinner","shopping","warm","grocery",0,1,1,"night"
7,203,156,47,"weekend","breakfast","travelling","hot","grocery",1,1,1,"morning"
7,205,158,47,"weekday","beforelunch","travelling","unknown","grocery",0,1,1,"midday"
7,206,159,47,"weekday","beforelunch","travelling","freezing","restaurant",0,1,1,"midday"
7,215,168,47,"weekday","morning","travelling","cold","grocery",0,1,1,"morning"
7,216,169,47,"weekday","beforelunch","travelling","warm","grocery",0,1,1,"midday"
7,220,173,47,"weekend","afternoon","morningrituals","hot","restaurant",0,1,1,"midday"
7,221,174,47,"weekday","breakfast","travelling","warm","grocery",0,1,1,"morning"
7,225,178,47,"weekday","afternoon","unknown","warm","grocery",0,1,1,"midday"
8,53,0,53,"weekend","afternoon","unknown","freezing","restaurant",1,0,0,"midday"
8,54,1,53,"weekday","dinner","leisure","unknown","restaurant",0,0,0,"night"
8,59,6,53,"weekday","breakfast","travelling","unknown","restaurant",0,0,0,"morning"
8,60,7,53,"weekday","breakfast","travelling","freezing","grocery",1,0,0,"morning"
8,62,9,53,"weekday","evening","travelling","cold","grocery",0,0,0,"night"
8,71,18,53,"weekday","afternoon","travelling","cold","restaurant",0,0,0,"midday"
8,73,20,53,"weekday","earlymorning","travelling","warm","restaurant",0,0,0,"morning"
8,75,22,53,"weekday","lunch","unknown","hot","grocery",1,0,0,"midday"
8,77,24,53,"weekday","breakfast","unknown","warm","restaurant",0,0,0,"morning"
8,78,25,53,"weekend","afternoon","travelling","cold","grocery",0,0,0,"midday"
8,80,27,53,"weekday","breakfast","leisure","cold","restaurant",0,0,0,"morning"
8,81,28,53,"weekday","breakfast","travelling","cold","grocery",0,0,0,"morning"
8,82,29,53,"weekend","morning","travelling","freezing","restaurant",0,0,0,"morning"
8,83,30,53,"weekday","afternoon","travelling","cold","grocery",1,0,0,"midday"
8,85,32,53,"weekday","beforelunch","unknown","cold","restaurant",0,0,0,"midday"
8,89,36,53,"weekend","lunch","working","cold","grocery",1,0,0,"midday"
8,91,38,53,"weekday","earlymorning","travelling","warm","grocery",0,0,0,"morning"
8,92,39,53,"weekday","beforelunch","travelling","cold","restaurant",0,0,0,"midday"
8,93,40,53,"weekend","breakfast","travelling","freezing","restaurant",0,0,0,"morning"
8,94,41,53,"weekday","beforelunch","travelling","unknown","restaurant",0,0,0,"midday"
8,96,43,53,"weekday","lunch","travelling","cold","grocery",1,0,0,"midday"
8,98,45,53,"weekday","lunch","working","freezing","restaurant",1,0,0,"midday"
8,99,46,53,"weekday","breakfast","travelling","cold","grocery",0,0,0,"morning"
8,100,47,53,"weekend","lunch","travelling","unknown","grocery",0,0,0,"midday"
8,103,50,53,"weekday","lunch","leisure","unknown","grocery",0,0,0,"midday"
8,110,57,53,"weekday","afternoon","travelling","unknown","restaurant",0,1,0,"midday"
8,111,58,53,"weekday","afternoon","working","cold","grocery",0,1,0,"midday"
8,118,65,53,"weekday","morning","travelling","freezing","restaurant",0,1,0,"morning"
8,122,69,53,"weekday","lunch","travelling","warm","restaurant",0,1,0,"midday"
8,125,72,53,"weekend","breakfast","working","cold","restaurant",0,1,0,"morning"
8,126,73,53,"weekend","morning","leisure","unknown","grocery",0,1,0,"morning"
8,127,74,53,"weekend","night","housework","warm","restaurant",0,1,0,"night"
8,128,75,53,"weekday","afternoon","shopping","hot","restaurant",1,1,0,"midday"
8,133,80,53,"weekend","morning","travelling","freezing","restaurant",1,1,0,"morning"
8,142,89,53,"weekday","breakfast","travelling","unknown","grocery",0,1,0,"morning"
8,144,91,53,"weekday","lunch","travelling","unknown","restaurant",0,1,0,"midday"
8,145,92,53,"weekday","beforelunch","working","warm","grocery",1,1,0,"midday"
8,147,94,53,"weekend","afternoon","travelling","warm","grocery",1,1,0,"midday"
8,149,96,53,"weekday","breakfast","morningrituals","unknown","restaurant",0,1,0,"morning"
8,152,99,53,"weekday","lunch","morningrituals","warm","restaurant",1,1,0,"midday"
8,163,110,53,"weekday","dinner","travelling","hot","restaurant",1,1,0,"night"
8,168,115,53,"weekend","afternoon","travelling","cold","restaurant",1,1,1,"midday"
8,169,116,53,"weekday","breakfast","travelling","warm","restaurant",0,1,1,"morning"
8,172,119,53,"weekday","afternoon","travelling","cold","grocery",0,1,1,"midday"
8,175,122,53,"weekday","afternoon","unknown","unknown","restaurant",1,1,1,"midday"
8,176,123,53,"weekend","lunch","shopping","cold","grocery",0,1,1,"midday"
8,177,124,53,"weekday","afternoon","travelling","hot","restaurant",0,1,1,"midday"
8,184,131,53,"weekday","breakfast","travelling","unknown","restaurant",1,1,1,"morning"
8,185,132,53,"weekday","beforelunch","unknown","hot","restaurant",0,1,1,"midday"
8,193,140,53,"weekend","dinner","travelling","hot","grocery",1,1,1,"night"
8,195,142,53,"weekday","breakfast","travelling","freezing","restaurant",0,1,1,"morning"
8,197,144,53,"weekday","dinner","leisure","freezing","grocery",0,1,1,"night"
8,201,148,53,"weekday","afternoon","leisure","cold","grocery",0,1,1,"midday"
8,204,151,53,"weekend","lunch","unknown","unknown","restaurant",0,1,1,"midday"
8,206,153,53,"weekday","beforelunch","travelling","cold","restaurant",0,1,1,"midday"
8,207,154,53,"weekday","beforelunch","travelling","freezing","grocery",0,1,1,"midday"
8,208,155,53,"weekend","lunch","travelling","freezing","grocery",0,1,1,"midday"
8,210,157,53,"weekday","breakfast","travelling","hot","grocery",0,1,1,"morning"
8,214,161,53,"unknown","lunch","leisure","cold","grocery",0,1,1,"midday"
8,215,162,53,"weekday","afternoon","travelling","hot","restaurant",0,1,1,"midday"
8,216,163,53,"weekday","afternoon","travelling","freezing","grocery",1,1,1,"midday"
8,218,165,53,"weekday","afternoon","working","cold","grocery",0,1,1,"midday"
8,224,171,53,"weekday","breakfast","travelling","unknown","grocery",0,1,1,"morning"
8,226,173,53,"weekday","beforelunch","unknown","freezing","grocery",0,1,1,"midday"
8,230,177,53,"weekday","morning","travelling","cold","grocery",0,1,1,"morning"
8,233,180,53,"weekday","lunch","travelling","freezing","grocery",0,1,1,"midday"
8,235,182,53,"weekday","afternoon","travelling","cold","grocery",0,1,1,"midday"
8,236,183,53,"weekend","afternoon","unknown","hot","restaurant",0,1,1,"midday"
9,66,3,63,"unknown","afternoon","travelling","cold","restaurant",1,0,0,"midday"
9,68,5,63,"weekday","breakfast","unknown","freezing","restaurant",0,0,0,"morning"
9,74,11,63,"weekday","afternoon","travelling","cold","restaurant",0,0,0,"midday"
9,77,14,63,"weekend","afternoon","leisure","cold","restaurant",0,0,0,"midday"
9,79,16,63,"weekend","lunch","leisure","cold","restaurant",0,0,0,"midday"
9,81,18,63,"weekend","lunch","travelling","unknown","grocery",0,0,0,"midday"
9,88,25,63,"weekday","afternoon","unknown","unknown","grocery",0,0,0,"midday"
9,90,27,63,"weekday","breakfast","travelling","freezing","grocery",1,0,0,"morning"
9,93,30,63,"weekday","afternoon","working","cold","grocery",0,0,0,"midday"
9,103,40,63,"weekday","lunch","travelling","hot","restaurant",0,0,0,"midday"
9,104,41,63,"weekday","morning","unknown","cold","grocery",0,0,0,"morning"
9,105,42,63,"weekday","morning","travelling","cold","grocery",0,0,0,"morning"
9,106,43,63,"weekday","breakfast","travelling","cold","restaurant",0,0,0,"morning"
9,110,47,63,"weekday","afternoon","travelling","warm","restaurant",0,0,0,"midday"
9,116,53,63,"weekday","breakfast","unknown","hot","restaurant",1,0,0,"morning"
9,123,60,63,"weekday","lunch","unknown","unknown","grocery",0,1,0,"midday"
9,128,65,63,"weekday","afternoon","shopping","unknown","grocery",0,1,0,"midday"
9,138,75,63,"weekday","afternoon","unknown","unknown","restaurant",1,1,0,"midday"
9,142,79,63,"weekend","breakfast","morningrituals","cold","restaurant",0,1,0,"morning"
9,144,81,63,"weekday","afternoon","travelling","cold","restaurant",0,1,0,"midday"
9,145,82,63,"weekday","lunch","unknown","warm","restaurant",0,1,0,"midday"
9,148,85,63,"weekend","lunch","unknown","unknown","restaurant",0,1,0,"midday"
9,150,87,63,"weekday","afternoon","travelling","cold","restaurant",1,1,0,"midday"
9,152,89,63,"weekday","afternoon","working","cold","restaurant",1,1,0,"midday"
9,154,91,63,"weekend","beforelunch","shopping","cold","restaurant",1,1,0,"midday"
9,163,100,63,"weekday","lunch","travelling","cold","grocery",1,1,0,"midday"
9,166,103,63,"weekday","lunch","travelling","cold","grocery",0,1,0,"midday"
9,170,107,63,"weekday","afternoon","travelling","freezing","restaurant",1,1,0,"midday"
9,173,110,63,"weekday","beforelunch","shopping","freezing","restaurant",0,1,0,"midday"
9,175,112,63,"weekend","afternoon","travelling","cold","grocery",1,1,0,"midday"
9,180,117,63,"weekday","lunch","travelling","hot","restaurant",0,1,1,"midday"
9,182,119,63,"weekend","breakfast","travelling","freezing","restaurant",0,1,1,"morning"
9,185,122,63,"weekend","afternoon","travelling","cold","restaurant",1,1,1,"midday"
9,191,128,63,"weekday","beforelunch","travelling","hot","restaurant",1,1,1,"midday"
9,194,131,63,"weekday","evening","travelling","freezing","restaurant",0,1,1,"night"
9,195,132,63,"weekday","lunch","travelling","warm","grocery",0,1,1,"midday"
9,196,133,63,"weekend","lunch","travelling","warm","restaurant",0,1,1,"midday"
9,197,134,63,"weekday","afternoon","unknown","freezing","restaurant",0,1,1,"midday"
9,204,141,63,"weekday","afternoon","unknown","cold","restaurant",0,1,1,"midday"
9,211,148,63,"weekend","beforelunch","leisure","warm","restaurant",0,1,1,"midday"
9,212,149,63,"weekend","breakfast","travelling","unknown","restaurant",0,1,1,"morning"
9,216,153,63,"weekday","beforelunch","travelling","freezing","grocery",0,1,1,"midday"
9,217,154,63,"weekday","lunch","travelling","warm","restaurant",0,1,1,"midday"
9,219,156,63,"unknown","afternoon","travelling","freezing","grocery",0,1,1,"midday"
9,220,157,63,"weekday","morning","travelling","warm","restaurant",0,1,1,"morning"
9,223,160,63,"weekday","afternoon","travelling","unknown","restaurant",0,1,1,"midday"
9,224,161,63,"weekday","lunch","travelling","freezing","grocery",1,1,1,"midday"
9,226,163,63,"weekday","afternoon","unknown","freezing","grocery",0,1,1,"midday"
9,230,167,63,"weekday","lunch","shopping","unknown","restaurant",0,1,1,"midday"
9,231,168,63,"weekday","afternoon","travelling","freezing","restaurant",1,1,1,"midday"
9,232,169,63,"weekday","breakfast","unknown","freezing","restaurant",0,1,1,"morning"
9,233,170,63,"weekend","breakfast","travelling","cold","restaurant",0,1,1,"morning"
9,235,172,63,"weekend","afternoon","travelling","unknown","grocery",1,1,1,"midday"
9,236,173,63,"weekend","earlymorning","working","hot","restaurant",0,1,1,"morning"
9,240,177,63,"weekday","afternoon","unknown","freezing","grocery",0,1,1,"midday"
9,243,180,63,"weekday","lunch","leisure","cold","restaurant",1,1,1,"midday"
10,104,28,76,"weekday","lunch","travelling","unknown","restaurant",0,0,0,"midday"
10,124,48,76,"weekend","beforelunch","travelling","cold","grocery",0,0,0,"midday"
10,125,49,76,"weekday","lunch","travelling","warm","restaurant",1,0,0,"midday"
10,168,92,76,"weekend","beforelunch","travelling","freezing","grocery",0,1,0,"midday"
10,204,128,76,"weekday","breakfast","travelling","freezing","grocery",0,1,1,"morning"
10,230,154,76,"weekend","breakfast","working","unknown","grocery",0,1,1,"morning"
10,232,156,76,"weekend","beforelunch","unknown","warm","restaurant",0,1,1,"midday"
10,236,160,76,"weekday","lunch","unknown","cold","grocery",0,1,1,"midday"
10,245,169,76,"weekday","night","travelling","unknown","restaurant",0,1,1,"night"
10,249,173,76,"weekday","beforelunch","unknown","cold","grocery",1,1,1,"midday"
11,83,0,83,"weekday","beforelunch","shopping","freezing","grocery",0,0,0,"midday"
11,84,1,83,"weekday","beforelunch","travelling","cold","grocery",0,0,0,"midday"
11,86,3,83,"unknown","lunch","leisure","freezing","grocery",0,0,0,"midday"
11,89,6,83,"weekday","afternoon","travelling","unknown","grocery",0,0,0,"midday"
11,90,7,83,"weekend","afternoon","travelling","unknown","restaurant",0,0,0,"midday"
11,91,8,83,"weekday","breakfast","travelling","hot","restaurant",0,0,0,"morning"
11,96,13,83,"weekend","lunch","leisure","cold","grocery",0,0,0,"midday"
11,97,14,83,"weekday","beforelunch","travelling","hot","restaurant",1,0,0,"midday"
11,98,15,83,"weekday","dinner","travelling","cold","grocery",0,0,0,"night"
11,99,16,83,"weekday","latenight","leisure","freezing","restaurant",0,0,0,"night"
11,100,17,83,"weekday","unknown","travelling","unknown","restaurant",0,0,0,"unknown"
11,101,18,83,"weekday","earlymorning","travelling","unknown","restaurant",0,0,0,"morning"
11,102,19,83,"weekend","breakfast","unknown","hot","restaurant",0,0,0,"morning"
11,103,20,83,"weekend","afternoon","travelling","freezing","grocery",0,0,0,"midday"
11,104,21,83,"weekday","night","travelling","cold","grocery",0,0,0,"night"
11,105,22,83,"weekday","beforelunch","travelling","cold","grocery",0,0,0,"midday"
11,108,25,83,"weekday","afternoon","travelling","warm","grocery",0,0,0,"midday"
11,111,28,83,"weekday","afternoon","travelling","cold","restaurant",0,0,0,"midday"
11,112,29,83,"weekday","lunch","unknown","unknown","grocery",0,0,0,"midday"
11,113,30,83,"weekend","lunch","travelling","cold","restaurant",0,0,0,"midday"
11,114,31,83,"weekend","beforelunch","travelling","cold","restaurant",1,0,0,"midday"
11,115,32,83,"weekday","lunch","travelling","cold","restaurant",1,0,0,"midday"
11,116,33,83,"weekday","lunch","unknown","unknown","grocery",0,0,0,"midday"
11,117,34,83,"weekday","beforelunch","leisure","cold","grocery",0,0,0,"midday"
11,118,35,83,"weekday","lunch","leisure","freezing","restaurant",0,0,0,"midday"
11,119,36,83,"weekend","beforelunch","travelling","cold","restaurant",1,0,0,"midday"
11,120,37,83,"weekend","afternoon","unknown","cold","grocery",0,0,0,"midday"
11,121,38,83,"weekend","afternoon","travelling","unknown","restaurant",0,0,0,"midday"
11,122,39,83,"unknown","breakfast","working","unknown","grocery",0,0,0,"morning"
11,125,42,83,"weekday","evening","unknown","freezing","grocery",1,0,0,"night"
11,126,43,83,"weekend","evening","travelling","hot","grocery",0,0,0,"night"
11,127,44,83,"weekday","lunch","travelling","unknown","restaurant",0,0,0,"midday"
11,129,46,83,"weekday","afternoon","travelling","unknown","grocery",1,0,0,"midday"
11,131,48,83,"weekday","beforelunch","travelling","cold","restaurant",0,0,0,"midday"
11,133,50,83,"weekend","morning","travelling","freezing","grocery",1,0,0,"morning"
11,137,54,83,"weekday","lunch","leisure","freezing","restaurant",0,0,0,"midday"
11,138,55,83,"weekend","beforelunch","travelling","cold","restaurant",0,0,0,"midday"
11,139,56,83,"weekday","afternoon","travelling","warm","restaurant",0,0,0,"midday"
11,140,57,83,"weekday","afternoon","travelling","cold","grocery",0,1,0,"midday"
11,141,58,83,"weekend","morning","travelling","freezing","grocery",1,1,0,"morning"
11,142,59,83,"weekday","lunch","leisure","freezing","grocery",1,1,0,"midday"
11,144,61,83,"weekday","afternoon","working","unknown","restaurant",1,1,0,"midday"
11,148,65,83,"weekend","lunch","travelling","cold","grocery",1,1,0,"midday"
11,149,66,83,"weekend","afternoon","shopping","freezing","restaurant",0,1,0,"midday"
11,151,68,83,"weekday","afternoon","leisure","unknown","restaurant",0,1,0,"midday"
11,152,69,83,"weekday","beforelunch","unknown","freezing","restaurant",1,1,0,"midday"
11,154,71,83,"weekday","beforelunch","travelling","freezing","restaurant",0,1,0,"midday"
11,155,72,83,"weekday","afternoon","shopping","cold","restaurant",0,1,0,"midday"
11,156,73,83,"weekday","lunch","travelling","hot","restaurant",0,1,0,"midday"
11,157,74,83,"weekday","afternoon","unknown","cold","grocery",0,1,0,"midday"
11,159,76,83,"weekday","breakfast","leisure","unknown","grocery",1,1,0,"morning"
11,160,77,83,"weekday","dinner","travelling","cold","grocery",0,1,0,"night"
11,162,79,83,"weekend","afternoon","travelling","unknown","restaurant",1,1,0,"midday"
11,163,80,83,"weekday","afternoon","travelling","cold","grocery",0,1,0,"midday"
11,164,81,83,"weekday","beforelunch","unknown","cold","grocery",0,1,0,"midday"
11,168,85,83,"weekday","afternoon","unknown","unknown","restaurant",1,1,0,"midday"
11,169,86,83,"weekend","lunch","travelling","hot","grocery",1,1,0,"midday"
11,170,87,83,"weekday","afternoon","travelling","unknown","grocery",0,1,0,"midday"
11,171,88,83,"weekend","afternoon","leisure","unknown","restaurant",0,1,0,"midday"
11,174,91,83,"weekday","breakfast","unknown","unknown","grocery",0,1,0,"morning"
11,175,92,83,"weekday","breakfast","travelling","unknown","grocery",1,1,0,"morning"
11,176,93,83,"weekday","afternoon","shopping","cold","grocery",0,1,0,"midday"
11,179,96,83,"weekday","lunch","unknown","freezing","grocery",0,1,0,"midday"
11,180,97,83,"weekend","afternoon","unknown","warm","grocery",0,1,0,"midday"
11,181,98,83,"unknown","night","travelling","cold","restaurant",0,1,0,"night"
11,183,100,83,"weekday","afternoon","working","cold","grocery",0,1,0,"midday"
11,184,101,83,"weekend","breakfast","working","freezing","restaurant",1,1,0,"morning"
11,185,102,83,"weekend","morning","travelling","cold","grocery",1,1,0,"morning"
11,186,103,83,"weekend","breakfast","leisure","warm","restaurant",0,1,0,"morning"
11,187,104,83,"weekday","breakfast","travelling","warm","grocery",1,1,0,"morning"
11,190,107,83,"weekday","afternoon","travelling","freezing","grocery",0,1,0,"midday"
11,191,108,83,"unknown","night","unknown","hot","restaurant",1,1,0,"night"
11,192,109,83,"weekday","beforelunch","travelling","unknown","grocery",0,1,0,"midday"
11,193,110,83,"unknown","breakfast","travelling","warm","grocery",0,1,0,"morning"
11,194,111,83,"weekday","latenight","travelling","cold","grocery",0,1,0,"night"
11,198,115,83,"weekday","unknown","travelling","unknown","grocery",0,1,1,"unknown"
11,199,116,83,"weekend","lunch","travelling","warm","grocery",0,1,1,"midday"
11,200,117,83,"weekend","afternoon","working","unknown","restaurant",1,1,1,"midday"
11,204,121,83,"weekday","afternoon","travelling","freezing","grocery",1,1,1,"midday"
11,209,126,83,"weekday","beforelunch","travelling","unknown","grocery",0,1,1,"midday"
11,211,128,83,"unknown","afternoon","travelling","freezing","restaurant",0,1,1,"midday"
11,213,130,83,"weekday","beforelunch","travelling","cold","grocery",0,1,1,"midday"
11,214,131,83,"weekday","lunch","working","cold","restaurant",0,1,1,"midday"
11,215,132,83,"weekend","morning","shopping","freezing","grocery",0,1,1,"morning"
11,216,133,83,"weekend","beforelunch","travelling","unknown","restaurant",0,1,1,"midday"
11,217,134,83,"weekday","breakfast","travelling","freezing","grocery",0,1,1,"morning"
11,219,136,83,"weekday","night","travelling","hot","grocery",0,1,1,"night"
11,221,138,83,"weekday","beforelunch","unknown","freezing","restaurant",0,1,1,"midday"
11,222,139,83,"weekend","beforelunch","unknown","unknown","grocery",1,1,1,"midday"
11,223,140,83,"weekday","afternoon","travelling","unknown","restaurant",1,1,1,"midday"
11,224,141,83,"weekend","morning","unknown","unknown","grocery",1,1,1,"morning"
11,226,143,83,"weekday","beforelunch","shopping","freezing","grocery",0,1,1,"midday"
11,227,144,83,"weekday","beforelunch","travelling","cold","grocery",0,1,1,"midday"
11,229,146,83,"weekday","afternoon","travelling","warm","restaurant",0,1,1,"midday"
11,230,147,83,"weekday","afternoon","leisure","freezing","restaurant",0,1,1,"midday"
11,232,149,83,"weekday","beforelunch","shopping","cold","restaurant",1,1,1,"midday"
11,233,150,83,"weekend","afternoon","travelling","freezing","grocery",0,1,1,"midday"
11,234,151,83,"weekday","lunch","travelling","freezing","restaurant",0,1,1,"midday"
11,235,152,83,"weekday","beforelunch","leisure","cold","grocery",0,1,1,"midday"
11,236,153,83,"weekday","afternoon","unknown","freezing","grocery",0,1,1,"midday"
11,238,155,83,"weekday","lunch","working","freezing","restaurant",0,1,1,"midday"
11,239,156,83,"weekday","beforelunch","shopping","hot","restaurant",1,1,1,"midday"
11,240,157,83,"weekday","breakfast","travelling","hot","grocery",1,1,1,"morning"
11,241,158,83,"weekday","breakfast","unknown","unknown","grocery",1,1,1,"morning"
11,242,159,83,"weekday","morning","travelling","cold","grocery",1,1,1,"morning"
11,244,161,83,"weekday","morning","unknown","freezing","restaurant",0,1,1,"morning"
11,245,162,83,"weekend","breakfast","travelling","unknown","grocery",0,1,1,"morning"
11,246,163,83,"weekday","beforelunch","travelling","freezing","grocery",0,1,1,"midday"
11,247,164,83,"weekday","lunch","unknown","cold","grocery",0,1,1,"midday"
11,248,165,83,"weekday","afternoon","travelling","warm","restaurant",1,1,1,"midday"
11,249,166,83,"weekday","afternoon","unknown","warm","grocery",0,1,1,"midday"
11,250,167,83,"weekend","afternoon","leisure","cold","grocery",0,1,1,"midday"
11,251,168,83,"weekend","lunch","social","hot","restaurant",0,1,1,"midday"
11,252,169,83,"weekend","afternoon","travelling","unknown","restaurant",0,1,1,"midday"
11,253,170,83,"weekend","breakfast","travelling","cold","restaurant",1,1,1,"morning"
11,254,171,83,"weekday","afternoon","travelling","freezing","restaurant",0,1,1,"midday"
11,256,173,83,"unknown","beforelunch","unknown","warm","grocery",1,1,1,"midday"
11,258,175,83,"weekend","afternoon","travelling","cold","grocery",0,1,1,"midday"
11,259,176,83,"weekend","afternoon","travelling","unknown","grocery",1,1,1,"midday"
11,260,177,83,"weekday","lunch","unknown","unknown","grocery",0,1,1,"midday"
11,262,179,83,"weekend","breakfast","travelling","cold","restaurant",0,1,1,"morning"
11,263,180,83,"weekday","beforelunch","unknown","freezing","restaurant",0,1,1,"midday"
11,264,181,83,"weekend","afternoon","travelling","cold","grocery",0,1,1,"midday"
11,266,183,83,"weekday","beforelunch","travelling","cold","grocery",0,1,1,"midday"
12,86,2,84,"weekday","beforelunch","unknown","hot","grocery",1,0,0,"midday"
12,87,3,84,"weekday","lunch","travelling","freezing","restaurant",0,0,0,"midday"
12,90,6,84,"weekend","afternoon","unknown","cold","restaurant",0,0,0,"midday"
12,118,34,84,"weekday","afternoon","travelling","cold","grocery",0,0,0,"midday"
12,133,49,84,"weekday","afternoon","shopping","freezing","grocery",0,0,0,"midday"
12,155,71,84,"weekend","lunch","working","freezing","grocery",0,1,0,"midday"
12,166,82,84,"weekday","beforelunch","travelling","cold","restaurant",1,1,0,"midday"
12,182,98,84,"weekday","afternoon","travelling","unknown","restaurant",0,1,0,"midday"
12,192,108,84,"weekday","afternoon","working","cold","restaurant",0,1,0,"midday"
12,213,129,84,"weekend","afternoon","travelling","cold","grocery",0,1,1,"midday"
12,222,138,84,"weekday","unknown","travelling","cold","grocery",0,1,1,"unknown"
12,244,160,84,"weekday","afternoon","unknown","unknown","grocery",1,1,1,"midday"
12,255,171,84,"weekday","morning","morningrituals","hot","grocery",0,1,1,"morning"
13,90,0,90,"weekday","beforelunch","travelling","unknown","restaurant",1,0,0,"midday"
13,92,2,90,"weekday","earlymorning","travelling","cold","restaurant",0,0,0,"morning"
13,94,4,90,"weekday","afternoon","shopping","cold","grocery",0,0,0,"midday"
13,95,5,90,"weekday","afternoon","travelling","cold","restaurant",0,0,0,"midday"
13,96,6,90,"weekday","lunch","travelling","warm","restaurant",1,0,0,"midday"
13,99,9,90,"unknown","afternoon","travelling","freezing","restaurant",0,0,0,"midday"
13,100,10,90,"weekday","lunch","working","cold","restaurant",0,0,0,"midday"
13,101,11,90,"weekday","lunch","unknown","freezing","grocery",1,0,0,"midday"
13,104,14,90,"weekday","afternoon","unknown","unknown","grocery",0,0,0,"midday"
13,106,16,90,"weekday","breakfast","unknown","unknown","grocery",0,0,0,"morning"
13,107,17,90,"weekday","dinner","travelling","warm","restaurant",0,0,0,"night"
13,108,18,90,"weekday","breakfast","unknown","hot","grocery",1,0,0,"morning"
13,109,19,90,"weekday","beforelunch","unknown","unknown","grocery",0,0,0,"midday"
13,110,20,90,"weekday","afternoon","travelling","warm","restaurant",0,0,0,"midday"
13,111,21,90,"weekday","breakfast","working","freezing","grocery",0,0,0,"morning"
13,112,22,90,"weekday","afternoon","shopping","freezing","grocery",0,0,0,"midday"
13,113,23,90,"weekday","dinner","working","cold","grocery",0,0,0,"night"
13,114,24,90,"weekday","breakfast","working","freezing","grocery",0,0,0,"morning"
13,115,25,90,"weekday","night","travelling","hot","restaurant",0,0,0,"night"
13,119,29,90,"weekend","breakfast","leisure","cold","restaurant",0,0,0,"morning"
13,123,33,90,"weekday","lunch","unknown","warm","grocery",1,0,0,"midday"
13,124,34,90,"weekday","afternoon","travelling","unknown","grocery",0,0,0,"midday"
13,130,40,90,"weekday","afternoon","unknown","freezing","grocery",1,0,0,"midday"
13,131,41,90,"weekend","lunch","travelling","unknown","restaurant",0,0,0,"midday"
13,132,42,90,"weekday","lunch","unknown","warm","grocery",0,0,0,"midday"
13,134,44,90,"weekday","breakfast","shopping","cold","grocery",0,0,0,"morning"
13,135,45,90,"weekday","afternoon","travelling","cold","restaurant",0,0,0,"midday"
13,136,46,90,"weekday","breakfast","travelling","unknown","restaurant",0,0,0,"morning"
13,137,47,90,"weekday","beforelunch","working","unknown","grocery",1,0,0,"midday"
13,143,53,90,"weekday","lunch","travelling","freezing","grocery",0,0,0,"midday"
13,144,54,90,"weekday","afternoon","travelling","unknown","grocery",1,0,0,"midday"
13,145,55,90,"weekday","lunch","travelling","cold","restaurant",0,0,0,"midday"
13,146,56,90,"weekend","lunch","travelling","unknown","restaurant",0,0,0,"midday"
13,148,58,90,"weekday","beforelunch","travelling","freezing","grocery",0,1,0,"midday"
13,152,62,90,"weekday","afternoon","travelling","cold","grocery",0,1,0,"midday"
13,154,64,90,"weekend","afternoon","unknown","unknown","restaurant",0,1,0,"midday"
13,155,65,90,"weekday","afternoon","working","cold","restaurant",0,1,0,"midday"
13,156,66,90,"weekend","morning","leisure","freezing","restaurant",0,1,0,"morning"
13,157,67,90,"weekday","afternoon","working","unknown","grocery",0,1,0,"midday"
13,159,69,90,"weekend","lunch","travelling","unknown","grocery",0,1,0,"midday"
13,161,71,90,"weekday","lunch","travelling","cold","grocery",0,1,0,"midday"
13,162,72,90,"weekday","beforelunch","working","cold","restaurant",0,1,0,"midday"
13,163,73,90,"weekend","lunch","unknown","cold","grocery",0,1,0,"midday"
13,165,75,90,"weekend","night","leisure","hot","grocery",1,1,0,"night"
13,167,77,90,"weekday","breakfast","unknown","freezing","restaurant",1,1,0,"morning"
13,169,79,90,"weekend","afternoon","leisure","warm","grocery",1,1,0,"midday"
13,170,80,90,"weekday","breakfast","travelling","unknown","grocery",1,1,0,"morning"
13,173,83,90,"weekend","lunch","travelling","cold","restaurant",1,1,0,"midday"
13,174,84,90,"weekend","lunch","travelling","cold","restaurant",0,1,0,"midday"
13,175,85,90,"weekday","lunch","leisure","freezing","restaurant",1,1,0,"midday"
13,178,88,90,"weekday","beforelunch","shopping","warm","grocery",0,1,0,"midday"
13,182,92,90,"weekend","afternoon","unknown","warm","restaurant",1,1,0,"midday"
13,184,94,90,"weekday","beforelunch","travelling","freezing","restaurant",0,1,0,"midday"
13,185,95,90,"weekday","lunch","travelling","warm","grocery",1,1,0,"midday"
13,190,100,90,"weekday","breakfast","working","freezing","restaurant",0,1,0,"morning"
13,191,101,90,"weekend","beforelunch","travelling","cold","grocery",0,1,0,"midday"
13,193,103,90,"weekday","beforelunch","working","cold","grocery",0,1,0,"midday"
13,197,107,90,"weekday","afternoon","working","cold","restaurant",0,1,0,"midday"
13,198,108,90,"weekend","afternoon","working","freezing","grocery",1,1,0,"midday"
13,199,109,90,"weekday","morning","unknown","freezing","restaurant",0,1,0,"morning"
13,200,110,90,"weekend","lunch","unknown","unknown","restaurant",0,1,0,"midday"
13,202,112,90,"weekend","lunch","travelling","warm","grocery",0,1,0,"midday"
13,204,114,90,"weekday","breakfast","unknown","hot","grocery",1,1,1,"morning"
13,205,115,90,"weekend","morning","working","freezing","grocery",1,1,1,"morning"
13,206,116,90,"weekday","earlymorning","travelling","unknown","restaurant",0,1,1,"morning"
13,207,117,90,"weekday","afternoon","unknown","freezing","restaurant",0,1,1,"midday"
13,208,118,90,"weekday","beforelunch","travelling","unknown","restaurant",1,1,1,"midday"
13,210,120,90,"weekday","beforelunch","travelling","freezing","grocery",0,1,1,"midday"
13,211,121,90,"weekday","beforelunch","unknown","hot","grocery",0,1,1,"midday"
13,212,122,90,"weekday","breakfast","travelling","cold","grocery",0,1,1,"morning"
13,213,123,90,"weekday","evening","working","freezing","restaurant",0,1,1,"night"
13,214,124,90,"weekday","afternoon","travelling","warm","restaurant",0,1,1,"midday"
13,215,125,90,"unknown","breakfast","travelling","cold","restaurant",0,1,1,"morning"
13,217,127,90,"weekend","afternoon","shopping","cold","restaurant",0,1,1,"midday"
13,219,129,90,"weekday","morning","leisure","unknown","restaurant",1,1,1,"morning"
13,220,130,90,"weekday","earlymorning","travelling","cold","grocery",0,1,1,"morning"
13,222,132,90,"weekend","afternoon","travelling","unknown","restaurant",0,1,1,"midday"
13,225,135,90,"weekend","afternoon","travelling","cold","restaurant",0,1,1,"midday"
13,228,138,90,"weekday","night","travelling","hot","grocery",0,1,1,"night"
13,229,139,90,"weekend","afternoon","morningrituals","unknown","grocery",0,1,1,"midday"
13,230,140,90,"weekday","afternoon","morningrituals","unknown","restaurant",0,1,1,"midday"
13,232,142,90,"weekend","breakfast","travelling","freezing","grocery",1,1,1,"morning"
13,233,143,90,"weekday","lunch","travelling","hot","restaurant",0,1,1,"midday"
13,235,145,90,"weekday","afternoon","unknown","freezing","grocery",0,1,1,"midday"
13,237,147,90,"weekend","afternoon","travelling","freezing","restaurant",0,1,1,"midday"
13,240,150,90,"weekday","afternoon","travelling","cold","grocery",0,1,1,"midday"
13,242,152,90,"weekend","morning","shopping","warm","restaurant",0,1,1,"morning"
13,243,153,90,"weekday","afternoon","unknown","cold","grocery",0,1,1,"midday"
13,244,154,90,"weekday","lunch","travelling","freezing","grocery",0,1,1,"midday"
13,245,155,90,"weekend","afternoon","travelling","freezing","restaurant",0,1,1,"midday"
13,246,156,90,"weekday","lunch","travelling","unknown","restaurant",0,1,1,"midday"
13,250,160,90,"weekday","breakfast","travelling","unknown","grocery",0,1,1,"morning"
13,251,161,90,"weekday","breakfast","unknown","warm","grocery",0,1,1,"morning"
13,255,165,90,"weekday","beforelunch","travelling","freezing","restaurant",0,1,1,"midday"
13,256,166,90,"weekday","night","travelling","freezing","restaurant",0,1,1,"night"
13,257,167,90,"weekend","unknown","unknown","cold","restaurant",0,1,1,"unknown"
13,258,168,90,"weekend","lunch","travelling","unknown","grocery",1,1,1,"midday"
13,259,169,90,"weekday","lunch","travelling","cold","grocery",0,1,1,"midday"
13,260,170,90,"weekday","dinner","unknown","freezing","grocery",0,1,1,"night"
13,261,171,90,"weekday","afternoon","travelling","cold","grocery",0,1,1,"midday"
13,262,172,90,"weekend","afternoon","travelling","cold","grocery",0,1,1,"midday"
13,263,173,90,"weekday","breakfast","travelling","freezing","restaurant",0,1,1,"morning"
13,265,175,90,"weekend","afternoon","travelling","freezing","grocery",0,1,1,"midday"
13,266,176,90,"weekday","evening","travelling","freezing","grocery",0,1,1,"night"
13,268,178,90,"weekday","lunch","leisure","cold","grocery",0,1,1,"midday"
13,270,180,90,"weekday","afternoon","travelling","unknown","restaurant",0,1,1,"midday"
13,272,182,90,"weekday","dinner","working","freezing","restaurant",0,1,1,"night"
14,98,1,97,"weekday","night","working","freezing","grocery",1,0,0,"night"
14,99,2,97,"weekday","afternoon","unknown","unknown","restaurant",1,0,0,"midday"
14,107,10,97,"weekday","dinner","shopping","unknown","grocery",0,0,0,"night"
14,118,21,97,"weekend","afternoon","travelling","warm","restaurant",1,0,0,"midday"
14,204,107,97,"weekday","afternoon","travelling","cold","restaurant",0,1,0,"midday"
14,216,119,97,"weekday","afternoon","travelling","warm","grocery",1,1,1,"midday"
14,234,137,97,"weekday","afternoon","travelling","cold","restaurant",0,1,1,"midday"
15,110,3,107,"weekday","beforelunch","travelling","warm","grocery",1,0,0,"midday"
15,113,6,107,"weekday","breakfast","travelling","hot","restaurant",1,0,0,"morning"
15,114,7,107,"weekday","earlymorning","unknown","cold","restaurant",1,0,0,"morning"
15,115,8,107,"weekday","morning","travelling","cold","grocery",1,0,0,"morning"
15,116,9,107,"weekend","afternoon","travelling","freezing","restaurant",1,0,0,"midday"
15,118,11,107,"weekday","earlymorning","travelling","warm","grocery",0,0,0,"morning"
15,119,12,107,"weekday","lunch","unknown","unknown","grocery",0,0,0,"midday"
15,120,13,107,"weekday","afternoon","shopping","warm","restaurant",1,0,0,"midday"
15,121,14,107,"weekday","beforelunch","travelling","freezing","grocery",0,0,0,"midday"
15,122,15,107,"weekday","morning","unknown","cold","grocery",1,0,0,"morning"
15,126,19,107,"weekend","beforelunch","working","cold","grocery",0,0,0,"midday"
15,129,22,107,"unknown","night","travelling","cold","restaurant",0,0,0,"night"
15,131,24,107,"weekend","morning","travelling","freezing","restaurant",1,0,0,"morning"
15,134,27,107,"weekday","evening","unknown","cold","restaurant",0,0,0,"night"
15,136,29,107,"weekday","afternoon","travelling","freezing","restaurant",0,0,0,"midday"
15,141,34,107,"unknown","breakfast","unknown","hot","restaurant",1,0,0,"morning"
15,142,35,107,"weekday","breakfast","travelling","cold","restaurant",0,0,0,"morning"
15,143,36,107,"weekday","lunch","leisure","cold","restaurant",0,0,0,"midday"
15,146,39,107,"weekday","earlymorning","travelling","cold","grocery",0,0,0,"morning"
15,150,43,107,"weekend","afternoon","shopping","freezing","restaurant",0,0,0,"midday"
15,151,44,107,"weekend","lunch","travelling","freezing","restaurant",0,0,0,"midday"
15,155,48,107,"weekday","morning","travelling","cold","grocery",0,0,0,"morning"
15,166,59,107,"weekday","afternoon","unknown","cold","grocery",0,1,0,"midday"
15,167,60,107,"weekday","breakfast","travelling","freezing","grocery",0,1,0,"morning"
15,169,62,107,"weekend","afternoon","travelling","freezing","restaurant",1,1,0,"midday"
15,170,63,107,"weekday","evening","travelling","cold","grocery",0,1,0,"night"
15,172,65,107,"weekday","afternoon","travelling","warm","grocery",1,1,0,"midday"
15,176,69,107,"weekday","beforelunch","travelling","freezing","grocery",0,1,0,"midday"
15,178,71,107,"weekday","afternoon","travelling","cold","restaurant",0,1,0,"midday"
15,179,72,107,"weekday","lunch","travelling","unknown","grocery",0,1,0,"midday"
15,180,73,107,"weekend","breakfast","travelling","warm","grocery",0,1,0,"morning"
15,182,75,107,"unknown","breakfast","travelling","warm","grocery",0,1,0,"morning"
15,184,77,107,"weekend","lunch","travelling","freezing","grocery",1,1,0,"midday"
15,185,78,107,"weekday","morning","unknown","unknown","grocery",0,1,0,"morning"
15,187,80,107,"weekday","afternoon","travelling","freezing","grocery",0,1,0,"midday"
15,189,82,107,"weekday","afternoon","shopping","freezing","restaurant",0,1,0,"midday"
15,190,83,107,"weekend","afternoon","travelling","freezing","restaurant",0,1,0,"midday"
15,191,84,107,"weekday","afternoon","travelling","warm","grocery",1,1,0,"midday"
15,199,92,107,"weekday","lunch","morningrituals","freezing","grocery",0,1,0,"midday"
15,203,96,107,"weekend","beforelunch","travelling","cold","grocery",0,1,0,"midday"
15,205,98,107,"weekend","beforelunch","travelling","freezing","grocery",0,1,0,"midday"
15,206,99,107,"weekday","afternoon","travelling","warm","grocery",0,1,0,"midday"
15,207,100,107,"weekend","breakfast","unknown","freezing","restaurant",0,1,0,"morning"
15,212,105,107,"weekday","dinner","unknown","freezing","restaurant",0,1,0,"night"
15,214,107,107,"weekday","lunch","travelling","warm","restaurant",0,1,0,"midday"
15,215,108,107,"weekend","earlymorning","unknown","freezing","grocery",0,1,0,"morning"
15,222,115,107,"weekday","afternoon","travelling","cold","grocery",0,1,1,"midday"
15,224,117,107,"weekday","breakfast","travelling","cold","restaurant",1,1,1,"morning"
15,228,121,107,"weekend","lunch","unknown","cold","grocery",0,1,1,"midday"
15,229,122,107,"weekday","lunch","shopping","unknown","restaurant",0,1,1,"midday"
15,232,125,107,"weekday","evening","travelling","freezing","restaurant",0,1,1,"night"
15,234,127,107,"weekday","beforelunch","travelling","freezing","grocery",0,1,1,"midday"
15,237,130,107,"weekday","lunch","travelling","cold","grocery",1,1,1,"midday"
15,243,136,107,"weekday","beforelunch","travelling","cold","restaurant",0,1,1,"midday"
15,244,137,107,"weekend","earlymorning","travelling","cold","grocery",0,1,1,"morning"
15,246,139,107,"weekday","beforelunch","travelling","unknown","grocery",0,1,1,"midday"
15,248,141,107,"weekday","lunch","travelling","freezing","restaurant",1,1,1,"midday"
15,254,147,107,"weekend","lunch","travelling","cold","grocery",0,1,1,"midday"
15,256,149,107,"weekday","breakfast","unknown","warm","grocery",0,1,1,"morning"
15,257,150,107,"weekend","afternoon","travelling","cold","restaurant",0,1,1,"midday"
15,259,152,107,"weekday","afternoon","travelling","freezing","restaurant",1,1,1,"midday"
15,260,153,107,"weekday","afternoon","travelling","hot","restaurant",1,1,1,"midday"
15,264,157,107,"weekday","afternoon","travelling","cold","grocery",1,1,1,"midday"
15,266,159,107,"weekday","afternoon","unknown","unknown","restaurant",0,1,1,"midday"
15,270,163,107,"weekday","afternoon","shopping","cold","grocery",0,1,1,"midday"
15,272,165,107,"weekday","lunch","travelling","unknown","grocery",1,1,1,"midday"
15,276,169,107,"weekday","lunch","shopping","freezing","grocery",1,1,1,"midday"
15,277,170,107,"weekend","afternoon","travelling","cold","restaurant",0,1,1,"midday"
15,278,171,107,"weekday","afternoon","working","cold","grocery",0,1,1,"midday"
15,283,176,107,"weekend","earlymorning","travelling","cold","restaurant",0,1,1,"morning"
15,285,178,107,"weekday","afternoon","travelling","unknown","restaurant",0,1,1,"midday"
15,286,179,107,"weekday","unknown","travelling","unknown","grocery",1,1,1,"unknown"
15,288,181,107,"weekday","afternoon","travelling","unknown","grocery",0,1,1,"midday"
16,113,1,112,"weekday","morning","travelling","freezing","restaurant",0,0,0,"morning"
16,115,3,112,"weekend","breakfast","travelling","cold","restaurant",0,0,0,"morning"
16,119,7,112,"weekday","lunch","travelling","unknown","restaurant",0,0,0,"midday"
16,120,8,112,"weekday","morning","travelling","unknown","restaurant",0,0,0,"morning"
16,121,9,112,"weekday","lunch","travelling","unknown","restaurant",0,0,0,"midday"
16,122,10,112,"weekday","afternoon","morningrituals","unknown","grocery",1,0,0,"midday"
16,123,11,112,"weekday","lunch","unknown","cold","restaurant",0,0,0,"midday"
16,125,13,112,"weekday","lunch","travelling","freezing","restaurant",0,0,0,"midday"
16,127,15,112,"weekend","beforelunch","travelling","cold","restaurant",1,0,0,"midday"
16,130,18,112,"weekend","beforelunch","travelling","hot","grocery",1,0,0,"midday"
16,134,22,112,"weekday","earlymorning","unknown","hot","restaurant",1,0,0,"morning"
16,135,23,112,"weekday","lunch","leisure","unknown","grocery",0,0,0,"midday"
16,136,24,112,"weekend","beforelunch","working","warm","grocery",0,0,0,"midday"
16,140,28,112,"weekday","lunch","travelling","cold","restaurant",0,0,0,"midday"
16,141,29,112,"weekday","evening","unknown","cold","grocery",0,0,0,"night"
16,142,30,112,"weekday","lunch","travelling","freezing","restaurant",1,0,0,"midday"
16,143,31,112,"weekend","beforelunch","travelling","cold","restaurant",0,0,0,"midday"
16,144,32,112,"weekday","morning","unknown","freezing","restaurant",0,0,0,"morning"
16,145,33,112,"weekday","beforelunch","travelling","freezing","restaurant",1,0,0,"midday"
16,146,34,112,"weekday","unknown","travelling","freezing","grocery",1,0,0,"unknown"
16,148,36,112,"weekend","beforelunch","travelling","unknown","restaurant",0,0,0,"midday"
16,149,37,112,"weekday","afternoon","working","freezing","restaurant",0,0,0,"midday"
16,151,39,112,"unknown","breakfast","travelling","cold","grocery",0,0,0,"morning"
16,152,40,112,"weekday","lunch","shopping","unknown","restaurant",0,0,0,"midday"
16,154,42,112,"weekday","dinner","shopping","cold","restaurant",0,0,0,"night"
16,155,43,112,"weekday","unknown","leisure","unknown","restaurant",0,0,0,"unknown"
16,156,44,112,"weekday","unknown","unknown","cold","restaurant",0,0,0,"unknown"
16,159,47,112,"weekday","lunch","travelling","cold","restaurant",0,0,0,"midday"
16,160,48,112,"weekday","afternoon","travelling","cold","restaurant",1,0,0,"midday"
16,161,49,112,"weekend","earlymorning","leisure","unknown","restaurant",0,0,0,"morning"
16,164,52,112,"weekend","lunch","travelling","hot","grocery",0,0,0,"midday"
16,165,53,112,"weekday","morning","travelling","cold","restaurant",1,0,0,"morning"
16,166,54,112,"weekday","morning","travelling","cold","grocery",0,0,0,"morning"
16,167,55,112,"weekday","afternoon","travelling","unknown","grocery",0,0,0,"midday"
16,168,56,112,"weekend","lunch","travelling","freezing","restaurant",0,0,0,"midday"
16,169,57,112,"weekday","beforelunch","unknown","freezing","grocery",0,1,0,"midday"
16,170,58,112,"weekday","afternoon","morningrituals","unknown","grocery",0,1,0,"midday"
16,171,59,112,"weekday","morning","travelling","freezing","restaurant",0,1,0,"morning"
16,172,60,112,"weekday","breakfast","unknown","cold","grocery",0,1,0,"morning"
16,173,61,112,"weekday","unknown","travelling","unknown","grocery",1,1,0,"unknown"
16,176,64,112,"weekend","lunch","leisure","freezing","restaurant",0,1,0,"midday"
16,178,66,112,"weekday","lunch","morningrituals","freezing","grocery",0,1,0,"midday"
16,180,68,112,"weekday","afternoon","working","unknown","grocery",0,1,0,"midday"
16,181,69,112,"weekday","lunch","shopping","unknown","grocery",0,1,0,"midday"
16,184,72,112,"weekend","breakfast","shopping","cold","grocery",0,1,0,"morning"
16,187,75,112,"weekday","beforelunch","travelling","unknown","grocery",0,1,0,"midday"
16,188,76,112,"weekday","breakfast","travelling","hot","grocery",0,1,0,"morning"
16,189,77,112,"weekend","lunch","travelling","freezing","grocery",0,1,0,"midday"
16,191,79,112,"weekend","night","travelling","hot","restaurant",0,1,0,"night"
16,193,81,112,"weekday","dinner","travelling","cold","grocery",1,1,0,"night"
16,194,82,112,"weekday","afternoon","travelling","freezing","restaurant",1,1,0,"midday"
16,196,84,112,"weekday","lunch","travelling","cold","restaurant",0,1,0,"midday"
16,197,85,112,"weekday","lunch","travelling","warm","restaurant",1,1,0,"midday"
16,199,87,112,"weekday","lunch","leisure","cold","grocery",0,1,0,"midday"
16,201,89,112,"weekday","afternoon","unknown","hot","restaurant",0,1,0,"midday"
16,202,90,112,"weekday","beforelunch","travelling","cold","grocery",1,1,0,"midday"
16,203,91,112,"weekday","afternoon","travelling","cold","grocery",0,1,0,"midday"
16,204,92,112,"weekday","lunch","travelling","hot","restaurant",1,1,0,"midday"
16,206,94,112,"weekday","afternoon","travelling","unknown","grocery",1,1,0,"midday"
16,207,95,112,"weekend","earlymorning","travelling","hot","grocery",1,1,0,"morning"
16,208,96,112,"weekday","breakfast","unknown","hot","restaurant",1,1,0,"morning"
16,209,97,112,"weekday","beforelunch","travelling","freezing","grocery",1,1,0,"midday"
16,211,99,112,"weekday","beforelunch","travelling","cold","restaurant",0,1,0,"midday"
16,212,100,112,"weekend","afternoon","morningrituals","cold","grocery",0,1,0,"midday"
16,213,101,112,"weekend","lunch","working","warm","restaurant",0,1,0,"midday"
16,214,102,112,"weekend","breakfast","travelling","unknown","restaurant",0,1,0,"morning"
16,215,103,112,"weekday","afternoon","travelling","freezing","restaurant",0,1,0,"midday"
16,217,105,112,"weekday","lunch","unknown","cold","grocery",0,1,0,"midday"
16,218,106,112,"weekend","afternoon","unknown","cold","grocery",0,1,0,"midday"
16,220,108,112,"weekend","afternoon","unknown","freezing","restaurant",0,1,0,"midday"
16,221,109,112,"weekday","afternoon","leisure","freezing","grocery",0,1,0,"midday"
16,223,111,112,"unknown","earlymorning","travelling","cold","restaurant",1,1,0,"morning"
16,225,113,112,"weekend","morning","unknown","unknown","restaurant",0,1,1,"morning"
16,226,114,112,"weekend","beforelunch","working","freezing","restaurant",0,1,1,"midday"
16,227,115,112,"weekend","lunch","leisure","cold","restaurant",1,1,1,"midday"
16,228,116,112,"weekend","dinner","shopping","freezing","grocery",0,1,1,"night"
16,229,117,112,"weekday","beforelunch","working","cold","restaurant",1,1,1,"midday"
16,230,118,112,"weekend","afternoon","travelling","warm","restaurant",0,1,1,"midday"
16,231,119,112,"weekend","dinner","travelling","unknown","restaurant",1,1,1,"night"
16,234,122,112,"weekday","lunch","unknown","unknown","restaurant",0,1,1,"midday"
16,235,123,112,"weekday","beforelunch","travelling","freezing","grocery",0,1,1,"midday"
16,236,124,112,"weekday","afternoon","working","cold","restaurant",0,1,1,"midday"
16,237,125,112,"weekend","morning","morningrituals","warm","restaurant",0,1,1,"morning"
16,238,126,112,"weekend","lunch","travelling","cold","grocery",1,1,1,"midday"
16,241,129,112,"weekday","afternoon","working","cold","grocery",1,1,1,"midday"
16,242,130,112,"weekend","beforelunch","travelling","cold","grocery",0,1,1,"midday"
16,244,132,112,"weekday","dinner","unknown","freezing","grocery",0,1,1,"night"
16,246,134,112,"weekday","breakfast","travelling","cold","restaurant",0,1,1,"morning"
16,247,135,112,"weekday","lunch","travelling","cold","grocery",1,1,1,"midday"
16,249,137,112,"weekend","lunch","travelling","unknown","grocery",1,1,1,"midday"
16,250,138,112,"weekday","lunch","unknown","freezing","restaurant",0,1,1,"midday"
16,252,140,112,"weekend","earlymorning","unknown","freezing","grocery",0,1,1,"morning"
16,253,141,112,"weekend","beforelunch","travelling","hot","restaurant",0,1,1,"midday"
16,254,142,112,"weekday","lunch","travelling","warm","restaurant",1,1,1,"midday"
16,255,143,112,"weekday","afternoon","travelling","cold","restaurant",0,1,1,"midday"
16,257,145,112,"weekday","beforelunch","travelling","freezing","grocery",0,1,1,"midday"
16,259,147,112,"weekday","breakfast","travelling","warm","grocery",0,1,1,"morning"
16,260,148,112,"weekday","lunch","travelling","unknown","restaurant",1,1,1,"midday"
16,261,149,112,"weekday","breakfast","travelling","hot","grocery",0,1,1,"morning"
16,263,151,112,"weekday","breakfast","unknown","freezing","restaurant",0,1,1,"morning"
16,264,152,112,"weekday","beforelunch","travelling","warm","restaurant",1,1,1,"midday"
16,265,153,112,"weekday","lunch","shopping","hot","restaurant",1,1,1,"midday"
16,267,155,112,"weekday","afternoon","shopping","freezing","restaurant",1,1,1,"midday"
16,269,157,112,"weekday","beforelunch","unknown","unknown","restaurant",0,1,1,"midday"
16,271,159,112,"weekday","morning","shopping","unknown","grocery",0,1,1,"morning"
16,272,160,112,"weekday","lunch","working","warm","grocery",1,1,1,"midday"
16,273,161,112,"weekday","afternoon","travelling","cold","grocery",0,1,1,"midday"
16,274,162,112,"weekday","afternoon","travelling","hot","restaurant",0,1,1,"midday"
16,275,163,112,"weekday","lunch","travelling","freezing","grocery",0,1,1,"midday"
16,276,164,112,"weekday","dinner","travelling","freezing","restaurant",0,1,1,"night"
16,278,166,112,"weekend","afternoon","unknown","unknown","restaurant",0,1,1,"midday"
16,279,167,112,"weekend","unknown","travelling","freezing","grocery",1,1,1,"unknown"
16,280,168,112,"weekday","beforelunch","shopping","unknown","grocery",0,1,1,"midday"
16,281,169,112,"weekend","dinner","housework","unknown","grocery",0,1,1,"night"
16,282,170,112,"weekday","afternoon","shopping","unknown","grocery",0,1,1,"midday"
16,283,171,112,"weekday","beforelunch","travelling","unknown","restaurant",1,1,1,"midday"
16,284,172,112,"weekday","breakfast","travelling","cold","restaurant",0,1,1,"morning"
16,285,173,112,"weekday","beforelunch","shopping","cold","grocery",1,1,1,"midday"
16,288,176,112,"weekend","afternoon","travelling","freezing","restaurant",1,1,1,"midday"
16,289,177,112,"weekend","afternoon","leisure","unknown","grocery",0,1,1,"midday"
16,290,178,112,"weekday","lunch","travelling","freezing","restaurant",0,1,1,"midday"
16,291,179,112,"weekday","dinner","working","unknown","grocery",0,1,1,"night"
16,293,181,112,"weekend","afternoon","travelling","cold","restaurant",0,1,1,"midday"
16,294,182,112,"weekday","afternoon","unknown","warm","grocery",0,1,1,"midday"
17,122,6,116,"weekday","beforelunch","travelling","cold","restaurant",0,0,0,"midday"
17,125,9,116,"weekend","lunch","travelling","unknown","grocery",0,0,0,"midday"
17,128,12,116,"weekday","lunch","shopping","cold","restaurant",1,0,0,"midday"
17,130,14,116,"weekend","afternoon","travelling","unknown","restaurant",0,0,0,"midday"
17,133,17,116,"weekday","breakfast","travelling","unknown","grocery",0,0,0,"morning"
17,141,25,116,"weekday","beforelunch","working","cold","restaurant",1,0,0,"midday"
17,142,26,116,"weekday","breakfast","travelling","unknown","restaurant",1,0,0,"morning"
17,145,29,116,"weekday","breakfast","travelling","cold","restaurant",0,0,0,"morning"
17,150,34,116,"weekday","lunch","travelling","freezing","restaurant",0,0,0,"midday"
17,151,35,116,"weekday","afternoon","travelling","cold","grocery",0,0,0,"midday"
17,156,40,116,"weekend","afternoon","travelling","unknown","grocery",0,0,0,"midday"
17,157,41,116,"weekend","breakfast","travelling","cold","restaurant",0,0,0,"morning"
17,160,44,116,"weekday","afternoon","leisure","cold","grocery",1,0,0,"midday"
17,163,47,116,"weekend","morning","travelling","freezing","grocery",0,0,0,"morning"
17,164,48,116,"weekday","lunch","travelling","hot","restaurant",1,0,0,"midday"
17,167,51,116,"weekday","breakfast","shopping","cold","grocery",0,0,0,"morning"
17,169,53,116,"weekday","beforelunch","travelling","warm","restaurant",0,0,0,"midday"
17,171,55,116,"weekend","beforelunch","working","warm","restaurant",0,0,0,"midday"
17,174,58,116,"weekday","lunch","travelling","freezing","restaurant",0,1,0,"midday"
17,177,61,116,"weekday","beforelunch","travelling","warm","grocery",1,1,0,"midday"
17,178,62,116,"weekday","night","leisure","cold","grocery",1,1,0,"night"
17,179,63,116,"weekday","beforelunch","leisure","warm","grocery",0,1,0,"midday"
17,181,65,116,"weekday","beforelunch","travelling","warm","grocery",0,1,0,"midday"
17,183,67,116,"weekend","afternoon","travelling","cold","restaurant",0,1,0,"midday"
17,190,74,116,"weekday","breakfast","unknown","unknown","grocery",0,1,0,"morning"
17,192,76,116,"weekend","beforelunch","working","cold","grocery",0,1,0,"midday"
17,194,78,116,"weekend","night","unknown","freezing","restaurant",1,1,0,"night"
17,198,82,116,"weekday","afternoon","travelling","warm","restaurant",0,1,0,"midday"
17,200,84,116,"weekend","beforelunch","unknown","warm","restaurant",0,1,0,"midday"
17,201,85,116,"weekday","afternoon","travelling","freezing","grocery",0,1,0,"midday"
17,205,89,116,"weekday","lunch","shopping","freezing","grocery",1,1,0,"midday"
17,210,94,116,"weekday","breakfast","morningrituals","unknown","restaurant",0,1,0,"morning"
17,214,98,116,"weekday","dinner","unknown","cold","grocery",0,1,0,"night"
17,222,106,116,"weekday","lunch","unknown","cold","grocery",1,1,0,"midday"
17,226,110,116,"weekday","morning","travelling","cold","restaurant",0,1,0,"morning"
17,231,115,116,"weekday","afternoon","leisure","cold","restaurant",0,1,1,"midday"
17,232,116,116,"weekday","morning","travelling","cold","grocery",0,1,1,"morning"
17,234,118,116,"weekend","lunch","unknown","unknown","grocery",1,1,1,"midday"
17,239,123,116,"weekday","dinner","travelling","unknown","grocery",1,1,1,"night"
17,247,131,116,"weekday","afternoon","travelling","hot","restaurant",0,1,1,"midday"
17,252,136,116,"weekday","lunch","leisure","warm","restaurant",0,1,1,"midday"
17,253,137,116,"weekday","beforelunch","travelling","cold","grocery",0,1,1,"midday"
17,254,138,116,"weekday","afternoon","unknown","warm","restaurant",1,1,1,"midday"
17,255,139,116,"weekend","beforelunch","travelling","warm","grocery",0,1,1,"midday"
17,258,142,116,"weekday","afternoon","leisure","cold","grocery",0,1,1,"midday"
17,261,145,116,"weekday","lunch","leisure","warm","restaurant",0,1,1,"midday"
17,262,146,116,"weekday","afternoon","travelling","freezing","grocery",0,1,1,"midday"
17,266,150,116,"weekday","lunch","unknown","unknown","restaurant",0,1,1,"midday"
17,268,152,116,"weekday","lunch","unknown","cold","restaurant",1,1,1,"midday"
17,269,153,116,"weekday","afternoon","shopping","warm","restaurant",0,1,1,"midday"
17,270,154,116,"weekday","dinner","travelling","unknown","restaurant",0,1,1,"night"
17,271,155,116,"weekday","beforelunch","travelling","unknown","grocery",0,1,1,"midday"
17,274,158,116,"weekday","breakfast","leisure","warm","grocery",1,1,1,"morning"
17,277,161,116,"weekday","lunch","leisure","freezing","restaurant",1,1,1,"midday"
17,278,162,116,"weekday","morning","travelling","freezing","grocery",1,1,1,"morning"
17,282,166,116,"weekend","afternoon","unknown","hot","grocery",1,1,1,"midday"
17,289,173,116,"unknown","afternoon","leisure","cold","grocery",0,1,1,"midday"
17,291,175,116,"weekend","beforelunch","travelling","warm","restaurant",1,1,1,"midday"
17,292,176,116,"weekend","beforelunch","travelling","hot","restaurant",1,1,1,"midday"
17,293,177,116,"weekend","afternoon","travelling","freezing","restaurant",1,1,1,"midday"
17,295,179,116,"weekday","afternoon","travelling","warm","grocery",0,1,1,"midday"
17,296,180,116,"weekend","breakfast","travelling","unknown","restaurant",0,1,1,"morning"
17,297,181,116,"weekday","lunch","travelling","freezing","restaurant",0,1,1,"midday"
18,133,16,117,"weekday","lunch","working","cold","restaurant",0,0,0,"midday"
18,142,25,117,"weekday","beforelunch","travelling","freezing","grocery",1,0,0,"midday"
18,145,28,117,"weekday","lunch","travelling","cold","restaurant",0,0,0,"midday"
18,151,34,117,"weekend","lunch","travelling","cold","grocery",0,0,0,"midday"
18,160,43,117,"weekday","lunch","travelling","warm","restaurant",0,0,0,"midday"
18,163,46,117,"weekend","lunch","travelling","cold","grocery",0,0,0,"midday"
18,164,47,117,"weekend","dinner","travelling","warm","grocery",0,0,0,"night"
18,173,56,117,"weekday","afternoon","travelling","unknown","grocery",0,0,0,"midday"
18,189,72,117,"weekend","lunch","travelling","warm","grocery",1,1,0,"midday"
18,192,75,117,"weekday","dinner","unknown","unknown","grocery",0,1,0,"night"
18,202,85,117,"weekend","morning","unknown","warm","grocery",0,1,0,"morning"
18,211,94,117,"weekday","morning","leisure","freezing","grocery",1,1,0,"morning"
18,218,101,117,"weekday","breakfast","travelling","hot","restaurant",1,1,0,"morning"
18,222,105,117,"weekday","evening","travelling","unknown","restaurant",0,1,0,"night"
18,223,106,117,"weekday","breakfast","shopping","unknown","grocery",1,1,0,"morning"
18,227,110,117,"unknown","evening","leisure","warm","restaurant",0,1,0,"night"
18,232,115,117,"weekday","beforelunch","unknown","freezing","grocery",1,1,1,"midday"
18,234,117,117,"weekday","breakfast","travelling","unknown","restaurant",0,1,1,"morning"
18,235,118,117,"weekend","dinner","working","warm","grocery",0,1,1,"night"
18,239,122,117,"weekday","afternoon","morningrituals","cold","restaurant",1,1,1,"midday"
18,244,127,117,"weekday","breakfast","shopping","unknown","restaurant",0,1,1,"morning"
18,246,129,117,"weekday","night","leisure","cold","restaurant",0,1,1,"night"
18,250,133,117,"weekday","breakfast","travelling","hot","grocery",0,1,1,"morning"
18,252,135,117,"weekday","afternoon","working","warm","restaurant",0,1,1,"midday"
18,257,140,117,"weekday","unknown","travelling","unknown","restaurant",0,1,1,"unknown"
18,262,145,117,"weekend","afternoon","travelling","freezing","grocery",0,1,1,"midday"
18,264,147,117,"unknown","lunch","travelling","freezing","grocery",1,1,1,"midday"
18,268,151,117,"weekend","breakfast","unknown","hot","grocery",1,1,1,"morning"
18,269,152,117,"weekend","afternoon","working","freezing","grocery",0,1,1,"midday"
18,276,159,117,"weekday","afternoon","unknown","cold","restaurant",0,1,1,"midday"
18,277,160,117,"weekday","beforelunch","travelling","freezing","restaurant",1,1,1,"midday"
18,278,161,117,"weekend","evening","travelling","hot","grocery",0,1,1,"night"
18,284,167,117,"weekend","lunch","working","freezing","restaurant",0,1,1,"midday"
18,290,173,117,"weekend","morning","travelling","freezing","restaurant",0,1,1,"morning"
18,291,174,117,"weekday","afternoon","travelling","cold","grocery",0,1,1,"midday"
18,294,177,117,"weekend","lunch","travelling","warm","grocery",0,1,1,"midday"
19,127,6,121,"weekday","afternoon","unknown","hot","grocery",0,0,0,"midday"
19,131,10,121,"weekday","afternoon","travelling","cold","restaurant",1,0,0,"midday"
19,137,16,121,"weekday","lunch","travelling","cold","restaurant",0,0,0,"midday"
19,139,18,121,"weekday","beforelunch","working","cold","grocery",1,0,0,"midday"
19,140,19,121,"weekday","unknown","working","cold","grocery",0,0,0,"unknown"
19,142,21,121,"weekday","night","travelling","cold","grocery",1,0,0,"night"
19,144,23,121,"weekday","afternoon","travelling","unknown","restaurant",0,0,0,"midday"
19,148,27,121,"weekend","lunch","travelling","cold","restaurant",0,0,0,"midday"
19,155,34,121,"weekday","afternoon","travelling","cold","grocery",1,0,0,"midday"
19,156,35,121,"weekday","evening","shopping","cold","grocery",1,0,0,"night"
19,160,39,121,"weekday","breakfast","travelling","cold","restaurant",1,0,0,"morning"
19,163,42,121,"weekend","afternoon","travelling","warm","grocery",0,0,0,"midday"
19,167,46,121,"weekday","lunch","leisure","unknown","grocery",0,0,0,"midday"
19,168,47,121,"weekday","afternoon","travelling","hot","restaurant",0,0,0,"midday"
19,171,50,121,"weekday","beforelunch","working","freezing","restaurant",0,0,0,"midday"
19,173,52,121,"weekday","afternoon","leisure","freezing","grocery",0,0,0,"midday"
19,177,56,121,"weekday","breakfast","travelling","cold","grocery",1,0,0,"morning"
19,178,57,121,"weekday","dinner","travelling","freezing","restaurant",0,1,0,"night"
19,184,63,121,"weekday","beforelunch","travelling","unknown","grocery",0,1,0,"midday"
19,185,64,121,"weekday","beforelunch","leisure","freezing","restaurant",0,1,0,"midday"
19,213,92,121,"weekday","breakfast","travelling","cold","grocery",1,1,0,"morning"
19,214,93,121,"weekday","beforelunch","leisure","unknown","restaurant",0,1,0,"midday"
19,223,102,121,"weekday","afternoon","travelling","unknown","restaurant",0,1,0,"midday"
19,225,104,121,"weekday","morning","travelling","unknown","restaurant",0,1,0,"morning"
19,226,105,121,"weekday","night","shopping","hot","restaurant",1,1,0,"night"
19,246,125,121,"weekend","beforelunch","travelling","freezing","grocery",0,1,1,"midday"
19,247,126,121,"weekend","lunch","working","hot","grocery",0,1,1,"midday"
19,251,130,121,"weekday","lunch","working","cold","grocery",1,1,1,"midday"
19,259,138,121,"weekday","afternoon","unknown","warm","restaurant",1,1,1,"midday"
19,260,139,121,"weekday","morning","travelling","freezing","restaurant",0,1,1,"morning"
19,261,140,121,"weekday","morning","travelling","warm","restaurant",0,1,1,"morning"
19,264,143,121,"weekday","morning","shopping","unknown","grocery",0,1,1,"morning"
19,267,146,121,"weekday","morning","travelling","freezing","grocery",0,1,1,"morning"
19,284,163,121,"weekday","earlymorning","travelling","warm","restaurant",1,1,1,"morning"
19,285,164,121,"weekday","beforelunch","travelling","freezing","restaurant",0,1,1,"midday"
19,292,171,121,"weekday","breakfast","travelling","unknown","grocery",0,1,1,"morning"
20,126,0,126,"weekday","lunch","travelling","unknown","restaurant",0,0,0,"midday"
20,127,1,126,"weekend","afternoon","leisure","warm","grocery",0,0,0,"midday"
20,128,2,126,"weekend","morning","travelling","freezing","restaurant",0,0,0,"morning"
20,129,3,126,"weekday","afternoon","travelling","cold","restaurant",1,0,0,"midday"
20,130,4,126,"weekday","breakfast","travelling","freezing","grocery",0,0,0,"morning"
20,131,5,126,"weekend","afternoon","working","freezing","restaurant",1,0,0,"midday"
20,132,6,126,"weekend","afternoon","travelling","unknown","grocery",0,0,0,"midday"
20,135,9,126,"weekday","lunch","unknown","warm","grocery",1,0,0,"midday"
20,138,12,126,"weekday","breakfast","working","unknown","grocery",1,0,0,"morning"
20,140,14,126,"weekday","breakfast","travelling","cold","restaurant",1,0,0,"morning"
20,141,15,126,"weekday","beforelunch","working","freezing","grocery",0,0,0,"midday"
20,143,17,126,"weekday","lunch","travelling","unknown","restaurant",0,0,0,"midday"
20,145,19,126,"weekday","lunch","unknown","freezing","restaurant",0,0,0,"midday"
20,148,22,126,"weekday","beforelunch","travelling","warm","grocery",1,0,0,"midday"
20,149,23,126,"weekend","beforelunch","travelling","warm","grocery",0,0,0,"midday"
20,150,24,126,"weekday","afternoon","travelling","hot","grocery",0,0,0,"midday"
20,151,25,126,"weekend","dinner","travelling","cold","restaurant",0,0,0,"night"
20,152,26,126,"weekday","afternoon","travelling","freezing","grocery",0,0,0,"midday"
20,153,27,126,"weekday","afternoon","unknown","freezing","restaurant",1,0,0,"midday"
20,154,28,126,"weekday","morning","travelling","unknown","grocery",1,0,0,"morning"
20,155,29,126,"weekday","breakfast","travelling","freezing","grocery",0,0,0,"morning"
20,157,31,126,"weekday","lunch","unknown","unknown","restaurant",1,0,0,"midday"
20,158,32,126,"weekday","breakfast","leisure","warm","grocery",0,0,0,"morning"
20,159,33,126,"weekday","breakfast","travelling","hot","restaurant",1,0,0,"morning"
20,164,38,126,"weekday","beforelunch","unknown","warm","restaurant",0,0,0,"midday"
20,167,41,126,"weekday","beforelunch","shopping","warm","restaurant",1,0,0,"midday"
20,168,42,126,"weekday","morning","travelling","freezing","restaurant",0,0,0,"morning"
20,169,43,126,"weekday","breakfast","working","cold","restaurant",0,0,0,"morning"
20,170,44,126,"weekend","breakfast","morningrituals","freezing","grocery",0,0,0,"morning"
20,172,46,126,"weekday","beforelunch","unknown","unknown","grocery",0,0,0,"midday"
20,173,47,126,"weekday","afternoon","travelling","warm","restaurant",0,0,0,"midday"
20,174,48,126,"weekday","lunch","travelling","unknown","restaurant",0,0,0,"midday"
20,176,50,126,"unknown","lunch","unknown","warm","restaurant",0,0,0,"midday"
20,179,53,126,"weekday","beforelunch","unknown","freezing","grocery",0,0,0,"midday"
20,181,55,126,"weekday","lunch","unknown","freezing","grocery",0,0,0,"midday"
20,182,56,126,"weekday","afternoon","travelling","warm","restaurant",0,0,0,"midday"
20,183,57,126,"weekday","breakfast","travelling","cold","restaurant",1,1,0,"morning"
20,186,60,126,"weekday","afternoon","travelling","cold","grocery",1,1,0,"midday"
20,187,61,126,"weekday","breakfast","unknown","cold","restaurant",0,1,0,"morning"
20,188,62,126,"weekday","breakfast","unknown","freezing","grocery",0,1,0,"morning"
20,192,66,126,"weekday","morning","travelling","freezing","grocery",0,1,0,"morning"
20,193,67,126,"weekday","lunch","travelling","freezing","restaurant",1,1,0,"midday"
20,195,69,126,"weekend","lunch","travelling","cold","grocery",1,1,0,"midday"
20,197,71,126,"weekday","beforelunch","travelling","warm","grocery",1,1,0,"midday"
20,200,74,126,"weekday","morning","travelling","hot","grocery",0,1,0,"morning"
20,201,75,126,"weekday","beforelunch","travelling","unknown","grocery",0,1,0,"midday"
20,202,76,126,"weekend","afternoon","working","unknown","grocery",1,1,0,"midday"
20,205,79,126,"weekend","beforelunch","travelling","cold","restaurant",1,1,0,"midday"
20,206,80,126,"weekday","unknown","unknown","cold","grocery",0,1,0,"unknown"
20,209,83,126,"weekend","afternoon","travelling","cold","restaurant",0,1,0,"midday"
20,210,84,126,"weekday","morning","travelling","hot","restaurant",0,1,0,"morning"
20,212,86,126,"weekday","morning","travelling","unknown","grocery",0,1,0,"morning"
20,216,90,126,"weekday","afternoon","travelling","unknown","restaurant",0,1,0,"midday"
20,217,91,126,"weekday","lunch","travelling","cold","restaurant",0,1,0,"midday"
20,219,93,126,"weekday","afternoon","leisure","freezing","grocery",0,1,0,"midday"
20,220,94,126,"weekday","beforelunch","leisure","cold","grocery",0,1,0,"midday"
20,221,95,126,"weekday","beforelunch","travelling","unknown","grocery",1,1,0,"midday"
20,224,98,126,"weekday","lunch","unknown","freezing","restaurant",0,1,0,"midday"
20,225,99,126,"weekday","afternoon","leisure","cold","restaurant",0,1,0,"midday"
20,226,100,126,"weekday","afternoon","unknown","cold","grocery",1,1,0,"midday"
20,227,101,126,"weekday","earlymorning","working","unknown","grocery",0,1,0,"morning"
20,229,103,126,"weekday","afternoon","unknown","freezing","grocery",0,1,0,"midday"
20,232,106,126,"weekday","night","travelling","freezing","grocery",0,1,0,"night"
20,234,108,126,"weekday","lunch","leisure","cold","restaurant",0,1,0,"midday"
20,235,109,126,"weekday","breakfast","working","freezing","grocery",1,1,0,"morning"
20,236,110,126,"weekday","breakfast","travelling","warm","grocery",0,1,0,"morning"
20,240,114,126,"weekday","lunch","working","unknown","restaurant",1,1,1,"midday"
20,242,116,126,"weekday","beforelunch","travelling","cold","restaurant",0,1,1,"midday"
20,244,118,126,"weekday","beforelunch","travelling","freezing","restaurant",0,1,1,"midday"
20,246,120,126,"weekday","lunch","leisure","warm","restaurant",0,1,1,"midday"
20,248,122,126,"weekday","beforelunch","shopping","freezing","grocery",1,1,1,"midday"
20,249,123,126,"weekday","breakfast","travelling","freezing","grocery",0,1,1,"morning"
20,250,124,126,"unknown","beforelunch","travelling","unknown","grocery",1,1,1,"midday"
20,254,128,126,"weekday","morning","travelling","freezing","grocery",0,1,1,"morning"
20,260,134,126,"weekend","lunch","unknown","freezing","restaurant",1,1,1,"midday"
20,261,135,126,"weekday","earlymorning","travelling","unknown","restaurant",0,1,1,"morning"
20,264,138,126,"weekday","lunch","travelling","unknown","grocery",1,1,1,"midday"
20,265,139,126,"weekend","evening","travelling","unknown","restaurant",0,1,1,"night"
20,266,140,126,"weekday","afternoon","travelling","freezing","restaurant",0,1,1,"midday"
20,267,141,126,"weekday","morning","travelling","warm","grocery",0,1,1,"morning"
20,272,146,126,"weekend","afternoon","travelling","freezing","restaurant",0,1,1,"midday"
20,273,147,126,"weekday","unknown","travelling","unknown","restaurant",1,1,1,"unknown"
20,274,148,126,"weekend","evening","leisure","cold","grocery",0,1,1,"night"
20,275,149,126,"weekend","lunch","travelling","unknown","restaurant",1,1,1,"midday"
20,279,153,126,"weekday","lunch","travelling","freezing","grocery",0,1,1,"midday"
20,281,155,126,"weekday","afternoon","working","warm","restaurant",0,1,1,"midday"
20,285,159,126,"weekday","beforelunch","unknown","freezing","grocery",0,1,1,"midday"
20,287,161,126,"weekday","afternoon","travelling","cold","restaurant",0,1,1,"midday"
20,289,163,126,"weekday","afternoon","travelling","cold","grocery",0,1,1,"midday"
20,290,164,126,"weekday","afternoon","travelling","unknown","restaurant",0,1,1,"midday"
20,291,165,126,"weekend","afternoon","travelling","freezing","restaurant",0,1,1,"midday"
20,295,169,126,"weekday","dinner","travelling","cold","grocery",0,1,1,"night"
20,297,171,126,"weekday","lunch","shopping","cold","restaurant",1,1,1,"midday"
20,298,172,126,"weekday","lunch","travelling","unknown","grocery",1,1,1,"midday"
20,300,174,126,"weekday","afternoon","travelling","cold","restaurant",1,1,1,"midday"
20,301,175,126,"weekday","beforelunch","morningrituals","hot","grocery",0,1,1,"midday"
20,303,177,126,"weekday","beforelunch","travelling","cold","restaurant",0,1,1,"midday"
20,308,182,126,"weekend","afternoon","travelling","freezing","grocery",1,1,1,"midday"
20,309,183,126,"weekday","lunch","shopping","freezing","grocery",0,1,1,"midday"
21,131,0,131,"weekday","afternoon","unknown","hot","restaurant",0,0,0,"midday"
21,134,3,131,"unknown","morning","travelling","warm","restaurant",0,0,0,"morning"
21,137,6,131,"weekday","beforelunch","unknown","freezing","restaurant",1,0,0,"midday"
21,138,7,131,"weekday","lunch","unknown","unknown","grocery",1,0,0,"midday"
21,141,10,131,"weekday","evening","leisure","unknown","grocery",0,0,0,"night"
21,150,19,131,"weekend","beforelunch","unknown","unknown","restaurant",0,0,0,"midday"
21,151,20,131,"weekday","beforelunch","travelling","hot","grocery",0,0,0,"midday"
21,155,24,131,"weekday","dinner","travelling","cold","grocery",0,0,0,"night"
21,159,28,131,"weekend","afternoon","travelling","freezing","restaurant",0,0,0,"midday"
21,164,33,131,"weekday","afternoon","leisure","cold","grocery",0,0,0,"midday"
21,165,34,131,"weekday","morning","travelling","unknown","restaurant",0,0,0,"morning"
21,171,40,131,"weekday","lunch","leisure","unknown","restaurant",1,0,0,"midday"
21,172,41,131,"weekday","afternoon","travelling","cold","restaurant",0,0,0,"midday"
21,174,43,131,"weekend","afternoon","leisure","freezing","grocery",1,0,0,"midday"
21,176,45,131,"weekday","lunch","shopping","unknown","restaurant",0,0,0,"midday"
21,177,46,131,"weekday","evening","working","hot","restaurant",0,0,0,"night"
21,178,47,131,"weekend","afternoon","travelling","unknown","grocery",0,0,0,"midday"
21,179,48,131,"weekday","beforelunch","travelling","cold","grocery",0,0,0,"midday"
21,184,53,131,"weekday","afternoon","travelling","cold","restaurant",0,0,0,"midday"
21,186,55,131,"weekday","beforelunch","travelling","freezing","grocery",1,0,0,"midday"
21,188,57,131,"weekday","evening","travelling","hot","grocery",0,1,0,"night"
21,191,60,131,"weekday","morning","travelling","cold","grocery",0,1,0,"morning"
21,199,68,131,"weekday","morning","travelling","unknown","restaurant",0,1,0,"morning"
21,201,70,131,"weekend","morning","unknown","cold","restaurant",0,1,0,"morning"
21,203,72,131,"weekday","afternoon","travelling","unknown","restaurant",0,1,0,"midday"
21,204,73,131,"weekend","beforelunch","unknown","freezing","restaurant",0,1,0,"midday"
21,205,74,131,"weekend","lunch","travelling","warm","grocery",0,1,0,"midday"
21,207,76,131,"weekday","afternoon","travelling","freezing","grocery",1,1,0,"midday"
21,208,77,131,"weekday","lunch","travelling","warm","restaurant",0,1,0,"midday"
21,209,78,131,"weekday","breakfast","working","cold","restaurant",1,1,0,"morning"
21,211,80,131,"weekday","morning","travelling","unknown","grocery",0,1,0,"morning"
21,213,82,131,"weekend","afternoon","travelling","cold","restaurant",0,1,0,"midday"
21,215,84,131,"weekday","afternoon","travelling","freezing","grocery",0,1,0,"midday"
21,217,86,131,"weekday","beforelunch","leisure","hot","restaurant",0,1,0,"midday"
21,221,90,131,"weekday","unknown","travelling","freezing","grocery",0,1,0,"unknown"
21,224,93,131,"weekend","beforelunch","shopping","freezing","grocery",0,1,0,"midday"
21,230,99,131,"weekend","morning","shopping","cold","restaurant",1,1,0,"morning"
21,231,100,131,"weekday","lunch","travelling","cold","restaurant",0,1,0,"midday"
21,232,101,131,"weekday","lunch","travelling","cold","restaurant",0,1,0,"midday"
21,233,102,131,"weekend","lunch","travelling","unknown","restaurant",1,1,0,"midday"
21,235,104,131,"weekday","afternoon","travelling","freezing","grocery",0,1,0,"midday"
21,236,105,131,"weekday","morning","travelling","cold","grocery",0,1,0,"morning"
21,240,109,131,"weekday","afternoon","travelling","cold","grocery",1,1,0,"midday"
21,241,110,131,"weekend","lunch","travelling","unknown","grocery",0,1,0,"midday"
21,245,114,131,"weekday","lunch","working","warm","grocery",0,1,1,"midday"
21,246,115,131,"weekend","beforelunch","travelling","cold","restaurant",0,1,1,"midday"
21,247,116,131,"weekday","morning","unknown","freezing","grocery",1,1,1,"morning"
21,248,117,131,"weekend","breakfast","travelling","freezing","grocery",1,1,1,"morning"
21,249,118,131,"weekday","morning","travelling","cold","restaurant",0,1,1,"morning"
21,250,119,131,"weekday","afternoon","travelling","unknown","restaurant",0,1,1,"midday"
21,259,128,131,"weekend","afternoon","travelling","cold","restaurant",1,1,1,"midday"
21,261,130,131,"weekday","breakfast","shopping","warm","restaurant",0,1,1,"morning"
21,263,132,131,"weekday","lunch","unknown","freezing","restaurant",0,1,1,"midday"
21,264,133,131,"weekday","breakfast","working","cold","restaurant",0,1,1,"morning"
21,265,134,131,"weekday","afternoon","unknown","cold","grocery",0,1,1,"midday"
21,266,135,131,"weekday","morning","working","freezing","restaurant",0,1,1,"morning"
21,267,136,131,"weekday","beforelunch","travelling","freezing","restaurant",0,1,1,"midday"
21,269,138,131,"weekday","breakfast","travelling","freezing","restaurant",1,1,1,"morning"
21,277,146,131,"weekday","dinner","travelling","warm","grocery",0,1,1,"night"
21,281,150,131,"weekday","lunch","travelling","freezing","restaurant",0,1,1,"midday"
21,284,153,131,"weekday","breakfast","travelling","cold","restaurant",0,1,1,"morning"
21,287,156,131,"weekend","beforelunch","travelling","cold","restaurant",0,1,1,"midday"
21,292,161,131,"weekday","beforelunch","travelling","freezing","grocery",0,1,1,"midday"
21,296,165,131,"weekday","morning","working","cold","grocery",1,1,1,"morning"
21,303,172,131,"weekday","breakfast","working","cold","restaurant",0,1,1,"morning"
21,304,173,131,"weekend","afternoon","travelling","warm","restaurant",1,1,1,"midday"
21,307,176,131,"weekend","morning","travelling","cold","grocery",0,1,1,"morning"
21,313,182,131,"weekend","afternoon","shopping","unknown","restaurant",0,1,1,"midday"
22,150,9,141,"weekday","afternoon","shopping","hot","restaurant",0,0,0,"midday"
22,155,14,141,"weekday","afternoon","travelling","unknown","grocery",0,0,0,"midday"
22,160,19,141,"weekend","beforelunch","travelling","cold","restaurant",0,0,0,"midday"
22,205,64,141,"weekday","afternoon","unknown","freezing","restaurant",0,1,0,"midday"
22,217,76,141,"weekday","breakfast","travelling","freezing","restaurant",1,1,0,"morning"
22,243,102,141,"unknown","breakfast","travelling","freezing","grocery",0,1,0,"morning"
22,244,103,141,"weekday","lunch","travelling","unknown","grocery",0,1,0,"midday"
22,256,115,141,"weekday","beforelunch","travelling","cold","grocery",0,1,1,"midday"
22,262,121,141,"weekday","afternoon","travelling","freezing","grocery",0,1,1,"midday"
22,298,157,141,"weekend","breakfast","travelling","cold","restaurant",0,1,1,"morning"
23,150,0,150,"weekend","beforelunch","travelling","warm","restaurant",0,0,0,"midday"
23,151,1,150,"weekday","evening","travelling","cold","restaurant",0,0,0,"night"
23,152,2,150,"weekend","lunch","travelling","freezing","grocery",0,0,0,"midday"
23,155,5,150,"weekday","beforelunch","working","unknown","grocery",0,0,0,"midday"
23,156,6,150,"weekday","breakfast","working","unknown","restaurant",0,0,0,"morning"
23,157,7,150,"weekday","lunch","shopping","cold","grocery",0,0,0,"midday"
23,158,8,150,"weekday","latenight","travelling","warm","grocery",1,0,0,"night"
23,159,9,150,"weekday","lunch","travelling","cold","restaurant",1,0,0,"midday"
23,160,10,150,"weekday","morning","unknown","cold","restaurant",1,0,0,"morning"
23,163,13,150,"weekend","beforelunch","travelling","cold","restaurant",0,0,0,"midday"
23,165,15,150,"weekday","morning","leisure","cold","grocery",0,0,0,"morning"
23,166,16,150,"weekend","beforelunch","travelling","cold","grocery",0,0,0,"midday"
23,167,17,150,"weekend","afternoon","travelling","unknown","grocery",0,0,0,"midday"
23,170,20,150,"weekday","beforelunch","working","cold","restaurant",0,0,0,"midday"
23,171,21,150,"weekend","earlymorning","travelling","cold","restaurant",0,0,0,"morning"
23,173,23,150,"weekend","afternoon","travelling","freezing","grocery",0,0,0,"midday"
23,174,24,150,"weekday","afternoon","unknown","unknown","grocery",0,0,0,"midday"
23,175,25,150,"weekend","afternoon","travelling","cold","grocery",0,0,0,"midday"
23,176,26,150,"weekday","beforelunch","unknown","freezing","grocery",0,0,0,"midday"
23,180,30,150,"weekend","beforelunch","leisure","warm","grocery",0,0,0,"midday"
23,181,31,150,"weekday","afternoon","unknown","unknown","restaurant",0,0,0,"midday"
23,182,32,150,"weekday","lunch","travelling","unknown","restaurant",0,0,0,"midday"
23,184,34,150,"weekend","lunch","unknown","freezing","restaurant",1,0,0,"midday"
23,186,36,150,"weekday","beforelunch","leisure","unknown","restaurant",0,0,0,"midday"
23,187,37,150,"weekday","morning","travelling","cold","grocery",1,0,0,"morning"
23,188,38,150,"weekday","lunch","unknown","unknown","grocery",1,0,0,"midday"
23,189,39,150,"weekday","beforelunch","shopping","cold","restaurant",0,0,0,"midday"
23,190,40,150,"weekday","breakfast","travelling","freezing","restaurant",0,0,0,"morning"
23,193,43,150,"weekend","lunch","shopping","cold","restaurant",1,0,0,"midday"
23,196,46,150,"weekend","morning","travelling","hot","grocery",0,0,0,"morning"
23,199,49,150,"weekday","lunch","leisure","unknown","restaurant",0,0,0,"midday"
23,200,50,150,"weekday","beforelunch","travelling","freezing","grocery",0,0,0,"midday"
23,201,51,150,"weekend","unknown","travelling","freezing","restaurant",0,0,0,"unknown"
23,202,52,150,"weekend","beforelunch","travelling","cold","restaurant",1,0,0,"midday"
23,203,53,150,"weekday","morning","travelling","cold","restaurant",0,0,0,"morning"
23,204,54,150,"weekday","afternoon","travelling","unknown","grocery",0,0,0,"midday"
23,207,57,150,"weekday","lunch","travelling","unknown","grocery",0,1,0,"midday"
23,208,58,150,"weekday","dinner","working","hot","restaurant",0,1,0,"night"
23,209,59,150,"weekday","afternoon","unknown","warm","grocery",0,1,0,"midday"
23,210,60,150,"weekday","lunch","morningrituals","warm","restaurant",0,1,0,"midday"
23,211,61,150,"weekday","beforelunch","travelling","hot","restaurant",0,1,0,"midday"
23,212,62,150,"weekday","afternoon","unknown","warm","restaurant",0,1,0,"midday"
23,213,63,150,"weekend","afternoon","unknown","cold","grocery",1,1,0,"midday"
23,214,64,150,"weekend","beforelunch","leisure","freezing","restaurant",1,1,0,"midday"
23,215,65,150,"weekday","morning","travelling","freezing","grocery",0,1,0,"morning"
23,216,66,150,"weekday","afternoon","working","freezing","restaurant",0,1,0,"midday"
23,220,70,150,"weekend","evening","travelling","warm","grocery",0,1,0,"night"
23,223,73,150,"weekday","afternoon","travelling","cold","grocery",1,1,0,"midday"
23,224,74,150,"weekday","lunch","travelling","unknown","restaurant",0,1,0,"midday"
23,226,76,150,"weekday","beforelunch","unknown","unknown","grocery",1,1,0,"midday"
23,227,77,150,"weekday","morning","travelling","unknown","restaurant",1,1,0,"morning"
23,229,79,150,"weekday","earlymorning","unknown","freezing","restaurant",0,1,0,"morning"
23,230,80,150,"weekday","beforelunch","travelling","cold","restaurant",1,1,0,"midday"
23,231,81,150,"weekend","afternoon","working","cold","grocery",1,1,0,"midday"
23,232,82,150,"weekend","lunch","shopping","freezing","restaurant",1,1,0,"midday"
23,233,83,150,"weekday","afternoon","morningrituals","hot","restaurant",0,1,0,"midday"
23,234,84,150,"weekday","beforelunch","unknown","warm","restaurant",1,1,0,"midday"
23,236,86,150,"weekday","latenight","travelling","freezing","grocery",0,1,0,"night"
23,238,88,150,"weekday","afternoon","housework","freezing","restaurant",0,1,0,"midday"
23,239,89,150,"weekday","afternoon","travelling","cold","grocery",0,1,0,"midday"
23,240,90,150,"weekday","beforelunch","travelling","cold","grocery",1,1,0,"midday"
23,241,91,150,"unknown","breakfast","shopping","cold","grocery",0,1,0,"morning"
23,242,92,150,"weekday","afternoon","travelling","unknown","restaurant",1,1,0,"midday"
23,243,93,150,"weekday","afternoon","travelling","hot","restaurant",0,1,0,"midday"
23,247,97,150,"weekday","morning","travelling","warm","grocery",0,1,0,"morning"
23,248,98,150,"weekday","lunch","travelling","unknown","grocery",1,1,0,"midday"
23,250,100,150,"weekday","lunch","travelling","cold","grocery",0,1,0,"midday"
23,251,101,150,"weekend","breakfast","unknown","freezing","grocery",0,1,0,"morning"
23,252,102,150,"weekday","lunch","travelling","unknown","restaurant",0,1,0,"midday"
23,254,104,150,"weekend","afternoon","travelling","cold","grocery",0,1,0,"midday"
23,256,106,150,"weekday","unknown","travelling","cold","restaurant",0,1,0,"unknown"
23,260,110,150,"weekday","breakfast","leisure","cold","restaurant",1,1,0,"morning"
23,261,111,150,"weekend","lunch","travelling","unknown","grocery",0,1,0,"midday"
23,262,112,150,"weekday","lunch","unknown","unknown","grocery",0,1,0,"midday"
23,265,115,150,"weekday","dinner","travelling","unknown","restaurant",1,1,1,"night"
23,267,117,150,"weekday","unknown","unknown","warm","restaurant",1,1,1,"unknown"
23,268,118,150,"weekend","afternoon","shopping","cold","restaurant",0,1,1,"midday"
23,269,119,150,"weekend","lunch","travelling","unknown","restaurant",1,1,1,"midday"
23,271,121,150,"weekday","afternoon","travelling","warm","grocery",0,1,1,"midday"
23,273,123,150,"weekday","beforelunch","travelling","warm","restaurant",0,1,1,"midday"
23,274,124,150,"weekday","lunch","leisure","warm","grocery",1,1,1,"midday"
23,277,127,150,"weekend","beforelunch","leisure","freezing","restaurant",0,1,1,"midday"
23,279,129,150,"weekend","beforelunch","working","cold","restaurant",0,1,1,"midday"
23,282,132,150,"weekday","evening","travelling","freezing","restaurant",0,1,1,"night"
23,285,135,150,"weekday","afternoon","leisure","freezing","restaurant",0,1,1,"midday"
23,287,137,150,"weekend","afternoon","unknown","unknown","restaurant",0,1,1,"midday"
23,288,138,150,"weekday","afternoon","travelling","warm","grocery",0,1,1,"midday"
23,289,139,150,"weekend","afternoon","shopping","unknown","restaurant",0,1,1,"midday"
23,290,140,150,"weekend","afternoon","housework","freezing","grocery",1,1,1,"midday"
23,291,141,150,"weekday","morning","travelling","unknown","restaurant",1,1,1,"morning"
23,292,142,150,"weekend","afternoon","travelling","hot","grocery",1,1,1,"midday"
23,293,143,150,"weekday","breakfast","travelling","cold","grocery",0,1,1,"morning"
23,294,144,150,"weekend","afternoon","unknown","freezing","restaurant",0,1,1,"midday"
23,297,147,150,"weekday","afternoon","unknown","warm","restaurant",1,1,1,"midday"
23,298,148,150,"weekday","morning","working","freezing","grocery",0,1,1,"morning"
23,299,149,150,"weekend","afternoon","travelling","cold","grocery",1,1,1,"midday"
23,303,153,150,"weekday","earlymorning","leisure","freezing","restaurant",0,1,1,"morning"
23,304,154,150,"weekday","morning","travelling","unknown","restaurant",0,1,1,"morning"
23,305,155,150,"weekend","lunch","travelling","freezing","restaurant",1,1,1,"midday"
23,306,156,150,"weekday","morning","travelling","unknown","grocery",1,1,1,"morning"
23,307,157,150,"weekend","morning","travelling","hot","restaurant",1,1,1,"morning"
23,308,158,150,"weekday","beforelunch","leisure","warm","restaurant",1,1,1,"midday"
23,309,159,150,"weekday","afternoon","leisure","freezing","grocery",0,1,1,"midday"
23,311,161,150,"weekday","lunch","travelling","unknown","grocery",0,1,1,"midday"
23,312,162,150,"weekday","afternoon","unknown","unknown","grocery",0,1,1,"midday"
23,314,164,150,"weekday","beforelunch","working","freezing","grocery",0,1,1,"midday"
23,316,166,150,"weekend","night","travelling","hot","grocery",0,1,1,"night"
23,317,167,150,"weekday","beforelunch","working","unknown","restaurant",0,1,1,"midday"
23,318,168,150,"weekday","dinner","travelling","cold","restaurant",1,1,1,"night"
23,321,171,150,"weekday","lunch","travelling","cold","grocery",0,1,1,"midday"
23,322,172,150,"weekend","night","travelling","warm","restaurant",0,1,1,"night"
23,324,174,150,"weekend","afternoon","unknown","hot","restaurant",0,1,1,"midday"
23,325,175,150,"weekend","afternoon","travelling","unknown","restaurant",0,1,1,"midday"
23,327,177,150,"weekday","lunch","shopping","unknown","restaurant",0,1,1,"midday"
23,328,178,150,"weekday","morning","leisure","warm","grocery",0,1,1,"morning"
23,329,179,150,"weekday","afternoon","unknown","warm","restaurant",1,1,1,"midday"
23,330,180,150,"weekday","lunch","travelling","freezing","restaurant",0,1,1,"midday"
23,332,182,150,"weekday","afternoon","leisure","cold","restaurant",0,1,1,"midday"
24,164,2,162,"weekend","afternoon","morningrituals","freezing","restaurant",0,0,0,"midday"
24,165,3,162,"weekend","lunch","travelling","freezing","restaurant",1,0,0,"midday"
24,171,9,162,"weekday","breakfast","shopping","unknown","grocery",0,0,0,"morning"
24,178,16,162,"weekend","dinner","working","cold","grocery",0,0,0,"night"
24,180,18,162,"weekday","beforelunch","travelling","freezing","restaurant",1,0,0,"midday"
24,181,19,162,"weekday","beforelunch","working","hot","restaurant",0,0,0,"midday"
24,189,27,162,"weekend","lunch","travelling","warm","grocery",1,0,0,"midday"
24,195,33,162,"weekend","afternoon","working","cold","restaurant",0,0,0,"midday"
24,198,36,162,"weekday","evening","unknown","unknown","grocery",1,0,0,"night"
24,200,38,162,"weekend","afternoon","travelling","hot","grocery",1,0,0,"midday"
24,201,39,162,"weekday","lunch","travelling","cold","grocery",1,0,0,"midday"
24,202,40,162,"weekday","afternoon","morningrituals","cold","grocery",0,0,0,"midday"
24,205,43,162,"weekday","afternoon","travelling","hot","grocery",0,0,0,"midday"
24,207,45,162,"weekend","breakfast","unknown","freezing","grocery",0,0,0,"morning"
24,208,46,162,"weekday","beforelunch","travelling","freezing","grocery",0,0,0,"midday"
24,211,49,162,"weekday","beforelunch","travelling","cold","grocery",0,0,0,"midday"
24,215,53,162,"weekend","beforelunch","travelling","warm","restaurant",0,0,0,"midday"
24,218,56,162,"weekday","beforelunch","morningrituals","hot","grocery",1,0,0,"midday"
24,226,64,162,"weekday","breakfast","travelling","hot","restaurant",1,1,0,"morning"
24,227,65,162,"weekend","afternoon","leisure","unknown","grocery",0,1,0,"midday"
24,229,67,162,"weekday","afternoon","travelling","hot","restaurant",0,1,0,"midday"
24,231,69,162,"weekday","breakfast","working","freezing","grocery",0,1,0,"morning"
24,232,70,162,"weekend","afternoon","working","cold","grocery",1,1,0,"midday"
24,234,72,162,"weekday","beforelunch","working","warm","grocery",0,1,0,"midday"
24,235,73,162,"weekday","lunch","unknown","unknown","grocery",0,1,0,"midday"
24,238,76,162,"weekday","breakfast","travelling","cold","restaurant",0,1,0,"morning"
24,240,78,162,"weekday","lunch","unknown","unknown","grocery",0,1,0,"midday"
24,246,84,162,"weekday","dinner","travelling","cold","grocery",0,1,0,"night"
24,251,89,162,"weekday","lunch","working","cold","grocery",1,1,0,"midday"
24,254,92,162,"weekday","breakfast","travelling","warm","grocery",1,1,0,"morning"
24,257,95,162,"weekday","earlymorning","travelling","unknown","restaurant",0,1,0,"morning"
24,258,96,162,"weekday","morning","travelling","unknown","grocery",0,1,0,"morning"
24,259,97,162,"weekend","unknown","working","cold","grocery",0,1,0,"unknown"
24,264,102,162,"weekday","lunch","travelling","freezing","restaurant",0,1,0,"midday"
24,265,103,162,"weekday","beforelunch","travelling","warm","restaurant",1,1,0,"midday"
24,267,105,162,"weekend","afternoon","travelling","cold","restaurant",0,1,0,"midday"
24,268,106,162,"weekend","lunch","unknown","warm","grocery",1,1,0,"midday"
24,269,107,162,"weekday","lunch","travelling","unknown","restaurant",1,1,0,"midday"
24,272,110,162,"weekday","afternoon","working","hot","grocery",1,1,0,"midday"
24,273,111,162,"weekday","afternoon","leisure","warm","restaurant",0,1,0,"midday"
24,275,113,162,"weekday","beforelunch","unknown","hot","grocery",0,1,1,"midday"
24,277,115,162,"weekday","breakfast","travelling","cold","restaurant",0,1,1,"morning"
24,278,116,162,"weekend","unknown","travelling","unknown","restaurant",0,1,1,"unknown"
24,281,119,162,"weekday","breakfast","travelling","warm","restaurant",0,1,1,"morning"
24,289,127,162,"weekday","afternoon","shopping","unknown","grocery",0,1,1,"midday"
24,290,128,162,"weekday","beforelunch","social","freezing","restaurant",1,1,1,"midday"
24,293,131,162,"weekday","dinner","working","cold","restaurant",0,1,1,"night"
24,294,132,162,"unknown","beforelunch","travelling","unknown","restaurant",0,1,1,"midday"
24,296,134,162,"weekday","dinner","travelling","cold","grocery",0,1,1,"night"
24,301,139,162,"weekend","afternoon","travelling","unknown","restaurant",1,1,1,"midday"
24,303,141,162,"weekday","afternoon","travelling","freezing","restaurant",0,1,1,"midday"
24,306,144,162,"weekend","breakfast","morningrituals","freezing","grocery",0,1,1,"morning"
24,310,148,162,"weekday","afternoon","travelling","freezing","restaurant",0,1,1,"midday"
24,315,153,162,"weekday","afternoon","travelling","hot","grocery",0,1,1,"midday"
24,331,169,162,"weekday","afternoon","leisure","unknown","grocery",1,1,1,"midday"
24,336,174,162,"weekend","afternoon","working","freezing","restaurant",1,1,1,"midday"
24,337,175,162,"weekday","beforelunch","travelling","unknown","grocery",0,1,1,"midday"
24,338,176,162,"weekend","afternoon","shopping","freezing","restaurant",1,1,1,"midday"
24,343,181,162,"weekday","breakfast","travelling","freezing","restaurant",0,1,1,"morning"
24,344,182,162,"weekend","unknown","travelling","freezing","grocery",0,1,1,"unknown"
24,345,183,162,"weekday","beforelunch","travelling","freezing","restaurant",0,1,1,"midday"
25,176,2,174,"weekend","earlymorning","shopping","warm","grocery",1,0,0,"morning"
25,178,4,174,"weekday","afternoon","shopping","warm","restaurant",1,0,0,"midday"
25,179,5,174,"weekend","afternoon","unknown","unknown","restaurant",0,0,0,"midday"
25,180,6,174,"weekday","lunch","unknown","warm","grocery",0,0,0,"midday"
25,181,7,174,"weekend","lunch","leisure","unknown","restaurant",0,0,0,"midday"
25,195,21,174,"weekday","lunch","unknown","freezing","restaurant",0,0,0,"midday"
25,200,26,174,"weekday","afternoon","travelling","cold","grocery",0,0,0,"midday"
25,205,31,174,"weekday","afternoon","travelling","cold","restaurant",0,0,0,"midday"
25,209,35,174,"weekday","lunch","morningrituals","cold","restaurant",0,0,0,"midday"
25,212,38,174,"weekday","afternoon","travelling","warm","grocery",1,0,0,"midday"
25,216,42,174,"weekday","lunch","unknown","cold","grocery",0,0,0,"midday"
25,219,45,174,"weekday","morning","leisure","cold","grocery",1,0,0,"morning"
25,220,46,174,"weekend","afternoon","travelling","unknown","restaurant",0,0,0,"midday"
25,221,47,174,"weekday","afternoon","travelling","unknown","grocery",1,0,0,"midday"
25,223,49,174,"weekday","afternoon","morningrituals","unknown","grocery",1,0,0,"midday"
25,228,54,174,"weekday","lunch","travelling","unknown","grocery",0,0,0,"midday"
25,236,62,174,"weekday","afternoon","unknown","cold","restaurant",0,1,0,"midday"
25,248,74,174,"weekday","afternoon","working","cold","restaurant",0,1,0,"midday"
25,257,83,174,"weekday","lunch","travelling","hot","restaurant",0,1,0,"midday"
25,258,84,174,"weekday","beforelunch","working","warm","grocery",0,1,0,"midday"
25,259,85,174,"weekday","afternoon","unknown","cold","grocery",0,1,0,"midday"
25,263,89,174,"weekend","morning","travelling","unknown","restaurant",0,1,0,"morning"
25,267,93,174,"weekday","breakfast","unknown","cold","restaurant",0,1,0,"morning"
25,268,94,174,"weekday","afternoon","travelling","cold","grocery",0,1,0,"midday"
25,269,95,174,"weekday","lunch","unknown","cold","restaurant",0,1,0,"midday"
25,272,98,174,"weekend","afternoon","travelling","cold","restaurant",0,1,0,"midday"
25,273,99,174,"weekday","breakfast","morningrituals","freezing","grocery",1,1,0,"morning"
25,274,100,174,"weekday","lunch","travelling","freezing","grocery",1,1,0,"midday"
25,275,101,174,"weekend","beforelunch","travelling","freezing","grocery",0,1,0,"midday"
25,276,102,174,"weekday","morning","unknown","hot","grocery",1,1,0,"morning"
25,280,106,174,"weekday","afternoon","shopping","warm","grocery",0,1,0,"midday"
25,287,113,174,"weekend","beforelunch","unknown","freezing","grocery",0,1,1,"midday"
25,288,114,174,"weekday","morning","unknown","unknown","grocery",0,1,1,"morning"
25,292,118,174,"weekday","lunch","travelling","cold","grocery",0,1,1,"midday"
25,293,119,174,"weekend","dinner","travelling","cold","restaurant",0,1,1,"night"
25,297,123,174,"weekday","afternoon","working","hot","restaurant",0,1,1,"midday"
25,298,124,174,"weekend","breakfast","travelling","cold","restaurant",0,1,1,"morning"
25,302,128,174,"weekday","breakfast","travelling","unknown","restaurant",1,1,1,"morning"
25,305,131,174,"weekday","beforelunch","travelling","freezing","grocery",1,1,1,"midday"
25,308,134,174,"weekday","evening","travelling","unknown","grocery",1,1,1,"night"
25,313,139,174,"weekday","beforelunch","working","unknown","grocery",0,1,1,"midday"
25,317,143,174,"weekday","breakfast","travelling","unknown","grocery",1,1,1,"morning"
25,318,144,174,"weekday","breakfast","shopping","cold","grocery",0,1,1,"morning"
25,323,149,174,"weekday","lunch","unknown","freezing","grocery",0,1,1,"midday"
25,327,153,174,"weekday","afternoon","travelling","unknown","grocery",0,1,1,"midday"
25,329,155,174,"weekend","earlymorning","travelling","cold","restaurant",1,1,1,"morning"
25,331,157,174,"weekday","breakfast","travelling","cold","restaurant",0,1,1,"morning"
25,343,169,174,"weekend","breakfast","leisure","cold","grocery",1,1,1,"morning"
25,345,171,174,"weekday","afternoon","travelling","freezing","restaurant",0,1,1,"midday"
25,349,175,174,"weekday","beforelunch","shopping","cold","grocery",1,1,1,"midday"
25,350,176,174,"weekday","afternoon","travelling","freezing","grocery",0,1,1,"midday"
25,351,177,174,"weekday","beforelunch","morningrituals","freezing","grocery",0,1,1,"midday"
26,197,14,183,"weekday","breakfast","travelling","warm","grocery",0,0,0,"morning"
26,204,21,183,"weekday","lunch","unknown","freezing","grocery",1,0,0,"midday"
26,213,30,183,"weekend","breakfast","travelling","unknown","grocery",0,0,0,"morning"
26,218,35,183,"weekday","lunch","unknown","unknown","grocery",0,0,0,"midday"
26,220,37,183,"weekend","dinner","travelling","freezing","grocery",1,0,0,"night"
26,224,41,183,"weekday","afternoon","travelling","unknown","restaurant",0,0,0,"midday"
26,225,42,183,"weekday","afternoon","unknown","freezing","grocery",0,0,0,"midday"
26,234,51,183,"weekend","breakfast","morningrituals","freezing","grocery",0,0,0,"morning"
26,235,52,183,"weekend","lunch","working","warm","restaurant",0,0,0,"midday"
26,238,55,183,"weekday","beforelunch","travelling","freezing","grocery",0,0,0,"midday"
26,240,57,183,"weekday","afternoon","shopping","freezing","grocery",1,1,0,"midday"
26,241,58,183,"weekend","lunch","travelling","warm","restaurant",0,1,0,"midday"
26,253,70,183,"weekday","morning","travelling","cold","restaurant",0,1,0,"morning"
26,254,71,183,"weekday","afternoon","morningrituals","freezing","restaurant",0,1,0,"midday"
26,255,72,183,"weekend","breakfast","morningrituals","warm","restaurant",0,1,0,"morning"
26,256,73,183,"weekday","unknown","travelling","cold","grocery",0,1,0,"unknown"
26,257,74,183,"weekday","afternoon","morningrituals","unknown","grocery",1,1,0,"midday"
26,261,78,183,"weekday","lunch","shopping","freezing","grocery",0,1,0,"midday"
26,263,80,183,"weekend","afternoon","travelling","cold","restaurant",0,1,0,"midday"
26,265,82,183,"weekday","afternoon","leisure","unknown","restaurant",0,1,0,"midday"
26,266,83,183,"weekday","afternoon","leisure","cold","grocery",0,1,0,"midday"
26,268,85,183,"weekend","beforelunch","working","warm","grocery",0,1,0,"midday"
26,273,90,183,"weekday","afternoon","unknown","unknown","grocery",0,1,0,"midday"
26,275,92,183,"weekend","beforelunch","travelling","unknown","grocery",0,1,0,"midday"
26,277,94,183,"weekday","lunch","travelling","unknown","grocery",0,1,0,"midday"
26,279,96,183,"weekend","earlymorning","travelling","unknown","restaurant",1,1,0,"morning"
26,281,98,183,"weekday","beforelunch","unknown","cold","restaurant",0,1,0,"midday"
26,283,100,183,"weekday","morning","shopping","hot","grocery",1,1,0,"morning"
26,284,101,183,"weekday","earlymorning","leisure","freezing","restaurant",0,1,0,"morning"
26,288,105,183,"weekday","earlymorning","travelling","cold","grocery",0,1,0,"morning"
26,294,111,183,"weekday","beforelunch","working","cold","grocery",1,1,0,"midday"
26,300,117,183,"weekend","afternoon","travelling","cold","restaurant",1,1,1,"midday"
26,306,123,183,"weekday","lunch","travelling","freezing","restaurant",0,1,1,"midday"
26,307,124,183,"weekday","morning","travelling","cold","restaurant",0,1,1,"morning"
26,310,127,183,"weekday","unknown","working","freezing","restaurant",1,1,1,"unknown"
26,311,128,183,"weekday","lunch","travelling","warm","restaurant",0,1,1,"midday"
26,315,132,183,"weekend","morning","unknown","warm","grocery",0,1,1,"morning"
26,316,133,183,"weekday","afternoon","travelling","unknown","grocery",1,1,1,"midday"
26,317,134,183,"weekday","breakfast","travelling","cold","restaurant",0,1,1,"morning"
26,318,135,183,"weekend","afternoon","leisure","cold","restaurant",1,1,1,"midday"
26,321,138,183,"weekday","afternoon","working","unknown","grocery",0,1,1,"midday"
26,325,142,183,"weekday","afternoon","travelling","freezing","restaurant",1,1,1,"midday"
26,329,146,183,"weekday","lunch","travelling","unknown","grocery",1,1,1,"midday"
26,330,147,183,"weekend","lunch","unknown","freezing","restaurant",0,1,1,"midday"
26,331,148,183,"weekend","unknown","travelling","freezing","grocery",0,1,1,"unknown"
26,332,149,183,"weekday","evening","travelling","freezing","grocery",0,1,1,"night"
26,334,151,183,"weekday","night","shopping","freezing","grocery",0,1,1,"night"
26,336,153,183,"weekday","lunch","unknown","warm","grocery",0,1,1,"midday"
26,338,155,183,"weekday","lunch","leisure","unknown","grocery",0,1,1,"midday"
26,339,156,183,"weekday","lunch","working","hot","restaurant",1,1,1,"midday"
26,344,161,183,"weekend","afternoon","working","cold","restaurant",0,1,1,"midday"
26,345,162,183,"weekday","lunch","travelling","unknown","grocery",1,1,1,"midday"
26,346,163,183,"weekend","beforelunch","morningrituals","hot","restaurant",0,1,1,"midday"
26,356,173,183,"weekend","beforelunch","travelling","freezing","grocery",0,1,1,"midday"
26,359,176,183,"weekday","beforelunch","travelling","cold","restaurant",1,1,1,"midday"
26,366,183,183,"weekday","lunch","travelling","freezing","restaurant",0,1,1,"midday"
27,198,3,195,"weekday","afternoon","travelling","freezing","grocery",1,0,0,"midday"
27,199,4,195,"weekday","afternoon","travelling","cold","grocery",0,0,0,"midday"
27,202,7,195,"weekday","afternoon","travelling","freezing","restaurant",1,0,0,"midday"
27,207,12,195,"weekday","afternoon","travelling","cold","restaurant",1,0,0,"midday"
27,208,13,195,"weekday","lunch","working","cold","restaurant",0,0,0,"midday"
27,211,16,195,"weekend","beforelunch","travelling","hot","restaurant",0,0,0,"midday"
27,213,18,195,"weekday","afternoon","travelling","freezing","grocery",0,0,0,"midday"
27,214,19,195,"unknown","morning","travelling","unknown","restaurant",0,0,0,"morning"
27,215,20,195,"weekday","lunch","unknown","cold","grocery",0,0,0,"midday"
27,216,21,195,"weekend","lunch","travelling","unknown","grocery",1,0,0,"midday"
27,218,23,195,"weekend","lunch","travelling","freezing","grocery",0,0,0,"midday"
27,219,24,195,"weekday","beforelunch","travelling","cold","grocery",0,0,0,"midday"
27,220,25,195,"weekday","beforelunch","travelling","cold","grocery",1,0,0,"midday"
27,221,26,195,"weekend","night","shopping","cold","grocery",0,0,0,"night"
27,237,42,195,"weekend","morning","shopping","freezing","restaurant",1,0,0,"morning"
27,244,49,195,"weekend","earlymorning","unknown","unknown","grocery",0,0,0,"morning"
27,245,50,195,"weekend","afternoon","travelling","unknown","grocery",0,0,0,"midday"
27,247,52,195,"weekend","afternoon","travelling","hot","grocery",0,0,0,"midday"
27,249,54,195,"weekend","afternoon","unknown","warm","restaurant",0,0,0,"midday"
27,254,59,195,"weekday","lunch","travelling","freezing","grocery",0,1,0,"midday"
27,256,61,195,"weekday","lunch","travelling","freezing","grocery",0,1,0,"midday"
27,262,67,195,"weekday","beforelunch","travelling","hot","grocery",0,1,0,"midday"
27,266,71,195,"weekday","lunch","travelling","unknown","restaurant",0,1,0,"midday"
27,271,76,195,"weekday","morning","travelling","hot","grocery",0,1,0,"morning"
27,274,79,195,"weekday","beforelunch","morningrituals","unknown","grocery",0,1,0,"midday"
27,280,85,195,"weekday","afternoon","travelling","unknown","grocery",0,1,0,"midday"
27,281,86,195,"weekday","breakfast","travelling","unknown","grocery",0,1,0,"morning"
27,285,90,195,"weekend","breakfast","morningrituals","unknown","grocery",1,1,0,"morning"
27,287,92,195,"weekday","beforelunch","travelling","hot","restaurant",0,1,0,"midday"
27,289,94,195,"weekend","afternoon","morningrituals","freezing","restaurant",1,1,0,"midday"
27,294,99,195,"weekday","lunch","morningrituals","cold","grocery",1,1,0,"midday"
27,296,101,195,"weekend","lunch","working","cold","grocery",1,1,0,"midday"
27,299,104,195,"weekday","lunch","travelling","unknown","grocery",0,1,0,"midday"
27,303,108,195,"weekday","beforelunch","working","unknown","restaurant",0,1,0,"midday"
27,314,119,195,"weekday","dinner","working","cold","restaurant",1,1,1,"night"
27,325,130,195,"weekday","afternoon","travelling","cold","restaurant",0,1,1,"midday"
27,328,133,195,"weekday","lunch","travelling","freezing","restaurant",0,1,1,"midday"
27,333,138,195,"weekday","lunch","travelling","cold","grocery",1,1,1,"midday"
27,337,142,195,"weekday","breakfast","unknown","cold","grocery",1,1,1,"morning"
27,346,151,195,"weekday","dinner","travelling","unknown","restaurant",0,1,1,"night"
27,348,153,195,"weekend","beforelunch","working","cold","grocery",1,1,1,"midday"
27,355,160,195,"weekday","beforelunch","morningrituals","hot","restaurant",0,1,1,"midday"
27,360,165,195,"weekday","lunch","travelling","hot","grocery",0,1,1,"midday"
27,363,168,195,"weekend","evening","travelling","cold","grocery",0,1,1,"night"
27,368,173,195,"weekday","afternoon","working","cold","grocery",0,1,1,"midday"
27,377,182,195,"weekday","earlymorning","shopping","cold","grocery",0,1,1,"morning"
28,201,2,199,"weekday","afternoon","unknown","cold","grocery",0,0,0,"midday"
28,212,13,199,"weekday","lunch","travelling","unknown","restaurant",0,0,0,"midday"
28,245,46,199,"weekday","afternoon","travelling","unknown","restaurant",0,0,0,"midday"
28,280,81,199,"weekday","lunch","travelling","hot","grocery",1,1,0,"midday"
28,290,91,199,"weekday","afternoon","travelling","freezing","grocery",0,1,0,"midday"
28,295,96,199,"weekday","lunch","shopping","warm","grocery",0,1,0,"midday"
28,309,110,199,"weekend","breakfast","unknown","unknown","restaurant",0,1,0,"morning"
28,316,117,199,"weekday","afternoon","unknown","cold","restaurant",1,1,1,"midday"
28,363,164,199,"weekend","lunch","travelling","cold","grocery",1,1,1,"midday"
28,370,171,199,"weekday","afternoon","travelling","hot","grocery",1,1,1,"midday"
28,376,177,199,"weekday","lunch","travelling","hot","restaurant",0,1,1,"midday"
29,216,4,212,"weekend","breakfast","unknown","unknown","restaurant",1,0,0,"morning"
29,219,7,212,"weekday","lunch","travelling","freezing","grocery",0,0,0,"midday"
29,225,13,212,"weekday","evening","unknown","freezing","restaurant",0,0,0,"night"
29,227,15,212,"weekend","afternoon","leisure","freezing","grocery",0,0,0,"midday"
29,228,16,212,"weekday","afternoon","working","unknown","restaurant",1,0,0,"midday"
29,232,20,212,"weekday","earlymorning","travelling","cold","grocery",1,0,0,"morning"
29,233,21,212,"weekend","lunch","unknown","cold","restaurant",0,0,0,"midday"
29,236,24,212,"weekday","beforelunch","leisure","unknown","grocery",0,0,0,"midday"
29,245,33,212,"weekend","lunch","travelling","unknown","grocery",1,0,0,"midday"
29,246,34,212,"weekday","afternoon","travelling","unknown","restaurant",0,0,0,"midday"
29,249,37,212,"weekday","lunch","unknown","freezing","grocery",0,0,0,"midday"
29,252,40,212,"weekend","breakfast","travelling","unknown","grocery",0,0,0,"morning"
29,258,46,212,"unknown","latenight","morningrituals","unknown","restaurant",0,0,0,"night"
29,262,50,212,"weekend","morning","travelling","unknown","restaurant",0,0,0,"morning"
29,266,54,212,"weekday","lunch","travelling","warm","grocery",1,0,0,"midday"
29,267,55,212,"weekday","beforelunch","unknown","warm","restaurant",1,0,0,"midday"
29,268,56,212,"weekend","lunch","unknown","warm","restaurant",1,0,0,"midday"
29,269,57,212,"weekday","beforelunch","travelling","unknown","restaurant",0,1,0,"midday"
29,270,58,212,"weekday","lunch","leisure","cold","restaurant",0,1,0,"midday"
29,271,59,212,"weekend","breakfast","working","cold","grocery",0,1,0,"morning"
29,272,60,212,"unknown","night","shopping","warm","grocery",0,1,0,"night"
29,275,63,212,"weekend","night","travelling","unknown","grocery",0,1,0,"night"
29,279,67,212,"weekday","morning","travelling","cold","grocery",1,1,0,"morning"
29,280,68,212,"weekend","beforelunch","travelling","cold","restaurant",0,1,0,"midday"
29,284,72,212,"weekday","night","leisure","cold","grocery",1,1,0,"night"
29,286,74,212,"weekday","lunch","travelling","hot","grocery",0,1,0,"midday"
29,288,76,212,"weekend","lunch","leisure","freezing","restaurant",0,1,0,"midday"
29,289,77,212,"weekday","morning","shopping","cold","grocery",0,1,0,"morning"
29,291,79,212,"weekday","afternoon","unknown","freezing","restaurant",1,1,0,"midday"
29,297,85,212,"weekday","lunch","travelling","cold","grocery",0,1,0,"midday"
29,304,92,212,"weekday","lunch","travelling","cold","grocery",1,1,0,"midday"
29,308,96,212,"weekday","morning","travelling","hot","restaurant",1,1,0,"morning"
29,314,102,212,"weekend","afternoon","travelling","warm","restaurant",0,1,0,"midday"
29,317,105,212,"weekday","beforelunch","travelling","cold","grocery",0,1,0,"midday"
29,320,108,212,"weekday","beforelunch","travelling","warm","restaurant",1,1,0,"midday"
29,321,109,212,"weekday","lunch","leisure","cold","restaurant",0,1,0,"midday"
29,325,113,212,"weekday","lunch","travelling","cold","grocery",0,1,1,"midday"
29,328,116,212,"weekday","dinner","travelling","freezing","grocery",1,1,1,"night"
29,338,126,212,"weekday","afternoon","unknown","freezing","grocery",0,1,1,"midday"
29,339,127,212,"weekday","beforelunch","travelling","cold","grocery",0,1,1,"midday"
29,340,128,212,"weekend","afternoon","unknown","cold","restaurant",1,1,1,"midday"
29,347,135,212,"weekday","lunch","travelling","cold","restaurant",0,1,1,"midday"
29,350,138,212,"weekend","afternoon","travelling","cold","grocery",1,1,1,"midday"
29,353,141,212,"weekday","lunch","working","unknown","grocery",1,1,1,"midday"
29,354,142,212,"weekday","afternoon","travelling","cold","restaurant",0,1,1,"midday"
29,362,150,212,"weekday","breakfast","unknown","cold","restaurant",0,1,1,"morning"
29,365,153,212,"weekday","lunch","travelling","unknown","grocery",0,1,1,"midday"
29,367,155,212,"unknown","lunch","morningrituals","freezing","grocery",1,1,1,"midday"
29,371,159,212,"weekday","breakfast","working","cold","grocery",0,1,1,"morning"
29,374,162,212,"weekday","lunch","travelling","unknown","grocery",1,1,1,"midday"
29,375,163,212,"weekday","afternoon","travelling","freezing","grocery",0,1,1,"midday"
29,376,164,212,"weekday","beforelunch","travelling","freezing","grocery",0,1,1,"midday"
29,377,165,212,"weekend","afternoon","travelling","hot","restaurant",0,1,1,"midday"
29,379,167,212,"weekday","lunch","travelling","hot","restaurant",0,1,1,"midday"
29,388,176,212,"weekday","lunch","travelling","hot","restaurant",1,1,1,"midday"
29,391,179,212,"weekday","breakfast","shopping","warm","restaurant",0,1,1,"morning"
30,214,0,214,"weekday","dinner","morningrituals","cold","restaurant",0,0,0,"night"
30,216,2,214,"weekend","breakfast","leisure","warm","restaurant",0,0,0,"morning"
30,217,3,214,"weekday","breakfast","travelling","hot","restaurant",1,0,0,"morning"
30,218,4,214,"weekday","afternoon","unknown","warm","restaurant",0,0,0,"midday"
30,227,13,214,"weekday","morning","travelling","cold","grocery",1,0,0,"morning"
30,229,15,214,"weekday","breakfast","travelling","freezing","restaurant",0,0,0,"morning"
30,231,17,214,"weekday","lunch","leisure","cold","restaurant",0,0,0,"midday"
30,233,19,214,"weekday","beforelunch","travelling","freezing","restaurant",0,0,0,"midday"
30,236,22,214,"weekday","beforelunch","travelling","warm","restaurant",0,0,0,"midday"
30,241,27,214,"weekday","beforelunch","travelling","hot","restaurant",1,0,0,"midday"
30,242,28,214,"weekend","morning","travelling","freezing","restaurant",0,0,0,"morning"
30,243,29,214,"weekday","afternoon","travelling","hot","restaurant",0,0,0,"midday"
30,245,31,214,"weekend","afternoon","travelling","warm","grocery",0,0,0,"midday"
30,247,33,214,"weekday","beforelunch","travelling","freezing","restaurant",0,0,0,"midday"
30,249,35,214,"weekend","beforelunch","travelling","warm","grocery",0,0,0,"midday"
30,254,40,214,"weekend","dinner","travelling","unknown","grocery",0,0,0,"night"
30,261,47,214,"weekday","afternoon","travelling","cold","restaurant",0,0,0,"midday"
30,262,48,214,"weekday","beforelunch","travelling","freezing","grocery",0,0,0,"midday"
30,263,49,214,"weekend","latenight","travelling","warm","grocery",1,0,0,"night"
30,268,54,214,"weekday","lunch","travelling","warm","grocery",0,0,0,"midday"
30,270,56,214,"weekday","breakfast","travelling","cold","restaurant",0,0,0,"morning"
30,277,63,214,"weekend","lunch","travelling","cold","restaurant",0,1,0,"midday"
30,281,67,214,"weekday","breakfast","travelling","cold","restaurant",0,1,0,"morning"
30,284,70,214,"weekday","morning","unknown","cold","grocery",0,1,0,"morning"
30,286,72,214,"weekday","lunch","unknown","freezing","grocery",1,1,0,"midday"
30,288,74,214,"weekday","lunch","travelling","freezing","grocery",1,1,0,"midday"
30,290,76,214,"weekday","afternoon","shopping","cold","restaurant",1,1,0,"midday"
30,295,81,214,"weekday","beforelunch","travelling","cold","restaurant",0,1,0,"midday"
30,297,83,214,"weekday","afternoon","travelling","cold","restaurant",0,1,0,"midday"
30,298,84,214,"weekday","beforelunch","travelling","freezing","grocery",0,1,0,"midday"
30,299,85,214,"weekday","afternoon","travelling","cold","restaurant",0,1,0,"midday"
30,300,86,214,"weekday","afternoon","travelling","cold","grocery",1,1,0,"midday"
30,302,88,214,"weekend","afternoon","travelling","cold","restaurant",0,1,0,"midday"
30,303,89,214,"weekday","afternoon","travelling","freezing","grocery",1,1,0,"midday"
30,307,93,214,"weekday","morning","travelling","freezing","restaurant",0,1,0,"morning"
30,311,97,214,"weekend","lunch","unknown","freezing","grocery",1,1,0,"midday"
30,313,99,214,"weekday","breakfast","leisure","warm","restaurant",0,1,0,"morning"
30,314,100,214,"weekday","breakfast","shopping","unknown","restaurant",0,1,0,"morning"
30,316,102,214,"weekday","lunch","leisure","freezing","grocery",0,1,0,"midday"
30,319,105,214,"weekend","afternoon","travelling","cold","grocery",1,1,0,"midday"
30,328,114,214,"weekday","beforelunch","travelling","freezing","restaurant",0,1,1,"midday"
30,331,117,214,"weekday","afternoon","unknown","cold","grocery",0,1,1,"midday"
30,333,119,214,"weekday","beforelunch","travelling","cold","grocery",1,1,1,"midday"
30,339,125,214,"weekday","breakfast","unknown","unknown","grocery",0,1,1,"morning"
30,354,140,214,"weekday","beforelunch","working","freezing","grocery",0,1,1,"midday"
30,358,144,214,"weekend","breakfast","shopping","cold","grocery",1,1,1,"morning"
30,360,146,214,"weekend","afternoon","travelling","warm","grocery",0,1,1,"midday"
30,364,150,214,"weekday","earlymorning","leisure","unknown","restaurant",0,1,1,"morning"
30,366,152,214,"weekend","breakfast","shopping","freezing","grocery",0,1,1,"morning"
30,370,156,214,"weekend","beforelunch","travelling","cold","restaurant",0,1,1,"midday"
30,371,157,214,"weekday","lunch","travelling","cold","restaurant",0,1,1,"midday"
30,374,160,214,"weekday","morning","shopping","cold","grocery",0,1,1,"morning"
30,377,163,214,"weekend","lunch","travelling","warm","grocery",0,1,1,"midday"
30,382,168,214,"weekday","afternoon","travelling","freezing","grocery",0,1,1,"midday"
30,393,179,214,"weekend","beforelunch","travelling","cold","grocery",1,1,1,"midday"
30,394,180,214,"weekday","dinner","travelling","cold","grocery",1,1,1,"night"
31,224,3,221,"weekday","afternoon","travelling","freezing","restaurant",1,0,0,"midday"
31,225,4,221,"weekday","afternoon","unknown","freezing","grocery",0,0,0,"midday"
31,226,5,221,"weekday","afternoon","travelling","warm","grocery",0,0,0,"midday"
31,229,8,221,"weekday","lunch","travelling","cold","grocery",0,0,0,"midday"
31,232,11,221,"weekday","afternoon","travelling","freezing","restaurant",0,0,0,"midday"
31,234,13,221,"weekend","breakfast","travelling","freezing","grocery",0,0,0,"morning"
31,238,17,221,"weekend","unknown","working","cold","grocery",1,0,0,"unknown"
31,241,20,221,"weekday","unknown","unknown","unknown","grocery",0,0,0,"unknown"
31,247,26,221,"weekend","lunch","travelling","unknown","grocery",0,0,0,"midday"
31,250,29,221,"weekday","beforelunch","travelling","cold","restaurant",0,0,0,"midday"
31,255,34,221,"weekday","beforelunch","unknown","cold","restaurant",1,0,0,"midday"
31,256,35,221,"weekday","afternoon","travelling","freezing","restaurant",0,0,0,"midday"
31,260,39,221,"weekday","lunch","travelling","freezing","grocery",1,0,0,"midday"
31,261,40,221,"weekday","unknown","unknown","cold","grocery",0,0,0,"unknown"
31,266,45,221,"weekday","afternoon","leisure","hot","grocery",1,0,0,"midday"
31,267,46,221,"weekday","breakfast","travelling","unknown","grocery",0,0,0,"morning"
31,270,49,221,"weekend","unknown","travelling","cold","grocery",1,0,0,"unknown"
31,273,52,221,"weekday","lunch","travelling","unknown","restaurant",0,0,0,"midday"
31,276,55,221,"weekday","lunch","travelling","warm","grocery",0,0,0,"midday"
31,285,64,221,"weekday","afternoon","travelling","warm","grocery",1,1,0,"midday"
31,287,66,221,"weekend","lunch","travelling","warm","grocery",1,1,0,"midday"
31,288,67,221,"weekday","morning","travelling","warm","grocery",0,1,0,"morning"
31,289,68,221,"weekend","lunch","travelling","cold","restaurant",0,1,0,"midday"
31,292,71,221,"weekday","lunch","unknown","unknown","grocery",0,1,0,"midday"
31,298,77,221,"weekday","lunch","travelling","warm","restaurant",1,1,0,"midday"
31,299,78,221,"weekend","afternoon","travelling","cold","grocery",0,1,0,"midday"
31,300,79,221,"weekend","earlymorning","travelling","cold","grocery",0,1,0,"morning"
31,302,81,221,"weekend","beforelunch","travelling","cold","restaurant",0,1,0,"midday"
31,310,89,221,"weekday","breakfast","travelling","unknown","grocery",0,1,0,"morning"
31,312,91,221,"weekday","beforelunch","shopping","unknown","grocery",1,1,0,"midday"
31,314,93,221,"weekday","lunch","leisure","freezing","restaurant",1,1,0,"midday"
31,315,94,221,"weekday","afternoon","travelling","cold","restaurant",0,1,0,"midday"
31,316,95,221,"weekday","lunch","working","cold","grocery",0,1,0,"midday"
31,317,96,221,"weekend","afternoon","shopping","unknown","restaurant",1,1,0,"midday"
31,319,98,221,"weekday","lunch","travelling","freezing","restaurant",0,1,0,"midday"
31,321,100,221,"weekday","lunch","shopping","warm","grocery",0,1,0,"midday"
31,327,106,221,"weekday","beforelunch","travelling","cold","restaurant",0,1,0,"midday"
31,331,110,221,"weekend","beforelunch","leisure","cold","grocery",0,1,0,"midday"
31,332,111,221,"weekend","lunch","travelling","freezing","restaurant",0,1,0,"midday"
31,333,112,221,"weekday","lunch","unknown","freezing","restaurant",0,1,0,"midday"
31,334,113,221,"weekday","beforelunch","unknown","unknown","restaurant",0,1,1,"midday"
31,335,114,221,"weekday","lunch","leisure","cold","grocery",0,1,1,"midday"
31,337,116,221,"weekday","breakfast","unknown","cold","restaurant",0,1,1,"morning"
31,338,117,221,"weekday","lunch","unknown","warm","grocery",1,1,1,"midday"
31,339,118,221,"weekend","afternoon","travelling","cold","restaurant",0,1,1,"midday"
31,344,123,221,"weekday","breakfast","working","unknown","grocery",0,1,1,"morning"
31,347,126,221,"weekday","afternoon","unknown","cold","grocery",0,1,1,"midday"
31,349,128,221,"weekday","lunch","working","freezing","restaurant",0,1,1,"midday"
31,352,131,221,"weekend","afternoon","travelling","cold","grocery",0,1,1,"midday"
31,353,132,221,"weekend","afternoon","unknown","cold","grocery",1,1,1,"midday"
31,357,136,221,"weekday","breakfast","travelling","cold","grocery",0,1,1,"morning"
31,360,139,221,"weekday","lunch","travelling","hot","restaurant",1,1,1,"midday"
31,361,140,221,"weekday","beforelunch","travelling","cold","restaurant",0,1,1,"midday"
31,363,142,221,"weekday","afternoon","travelling","warm","grocery",1,1,1,"midday"
31,366,145,221,"weekend","morning","unknown","freezing","grocery",1,1,1,"morning"
31,370,149,221,"weekend","beforelunch","unknown","cold","restaurant",1,1,1,"midday"
31,373,152,221,"weekday","breakfast","unknown","warm","grocery",0,1,1,"morning"
31,376,155,221,"weekday","earlymorning","travelling","cold","restaurant",0,1,1,"morning"
31,379,158,221,"weekday","breakfast","housework","freezing","restaurant",0,1,1,"morning"
31,380,159,221,"unknown","morning","unknown","hot","restaurant",1,1,1,"morning"
31,381,160,221,"weekday","earlymorning","travelling","freezing","grocery",0,1,1,"morning"
31,390,169,221,"weekday","breakfast","working","hot","restaurant",0,1,1,"morning"
31,391,170,221,"weekday","lunch","morningrituals","freezing","grocery",1,1,1,"midday"
31,394,173,221,"weekday","beforelunch","travelling","cold","restaurant",0,1,1,"midday"
31,397,176,221,"weekday","dinner","travelling","unknown","grocery",0,1,1,"night"
31,398,177,221,"weekday","beforelunch","travelling","freezing","restaurant",0,1,1,"midday"
31,400,179,221,"weekday","lunch","unknown","unknown","restaurant",0,1,1,"midday"
31,402,181,221,"weekend","earlymorning","shopping","cold","grocery",1,1,1,"morning"
32,234,1,233,"weekday","lunch","working","cold","restaurant",0,0,0,"midday"
32,235,2,233,"weekday","lunch","unknown","cold","grocery",0,0,0,"midday"
32,241,8,233,"weekday","beforelunch","travelling","freezing","restaurant",0,0,0,"midday"
32,243,10,233,"weekday","lunch","leisure","freezing","restaurant",0,0,0,"midday"
32,244,11,233,"weekday","afternoon","leisure","cold","grocery",0,0,0,"midday"
32,245,12,233,"unknown","unknown","travelling","cold","grocery",0,0,0,"unknown"
32,246,13,233,"weekday","morning","morningrituals","freezing","restaurant",0,0,0,"morning"
32,249,16,233,"weekday","afternoon","travelling","hot","restaurant",0,0,0,"midday"
32,251,18,233,"weekday","afternoon","workingout","cold","grocery",1,0,0,"midday"
32,252,19,233,"unknown","lunch","shopping","unknown","restaurant",1,0,0,"midday"
32,253,20,233,"weekend","lunch","morningrituals","warm","restaurant",1,0,0,"midday"
32,254,21,233,"weekday","beforelunch","travelling","freezing","restaurant",0,0,0,"midday"
32,256,23,233,"weekday","unknown","travelling","freezing","restaurant",0,0,0,"unknown"
32,257,24,233,"weekday","morning","travelling","cold","restaurant",1,0,0,"morning"
32,258,25,233,"weekday","beforelunch","unknown","unknown","restaurant",0,0,0,"midday"
32,259,26,233,"weekday","lunch","travelling","unknown","grocery",1,0,0,"midday"
32,261,28,233,"weekday","afternoon","travelling","freezing","grocery",0,0,0,"midday"
32,262,29,233,"weekday","beforelunch","travelling","cold","restaurant",0,0,0,"midday"
32,263,30,233,"weekday","afternoon","leisure","cold","restaurant",1,0,0,"midday"
32,265,32,233,"weekday","afternoon","travelling","warm","restaurant",0,0,0,"midday"
32,267,34,233,"weekend","lunch","travelling","cold","restaurant",0,0,0,"midday"
32,269,36,233,"weekday","unknown","working","freezing","restaurant",0,0,0,"unknown"
32,270,37,233,"weekend","beforelunch","unknown","unknown","grocery",0,0,0,"midday"
32,271,38,233,"weekend","afternoon","working","cold","grocery",0,0,0,"midday"
32,274,41,233,"weekday","afternoon","travelling","freezing","restaurant",0,0,0,"midday"
32,276,43,233,"weekday","afternoon","unknown","cold","grocery",1,0,0,"midday"
32,277,44,233,"weekday","breakfast","travelling","freezing","grocery",1,0,0,"morning"
32,278,45,233,"weekday","afternoon","shopping","warm","grocery",0,0,0,"midday"
32,279,46,233,"weekend","morning","travelling","unknown","restaurant",0,0,0,"morning"
32,280,47,233,"weekday","evening","unknown","cold","restaurant",0,0,0,"night"
32,281,48,233,"weekday","morning","workingout","freezing","grocery",0,0,0,"morning"
32,282,49,233,"weekend","afternoon","travelling","warm","grocery",0,0,0,"midday"
32,285,52,233,"weekday","afternoon","unknown","warm","grocery",1,0,0,"midday"
32,286,53,233,"weekday","afternoon","travelling","freezing","grocery",1,0,0,"midday"
32,287,54,233,"weekday","afternoon","working","warm","restaurant",1,0,0,"midday"
32,290,57,233,"weekend","lunch","travelling","freezing","grocery",1,1,0,"midday"
32,291,58,233,"weekday","lunch","leisure","warm","grocery",1,1,0,"midday"
32,293,60,233,"weekend","lunch","working","cold","grocery",0,1,0,"midday"
32,295,62,233,"weekday","beforelunch","working","unknown","restaurant",0,1,0,"midday"
32,296,63,233,"weekend","beforelunch","unknown","unknown","grocery",1,1,0,"midday"
32,298,65,233,"weekday","afternoon","travelling","warm","grocery",0,1,0,"midday"
32,300,67,233,"weekday","beforelunch","shopping","freezing","grocery",0,1,0,"midday"
32,301,68,233,"weekday","night","travelling","warm","grocery",1,1,0,"night"
32,302,69,233,"weekday","lunch","leisure","freezing","grocery",1,1,0,"midday"
32,303,70,233,"weekend","beforelunch","working","cold","grocery",0,1,0,"midday"
32,304,71,233,"weekday","breakfast","unknown","unknown","grocery",0,1,0,"morning"
32,305,72,233,"weekday","beforelunch","travelling","unknown","restaurant",0,1,0,"midday"
32,306,73,233,"weekday","lunch","travelling","hot","grocery",0,1,0,"midday"
32,307,74,233,"weekday","lunch","travelling","cold","grocery",0,1,0,"midday"
32,310,77,233,"weekday","breakfast","leisure","hot","grocery",1,1,0,"morning"
32,312,79,233,"weekend","lunch","travelling","unknown","grocery",1,1,0,"midday"
32,313,80,233,"weekday","beforelunch","travelling","unknown","restaurant",0,1,0,"midday"
32,314,81,233,"weekday","unknown","morningrituals","cold","restaurant",0,1,0,"unknown"
32,316,83,233,"weekday","beforelunch","working","unknown","restaurant",0,1,0,"midday"
32,318,85,233,"weekend","unknown","travelling","hot","restaurant",0,1,0,"unknown"
32,321,88,233,"weekday","afternoon","unknown","cold","restaurant",0,1,0,"midday"
32,322,89,233,"weekend","earlymorning","working","cold","restaurant",0,1,0,"morning"
32,325,92,233,"weekday","lunch","travelling","unknown","grocery",1,1,0,"midday"
32,326,93,233,"weekday","night","working","cold","restaurant",0,1,0,"night"
32,328,95,233,"weekday","lunch","morningrituals","cold","grocery",0,1,0,"midday"
32,329,96,233,"weekday","afternoon","travelling","warm","grocery",0,1,0,"midday"
32,330,97,233,"weekday","lunch","unknown","warm","grocery",0,1,0,"midday"
32,336,103,233,"weekday","dinner","travelling","freezing","grocery",0,1,0,"night"
32,338,105,233,"weekday","beforelunch","travelling","warm","grocery",0,1,0,"midday"
32,339,106,233,"weekend","beforelunch","travelling","freezing","grocery",1,1,0,"midday"
32,340,107,233,"weekday","lunch","travelling","unknown","restaurant",0,1,0,"midday"
32,341,108,233,"weekday","unknown","unknown","freezing","grocery",0,1,0,"unknown"
32,343,110,233,"weekday","lunch","travelling","cold","grocery",0,1,0,"midday"
32,346,113,233,"weekday","morning","shopping","unknown","restaurant",1,1,1,"morning"
32,347,114,233,"weekday","beforelunch","unknown","freezing","grocery",0,1,1,"midday"
32,348,115,233,"weekday","afternoon","leisure","freezing","restaurant",1,1,1,"midday"
32,350,117,233,"weekday","beforelunch","travelling","unknown","restaurant",1,1,1,"midday"
32,351,118,233,"weekday","afternoon","travelling","warm","restaurant",1,1,1,"midday"
32,352,119,233,"unknown","afternoon","unknown","freezing","grocery",0,1,1,"midday"
32,354,121,233,"weekday","lunch","unknown","unknown","grocery",0,1,1,"midday"
32,355,122,233,"weekend","breakfast","travelling","cold","restaurant",0,1,1,"morning"
32,356,123,233,"weekday","afternoon","travelling","warm","restaurant",0,1,1,"midday"
32,359,126,233,"weekend","beforelunch","working","cold","grocery",0,1,1,"midday"
32,363,130,233,"weekday","lunch","travelling","unknown","restaurant",0,1,1,"midday"
32,364,131,233,"weekday","lunch","travelling","warm","grocery",0,1,1,"midday"
32,365,132,233,"weekday","beforelunch","travelling","warm","restaurant",0,1,1,"midday"
32,367,134,233,"weekend","afternoon","travelling","unknown","restaurant",0,1,1,"midday"
32,368,135,233,"weekday","morning","leisure","warm","restaurant",0,1,1,"morning"
32,370,137,233,"weekday","breakfast","working","cold","restaurant",0,1,1,"morning"
32,372,139,233,"weekday","lunch","unknown","cold","grocery",0,1,1,"midday"
32,375,142,233,"weekend","afternoon","travelling","cold","restaurant",0,1,1,"midday"
32,377,144,233,"weekday","afternoon","travelling","freezing","restaurant",1,1,1,"midday"
32,378,145,233,"weekday","unknown","working","unknown","restaurant",0,1,1,"unknown"
32,379,146,233,"weekend","morning","unknown","hot","grocery",0,1,1,"morning"
32,382,149,233,"weekday","lunch","unknown","warm","grocery",1,1,1,"midday"
32,388,155,233,"weekday","beforelunch","travelling","unknown","restaurant",1,1,1,"midday"
32,390,157,233,"weekday","evening","morningrituals","freezing","grocery",1,1,1,"night"
32,391,158,233,"weekday","lunch","travelling","cold","restaurant",0,1,1,"midday"
32,395,162,233,"weekday","lunch","travelling","hot","grocery",0,1,1,"midday"
32,396,163,233,"weekday","breakfast","travelling","unknown","restaurant",1,1,1,"morning"
32,398,165,233,"weekday","afternoon","leisure","unknown","grocery",0,1,1,"midday"
32,400,167,233,"weekday","afternoon","travelling","hot","grocery",1,1,1,"midday"
32,410,177,233,"weekday","beforelunch","unknown","cold","grocery",0,1,1,"midday"
32,411,178,233,"weekday","lunch","travelling","cold","restaurant",0,1,1,"midday"
32,412,179,233,"weekend","beforelunch","unknown","cold","restaurant",0,1,1,"midday"
32,416,183,233,"weekday","latenight","leisure","unknown","restaurant",1,1,1,"night"
33,244,0,244,"weekday","earlymorning","travelling","unknown","restaurant",1,0,0,"morning"
33,246,2,244,"weekday","breakfast","unknown","cold","grocery",1,0,0,"morning"
33,247,3,244,"weekend","beforelunch","travelling","cold","restaurant",0,0,0,"midday"
33,248,4,244,"weekday","afternoon","housework","unknown","restaurant",0,0,0,"midday"
33,249,5,244,"weekday","beforelunch","shopping","hot","restaurant",1,0,0,"midday"
33,253,9,244,"weekday","afternoon","unknown","unknown","restaurant",0,0,0,"midday"
33,256,12,244,"weekday","afternoon","travelling","warm","grocery",0,0,0,"midday"
33,257,13,244,"weekend","breakfast","unknown","unknown","grocery",0,0,0,"morning"
33,258,14,244,"weekday","afternoon","leisure","freezing","grocery",0,0,0,"midday"
33,260,16,244,"weekday","afternoon","travelling","hot","grocery",0,0,0,"midday"
33,261,17,244,"weekday","afternoon","travelling","cold","grocery",0,0,0,"midday"
33,262,18,244,"weekend","afternoon","travelling","cold","restaurant",1,0,0,"midday"
33,263,19,244,"weekday","afternoon","travelling","cold","restaurant",0,0,0,"midday"
33,264,20,244,"weekday","afternoon","shopping","cold","restaurant",0,0,0,"midday"
33,265,21,244,"weekday","beforelunch","travelling","freezing","grocery",1,0,0,"midday"
33,266,22,244,"weekend","beforelunch","working","unknown","grocery",0,0,0,"midday"
33,269,25,244,"weekday","afternoon","travelling","freezing","grocery",0,0,0,"midday"
33,270,26,244,"weekend","afternoon","travelling","cold","grocery",1,0,0,"midday"
33,272,28,244,"weekday","lunch","travelling","warm","restaurant",0,0,0,"midday"
33,273,29,244,"weekday","afternoon","working","unknown","grocery",1,0,0,"midday"
33,274,30,244,"weekday","afternoon","travelling","freezing","grocery",1,0,0,"midday"
33,275,31,244,"weekday","afternoon","travelling","freezing","restaurant",0,0,0,"midday"
33,276,32,244,"weekend","afternoon","shopping","freezing","restaurant",0,0,0,"midday"
33,277,33,244,"weekday","breakfast","travelling","unknown","restaurant",0,0,0,"morning"
33,278,34,244,"weekday","beforelunch","social","hot","grocery",0,0,0,"midday"
33,281,37,244,"weekday","lunch","travelling","warm","grocery",0,0,0,"midday"
33,282,38,244,"weekday","lunch","travelling","cold","restaurant",0,0,0,"midday"
33,285,41,244,"weekday","breakfast","leisure","unknown","grocery",0,0,0,"morning"
33,286,42,244,"unknown","afternoon","travelling","cold","grocery",1,0,0,"midday"
33,287,43,244,"weekday","beforelunch","morningrituals","unknown","restaurant",0,0,0,"midday"
33,290,46,244,"weekday","earlymorning","morningrituals","cold","restaurant",0,0,0,"morning"
33,291,47,244,"unknown","evening","travelling","unknown","restaurant",0,0,0,"night"
33,292,48,244,"weekend","beforelunch","unknown","cold","restaurant",0,0,0,"midday"
33,293,49,244,"weekday","evening","morningrituals","cold","grocery",1,0,0,"night"
33,296,52,244,"weekday","lunch","leisure","cold","restaurant",0,0,0,"midday"
33,298,54,244,"weekday","breakfast","travelling","hot","grocery",0,0,0,"morning"
33,300,56,244,"weekday","lunch","unknown","cold","restaurant",1,0,0,"midday"
33,301,57,244,"weekend","morning","travelling","cold","restaurant",0,1,0,"morning"
33,303,59,244,"weekday","night","working","hot","restaurant",1,1,0,"night"
33,305,61,244,"weekday","breakfast","travelling","unknown","grocery",0,1,0,"morning"
33,307,63,244,"weekend","lunch","travelling","warm","grocery",0,1,0,"midday"
33,308,64,244,"weekend","beforelunch","travelling","cold","restaurant",0,1,0,"midday"
33,309,65,244,"weekend","breakfast","working","hot","grocery",1,1,0,"morning"
33,312,68,244,"weekday","lunch","travelling","cold","restaurant",1,1,0,"midday"
33,314,70,244,"weekend","breakfast","travelling","cold","grocery",0,1,0,"morning"
33,316,72,244,"weekday","breakfast","travelling","cold","restaurant",0,1,0,"morning"
33,318,74,244,"weekday","beforelunch","travelling","cold","grocery",0,1,0,"midday"
33,321,77,244,"weekday","earlymorning","travelling","unknown","grocery",1,1,0,"morning"
33,322,78,244,"weekday","breakfast","unknown","hot","restaurant",0,1,0,"morning"
33,325,81,244,"weekend","afternoon","morningrituals","cold","grocery",1,1,0,"midday"
33,328,84,244,"weekday","morning","leisure","hot","grocery",0,1,0,"morning"
33,330,86,244,"weekend","beforelunch","leisure","cold","grocery",1,1,0,"midday"
33,332,88,244,"weekend","breakfast","travelling","warm","restaurant",0,1,0,"morning"
33,334,90,244,"weekend","afternoon","morningrituals","warm","grocery",1,1,0,"midday"
33,335,91,244,"weekday","morning","travelling","freezing","grocery",0,1,0,"morning"
33,337,93,244,"weekday","lunch","travelling","freezing","grocery",0,1,0,"midday"
33,341,97,244,"weekend","afternoon","unknown","unknown","grocery",0,1,0,"midday"
33,342,98,244,"weekday","lunch","unknown","freezing","grocery",1,1,0,"midday"
33,343,99,244,"weekday","lunch","unknown","unknown","restaurant",0,1,0,"midday"
33,344,100,244,"weekend","afternoon","leisure","warm","restaurant",0,1,0,"midday"
33,345,101,244,"weekday","morning","leisure","cold","restaurant",0,1,0,"morning"
33,346,102,244,"unknown","dinner","unknown","warm","restaurant",0,1,0,"night"
33,348,104,244,"weekend","afternoon","unknown","cold","grocery",0,1,0,"midday"
33,349,105,244,"weekend","lunch","travelling","freezing","restaurant",1,1,0,"midday"
33,351,107,244,"weekday","afternoon","travelling","cold","grocery",0,1,0,"midday"
33,352,108,244,"weekday","beforelunch","travelling","cold","restaurant",0,1,0,"midday"
33,353,109,244,"weekend","beforelunch","travelling","unknown","restaurant",1,1,0,"midday"
33,355,111,244,"weekend","night","travelling","unknown","grocery",0,1,0,"night"
33,356,112,244,"weekday","beforelunch","travelling","cold","grocery",0,1,0,"midday"
33,358,114,244,"weekday","night","shopping","warm","restaurant",1,1,1,"night"
33,360,116,244,"weekend","afternoon","unknown","cold","grocery",1,1,1,"midday"
33,361,117,244,"weekday","afternoon","travelling","warm","restaurant",0,1,1,"midday"
33,363,119,244,"weekend","afternoon","unknown","freezing","grocery",0,1,1,"midday"
33,364,120,244,"unknown","lunch","travelling","freezing","grocery",0,1,1,"midday"
33,365,121,244,"unknown","breakfast","travelling","freezing","grocery",0,1,1,"morning"
33,369,125,244,"weekday","morning","unknown","freezing","grocery",0,1,1,"morning"
33,371,127,244,"weekday","breakfast","working","freezing","grocery",0,1,1,"morning"
33,374,130,244,"weekday","earlymorning","leisure","warm","grocery",1,1,1,"morning"
33,379,135,244,"weekday","afternoon","travelling","warm","restaurant",1,1,1,"midday"
33,380,136,244,"weekday","morning","shopping","unknown","restaurant",1,1,1,"morning"
33,381,137,244,"weekday","night","travelling","cold","grocery",0,1,1,"night"
33,382,138,244,"weekday","beforelunch","working","warm","restaurant",0,1,1,"midday"
33,383,139,244,"weekend","morning","shopping","cold","restaurant",1,1,1,"morning"
33,385,141,244,"weekday","lunch","travelling","warm","restaurant",0,1,1,"midday"
33,386,142,244,"weekday","breakfast","unknown","cold","grocery",1,1,1,"morning"
33,387,143,244,"weekend","afternoon","shopping","cold","grocery",0,1,1,"midday"
33,388,144,244,"unknown","unknown","travelling","unknown","grocery",0,1,1,"unknown"
33,390,146,244,"weekday","beforelunch","unknown","unknown","restaurant",1,1,1,"midday"
33,391,147,244,"weekday","lunch","shopping","warm","grocery",0,1,1,"midday"
33,393,149,244,"weekday","afternoon","unknown","freezing","restaurant",0,1,1,"midday"
33,394,150,244,"weekend","dinner","leisure","cold","grocery",1,1,1,"night"
33,395,151,244,"weekday","lunch","unknown","cold","restaurant",1,1,1,"midday"
33,396,152,244,"weekend","afternoon","travelling","freezing","grocery",0,1,1,"midday"
33,399,155,244,"weekend","breakfast","travelling","unknown","grocery",0,1,1,"morning"
33,400,156,244,"weekday","afternoon","unknown","warm","grocery",0,1,1,"midday"
33,401,157,244,"weekday","lunch","unknown","freezing","grocery",0,1,1,"midday"
33,402,158,244,"weekend","afternoon","travelling","hot","grocery",0,1,1,"midday"
33,403,159,244,"weekday","lunch","travelling","unknown","restaurant",0,1,1,"midday"
33,404,160,244,"weekday","lunch","travelling","unknown","grocery",1,1,1,"midday"
33,406,162,244,"weekday","afternoon","travelling","freezing","restaurant",1,1,1,"midday"
33,407,163,244,"weekday","morning","travelling","warm","restaurant",0,1,1,"morning"
33,408,164,244,"weekday","afternoon","working","unknown","restaurant",1,1,1,"midday"
33,411,167,244,"weekend","dinner","travelling","cold","restaurant",1,1,1,"night"
33,414,170,244,"weekday","lunch","travelling","freezing","restaurant",0,1,1,"midday"
33,417,173,244,"weekday","afternoon","travelling","unknown","grocery",1,1,1,"midday"
33,419,175,244,"weekend","afternoon","leisure","cold","grocery",0,1,1,"midday"
33,421,177,244,"weekend","afternoon","travelling","warm","restaurant",0,1,1,"midday"
33,423,179,244,"weekend","beforelunch","travelling","cold","restaurant",1,1,1,"midday"
33,424,180,244,"weekday","night","travelling","unknown","grocery",0,1,1,"night"
33,425,181,244,"weekday","night","unknown","unknown","grocery",0,1,1,"night"
33,426,182,244,"weekday","afternoon","travelling","warm","restaurant",0,1,1,"midday"
33,427,183,244,"weekday","night","unknown","freezing","grocery",0,1,1,"night"
34,253,1,252,"weekday","morning","travelling","unknown","grocery",0,0,0,"morning"
34,257,5,252,"weekday","lunch","travelling","warm","grocery",0,0,0,"midday"
34,262,10,252,"weekday","breakfast","travelling","hot","grocery",0,0,0,"morning"
34,264,12,252,"weekday","lunch","unknown","unknown","restaurant",0,0,0,"midday"
34,266,14,252,"weekday","afternoon","travelling","hot","grocery",0,0,0,"midday"
34,269,17,252,"weekday","afternoon","unknown","warm","restaurant",1,0,0,"midday"
34,271,19,252,"weekday","beforelunch","travelling","unknown","grocery",0,0,0,"midday"
34,272,20,252,"weekday","afternoon","travelling","cold","grocery",0,0,0,"midday"
34,274,22,252,"weekday","breakfast","unknown","cold","grocery",0,0,0,"morning"
34,276,24,252,"weekday","afternoon","travelling","warm","restaurant",0,0,0,"midday"
34,279,27,252,"weekday","beforelunch","unknown","cold","restaurant",0,0,0,"midday"
34,281,29,252,"weekend","lunch","travelling","cold","restaurant",0,0,0,"midday"
34,284,32,252,"weekday","lunch","travelling","freezing","restaurant",0,0,0,"midday"
34,285,33,252,"weekday","breakfast","travelling","cold","restaurant",1,0,0,"morning"
34,286,34,252,"weekend","afternoon","travelling","cold","grocery",0,0,0,"midday"
34,287,35,252,"weekend","beforelunch","unknown","freezing","grocery",1,0,0,"midday"
34,291,39,252,"weekday","beforelunch","unknown","unknown","grocery",0,0,0,"midday"
34,292,40,252,"weekday","beforelunch","travelling","freezing","grocery",1,0,0,"midday"
34,293,41,252,"weekday","lunch","travelling","warm","restaurant",0,0,0,"midday"
34,295,43,252,"weekend","breakfast","travelling","cold","restaurant",0,0,0,"morning"
34,296,44,252,"weekend","beforelunch","working","cold","restaurant",1,0,0,"midday"
34,298,46,252,"weekday","lunch","travelling","freezing","grocery",0,0,0,"midday"
34,300,48,252,"weekday","lunch","unknown","cold","grocery",1,0,0,"midday"
34,301,49,252,"weekend","afternoon","shopping","cold","grocery",0,0,0,"midday"
34,303,51,252,"weekday","afternoon","leisure","freezing","restaurant",0,0,0,"midday"
34,305,53,252,"weekend","afternoon","travelling","cold","restaurant",0,0,0,"midday"
34,306,54,252,"weekend","afternoon","unknown","unknown","grocery",0,0,0,"midday"
34,308,56,252,"weekend","lunch","travelling","cold","restaurant",0,0,0,"midday"
34,309,57,252,"weekday","beforelunch","travelling","cold","grocery",0,1,0,"midday"
34,313,61,252,"weekday","afternoon","leisure","unknown","restaurant",0,1,0,"midday"
34,315,63,252,"weekday","dinner","travelling","cold","restaurant",0,1,0,"night"
34,317,65,252,"weekday","lunch","working","cold","restaurant",1,1,0,"midday"
34,322,70,252,"weekday","lunch","travelling","warm","restaurant",1,1,0,"midday"
34,324,72,252,"weekday","dinner","travelling","freezing","restaurant",1,1,0,"night"
34,327,75,252,"weekday","lunch","travelling","cold","grocery",1,1,0,"midday"
34,329,77,252,"weekday","beforelunch","travelling","cold","grocery",0,1,0,"midday"
34,338,86,252,"weekday","unknown","travelling","freezing","restaurant",1,1,0,"unknown"
34,341,89,252,"weekday","breakfast","unknown","cold","grocery",0,1,0,"morning"
34,342,90,252,"weekend","morning","travelling","unknown","grocery",0,1,0,"morning"
34,344,92,252,"weekday","lunch","unknown","freezing","grocery",1,1,0,"midday"
34,345,93,252,"weekday","afternoon","travelling","cold","grocery",0,1,0,"midday"
34,351,99,252,"weekend","lunch","travelling","unknown","restaurant",0,1,0,"midday"
34,352,100,252,"weekday","afternoon","travelling","unknown","restaurant",1,1,0,"midday"
34,362,110,252,"weekday","breakfast","travelling","freezing","restaurant",0,1,0,"morning"
34,365,113,252,"weekday","beforelunch","working","freezing","grocery",0,1,1,"midday"
34,372,120,252,"weekday","afternoon","working","warm","restaurant",1,1,1,"midday"
34,376,124,252,"weekday","afternoon","unknown","unknown","restaurant",0,1,1,"midday"
34,379,127,252,"weekday","breakfast","travelling","cold","restaurant",0,1,1,"morning"
34,384,132,252,"unknown","beforelunch","unknown","hot","grocery",1,1,1,"midday"
34,385,133,252,"weekend","morning","morningrituals","freezing","restaurant",0,1,1,"morning"
34,387,135,252,"weekday","afternoon","travelling","hot","grocery",0,1,1,"midday"
34,388,136,252,"weekday","afternoon","travelling","unknown","restaurant",0,1,1,"midday"
34,389,137,252,"weekday","breakfast","travelling","cold","restaurant",0,1,1,"morning"
34,391,139,252,"weekday","breakfast","unknown","freezing","grocery",0,1,1,"morning"
34,392,140,252,"weekday","night","working","freezing","grocery",0,1,1,"night"
34,393,141,252,"unknown","lunch","working","freezing","restaurant",1,1,1,"midday"
34,398,146,252,"unknown","beforelunch","unknown","freezing","restaurant",0,1,1,"midday"
34,403,151,252,"unknown","lunch","housework","unknown","grocery",1,1,1,"midday"
34,405,153,252,"weekend","lunch","travelling","cold","grocery",1,1,1,"midday"
34,407,155,252,"weekend","unknown","travelling","cold","grocery",0,1,1,"unknown"
34,411,159,252,"weekend","lunch","unknown","cold","restaurant",0,1,1,"midday"
34,414,162,252,"weekday","afternoon","travelling","unknown","restaurant",1,1,1,"midday"
34,415,163,252,"weekday","lunch","travelling","cold","grocery",0,1,1,"midday"
34,416,164,252,"weekday","afternoon","leisure","cold","restaurant",1,1,1,"midday"
34,417,165,252,"weekday","lunch","travelling","hot","grocery",0,1,1,"midday"
34,418,166,252,"weekday","evening","working","freezing","restaurant",1,1,1,"night"
34,419,167,252,"weekday","lunch","shopping","freezing","restaurant",0,1,1,"midday"
34,427,175,252,"weekday","beforelunch","leisure","freezing","restaurant",0,1,1,"midday"
34,428,176,252,"weekday","beforelunch","travelling","freezing","grocery",1,1,1,"midday"
34,429,177,252,"weekend","afternoon","leisure","cold","restaurant",1,1,1,"midday"
34,430,178,252,"weekend","afternoon","travelling","hot","grocery",1,1,1,"midday"
34,432,180,252,"weekend","breakfast","travelling","cold","grocery",0,1,1,"morning"
34,435,183,252,"weekend","afternoon","leisure","cold","restaurant",0,1,1,"midday"
35,259,0,259,"weekend","beforelunch","unknown","unknown","restaurant",0,0,0,"midday"
35,260,1,259,"unknown","afternoon","travelling","unknown","restaurant",0,0,0,"midday"
35,261,2,259,"weekday","lunch","travelling","warm","grocery",0,0,0,"midday"
35,262,3,259,"weekday","afternoon","travelling","hot","restaurant",0,0,0,"midday"
35,263,4,259,"weekday","breakfast","travelling","unknown","grocery",0,0,0,"morning"
35,264,5,259,"weekday","afternoon","travelling","unknown","restaurant",0,0,0,"midday"
35,265,6,259,"weekday","afternoon","leisure","unknown","restaurant",0,0,0,"midday"
35,266,7,259,"weekday","beforelunch","shopping","cold","grocery",0,0,0,"midday"
35,267,8,259,"weekday","lunch","leisure","freezing","grocery",0,0,0,"midday"
35,268,9,259,"weekend","afternoon","shopping","unknown","grocery",0,0,0,"midday"
35,270,11,259,"weekday","dinner","travelling","warm","grocery",1,0,0,"night"
35,272,13,259,"weekday","afternoon","travelling","freezing","grocery",0,0,0,"midday"
35,273,14,259,"weekday","afternoon","travelling","cold","restaurant",0,0,0,"midday"
35,274,15,259,"weekday","afternoon","working","freezing","restaurant",1,0,0,"midday"
35,275,16,259,"weekday","beforelunch","travelling","freezing","restaurant",1,0,0,"midday"
35,276,17,259,"weekday","beforelunch","travelling","freezing","grocery",1,0,0,"midday"
35,277,18,259,"weekday","afternoon","travelling","cold","grocery",0,0,0,"midday"
35,278,19,259,"weekday","afternoon","travelling","unknown","restaurant",1,0,0,"midday"
35,279,20,259,"weekday","afternoon","working","unknown","grocery",0,0,0,"midday"
35,280,21,259,"weekday","lunch","travelling","freezing","grocery",0,0,0,"midday"
35,281,22,259,"weekday","afternoon","shopping","cold","grocery",0,0,0,"midday"
35,282,23,259,"weekday","lunch","travelling","freezing","grocery",0,0,0,"midday"
35,284,25,259,"weekday","lunch","unknown","unknown","restaurant",1,0,0,"midday"
35,285,26,259,"weekend","afternoon","travelling","cold","grocery",0,0,0,"midday"
35,290,31,259,"weekday","afternoon","unknown","freezing","grocery",0,0,0,"midday"
35,291,32,259,"weekday","lunch","unknown","unknown","grocery",0,0,0,"midday"
35,292,33,259,"weekday","dinner","travelling","cold","grocery",0,0,0,"night"
35,294,35,259,"weekday","afternoon","leisure","freezing","grocery",0,0,0,"midday"
35,295,36,259,"weekday","lunch","travelling","cold","grocery",0,0,0,"midday"
35,296,37,259,"weekday","afternoon","travelling","freezing","restaurant",0,0,0,"midday"
35,298,39,259,"weekend","beforelunch","travelling","cold","restaurant",1,0,0,"midday"
35,299,40,259,"weekend","afternoon","leisure","cold","grocery",0,0,0,"midday"
35,300,41,259,"weekday","afternoon","unknown","hot","grocery",0,0,0,"midday"
35,303,44,259,"weekday","afternoon","shopping","warm","grocery",0,0,0,"midday"
35,304,45,259,"weekday","earlymorning","shopping","unknown","grocery",0,0,0,"morning"
35,305,46,259,"weekday","lunch","travelling","cold","grocery",1,0,0,"midday"
35,306,47,259,"weekend","afternoon","travelling","unknown","grocery",0,0,0,"midday"
35,307,48,259,"weekend","afternoon","leisure","warm","grocery",0,0,0,"midday"
35,308,49,259,"weekend","lunch","travelling","cold","grocery",0,0,0,"midday"
35,309,50,259,"weekend","beforelunch","working","cold","restaurant",0,0,0,"midday"
35,312,53,259,"weekday","lunch","working","cold","grocery",0,0,0,"midday"
35,315,56,259,"weekday","beforelunch","travelling","unknown","grocery",1,0,0,"midday"
35,316,57,259,"weekday","breakfast","travelling","unknown","restaurant",0,1,0,"morning"
35,318,59,259,"weekday","breakfast","unknown","warm","restaurant",1,1,0,"morning"
35,319,60,259,"weekday","evening","unknown","hot","grocery",0,1,0,"night"
35,321,62,259,"weekday","evening","shopping","hot","grocery",0,1,0,"night"
35,322,63,259,"weekday","breakfast","unknown","cold","grocery",1,1,0,"morning"
35,323,64,259,"weekday","lunch","unknown","hot","restaurant",0,1,0,"midday"
35,326,67,259,"weekday","lunch","working","cold","grocery",1,1,0,"midday"
35,327,68,259,"weekday","afternoon","unknown","unknown","restaurant",0,1,0,"midday"
35,328,69,259,"weekday","breakfast","unknown","unknown","grocery",0,1,0,"morning"
35,329,70,259,"weekday","lunch","travelling","freezing","restaurant",0,1,0,"midday"
35,330,71,259,"weekday","morning","unknown","cold","grocery",1,1,0,"morning"
35,331,72,259,"weekday","morning","shopping","freezing","grocery",0,1,0,"morning"
35,332,73,259,"weekday","afternoon","travelling","warm","restaurant",1,1,0,"midday"
35,333,74,259,"weekend","lunch","travelling","cold","grocery",0,1,0,"midday"
35,334,75,259,"weekday","afternoon","travelling","warm","restaurant",0,1,0,"midday"
35,337,78,259,"weekday","beforelunch","unknown","unknown","grocery",0,1,0,"midday"
35,338,79,259,"weekday","afternoon","travelling","unknown","restaurant",0,1,0,"midday"
35,339,80,259,"weekday","morning","shopping","freezing","grocery",0,1,0,"morning"
35,340,81,259,"weekday","afternoon","unknown","freezing","restaurant",0,1,0,"midday"
35,341,82,259,"weekday","lunch","leisure","cold","grocery",0,1,0,"midday"
35,343,84,259,"unknown","lunch","travelling","cold","restaurant",1,1,0,"midday"
35,344,85,259,"weekend","beforelunch","travelling","unknown","restaurant",0,1,0,"midday"
35,346,87,259,"weekday","afternoon","travelling","cold","restaurant",0,1,0,"midday"
35,347,88,259,"weekend","afternoon","unknown","freezing","grocery",0,1,0,"midday"
35,349,90,259,"weekday","beforelunch","leisure","freezing","restaurant",1,1,0,"midday"
35,350,91,259,"weekday","beforelunch","leisure","cold","restaurant",1,1,0,"midday"
35,352,93,259,"weekday","lunch","leisure","freezing","grocery",1,1,0,"midday"
35,353,94,259,"weekday","lunch","leisure","unknown","grocery",1,1,0,"midday"
35,354,95,259,"weekday","lunch","travelling","freezing","grocery",1,1,0,"midday"
35,355,96,259,"weekday","lunch","travelling","cold","grocery",0,1,0,"midday"
35,356,97,259,"weekday","afternoon","unknown","warm","grocery",1,1,0,"midday"
35,357,98,259,"weekday","night","travelling","cold","restaurant",0,1,0,"night"
35,358,99,259,"weekday","dinner","travelling","hot","restaurant",1,1,0,"night"
35,359,100,259,"unknown","dinner","travelling","freezing","restaurant",0,1,0,"night"
35,360,101,259,"weekday","breakfast","working","unknown","restaurant",1,1,0,"morning"
35,361,102,259,"weekday","lunch","working","unknown","grocery",1,1,0,"midday"
35,362,103,259,"weekend","beforelunch","unknown","unknown","restaurant",0,1,0,"midday"
35,364,105,259,"weekday","afternoon","unknown","cold","restaurant",0,1,0,"midday"
35,365,106,259,"weekday","lunch","travelling","freezing","grocery",0,1,0,"midday"
35,366,107,259,"weekday","lunch","travelling","hot","grocery",1,1,0,"midday"
35,367,108,259,"weekday","afternoon","travelling","freezing","restaurant",0,1,0,"midday"
35,368,109,259,"weekday","beforelunch","unknown","warm","restaurant",0,1,0,"midday"
35,369,110,259,"weekend","afternoon","travelling","unknown","grocery",0,1,0,"midday"
35,370,111,259,"weekday","lunch","unknown","freezing","restaurant",0,1,0,"midday"
35,373,114,259,"weekday","lunch","travelling","freezing","restaurant",1,1,1,"midday"
35,374,115,259,"weekday","earlymorning","unknown","hot","grocery",0,1,1,"morning"
35,375,116,259,"weekday","afternoon","travelling","warm","grocery",1,1,1,"midday"
35,376,117,259,"weekday","lunch","unknown","unknown","restaurant",1,1,1,"midday"
35,377,118,259,"weekday","morning","travelling","unknown","restaurant",0,1,1,"morning"
35,378,119,259,"weekday","lunch","travelling","unknown","restaurant",0,1,1,"midday"
35,379,120,259,"weekend","afternoon","unknown","freezing","restaurant",1,1,1,"midday"
35,380,121,259,"weekday","morning","shopping","cold","grocery",1,1,1,"morning"
35,381,122,259,"weekday","beforelunch","leisure","cold","restaurant",1,1,1,"midday"
35,382,123,259,"weekend","afternoon","travelling","unknown","restaurant",0,1,1,"midday"
35,383,124,259,"weekday","evening","travelling","cold","restaurant",0,1,1,"night"
35,384,125,259,"weekday","lunch","travelling","hot","grocery",0,1,1,"midday"
35,385,126,259,"weekday","beforelunch","travelling","unknown","grocery",0,1,1,"midday"
35,386,127,259,"weekday","beforelunch","travelling","unknown","grocery",0,1,1,"midday"
35,387,128,259,"weekday","lunch","travelling","warm","grocery",0,1,1,"midday"
35,388,129,259,"weekday","morning","travelling","cold","restaurant",0,1,1,"morning"
35,389,130,259,"weekday","latenight","travelling","unknown","grocery",0,1,1,"night"
35,390,131,259,"weekday","earlymorning","leisure","hot","grocery",0,1,1,"morning"
35,391,132,259,"weekday","afternoon","social","freezing","restaurant",0,1,1,"midday"
35,392,133,259,"weekend","morning","travelling","hot","grocery",0,1,1,"morning"
35,393,134,259,"weekday","beforelunch","morningrituals","freezing","grocery",0,1,1,"midday"
35,394,135,259,"unknown","night","travelling","warm","grocery",1,1,1,"night"
35,395,136,259,"weekday","beforelunch","travelling","cold","restaurant",0,1,1,"midday"
35,396,137,259,"weekend","afternoon","unknown","cold","restaurant",1,1,1,"midday"
35,398,139,259,"weekday","lunch","unknown","freezing","grocery",1,1,1,"midday"
35,399,140,259,"weekend","morning","travelling","unknown","grocery",1,1,1,"morning"
35,400,141,259,"weekday","beforelunch","travelling","freezing","restaurant",0,1,1,"midday"
35,401,142,259,"weekday","afternoon","travelling","warm","restaurant",0,1,1,"midday"
35,402,143,259,"weekend","night","travelling","cold","grocery",0,1,1,"night"
35,403,144,259,"unknown","lunch","travelling","unknown","grocery",1,1,1,"midday"
35,404,145,259,"weekday","lunch","travelling","cold","grocery",0,1,1,"midday"
35,405,146,259,"weekend","breakfast","unknown","unknown","grocery",0,1,1,"morning"
35,406,147,259,"weekday","earlymorning","travelling","unknown","restaurant",0,1,1,"morning"
35,407,148,259,"weekday","lunch","shopping","warm","grocery",1,1,1,"midday"
35,408,149,259,"weekday","breakfast","working","cold","grocery",1,1,1,"morning"
35,409,150,259,"weekday","beforelunch","leisure","unknown","restaurant",0,1,1,"midday"
35,410,151,259,"weekday","beforelunch","travelling","hot","grocery",0,1,1,"midday"
35,411,152,259,"weekend","morning","travelling","freezing","restaurant",0,1,1,"morning"
35,412,153,259,"weekend","beforelunch","unknown","cold","grocery",0,1,1,"midday"
35,414,155,259,"weekend","afternoon","unknown","freezing","restaurant",0,1,1,"midday"
35,415,156,259,"weekday","lunch","travelling","cold","grocery",1,1,1,"midday"
35,416,157,259,"weekday","afternoon","travelling","cold","restaurant",0,1,1,"midday"
35,417,158,259,"weekday","lunch","travelling","unknown","grocery",0,1,1,"midday"
35,419,160,259,"weekend","lunch","leisure","cold","grocery",1,1,1,"midday"
35,420,161,259,"weekday","lunch","travelling","unknown","restaurant",0,1,1,"midday"
35,421,162,259,"weekday","evening","unknown","unknown","restaurant",1,1,1,"night"
35,422,163,259,"weekday","afternoon","shopping","unknown","restaurant",0,1,1,"midday"
35,423,164,259,"weekday","afternoon","travelling","warm","grocery",1,1,1,"midday"
35,424,165,259,"weekday","afternoon","travelling","warm","restaurant",0,1,1,"midday"
35,425,166,259,"weekday","breakfast","travelling","warm","restaurant",1,1,1,"morning"
35,426,167,259,"weekday","breakfast","travelling","warm","restaurant",0,1,1,"morning"
35,427,168,259,"weekday","breakfast","travelling","warm","grocery",0,1,1,"morning"
35,428,169,259,"weekday","breakfast","travelling","freezing","grocery",0,1,1,"morning"
35,429,170,259,"weekday","unknown","travelling","cold","grocery",1,1,1,"unknown"
35,431,172,259,"weekday","breakfast","travelling","cold","restaurant",1,1,1,"morning"
35,432,173,259,"weekend","breakfast","travelling","warm","restaurant",0,1,1,"morning"
35,433,174,259,"weekday","morning","travelling","unknown","restaurant",0,1,1,"morning"
35,434,175,259,"weekday","afternoon","travelling","unknown","restaurant",0,1,1,"midday"
35,435,176,259,"weekday","lunch","travelling","unknown","restaurant",0,1,1,"midday"
35,436,177,259,"weekday","beforelunch","working","unknown","restaurant",0,1,1,"midday"
35,437,178,259,"weekday","afternoon","unknown","freezing","restaurant",0,1,1,"midday"
35,438,179,259,"weekday","afternoon","leisure","unknown","restaurant",0,1,1,"midday"
35,440,181,259,"weekday","afternoon","shopping","freezing","restaurant",1,1,1,"midday"
36,273,5,268,"weekend","lunch","unknown","cold","grocery",0,0,0,"midday"
36,274,6,268,"weekend","breakfast","shopping","unknown","restaurant",1,0,0,"morning"
36,280,12,268,"weekend","breakfast","travelling","freezing","grocery",0,0,0,"morning"
36,281,13,268,"weekday","dinner","travelling","unknown","restaurant",0,0,0,"night"
36,282,14,268,"unknown","beforelunch","travelling","hot","grocery",0,0,0,"midday"
36,286,18,268,"weekend","afternoon","travelling","freezing","grocery",0,0,0,"midday"
36,287,19,268,"weekday","earlymorning","morningrituals","warm","restaurant",0,0,0,"morning"
36,289,21,268,"weekday","afternoon","travelling","freezing","restaurant",0,0,0,"midday"
36,291,23,268,"weekday","afternoon","travelling","freezing","restaurant",0,0,0,"midday"
36,298,30,268,"weekday","lunch","travelling","hot","restaurant",0,0,0,"midday"
36,300,32,268,"weekday","lunch","unknown","warm","restaurant",0,0,0,"midday"
36,305,37,268,"unknown","lunch","travelling","cold","grocery",1,0,0,"midday"
36,312,44,268,"weekend","afternoon","travelling","cold","grocery",0,0,0,"midday"
36,318,50,268,"weekday","lunch","working","freezing","restaurant",0,0,0,"midday"
36,319,51,268,"weekday","afternoon","travelling","cold","restaurant",0,0,0,"midday"
36,326,58,268,"weekday","lunch","travelling","cold","grocery",0,1,0,"midday"
36,339,71,268,"weekend","beforelunch","travelling","unknown","grocery",0,1,0,"midday"
36,342,74,268,"weekday","earlymorning","travelling","cold","grocery",1,1,0,"morning"
36,351,83,268,"weekend","lunch","travelling","hot","grocery",0,1,0,"midday"
36,358,90,268,"weekday","afternoon","travelling","cold","grocery",0,1,0,"midday"
36,359,91,268,"weekday","morning","working","unknown","restaurant",1,1,0,"morning"
36,370,102,268,"weekday","afternoon","travelling","cold","restaurant",0,1,0,"midday"
36,384,116,268,"weekday","night","travelling","warm","restaurant",0,1,1,"night"
36,393,125,268,"weekday","lunch","travelling","freezing","restaurant",1,1,1,"midday"
36,403,135,268,"weekday","beforelunch","unknown","cold","grocery",0,1,1,"midday"
36,407,139,268,"weekday","afternoon","travelling","cold","grocery",1,1,1,"midday"
36,418,150,268,"weekend","afternoon","unknown","warm","grocery",0,1,1,"midday"
36,422,154,268,"weekday","afternoon","travelling","cold","grocery",1,1,1,"midday"
36,432,164,268,"weekend","beforelunch","working","unknown","grocery",0,1,1,"midday"
36,440,172,268,"weekday","afternoon","travelling","cold","restaurant",0,1,1,"midday"
36,444,176,268,"weekday","lunch","working","cold","restaurant",0,1,1,"midday"
36,451,183,268,"weekday","beforelunch","travelling","freezing","grocery",1,1,1,"midday"
37,274,0,274,"weekend","afternoon","travelling","freezing","restaurant",0,0,0,"midday"
37,275,1,274,"weekday","beforelunch","leisure","warm","restaurant",1,0,0,"midday"
37,276,2,274,"weekend","afternoon","travelling","freezing","grocery",1,0,0,"midday"
37,277,3,274,"weekday","lunch","working","hot","restaurant",0,0,0,"midday"
37,281,7,274,"weekday","lunch","working","hot","restaurant",0,0,0,"midday"
37,282,8,274,"weekday","afternoon","working","cold","grocery",1,0,0,"midday"
37,293,19,274,"weekday","breakfast","travelling","unknown","restaurant",1,0,0,"morning"
37,296,22,274,"weekend","lunch","unknown","warm","grocery",0,0,0,"midday"
37,297,23,274,"weekday","breakfast","leisure","unknown","grocery",0,0,0,"morning"
37,298,24,274,"weekday","beforelunch","unknown","unknown","grocery",1,0,0,"midday"
37,300,26,274,"weekend","lunch","travelling","freezing","restaurant",1,0,0,"midday"
37,301,27,274,"weekday","beforelunch","travelling","freezing","grocery",0,0,0,"midday"
37,305,31,274,"weekday","afternoon","morningrituals","cold","grocery",1,0,0,"midday"
37,306,32,274,"weekday","afternoon","unknown","warm","restaurant",1,0,0,"midday"
37,309,35,274,"weekend","afternoon","travelling","freezing","grocery",1,0,0,"midday"
37,311,37,274,"weekday","dinner","shopping","freezing","grocery",1,0,0,"night"
37,312,38,274,"weekday","morning","shopping","freezing","grocery",0,0,0,"morning"
37,313,39,274,"weekend","breakfast","unknown","hot","restaurant",0,0,0,"morning"
37,316,42,274,"weekday","breakfast","travelling","unknown","restaurant",0,0,0,"morning"
37,317,43,274,"weekday","lunch","unknown","cold","grocery",0,0,0,"midday"
37,319,45,274,"weekday","afternoon","travelling","cold","grocery",0,0,0,"midday"
37,323,49,274,"weekday","morning","travelling","unknown","restaurant",0,0,0,"morning"
37,325,51,274,"weekend","afternoon","travelling","hot","restaurant",0,0,0,"midday"
37,327,53,274,"weekday","lunch","travelling","warm","grocery",0,0,0,"midday"
37,337,63,274,"weekday","dinner","working","freezing","restaurant",0,1,0,"night"
37,339,65,274,"weekday","lunch","travelling","cold","restaurant",0,1,0,"midday"
37,349,75,274,"weekday","unknown","unknown","warm","grocery",1,1,0,"unknown"
37,351,77,274,"weekday","breakfast","travelling","unknown","grocery",0,1,0,"morning"
37,353,79,274,"weekday","afternoon","shopping","hot","grocery",0,1,0,"midday"
37,354,80,274,"weekday","lunch","shopping","unknown","grocery",0,1,0,"midday"
37,355,81,274,"weekend","lunch","working","warm","restaurant",1,1,0,"midday"
37,358,84,274,"weekend","afternoon","shopping","unknown","restaurant",0,1,0,"midday"
37,360,86,274,"weekday","lunch","unknown","unknown","restaurant",0,1,0,"midday"
37,365,91,274,"weekday","breakfast","leisure","freezing","grocery",0,1,0,"morning"
37,367,93,274,"weekday","morning","working","freezing","grocery",0,1,0,"morning"
37,368,94,274,"unknown","morning","unknown","cold","restaurant",0,1,0,"morning"
37,370,96,274,"weekday","afternoon","travelling","warm","restaurant",1,1,0,"midday"
37,373,99,274,"weekday","night","travelling","cold","grocery",0,1,0,"night"
37,375,101,274,"weekday","breakfast","travelling","cold","restaurant",0,1,0,"morning"
37,377,103,274,"weekend","lunch","travelling","cold","restaurant",1,1,0,"midday"
37,378,104,274,"weekday","lunch","unknown","hot","restaurant",0,1,0,"midday"
37,379,105,274,"weekday","unknown","travelling","cold","restaurant",0,1,0,"unknown"
37,383,109,274,"weekday","lunch","unknown","freezing","grocery",0,1,0,"midday"
37,384,110,274,"weekday","beforelunch","leisure","unknown","grocery",1,1,0,"midday"
37,388,114,274,"weekday","afternoon","travelling","freezing","restaurant",1,1,1,"midday"
37,390,116,274,"weekday","beforelunch","leisure","warm","restaurant",0,1,1,"midday"
37,391,117,274,"weekday","morning","shopping","cold","grocery",0,1,1,"morning"
37,392,118,274,"weekday","beforelunch","travelling","warm","grocery",0,1,1,"midday"
37,395,121,274,"weekend","afternoon","travelling","cold","restaurant",0,1,1,"midday"
37,397,123,274,"weekday","morning","working","unknown","grocery",0,1,1,"morning"
37,398,124,274,"weekday","lunch","unknown","hot","restaurant",0,1,1,"midday"
37,401,127,274,"weekday","afternoon","leisure","unknown","grocery",0,1,1,"midday"
37,402,128,274,"weekend","lunch","working","freezing","restaurant",0,1,1,"midday"
37,403,129,274,"weekday","breakfast","travelling","cold","grocery",0,1,1,"morning"
37,404,130,274,"weekend","breakfast","unknown","freezing","restaurant",1,1,1,"morning"
37,405,131,274,"weekday","afternoon","travelling","unknown","restaurant",1,1,1,"midday"
37,407,133,274,"weekday","unknown","travelling","hot","grocery",1,1,1,"unknown"
37,408,134,274,"weekend","breakfast","travelling","unknown","restaurant",0,1,1,"morning"
37,410,136,274,"weekend","afternoon","unknown","freezing","grocery",0,1,1,"midday"
37,417,143,274,"weekday","unknown","travelling","freezing","restaurant",0,1,1,"unknown"
37,420,146,274,"weekday","lunch","working","unknown","grocery",0,1,1,"midday"
37,425,151,274,"weekday","afternoon","shopping","hot","restaurant",0,1,1,"midday"
37,427,153,274,"weekday","afternoon","shopping","hot","restaurant",1,1,1,"midday"
37,431,157,274,"weekend","breakfast","travelling","freezing","restaurant",0,1,1,"morning"
37,432,158,274,"weekday","breakfast","unknown","cold","restaurant",0,1,1,"morning"
37,433,159,274,"weekday","beforelunch","working","cold","grocery",1,1,1,"midday"
37,434,160,274,"weekday","lunch","leisure","unknown","grocery",0,1,1,"midday"
37,437,163,274,"weekday","lunch","travelling","cold","grocery",0,1,1,"midday"
37,444,170,274,"weekend","dinner","travelling","freezing","grocery",0,1,1,"night"
37,446,172,274,"weekday","lunch","unknown","cold","restaurant",0,1,1,"midday"
37,449,175,274,"weekday","beforelunch","travelling","freezing","grocery",0,1,1,"midday"
37,452,178,274,"weekday","afternoon","travelling","warm","grocery",0,1,1,"midday"
37,454,180,274,"weekday","lunch","travelling","freezing","restaurant",0,1,1,"midday"
38,306,19,287,"weekday","lunch","unknown","hot","restaurant",1,0,0,"midday"
38,310,23,287,"weekday","breakfast","travelling","freezing","restaurant",0,0,0,"morning"
38,317,30,287,"weekend","lunch","travelling","cold","grocery",0,0,0,"midday"
38,319,32,287,"weekday","breakfast","travelling","hot","restaurant",0,0,0,"morning"
38,327,40,287,"weekday","afternoon","travelling","cold","restaurant",0,0,0,"midday"
38,329,42,287,"weekend","dinner","shopping","cold","restaurant",0,0,0,"night"
38,337,50,287,"weekday","afternoon","unknown","freezing","restaurant",0,0,0,"midday"
38,340,53,287,"weekend","dinner","travelling","unknown","restaurant",0,0,0,"night"
38,347,60,287,"weekend","beforelunch","travelling","cold","restaurant",0,1,0,"midday"
38,350,63,287,"weekday","beforelunch","unknown","cold","grocery",0,1,0,"midday"
38,359,72,287,"weekday","breakfast","travelling","cold","grocery",0,1,0,"morning"
38,362,75,287,"weekday","beforelunch","shopping","warm","grocery",0,1,0,"midday"
38,370,83,287,"weekday","morning","unknown","freezing","grocery",0,1,0,"morning"
38,371,84,287,"weekday","morning","travelling","unknown","grocery",0,1,0,"morning"
38,374,87,287,"weekend","night","travelling","cold","grocery",0,1,0,"night"
38,375,88,287,"weekday","afternoon","unknown","warm","grocery",0,1,0,"midday"
38,377,90,287,"weekday","afternoon","travelling","warm","restaurant",0,1,0,"midday"
38,380,93,287,"weekday","morning","unknown","freezing","grocery",0,1,0,"morning"
38,389,102,287,"weekend","afternoon","shopping","freezing","restaurant",0,1,0,"midday"
38,393,106,287,"weekday","afternoon","unknown","cold","restaurant",0,1,0,"midday"
38,395,108,287,"weekend","beforelunch","travelling","unknown","restaurant",0,1,0,"midday"
38,403,116,287,"unknown","afternoon","travelling","cold","grocery",0,1,1,"midday"
38,412,125,287,"weekday","breakfast","travelling","unknown","grocery",0,1,1,"morning"
38,421,134,287,"weekend","afternoon","morningrituals","cold","restaurant",0,1,1,"midday"
38,423,136,287,"weekend","afternoon","unknown","hot","grocery",0,1,1,"midday"
38,428,141,287,"weekday","afternoon","working","cold","restaurant",1,1,1,"midday"
38,432,145,287,"weekend","lunch","travelling","cold","grocery",0,1,1,"midday"
38,439,152,287,"weekday","afternoon","working","freezing","restaurant",1,1,1,"midday"
38,442,155,287,"weekend","breakfast","travelling","hot","grocery",1,1,1,"morning"
38,443,156,287,"weekday","unknown","travelling","unknown","grocery",0,1,1,"unknown"
38,445,158,287,"weekday","morning","leisure","freezing","restaurant",1,1,1,"morning"
38,456,169,287,"weekday","beforelunch","travelling","cold","restaurant",0,1,1,"midday"
38,469,182,287,"weekday","beforelunch","shopping","hot","restaurant",0,1,1,"midday"
39,299,0,299,"weekday","afternoon","travelling","cold","restaurant",1,0,0,"midday"
39,301,2,299,"weekday","afternoon","travelling","unknown","restaurant",0,0,0,"midday"
39,302,3,299,"weekday","dinner","travelling","cold","restaurant",0,0,0,"night"
39,303,4,299,"weekday","lunch","leisure","cold","grocery",0,0,0,"midday"
39,304,5,299,"weekday","lunch","travelling","hot","grocery",0,0,0,"midday"
39,307,8,299,"weekend","breakfast","travelling","warm","grocery",0,0,0,"morning"
39,309,10,299,"weekday","morning","unknown","freezing","restaurant",0,0,0,"morning"
39,311,12,299,"weekend","lunch","travelling","cold","restaurant",0,0,0,"midday"
39,312,13,299,"weekday","morning","working","warm","grocery",0,0,0,"morning"
39,314,15,299,"weekday","beforelunch","travelling","freezing","grocery",0,0,0,"midday"
39,315,16,299,"weekday","lunch","travelling","hot","grocery",0,0,0,"midday"
39,318,19,299,"weekday","lunch","travelling","unknown","restaurant",1,0,0,"midday"
39,320,21,299,"weekday","afternoon","travelling","unknown","grocery",1,0,0,"midday"
39,325,26,299,"weekday","beforelunch","travelling","cold","grocery",0,0,0,"midday"
39,327,28,299,"weekday","afternoon","travelling","hot","restaurant",0,0,0,"midday"
39,329,30,299,"weekend","morning","working","unknown","restaurant",0,0,0,"morning"
39,332,33,299,"weekday","afternoon","leisure","unknown","restaurant",1,0,0,"midday"
39,333,34,299,"weekday","beforelunch","travelling","freezing","restaurant",0,0,0,"midday"
39,334,35,299,"weekday","lunch","unknown","warm","restaurant",0,0,0,"midday"
39,335,36,299,"weekend","afternoon","working","unknown","grocery",1,0,0,"midday"
39,336,37,299,"weekday","afternoon","travelling","unknown","grocery",0,0,0,"midday"
39,339,40,299,"weekday","unknown","travelling","warm","grocery",1,0,0,"unknown"
39,340,41,299,"weekday","afternoon","working","warm","grocery",0,0,0,"midday"
39,342,43,299,"weekend","beforelunch","travelling","freezing","restaurant",1,0,0,"midday"
39,344,45,299,"weekend","beforelunch","unknown","cold","restaurant",0,0,0,"midday"
39,345,46,299,"weekend","afternoon","unknown","cold","restaurant",0,0,0,"midday"
39,346,47,299,"weekend","beforelunch","travelling","hot","grocery",0,0,0,"midday"
39,347,48,299,"weekend","lunch","working","unknown","restaurant",0,0,0,"midday"
39,349,50,299,"weekday","beforelunch","travelling","cold","grocery",1,0,0,"midday"
39,350,51,299,"weekend","lunch","leisure","freezing","restaurant",0,0,0,"midday"
39,351,52,299,"weekday","beforelunch","travelling","cold","restaurant",0,0,0,"midday"
39,353,54,299,"weekend","afternoon","travelling","freezing","grocery",1,0,0,"midday"
39,354,55,299,"weekday","beforelunch","working","cold","restaurant",0,0,0,"midday"
39,355,56,299,"weekday","morning","travelling","freezing","grocery",1,0,0,"morning"
39,356,57,299,"weekday","dinner","travelling","freezing","restaurant",0,1,0,"night"
39,357,58,299,"weekday","lunch","travelling","freezing","restaurant",1,1,0,"midday"
39,363,64,299,"weekday","lunch","working","cold","grocery",0,1,0,"midday"
39,364,65,299,"weekday","lunch","travelling","cold","grocery",0,1,0,"midday"
39,365,66,299,"weekday","beforelunch","travelling","hot","grocery",0,1,0,"midday"
39,366,67,299,"weekday","beforelunch","travelling","cold","restaurant",0,1,0,"midday"
39,367,68,299,"weekday","night","unknown","warm","grocery",0,1,0,"night"
39,368,69,299,"weekend","beforelunch","travelling","unknown","restaurant",1,1,0,"midday"
39,369,70,299,"weekend","beforelunch","shopping","freezing","restaurant",0,1,0,"midday"
39,370,71,299,"weekday","night","travelling","cold","grocery",0,1,0,"night"
39,371,72,299,"weekday","evening","travelling","unknown","grocery",1,1,0,"night"
39,372,73,299,"weekday","dinner","morningrituals","hot","grocery",0,1,0,"night"
39,373,74,299,"weekday","afternoon","travelling","warm","restaurant",0,1,0,"midday"
39,374,75,299,"weekday","afternoon","unknown","unknown","grocery",0,1,0,"midday"
39,375,76,299,"unknown","beforelunch","unknown","cold","restaurant",0,1,0,"midday"
39,376,77,299,"weekday","afternoon","travelling","freezing","restaurant",0,1,0,"midday"
39,380,81,299,"weekday","afternoon","travelling","cold","grocery",0,1,0,"midday"
39,381,82,299,"weekday","breakfast","leisure","unknown","grocery",0,1,0,"morning"
39,382,83,299,"weekend","beforelunch","travelling","cold","restaurant",0,1,0,"midday"
39,383,84,299,"weekday","lunch","travelling","cold","restaurant",0,1,0,"midday"
39,384,85,299,"weekday","afternoon","working","warm","restaurant",0,1,0,"midday"
39,385,86,299,"weekday","unknown","leisure","freezing","restaurant",0,1,0,"unknown"
39,386,87,299,"weekday","lunch","unknown","unknown","grocery",1,1,0,"midday"
39,388,89,299,"weekend","lunch","working","cold","grocery",0,1,0,"midday"
39,389,90,299,"weekend","lunch","travelling","unknown","restaurant",1,1,0,"midday"
39,390,91,299,"weekday","breakfast","travelling","hot","grocery",0,1,0,"morning"
39,391,92,299,"weekend","morning","leisure","cold","restaurant",0,1,0,"morning"
39,392,93,299,"weekday","lunch","travelling","unknown","restaurant",1,1,0,"midday"
39,393,94,299,"weekday","lunch","travelling","warm","restaurant",0,1,0,"midday"
39,396,97,299,"weekend","beforelunch","travelling","warm","grocery",0,1,0,"midday"
39,399,100,299,"weekday","lunch","shopping","freezing","grocery",0,1,0,"midday"
39,400,101,299,"weekend","night","travelling","hot","grocery",0,1,0,"night"
39,401,102,299,"weekday","lunch","travelling","cold","restaurant",1,1,0,"midday"
39,402,103,299,"weekday","dinner","travelling","cold","grocery",0,1,0,"night"
39,403,104,299,"weekend","breakfast","travelling","warm","restaurant",0,1,0,"morning"
39,404,105,299,"weekday","afternoon","travelling","freezing","grocery",0,1,0,"midday"
39,405,106,299,"weekday","morning","leisure","freezing","grocery",0,1,0,"morning"
39,406,107,299,"weekday","dinner","unknown","warm","grocery",0,1,0,"night"
39,410,111,299,"weekday","lunch","working","hot","grocery",1,1,0,"midday"
39,411,112,299,"weekday","dinner","travelling","freezing","restaurant",1,1,0,"night"
39,417,118,299,"weekend","beforelunch","working","freezing","grocery",1,1,1,"midday"
39,419,120,299,"weekday","dinner","unknown","warm","grocery",0,1,1,"night"
39,420,121,299,"weekend","dinner","travelling","cold","restaurant",0,1,1,"night"
39,421,122,299,"weekday","night","travelling","warm","grocery",0,1,1,"night"
39,422,123,299,"weekday","afternoon","morningrituals","unknown","grocery",0,1,1,"midday"
39,423,124,299,"weekend","afternoon","travelling","freezing","restaurant",0,1,1,"midday"
39,424,125,299,"weekday","dinner","travelling","hot","restaurant",0,1,1,"night"
39,425,126,299,"weekend","afternoon","working","unknown","restaurant",1,1,1,"midday"
39,427,128,299,"weekday","afternoon","travelling","cold","restaurant",0,1,1,"midday"
39,428,129,299,"weekday","afternoon","travelling","unknown","grocery",0,1,1,"midday"
39,429,130,299,"weekend","beforelunch","travelling","cold","grocery",0,1,1,"midday"
39,430,131,299,"weekday","breakfast","travelling","hot","restaurant",1,1,1,"morning"
39,432,133,299,"weekday","dinner","travelling","warm","grocery",0,1,1,"night"
39,434,135,299,"weekend","beforelunch","working","cold","grocery",0,1,1,"midday"
39,435,136,299,"weekend","beforelunch","travelling","cold","restaurant",0,1,1,"midday"
39,436,137,299,"weekend","afternoon","travelling","cold","grocery",0,1,1,"midday"
39,437,138,299,"weekday","breakfast","unknown","unknown","restaurant",0,1,1,"morning"
39,438,139,299,"weekend","afternoon","leisure","cold","restaurant",0,1,1,"midday"
39,439,140,299,"weekday","evening","unknown","cold","grocery",0,1,1,"night"
39,440,141,299,"weekday","breakfast","travelling","unknown","grocery",0,1,1,"morning"
39,442,143,299,"weekday","morning","unknown","freezing","restaurant",0,1,1,"morning"
39,443,144,299,"weekday","afternoon","travelling","cold","grocery",1,1,1,"midday"
39,444,145,299,"weekday","afternoon","leisure","freezing","restaurant",1,1,1,"midday"
39,446,147,299,"weekday","lunch","leisure","warm","grocery",1,1,1,"midday"
39,447,148,299,"weekend","breakfast","unknown","warm","grocery",0,1,1,"morning"
39,448,149,299,"weekday","lunch","shopping","warm","grocery",1,1,1,"midday"
39,450,151,299,"weekday","afternoon","travelling","cold","grocery",0,1,1,"midday"
39,452,153,299,"weekday","afternoon","travelling","unknown","grocery",0,1,1,"midday"
39,453,154,299,"weekday","afternoon","travelling","warm","restaurant",0,1,1,"midday"
39,455,156,299,"weekday","afternoon","leisure","cold","grocery",0,1,1,"midday"
39,457,158,299,"weekday","unknown","travelling","cold","grocery",0,1,1,"unknown"
39,459,160,299,"weekday","beforelunch","unknown","hot","grocery",0,1,1,"midday"
39,460,161,299,"weekday","breakfast","travelling","cold","grocery",0,1,1,"morning"
39,461,162,299,"weekday","lunch","travelling","hot","restaurant",0,1,1,"midday"
39,463,164,299,"weekday","lunch","unknown","cold","restaurant",0,1,1,"midday"
39,465,166,299,"weekend","lunch","unknown","cold","grocery",1,1,1,"midday"
39,466,167,299,"unknown","lunch","travelling","hot","restaurant",1,1,1,"midday"
39,467,168,299,"weekday","afternoon","travelling","unknown","restaurant",0,1,1,"midday"
39,469,170,299,"weekday","afternoon","travelling","warm","restaurant",0,1,1,"midday"
39,470,171,299,"weekend","lunch","morningrituals","hot","grocery",0,1,1,"midday"
39,471,172,299,"weekend","lunch","working","hot","restaurant",0,1,1,"midday"
39,473,174,299,"weekend","lunch","travelling","unknown","grocery",0,1,1,"midday"
39,474,175,299,"weekday","breakfast","travelling","freezing","restaurant",1,1,1,"morning"
39,475,176,299,"weekend","afternoon","shopping","cold","grocery",0,1,1,"midday"
39,481,182,299,"weekday","beforelunch","shopping","warm","restaurant",0,1,1,"midday"
39,482,183,299,"weekend","lunch","travelling","freezing","restaurant",0,1,1,"midday"
40,424,116,308,"weekday","morning","shopping","freezing","grocery",1,1,1,"morning"
40,425,117,308,"weekday","lunch","unknown","cold","grocery",0,1,1,"midday"
40,428,120,308,"weekend","morning","leisure","unknown","restaurant",1,1,1,"morning"
40,468,160,308,"weekday","afternoon","travelling","unknown","restaurant",0,1,1,"midday"
40,485,177,308,"weekday","lunch","travelling","freezing","grocery",0,1,1,"midday"
41,312,0,312,"weekday","beforelunch","travelling","cold","grocery",0,0,0,"midday"
41,313,1,312,"weekend","lunch","shopping","freezing","grocery",0,0,0,"midday"
41,316,4,312,"weekday","morning","travelling","unknown","grocery",0,0,0,"morning"
41,318,6,312,"weekday","lunch","working","unknown","grocery",1,0,0,"midday"
41,319,7,312,"weekday","afternoon","travelling","cold","restaurant",0,0,0,"midday"
41,320,8,312,"weekday","afternoon","unknown","unknown","grocery",0,0,0,"midday"
41,323,11,312,"weekday","beforelunch","working","freezing","restaurant",1,0,0,"midday"
41,324,12,312,"weekday","lunch","travelling","cold","grocery",1,0,0,"midday"
41,328,16,312,"weekday","morning","travelling","cold","restaurant",0,0,0,"morning"
41,330,18,312,"weekend","lunch","travelling","unknown","restaurant",0,0,0,"midday"
41,331,19,312,"weekday","beforelunch","travelling","hot","restaurant",0,0,0,"midday"
41,332,20,312,"weekend","lunch","shopping","warm","grocery",0,0,0,"midday"
41,333,21,312,"weekend","lunch","travelling","unknown","restaurant",1,0,0,"midday"
41,336,24,312,"weekday","lunch","travelling","freezing","restaurant",0,0,0,"midday"
41,337,25,312,"weekend","lunch","travelling","cold","restaurant",0,0,0,"midday"
41,339,27,312,"weekday","beforelunch","travelling","cold","grocery",0,0,0,"midday"
41,340,28,312,"weekday","afternoon","shopping","cold","grocery",0,0,0,"midday"
41,342,30,312,"weekday","beforelunch","travelling","warm","restaurant",1,0,0,"midday"
41,346,34,312,"weekend","lunch","unknown","cold","grocery",1,0,0,"midday"
41,354,42,312,"weekday","afternoon","travelling","unknown","restaurant",0,0,0,"midday"
41,357,45,312,"weekend","afternoon","travelling","hot","restaurant",1,0,0,"midday"
41,358,46,312,"weekend","lunch","shopping","cold","grocery",0,0,0,"midday"
41,361,49,312,"weekday","breakfast","travelling","freezing","restaurant",0,0,0,"morning"
41,362,50,312,"weekday","breakfast","unknown","cold","grocery",1,0,0,"morning"
41,364,52,312,"weekend","afternoon","travelling","warm","restaurant",0,0,0,"midday"
41,367,55,312,"weekend","beforelunch","unknown","unknown","grocery",0,0,0,"midday"
41,368,56,312,"weekday","lunch","travelling","unknown","grocery",0,0,0,"midday"
41,369,57,312,"weekday","breakfast","unknown","cold","restaurant",0,1,0,"morning"
41,373,61,312,"weekday","beforelunch","travelling","freezing","grocery",0,1,0,"midday"
41,378,66,312,"weekday","lunch","travelling","cold","restaurant",1,1,0,"midday"
41,379,67,312,"weekend","breakfast","travelling","cold","restaurant",0,1,0,"morning"
41,380,68,312,"unknown","breakfast","workingout","warm","restaurant",1,1,0,"morning"
41,383,71,312,"weekday","afternoon","unknown","unknown","grocery",0,1,0,"midday"
41,385,73,312,"weekday","lunch","unknown","freezing","grocery",0,1,0,"midday"
41,387,75,312,"weekday","morning","travelling","cold","restaurant",0,1,0,"morning"
41,390,78,312,"weekend","lunch","leisure","warm","restaurant",0,1,0,"midday"
41,393,81,312,"weekend","lunch","travelling","unknown","restaurant",1,1,0,"midday"
41,394,82,312,"weekday","beforelunch","travelling","freezing","restaurant",0,1,0,"midday"
41,395,83,312,"weekend","afternoon","travelling","cold","restaurant",0,1,0,"midday"
41,396,84,312,"weekday","breakfast","travelling","freezing","restaurant",0,1,0,"morning"
41,397,85,312,"weekday","earlymorning","unknown","freezing","grocery",0,1,0,"morning"
41,399,87,312,"weekday","lunch","travelling","unknown","restaurant",0,1,0,"midday"
41,404,92,312,"weekday","afternoon","travelling","warm","restaurant",0,1,0,"midday"
41,405,93,312,"weekday","beforelunch","travelling","freezing","grocery",0,1,0,"midday"
41,408,96,312,"weekday","dinner","travelling","cold","restaurant",0,1,0,"night"
41,409,97,312,"weekday","afternoon","working","cold","restaurant",1,1,0,"midday"
41,412,100,312,"weekday","dinner","unknown","cold","grocery",0,1,0,"night"
41,413,101,312,"weekday","night","unknown","cold","restaurant",1,1,0,"night"
41,414,102,312,"weekend","unknown","working","freezing","restaurant",0,1,0,"unknown"
41,420,108,312,"weekday","afternoon","travelling","unknown","restaurant",0,1,0,"midday"
41,425,113,312,"weekday","morning","travelling","cold","grocery",0,1,1,"morning"
41,430,118,312,"weekend","lunch","unknown","unknown","restaurant",1,1,1,"midday"
41,433,121,312,"weekday","lunch","travelling","freezing","grocery",0,1,1,"midday"
41,434,122,312,"weekday","beforelunch","travelling","hot","restaurant",0,1,1,"midday"
41,435,123,312,"weekday","afternoon","travelling","unknown","grocery",0,1,1,"midday"
41,436,124,312,"weekday","breakfast","working","cold","grocery",0,1,1,"morning"
41,439,127,312,"weekday","earlymorning","travelling","warm","grocery",1,1,1,"morning"
41,440,128,312,"weekend","dinner","working","warm","grocery",0,1,1,"night"
41,441,129,312,"weekend","afternoon","travelling","freezing","grocery",0,1,1,"midday"
41,442,130,312,"weekday","lunch","shopping","cold","grocery",1,1,1,"midday"
41,444,132,312,"weekday","unknown","leisure","unknown","restaurant",0,1,1,"unknown"
41,446,134,312,"weekend","afternoon","travelling","warm","grocery",1,1,1,"midday"
41,448,136,312,"weekday","breakfast","shopping","hot","grocery",0,1,1,"morning"
41,449,137,312,"weekday","afternoon","leisure","unknown","restaurant",1,1,1,"midday"
41,450,138,312,"weekend","breakfast","travelling","cold","restaurant",0,1,1,"morning"
41,454,142,312,"weekday","breakfast","travelling","unknown","grocery",0,1,1,"morning"
41,455,143,312,"weekday","dinner","travelling","unknown","restaurant",0,1,1,"night"
41,456,144,312,"weekend","afternoon","shopping","freezing","grocery",0,1,1,"midday"
41,459,147,312,"weekend","breakfast","travelling","cold","grocery",0,1,1,"morning"
41,460,148,312,"weekend","lunch","travelling","freezing","restaurant",0,1,1,"midday"
41,466,154,312,"weekday","afternoon","travelling","cold","grocery",0,1,1,"midday"
41,469,157,312,"weekday","afternoon","travelling","unknown","grocery",1,1,1,"midday"
41,471,159,312,"weekday","afternoon","working","unknown","grocery",0,1,1,"midday"
41,474,162,312,"weekday","morning","working","freezing","restaurant",1,1,1,"morning"
41,475,163,312,"weekend","night","travelling","unknown","restaurant",0,1,1,"night"
41,476,164,312,"weekday","breakfast","travelling","unknown","restaurant",1,1,1,"morning"
41,477,165,312,"weekday","beforelunch","travelling","warm","restaurant",1,1,1,"midday"
41,479,167,312,"weekday","afternoon","unknown","hot","grocery",1,1,1,"midday"
41,480,168,312,"weekday","lunch","travelling","freezing","grocery",0,1,1,"midday"
41,481,169,312,"weekday","lunch","unknown","freezing","grocery",1,1,1,"midday"
41,483,171,312,"unknown","unknown","morningrituals","cold","restaurant",1,1,1,"unknown"
41,487,175,312,"weekday","breakfast","travelling","freezing","grocery",0,1,1,"morning"
41,491,179,312,"weekend","morning","travelling","freezing","grocery",0,1,1,"morning"
42,313,0,313,"weekday","evening","travelling","hot","restaurant",0,0,0,"night"
42,316,3,313,"weekday","morning","travelling","freezing","grocery",0,0,0,"morning"
42,317,4,313,"weekday","afternoon","travelling","unknown","restaurant",1,0,0,"midday"
42,318,5,313,"weekday","afternoon","unknown","cold","restaurant",0,0,0,"midday"
42,319,6,313,"weekday","morning","unknown","warm","restaurant",0,0,0,"morning"
42,320,7,313,"weekend","afternoon","travelling","freezing","restaurant",1,0,0,"midday"
42,321,8,313,"weekday","afternoon","travelling","unknown","grocery",0,0,0,"midday"
42,324,11,313,"weekday","lunch","leisure","hot","restaurant",0,0,0,"midday"
42,325,12,313,"weekday","breakfast","working","cold","grocery",0,0,0,"morning"
42,326,13,313,"weekday","lunch","shopping","warm","grocery",0,0,0,"midday"
42,327,14,313,"weekend","beforelunch","travelling","unknown","restaurant",0,0,0,"midday"
42,329,16,313,"weekday","latenight","travelling","unknown","grocery",0,0,0,"night"
42,331,18,313,"weekday","afternoon","unknown","warm","restaurant",0,0,0,"midday"
42,334,21,313,"weekday","dinner","shopping","unknown","restaurant",1,0,0,"night"
42,338,25,313,"weekday","afternoon","morningrituals","freezing","restaurant",0,0,0,"midday"
42,339,26,313,"weekday","beforelunch","unknown","freezing","grocery",0,0,0,"midday"
42,344,31,313,"weekday","lunch","travelling","cold","grocery",0,0,0,"midday"
42,350,37,313,"weekday","beforelunch","unknown","warm","grocery",0,0,0,"midday"
42,352,39,313,"weekday","lunch","travelling","cold","grocery",0,0,0,"midday"
42,354,41,313,"weekend","beforelunch","travelling","cold","grocery",0,0,0,"midday"
42,355,42,313,"weekday","afternoon","travelling","freezing","grocery",0,0,0,"midday"
42,357,44,313,"weekday","afternoon","working","freezing","restaurant",0,0,0,"midday"
42,359,46,313,"weekday","beforelunch","working","warm","restaurant",1,0,0,"midday"
42,361,48,313,"weekday","breakfast","travelling","freezing","restaurant",0,0,0,"morning"
42,366,53,313,"weekday","breakfast","shopping","unknown","restaurant",1,0,0,"morning"
42,368,55,313,"weekday","beforelunch","working","freezing","restaurant",0,0,0,"midday"
42,369,56,313,"weekday","morning","travelling","freezing","grocery",1,0,0,"morning"
42,371,58,313,"weekday","beforelunch","travelling","unknown","restaurant",1,1,0,"midday"
42,375,62,313,"weekday","morning","travelling","freezing","grocery",0,1,0,"morning"
42,378,65,313,"weekday","afternoon","travelling","cold","restaurant",0,1,0,"midday"
42,379,66,313,"weekday","unknown","travelling","warm","restaurant",0,1,0,"unknown"
42,380,67,313,"weekend","afternoon","unknown","unknown","grocery",0,1,0,"midday"
42,382,69,313,"weekend","beforelunch","travelling","hot","restaurant",1,1,0,"midday"
42,385,72,313,"weekend","morning","travelling","freezing","restaurant",0,1,0,"morning"
42,388,75,313,"weekend","breakfast","working","freezing","restaurant",0,1,0,"morning"
42,389,76,313,"weekday","lunch","travelling","unknown","grocery",0,1,0,"midday"
42,391,78,313,"weekend","unknown","shopping","cold","restaurant",0,1,0,"unknown"
42,392,79,313,"weekend","unknown","travelling","freezing","restaurant",0,1,0,"unknown"
42,401,88,313,"weekday","latenight","travelling","cold","restaurant",0,1,0,"night"
42,404,91,313,"weekday","dinner","travelling","unknown","restaurant",0,1,0,"night"
42,409,96,313,"weekday","beforelunch","travelling","freezing","grocery",1,1,0,"midday"
42,416,103,313,"weekend","lunch","unknown","unknown","grocery",0,1,0,"midday"
42,417,104,313,"weekday","dinner","travelling","cold","restaurant",0,1,0,"night"
42,419,106,313,"weekday","breakfast","travelling","unknown","restaurant",1,1,0,"morning"
42,424,111,313,"weekend","morning","travelling","unknown","restaurant",0,1,0,"morning"
42,426,113,313,"weekday","night","leisure","unknown","restaurant",1,1,1,"night"
42,427,114,313,"weekend","afternoon","travelling","freezing","restaurant",0,1,1,"midday"
42,428,115,313,"weekend","breakfast","travelling","freezing","grocery",0,1,1,"morning"
42,431,118,313,"weekday","afternoon","travelling","unknown","grocery",0,1,1,"midday"
42,434,121,313,"weekday","lunch","travelling","hot","restaurant",1,1,1,"midday"
42,438,125,313,"weekday","breakfast","working","cold","restaurant",0,1,1,"morning"
42,439,126,313,"weekday","morning","travelling","hot","restaurant",0,1,1,"morning"
42,443,130,313,"weekday","beforelunch","travelling","warm","grocery",0,1,1,"midday"
42,446,133,313,"weekend","afternoon","travelling","warm","grocery",1,1,1,"midday"
42,452,139,313,"weekend","afternoon","travelling","hot","grocery",1,1,1,"midday"
42,453,140,313,"weekday","morning","working","warm","restaurant",0,1,1,"morning"
42,458,145,313,"weekday","breakfast","unknown","warm","restaurant",0,1,1,"morning"
42,459,146,313,"weekday","afternoon","travelling","unknown","restaurant",0,1,1,"midday"
42,468,155,313,"weekend","morning","travelling","unknown","grocery",0,1,1,"morning"
42,470,157,313,"weekend","beforelunch","leisure","unknown","grocery",0,1,1,"midday"
42,473,160,313,"unknown","afternoon","travelling","cold","restaurant",0,1,1,"midday"
42,475,162,313,"weekday","lunch","travelling","cold","grocery",0,1,1,"midday"
42,476,163,313,"weekend","earlymorning","unknown","freezing","restaurant",1,1,1,"morning"
42,477,164,313,"weekend","afternoon","travelling","freezing","grocery",0,1,1,"midday"
42,479,166,313,"weekday","lunch","travelling","cold","grocery",0,1,1,"midday"
42,481,168,313,"weekday","dinner","travelling","cold","grocery",1,1,1,"night"
42,483,170,313,"weekend","earlymorning","travelling","hot","grocery",0,1,1,"morning"
42,484,171,313,"weekday","lunch","shopping","cold","grocery",0,1,1,"midday"
42,485,172,313,"weekday","afternoon","travelling","cold","restaurant",0,1,1,"midday"
42,489,176,313,"weekday","lunch","unknown","freezing","restaurant",0,1,1,"midday"
42,492,179,313,"weekday","beforelunch","working","cold","grocery",0,1,1,"midday"
42,494,181,313,"weekday","afternoon","travelling","warm","restaurant",0,1,1,"midday"
42,495,182,313,"weekday","afternoon","travelling","cold","restaurant",1,1,1,"midday"
43,327,1,326,"weekday","lunch","morningrituals","unknown","restaurant",0,0,0,"midday"
43,334,8,326,"weekday","lunch","travelling","cold","grocery",0,0,0,"midday"
43,335,9,326,"weekend","lunch","travelling","freezing","grocery",0,0,0,"midday"
43,338,12,326,"weekday","lunch","leisure","cold","restaurant",1,0,0,"midday"
43,344,18,326,"weekday","lunch","travelling","cold","grocery",0,0,0,"midday"
43,351,25,326,"weekday","lunch","travelling","cold","restaurant",0,0,0,"midday"
43,355,29,326,"weekend","dinner","travelling","cold","grocery",0,0,0,"night"
43,360,34,326,"weekday","afternoon","working","unknown","grocery",0,0,0,"midday"
43,363,37,326,"weekday","earlymorning","working","warm","grocery",0,0,0,"morning"
43,377,51,326,"weekday","lunch","travelling","unknown","grocery",1,0,0,"midday"
43,389,63,326,"weekend","evening","workingout","warm","restaurant",1,1,0,"night"
43,393,67,326,"weekday","lunch","morningrituals","freezing","grocery",0,1,0,"midday"
43,394,68,326,"weekday","lunch","working","freezing","grocery",0,1,0,"midday"
43,396,70,326,"weekday","morning","travelling","cold","restaurant",0,1,0,"morning"
43,400,74,326,"weekday","afternoon","travelling","cold","grocery",0,1,0,"midday"
43,404,78,326,"weekend","breakfast","travelling","unknown","restaurant",0,1,0,"morning"
43,408,82,326,"weekday","beforelunch","travelling","unknown","grocery",0,1,0,"midday"
43,409,83,326,"weekday","afternoon","travelling","warm","restaurant",0,1,0,"midday"
43,412,86,326,"weekday","lunch","travelling","cold","restaurant",0,1,0,"midday"
43,422,96,326,"weekday","afternoon","unknown","freezing","restaurant",0,1,0,"midday"
43,425,99,326,"weekday","breakfast","leisure","cold","grocery",1,1,0,"morning"
43,428,102,326,"weekend","lunch","travelling","cold","restaurant",0,1,0,"midday"
43,433,107,326,"weekday","morning","unknown","cold","restaurant",0,1,0,"morning"
43,435,109,326,"weekday","afternoon","travelling","unknown","grocery",1,1,0,"midday"
43,436,110,326,"weekend","lunch","working","warm","grocery",0,1,0,"midday"
43,441,115,326,"weekday","afternoon","travelling","warm","grocery",0,1,1,"midday"
43,444,118,326,"weekday","beforelunch","travelling","warm","grocery",0,1,1,"midday"
43,450,124,326,"weekday","dinner","travelling","unknown","restaurant",0,1,1,"night"
43,451,125,326,"weekday","breakfast","travelling","hot","restaurant",0,1,1,"morning"
43,452,126,326,"weekday","beforelunch","shopping","warm","grocery",0,1,1,"midday"
43,454,128,326,"unknown","afternoon","travelling","cold","grocery",0,1,1,"midday"
43,455,129,326,"weekday","afternoon","travelling","freezing","grocery",0,1,1,"midday"
43,457,131,326,"weekday","breakfast","travelling","unknown","grocery",0,1,1,"morning"
43,464,138,326,"unknown","dinner","travelling","hot","restaurant",0,1,1,"night"
43,468,142,326,"weekday","lunch","travelling","unknown","grocery",1,1,1,"midday"
43,472,146,326,"weekend","afternoon","travelling","warm","restaurant",1,1,1,"midday"
43,476,150,326,"weekday","afternoon","morningrituals","warm","grocery",0,1,1,"midday"
43,477,151,326,"weekend","dinner","travelling","cold","grocery",0,1,1,"night"
43,487,161,326,"weekday","breakfast","working","cold","restaurant",1,1,1,"morning"
43,488,162,326,"weekday","beforelunch","unknown","cold","restaurant",1,1,1,"midday"
43,492,166,326,"weekday","breakfast","unknown","cold","restaurant",0,1,1,"morning"
43,494,168,326,"weekday","afternoon","unknown","cold","grocery",0,1,1,"midday"
43,495,169,326,"weekday","breakfast","travelling","freezing","grocery",0,1,1,"morning"
43,498,172,326,"weekday","afternoon","housework","cold","restaurant",0,1,1,"midday"
43,500,174,326,"weekday","afternoon","working","cold","restaurant",0,1,1,"midday"
43,503,177,326,"weekday","lunch","unknown","warm","grocery",0,1,1,"midday"
44,338,3,335,"weekday","afternoon","travelling","unknown","restaurant",0,0,0,"midday"
44,344,9,335,"weekend","breakfast","unknown","warm","grocery",0,0,0,"morning"
44,352,17,335,"weekday","lunch","travelling","cold","grocery",0,0,0,"midday"
44,365,30,335,"weekday","afternoon","travelling","freezing","grocery",0,0,0,"midday"
44,367,32,335,"weekday","afternoon","travelling","cold","restaurant",1,0,0,"midday"
44,368,33,335,"weekday","morning","travelling","freezing","grocery",0,0,0,"morning"
44,369,34,335,"weekday","afternoon","unknown","unknown","grocery",0,0,0,"midday"
44,372,37,335,"weekday","beforelunch","travelling","hot","restaurant",0,0,0,"midday"
44,373,38,335,"weekday","breakfast","working","cold","grocery",0,0,0,"morning"
44,375,40,335,"weekday","lunch","travelling","freezing","grocery",1,0,0,"midday"
44,378,43,335,"weekend","dinner","travelling","warm","grocery",1,0,0,"night"
44,379,44,335,"weekday","afternoon","travelling","cold","grocery",0,0,0,"midday"
44,382,47,335,"weekday","lunch","travelling","cold","restaurant",1,0,0,"midday"
44,384,49,335,"weekday","latenight","travelling","warm","restaurant",0,0,0,"night"
44,385,50,335,"weekday","beforelunch","travelling","freezing","restaurant",0,0,0,"midday"
44,386,51,335,"weekday","unknown","travelling","unknown","grocery",0,0,0,"unknown"
44,387,52,335,"weekday","breakfast","shopping","freezing","restaurant",1,0,0,"morning"
44,389,54,335,"weekday","beforelunch","travelling","cold","grocery",1,0,0,"midday"
44,396,61,335,"weekday","afternoon","unknown","cold","restaurant",0,1,0,"midday"
44,402,67,335,"weekday","beforelunch","unknown","hot","grocery",1,1,0,"midday"
44,404,69,335,"weekday","lunch","travelling","freezing","grocery",0,1,0,"midday"
44,406,71,335,"weekday","beforelunch","working","unknown","grocery",0,1,0,"midday"
44,415,80,335,"weekend","lunch","travelling","warm","restaurant",1,1,0,"midday"
44,416,81,335,"weekday","afternoon","shopping","unknown","restaurant",0,1,0,"midday"
44,421,86,335,"weekday","afternoon","unknown","unknown","restaurant",0,1,0,"midday"
44,425,90,335,"weekday","lunch","leisure","cold","grocery",1,1,0,"midday"
44,426,91,335,"weekday","beforelunch","travelling","unknown","grocery",0,1,0,"midday"
44,428,93,335,"weekday","breakfast","travelling","warm","restaurant",0,1,0,"morning"
44,438,103,335,"weekday","afternoon","travelling","hot","grocery",0,1,0,"midday"
44,439,104,335,"weekday","afternoon","travelling","freezing","grocery",0,1,0,"midday"
44,454,119,335,"weekend","breakfast","leisure","unknown","grocery",0,1,1,"morning"
44,457,122,335,"weekend","night","travelling","hot","restaurant",0,1,1,"night"
44,463,128,335,"weekday","lunch","travelling","warm","restaurant",0,1,1,"midday"
44,465,130,335,"weekend","lunch","working","cold","restaurant",0,1,1,"midday"
44,466,131,335,"weekend","afternoon","travelling","freezing","restaurant",1,1,1,"midday"
44,467,132,335,"weekday","afternoon","travelling","freezing","restaurant",1,1,1,"midday"
44,471,136,335,"weekend","beforelunch","travelling","unknown","grocery",0,1,1,"midday"
44,472,137,335,"unknown","lunch","travelling","unknown","restaurant",1,1,1,"midday"
44,473,138,335,"weekday","afternoon","unknown","warm","grocery",1,1,1,"midday"
44,478,143,335,"weekday","breakfast","working","freezing","grocery",0,1,1,"morning"
44,483,148,335,"weekday","beforelunch","unknown","unknown","grocery",0,1,1,"midday"
44,494,159,335,"weekday","morning","working","warm","restaurant",1,1,1,"morning"
44,498,163,335,"weekday","afternoon","working","warm","grocery",0,1,1,"midday"
44,502,167,335,"weekday","morning","travelling","freezing","restaurant",0,1,1,"morning"
44,503,168,335,"weekday","lunch","travelling","cold","restaurant",1,1,1,"midday"
44,504,169,335,"weekday","breakfast","unknown","unknown","grocery",0,1,1,"morning"
44,506,171,335,"weekday","lunch","travelling","freezing","restaurant",0,1,1,"midday"
44,508,173,335,"weekday","dinner","travelling","unknown","restaurant",0,1,1,"night"
44,513,178,335,"weekday","breakfast","working","hot","grocery",0,1,1,"morning"
44,514,179,335,"weekday","afternoon","travelling","cold","grocery",0,1,1,"midday"
44,516,181,335,"weekend","lunch","travelling","unknown","grocery",0,1,1,"midday"
44,517,182,335,"weekday","lunch","leisure","hot","restaurant",0,1,1,"midday"
45,342,0,342,"weekday","lunch","travelling","freezing","grocery",1,0,0,"midday"
45,344,2,342,"weekday","breakfast","travelling","hot","grocery",0,0,0,"morning"
45,345,3,342,"weekend","lunch","leisure","cold","restaurant",0,0,0,"midday"
45,346,4,342,"weekday","afternoon","working","hot","restaurant",0,0,0,"midday"
45,351,9,342,"weekday","afternoon","travelling","freezing","restaurant",0,0,0,"midday"
45,353,11,342,"weekend","earlymorning","travelling","cold","restaurant",0,0,0,"morning"
45,355,13,342,"weekday","breakfast","travelling","warm","restaurant",0,0,0,"morning"
45,359,17,342,"weekday","earlymorning","shopping","cold","restaurant",0,0,0,"morning"
45,363,21,342,"weekday","lunch","travelling","warm","restaurant",0,0,0,"midday"
45,364,22,342,"weekend","lunch","working","freezing","grocery",0,0,0,"midday"
45,365,23,342,"weekday","night","travelling","unknown","grocery",1,0,0,"night"
45,366,24,342,"weekend","lunch","travelling","unknown","grocery",0,0,0,"midday"
45,367,25,342,"weekend","lunch","travelling","cold","grocery",0,0,0,"midday"
45,368,26,342,"weekend","lunch","travelling","cold","grocery",1,0,0,"midday"
45,369,27,342,"weekday","beforelunch","travelling","cold","grocery",0,0,0,"midday"
45,375,33,342,"weekday","night","unknown","freezing","grocery",0,0,0,"night"
45,377,35,342,"weekday","afternoon","travelling","cold","grocery",0,0,0,"midday"
45,378,36,342,"weekday","beforelunch","travelling","cold","restaurant",0,0,0,"midday"
45,379,37,342,"weekday","afternoon","travelling","hot","restaurant",0,0,0,"midday"
45,380,38,342,"weekday","beforelunch","unknown","hot","grocery",1,0,0,"midday"
45,381,39,342,"weekday","beforelunch","travelling","cold","grocery",0,0,0,"midday"
45,383,41,342,"weekday","lunch","travelling","freezing","restaurant",0,0,0,"midday"
45,385,43,342,"weekday","lunch","leisure","cold","restaurant",0,0,0,"midday"
45,388,46,342,"weekend","afternoon","working","cold","grocery",0,0,0,"midday"
45,389,47,342,"weekday","beforelunch","leisure","freezing","grocery",0,0,0,"midday"
45,390,48,342,"weekday","afternoon","shopping","unknown","grocery",0,0,0,"midday"
45,392,50,342,"weekend","lunch","travelling","freezing","restaurant",1,0,0,"midday"
45,394,52,342,"weekend","night","travelling","freezing","restaurant",0,0,0,"night"
45,396,54,342,"weekend","lunch","working","warm","restaurant",0,0,0,"midday"
45,399,57,342,"weekday","morning","travelling","cold","grocery",1,1,0,"morning"
45,400,58,342,"weekday","lunch","travelling","warm","restaurant",0,1,0,"midday"
45,402,60,342,"weekday","afternoon","shopping","hot","grocery",1,1,0,"midday"
45,404,62,342,"weekday","beforelunch","travelling","unknown","restaurant",1,1,0,"midday"
45,405,63,342,"weekday","afternoon","working","cold","grocery",0,1,0,"midday"
45,410,68,342,"weekday","afternoon","working","hot","grocery",0,1,0,"midday"
45,412,70,342,"weekday","lunch","unknown","warm","restaurant",1,1,0,"midday"
45,415,73,342,"weekend","breakfast","working","unknown","grocery",0,1,0,"morning"
45,416,74,342,"weekday","unknown","working","hot","restaurant",0,1,0,"unknown"
45,417,75,342,"weekend","dinner","workingout","unknown","grocery",0,1,0,"night"
45,418,76,342,"weekend","afternoon","unknown","freezing","restaurant",0,1,0,"midday"
45,419,77,342,"weekday","beforelunch","travelling","hot","grocery",1,1,0,"midday"
45,420,78,342,"weekend","lunch","travelling","warm","grocery",0,1,0,"midday"
45,421,79,342,"weekday","afternoon","travelling","unknown","grocery",0,1,0,"midday"
45,424,82,342,"weekday","lunch","unknown","unknown","restaurant",0,1,0,"midday"
45,427,85,342,"weekday","afternoon","travelling","unknown","restaurant",1,1,0,"midday"
45,428,86,342,"weekday","lunch","morningrituals","hot","restaurant",1,1,0,"midday"
45,429,87,342,"weekday","lunch","travelling","cold","restaurant",0,1,0,"midday"
45,431,89,342,"weekend","afternoon","travelling","cold","grocery",1,1,0,"midday"
45,432,90,342,"weekday","afternoon","unknown","cold","restaurant",0,1,0,"midday"
45,436,94,342,"weekday","afternoon","travelling","freezing","grocery",1,1,0,"midday"
45,437,95,342,"weekday","lunch","travelling","unknown","grocery",0,1,0,"midday"
45,438,96,342,"weekend","afternoon","leisure","unknown","grocery",0,1,0,"midday"
45,439,97,342,"weekday","afternoon","working","warm","grocery",0,1,0,"midday"
45,443,101,342,"weekend","breakfast","shopping","cold","grocery",0,1,0,"morning"
45,444,102,342,"weekday","afternoon","travelling","freezing","restaurant",0,1,0,"midday"
45,446,104,342,"weekday","breakfast","travelling","unknown","restaurant",0,1,0,"morning"
45,447,105,342,"weekend","afternoon","travelling","hot","grocery",0,1,0,"midday"
45,448,106,342,"weekend","morning","unknown","unknown","restaurant",1,1,0,"morning"
45,451,109,342,"weekend","breakfast","leisure","warm","grocery",0,1,0,"morning"
45,452,110,342,"weekday","beforelunch","shopping","cold","restaurant",0,1,0,"midday"
45,454,112,342,"weekday","beforelunch","unknown","unknown","restaurant",0,1,0,"midday"
45,457,115,342,"weekend","breakfast","shopping","freezing","restaurant",0,1,1,"morning"
45,461,119,342,"weekday","afternoon","unknown","freezing","restaurant",1,1,1,"midday"
45,464,122,342,"weekday","breakfast","leisure","freezing","grocery",0,1,1,"morning"
45,465,123,342,"weekday","beforelunch","travelling","warm","restaurant",1,1,1,"midday"
45,467,125,342,"weekend","afternoon","travelling","unknown","grocery",0,1,1,"midday"
45,471,129,342,"weekday","lunch","travelling","cold","restaurant",0,1,1,"midday"
45,473,131,342,"weekend","dinner","travelling","unknown","grocery",0,1,1,"night"
45,474,132,342,"weekday","dinner","travelling","cold","restaurant",0,1,1,"night"
45,476,134,342,"weekday","unknown","travelling","unknown","restaurant",0,1,1,"unknown"
45,478,136,342,"weekend","lunch","working","warm","grocery",0,1,1,"midday"
45,479,137,342,"weekend","lunch","travelling","unknown","restaurant",1,1,1,"midday"
45,480,138,342,"weekday","afternoon","travelling","unknown","grocery",0,1,1,"midday"
45,483,141,342,"weekend","breakfast","working","freezing","grocery",0,1,1,"morning"
45,484,142,342,"weekday","breakfast","unknown","cold","grocery",0,1,1,"morning"
45,486,144,342,"weekend","afternoon","leisure","freezing","grocery",1,1,1,"midday"
45,487,145,342,"weekday","afternoon","workingout","hot","restaurant",0,1,1,"midday"
45,488,146,342,"weekday","afternoon","travelling","cold","restaurant",0,1,1,"midday"
45,489,147,342,"weekend","breakfast","morningrituals","freezing","grocery",1,1,1,"morning"
45,490,148,342,"weekday","afternoon","shopping","unknown","grocery",1,1,1,"midday"
45,491,149,342,"weekend","dinner","travelling","cold","restaurant",0,1,1,"night"
45,492,150,342,"weekday","afternoon","travelling","cold","restaurant",1,1,1,"midday"
45,493,151,342,"weekday","lunch","travelling","cold","grocery",1,1,1,"midday"
45,494,152,342,"weekday","lunch","travelling","unknown","restaurant",0,1,1,"midday"
45,497,155,342,"weekend","lunch","travelling","warm","grocery",0,1,1,"midday"
45,498,156,342,"weekday","beforelunch","shopping","freezing","restaurant",0,1,1,"midday"
45,500,158,342,"weekday","night","shopping","freezing","restaurant",0,1,1,"night"
45,501,159,342,"weekend","morning","unknown","unknown","restaurant",1,1,1,"morning"
45,502,160,342,"weekday","lunch","travelling","freezing","restaurant",0,1,1,"midday"
45,506,164,342,"weekend","dinner","travelling","unknown","restaurant",0,1,1,"night"
45,508,166,342,"weekday","morning","working","warm","restaurant",0,1,1,"morning"
45,512,170,342,"weekday","morning","unknown","hot","grocery",0,1,1,"morning"
45,515,173,342,"weekday","lunch","travelling","warm","grocery",1,1,1,"midday"
45,517,175,342,"weekend","morning","travelling","warm","restaurant",0,1,1,"morning"
45,518,176,342,"weekend","breakfast","travelling","warm","restaurant",1,1,1,"morning"
45,519,177,342,"weekday","beforelunch","travelling","unknown","grocery",0,1,1,"midday"
45,522,180,342,"weekday","morning","travelling","freezing","grocery",1,1,1,"morning"
45,523,181,342,"weekday","lunch","travelling","unknown","grocery",1,1,1,"midday"
45,524,182,342,"weekday","afternoon","unknown","warm","restaurant",0,1,1,"midday"
46,347,3,344,"weekday","beforelunch","travelling","unknown","restaurant",1,0,0,"midday"
46,348,4,344,"weekday","lunch","unknown","cold","restaurant",1,0,0,"midday"
46,350,6,344,"weekday","breakfast","shopping","cold","grocery",0,0,0,"morning"
46,351,7,344,"weekend","afternoon","travelling","cold","grocery",1,0,0,"midday"
46,352,8,344,"weekday","afternoon","travelling","freezing","restaurant",0,0,0,"midday"
46,359,15,344,"weekend","lunch","morningrituals","freezing","grocery",0,0,0,"midday"
46,360,16,344,"weekday","beforelunch","travelling","unknown","grocery",1,0,0,"midday"
46,367,23,344,"weekday","afternoon","leisure","cold","restaurant",0,0,0,"midday"
46,369,25,344,"weekday","morning","shopping","hot","grocery",0,0,0,"morning"
46,370,26,344,"weekday","breakfast","travelling","freezing","grocery",1,0,0,"morning"
46,371,27,344,"weekday","morning","unknown","cold","restaurant",0,0,0,"morning"
46,373,29,344,"weekday","afternoon","working","warm","grocery",1,0,0,"midday"
46,374,30,344,"weekend","beforelunch","travelling","warm","restaurant",0,0,0,"midday"
46,377,33,344,"weekday","breakfast","travelling","unknown","grocery",0,0,0,"morning"
46,384,40,344,"weekday","afternoon","travelling","unknown","grocery",0,0,0,"midday"
46,385,41,344,"weekday","beforelunch","unknown","freezing","grocery",1,0,0,"midday"
46,390,46,344,"weekday","lunch","travelling","unknown","restaurant",0,0,0,"midday"
46,391,47,344,"weekday","afternoon","travelling","hot","restaurant",0,0,0,"midday"
46,395,51,344,"weekday","lunch","unknown","warm","restaurant",0,0,0,"midday"
46,397,53,344,"unknown","breakfast","travelling","freezing","grocery",0,0,0,"morning"
46,398,54,344,"weekday","afternoon","travelling","freezing","restaurant",0,0,0,"midday"
46,400,56,344,"weekday","afternoon","travelling","cold","grocery",0,0,0,"midday"
46,402,58,344,"weekday","lunch","unknown","warm","grocery",1,1,0,"midday"
46,403,59,344,"weekday","beforelunch","shopping","cold","restaurant",1,1,0,"midday"
46,404,60,344,"weekend","beforelunch","travelling","cold","restaurant",0,1,0,"midday"
46,405,61,344,"weekday","lunch","travelling","cold","grocery",0,1,0,"midday"
46,406,62,344,"weekday","breakfast","travelling","cold","grocery",0,1,0,"morning"
46,409,65,344,"weekday","unknown","travelling","warm","grocery",1,1,0,"unknown"
46,410,66,344,"weekday","breakfast","leisure","freezing","restaurant",0,1,0,"morning"
46,411,67,344,"weekday","beforelunch","leisure","hot","grocery",1,1,0,"midday"
46,413,69,344,"weekday","dinner","housework","cold","restaurant",0,1,0,"night"
46,414,70,344,"weekday","breakfast","travelling","cold","grocery",0,1,0,"morning"
46,418,74,344,"weekend","lunch","leisure","hot","restaurant",0,1,0,"midday"
46,420,76,344,"weekday","beforelunch","unknown","cold","grocery",0,1,0,"midday"
46,421,77,344,"weekday","evening","unknown","cold","restaurant",0,1,0,"night"
46,422,78,344,"weekend","lunch","travelling","warm","grocery",0,1,0,"midday"
46,423,79,344,"weekday","lunch","morningrituals","freezing","restaurant",0,1,0,"midday"
46,424,80,344,"weekday","lunch","unknown","cold","restaurant",0,1,0,"midday"
46,425,81,344,"weekday","morning","travelling","cold","restaurant",0,1,0,"morning"
46,427,83,344,"weekday","breakfast","leisure","freezing","restaurant",0,1,0,"morning"
46,446,102,344,"weekday","lunch","travelling","cold","restaurant",1,1,0,"midday"
46,450,106,344,"weekend","lunch","travelling","cold","grocery",1,1,0,"midday"
46,451,107,344,"weekday","morning","travelling","freezing","grocery",0,1,0,"morning"
46,453,109,344,"weekend","breakfast","morningrituals","warm","restaurant",1,1,0,"morning"
46,454,110,344,"weekday","morning","travelling","freezing","grocery",1,1,0,"morning"
46,455,111,344,"weekend","morning","travelling","unknown","grocery",0,1,0,"morning"
46,456,112,344,"weekend","afternoon","travelling","freezing","grocery",1,1,0,"midday"
46,458,114,344,"weekday","afternoon","unknown","hot","grocery",0,1,1,"midday"
46,459,115,344,"weekday","lunch","unknown","warm","grocery",1,1,1,"midday"
46,460,116,344,"weekend","afternoon","travelling","cold","restaurant",1,1,1,"midday"
46,461,117,344,"weekend","earlymorning","leisure","freezing","restaurant",0,1,1,"morning"
46,463,119,344,"weekday","morning","travelling","freezing","grocery",1,1,1,"morning"
46,467,123,344,"weekday","morning","leisure","unknown","restaurant",0,1,1,"morning"
46,469,125,344,"weekend","afternoon","travelling","cold","restaurant",0,1,1,"midday"
46,470,126,344,"weekday","afternoon","unknown","unknown","grocery",0,1,1,"midday"
46,471,127,344,"weekday","afternoon","travelling","warm","grocery",0,1,1,"midday"
46,478,134,344,"weekday","unknown","travelling","hot","grocery",0,1,1,"unknown"
46,480,136,344,"weekend","afternoon","working","freezing","grocery",1,1,1,"midday"
46,481,137,344,"weekday","dinner","travelling","cold","grocery",0,1,1,"night"
46,483,139,344,"weekday","afternoon","unknown","unknown","grocery",0,1,1,"midday"
46,484,140,344,"unknown","lunch","travelling","unknown","grocery",1,1,1,"midday"
46,485,141,344,"weekday","latenight","travelling","freezing","restaurant",0,1,1,"night"
46,489,145,344,"weekday","afternoon","working","unknown","restaurant",0,1,1,"midday"
46,490,146,344,"weekday","afternoon","travelling","cold","grocery",0,1,1,"midday"
46,491,147,344,"weekday","dinner","unknown","freezing","grocery",1,1,1,"night"
46,492,148,344,"weekend","lunch","travelling","freezing","restaurant",1,1,1,"midday"
46,494,150,344,"weekend","lunch","travelling","cold","grocery",0,1,1,"midday"
46,496,152,344,"weekday","lunch","travelling","hot","grocery",0,1,1,"midday"
46,497,153,344,"weekend","lunch","travelling","unknown","restaurant",0,1,1,"midday"
46,500,156,344,"unknown","afternoon","unknown","cold","restaurant",0,1,1,"midday"
46,501,157,344,"weekday","breakfast","shopping","warm","grocery",0,1,1,"morning"
46,504,160,344,"weekday","evening","travelling","unknown","restaurant",0,1,1,"night"
46,505,161,344,"weekday","afternoon","travelling","warm","grocery",0,1,1,"midday"
46,506,162,344,"weekday","beforelunch","housework","cold","restaurant",0,1,1,"midday"
46,509,165,344,"weekend","lunch","travelling","hot","restaurant",0,1,1,"midday"
46,512,168,344,"weekday","beforelunch","shopping","cold","restaurant",0,1,1,"midday"
46,514,170,344,"weekday","beforelunch","travelling","hot","restaurant",1,1,1,"midday"
46,515,171,344,"weekday","afternoon","travelling","cold","grocery",1,1,1,"midday"
46,516,172,344,"weekday","dinner","travelling","freezing","restaurant",1,1,1,"night"
46,517,173,344,"weekend","beforelunch","travelling","unknown","restaurant",0,1,1,"midday"
46,518,174,344,"weekday","breakfast","working","freezing","grocery",0,1,1,"morning"
46,519,175,344,"weekday","afternoon","unknown","freezing","restaurant",0,1,1,"midday"
46,523,179,344,"weekday","dinner","unknown","cold","restaurant",1,1,1,"night"
47,358,3,355,"weekend","lunch","travelling","hot","restaurant",0,0,0,"midday"
47,362,7,355,"weekday","lunch","travelling","unknown","grocery",1,0,0,"midday"
47,363,8,355,"weekday","morning","travelling","warm","grocery",0,0,0,"morning"
47,370,15,355,"weekend","night","leisure","cold","restaurant",0,0,0,"night"
47,374,19,355,"weekday","afternoon","travelling","unknown","grocery",1,0,0,"midday"
47,387,32,355,"weekday","morning","leisure","unknown","restaurant",0,0,0,"morning"
47,395,40,355,"weekday","lunch","unknown","hot","restaurant",0,0,0,"midday"
47,405,50,355,"weekday","morning","shopping","warm","restaurant",1,0,0,"morning"
47,415,60,355,"weekend","breakfast","travelling","unknown","grocery",0,1,0,"morning"
47,419,64,355,"weekday","afternoon","travelling","freezing","restaurant",0,1,0,"midday"
47,427,72,355,"unknown","breakfast","travelling","warm","restaurant",1,1,0,"morning"
47,428,73,355,"weekday","beforelunch","travelling","unknown","restaurant",1,1,0,"midday"
47,429,74,355,"weekday","afternoon","travelling","cold","grocery",1,1,0,"midday"
47,430,75,355,"weekday","lunch","unknown","freezing","grocery",0,1,0,"midday"
47,437,82,355,"weekday","lunch","travelling","warm","restaurant",0,1,0,"midday"
47,452,97,355,"weekday","beforelunch","working","cold","grocery",0,1,0,"midday"
47,461,106,355,"weekday","morning","shopping","hot","grocery",1,1,0,"morning"
47,469,114,355,"weekday","afternoon","travelling","cold","grocery",0,1,1,"midday"
47,481,126,355,"weekday","lunch","travelling","unknown","grocery",1,1,1,"midday"
47,483,128,355,"weekday","lunch","travelling","unknown","grocery",1,1,1,"midday"
47,487,132,355,"weekend","lunch","travelling","cold","grocery",0,1,1,"midday"
47,488,133,355,"weekday","beforelunch","travelling","freezing","restaurant",0,1,1,"midday"
47,495,140,355,"weekday","lunch","morningrituals","freezing","restaurant",0,1,1,"midday"
47,506,151,355,"weekend","lunch","travelling","unknown","restaurant",1,1,1,"midday"
47,508,153,355,"weekday","lunch","unknown","hot","grocery",0,1,1,"midday"
47,509,154,355,"weekday","afternoon","travelling","unknown","restaurant",0,1,1,"midday"
47,513,158,355,"weekday","afternoon","travelling","cold","restaurant",0,1,1,"midday"
47,518,163,355,"weekday","afternoon","travelling","hot","restaurant",0,1,1,"midday"
47,519,164,355,"weekday","lunch","unknown","warm","grocery",1,1,1,"midday"
47,522,167,355,"weekday","breakfast","travelling","cold","grocery",0,1,1,"morning"
47,528,173,355,"weekday","lunch","travelling","unknown","restaurant",1,1,1,"midday"
47,530,175,355,"weekday","afternoon","travelling","unknown","grocery",1,1,1,"midday"
47,535,180,355,"weekday","lunch","travelling","warm","grocery",0,1,1,"midday"
48,364,0,364,"weekday","afternoon","travelling","freezing","grocery",0,0,0,"midday"
48,369,5,364,"weekday","afternoon","travelling","warm","grocery",1,0,0,"midday"
48,370,6,364,"weekend","lunch","travelling","warm","grocery",0,0,0,"midday"
48,376,12,364,"weekday","afternoon","travelling","cold","grocery",1,0,0,"midday"
48,382,18,364,"weekday","lunch","travelling","freezing","restaurant",1,0,0,"midday"
48,383,19,364,"weekday","afternoon","working","warm","restaurant",0,0,0,"midday"
48,384,20,364,"weekday","afternoon","working","freezing","restaurant",0,0,0,"midday"
48,388,24,364,"weekend","beforelunch","unknown","cold","restaurant",0,0,0,"midday"
48,392,28,364,"weekday","dinner","travelling","cold","grocery",0,0,0,"night"
48,397,33,364,"weekday","afternoon","unknown","cold","restaurant",0,0,0,"midday"
48,398,34,364,"weekday","beforelunch","travelling","warm","restaurant",0,0,0,"midday"
48,401,37,364,"weekend","dinner","unknown","unknown","grocery",1,0,0,"night"
48,402,38,364,"weekday","night","travelling","cold","restaurant",0,0,0,"night"
48,404,40,364,"weekend","lunch","travelling","cold","restaurant",0,0,0,"midday"
48,407,43,364,"weekday","lunch","unknown","cold","restaurant",1,0,0,"midday"
48,413,49,364,"weekday","lunch","shopping","freezing","grocery",1,0,0,"midday"
48,415,51,364,"weekday","breakfast","travelling","hot","grocery",0,0,0,"morning"
48,416,52,364,"weekday","breakfast","travelling","cold","restaurant",1,0,0,"morning"
48,417,53,364,"weekday","breakfast","working","cold","grocery",1,0,0,"morning"
48,423,59,364,"weekday","lunch","travelling","warm","restaurant",0,1,0,"midday"
48,424,60,364,"weekday","breakfast","travelling","hot","grocery",0,1,0,"morning"
48,425,61,364,"weekday","lunch","unknown","cold","restaurant",0,1,0,"midday"
48,433,69,364,"weekday","afternoon","shopping","unknown","grocery",1,1,0,"midday"
48,437,73,364,"weekday","afternoon","unknown","unknown","restaurant",0,1,0,"midday"
48,440,76,364,"weekend","lunch","unknown","freezing","grocery",0,1,0,"midday"
48,443,79,364,"weekday","afternoon","travelling","hot","grocery",1,1,0,"midday"
48,445,81,364,"weekday","afternoon","travelling","hot","restaurant",0,1,0,"midday"
48,446,82,364,"weekday","morning","working","freezing","restaurant",0,1,0,"morning"
48,450,86,364,"weekday","dinner","travelling","cold","grocery",0,1,0,"night"
48,451,87,364,"weekday","lunch","unknown","cold","restaurant",0,1,0,"midday"
48,453,89,364,"weekday","afternoon","shopping","unknown","restaurant",0,1,0,"midday"
48,454,90,364,"weekday","dinner","travelling","freezing","restaurant",1,1,0,"night"
48,457,93,364,"weekday","afternoon","travelling","unknown","restaurant",1,1,0,"midday"
48,458,94,364,"weekday","afternoon","unknown","hot","grocery",0,1,0,"midday"
48,459,95,364,"weekday","lunch","unknown","freezing","restaurant",1,1,0,"midday"
48,465,101,364,"weekday","lunch","working","freezing","grocery",0,1,0,"midday"
48,466,102,364,"weekday","afternoon","travelling","cold","restaurant",0,1,0,"midday"
48,469,105,364,"weekday","afternoon","leisure","unknown","grocery",1,1,0,"midday"
48,471,107,364,"weekend","breakfast","travelling","unknown","restaurant",0,1,0,"morning"
48,472,108,364,"weekday","breakfast","travelling","cold","grocery",0,1,0,"morning"
48,473,109,364,"weekday","breakfast","travelling","cold","restaurant",0,1,0,"morning"
48,480,116,364,"weekend","breakfast","travelling","warm","grocery",0,1,1,"morning"
48,483,119,364,"weekday","afternoon","unknown","cold","restaurant",0,1,1,"midday"
48,487,123,364,"weekday","lunch","unknown","freezing","restaurant",1,1,1,"midday"
48,493,129,364,"weekday","afternoon","travelling","cold","restaurant",0,1,1,"midday"
48,494,130,364,"weekday","lunch","travelling","warm","restaurant",1,1,1,"midday"
48,495,131,364,"weekday","afternoon","travelling","hot","restaurant",0,1,1,"midday"
48,504,140,364,"weekend","breakfast","travelling","unknown","grocery",0,1,1,"morning"
48,508,144,364,"weekday","dinner","travelling","cold","restaurant",1,1,1,"night"
48,511,147,364,"weekday","evening","working","cold","restaurant",1,1,1,"night"
48,512,148,364,"weekday","dinner","travelling","cold","grocery",1,1,1,"night"
48,514,150,364,"weekend","lunch","unknown","cold","grocery",0,1,1,"midday"
48,518,154,364,"weekday","breakfast","travelling","unknown","restaurant",0,1,1,"morning"
48,522,158,364,"weekday","morning","unknown","unknown","restaurant",0,1,1,"morning"
48,527,163,364,"weekday","lunch","travelling","cold","grocery",0,1,1,"midday"
48,528,164,364,"weekday","unknown","leisure","cold","grocery",0,1,1,"unknown"
48,530,166,364,"weekday","lunch","unknown","freezing","grocery",0,1,1,"midday"
48,536,172,364,"weekday","lunch","travelling","freezing","restaurant",0,1,1,"midday"
48,538,174,364,"weekday","dinner","travelling","unknown","restaurant",1,1,1,"night"
48,545,181,364,"weekday","afternoon","unknown","cold","restaurant",0,1,1,"midday"
49,368,1,367,"weekend","morning","travelling","cold","restaurant",0,0,0,"morning"
49,375,8,367,"weekday","lunch","travelling","unknown","restaurant",0,0,0,"midday"
49,393,26,367,"weekday","earlymorning","leisure","hot","restaurant",1,0,0,"morning"
49,394,27,367,"weekday","lunch","shopping","unknown","grocery",1,0,0,"midday"
49,400,33,367,"weekday","beforelunch","travelling","cold","grocery",1,0,0,"midday"
49,407,40,367,"unknown","afternoon","travelling","warm","restaurant",0,0,0,"midday"
49,419,52,367,"weekday","beforelunch","unknown","freezing","grocery",0,0,0,"midday"
49,435,68,367,"weekday","afternoon","travelling","freezing","grocery",0,1,0,"midday"
49,436,69,367,"weekday","afternoon","travelling","cold","restaurant",1,1,0,"midday"
49,439,72,367,"weekend","breakfast","travelling","warm","restaurant",0,1,0,"morning"
49,440,73,367,"weekday","beforelunch","travelling","warm","restaurant",1,1,0,"midday"
49,445,78,367,"weekday","lunch","working","freezing","grocery",1,1,0,"midday"
49,452,85,367,"weekday","lunch","shopping","unknown","grocery",0,1,0,"midday"
49,458,91,367,"weekday","night","leisure","freezing","restaurant",0,1,0,"night"
49,467,100,367,"weekday","afternoon","travelling","unknown","grocery",0,1,0,"midday"
49,468,101,367,"weekday","lunch","housework","freezing","restaurant",0,1,0,"midday"
49,477,110,367,"weekday","lunch","unknown","warm","grocery",0,1,0,"midday"
49,481,114,367,"weekday","afternoon","travelling","cold","grocery",0,1,1,"midday"
49,484,117,367,"weekday","unknown","leisure","freezing","grocery",1,1,1,"unknown"
49,488,121,367,"weekday","breakfast","travelling","unknown","restaurant",0,1,1,"morning"
49,489,122,367,"weekday","beforelunch","travelling","warm","restaurant",0,1,1,"midday"
49,490,123,367,"weekday","unknown","travelling","unknown","grocery",0,1,1,"unknown"
49,491,124,367,"weekend","lunch","shopping","freezing","grocery",0,1,1,"midday"
49,501,134,367,"weekend","afternoon","unknown","freezing","restaurant",1,1,1,"midday"
49,510,143,367,"weekend","afternoon","travelling","freezing","grocery",0,1,1,"midday"
49,511,144,367,"weekday","lunch","travelling","warm","restaurant",1,1,1,"midday"
49,515,148,367,"weekday","afternoon","working","unknown","restaurant",0,1,1,"midday"
49,520,153,367,"weekday","lunch","working","warm","restaurant",0,1,1,"midday"
49,522,155,367,"weekend","lunch","travelling","unknown","grocery",0,1,1,"midday"
49,525,158,367,"weekday","afternoon","travelling","unknown","grocery",0,1,1,"midday"
49,531,164,367,"weekday","afternoon","travelling","cold","grocery",0,1,1,"midday"
49,532,165,367,"unknown","breakfast","unknown","cold","restaurant",1,1,1,"morning"
49,542,175,367,"weekday","beforelunch","shopping","freezing","grocery",0,1,1,"midday"
49,548,181,367,"weekend","lunch","unknown","cold","restaurant",0,1,1,"midday"
50,375,1,374,"weekday","afternoon","travelling","freezing","restaurant",0,0,0,"midday"
50,376,2,374,"unknown","afternoon","travelling","cold","grocery",1,0,0,"midday"
50,378,4,374,"weekend","lunch","travelling","hot","grocery",0,0,0,"midday"
50,381,7,374,"weekday","lunch","travelling","warm","grocery",0,0,0,"midday"
50,382,8,374,"weekend","afternoon","travelling","warm","restaurant",0,0,0,"midday"
50,384,10,374,"weekend","afternoon","travelling","freezing","restaurant",1,0,0,"midday"
50,386,12,374,"weekday","lunch","travelling","warm","restaurant",0,0,0,"midday"
50,390,16,374,"weekday","lunch","travelling","freezing","restaurant",1,0,0,"midday"
50,392,18,374,"weekday","lunch","travelling","freezing","grocery",1,0,0,"midday"
50,393,19,374,"weekday","dinner","working","cold","restaurant",1,0,0,"night"
50,395,21,374,"weekday","earlymorning","shopping","unknown","grocery",1,0,0,"morning"
50,398,24,374,"weekday","beforelunch","travelling","freezing","restaurant",0,0,0,"midday"
50,400,26,374,"weekday","beforelunch","shopping","freezing","restaurant",0,0,0,"midday"
50,402,28,374,"weekend","lunch","shopping","cold","restaurant",0,0,0,"midday"
50,403,29,374,"weekday","lunch","travelling","unknown","restaurant",0,0,0,"midday"
50,404,30,374,"weekday","beforelunch","shopping","unknown","grocery",0,0,0,"midday"
50,411,37,374,"weekday","afternoon","travelling","freezing","restaurant",0,0,0,"midday"
50,413,39,374,"weekday","afternoon","unknown","unknown","restaurant",0,0,0,"midday"
50,423,49,374,"unknown","lunch","travelling","cold","restaurant",1,0,0,"midday"
50,431,57,374,"weekday","afternoon","travelling","freezing","grocery",0,1,0,"midday"
50,447,73,374,"weekday","morning","travelling","warm","grocery",1,1,0,"morning"
50,453,79,374,"weekend","breakfast","travelling","freezing","restaurant",0,1,0,"morning"
50,455,81,374,"weekday","lunch","travelling","freezing","restaurant",1,1,0,"midday"
50,458,84,374,"weekday","afternoon","unknown","cold","grocery",1,1,0,"midday"
50,459,85,374,"weekday","afternoon","unknown","warm","grocery",0,1,0,"midday"
50,464,90,374,"weekday","lunch","travelling","unknown","grocery",1,1,0,"midday"
50,468,94,374,"weekday","beforelunch","travelling","cold","grocery",0,1,0,"midday"
50,469,95,374,"weekday","afternoon","leisure","warm","grocery",1,1,0,"midday"
50,481,107,374,"weekday","afternoon","travelling","unknown","restaurant",1,1,0,"midday"
50,483,109,374,"weekend","breakfast","travelling","unknown","grocery",0,1,0,"morning"
50,495,121,374,"weekday","lunch","unknown","warm","restaurant",0,1,1,"midday"
50,500,126,374,"weekday","earlymorning","travelling","cold","restaurant",1,1,1,"morning"
50,502,128,374,"weekday","afternoon","travelling","cold","restaurant",1,1,1,"midday"
50,503,129,374,"weekday","breakfast","travelling","cold","grocery",0,1,1,"morning"
50,505,131,374,"weekend","night","travelling","cold","restaurant",1,1,1,"night"
50,509,135,374,"weekday","lunch","travelling","unknown","grocery",1,1,1,"midday"
50,515,141,374,"weekday","afternoon","travelling","cold","restaurant",0,1,1,"midday"
50,522,148,374,"weekday","lunch","travelling","freezing","restaurant",1,1,1,"midday"
50,532,158,374,"weekday","breakfast","leisure","hot","restaurant",0,1,1,"morning"
50,534,160,374,"weekday","morning","unknown","freezing","grocery",0,1,1,"morning"
50,536,162,374,"weekday","afternoon","travelling","cold","grocery",1,1,1,"midday"
50,546,172,374,"weekday","lunch","travelling","freezing","restaurant",0,1,1,"midday"
50,547,173,374,"weekend","lunch","travelling","unknown","grocery",0,1,1,"midday"
50,548,174,374,"weekday","lunch","unknown","cold","grocery",0,1,1,"midday"
51,376,1,375,"weekday","lunch","unknown","cold","grocery",0,0,0,"midday"
51,379,4,375,"weekday","breakfast","shopping","warm","grocery",0,0,0,"morning"
51,380,5,375,"weekend","dinner","travelling","freezing","restaurant",1,0,0,"night"
51,381,6,375,"weekend","breakfast","travelling","hot","restaurant",0,0,0,"morning"
51,382,7,375,"weekday","beforelunch","travelling","cold","grocery",0,0,0,"midday"
51,383,8,375,"weekday","beforelunch","travelling","warm","restaurant",1,0,0,"midday"
51,386,11,375,"weekday","beforelunch","travelling","freezing","grocery",1,0,0,"midday"
51,388,13,375,"weekday","lunch","working","unknown","restaurant",1,0,0,"midday"
51,389,14,375,"weekend","lunch","travelling","unknown","grocery",0,0,0,"midday"
51,391,16,375,"weekday","unknown","shopping","freezing","grocery",0,0,0,"unknown"
51,392,17,375,"weekday","lunch","leisure","unknown","restaurant",0,0,0,"midday"
51,394,19,375,"weekday","lunch","leisure","unknown","restaurant",1,0,0,"midday"
51,395,20,375,"weekday","dinner","travelling","freezing","grocery",0,0,0,"night"
51,397,22,375,"weekend","afternoon","travelling","unknown","restaurant",1,0,0,"midday"
51,398,23,375,"weekend","evening","unknown","unknown","grocery",1,0,0,"night"
51,399,24,375,"weekday","morning","unknown","cold","restaurant",0,0,0,"morning"
51,400,25,375,"weekday","afternoon","unknown","cold","restaurant",0,0,0,"midday"
51,404,29,375,"weekday","beforelunch","working","warm","grocery",0,0,0,"midday"
51,405,30,375,"weekend","unknown","travelling","freezing","restaurant",1,0,0,"unknown"
51,406,31,375,"weekday","afternoon","leisure","warm","grocery",0,0,0,"midday"
51,409,34,375,"weekend","afternoon","leisure","warm","restaurant",0,0,0,"midday"
51,412,37,375,"weekday","night","unknown","cold","grocery",0,0,0,"night"
51,415,40,375,"weekday","afternoon","working","hot","restaurant",1,0,0,"midday"
51,416,41,375,"weekday","evening","travelling","freezing","grocery",0,0,0,"night"
51,417,42,375,"weekday","lunch","unknown","hot","grocery",0,0,0,"midday"
51,418,43,375,"weekday","breakfast","housework","cold","restaurant",0,0,0,"morning"
51,419,44,375,"weekday","afternoon","working","freezing","grocery",0,0,0,"midday"
51,420,45,375,"weekday","afternoon","travelling","cold","grocery",1,0,0,"midday"
51,421,46,375,"weekend","afternoon","working","cold","restaurant",0,0,0,"midday"
51,422,47,375,"weekday","lunch","travelling","hot","restaurant",0,0,0,"midday"
51,425,50,375,"weekday","dinner","travelling","unknown","grocery",0,0,0,"night"
51,426,51,375,"weekend","afternoon","working","cold","restaurant",0,0,0,"midday"
51,427,52,375,"weekday","afternoon","unknown","unknown","restaurant",0,0,0,"midday"
51,428,53,375,"weekend","beforelunch","travelling","unknown","restaurant",1,0,0,"midday"
51,429,54,375,"weekend","afternoon","travelling","cold","grocery",0,0,0,"midday"
51,431,56,375,"weekday","afternoon","unknown","hot","restaurant",0,0,0,"midday"
51,434,59,375,"unknown","lunch","travelling","unknown","grocery",0,1,0,"midday"
51,436,61,375,"weekday","morning","travelling","unknown","grocery",1,1,0,"morning"
51,437,62,375,"weekday","afternoon","working","hot","restaurant",0,1,0,"midday"
51,438,63,375,"weekend","breakfast","travelling","cold","restaurant",1,1,0,"morning"
51,439,64,375,"weekday","afternoon","travelling","warm","restaurant",1,1,0,"midday"
51,442,67,375,"weekday","lunch","travelling","warm","restaurant",0,1,0,"midday"
51,447,72,375,"weekday","morning","travelling","cold","restaurant",0,1,0,"morning"
51,449,74,375,"weekday","afternoon","travelling","cold","restaurant",0,1,0,"midday"
51,450,75,375,"weekday","morning","travelling","cold","grocery",0,1,0,"morning"
51,451,76,375,"weekday","afternoon","unknown","hot","grocery",0,1,0,"midday"
51,452,77,375,"weekday","lunch","travelling","warm","restaurant",1,1,0,"midday"
51,453,78,375,"weekday","breakfast","shopping","cold","restaurant",1,1,0,"morning"
51,457,82,375,"weekday","lunch","travelling","unknown","grocery",1,1,0,"midday"
51,458,83,375,"weekend","beforelunch","travelling","freezing","restaurant",1,1,0,"midday"
51,459,84,375,"weekday","breakfast","shopping","cold","grocery",1,1,0,"morning"
51,460,85,375,"weekend","afternoon","working","cold","restaurant",0,1,0,"midday"
51,462,87,375,"weekday","lunch","travelling","freezing","grocery",0,1,0,"midday"
51,463,88,375,"weekend","breakfast","social","freezing","restaurant",0,1,0,"morning"
51,465,90,375,"weekday","dinner","travelling","cold","restaurant",0,1,0,"night"
51,466,91,375,"weekday","afternoon","travelling","cold","restaurant",0,1,0,"midday"
51,471,96,375,"weekend","breakfast","travelling","cold","grocery",1,1,0,"morning"
51,472,97,375,"weekday","morning","morningrituals","warm","grocery",0,1,0,"morning"
51,473,98,375,"weekday","breakfast","travelling","freezing","restaurant",0,1,0,"morning"
51,475,100,375,"weekday","afternoon","unknown","cold","grocery",0,1,0,"midday"
51,476,101,375,"weekday","lunch","morningrituals","cold","grocery",0,1,0,"midday"
51,477,102,375,"weekday","afternoon","travelling","warm","grocery",0,1,0,"midday"
51,479,104,375,"weekday","morning","working","freezing","grocery",1,1,0,"morning"
51,480,105,375,"weekday","lunch","unknown","freezing","restaurant",1,1,0,"midday"
51,481,106,375,"weekday","afternoon","travelling","cold","grocery",0,1,0,"midday"
51,483,108,375,"weekday","afternoon","travelling","warm","grocery",0,1,0,"midday"
51,484,109,375,"weekday","lunch","travelling","hot","grocery",1,1,0,"midday"
51,487,112,375,"weekday","lunch","unknown","freezing","restaurant",0,1,0,"midday"
51,488,113,375,"weekend","night","unknown","cold","grocery",0,1,1,"night"
51,490,115,375,"weekday","breakfast","travelling","cold","grocery",0,1,1,"morning"
51,491,116,375,"weekday","unknown","travelling","freezing","grocery",0,1,1,"unknown"
51,493,118,375,"weekend","afternoon","leisure","cold","grocery",0,1,1,"midday"
51,494,119,375,"weekend","beforelunch","travelling","freezing","restaurant",0,1,1,"midday"
51,495,120,375,"weekend","afternoon","working","cold","restaurant",0,1,1,"midday"
51,497,122,375,"weekday","night","unknown","unknown","restaurant",0,1,1,"night"
51,498,123,375,"weekday","beforelunch","travelling","unknown","grocery",0,1,1,"midday"
51,501,126,375,"weekday","evening","travelling","cold","grocery",0,1,1,"night"
51,502,127,375,"weekday","lunch","unknown","cold","grocery",1,1,1,"midday"
51,506,131,375,"weekday","lunch","travelling","freezing","restaurant",0,1,1,"midday"
51,509,134,375,"weekday","beforelunch","unknown","warm","restaurant",1,1,1,"midday"
51,510,135,375,"weekday","afternoon","travelling","cold","restaurant",0,1,1,"midday"
51,511,136,375,"weekday","lunch","morningrituals","unknown","grocery",1,1,1,"midday"
51,512,137,375,"weekday","breakfast","unknown","freezing","restaurant",0,1,1,"morning"
51,514,139,375,"weekday","lunch","unknown","warm","grocery",0,1,1,"midday"
51,515,140,375,"weekday","beforelunch","travelling","unknown","grocery",0,1,1,"midday"
51,516,141,375,"weekday","afternoon","travelling","cold","grocery",0,1,1,"midday"
51,518,143,375,"weekday","afternoon","travelling","cold","restaurant",1,1,1,"midday"
51,519,144,375,"weekday","morning","travelling","freezing","grocery",0,1,1,"morning"
51,520,145,375,"weekday","lunch","leisure","hot","grocery",1,1,1,"midday"
51,521,146,375,"weekend","afternoon","travelling","cold","grocery",0,1,1,"midday"
51,523,148,375,"weekday","unknown","working","unknown","grocery",0,1,1,"unknown"
51,525,150,375,"weekday","lunch","morningrituals","unknown","restaurant",0,1,1,"midday"
51,527,152,375,"weekday","breakfast","travelling","freezing","restaurant",0,1,1,"morning"
51,531,156,375,"weekday","lunch","travelling","freezing","restaurant",0,1,1,"midday"
51,532,157,375,"weekend","lunch","travelling","unknown","restaurant",0,1,1,"midday"
51,533,158,375,"weekday","afternoon","unknown","hot","grocery",1,1,1,"midday"
51,536,161,375,"weekday","lunch","travelling","cold","grocery",0,1,1,"midday"
51,537,162,375,"weekday","afternoon","travelling","hot","grocery",0,1,1,"midday"
51,540,165,375,"weekday","earlymorning","morningrituals","hot","restaurant",0,1,1,"morning"
51,541,166,375,"weekday","breakfast","travelling","cold","grocery",0,1,1,"morning"
51,544,169,375,"weekday","lunch","travelling","cold","grocery",1,1,1,"midday"
51,545,170,375,"weekday","breakfast","travelling","unknown","grocery",0,1,1,"morning"
51,548,173,375,"weekday","afternoon","travelling","cold","restaurant",0,1,1,"midday"
51,552,177,375,"weekday","afternoon","working","unknown","restaurant",1,1,1,"midday"
51,553,178,375,"weekday","earlymorning","unknown","cold","restaurant",1,1,1,"morning"
51,555,180,375,"weekend","afternoon","leisure","freezing","grocery",1,1,1,"midday"
51,556,181,375,"weekday","afternoon","travelling","cold","grocery",1,1,1,"midday"
51,557,182,375,"weekday","afternoon","unknown","freezing","grocery",1,1,1,"midday"
51,558,183,375,"weekday","breakfast","working","cold","restaurant",0,1,1,"morning"
52,386,0,386,"weekday","breakfast","unknown","unknown","restaurant",0,0,0,"morning"
52,387,1,386,"weekday","earlymorning","unknown","freezing","grocery",0,0,0,"morning"
52,390,4,386,"weekday","breakfast","travelling","unknown","grocery",0,0,0,"morning"
52,391,5,386,"weekday","breakfast","working","hot","grocery",0,0,0,"morning"
52,394,8,386,"weekend","lunch","travelling","freezing","grocery",0,0,0,"midday"
52,396,10,386,"weekday","afternoon","unknown","warm","grocery",0,0,0,"midday"
52,397,11,386,"weekday","breakfast","travelling","cold","restaurant",1,0,0,"morning"
52,398,12,386,"weekday","afternoon","workingout","unknown","restaurant",0,0,0,"midday"
52,400,14,386,"weekday","afternoon","travelling","freezing","grocery",0,0,0,"midday"
52,405,19,386,"weekend","morning","travelling","freezing","grocery",0,0,0,"morning"
52,406,20,386,"weekend","lunch","travelling","unknown","grocery",0,0,0,"midday"
52,409,23,386,"weekday","afternoon","travelling","unknown","grocery",0,0,0,"midday"
52,411,25,386,"weekday","afternoon","travelling","warm","restaurant",0,0,0,"midday"
52,415,29,386,"weekday","afternoon","travelling","cold","grocery",0,0,0,"midday"
52,420,34,386,"weekday","lunch","working","unknown","restaurant",1,0,0,"midday"
52,424,38,386,"weekday","afternoon","travelling","warm","grocery",1,0,0,"midday"
52,428,42,386,"weekday","morning","working","freezing","grocery",0,0,0,"morning"
52,429,43,386,"weekday","lunch","travelling","cold","restaurant",0,0,0,"midday"
52,430,44,386,"weekday","morning","travelling","warm","restaurant",0,0,0,"morning"
52,433,47,386,"weekday","beforelunch","travelling","cold","restaurant",0,0,0,"midday"
52,436,50,386,"weekday","lunch","unknown","unknown","grocery",0,0,0,"midday"
52,437,51,386,"weekday","lunch","unknown","cold","grocery",0,0,0,"midday"
52,439,53,386,"weekday","beforelunch","travelling","unknown","grocery",0,0,0,"midday"
52,440,54,386,"weekday","afternoon","travelling","cold","grocery",1,0,0,"midday"
52,445,59,386,"weekend","afternoon","travelling","unknown","restaurant",0,1,0,"midday"
52,446,60,386,"weekday","breakfast","travelling","cold","grocery",0,1,0,"morning"
52,448,62,386,"weekend","afternoon","travelling","cold","grocery",0,1,0,"midday"
52,455,69,386,"weekend","breakfast","travelling","cold","grocery",1,1,0,"morning"
52,456,70,386,"weekend","lunch","travelling","hot","grocery",1,1,0,"midday"
52,466,80,386,"weekday","lunch","working","cold","restaurant",0,1,0,"midday"
52,470,84,386,"weekday","breakfast","unknown","unknown","grocery",0,1,0,"morning"
52,474,88,386,"unknown","night","shopping","freezing","restaurant",0,1,0,"night"
52,475,89,386,"weekday","lunch","travelling","warm","grocery",1,1,0,"midday"
52,477,91,386,"weekday","afternoon","travelling","cold","restaurant",0,1,0,"midday"
52,479,93,386,"weekday","earlymorning","travelling","warm","restaurant",0,1,0,"morning"
52,483,97,386,"weekend","lunch","shopping","cold","grocery",0,1,0,"midday"
52,488,102,386,"weekday","afternoon","travelling","cold","restaurant",0,1,0,"midday"
52,490,104,386,"weekday","breakfast","travelling","unknown","grocery",1,1,0,"morning"
52,491,105,386,"weekday","afternoon","unknown","warm","grocery",0,1,0,"midday"
52,492,106,386,"weekend","beforelunch","working","unknown","grocery",0,1,0,"midday"
52,495,109,386,"weekday","morning","travelling","freezing","restaurant",0,1,0,"morning"
52,502,116,386,"weekend","lunch","travelling","cold","restaurant",1,1,1,"midday"
52,506,120,386,"weekend","lunch","morningrituals","warm","restaurant",0,1,1,"midday"
52,507,121,386,"weekend","lunch","travelling","warm","restaurant",0,1,1,"midday"
52,514,128,386,"weekday","breakfast","travelling","freezing","restaurant",0,1,1,"morning"
52,519,133,386,"weekend","afternoon","travelling","cold","grocery",0,1,1,"midday"
52,525,139,386,"weekday","lunch","travelling","cold","grocery",0,1,1,"midday"
52,534,148,386,"weekday","afternoon","travelling","cold","grocery",0,1,1,"midday"
52,537,151,386,"weekday","lunch","travelling","cold","grocery",0,1,1,"midday"
52,542,156,386,"weekday","beforelunch","travelling","freezing","grocery",0,1,1,"midday"
52,543,157,386,"weekday","earlymorning","working","unknown","grocery",0,1,1,"morning"
52,548,162,386,"weekday","unknown","travelling","unknown","grocery",0,1,1,"unknown"
52,549,163,386,"weekday","afternoon","shopping","freezing","grocery",0,1,1,"midday"
52,550,164,386,"weekend","earlymorning","working","warm","restaurant",0,1,1,"morning"
52,552,166,386,"weekend","lunch","leisure","hot","restaurant",0,1,1,"midday"
52,558,172,386,"weekend","latenight","travelling","unknown","restaurant",0,1,1,"night"
52,560,174,386,"weekday","lunch","unknown","freezing","restaurant",0,1,1,"midday"
52,563,177,386,"weekday","afternoon","travelling","freezing","restaurant",0,1,1,"midday"
52,567,181,386,"weekend","afternoon","travelling","cold","grocery",0,1,1,"midday"
52,568,182,386,"weekday","afternoon","leisure","warm","grocery",1,1,1,"midday"
53,395,5,390,"weekday","beforelunch","leisure","warm","grocery",1,0,0,"midday"
53,406,16,390,"weekday","beforelunch","travelling","unknown","grocery",0,0,0,"midday"
53,413,23,390,"weekday","afternoon","travelling","unknown","restaurant",1,0,0,"midday"
53,414,24,390,"weekday","afternoon","workingout","unknown","grocery",0,0,0,"midday"
53,418,28,390,"weekday","lunch","travelling","cold","restaurant",1,0,0,"midday"
53,437,47,390,"weekday","lunch","travelling","unknown","restaurant",0,0,0,"midday"
53,439,49,390,"weekday","lunch","travelling","unknown","grocery",0,0,0,"midday"
53,445,55,390,"weekday","breakfast","travelling","warm","grocery",0,0,0,"morning"
53,498,108,390,"weekday","breakfast","unknown","freezing","grocery",1,1,0,"morning"
53,519,129,390,"weekend","lunch","unknown","freezing","grocery",0,1,1,"midday"
53,521,131,390,"weekday","night","morningrituals","freezing","restaurant",0,1,1,"night"
53,559,169,390,"weekday","lunch","working","cold","grocery",0,1,1,"midday"
53,570,180,390,"weekday","morning","shopping","warm","grocery",0,1,1,"morning"
54,401,3,398,"weekday","lunch","working","unknown","restaurant",0,0,0,"midday"
54,404,6,398,"weekday","dinner","working","cold","restaurant",0,0,0,"night"
54,414,16,398,"weekday","morning","working","freezing","restaurant",0,0,0,"morning"
54,422,24,398,"weekday","night","travelling","freezing","grocery",0,0,0,"night"
54,424,26,398,"weekday","afternoon","travelling","freezing","restaurant",0,0,0,"midday"
54,425,27,398,"weekday","lunch","working","unknown","grocery",1,0,0,"midday"
54,427,29,398,"weekday","breakfast","working","cold","restaurant",1,0,0,"morning"
54,428,30,398,"weekday","afternoon","travelling","warm","restaurant",1,0,0,"midday"
54,430,32,398,"weekday","morning","travelling","cold","grocery",0,0,0,"morning"
54,435,37,398,"weekend","beforelunch","travelling","unknown","grocery",0,0,0,"midday"
54,436,38,398,"weekday","afternoon","leisure","unknown","restaurant",0,0,0,"midday"
54,450,52,398,"weekday","beforelunch","travelling","freezing","grocery",0,0,0,"midday"
54,451,53,398,"weekday","evening","unknown","unknown","grocery",0,0,0,"night"
54,454,56,398,"weekday","beforelunch","travelling","cold","grocery",0,0,0,"midday"
54,459,61,398,"weekday","beforelunch","travelling","cold","restaurant",1,1,0,"midday"
54,465,67,398,"weekday","afternoon","working","hot","grocery",0,1,0,"midday"
54,466,68,398,"weekday","latenight","travelling","cold","grocery",1,1,0,"night"
54,467,69,398,"weekday","afternoon","travelling","cold","restaurant",0,1,0,"midday"
54,469,71,398,"weekday","earlymorning","housework","freezing","restaurant",1,1,0,"morning"
54,470,72,398,"weekday","afternoon","travelling","warm","restaurant",0,1,0,"midday"
54,481,83,398,"weekend","morning","travelling","freezing","restaurant",1,1,0,"morning"
54,482,84,398,"weekday","afternoon","travelling","warm","grocery",1,1,0,"midday"
54,485,87,398,"weekday","lunch","leisure","freezing","restaurant",0,1,0,"midday"
54,486,88,398,"weekday","morning","travelling","hot","restaurant",0,1,0,"morning"
54,489,91,398,"weekend","lunch","morningrituals","cold","restaurant",0,1,0,"midday"
54,492,94,398,"weekday","lunch","social","unknown","restaurant",0,1,0,"midday"
54,496,98,398,"weekend","beforelunch","unknown","hot","restaurant",0,1,0,"midday"
54,498,100,398,"weekday","beforelunch","travelling","freezing","restaurant",1,1,0,"midday"
54,501,103,398,"weekday","beforelunch","travelling","unknown","grocery",1,1,0,"midday"
54,503,105,398,"weekend","afternoon","working","cold","restaurant",0,1,0,"midday"
54,504,106,398,"weekend","afternoon","leisure","warm","restaurant",1,1,0,"midday"
54,511,113,398,"weekend","dinner","travelling","unknown","restaurant",1,1,1,"night"
54,512,114,398,"weekend","afternoon","travelling","warm","restaurant",1,1,1,"midday"
54,516,118,398,"weekend","dinner","unknown","freezing","grocery",0,1,1,"night"
54,517,119,398,"weekday","dinner","travelling","unknown","restaurant",1,1,1,"night"
54,519,121,398,"weekday","afternoon","travelling","cold","restaurant",0,1,1,"midday"
54,521,123,398,"weekday","earlymorning","unknown","freezing","grocery",0,1,1,"morning"
54,526,128,398,"weekday","lunch","working","cold","grocery",1,1,1,"midday"
54,529,131,398,"weekend","beforelunch","shopping","warm","grocery",1,1,1,"midday"
54,531,133,398,"weekday","lunch","travelling","hot","restaurant",1,1,1,"midday"
54,532,134,398,"weekday","beforelunch","travelling","unknown","grocery",0,1,1,"midday"
54,533,135,398,"weekday","beforelunch","unknown","warm","restaurant",0,1,1,"midday"
54,536,138,398,"weekday","afternoon","unknown","unknown","grocery",0,1,1,"midday"
54,538,140,398,"weekend","beforelunch","leisure","unknown","restaurant",0,1,1,"midday"
54,539,141,398,"weekday","lunch","unknown","unknown","restaurant",0,1,1,"midday"
54,540,142,398,"weekend","breakfast","working","hot","restaurant",0,1,1,"morning"
54,554,156,398,"weekday","lunch","unknown","warm","grocery",0,1,1,"midday"
54,555,157,398,"weekend","lunch","travelling","cold","restaurant",0,1,1,"midday"
54,558,160,398,"weekend","afternoon","travelling","cold","grocery",1,1,1,"midday"
54,559,161,398,"weekday","morning","unknown","hot","restaurant",0,1,1,"morning"
54,565,167,398,"weekday","afternoon","leisure","warm","grocery",1,1,1,"midday"
54,567,169,398,"weekday","lunch","travelling","freezing","restaurant",0,1,1,"midday"
54,572,174,398,"weekend","lunch","travelling","cold","grocery",0,1,1,"midday"
55,404,0,404,"weekend","beforelunch","travelling","freezing","restaurant",0,0,0,"midday"
55,405,1,404,"weekday","afternoon","travelling","unknown","grocery",0,0,0,"midday"
55,406,2,404,"weekday","afternoon","unknown","freezing","grocery",0,0,0,"midday"
55,411,7,404,"weekday","lunch","travelling","freezing","grocery",0,0,0,"midday"
55,413,9,404,"weekday","afternoon","shopping","unknown","restaurant",0,0,0,"midday"
55,414,10,404,"weekday","breakfast","travelling","cold","restaurant",0,0,0,"morning"
55,415,11,404,"weekday","afternoon","travelling","freezing","grocery",0,0,0,"midday"
55,416,12,404,"weekday","beforelunch","travelling","freezing","restaurant",1,0,0,"midday"
55,418,14,404,"weekend","morning","unknown","freezing","grocery",0,0,0,"morning"
55,420,16,404,"weekday","latenight","unknown","freezing","grocery",1,0,0,"night"
55,421,17,404,"weekday","earlymorning","travelling","warm","restaurant",0,0,0,"morning"
55,423,19,404,"weekend","dinner","travelling","warm","restaurant",1,0,0,"night"
55,425,21,404,"weekday","lunch","travelling","freezing","restaurant",0,0,0,"midday"
55,426,22,404,"weekday","beforelunch","shopping","freezing","grocery",0,0,0,"midday"
55,427,23,404,"weekend","afternoon","travelling","unknown","restaurant",0,0,0,"midday"
55,429,25,404,"weekday","breakfast","unknown","freezing","grocery",0,0,0,"morning"
55,430,26,404,"weekend","afternoon","travelling","warm","restaurant",0,0,0,"midday"
55,431,27,404,"weekend","lunch","travelling","cold","restaurant",1,0,0,"midday"
55,433,29,404,"weekday","afternoon","travelling","freezing","grocery",0,0,0,"midday"
55,434,30,404,"weekend","afternoon","unknown","freezing","grocery",0,0,0,"midday"
55,435,31,404,"weekday","afternoon","leisure","cold","grocery",0,0,0,"midday"
55,437,33,404,"weekend","lunch","travelling","warm","grocery",0,0,0,"midday"
55,438,34,404,"weekday","lunch","travelling","cold","restaurant",0,0,0,"midday"
55,439,35,404,"weekday","breakfast","shopping","hot","restaurant",0,0,0,"morning"
55,443,39,404,"weekend","earlymorning","travelling","freezing","restaurant",1,0,0,"morning"
55,444,40,404,"weekday","beforelunch","travelling","cold","restaurant",0,0,0,"midday"
55,445,41,404,"weekday","lunch","unknown","unknown","grocery",0,0,0,"midday"
55,446,42,404,"weekday","morning","leisure","unknown","restaurant",0,0,0,"morning"
55,447,43,404,"unknown","afternoon","travelling","cold","restaurant",0,0,0,"midday"
55,448,44,404,"weekend","lunch","shopping","unknown","grocery",1,0,0,"midday"
55,449,45,404,"weekday","night","unknown","freezing","restaurant",0,0,0,"night"
55,452,48,404,"weekend","lunch","unknown","warm","grocery",1,0,0,"midday"
55,455,51,404,"weekday","morning","unknown","cold","restaurant",1,0,0,"morning"
55,456,52,404,"weekend","afternoon","unknown","freezing","restaurant",0,0,0,"midday"
55,458,54,404,"weekday","beforelunch","morningrituals","warm","grocery",0,0,0,"midday"
55,460,56,404,"weekday","evening","unknown","hot","grocery",1,0,0,"night"
55,461,57,404,"weekend","beforelunch","shopping","unknown","grocery",1,1,0,"midday"
55,465,61,404,"weekend","afternoon","working","cold","grocery",1,1,0,"midday"
55,466,62,404,"weekday","afternoon","shopping","cold","grocery",0,1,0,"midday"
55,467,63,404,"weekend","afternoon","travelling","cold","restaurant",0,1,0,"midday"
55,468,64,404,"weekday","afternoon","working","unknown","restaurant",0,1,0,"midday"
55,469,65,404,"weekday","afternoon","working","freezing","restaurant",0,1,0,"midday"
55,470,66,404,"weekend","afternoon","travelling","freezing","restaurant",1,1,0,"midday"
55,476,72,404,"weekday","beforelunch","travelling","warm","restaurant",0,1,0,"midday"
55,478,74,404,"weekend","lunch","leisure","unknown","grocery",0,1,0,"midday"
55,479,75,404,"weekend","afternoon","unknown","freezing","grocery",0,1,0,"midday"
55,480,76,404,"weekday","breakfast","shopping","unknown","restaurant",0,1,0,"morning"
55,483,79,404,"weekend","afternoon","travelling","freezing","restaurant",0,1,0,"midday"
55,484,80,404,"weekday","afternoon","travelling","hot","restaurant",1,1,0,"midday"
55,487,83,404,"weekday","night","travelling","unknown","restaurant",1,1,0,"night"
55,489,85,404,"weekend","afternoon","morningrituals","warm","grocery",0,1,0,"midday"
55,490,86,404,"weekday","lunch","travelling","warm","grocery",1,1,0,"midday"
55,493,89,404,"weekday","lunch","unknown","cold","restaurant",0,1,0,"midday"
55,494,90,404,"weekday","lunch","travelling","unknown","restaurant",0,1,0,"midday"
55,495,91,404,"weekday","beforelunch","travelling","unknown","restaurant",0,1,0,"midday"
55,496,92,404,"weekday","afternoon","travelling","warm","restaurant",1,1,0,"midday"
55,497,93,404,"weekend","breakfast","shopping","warm","grocery",1,1,0,"morning"
55,498,94,404,"weekday","morning","unknown","cold","restaurant",0,1,0,"morning"
55,499,95,404,"weekday","lunch","travelling","warm","restaurant",0,1,0,"midday"
55,502,98,404,"weekday","lunch","unknown","warm","restaurant",1,1,0,"midday"
55,503,99,404,"weekday","afternoon","travelling","warm","grocery",1,1,0,"midday"
55,504,100,404,"weekday","afternoon","travelling","unknown","grocery",1,1,0,"midday"
55,505,101,404,"weekday","night","working","cold","grocery",0,1,0,"night"
55,506,102,404,"weekend","afternoon","working","cold","restaurant",0,1,0,"midday"
55,508,104,404,"weekend","morning","unknown","cold","grocery",1,1,0,"morning"
55,510,106,404,"weekday","lunch","travelling","cold","restaurant",0,1,0,"midday"
55,511,107,404,"weekday","evening","leisure","freezing","restaurant",0,1,0,"night"
55,512,108,404,"weekend","breakfast","unknown","freezing","grocery",0,1,0,"morning"
55,515,111,404,"weekday","breakfast","travelling","unknown","restaurant",0,1,0,"morning"
55,519,115,404,"weekday","breakfast","travelling","freezing","grocery",0,1,1,"morning"
55,523,119,404,"weekend","beforelunch","morningrituals","cold","restaurant",0,1,1,"midday"
55,524,120,404,"weekend","afternoon","travelling","unknown","restaurant",0,1,1,"midday"
55,526,122,404,"weekday","dinner","working","warm","grocery",0,1,1,"night"
55,529,125,404,"weekday","breakfast","travelling","cold","grocery",0,1,1,"morning"
55,530,126,404,"weekend","lunch","travelling","unknown","restaurant",1,1,1,"midday"
55,531,127,404,"weekday","lunch","travelling","unknown","restaurant",1,1,1,"midday"
55,534,130,404,"weekday","morning","travelling","cold","restaurant",0,1,1,"morning"
55,535,131,404,"weekday","afternoon","working","unknown","grocery",1,1,1,"midday"
55,536,132,404,"weekday","lunch","unknown","unknown","restaurant",0,1,1,"midday"
55,537,133,404,"weekend","lunch","travelling","hot","grocery",1,1,1,"midday"
55,538,134,404,"weekday","beforelunch","unknown","hot","restaurant",0,1,1,"midday"
55,539,135,404,"weekday","lunch","travelling","unknown","restaurant",0,1,1,"midday"
55,541,137,404,"weekend","afternoon","travelling","cold","restaurant",0,1,1,"midday"
55,545,141,404,"unknown","lunch","travelling","warm","grocery",0,1,1,"midday"
55,546,142,404,"weekend","lunch","leisure","freezing","grocery",0,1,1,"midday"
55,548,144,404,"weekday","breakfast","travelling","cold","restaurant",1,1,1,"morning"
55,550,146,404,"weekday","breakfast","unknown","cold","restaurant",0,1,1,"morning"
55,551,147,404,"weekday","afternoon","leisure","hot","restaurant",0,1,1,"midday"
55,554,150,404,"weekday","afternoon","morningrituals","cold","grocery",0,1,1,"midday"
55,555,151,404,"weekday","breakfast","morningrituals","cold","restaurant",0,1,1,"morning"
55,557,153,404,"weekday","afternoon","travelling","unknown","restaurant",0,1,1,"midday"
55,558,154,404,"weekday","afternoon","travelling","unknown","grocery",0,1,1,"midday"
55,559,155,404,"weekend","afternoon","travelling","warm","restaurant",0,1,1,"midday"
55,561,157,404,"weekday","lunch","working","unknown","grocery",0,1,1,"midday"
55,563,159,404,"weekend","night","unknown","freezing","restaurant",0,1,1,"night"
55,565,161,404,"weekend","afternoon","travelling","warm","restaurant",1,1,1,"midday"
55,570,166,404,"weekday","lunch","unknown","unknown","restaurant",0,1,1,"midday"
55,573,169,404,"weekday","morning","leisure","warm","grocery",0,1,1,"morning"
55,574,170,404,"weekday","afternoon","travelling","unknown","grocery",0,1,1,"midday"
55,575,171,404,"weekday","afternoon","travelling","unknown","grocery",1,1,1,"midday"
55,576,172,404,"weekend","beforelunch","shopping","unknown","grocery",1,1,1,"midday"
55,577,173,404,"weekend","afternoon","unknown","cold","restaurant",1,1,1,"midday"
55,579,175,404,"weekday","morning","travelling","unknown","restaurant",0,1,1,"morning"
55,582,178,404,"weekday","lunch","unknown","freezing","grocery",0,1,1,"midday"
55,583,179,404,"weekday","breakfast","travelling","warm","grocery",0,1,1,"morning"
55,584,180,404,"weekday","breakfast","social","cold","restaurant",0,1,1,"morning"
55,585,181,404,"weekday","lunch","unknown","unknown","grocery",1,1,1,"midday"
55,586,182,404,"weekend","morning","travelling","warm","grocery",0,1,1,"morning"
55,587,183,404,"weekday","afternoon","travelling","unknown","restaurant",1,1,1,"midday"
56,413,2,411,"weekend","afternoon","shopping","freezing","grocery",1,0,0,"midday"
56,418,7,411,"weekday","lunch","working","cold","restaurant",0,0,0,"midday"
56,430,19,411,"weekday","morning","travelling","warm","grocery",1,0,0,"morning"
56,435,24,411,"weekend","breakfast","travelling","warm","grocery",1,0,0,"morning"
56,437,26,411,"weekend","earlymorning","unknown","unknown","restaurant",1,0,0,"morning"
56,452,41,411,"weekend","afternoon","travelling","warm","restaurant",0,0,0,"midday"
56,455,44,411,"weekend","afternoon","shopping","freezing","grocery",0,0,0,"midday"
56,461,50,411,"weekend","morning","travelling","freezing","grocery",1,0,0,"morning"
56,462,51,411,"weekend","beforelunch","leisure","cold","restaurant",0,0,0,"midday"
56,469,58,411,"weekday","afternoon","leisure","freezing","grocery",1,1,0,"midday"
56,485,74,411,"weekday","lunch","travelling","unknown","grocery",0,1,0,"midday"
56,488,77,411,"weekday","afternoon","shopping","freezing","restaurant",0,1,0,"midday"
56,492,81,411,"weekday","lunch","unknown","cold","restaurant",1,1,0,"midday"
56,496,85,411,"weekday","lunch","shopping","unknown","restaurant",0,1,0,"midday"
56,510,99,411,"weekday","afternoon","travelling","unknown","restaurant",0,1,0,"midday"
56,518,107,411,"weekday","morning","leisure","cold","grocery",1,1,0,"morning"
56,523,112,411,"weekday","afternoon","travelling","unknown","grocery",1,1,0,"midday"
56,530,119,411,"weekday","beforelunch","travelling","unknown","restaurant",0,1,1,"midday"
56,531,120,411,"weekend","beforelunch","travelling","warm","restaurant",0,1,1,"midday"
56,534,123,411,"weekday","lunch","unknown","cold","restaurant",1,1,1,"midday"
56,548,137,411,"weekend","afternoon","travelling","warm","grocery",0,1,1,"midday"
56,549,138,411,"weekday","dinner","travelling","freezing","grocery",0,1,1,"night"
56,561,150,411,"unknown","beforelunch","travelling","unknown","grocery",1,1,1,"midday"
56,562,151,411,"weekday","lunch","travelling","unknown","restaurant",1,1,1,"midday"
56,565,154,411,"weekend","afternoon","shopping","cold","grocery",0,1,1,"midday"
56,574,163,411,"weekday","breakfast","unknown","cold","restaurant",1,1,1,"morning"
56,583,172,411,"weekday","beforelunch","travelling","freezing","grocery",0,1,1,"midday"
56,584,173,411,"weekday","morning","travelling","warm","restaurant",0,1,1,"morning"
56,591,180,411,"weekday","evening","working","warm","restaurant",0,1,1,"night"
57,424,0,424,"weekday","beforelunch","shopping","freezing","restaurant",0,0,0,"midday"
57,429,5,424,"weekday","lunch","working","warm","grocery",1,0,0,"midday"
57,439,15,424,"weekday","afternoon","unknown","hot","grocery",0,0,0,"midday"
57,442,18,424,"weekday","breakfast","leisure","cold","grocery",0,0,0,"morning"
57,448,24,424,"weekday","afternoon","unknown","cold","grocery",0,0,0,"midday"
57,450,26,424,"weekend","afternoon","leisure","unknown","restaurant",0,0,0,"midday"
57,452,28,424,"weekday","lunch","working","cold","grocery",0,0,0,"midday"
57,455,31,424,"weekday","lunch","travelling","cold","restaurant",0,0,0,"midday"
57,463,39,424,"weekday","lunch","working","cold","grocery",0,0,0,"midday"
57,466,42,424,"weekday","breakfast","working","unknown","grocery",0,0,0,"morning"
57,470,46,424,"weekday","afternoon","travelling","warm","restaurant",1,0,0,"midday"
57,472,48,424,"weekday","beforelunch","travelling","warm","grocery",1,0,0,"midday"
57,476,52,424,"weekday","dinner","travelling","freezing","restaurant",0,0,0,"night"
57,485,61,424,"weekend","afternoon","shopping","cold","grocery",0,1,0,"midday"
57,495,71,424,"weekday","afternoon","travelling","cold","restaurant",1,1,0,"midday"
57,505,81,424,"weekday","dinner","travelling","cold","restaurant",1,1,0,"night"
57,508,84,424,"weekend","lunch","travelling","unknown","grocery",1,1,0,"midday"
57,511,87,424,"weekday","morning","travelling","unknown","restaurant",1,1,0,"morning"
57,532,108,424,"weekday","beforelunch","working","hot","restaurant",0,1,0,"midday"
57,535,111,424,"weekday","afternoon","travelling","hot","restaurant",0,1,0,"midday"
57,556,132,424,"weekday","beforelunch","travelling","unknown","restaurant",0,1,1,"midday"
57,564,140,424,"weekend","lunch","travelling","cold","restaurant",0,1,1,"midday"
57,587,163,424,"weekday","beforelunch","unknown","unknown","grocery",1,1,1,"midday"
57,591,167,424,"unknown","beforelunch","travelling","warm","restaurant",0,1,1,"midday"
57,593,169,424,"weekday","afternoon","travelling","hot","restaurant",1,1,1,"midday"
57,599,175,424,"weekday","beforelunch","unknown","cold","grocery",0,1,1,"midday"
58,429,1,428,"weekend","breakfast","travelling","cold","grocery",0,0,0,"morning"
58,430,2,428,"weekday","afternoon","travelling","cold","restaurant",0,0,0,"midday"
58,432,4,428,"weekday","afternoon","travelling","unknown","grocery",0,0,0,"midday"
58,435,7,428,"weekday","morning","travelling","unknown","restaurant",0,0,0,"morning"
58,436,8,428,"weekend","afternoon","travelling","warm","restaurant",1,0,0,"midday"
58,438,10,428,"weekday","earlymorning","unknown","cold","grocery",0,0,0,"morning"
58,442,14,428,"weekday","afternoon","unknown","unknown","grocery",0,0,0,"midday"
58,444,16,428,"weekday","night","leisure","warm","grocery",0,0,0,"night"
58,445,17,428,"weekend","breakfast","travelling","unknown","grocery",0,0,0,"morning"
58,446,18,428,"weekday","afternoon","travelling","unknown","grocery",0,0,0,"midday"
58,450,22,428,"weekend","breakfast","unknown","hot","restaurant",1,0,0,"morning"
58,451,23,428,"weekend","breakfast","unknown","cold","restaurant",1,0,0,"morning"
58,452,24,428,"weekday","lunch","unknown","cold","grocery",0,0,0,"midday"
58,458,30,428,"weekend","breakfast","leisure","warm","grocery",0,0,0,"morning"
58,459,31,428,"weekday","lunch","unknown","unknown","restaurant",0,0,0,"midday"
58,462,34,428,"weekday","breakfast","shopping","warm","restaurant",0,0,0,"morning"
58,466,38,428,"weekend","breakfast","working","cold","restaurant",0,0,0,"morning"
58,467,39,428,"weekday","morning","unknown","warm","restaurant",1,0,0,"morning"
58,469,41,428,"weekday","breakfast","travelling","cold","restaurant",0,0,0,"morning"
58,470,42,428,"weekday","evening","unknown","freezing","grocery",0,0,0,"night"
58,471,43,428,"weekday","morning","travelling","unknown","grocery",0,0,0,"morning"
58,474,46,428,"unknown","lunch","travelling","freezing","grocery",0,0,0,"midday"
58,475,47,428,"weekday","breakfast","unknown","warm","grocery",1,0,0,"morning"
58,476,48,428,"weekday","afternoon","travelling","warm","grocery",0,0,0,"midday"
58,477,49,428,"weekday","morning","shopping","cold","restaurant",1,0,0,"morning"
58,480,52,428,"weekend","beforelunch","travelling","freezing","grocery",1,0,0,"midday"
58,481,53,428,"weekday","unknown","leisure","cold","grocery",0,0,0,"unknown"
58,482,54,428,"weekday","beforelunch","morningrituals","cold","restaurant",0,0,0,"midday"
58,484,56,428,"weekday","evening","shopping","hot","restaurant",1,0,0,"night"
58,486,58,428,"weekend","morning","travelling","warm","grocery",0,1,0,"morning"
58,487,59,428,"weekday","lunch","leisure","unknown","restaurant",0,1,0,"midday"
58,488,60,428,"weekday","afternoon","travelling","warm","grocery",0,1,0,"midday"
58,489,61,428,"weekday","lunch","travelling","cold","grocery",0,1,0,"midday"
58,497,69,428,"weekday","dinner","shopping","warm","grocery",0,1,0,"night"
58,499,71,428,"weekday","afternoon","travelling","cold","grocery",0,1,0,"midday"
58,501,73,428,"weekday","afternoon","travelling","freezing","restaurant",0,1,0,"midday"
58,502,74,428,"weekend","lunch","leisure","warm","restaurant",0,1,0,"midday"
58,503,75,428,"weekend","beforelunch","travelling","cold","grocery",0,1,0,"midday"
58,504,76,428,"weekend","afternoon","travelling","cold","grocery",1,1,0,"midday"
58,505,77,428,"weekday","dinner","travelling","warm","grocery",0,1,0,"night"
58,506,78,428,"weekend","beforelunch","unknown","warm","grocery",0,1,0,"midday"
58,507,79,428,"weekday","lunch","travelling","unknown","restaurant",1,1,0,"midday"
58,508,80,428,"weekday","morning","travelling","hot","restaurant",0,1,0,"morning"
58,509,81,428,"weekday","morning","unknown","warm","restaurant",0,1,0,"morning"
58,510,82,428,"weekday","lunch","travelling","freezing","restaurant",0,1,0,"midday"
58,511,83,428,"weekend","afternoon","travelling","hot","restaurant",0,1,0,"midday"
58,512,84,428,"weekday","beforelunch","travelling","unknown","grocery",0,1,0,"midday"
58,513,85,428,"weekday","breakfast","travelling","unknown","restaurant",1,1,0,"morning"
58,514,86,428,"weekday","beforelunch","unknown","hot","restaurant",0,1,0,"midday"
58,515,87,428,"weekday","breakfast","morningrituals","warm","grocery",1,1,0,"morning"
58,516,88,428,"weekday","night","travelling","cold","grocery",1,1,0,"night"
58,517,89,428,"weekday","beforelunch","travelling","unknown","restaurant",0,1,0,"midday"
58,519,91,428,"weekday","lunch","travelling","cold","grocery",0,1,0,"midday"
58,520,92,428,"weekday","afternoon","travelling","unknown","restaurant",0,1,0,"midday"
58,523,95,428,"weekend","night","travelling","cold","grocery",0,1,0,"night"
58,525,97,428,"weekend","morning","unknown","cold","grocery",1,1,0,"morning"
58,528,100,428,"weekday","afternoon","travelling","unknown","restaurant",0,1,0,"midday"
58,530,102,428,"weekday","beforelunch","unknown","freezing","restaurant",0,1,0,"midday"
58,531,103,428,"weekday","afternoon","unknown","hot","grocery",0,1,0,"midday"
58,532,104,428,"weekday","lunch","unknown","cold","restaurant",0,1,0,"midday"
58,533,105,428,"weekend","afternoon","unknown","hot","restaurant",0,1,0,"midday"
58,534,106,428,"weekday","beforelunch","travelling","hot","restaurant",0,1,0,"midday"
58,535,107,428,"weekday","earlymorning","travelling","warm","grocery",1,1,0,"morning"
58,536,108,428,"weekend","afternoon","travelling","unknown","restaurant",1,1,0,"midday"
58,539,111,428,"weekday","breakfast","travelling","cold","grocery",1,1,0,"morning"
58,540,112,428,"weekday","lunch","working","freezing","grocery",0,1,0,"midday"
58,542,114,428,"weekday","lunch","travelling","unknown","grocery",1,1,1,"midday"
58,543,115,428,"weekend","beforelunch","travelling","cold","grocery",1,1,1,"midday"
58,544,116,428,"weekday","night","shopping","cold","restaurant",0,1,1,"night"
58,546,118,428,"weekday","afternoon","travelling","cold","restaurant",1,1,1,"midday"
58,547,119,428,"weekday","beforelunch","travelling","unknown","grocery",0,1,1,"midday"
58,548,120,428,"weekday","afternoon","working","cold","restaurant",0,1,1,"midday"
58,550,122,428,"weekday","lunch","travelling","cold","grocery",1,1,1,"midday"
58,551,123,428,"weekday","lunch","unknown","unknown","grocery",1,1,1,"midday"
58,553,125,428,"weekday","breakfast","travelling","cold","restaurant",0,1,1,"morning"
58,554,126,428,"weekday","afternoon","unknown","cold","grocery",0,1,1,"midday"
58,555,127,428,"weekday","afternoon","travelling","unknown","restaurant",0,1,1,"midday"
58,556,128,428,"weekday","lunch","travelling","freezing","grocery",0,1,1,"midday"
58,558,130,428,"weekday","afternoon","unknown","warm","grocery",0,1,1,"midday"
58,559,131,428,"weekday","afternoon","working","freezing","grocery",0,1,1,"midday"
58,560,132,428,"weekday","afternoon","travelling","warm","grocery",0,1,1,"midday"
58,561,133,428,"weekday","beforelunch","travelling","freezing","restaurant",0,1,1,"midday"
58,562,134,428,"weekday","breakfast","leisure","cold","restaurant",0,1,1,"morning"
58,563,135,428,"weekday","unknown","travelling","warm","restaurant",1,1,1,"unknown"
58,564,136,428,"weekday","lunch","travelling","warm","restaurant",0,1,1,"midday"
58,565,137,428,"weekend","earlymorning","travelling","freezing","grocery",1,1,1,"morning"
58,566,138,428,"weekend","morning","travelling","cold","restaurant",0,1,1,"morning"
58,567,139,428,"weekday","lunch","travelling","warm","grocery",0,1,1,"midday"
58,568,140,428,"weekday","afternoon","travelling","warm","restaurant",1,1,1,"midday"
58,569,141,428,"weekday","breakfast","working","freezing","restaurant",0,1,1,"morning"
58,572,144,428,"weekday","dinner","travelling","cold","restaurant",0,1,1,"night"
58,573,145,428,"weekday","lunch","unknown","cold","restaurant",1,1,1,"midday"
58,575,147,428,"weekday","breakfast","travelling","cold","grocery",0,1,1,"morning"
58,576,148,428,"weekday","afternoon","shopping","freezing","grocery",0,1,1,"midday"
58,581,153,428,"weekend","lunch","travelling","cold","grocery",0,1,1,"midday"
58,582,154,428,"weekday","dinner","travelling","freezing","grocery",0,1,1,"night"
58,585,157,428,"weekend","morning","travelling","cold","grocery",0,1,1,"morning"
58,586,158,428,"weekend","breakfast","travelling","warm","grocery",0,1,1,"morning"
58,587,159,428,"weekday","beforelunch","working","warm","restaurant",1,1,1,"midday"
58,588,160,428,"weekday","afternoon","travelling","unknown","grocery",0,1,1,"midday"
58,590,162,428,"weekday","breakfast","social","cold","restaurant",1,1,1,"morning"
58,598,170,428,"weekday","beforelunch","shopping","cold","grocery",1,1,1,"midday"
58,599,171,428,"weekday","breakfast","travelling","cold","grocery",0,1,1,"morning"
58,602,174,428,"weekend","afternoon","unknown","freezing","restaurant",0,1,1,"midday"
58,603,175,428,"unknown","afternoon","travelling","cold","grocery",0,1,1,"midday"
58,604,176,428,"weekend","dinner","working","cold","restaurant",0,1,1,"night"
58,605,177,428,"weekday","breakfast","working","freezing","restaurant",0,1,1,"morning"
58,607,179,428,"weekday","lunch","travelling","cold","restaurant",0,1,1,"midday"
58,608,180,428,"weekday","night","unknown","cold","grocery",1,1,1,"night"
58,609,181,428,"weekend","breakfast","unknown","cold","grocery",1,1,1,"morning"
58,610,182,428,"weekday","evening","shopping","freezing","grocery",0,1,1,"night"
58,611,183,428,"weekend","afternoon","travelling","cold","restaurant",0,1,1,"midday"
59,430,0,430,"weekday","afternoon","travelling","cold","grocery",0,0,0,"midday"
59,431,1,430,"weekday","dinner","unknown","freezing","grocery",1,0,0,"night"
59,436,6,430,"weekday","beforelunch","working","cold","grocery",1,0,0,"midday"
59,440,10,430,"weekday","lunch","working","hot","restaurant",0,0,0,"midday"
59,441,11,430,"weekday","afternoon","leisure","cold","restaurant",0,0,0,"midday"
59,442,12,430,"weekday","lunch","travelling","unknown","grocery",0,0,0,"midday"
59,445,15,430,"weekday","beforelunch","travelling","cold","grocery",0,0,0,"midday"
59,446,16,430,"weekday","afternoon","unknown","freezing","grocery",0,0,0,"midday"
59,459,29,430,"weekday","lunch","travelling","freezing","restaurant",0,0,0,"midday"
59,465,35,430,"weekday","lunch","leisure","hot","restaurant",0,0,0,"midday"
59,478,48,430,"weekday","lunch","working","unknown","grocery",0,0,0,"midday"
59,480,50,430,"weekend","dinner","unknown","unknown","grocery",0,0,0,"night"
59,482,52,430,"weekend","breakfast","travelling","unknown","restaurant",0,0,0,"morning"
59,486,56,430,"weekday","morning","shopping","warm","grocery",0,0,0,"morning"
59,487,57,430,"weekend","afternoon","housework","unknown","restaurant",1,1,0,"midday"
59,490,60,430,"weekday","morning","travelling","cold","grocery",1,1,0,"morning"
59,496,66,430,"weekend","breakfast","travelling","freezing","restaurant",0,1,0,"morning"
59,498,68,430,"weekday","afternoon","unknown","cold","grocery",0,1,0,"midday"
59,500,70,430,"weekday","lunch","unknown","hot","restaurant",0,1,0,"midday"
59,503,73,430,"weekend","morning","travelling","unknown","restaurant",0,1,0,"morning"
59,510,80,430,"weekend","breakfast","travelling","cold","grocery",0,1,0,"morning"
59,520,90,430,"weekday","unknown","working","warm","grocery",1,1,0,"unknown"
59,522,92,430,"weekday","afternoon","travelling","unknown","grocery",0,1,0,"midday"
59,523,93,430,"weekday","breakfast","travelling","freezing","grocery",0,1,0,"morning"
59,525,95,430,"weekend","morning","travelling","freezing","restaurant",0,1,0,"morning"
59,528,98,430,"weekday","night","travelling","warm","restaurant",0,1,0,"night"
59,533,103,430,"weekday","earlymorning","travelling","unknown","restaurant",0,1,0,"morning"
59,534,104,430,"weekday","morning","shopping","cold","restaurant",0,1,0,"morning"
59,535,105,430,"weekend","breakfast","travelling","cold","grocery",1,1,0,"morning"
59,537,107,430,"weekday","beforelunch","travelling","unknown","grocery",1,1,0,"midday"
59,539,109,430,"weekday","breakfast","working","cold","restaurant",1,1,0,"morning"
59,541,111,430,"weekend","morning","travelling","cold","grocery",0,1,0,"morning"
59,546,116,430,"weekday","unknown","travelling","warm","restaurant",0,1,1,"unknown"
59,549,119,430,"weekend","afternoon","shopping","warm","grocery",1,1,1,"midday"
59,550,120,430,"weekend","lunch","shopping","hot","restaurant",0,1,1,"midday"
59,552,122,430,"weekday","beforelunch","unknown","freezing","restaurant",0,1,1,"midday"
59,555,125,430,"weekend","beforelunch","leisure","freezing","grocery",0,1,1,"midday"
59,556,126,430,"weekday","morning","travelling","freezing","restaurant",0,1,1,"morning"
59,557,127,430,"weekday","lunch","travelling","unknown","grocery",0,1,1,"midday"
59,558,128,430,"weekday","afternoon","working","unknown","grocery",1,1,1,"midday"
59,562,132,430,"weekday","afternoon","unknown","warm","grocery",1,1,1,"midday"
59,570,140,430,"weekday","lunch","working","freezing","restaurant",0,1,1,"midday"
59,572,142,430,"weekday","unknown","working","warm","grocery",0,1,1,"unknown"
59,577,147,430,"weekday","morning","shopping","cold","restaurant",0,1,1,"morning"
59,578,148,430,"weekend","breakfast","travelling","cold","grocery",1,1,1,"morning"
59,579,149,430,"weekday","afternoon","travelling","unknown","restaurant",0,1,1,"midday"
59,585,155,430,"weekday","unknown","travelling","cold","restaurant",1,1,1,"unknown"
59,586,156,430,"weekend","lunch","travelling","hot","grocery",1,1,1,"midday"
59,589,159,430,"weekend","afternoon","travelling","freezing","grocery",0,1,1,"midday"
59,590,160,430,"weekday","beforelunch","travelling","warm","grocery",1,1,1,"midday"
59,593,163,430,"weekday","lunch","travelling","unknown","restaurant",0,1,1,"midday"
59,595,165,430,"weekday","afternoon","unknown","unknown","grocery",0,1,1,"midday"
59,597,167,430,"weekday","lunch","travelling","unknown","restaurant",0,1,1,"midday"
59,598,168,430,"weekend","morning","travelling","warm","restaurant",1,1,1,"morning"
59,601,171,430,"weekday","lunch","shopping","unknown","grocery",0,1,1,"midday"
59,602,172,430,"weekday","beforelunch","morningrituals","freezing","grocery",0,1,1,"midday"
59,605,175,430,"weekday","dinner","travelling","cold","grocery",1,1,1,"night"
59,607,177,430,"weekday","lunch","unknown","warm","restaurant",1,1,1,"midday"
59,610,180,430,"weekend","beforelunch","travelling","warm","restaurant",0,1,1,"midday"
59,612,182,430,"weekday","afternoon","travelling","cold","grocery",1,1,1,"midday"
60,439,0,439,"weekday","lunch","travelling","freezing","restaurant",0,0,0,"midday"
60,445,6,439,"weekday","beforelunch","working","cold","restaurant",0,0,0,"midday"
60,447,8,439,"weekday","dinner","travelling","cold","grocery",0,0,0,"night"
60,450,11,439,"weekday","beforelunch","travelling","cold","grocery",0,0,0,"midday"
60,465,26,439,"weekday","morning","travelling","cold","grocery",0,0,0,"morning"
60,470,31,439,"weekend","breakfast","travelling","hot","grocery",0,0,0,"morning"
60,478,39,439,"weekend","lunch","travelling","warm","restaurant",1,0,0,"midday"
60,496,57,439,"weekday","lunch","unknown","hot","restaurant",1,1,0,"midday"
60,506,67,439,"weekday","morning","travelling","unknown","restaurant",0,1,0,"morning"
60,514,75,439,"weekday","beforelunch","leisure","freezing","restaurant",0,1,0,"midday"
60,515,76,439,"weekday","lunch","working","cold","grocery",0,1,0,"midday"
60,529,90,439,"weekday","morning","travelling","hot","grocery",0,1,0,"morning"
60,534,95,439,"weekend","morning","travelling","freezing","grocery",0,1,0,"morning"
60,535,96,439,"weekday","lunch","travelling","freezing","restaurant",0,1,0,"midday"
60,547,108,439,"weekday","afternoon","morningrituals","unknown","restaurant",0,1,0,"midday"
60,553,114,439,"weekday","beforelunch","travelling","warm","grocery",1,1,1,"midday"
60,554,115,439,"weekday","dinner","travelling","unknown","restaurant",1,1,1,"night"
60,564,125,439,"weekday","afternoon","unknown","warm","grocery",0,1,1,"midday"
60,578,139,439,"weekday","unknown","travelling","unknown","restaurant",1,1,1,"unknown"
60,583,144,439,"weekday","afternoon","working","hot","grocery",0,1,1,"midday"
60,588,149,439,"weekend","afternoon","travelling","unknown","restaurant",0,1,1,"midday"
60,592,153,439,"weekday","afternoon","travelling","cold","grocery",0,1,1,"midday"
60,605,166,439,"weekday","afternoon","unknown","unknown","grocery",0,1,1,"midday"
60,612,173,439,"weekday","breakfast","unknown","hot","grocery",0,1,1,"morning"
60,620,181,439,"weekday","lunch","working","freezing","grocery",0,1,1,"midday"
61,453,7,446,"weekday","lunch","travelling","freezing","grocery",0,0,0,"midday"
61,455,9,446,"weekday","breakfast","housework","cold","restaurant",0,0,0,"morning"
61,456,10,446,"weekday","morning","travelling","warm","grocery",0,0,0,"morning"
61,457,11,446,"weekend","afternoon","working","warm","grocery",0,0,0,"midday"
61,459,13,446,"weekend","afternoon","travelling","cold","grocery",0,0,0,"midday"
61,462,16,446,"unknown","afternoon","leisure","cold","restaurant",0,0,0,"midday"
61,469,23,446,"weekday","breakfast","travelling","unknown","grocery",1,0,0,"morning"
61,477,31,446,"weekend","lunch","shopping","cold","restaurant",0,0,0,"midday"
61,479,33,446,"weekday","afternoon","travelling","warm","restaurant",1,0,0,"midday"
61,480,34,446,"weekend","breakfast","travelling","cold","grocery",0,0,0,"morning"
61,487,41,446,"weekday","afternoon","unknown","unknown","grocery",0,0,0,"midday"
61,497,51,446,"weekday","dinner","shopping","unknown","grocery",1,0,0,"night"
61,501,55,446,"weekday","breakfast","shopping","unknown","restaurant",1,0,0,"morning"
61,506,60,446,"weekday","morning","travelling","cold","restaurant",0,1,0,"morning"
61,508,62,446,"weekday","beforelunch","unknown","unknown","grocery",1,1,0,"midday"
61,509,63,446,"weekday","beforelunch","travelling","cold","grocery",0,1,0,"midday"
61,512,66,446,"weekday","afternoon","unknown","cold","grocery",1,1,0,"midday"
61,518,72,446,"weekday","afternoon","leisure","warm","restaurant",1,1,0,"midday"
61,525,79,446,"weekday","evening","travelling","warm","grocery",0,1,0,"night"
61,528,82,446,"weekday","afternoon","leisure","cold","restaurant",0,1,0,"midday"
61,531,85,446,"weekday","lunch","travelling","cold","restaurant",0,1,0,"midday"
61,532,86,446,"weekend","evening","travelling","freezing","grocery",0,1,0,"night"
61,533,87,446,"weekend","breakfast","travelling","unknown","restaurant",0,1,0,"morning"
61,535,89,446,"weekend","lunch","working","unknown","restaurant",0,1,0,"midday"
61,542,96,446,"weekday","morning","working","unknown","restaurant",0,1,0,"morning"
61,544,98,446,"weekday","breakfast","travelling","cold","grocery",1,1,0,"morning"
61,547,101,446,"weekday","beforelunch","shopping","hot","restaurant",0,1,0,"midday"
61,550,104,446,"weekday","afternoon","shopping","unknown","restaurant",0,1,0,"midday"
61,551,105,446,"weekday","breakfast","travelling","unknown","grocery",0,1,0,"morning"
61,560,114,446,"weekday","beforelunch","travelling","unknown","grocery",0,1,1,"midday"
61,566,120,446,"weekday","afternoon","travelling","freezing","restaurant",0,1,1,"midday"
61,573,127,446,"weekday","breakfast","working","warm","restaurant",0,1,1,"morning"
61,575,129,446,"weekday","afternoon","working","unknown","restaurant",0,1,1,"midday"
61,579,133,446,"weekday","lunch","travelling","warm","grocery",0,1,1,"midday"
61,582,136,446,"weekend","afternoon","morningrituals","cold","grocery",0,1,1,"midday"
61,589,143,446,"weekday","morning","travelling","warm","restaurant",1,1,1,"morning"
61,593,147,446,"weekday","beforelunch","travelling","freezing","restaurant",0,1,1,"midday"
61,594,148,446,"weekday","afternoon","travelling","cold","restaurant",1,1,1,"midday"
61,595,149,446,"weekday","afternoon","unknown","unknown","grocery",0,1,1,"midday"
61,596,150,446,"unknown","beforelunch","travelling","cold","grocery",1,1,1,"midday"
61,601,155,446,"weekday","afternoon","travelling","hot","grocery",1,1,1,"midday"
61,606,160,446,"weekend","beforelunch","travelling","cold","grocery",1,1,1,"midday"
61,608,162,446,"weekend","night","working","unknown","grocery",0,1,1,"night"
61,610,164,446,"weekday","morning","travelling","cold","grocery",1,1,1,"morning"
61,614,168,446,"weekday","unknown","unknown","cold","grocery",0,1,1,"unknown"
61,618,172,446,"weekday","breakfast","travelling","unknown","grocery",0,1,1,"morning"
61,619,173,446,"weekday","lunch","travelling","freezing","grocery",0,1,1,"midday"
61,621,175,446,"weekday","earlymorning","leisure","cold","grocery",1,1,1,"morning"
61,623,177,446,"weekday","lunch","morningrituals","cold","restaurant",1,1,1,"midday"
61,626,180,446,"weekday","dinner","travelling","warm","grocery",0,1,1,"night"
62,454,0,454,"weekend","morning","unknown","cold","grocery",0,0,0,"morning"
62,455,1,454,"weekday","breakfast","travelling","cold","restaurant",0,0,0,"morning"
62,459,5,454,"weekday","breakfast","unknown","freezing","restaurant",1,0,0,"morning"
62,461,7,454,"weekend","latenight","travelling","cold","grocery",0,0,0,"night"
62,463,9,454,"weekday","lunch","travelling","freezing","grocery",0,0,0,"midday"
62,469,15,454,"weekday","lunch","working","cold","restaurant",0,0,0,"midday"
62,473,19,454,"weekend","breakfast","shopping","freezing","grocery",1,0,0,"morning"
62,474,20,454,"weekend","breakfast","unknown","hot","grocery",0,0,0,"morning"
62,476,22,454,"weekend","breakfast","travelling","freezing","restaurant",0,0,0,"morning"
62,479,25,454,"weekday","afternoon","travelling","freezing","grocery",1,0,0,"midday"
62,480,26,454,"weekend","lunch","leisure","cold","grocery",0,0,0,"midday"
62,483,29,454,"weekday","beforelunch","travelling","freezing","grocery",0,0,0,"midday"
62,485,31,454,"weekday","unknown","shopping","unknown","restaurant",0,0,0,"unknown"
62,486,32,454,"weekday","morning","travelling","freezing","grocery",0,0,0,"morning"
62,487,33,454,"weekday","afternoon","travelling","freezing","restaurant",0,0,0,"midday"
62,492,38,454,"weekday","beforelunch","travelling","cold","restaurant",0,0,0,"midday"
62,494,40,454,"weekend","lunch","travelling","cold","restaurant",0,0,0,"midday"
62,496,42,454,"weekday","beforelunch","travelling","hot","grocery",0,0,0,"midday"
62,497,43,454,"weekend","lunch","travelling","warm","restaurant",0,0,0,"midday"
62,499,45,454,"weekday","beforelunch","travelling","freezing","grocery",1,0,0,"midday"
62,501,47,454,"weekday","beforelunch","unknown","hot","grocery",0,0,0,"midday"
62,502,48,454,"weekend","evening","unknown","freezing","grocery",0,0,0,"night"
62,504,50,454,"weekday","unknown","unknown","cold","grocery",0,0,0,"unknown"
62,508,54,454,"weekday","afternoon","morningrituals","freezing","grocery",1,0,0,"midday"
62,510,56,454,"weekend","breakfast","travelling","warm","restaurant",0,0,0,"morning"
62,512,58,454,"weekend","afternoon","unknown","cold","restaurant",0,1,0,"midday"
62,513,59,454,"weekday","breakfast","shopping","cold","grocery",0,1,0,"morning"
62,515,61,454,"weekday","afternoon","workingout","hot","restaurant",0,1,0,"midday"
62,519,65,454,"weekend","beforelunch","travelling","cold","grocery",0,1,0,"midday"
62,522,68,454,"weekday","beforelunch","travelling","cold","restaurant",0,1,0,"midday"
62,524,70,454,"weekend","lunch","leisure","unknown","grocery",0,1,0,"midday"
62,525,71,454,"weekend","lunch","unknown","freezing","restaurant",0,1,0,"midday"
62,526,72,454,"weekday","afternoon","travelling","warm","grocery",0,1,0,"midday"
62,527,73,454,"weekend","lunch","travelling","cold","grocery",0,1,0,"midday"
62,529,75,454,"weekday","breakfast","travelling","unknown","restaurant",0,1,0,"morning"
62,533,79,454,"weekday","earlymorning","unknown","warm","grocery",1,1,0,"morning"
62,535,81,454,"weekday","beforelunch","unknown","warm","restaurant",0,1,0,"midday"
62,539,85,454,"weekend","beforelunch","travelling","unknown","restaurant",1,1,0,"midday"
62,543,89,454,"weekday","beforelunch","unknown","unknown","grocery",1,1,0,"midday"
62,546,92,454,"weekday","morning","travelling","unknown","grocery",0,1,0,"morning"
62,547,93,454,"weekday","breakfast","travelling","freezing","grocery",0,1,0,"morning"
62,548,94,454,"weekday","afternoon","travelling","unknown","grocery",0,1,0,"midday"
62,549,95,454,"weekday","afternoon","working","unknown","restaurant",0,1,0,"midday"
62,550,96,454,"weekday","breakfast","travelling","unknown","grocery",1,1,0,"morning"
62,552,98,454,"weekday","lunch","workingout","unknown","restaurant",1,1,0,"midday"
62,553,99,454,"weekday","afternoon","travelling","unknown","restaurant",1,1,0,"midday"
62,555,101,454,"weekend","dinner","leisure","warm","restaurant",1,1,0,"night"
62,556,102,454,"weekday","afternoon","unknown","freezing","grocery",1,1,0,"midday"
62,557,103,454,"weekend","night","unknown","unknown","grocery",0,1,0,"night"
62,558,104,454,"weekday","dinner","travelling","freezing","restaurant",1,1,0,"night"
62,561,107,454,"weekday","afternoon","travelling","hot","restaurant",1,1,0,"midday"
62,564,110,454,"weekday","afternoon","travelling","cold","restaurant",0,1,0,"midday"
62,565,111,454,"weekday","lunch","shopping","unknown","grocery",0,1,0,"midday"
62,566,112,454,"weekday","beforelunch","morningrituals","cold","grocery",0,1,0,"midday"
62,567,113,454,"weekday","afternoon","unknown","cold","restaurant",0,1,1,"midday"
62,569,115,454,"weekday","afternoon","travelling","cold","grocery",1,1,1,"midday"
62,570,116,454,"weekday","earlymorning","travelling","unknown","grocery",0,1,1,"morning"
62,571,117,454,"weekday","lunch","unknown","freezing","grocery",0,1,1,"midday"
62,573,119,454,"weekday","afternoon","travelling","unknown","grocery",1,1,1,"midday"
62,574,120,454,"weekday","beforelunch","travelling","hot","grocery",0,1,1,"midday"
62,576,122,454,"weekday","afternoon","travelling","cold","grocery",0,1,1,"midday"
62,578,124,454,"weekend","lunch","unknown","cold","restaurant",1,1,1,"midday"
62,579,125,454,"weekday","beforelunch","travelling","cold","grocery",0,1,1,"midday"
62,580,126,454,"weekday","evening","unknown","cold","restaurant",0,1,1,"night"
62,581,127,454,"weekend","lunch","travelling","unknown","restaurant",1,1,1,"midday"
62,582,128,454,"weekday","lunch","travelling","freezing","grocery",0,1,1,"midday"
62,583,129,454,"weekday","breakfast","travelling","cold","grocery",0,1,1,"morning"
62,584,130,454,"weekday","lunch","unknown","warm","grocery",0,1,1,"midday"
62,585,131,454,"weekday","night","leisure","cold","grocery",0,1,1,"night"
62,589,135,454,"weekday","morning","travelling","warm","restaurant",0,1,1,"morning"
62,590,136,454,"weekday","beforelunch","working","cold","restaurant",0,1,1,"midday"
62,591,137,454,"weekend","breakfast","travelling","cold","grocery",0,1,1,"morning"
62,592,138,454,"weekday","breakfast","unknown","cold","grocery",0,1,1,"morning"
62,593,139,454,"weekday","afternoon","travelling","freezing","restaurant",0,1,1,"midday"
62,594,140,454,"weekday","lunch","travelling","cold","grocery",1,1,1,"midday"
62,595,141,454,"weekday","afternoon","travelling","freezing","grocery",0,1,1,"midday"
62,596,142,454,"weekday","beforelunch","working","unknown","grocery",0,1,1,"midday"
62,597,143,454,"weekday","beforelunch","travelling","cold","grocery",1,1,1,"midday"
62,598,144,454,"weekday","breakfast","travelling","unknown","grocery",1,1,1,"morning"
62,601,147,454,"weekday","beforelunch","travelling","unknown","grocery",0,1,1,"midday"
62,602,148,454,"weekday","beforelunch","travelling","unknown","restaurant",1,1,1,"midday"
62,603,149,454,"weekday","morning","unknown","cold","grocery",1,1,1,"morning"
62,606,152,454,"weekday","afternoon","morningrituals","warm","restaurant",0,1,1,"midday"
62,607,153,454,"weekday","afternoon","travelling","warm","grocery",0,1,1,"midday"
62,610,156,454,"weekend","lunch","travelling","freezing","grocery",1,1,1,"midday"
62,613,159,454,"weekday","breakfast","travelling","cold","grocery",0,1,1,"morning"
62,614,160,454,"weekday","beforelunch","morningrituals","cold","restaurant",0,1,1,"midday"
62,616,162,454,"weekend","breakfast","travelling","cold","restaurant",0,1,1,"morning"
62,618,164,454,"weekday","lunch","travelling","freezing","grocery",0,1,1,"midday"
62,619,165,454,"weekday","dinner","working","freezing","grocery",0,1,1,"night"
62,620,166,454,"weekday","afternoon","travelling","freezing","grocery",0,1,1,"midday"
62,621,167,454,"weekend","night","travelling","cold","restaurant",0,1,1,"night"
62,622,168,454,"weekday","afternoon","shopping","cold","grocery",0,1,1,"midday"
62,623,169,454,"weekday","breakfast","travelling","cold","restaurant",1,1,1,"morning"
62,624,170,454,"weekday","afternoon","morningrituals","cold","restaurant",1,1,1,"midday"
62,626,172,454,"weekday","lunch","travelling","cold","grocery",0,1,1,"midday"
62,630,176,454,"weekday","beforelunch","travelling","unknown","restaurant",1,1,1,"midday"
62,632,178,454,"weekend","lunch","leisure","warm","grocery",0,1,1,"midday"
62,637,183,454,"weekday","beforelunch","travelling","cold","restaurant",0,1,1,"midday"
63,464,4,460,"weekday","dinner","unknown","unknown","restaurant",0,0,0,"night"
63,466,6,460,"weekday","beforelunch","travelling","warm","grocery",1,0,0,"midday"
63,467,7,460,"weekday","breakfast","unknown","cold","grocery",0,0,0,"morning"
63,469,9,460,"weekend","lunch","travelling","unknown","restaurant",1,0,0,"midday"
63,473,13,460,"weekday","afternoon","morningrituals","unknown","restaurant",0,0,0,"midday"
63,476,16,460,"weekday","beforelunch","leisure","cold","restaurant",1,0,0,"midday"
63,488,28,460,"weekday","afternoon","travelling","cold","grocery",0,0,0,"midday"
63,492,32,460,"weekday","dinner","leisure","unknown","grocery",1,0,0,"night"
63,493,33,460,"weekday","afternoon","travelling","cold","restaurant",0,0,0,"midday"
63,503,43,460,"weekday","afternoon","travelling","cold","restaurant",0,0,0,"midday"
63,507,47,460,"weekday","afternoon","leisure","freezing","grocery",1,0,0,"midday"
63,513,53,460,"weekday","lunch","travelling","freezing","restaurant",0,0,0,"midday"
63,514,54,460,"weekend","lunch","unknown","cold","grocery",0,0,0,"midday"
63,516,56,460,"weekday","morning","working","hot","restaurant",0,0,0,"morning"
63,518,58,460,"weekday","breakfast","leisure","cold","grocery",0,1,0,"morning"
63,530,70,460,"weekday","beforelunch","travelling","warm","restaurant",0,1,0,"midday"
63,531,71,460,"weekend","beforelunch","unknown","cold","restaurant",0,1,0,"midday"
63,532,72,460,"weekday","lunch","leisure","unknown","restaurant",0,1,0,"midday"
63,534,74,460,"weekday","lunch","travelling","unknown","grocery",0,1,0,"midday"
63,537,77,460,"weekday","beforelunch","leisure","hot","grocery",0,1,0,"midday"
63,542,82,460,"weekday","lunch","leisure","cold","grocery",0,1,0,"midday"
63,554,94,460,"weekday","afternoon","working","freezing","grocery",0,1,0,"midday"
63,563,103,460,"weekend","beforelunch","working","cold","restaurant",0,1,0,"midday"
63,564,104,460,"weekday","morning","travelling","freezing","grocery",0,1,0,"morning"
63,569,109,460,"weekend","unknown","working","cold","grocery",0,1,0,"unknown"
63,571,111,460,"weekday","afternoon","travelling","hot","grocery",1,1,0,"midday"
63,575,115,460,"weekday","afternoon","travelling","warm","restaurant",0,1,1,"midday"
63,582,122,460,"weekend","morning","morningrituals","hot","grocery",0,1,1,"morning"
63,591,131,460,"weekday","afternoon","travelling","unknown","restaurant",1,1,1,"midday"
63,594,134,460,"weekday","afternoon","leisure","freezing","grocery",0,1,1,"midday"
63,605,145,460,"weekday","afternoon","travelling","unknown","grocery",0,1,1,"midday"
63,606,146,460,"weekend","beforelunch","travelling","cold","restaurant",1,1,1,"midday"
63,610,150,460,"weekday","afternoon","travelling","freezing","restaurant",1,1,1,"midday"
63,613,153,460,"weekday","afternoon","travelling","freezing","restaurant",1,1,1,"midday"
63,614,154,460,"weekday","afternoon","shopping","unknown","grocery",0,1,1,"midday"
63,616,156,460,"weekday","beforelunch","working","freezing","grocery",0,1,1,"midday"
63,620,160,460,"weekday","breakfast","travelling","cold","grocery",0,1,1,"morning"
63,621,161,460,"weekday","lunch","shopping","warm","grocery",0,1,1,"midday"
63,625,165,460,"weekday","lunch","travelling","cold","restaurant",1,1,1,"midday"
63,626,166,460,"unknown","beforelunch","travelling","freezing","grocery",1,1,1,"midday"
63,627,167,460,"weekend","afternoon","travelling","unknown","grocery",0,1,1,"midday"
63,630,170,460,"weekend","lunch","unknown","freezing","grocery",0,1,1,"midday"
63,637,177,460,"weekday","afternoon","travelling","cold","restaurant",0,1,1,"midday"
63,641,181,460,"weekday","lunch","travelling","freezing","restaurant",0,1,1,"midday"
64,479,8,471,"weekend","lunch","travelling","cold","grocery",0,0,0,"midday"
64,480,9,471,"weekend","night","working","unknown","restaurant",1,0,0,"night"
64,490,19,471,"weekday","lunch","travelling","cold","restaurant",0,0,0,"midday"
64,492,21,471,"unknown","dinner","travelling","hot","grocery",0,0,0,"night"
64,498,27,471,"unknown","afternoon","travelling","cold","grocery",0,0,0,"midday"
64,506,35,471,"weekday","lunch","shopping","cold","grocery",1,0,0,"midday"
64,514,43,471,"weekday","lunch","travelling","freezing","restaurant",0,0,0,"midday"
64,516,45,471,"weekday","breakfast","travelling","hot","restaurant",1,0,0,"morning"
64,517,46,471,"weekday","afternoon","travelling","warm","grocery",0,0,0,"midday"
64,518,47,471,"weekend","morning","unknown","unknown","restaurant",0,0,0,"morning"
64,525,54,471,"weekday","evening","travelling","cold","restaurant",0,0,0,"night"
64,526,55,471,"weekday","breakfast","travelling","freezing","grocery",1,0,0,"morning"
64,545,74,471,"weekday","lunch","travelling","unknown","restaurant",1,1,0,"midday"
64,547,76,471,"weekday","earlymorning","unknown","cold","grocery",1,1,0,"morning"
64,557,86,471,"weekday","breakfast","unknown","warm","grocery",1,1,0,"morning"
64,558,87,471,"weekend","beforelunch","unknown","hot","grocery",0,1,0,"midday"
64,560,89,471,"weekday","beforelunch","travelling","freezing","restaurant",1,1,0,"midday"
64,561,90,471,"weekday","beforelunch","working","cold","restaurant",0,1,0,"midday"
64,564,93,471,"weekend","lunch","travelling","warm","grocery",0,1,0,"midday"
64,582,111,471,"weekday","dinner","working","cold","grocery",1,1,0,"night"
64,583,112,471,"weekday","afternoon","unknown","freezing","restaurant",0,1,0,"midday"
64,588,117,471,"weekday","afternoon","travelling","cold","restaurant",1,1,1,"midday"
64,592,121,471,"weekend","lunch","working","hot","restaurant",0,1,1,"midday"
64,595,124,471,"weekday","beforelunch","travelling","freezing","grocery",0,1,1,"midday"
64,609,138,471,"weekend","breakfast","travelling","warm","restaurant",1,1,1,"morning"
64,611,140,471,"weekday","earlymorning","morningrituals","cold","grocery",1,1,1,"morning"
64,622,151,471,"weekday","lunch","unknown","cold","grocery",0,1,1,"midday"
64,629,158,471,"weekday","afternoon","travelling","cold","restaurant",1,1,1,"midday"
64,633,162,471,"weekday","breakfast","housework","cold","grocery",0,1,1,"morning"
64,635,164,471,"weekday","dinner","travelling","hot","restaurant",0,1,1,"night"
64,637,166,471,"weekday","beforelunch","unknown","cold","restaurant",1,1,1,"midday"
64,639,168,471,"weekday","morning","travelling","unknown","grocery",0,1,1,"morning"
65,483,1,482,"weekday","afternoon","travelling","hot","restaurant",1,0,0,"midday"
65,484,2,482,"weekend","breakfast","travelling","freezing","restaurant",1,0,0,"morning"
65,486,4,482,"weekend","afternoon","leisure","cold","grocery",1,0,0,"midday"
65,487,5,482,"weekday","morning","travelling","cold","grocery",0,0,0,"morning"
65,488,6,482,"weekday","beforelunch","travelling","freezing","restaurant",1,0,0,"midday"
65,492,10,482,"weekday","lunch","working","unknown","restaurant",0,0,0,"midday"
65,493,11,482,"weekend","beforelunch","travelling","freezing","restaurant",0,0,0,"midday"
65,496,14,482,"weekday","afternoon","travelling","cold","restaurant",0,0,0,"midday"
65,497,15,482,"weekday","lunch","travelling","freezing","restaurant",0,0,0,"midday"
65,502,20,482,"weekday","lunch","travelling","freezing","grocery",0,0,0,"midday"
65,518,36,482,"unknown","beforelunch","leisure","hot","grocery",1,0,0,"midday"
65,519,37,482,"weekday","breakfast","unknown","cold","restaurant",0,0,0,"morning"
65,521,39,482,"weekday","earlymorning","unknown","cold","restaurant",0,0,0,"morning"
65,526,44,482,"weekend","morning","travelling","hot","restaurant",1,0,0,"morning"
65,528,46,482,"weekend","breakfast","travelling","freezing","grocery",0,0,0,"morning"
65,529,47,482,"weekday","breakfast","working","cold","grocery",0,0,0,"morning"
65,531,49,482,"weekday","lunch","travelling","cold","restaurant",1,0,0,"midday"
65,532,50,482,"weekend","breakfast","travelling","warm","restaurant",0,0,0,"morning"
65,534,52,482,"weekend","beforelunch","travelling","unknown","grocery",1,0,0,"midday"
65,536,54,482,"weekday","dinner","unknown","warm","restaurant",1,0,0,"night"
65,537,55,482,"weekend","afternoon","morningrituals","unknown","grocery",0,0,0,"midday"
65,540,58,482,"weekday","afternoon","travelling","freezing","grocery",0,1,0,"midday"
65,541,59,482,"weekday","lunch","travelling","freezing","restaurant",1,1,0,"midday"
65,543,61,482,"weekday","lunch","morningrituals","cold","grocery",0,1,0,"midday"
65,544,62,482,"weekend","lunch","travelling","cold","grocery",0,1,0,"midday"
65,554,72,482,"weekend","unknown","shopping","cold","grocery",0,1,0,"unknown"
65,555,73,482,"weekend","beforelunch","travelling","cold","restaurant",0,1,0,"midday"
65,556,74,482,"weekday","breakfast","travelling","freezing","grocery",0,1,0,"morning"
65,557,75,482,"weekday","afternoon","unknown","warm","restaurant",0,1,0,"midday"
65,560,78,482,"weekday","afternoon","unknown","freezing","restaurant",1,1,0,"midday"
65,565,83,482,"weekday","beforelunch","travelling","cold","restaurant",0,1,0,"midday"
65,567,85,482,"weekday","unknown","travelling","freezing","restaurant",0,1,0,"unknown"
65,570,88,482,"weekend","morning","travelling","freezing","restaurant",0,1,0,"morning"
65,574,92,482,"weekend","afternoon","unknown","cold","restaurant",0,1,0,"midday"
65,578,96,482,"weekday","earlymorning","travelling","hot","grocery",1,1,0,"morning"
65,581,99,482,"weekday","beforelunch","unknown","freezing","grocery",0,1,0,"midday"
65,582,100,482,"weekday","afternoon","travelling","cold","grocery",0,1,0,"midday"
65,585,103,482,"weekday","beforelunch","travelling","warm","restaurant",1,1,0,"midday"
65,587,105,482,"weekday","breakfast","travelling","cold","grocery",1,1,0,"morning"
65,589,107,482,"weekday","afternoon","travelling","warm","restaurant",1,1,0,"midday"
65,591,109,482,"weekday","lunch","unknown","hot","grocery",1,1,0,"midday"
65,594,112,482,"weekday","beforelunch","working","cold","grocery",0,1,0,"midday"
65,603,121,482,"weekday","lunch","travelling","cold","grocery",0,1,1,"midday"
65,609,127,482,"weekend","night","unknown","freezing","restaurant",1,1,1,"night"
65,610,128,482,"weekday","unknown","morningrituals","unknown","grocery",0,1,1,"unknown"
65,615,133,482,"weekday","breakfast","morningrituals","hot","grocery",1,1,1,"morning"
65,616,134,482,"weekend","earlymorning","travelling","cold","grocery",1,1,1,"morning"
65,617,135,482,"weekday","breakfast","travelling","warm","restaurant",0,1,1,"morning"
65,618,136,482,"weekday","afternoon","unknown","unknown","restaurant",1,1,1,"midday"
65,619,137,482,"weekday","night","travelling","hot","grocery",0,1,1,"night"
65,622,140,482,"weekend","breakfast","travelling","freezing","grocery",0,1,1,"morning"
65,626,144,482,"weekend","lunch","working","cold","grocery",0,1,1,"midday"
65,628,146,482,"weekday","afternoon","travelling","freezing","grocery",0,1,1,"midday"
65,630,148,482,"weekend","beforelunch","travelling","unknown","grocery",0,1,1,"midday"
65,631,149,482,"weekday","breakfast","travelling","unknown","grocery",0,1,1,"morning"
65,632,150,482,"weekday","dinner","travelling","cold","grocery",0,1,1,"night"
65,647,165,482,"weekday","morning","unknown","freezing","restaurant",0,1,1,"morning"
65,656,174,482,"weekday","lunch","travelling","cold","restaurant",1,1,1,"midday"
65,660,178,482,"weekend","lunch","working","freezing","restaurant",0,1,1,"midday"
65,665,183,482,"weekday","lunch","unknown","freezing","restaurant",0,1,1,"midday"
66,515,30,485,"weekday","beforelunch","travelling","unknown","grocery",1,0,0,"midday"
66,583,98,485,"weekend","lunch","travelling","warm","grocery",0,1,0,"midday"
66,636,151,485,"weekday","lunch","travelling","freezing","grocery",0,1,1,"midday"
67,494,2,492,"weekday","afternoon","travelling","unknown","restaurant",0,0,0,"midday"
67,498,6,492,"weekday","afternoon","unknown","hot","restaurant",0,0,0,"midday"
67,509,17,492,"weekday","afternoon","working","unknown","restaurant",1,0,0,"midday"
67,510,18,492,"weekend","lunch","travelling","warm","restaurant",0,0,0,"midday"
67,511,19,492,"weekend","afternoon","leisure","freezing","grocery",0,0,0,"midday"
67,514,22,492,"weekday","lunch","unknown","unknown","restaurant",0,0,0,"midday"
67,515,23,492,"weekday","morning","working","unknown","restaurant",0,0,0,"morning"
67,530,38,492,"weekend","lunch","unknown","cold","restaurant",0,0,0,"midday"
67,532,40,492,"weekday","night","leisure","freezing","grocery",0,0,0,"night"
67,534,42,492,"weekday","lunch","working","cold","restaurant",1,0,0,"midday"
67,542,50,492,"weekday","lunch","travelling","hot","grocery",0,0,0,"midday"
67,546,54,492,"weekend","night","morningrituals","cold","restaurant",0,0,0,"night"
67,561,69,492,"weekday","afternoon","travelling","freezing","restaurant",0,1,0,"midday"
67,564,72,492,"weekday","morning","travelling","unknown","restaurant",0,1,0,"morning"
67,570,78,492,"weekday","lunch","working","warm","grocery",1,1,0,"midday"
67,577,85,492,"weekday","lunch","travelling","cold","grocery",1,1,0,"midday"
67,579,87,492,"weekday","unknown","travelling","cold","restaurant",0,1,0,"unknown"
67,585,93,492,"weekday","morning","leisure","hot","grocery",0,1,0,"morning"
67,588,96,492,"weekend","afternoon","travelling","unknown","restaurant",1,1,0,"midday"
67,590,98,492,"weekday","lunch","unknown","freezing","grocery",0,1,0,"midday"
67,594,102,492,"weekend","dinner","travelling","warm","grocery",0,1,0,"night"
67,603,111,492,"weekday","morning","travelling","hot","restaurant",1,1,0,"morning"
67,611,119,492,"weekend","earlymorning","travelling","unknown","restaurant",0,1,1,"morning"
67,614,122,492,"weekday","beforelunch","morningrituals","unknown","grocery",0,1,1,"midday"
67,618,126,492,"weekday","night","travelling","warm","grocery",0,1,1,"night"
67,621,129,492,"weekday","breakfast","leisure","cold","restaurant",1,1,1,"morning"
67,658,166,492,"weekday","dinner","working","cold","grocery",0,1,1,"night"
67,659,167,492,"weekend","afternoon","travelling","unknown","restaurant",0,1,1,"midday"
67,664,172,492,"weekday","afternoon","travelling","freezing","grocery",1,1,1,"midday"
68,507,3,504,"weekday","dinner","unknown","hot","grocery",1,0,0,"night"
68,524,20,504,"weekday","breakfast","travelling","cold","grocery",0,0,0,"morning"
68,682,178,504,"unknown","afternoon","travelling","freezing","restaurant",0,1,1,"midday"
69,510,4,506,"weekday","beforelunch","travelling","freezing","grocery",1,0,0,"midday"
69,517,11,506,"weekday","lunch","travelling","freezing","grocery",1,0,0,"midday"
69,525,19,506,"weekday","beforelunch","travelling","hot","grocery",0,0,0,"midday"
69,532,26,506,"weekday","morning","travelling","unknown","grocery",0,0,0,"morning"
69,547,41,506,"weekday","beforelunch","travelling","warm","restaurant",0,0,0,"midday"
69,555,49,506,"weekday","lunch","shopping","warm","grocery",0,0,0,"midday"
69,559,53,506,"weekday","lunch","shopping","warm","restaurant",0,0,0,"midday"
69,560,54,506,"weekday","evening","unknown","cold","grocery",0,0,0,"night"
69,561,55,506,"weekend","afternoon","unknown","freezing","restaurant",0,0,0,"midday"
69,569,63,506,"weekday","lunch","travelling","warm","grocery",1,1,0,"midday"
69,574,68,506,"weekday","beforelunch","unknown","cold","grocery",1,1,0,"midday"
69,578,72,506,"weekend","beforelunch","travelling","warm","restaurant",0,1,0,"midday"
69,581,75,506,"weekend","beforelunch","travelling","cold","restaurant",0,1,0,"midday"
69,583,77,506,"weekday","lunch","working","warm","restaurant",0,1,0,"midday"
69,587,81,506,"weekend","afternoon","travelling","freezing","grocery",0,1,0,"midday"
69,588,82,506,"weekday","beforelunch","shopping","unknown","restaurant",0,1,0,"midday"
69,591,85,506,"weekend","beforelunch","leisure","cold","grocery",1,1,0,"midday"
69,595,89,506,"weekday","lunch","travelling","unknown","restaurant",0,1,0,"midday"
69,597,91,506,"weekday","morning","travelling","cold","restaurant",0,1,0,"morning"
69,598,92,506,"weekday","afternoon","travelling","warm","restaurant",1,1,0,"midday"
69,601,95,506,"weekday","afternoon","travelling","warm","restaurant",0,1,0,"midday"
69,604,98,506,"weekday","beforelunch","shopping","unknown","grocery",0,1,0,"midday"
69,609,103,506,"weekend","lunch","working","unknown","grocery",0,1,0,"midday"
69,616,110,506,"weekday","afternoon","unknown","unknown","grocery",1,1,0,"midday"
69,627,121,506,"weekday","lunch","travelling","hot","grocery",0,1,1,"midday"
69,634,128,506,"weekday","afternoon","travelling","cold","grocery",0,1,1,"midday"
69,643,137,506,"weekday","afternoon","working","cold","grocery",0,1,1,"midday"
69,645,139,506,"weekend","afternoon","unknown","hot","restaurant",0,1,1,"midday"
69,648,142,506,"weekend","breakfast","travelling","unknown","grocery",1,1,1,"morning"
69,652,146,506,"weekday","afternoon","unknown","unknown","grocery",0,1,1,"midday"
69,654,148,506,"weekday","beforelunch","travelling","freezing","grocery",0,1,1,"midday"
69,665,159,506,"weekday","lunch","travelling","cold","grocery",0,1,1,"midday"
69,677,171,506,"weekday","lunch","shopping","cold","restaurant",0,1,1,"midday"
69,679,173,506,"weekday","lunch","travelling","freezing","grocery",0,1,1,"midday"
70,514,0,514,"weekend","breakfast","travelling","cold","grocery",0,0,0,"morning"
70,517,3,514,"weekend","lunch","travelling","freezing","grocery",0,0,0,"midday"
70,532,18,514,"weekday","lunch","morningrituals","freezing","grocery",0,0,0,"midday"
70,538,24,514,"weekday","lunch","travelling","warm","restaurant",0,0,0,"midday"
70,541,27,514,"weekday","breakfast","travelling","cold","grocery",0,0,0,"morning"
70,542,28,514,"weekday","dinner","leisure","freezing","grocery",0,0,0,"night"
70,546,32,514,"weekday","breakfast","travelling","warm","restaurant",0,0,0,"morning"
70,548,34,514,"weekend","beforelunch","travelling","unknown","grocery",1,0,0,"midday"
70,567,53,514,"weekday","beforelunch","travelling","freezing","grocery",0,0,0,"midday"
70,584,70,514,"weekend","morning","travelling","cold","grocery",0,1,0,"morning"
70,591,77,514,"weekday","afternoon","travelling","freezing","grocery",1,1,0,"midday"
70,594,80,514,"weekend","afternoon","unknown","cold","restaurant",0,1,0,"midday"
70,598,84,514,"weekday","morning","travelling","freezing","grocery",1,1,0,"morning"
70,614,100,514,"weekend","breakfast","unknown","unknown","grocery",0,1,0,"morning"
70,616,102,514,"weekend","evening","shopping","cold","restaurant",1,1,0,"night"
70,619,105,514,"weekday","afternoon","travelling","cold","restaurant",1,1,0,"midday"
70,624,110,514,"weekday","afternoon","travelling","cold","grocery",0,1,0,"midday"
70,627,113,514,"weekday","breakfast","travelling","cold","grocery",1,1,1,"morning"
70,632,118,514,"weekday","lunch","travelling","cold","grocery",1,1,1,"midday"
70,633,119,514,"weekday","morning","travelling","cold","grocery",0,1,1,"morning"
70,639,125,514,"weekday","lunch","travelling","cold","restaurant",0,1,1,"midday"
70,647,133,514,"weekday","lunch","travelling","freezing","grocery",0,1,1,"midday"
70,648,134,514,"weekday","afternoon","unknown","cold","grocery",1,1,1,"midday"
70,658,144,514,"weekday","afternoon","shopping","hot","restaurant",0,1,1,"midday"
70,666,152,514,"weekend","breakfast","unknown","unknown","grocery",0,1,1,"morning"
70,667,153,514,"weekday","breakfast","travelling","freezing","grocery",0,1,1,"morning"
70,677,163,514,"weekday","breakfast","shopping","unknown","grocery",0,1,1,"morning"
70,678,164,514,"weekday","afternoon","travelling","freezing","grocery",0,1,1,"midday"
70,679,165,514,"weekday","beforelunch","travelling","unknown","restaurant",0,1,1,"midday"
70,686,172,514,"weekday","beforelunch","travelling","unknown","grocery",1,1,1,"midday"
70,691,177,514,"weekday","beforelunch","travelling","unknown","grocery",1,1,1,"midday"
70,693,179,514,"weekday","afternoon","travelling","freezing","grocery",0,1,1,"midday"
70,695,181,514,"weekend","afternoon","travelling","hot","grocery",1,1,1,"midday"
71,524,2,522,"weekday","morning","travelling","freezing","grocery",0,0,0,"morning"
71,525,3,522,"weekend","afternoon","working","freezing","restaurant",0,0,0,"midday"
71,526,4,522,"weekday","afternoon","unknown","unknown","grocery",0,0,0,"midday"
71,531,9,522,"weekday","breakfast","travelling","unknown","restaurant",0,0,0,"morning"
71,532,10,522,"weekday","afternoon","travelling","cold","grocery",0,0,0,"midday"
71,533,11,522,"weekday","earlymorning","working","cold","restaurant",1,0,0,"morning"
71,534,12,522,"weekend","afternoon","shopping","freezing","grocery",0,0,0,"midday"
71,535,13,522,"weekday","afternoon","travelling","hot","grocery",0,0,0,"midday"
71,537,15,522,"weekday","unknown","travelling","cold","restaurant",0,0,0,"unknown"
71,541,19,522,"weekday","lunch","travelling","cold","restaurant",0,0,0,"midday"
71,542,20,522,"weekend","afternoon","working","warm","grocery",0,0,0,"midday"
71,543,21,522,"weekday","lunch","travelling","hot","restaurant",1,0,0,"midday"
71,544,22,522,"weekend","lunch","housework","cold","restaurant",0,0,0,"midday"
71,545,23,522,"weekend","lunch","travelling","warm","restaurant",0,0,0,"midday"
71,547,25,522,"weekday","morning","travelling","unknown","restaurant",0,0,0,"morning"
71,548,26,522,"weekday","afternoon","travelling","cold","grocery",0,0,0,"midday"
71,551,29,522,"weekday","afternoon","travelling","warm","grocery",0,0,0,"midday"
71,552,30,522,"unknown","afternoon","travelling","cold","grocery",1,0,0,"midday"
71,554,32,522,"weekday","afternoon","travelling","unknown","restaurant",0,0,0,"midday"
71,555,33,522,"weekend","afternoon","working","unknown","grocery",0,0,0,"midday"
71,557,35,522,"weekday","lunch","unknown","freezing","restaurant",0,0,0,"midday"
71,558,36,522,"weekday","beforelunch","morningrituals","unknown","restaurant",0,0,0,"midday"
71,560,38,522,"weekend","lunch","travelling","unknown","grocery",0,0,0,"midday"
71,563,41,522,"weekday","lunch","travelling","cold","restaurant",0,0,0,"midday"
71,565,43,522,"weekend","morning","unknown","warm","restaurant",0,0,0,"morning"
71,567,45,522,"weekday","morning","travelling","hot","restaurant",0,0,0,"morning"
71,570,48,522,"weekday","night","travelling","cold","grocery",0,0,0,"night"
71,571,49,522,"weekday","beforelunch","unknown","cold","grocery",0,0,0,"midday"
71,572,50,522,"weekday","afternoon","travelling","warm","grocery",1,0,0,"midday"
71,574,52,522,"weekday","latenight","travelling","cold","restaurant",0,0,0,"night"
71,577,55,522,"weekday","unknown","travelling","hot","grocery",0,0,0,"unknown"
71,579,57,522,"weekday","afternoon","travelling","unknown","restaurant",0,1,0,"midday"
71,581,59,522,"weekday","afternoon","travelling","cold","restaurant",0,1,0,"midday"
71,582,60,522,"weekend","dinner","shopping","unknown","restaurant",1,1,0,"night"
71,587,65,522,"weekday","afternoon","unknown","cold","grocery",0,1,0,"midday"
71,588,66,522,"weekday","latenight","travelling","unknown","restaurant",1,1,0,"night"
71,589,67,522,"weekend","lunch","travelling","cold","restaurant",0,1,0,"midday"
71,591,69,522,"weekend","beforelunch","working","freezing","grocery",0,1,0,"midday"
71,592,70,522,"weekend","lunch","leisure","unknown","restaurant",0,1,0,"midday"
71,594,72,522,"weekend","lunch","unknown","freezing","restaurant",0,1,0,"midday"
71,596,74,522,"weekday","afternoon","working","warm","grocery",0,1,0,"midday"
71,597,75,522,"weekday","breakfast","working","cold","grocery",0,1,0,"morning"
71,598,76,522,"weekday","afternoon","travelling","unknown","grocery",0,1,0,"midday"
71,603,81,522,"weekend","lunch","unknown","unknown","restaurant",0,1,0,"midday"
71,608,86,522,"weekday","lunch","travelling","freezing","grocery",0,1,0,"midday"
71,610,88,522,"weekday","beforelunch","travelling","cold","grocery",0,1,0,"midday"
71,613,91,522,"weekday","afternoon","unknown","cold","grocery",0,1,0,"midday"
71,614,92,522,"weekend","lunch","travelling","unknown","grocery",0,1,0,"midday"
71,615,93,522,"weekday","afternoon","working","cold","grocery",1,1,0,"midday"
71,617,95,522,"weekend","afternoon","shopping","warm","grocery",1,1,0,"midday"
71,618,96,522,"weekday","afternoon","travelling","unknown","restaurant",0,1,0,"midday"
71,620,98,522,"weekday","beforelunch","travelling","freezing","grocery",0,1,0,"midday"
71,622,100,522,"weekday","lunch","travelling","freezing","grocery",1,1,0,"midday"
71,623,101,522,"weekend","beforelunch","travelling","unknown","grocery",0,1,0,"midday"
71,628,106,522,"weekday","morning","travelling","cold","restaurant",0,1,0,"morning"
71,633,111,522,"weekday","beforelunch","travelling","cold","restaurant",0,1,0,"midday"
71,634,112,522,"weekend","dinner","travelling","hot","grocery",1,1,0,"night"
71,635,113,522,"weekend","afternoon","travelling","hot","restaurant",0,1,1,"midday"
71,636,114,522,"weekday","breakfast","leisure","hot","grocery",0,1,1,"morning"
71,638,116,522,"weekday","afternoon","leisure","unknown","grocery",0,1,1,"midday"
71,640,118,522,"weekday","morning","travelling","freezing","restaurant",0,1,1,"morning"
71,641,119,522,"weekend","afternoon","travelling","warm","restaurant",1,1,1,"midday"
71,647,125,522,"weekday","lunch","travelling","freezing","grocery",0,1,1,"midday"
71,650,128,522,"weekday","beforelunch","shopping","warm","grocery",1,1,1,"midday"
71,651,129,522,"weekday","afternoon","unknown","freezing","grocery",0,1,1,"midday"
71,652,130,522,"weekday","beforelunch","travelling","cold","restaurant",0,1,1,"midday"
71,653,131,522,"weekday","earlymorning","travelling","warm","grocery",0,1,1,"morning"
71,654,132,522,"weekend","breakfast","working","freezing","grocery",0,1,1,"morning"
71,656,134,522,"weekday","afternoon","travelling","warm","restaurant",0,1,1,"midday"
71,657,135,522,"weekday","breakfast","workingout","cold","grocery",1,1,1,"morning"
71,658,136,522,"weekday","dinner","unknown","unknown","restaurant",0,1,1,"night"
71,660,138,522,"weekend","morning","travelling","unknown","restaurant",1,1,1,"morning"
71,662,140,522,"weekday","beforelunch","travelling","freezing","grocery",0,1,1,"midday"
71,664,142,522,"weekday","afternoon","travelling","freezing","restaurant",1,1,1,"midday"
71,670,148,522,"weekday","morning","travelling","freezing","grocery",0,1,1,"morning"
71,675,153,522,"weekday","afternoon","unknown","warm","restaurant",0,1,1,"midday"
71,676,154,522,"weekend","morning","unknown","freezing","restaurant",1,1,1,"morning"
71,677,155,522,"weekend","night","travelling","cold","restaurant",0,1,1,"night"
71,678,156,522,"weekday","breakfast","unknown","unknown","restaurant",0,1,1,"morning"
71,680,158,522,"weekday","afternoon","travelling","freezing","grocery",0,1,1,"midday"
71,681,159,522,"unknown","breakfast","travelling","unknown","restaurant",0,1,1,"morning"
71,684,162,522,"weekend","beforelunch","unknown","unknown","restaurant",0,1,1,"midday"
71,686,164,522,"weekday","morning","travelling","freezing","restaurant",0,1,1,"morning"
71,687,165,522,"weekday","breakfast","working","freezing","grocery",0,1,1,"morning"
71,690,168,522,"weekday","breakfast","unknown","freezing","grocery",1,1,1,"morning"
71,691,169,522,"weekday","beforelunch","travelling","freezing","restaurant",1,1,1,"midday"
71,692,170,522,"weekday","lunch","unknown","unknown","grocery",1,1,1,"midday"
71,693,171,522,"weekday","beforelunch","travelling","hot","grocery",1,1,1,"midday"
71,694,172,522,"weekday","afternoon","leisure","unknown","restaurant",0,1,1,"midday"
71,695,173,522,"weekend","breakfast","travelling","freezing","grocery",1,1,1,"morning"
71,696,174,522,"weekend","afternoon","working","unknown","restaurant",0,1,1,"midday"
71,698,176,522,"weekday","morning","travelling","unknown","grocery",1,1,1,"morning"
71,699,177,522,"weekday","beforelunch","travelling","freezing","grocery",0,1,1,"midday"
71,702,180,522,"weekend","afternoon","unknown","unknown","grocery",0,1,1,"midday"
71,703,181,522,"weekday","unknown","working","cold","grocery",0,1,1,"unknown"
71,705,183,522,"weekday","dinner","leisure","freezing","grocery",1,1,1,"night"
72,528,1,527,"weekend","beforelunch","travelling","unknown","grocery",0,0,0,"midday"
72,543,16,527,"weekday","beforelunch","shopping","hot","restaurant",0,0,0,"midday"
72,547,20,527,"weekday","breakfast","travelling","warm","grocery",0,0,0,"morning"
72,550,23,527,"weekday","night","working","cold","grocery",0,0,0,"night"
72,563,36,527,"weekend","unknown","travelling","cold","restaurant",0,0,0,"unknown"
72,564,37,527,"weekday","afternoon","travelling","freezing","grocery",0,0,0,"midday"
72,567,40,527,"weekday","afternoon","travelling","cold","grocery",0,0,0,"midday"
72,572,45,527,"weekday","lunch","travelling","freezing","restaurant",1,0,0,"midday"
72,576,49,527,"unknown","beforelunch","leisure","warm","grocery",0,0,0,"midday"
72,583,56,527,"weekday","lunch","travelling","hot","restaurant",0,0,0,"midday"
72,593,66,527,"weekday","breakfast","leisure","cold","grocery",0,1,0,"morning"
72,609,82,527,"weekend","beforelunch","travelling","cold","grocery",0,1,0,"midday"
72,610,83,527,"weekend","evening","travelling","freezing","restaurant",0,1,0,"night"
72,612,85,527,"weekday","beforelunch","shopping","cold","restaurant",1,1,0,"midday"
72,624,97,527,"weekday","lunch","travelling","warm","grocery",0,1,0,"midday"
72,639,112,527,"weekday","afternoon","leisure","cold","grocery",0,1,0,"midday"
72,641,114,527,"weekday","beforelunch","travelling","unknown","grocery",0,1,1,"midday"
72,653,126,527,"weekday","breakfast","unknown","freezing","restaurant",0,1,1,"morning"
72,655,128,527,"weekday","night","unknown","cold","restaurant",0,1,1,"night"
72,660,133,527,"weekend","beforelunch","leisure","unknown","restaurant",1,1,1,"midday"
72,679,152,527,"weekend","lunch","travelling","unknown","restaurant",0,1,1,"midday"
72,697,170,527,"weekend","lunch","travelling","freezing","grocery",1,1,1,"midday"
72,698,171,527,"weekday","beforelunch","leisure","freezing","grocery",0,1,1,"midday"
72,707,180,527,"weekday","morning","shopping","freezing","restaurant",0,1,1,"morning"
72,708,181,527,"weekday","afternoon","travelling","unknown","grocery",0,1,1,"midday"
73,532,0,532,"weekend","afternoon","unknown","cold","restaurant",0,0,0,"midday"
73,536,4,532,"weekday","afternoon","travelling","cold","grocery",0,0,0,"midday"
73,537,5,532,"weekend","afternoon","travelling","cold","grocery",1,0,0,"midday"
73,538,6,532,"weekday","afternoon","shopping","unknown","grocery",0,0,0,"midday"
73,539,7,532,"weekday","afternoon","morningrituals","cold","restaurant",0,0,0,"midday"
73,540,8,532,"weekday","morning","travelling","warm","grocery",0,0,0,"morning"
73,541,9,532,"weekday","morning","unknown","warm","restaurant",1,0,0,"morning"
73,542,10,532,"weekend","afternoon","leisure","cold","grocery",0,0,0,"midday"
73,543,11,532,"weekend","afternoon","travelling","warm","grocery",0,0,0,"midday"
73,544,12,532,"weekday","lunch","working","cold","grocery",1,0,0,"midday"
73,545,13,532,"weekday","breakfast","travelling","hot","restaurant",0,0,0,"morning"
73,546,14,532,"weekend","night","working","freezing","grocery",1,0,0,"night"
73,548,16,532,"weekday","lunch","travelling","freezing","grocery",0,0,0,"midday"
73,550,18,532,"weekday","breakfast","unknown","cold","grocery",0,0,0,"morning"
73,551,19,532,"weekend","afternoon","travelling","cold","restaurant",0,0,0,"midday"
73,553,21,532,"weekend","afternoon","travelling","unknown","grocery",1,0,0,"midday"
73,554,22,532,"weekday","lunch","travelling","cold","grocery",0,0,0,"midday"
73,555,23,532,"weekday","morning","leisure","cold","grocery",1,0,0,"morning"
73,556,24,532,"weekday","beforelunch","unknown","unknown","restaurant",0,0,0,"midday"
73,557,25,532,"weekday","beforelunch","travelling","warm","grocery",0,0,0,"midday"
73,558,26,532,"weekday","unknown","leisure","freezing","grocery",1,0,0,"unknown"
73,559,27,532,"weekday","afternoon","unknown","freezing","grocery",0,0,0,"midday"
73,560,28,532,"weekday","beforelunch","travelling","hot","grocery",0,0,0,"midday"
73,561,29,532,"weekday","lunch","working","warm","restaurant",0,0,0,"midday"
73,562,30,532,"weekday","beforelunch","leisure","warm","restaurant",0,0,0,"midday"
73,563,31,532,"weekday","morning","unknown","freezing","restaurant",1,0,0,"morning"
73,564,32,532,"weekday","lunch","unknown","freezing","grocery",1,0,0,"midday"
73,565,33,532,"weekend","breakfast","travelling","cold","restaurant",1,0,0,"morning"
73,566,34,532,"weekday","breakfast","travelling","freezing","restaurant",0,0,0,"morning"
73,567,35,532,"weekend","beforelunch","travelling","cold","restaurant",1,0,0,"midday"
73,570,38,532,"weekday","breakfast","travelling","cold","grocery",0,0,0,"morning"
73,571,39,532,"weekday","afternoon","working","warm","grocery",1,0,0,"midday"
73,572,40,532,"weekday","breakfast","travelling","cold","restaurant",1,0,0,"morning"
73,573,41,532,"weekday","afternoon","working","warm","grocery",0,0,0,"midday"
73,574,42,532,"weekday","lunch","unknown","freezing","restaurant",0,0,0,"midday"
73,575,43,532,"weekend","lunch","shopping","unknown","grocery",0,0,0,"midday"
73,576,44,532,"weekend","lunch","travelling","freezing","restaurant",0,0,0,"midday"
73,578,46,532,"weekday","afternoon","shopping","cold","restaurant",0,0,0,"midday"
73,579,47,532,"weekday","morning","unknown","warm","restaurant",1,0,0,"morning"
73,580,48,532,"weekend","breakfast","unknown","warm","grocery",1,0,0,"morning"
73,582,50,532,"weekday","afternoon","morningrituals","hot","grocery",1,0,0,"midday"
73,583,51,532,"weekday","breakfast","leisure","cold","restaurant",1,0,0,"morning"
73,584,52,532,"weekday","afternoon","unknown","unknown","grocery",0,0,0,"midday"
73,585,53,532,"weekday","earlymorning","travelling","cold","grocery",0,0,0,"morning"
73,586,54,532,"weekday","afternoon","unknown","unknown","grocery",0,0,0,"midday"
73,587,55,532,"weekday","breakfast","morningrituals","unknown","grocery",1,0,0,"morning"
73,588,56,532,"weekday","lunch","travelling","unknown","restaurant",0,0,0,"midday"
73,589,57,532,"weekday","beforelunch","travelling","cold","grocery",0,1,0,"midday"
73,591,59,532,"weekday","afternoon","leisure","warm","grocery",1,1,0,"midday"
73,592,60,532,"weekend","breakfast","travelling","unknown","grocery",0,1,0,"morning"
73,594,62,532,"weekend","afternoon","travelling","cold","grocery",0,1,0,"midday"
73,595,63,532,"weekend","lunch","travelling","cold","restaurant",0,1,0,"midday"
73,597,65,532,"weekday","afternoon","travelling","cold","grocery",0,1,0,"midday"
73,599,67,532,"weekend","afternoon","travelling","unknown","grocery",0,1,0,"midday"
73,600,68,532,"weekday","afternoon","travelling","warm","restaurant",0,1,0,"midday"
73,602,70,532,"weekend","night","travelling","unknown","restaurant",1,1,0,"night"
73,603,71,532,"weekend","earlymorning","travelling","warm","restaurant",0,1,0,"morning"
73,605,73,532,"weekday","beforelunch","travelling","freezing","grocery",0,1,0,"midday"
73,606,74,532,"weekend","breakfast","travelling","cold","restaurant",0,1,0,"morning"
73,607,75,532,"weekday","lunch","unknown","warm","grocery",0,1,0,"midday"
73,610,78,532,"weekday","morning","travelling","freezing","grocery",1,1,0,"morning"
73,611,79,532,"weekday","breakfast","travelling","cold","grocery",0,1,0,"morning"
73,612,80,532,"unknown","lunch","travelling","warm","restaurant",0,1,0,"midday"
73,613,81,532,"weekday","lunch","travelling","freezing","grocery",0,1,0,"midday"
73,614,82,532,"weekday","beforelunch","unknown","hot","restaurant",0,1,0,"midday"
73,616,84,532,"weekday","afternoon","travelling","cold","grocery",1,1,0,"midday"
73,617,85,532,"weekend","beforelunch","travelling","freezing","grocery",0,1,0,"midday"
73,618,86,532,"weekday","afternoon","working","cold","restaurant",0,1,0,"midday"
73,619,87,532,"weekday","lunch","unknown","cold","restaurant",0,1,0,"midday"
73,620,88,532,"weekday","afternoon","unknown","freezing","grocery",0,1,0,"midday"
73,621,89,532,"weekend","afternoon","shopping","unknown","grocery",1,1,0,"midday"
73,622,90,532,"weekday","breakfast","unknown","hot","restaurant",0,1,0,"morning"
73,623,91,532,"weekday","breakfast","travelling","warm","restaurant",1,1,0,"morning"
73,625,93,532,"weekday","afternoon","working","hot","restaurant",0,1,0,"midday"
73,626,94,532,"weekday","afternoon","leisure","cold","grocery",0,1,0,"midday"
73,627,95,532,"weekday","beforelunch","working","unknown","grocery",0,1,0,"midday"
73,628,96,532,"weekday","beforelunch","working","cold","grocery",0,1,0,"midday"
73,629,97,532,"weekend","breakfast","travelling","cold","grocery",0,1,0,"morning"
73,632,100,532,"unknown","morning","travelling","freezing","grocery",0,1,0,"morning"
73,635,103,532,"weekday","evening","travelling","freezing","restaurant",0,1,0,"night"
73,636,104,532,"weekend","beforelunch","unknown","warm","grocery",0,1,0,"midday"
73,638,106,532,"weekday","afternoon","travelling","unknown","grocery",1,1,0,"midday"
73,640,108,532,"weekday","morning","travelling","cold","restaurant",0,1,0,"morning"
73,641,109,532,"weekend","afternoon","travelling","cold","restaurant",0,1,0,"midday"
73,643,111,532,"weekday","afternoon","travelling","unknown","restaurant",1,1,0,"midday"
73,644,112,532,"weekend","morning","unknown","freezing","grocery",0,1,0,"morning"
73,645,113,532,"weekend","lunch","travelling","cold","grocery",1,1,1,"midday"
73,647,115,532,"weekday","beforelunch","travelling","cold","restaurant",0,1,1,"midday"
73,648,116,532,"weekday","beforelunch","travelling","freezing","restaurant",0,1,1,"midday"
73,649,117,532,"weekend","afternoon","travelling","hot","restaurant",1,1,1,"midday"
73,650,118,532,"weekday","beforelunch","travelling","freezing","grocery",0,1,1,"midday"
73,651,119,532,"weekday","afternoon","travelling","cold","grocery",1,1,1,"midday"
73,652,120,532,"weekend","afternoon","unknown","freezing","restaurant",1,1,1,"midday"
73,653,121,532,"weekday","morning","travelling","cold","restaurant",1,1,1,"morning"
73,655,123,532,"weekday","lunch","travelling","warm","restaurant",0,1,1,"midday"
73,656,124,532,"weekday","afternoon","leisure","unknown","restaurant",0,1,1,"midday"
73,657,125,532,"weekday","lunch","travelling","unknown","restaurant",0,1,1,"midday"
73,658,126,532,"weekday","afternoon","travelling","unknown","restaurant",0,1,1,"midday"
73,659,127,532,"weekday","afternoon","travelling","hot","restaurant",0,1,1,"midday"
73,660,128,532,"weekday","afternoon","working","unknown","grocery",1,1,1,"midday"
73,662,130,532,"weekday","lunch","leisure","freezing","grocery",0,1,1,"midday"
73,664,132,532,"weekday","lunch","working","warm","grocery",0,1,1,"midday"
73,666,134,532,"weekday","afternoon","travelling","warm","restaurant",0,1,1,"midday"
73,667,135,532,"weekday","afternoon","travelling","freezing","grocery",0,1,1,"midday"
73,668,136,532,"weekend","breakfast","unknown","cold","restaurant",1,1,1,"morning"
73,669,137,532,"weekday","beforelunch","unknown","hot","grocery",0,1,1,"midday"
73,670,138,532,"weekend","lunch","travelling","unknown","grocery",1,1,1,"midday"
73,671,139,532,"weekday","beforelunch","travelling","warm","grocery",0,1,1,"midday"
73,672,140,532,"weekday","afternoon","shopping","freezing","grocery",1,1,1,"midday"
73,675,143,532,"weekend","lunch","leisure","freezing","grocery",1,1,1,"midday"
73,676,144,532,"weekday","afternoon","travelling","freezing","grocery",0,1,1,"midday"
73,678,146,532,"weekday","lunch","travelling","warm","restaurant",0,1,1,"midday"
73,680,148,532,"weekend","beforelunch","unknown","unknown","restaurant",1,1,1,"midday"
73,681,149,532,"weekday","afternoon","travelling","freezing","restaurant",0,1,1,"midday"
73,682,150,532,"weekend","evening","unknown","unknown","grocery",0,1,1,"night"
73,683,151,532,"weekday","latenight","unknown","unknown","grocery",0,1,1,"night"
73,684,152,532,"weekday","lunch","travelling","cold","grocery",1,1,1,"midday"
73,685,153,532,"weekday","lunch","leisure","unknown","grocery",1,1,1,"midday"
73,687,155,532,"weekday","afternoon","working","cold","restaurant",1,1,1,"midday"
73,688,156,532,"weekday","lunch","leisure","warm","restaurant",0,1,1,"midday"
73,689,157,532,"weekday","afternoon","travelling","freezing","restaurant",0,1,1,"midday"
73,692,160,532,"weekday","afternoon","shopping","hot","grocery",1,1,1,"midday"
73,693,161,532,"weekday","breakfast","travelling","warm","grocery",0,1,1,"morning"
73,694,162,532,"weekend","earlymorning","unknown","cold","restaurant",1,1,1,"morning"
73,697,165,532,"weekday","breakfast","travelling","warm","grocery",0,1,1,"morning"
73,698,166,532,"weekday","afternoon","travelling","freezing","grocery",0,1,1,"midday"
73,699,167,532,"weekday","lunch","shopping","freezing","grocery",1,1,1,"midday"
73,700,168,532,"weekend","afternoon","travelling","cold","restaurant",0,1,1,"midday"
73,701,169,532,"weekend","earlymorning","travelling","cold","grocery",0,1,1,"morning"
73,702,170,532,"weekday","afternoon","working","cold","grocery",0,1,1,"midday"
73,705,173,532,"weekday","lunch","leisure","cold","grocery",1,1,1,"midday"
73,707,175,532,"weekday","breakfast","travelling","cold","grocery",0,1,1,"morning"
73,708,176,532,"weekday","breakfast","travelling","unknown","restaurant",0,1,1,"morning"
73,709,177,532,"weekday","lunch","unknown","cold","grocery",0,1,1,"midday"
73,711,179,532,"weekday","night","shopping","hot","restaurant",0,1,1,"night"
73,712,180,532,"weekday","morning","travelling","cold","restaurant",0,1,1,"morning"
73,713,181,532,"weekend","breakfast","working","unknown","restaurant",0,1,1,"morning"
73,715,183,532,"weekday","lunch","unknown","cold","restaurant",0,1,1,"midday"
74,543,0,543,"weekday","afternoon","unknown","cold","grocery",0,0,0,"midday"
74,546,3,543,"weekend","breakfast","unknown","freezing","grocery",1,0,0,"morning"
74,547,4,543,"weekday","afternoon","working","cold","grocery",0,0,0,"midday"
74,548,5,543,"weekend","beforelunch","travelling","freezing","grocery",1,0,0,"midday"
74,549,6,543,"weekday","lunch","shopping","unknown","grocery",1,0,0,"midday"
74,551,8,543,"weekday","afternoon","shopping","unknown","grocery",0,0,0,"midday"
74,552,9,543,"weekend","breakfast","travelling","cold","restaurant",0,0,0,"morning"
74,553,10,543,"weekday","morning","leisure","cold","grocery",1,0,0,"morning"
74,554,11,543,"weekday","breakfast","travelling","warm","restaurant",1,0,0,"morning"
74,555,12,543,"weekday","beforelunch","leisure","cold","grocery",0,0,0,"midday"
74,556,13,543,"weekend","earlymorning","travelling","cold","restaurant",0,0,0,"morning"
74,557,14,543,"weekday","lunch","morningrituals","hot","grocery",0,0,0,"midday"
74,558,15,543,"weekend","afternoon","travelling","cold","restaurant",0,0,0,"midday"
74,560,17,543,"weekday","dinner","travelling","cold","grocery",0,0,0,"night"
74,562,19,543,"weekday","lunch","working","freezing","restaurant",1,0,0,"midday"
74,564,21,543,"weekday","morning","unknown","cold","restaurant",0,0,0,"morning"
74,565,22,543,"weekday","lunch","travelling","warm","grocery",0,0,0,"midday"
74,566,23,543,"weekday","breakfast","travelling","unknown","grocery",0,0,0,"morning"
74,567,24,543,"weekend","breakfast","shopping","cold","grocery",0,0,0,"morning"
74,569,26,543,"weekday","morning","working","cold","restaurant",0,0,0,"morning"
74,572,29,543,"weekend","afternoon","travelling","cold","restaurant",0,0,0,"midday"
74,573,30,543,"weekend","breakfast","shopping","cold","restaurant",1,0,0,"morning"
74,574,31,543,"weekend","night","working","cold","restaurant",0,0,0,"night"
74,576,33,543,"weekday","beforelunch","travelling","cold","restaurant",1,0,0,"midday"
74,577,34,543,"weekday","lunch","travelling","cold","restaurant",0,0,0,"midday"
74,579,36,543,"weekday","unknown","travelling","cold","grocery",1,0,0,"unknown"
74,580,37,543,"weekday","lunch","shopping","hot","restaurant",0,0,0,"midday"
74,583,40,543,"weekday","beforelunch","unknown","cold","grocery",0,0,0,"midday"
74,585,42,543,"weekend","afternoon","travelling","unknown","grocery",0,0,0,"midday"
74,586,43,543,"weekday","lunch","travelling","warm","grocery",0,0,0,"midday"
74,588,45,543,"weekday","morning","travelling","unknown","grocery",0,0,0,"morning"
74,591,48,543,"weekend","lunch","travelling","freezing","restaurant",0,0,0,"midday"
74,592,49,543,"weekend","morning","travelling","cold","grocery",1,0,0,"morning"
74,594,51,543,"weekday","lunch","working","warm","restaurant",1,0,0,"midday"
74,595,52,543,"weekend","lunch","travelling","cold","grocery",0,0,0,"midday"
74,596,53,543,"weekday","latenight","morningrituals","warm","restaurant",0,0,0,"night"
74,597,54,543,"weekday","night","working","cold","grocery",1,0,0,"night"
74,599,56,543,"weekend","morning","shopping","unknown","grocery",0,0,0,"morning"
74,605,62,543,"weekday","lunch","travelling","hot","grocery",1,1,0,"midday"
74,606,63,543,"weekday","breakfast","unknown","cold","grocery",0,1,0,"morning"
74,608,65,543,"weekday","afternoon","unknown","cold","grocery",0,1,0,"midday"
74,609,66,543,"weekday","morning","shopping","freezing","restaurant",1,1,0,"morning"
74,610,67,543,"weekend","morning","travelling","unknown","restaurant",1,1,0,"morning"
74,611,68,543,"weekday","beforelunch","travelling","freezing","grocery",1,1,0,"midday"
74,612,69,543,"weekday","beforelunch","travelling","freezing","grocery",0,1,0,"midday"
74,613,70,543,"weekday","lunch","travelling","cold","restaurant",1,1,0,"midday"
74,614,71,543,"weekend","beforelunch","travelling","cold","grocery",0,1,0,"midday"
74,615,72,543,"weekday","breakfast","travelling","warm","restaurant",1,1,0,"morning"
74,617,74,543,"weekend","lunch","unknown","cold","grocery",0,1,0,"midday"
74,618,75,543,"weekday","afternoon","working","cold","restaurant",1,1,0,"midday"
74,619,76,543,"weekday","afternoon","unknown","unknown","grocery",1,1,0,"midday"
74,620,77,543,"weekday","beforelunch","unknown","unknown","restaurant",1,1,0,"midday"
74,621,78,543,"weekend","dinner","travelling","freezing","restaurant",0,1,0,"night"
74,622,79,543,"weekday","afternoon","unknown","warm","restaurant",1,1,0,"midday"
74,624,81,543,"weekday","afternoon","morningrituals","freezing","restaurant",1,1,0,"midday"
74,625,82,543,"weekday","dinner","unknown","warm","restaurant",1,1,0,"night"
74,627,84,543,"weekday","beforelunch","working","freezing","grocery",0,1,0,"midday"
74,628,85,543,"weekday","beforelunch","travelling","cold","restaurant",0,1,0,"midday"
74,630,87,543,"weekday","lunch","travelling","cold","grocery",0,1,0,"midday"
74,632,89,543,"weekday","lunch","travelling","cold","restaurant",0,1,0,"midday"
74,635,92,543,"weekday","evening","travelling","warm","restaurant",1,1,0,"night"
74,636,93,543,"unknown","afternoon","travelling","warm","grocery",1,1,0,"midday"
74,637,94,543,"weekday","morning","shopping","freezing","restaurant",1,1,0,"morning"
74,638,95,543,"weekday","breakfast","travelling","cold","restaurant",1,1,0,"morning"
74,639,96,543,"weekend","lunch","travelling","warm","restaurant",0,1,0,"midday"
74,640,97,543,"weekday","morning","working","cold","grocery",0,1,0,"morning"
74,641,98,543,"weekend","beforelunch","leisure","freezing","grocery",1,1,0,"midday"
74,644,101,543,"weekend","afternoon","working","cold","grocery",0,1,0,"midday"
74,645,102,543,"weekday","afternoon","shopping","freezing","restaurant",0,1,0,"midday"
74,646,103,543,"weekday","afternoon","unknown","freezing","grocery",0,1,0,"midday"
74,647,104,543,"weekday","beforelunch","leisure","hot","restaurant",0,1,0,"midday"
74,650,107,543,"weekend","afternoon","working","unknown","restaurant",0,1,0,"midday"
74,651,108,543,"weekday","lunch","leisure","cold","grocery",1,1,0,"midday"
74,652,109,543,"weekday","afternoon","unknown","hot","restaurant",0,1,0,"midday"
74,653,110,543,"weekend","lunch","leisure","hot","grocery",1,1,0,"midday"
74,654,111,543,"weekend","afternoon","travelling","freezing","grocery",1,1,0,"midday"
74,655,112,543,"weekday","afternoon","working","cold","grocery",0,1,0,"midday"
74,656,113,543,"weekday","lunch","morningrituals","freezing","grocery",0,1,1,"midday"
74,657,114,543,"weekday","beforelunch","leisure","freezing","restaurant",1,1,1,"midday"
74,662,119,543,"weekday","dinner","shopping","cold","restaurant",1,1,1,"night"
74,663,120,543,"weekend","morning","morningrituals","cold","grocery",0,1,1,"morning"
74,664,121,543,"weekday","breakfast","working","cold","restaurant",0,1,1,"morning"
74,665,122,543,"weekend","dinner","shopping","freezing","grocery",1,1,1,"night"
74,666,123,543,"weekday","breakfast","working","cold","grocery",0,1,1,"morning"
74,667,124,543,"weekend","afternoon","workingout","hot","grocery",1,1,1,"midday"
74,668,125,543,"weekday","unknown","unknown","cold","grocery",0,1,1,"unknown"
74,669,126,543,"weekend","lunch","shopping","cold","restaurant",0,1,1,"midday"
74,671,128,543,"weekday","morning","leisure","cold","grocery",1,1,1,"morning"
74,674,131,543,"weekend","lunch","unknown","cold","grocery",0,1,1,"midday"
74,676,133,543,"weekday","lunch","working","hot","grocery",0,1,1,"midday"
74,677,134,543,"weekday","afternoon","travelling","freezing","grocery",0,1,1,"midday"
74,680,137,543,"weekday","beforelunch","leisure","warm","restaurant",1,1,1,"midday"
74,681,138,543,"weekend","beforelunch","unknown","unknown","grocery",0,1,1,"midday"
74,682,139,543,"weekend","lunch","leisure","warm","restaurant",0,1,1,"midday"
74,683,140,543,"weekday","afternoon","travelling","freezing","grocery",0,1,1,"midday"
74,684,141,543,"weekday","night","travelling","warm","grocery",1,1,1,"night"
74,685,142,543,"weekday","breakfast","travelling","cold","grocery",0,1,1,"morning"
74,687,144,543,"weekday","lunch","unknown","cold","grocery",1,1,1,"midday"
74,688,145,543,"weekend","afternoon","travelling","cold","restaurant",1,1,1,"midday"
74,689,146,543,"weekday","breakfast","travelling","cold","restaurant",1,1,1,"morning"
74,691,148,543,"weekend","beforelunch","unknown","cold","restaurant",1,1,1,"midday"
74,694,151,543,"weekday","breakfast","travelling","cold","grocery",0,1,1,"morning"
74,695,152,543,"weekend","beforelunch","shopping","cold","grocery",0,1,1,"midday"
74,696,153,543,"weekday","afternoon","travelling","warm","grocery",1,1,1,"midday"
74,697,154,543,"weekday","lunch","leisure","cold","grocery",0,1,1,"midday"
74,699,156,543,"weekday","morning","leisure","cold","grocery",1,1,1,"morning"
74,700,157,543,"weekend","afternoon","travelling","cold","restaurant",0,1,1,"midday"
74,702,159,543,"weekday","lunch","travelling","cold","grocery",1,1,1,"midday"
74,703,160,543,"weekday","lunch","working","warm","restaurant",0,1,1,"midday"
74,704,161,543,"weekday","earlymorning","travelling","cold","grocery",0,1,1,"morning"
74,706,163,543,"weekend","lunch","travelling","freezing","grocery",0,1,1,"midday"
74,707,164,543,"weekday","beforelunch","shopping","cold","restaurant",1,1,1,"midday"
74,708,165,543,"weekday","lunch","unknown","unknown","grocery",0,1,1,"midday"
74,709,166,543,"weekday","earlymorning","travelling","freezing","restaurant",0,1,1,"morning"
74,710,167,543,"weekday","lunch","travelling","freezing","restaurant",0,1,1,"midday"
74,712,169,543,"weekday","breakfast","working","freezing","grocery",0,1,1,"morning"
74,713,170,543,"weekday","afternoon","travelling","cold","grocery",0,1,1,"midday"
74,716,173,543,"weekday","beforelunch","travelling","freezing","restaurant",1,1,1,"midday"
74,718,175,543,"weekend","afternoon","travelling","cold","grocery",0,1,1,"midday"
74,720,177,543,"weekday","afternoon","unknown","unknown","grocery",0,1,1,"midday"
74,721,178,543,"weekday","breakfast","travelling","cold","restaurant",0,1,1,"morning"
74,722,179,543,"weekend","lunch","travelling","unknown","restaurant",0,1,1,"midday"
74,723,180,543,"weekday","beforelunch","leisure","freezing","restaurant",0,1,1,"midday"
74,724,181,543,"weekday","lunch","travelling","cold","restaurant",0,1,1,"midday"
74,725,182,543,"weekend","afternoon","travelling","unknown","restaurant",0,1,1,"midday"
74,726,183,543,"weekend","lunch","leisure","freezing","restaurant",0,1,1,"midday"
75,551,1,550,"weekday","lunch","travelling","unknown","restaurant",0,0,0,"midday"
75,554,4,550,"weekday","morning","travelling","cold","restaurant",1,0,0,"morning"
75,559,9,550,"weekday","lunch","travelling","freezing","restaurant",0,0,0,"midday"
75,561,11,550,"weekday","lunch","travelling","unknown","grocery",1,0,0,"midday"
75,571,21,550,"weekday","afternoon","leisure","cold","restaurant",0,0,0,"midday"
75,573,23,550,"weekday","afternoon","travelling","cold","restaurant",1,0,0,"midday"
75,597,47,550,"unknown","evening","shopping","hot","restaurant",0,0,0,"night"
75,598,48,550,"weekday","beforelunch","shopping","hot","grocery",0,0,0,"midday"
75,602,52,550,"weekday","beforelunch","unknown","cold","grocery",0,0,0,"midday"
75,603,53,550,"weekend","afternoon","shopping","cold","restaurant",1,0,0,"midday"
75,606,56,550,"weekday","breakfast","travelling","freezing","restaurant",1,0,0,"morning"
75,614,64,550,"weekday","breakfast","travelling","freezing","restaurant",0,1,0,"morning"
75,624,74,550,"weekday","beforelunch","unknown","unknown","restaurant",0,1,0,"midday"
75,626,76,550,"weekday","breakfast","leisure","warm","restaurant",0,1,0,"morning"
75,628,78,550,"weekend","evening","unknown","cold","restaurant",1,1,0,"night"
75,630,80,550,"weekday","beforelunch","travelling","warm","restaurant",0,1,0,"midday"
75,632,82,550,"weekday","beforelunch","travelling","freezing","restaurant",0,1,0,"midday"
75,645,95,550,"weekday","afternoon","travelling","hot","grocery",1,1,0,"midday"
75,647,97,550,"weekday","lunch","unknown","warm","grocery",0,1,0,"midday"
75,650,100,550,"weekend","breakfast","leisure","freezing","restaurant",0,1,0,"morning"
75,651,101,550,"weekend","beforelunch","working","cold","restaurant",0,1,0,"midday"
75,655,105,550,"weekday","unknown","travelling","warm","grocery",0,1,0,"unknown"
75,664,114,550,"weekend","morning","unknown","hot","grocery",1,1,1,"morning"
75,668,118,550,"weekday","lunch","travelling","freezing","restaurant",0,1,1,"midday"
75,669,119,550,"weekday","breakfast","social","warm","restaurant",0,1,1,"morning"
75,676,126,550,"weekend","afternoon","travelling","warm","grocery",0,1,1,"midday"
75,678,128,550,"weekday","afternoon","unknown","freezing","grocery",0,1,1,"midday"
75,680,130,550,"weekday","breakfast","working","hot","grocery",0,1,1,"morning"
75,686,136,550,"weekday","beforelunch","shopping","cold","grocery",0,1,1,"midday"
75,690,140,550,"weekday","morning","travelling","unknown","restaurant",0,1,1,"morning"
75,698,148,550,"weekday","afternoon","unknown","unknown","restaurant",0,1,1,"midday"
75,700,150,550,"weekday","lunch","travelling","unknown","restaurant",1,1,1,"midday"
75,708,158,550,"weekday","evening","travelling","hot","grocery",0,1,1,"night"
75,709,159,550,"weekday","beforelunch","working","warm","grocery",0,1,1,"midday"
75,711,161,550,"weekend","afternoon","travelling","unknown","restaurant",0,1,1,"midday"
75,712,162,550,"weekend","morning","working","cold","grocery",1,1,1,"morning"
75,713,163,550,"weekday","night","working","hot","restaurant",1,1,1,"night"
75,715,165,550,"weekday","beforelunch","travelling","cold","restaurant",0,1,1,"midday"
75,716,166,550,"weekend","beforelunch","travelling","unknown","restaurant",0,1,1,"midday"
75,723,173,550,"weekday","afternoon","shopping","cold","restaurant",0,1,1,"midday"
75,724,174,550,"weekend","lunch","travelling","hot","restaurant",1,1,1,"midday"
75,725,175,550,"weekday","afternoon","travelling","cold","grocery",0,1,1,"midday"
75,732,182,550,"weekday","lunch","working","unknown","restaurant",0,1,1,"midday"
75,733,183,550,"unknown","beforelunch","leisure","hot","restaurant",1,1,1,"midday"
76,565,2,563,"weekday","lunch","travelling","cold","grocery",0,0,0,"midday"
76,571,8,563,"weekend","beforelunch","travelling","cold","restaurant",0,0,0,"midday"
76,585,22,563,"weekday","morning","travelling","freezing","restaurant",0,0,0,"morning"
76,589,26,563,"weekday","lunch","travelling","cold","restaurant",0,0,0,"midday"
76,596,33,563,"weekday","lunch","travelling","hot","grocery",0,0,0,"midday"
76,599,36,563,"weekend","afternoon","travelling","hot","grocery",0,0,0,"midday"
76,606,43,563,"weekday","afternoon","travelling","warm","restaurant",0,0,0,"midday"
76,609,46,563,"weekday","beforelunch","leisure","unknown","restaurant",0,0,0,"midday"
76,611,48,563,"unknown","morning","travelling","unknown","grocery",0,0,0,"morning"
76,616,53,563,"weekday","breakfast","leisure","unknown","grocery",0,0,0,"morning"
76,617,54,563,"weekend","breakfast","unknown","cold","restaurant",0,0,0,"morning"
76,622,59,563,"weekday","earlymorning","leisure","unknown","restaurant",0,1,0,"morning"
76,629,66,563,"weekday","afternoon","travelling","cold","grocery",0,1,0,"midday"
76,634,71,563,"weekday","breakfast","travelling","unknown","restaurant",0,1,0,"morning"
76,640,77,563,"weekday","lunch","unknown","freezing","grocery",0,1,0,"midday"
76,641,78,563,"weekend","morning","working","cold","restaurant",0,1,0,"morning"
76,649,86,563,"weekday","afternoon","unknown","cold","grocery",0,1,0,"midday"
76,657,94,563,"weekday","morning","leisure","freezing","restaurant",0,1,0,"morning"
76,661,98,563,"weekday","beforelunch","travelling","unknown","restaurant",0,1,0,"midday"
76,665,102,563,"weekday","afternoon","morningrituals","cold","restaurant",0,1,0,"midday"
76,667,104,563,"weekday","lunch","travelling","unknown","restaurant",0,1,0,"midday"
76,669,106,563,"weekend","lunch","travelling","freezing","grocery",0,1,0,"midday"
76,674,111,563,"weekday","afternoon","travelling","warm","restaurant",0,1,0,"midday"
76,679,116,563,"weekday","breakfast","travelling","cold","grocery",1,1,1,"morning"
76,704,141,563,"weekday","afternoon","leisure","freezing","restaurant",0,1,1,"midday"
76,705,142,563,"weekday","afternoon","travelling","unknown","restaurant",0,1,1,"midday"
76,707,144,563,"weekday","beforelunch","travelling","cold","restaurant",0,1,1,"midday"
76,737,174,563,"weekday","breakfast","unknown","unknown","grocery",0,1,1,"morning"
76,744,181,563,"weekday","breakfast","unknown","unknown","restaurant",0,1,1,"morning"
77,567,2,565,"weekday","beforelunch","travelling","cold","grocery",1,0,0,"midday"
77,570,5,565,"weekend","afternoon","working","unknown","restaurant",1,0,0,"midday"
77,571,6,565,"weekday","afternoon","travelling","cold","grocery",0,0,0,"midday"
77,572,7,565,"weekend","afternoon","working","unknown","grocery",0,0,0,"midday"
77,581,16,565,"weekday","lunch","travelling","cold","grocery",1,0,0,"midday"
77,582,17,565,"weekday","lunch","leisure","freezing","grocery",0,0,0,"midday"
77,584,19,565,"weekday","beforelunch","travelling","unknown","restaurant",0,0,0,"midday"
77,586,21,565,"weekday","lunch","travelling","freezing","restaurant",0,0,0,"midday"
77,589,24,565,"weekend","beforelunch","travelling","freezing","grocery",0,0,0,"midday"
77,591,26,565,"weekday","beforelunch","travelling","cold","restaurant",1,0,0,"midday"
77,599,34,565,"weekday","breakfast","travelling","unknown","grocery",0,0,0,"morning"
77,601,36,565,"weekday","lunch","morningrituals","unknown","restaurant",0,0,0,"midday"
77,604,39,565,"weekday","afternoon","unknown","freezing","restaurant",0,0,0,"midday"
77,612,47,565,"weekday","lunch","travelling","warm","restaurant",0,0,0,"midday"
77,613,48,565,"weekend","afternoon","travelling","hot","restaurant",0,0,0,"midday"
77,614,49,565,"weekday","beforelunch","travelling","cold","grocery",0,0,0,"midday"
77,617,52,565,"weekday","beforelunch","unknown","freezing","restaurant",1,0,0,"midday"
77,619,54,565,"weekday","lunch","travelling","cold","restaurant",1,0,0,"midday"
77,620,55,565,"weekend","breakfast","leisure","freezing","restaurant",0,0,0,"morning"
77,622,57,565,"weekend","afternoon","travelling","cold","restaurant",0,1,0,"midday"
77,625,60,565,"weekday","morning","travelling","unknown","grocery",0,1,0,"morning"
77,628,63,565,"weekday","beforelunch","travelling","cold","grocery",0,1,0,"midday"
77,629,64,565,"weekend","morning","shopping","unknown","grocery",1,1,0,"morning"
77,631,66,565,"weekday","lunch","working","unknown","restaurant",1,1,0,"midday"
77,635,70,565,"weekday","afternoon","unknown","unknown","grocery",0,1,0,"midday"
77,638,73,565,"weekday","lunch","travelling","cold","grocery",0,1,0,"midday"
77,645,80,565,"weekend","unknown","travelling","cold","grocery",0,1,0,"unknown"
77,647,82,565,"weekday","breakfast","travelling","cold","restaurant",0,1,0,"morning"
77,648,83,565,"weekday","beforelunch","travelling","unknown","restaurant",0,1,0,"midday"
77,650,85,565,"weekend","afternoon","travelling","freezing","restaurant",0,1,0,"midday"
77,653,88,565,"weekend","afternoon","working","warm","restaurant",0,1,0,"midday"
77,657,92,565,"weekday","afternoon","travelling","hot","grocery",0,1,0,"midday"
77,658,93,565,"weekday","beforelunch","travelling","hot","restaurant",1,1,0,"midday"
77,662,97,565,"weekday","morning","travelling","unknown","restaurant",1,1,0,"morning"
77,666,101,565,"weekend","morning","travelling","cold","restaurant",0,1,0,"morning"
77,667,102,565,"weekday","afternoon","travelling","cold","restaurant",1,1,0,"midday"
77,668,103,565,"weekend","latenight","travelling","freezing","restaurant",0,1,0,"night"
77,671,106,565,"weekend","beforelunch","travelling","cold","restaurant",1,1,0,"midday"
77,680,115,565,"weekend","afternoon","leisure","hot","restaurant",0,1,1,"midday"
77,683,118,565,"weekend","afternoon","travelling","warm","grocery",0,1,1,"midday"
77,686,121,565,"weekday","lunch","unknown","cold","restaurant",0,1,1,"midday"
77,687,122,565,"weekday","night","unknown","cold","restaurant",1,1,1,"night"
77,689,124,565,"weekend","beforelunch","travelling","cold","restaurant",0,1,1,"midday"
77,692,127,565,"weekday","beforelunch","travelling","cold","restaurant",0,1,1,"midday"
77,694,129,565,"weekday","beforelunch","unknown","unknown","grocery",1,1,1,"midday"
77,695,130,565,"weekday","afternoon","working","cold","restaurant",1,1,1,"midday"
77,696,131,565,"weekday","lunch","shopping","cold","restaurant",0,1,1,"midday"
77,698,133,565,"weekday","lunch","unknown","unknown","grocery",0,1,1,"midday"
77,704,139,565,"weekday","lunch","travelling","hot","restaurant",0,1,1,"midday"
77,705,140,565,"weekday","beforelunch","travelling","unknown","restaurant",0,1,1,"midday"
77,708,143,565,"weekend","beforelunch","travelling","cold","restaurant",0,1,1,"midday"
77,711,146,565,"weekday","breakfast","working","warm","grocery",0,1,1,"morning"
77,715,150,565,"weekend","breakfast","morningrituals","cold","grocery",0,1,1,"morning"
77,717,152,565,"weekday","afternoon","travelling","cold","grocery",0,1,1,"midday"
77,719,154,565,"weekday","afternoon","travelling","unknown","restaurant",0,1,1,"midday"
77,731,166,565,"weekend","afternoon","travelling","warm","restaurant",0,1,1,"midday"
77,732,167,565,"weekday","lunch","leisure","warm","grocery",1,1,1,"midday"
77,737,172,565,"weekday","lunch","unknown","unknown","restaurant",0,1,1,"midday"
77,738,173,565,"weekday","afternoon","travelling","unknown","grocery",0,1,1,"midday"
77,740,175,565,"weekend","morning","travelling","unknown","restaurant",1,1,1,"morning"
77,741,176,565,"weekday","afternoon","leisure","unknown","grocery",0,1,1,"midday"
77,743,178,565,"weekend","lunch","unknown","freezing","grocery",1,1,1,"midday"
77,745,180,565,"weekday","breakfast","travelling","unknown","restaurant",1,1,1,"morning"
78,582,8,574,"weekend","lunch","unknown","warm","restaurant",0,0,0,"midday"
78,585,11,574,"weekday","afternoon","travelling","warm","grocery",0,0,0,"midday"
78,588,14,574,"weekend","lunch","unknown","warm","restaurant",0,0,0,"midday"
78,590,16,574,"weekend","lunch","unknown","cold","grocery",0,0,0,"midday"
78,596,22,574,"weekday","beforelunch","travelling","unknown","grocery",0,0,0,"midday"
78,597,23,574,"weekday","afternoon","leisure","cold","grocery",0,0,0,"midday"
78,599,25,574,"weekend","afternoon","travelling","cold","restaurant",0,0,0,"midday"
78,600,26,574,"weekend","lunch","travelling","cold","restaurant",1,0,0,"midday"
78,606,32,574,"weekday","lunch","unknown","unknown","restaurant",0,0,0,"midday"
78,610,36,574,"weekday","unknown","working","cold","restaurant",1,0,0,"unknown"
78,617,43,574,"weekday","afternoon","travelling","freezing","restaurant",1,0,0,"midday"
78,618,44,574,"weekday","beforelunch","travelling","cold","restaurant",0,0,0,"midday"
78,621,47,574,"weekday","dinner","travelling","freezing","restaurant",1,0,0,"night"
78,623,49,574,"weekday","afternoon","working","warm","grocery",1,0,0,"midday"
78,626,52,574,"weekend","lunch","travelling","cold","restaurant",0,0,0,"midday"
78,628,54,574,"weekday","lunch","travelling","warm","restaurant",0,0,0,"midday"
78,629,55,574,"weekday","afternoon","working","cold","restaurant",0,0,0,"midday"
78,637,63,574,"weekday","lunch","working","unknown","restaurant",0,1,0,"midday"
78,648,74,574,"weekday","unknown","travelling","cold","restaurant",0,1,0,"unknown"
78,652,78,574,"weekday","earlymorning","travelling","freezing","grocery",0,1,0,"morning"
78,657,83,574,"weekend","breakfast","travelling","cold","grocery",0,1,0,"morning"
78,661,87,574,"weekday","lunch","travelling","cold","restaurant",0,1,0,"midday"
78,664,90,574,"weekday","afternoon","travelling","freezing","grocery",0,1,0,"midday"
78,674,100,574,"weekend","afternoon","working","freezing","grocery",1,1,0,"midday"
78,682,108,574,"weekday","morning","leisure","cold","restaurant",0,1,0,"morning"
78,693,119,574,"weekday","beforelunch","travelling","cold","grocery",1,1,1,"midday"
78,694,120,574,"weekday","lunch","travelling","cold","grocery",0,1,1,"midday"
78,696,122,574,"weekday","lunch","travelling","cold","restaurant",0,1,1,"midday"
78,708,134,574,"weekday","lunch","travelling","freezing","grocery",1,1,1,"midday"
78,709,135,574,"weekday","afternoon","unknown","cold","restaurant",0,1,1,"midday"
78,733,159,574,"unknown","afternoon","leisure","cold","grocery",0,1,1,"midday"
78,734,160,574,"weekday","beforelunch","leisure","warm","restaurant",1,1,1,"midday"
78,741,167,574,"weekday","beforelunch","unknown","hot","restaurant",0,1,1,"midday"
78,749,175,574,"weekend","breakfast","leisure","hot","grocery",1,1,1,"morning"
78,750,176,574,"weekday","afternoon","travelling","warm","grocery",0,1,1,"midday"
79,581,0,581,"weekday","afternoon","travelling","hot","restaurant",0,0,0,"midday"
79,582,1,581,"weekday","breakfast","leisure","cold","restaurant",0,0,0,"morning"
79,586,5,581,"weekday","lunch","travelling","unknown","grocery",0,0,0,"midday"
79,588,7,581,"weekday","lunch","travelling","freezing","restaurant",1,0,0,"midday"
79,589,8,581,"weekday","beforelunch","shopping","hot","grocery",0,0,0,"midday"
79,590,9,581,"weekday","afternoon","unknown","cold","grocery",0,0,0,"midday"
79,592,11,581,"weekday","lunch","travelling","unknown","restaurant",0,0,0,"midday"
79,596,15,581,"weekday","afternoon","working","freezing","restaurant",1,0,0,"midday"
79,597,16,581,"weekday","beforelunch","travelling","freezing","restaurant",0,0,0,"midday"
79,598,17,581,"weekday","breakfast","leisure","unknown","grocery",0,0,0,"morning"
79,604,23,581,"weekday","lunch","unknown","cold","grocery",0,0,0,"midday"
79,605,24,581,"weekday","beforelunch","unknown","unknown","restaurant",0,0,0,"midday"
79,606,25,581,"weekend","afternoon","leisure","freezing","restaurant",0,0,0,"midday"
79,609,28,581,"weekend","afternoon","working","cold","grocery",0,0,0,"midday"
79,612,31,581,"weekday","beforelunch","travelling","warm","restaurant",0,0,0,"midday"
79,615,34,581,"weekday","afternoon","unknown","freezing","grocery",0,0,0,"midday"
79,616,35,581,"weekday","afternoon","travelling","cold","grocery",0,0,0,"midday"
79,618,37,581,"weekday","breakfast","working","hot","restaurant",0,0,0,"morning"
79,621,40,581,"weekday","morning","travelling","unknown","grocery",0,0,0,"morning"
79,624,43,581,"weekend","lunch","working","hot","grocery",0,0,0,"midday"
79,627,46,581,"weekday","afternoon","travelling","cold","grocery",1,0,0,"midday"
79,635,54,581,"weekday","afternoon","working","warm","grocery",0,0,0,"midday"
79,637,56,581,"weekend","lunch","shopping","hot","restaurant",0,0,0,"midday"
79,639,58,581,"weekday","afternoon","travelling","cold","grocery",0,1,0,"midday"
79,640,59,581,"weekday","lunch","morningrituals","cold","grocery",0,1,0,"midday"
79,641,60,581,"weekday","beforelunch","travelling","hot","grocery",0,1,0,"midday"
79,643,62,581,"weekday","lunch","travelling","unknown","grocery",1,1,0,"midday"
79,644,63,581,"weekend","beforelunch","travelling","cold","grocery",0,1,0,"midday"
79,645,64,581,"weekday","night","morningrituals","hot","grocery",0,1,0,"night"
79,646,65,581,"weekday","breakfast","travelling","unknown","grocery",0,1,0,"morning"
79,648,67,581,"weekend","afternoon","travelling","cold","restaurant",1,1,0,"midday"
79,649,68,581,"weekday","afternoon","shopping","cold","restaurant",0,1,0,"midday"
79,651,70,581,"weekday","dinner","travelling","hot","restaurant",1,1,0,"night"
79,653,72,581,"weekday","afternoon","travelling","warm","restaurant",0,1,0,"midday"
79,661,80,581,"weekday","breakfast","working","warm","grocery",0,1,0,"morning"
79,663,82,581,"weekend","beforelunch","unknown","cold","grocery",1,1,0,"midday"
79,665,84,581,"weekday","afternoon","unknown","unknown","grocery",0,1,0,"midday"
79,670,89,581,"weekend","beforelunch","shopping","unknown","restaurant",0,1,0,"midday"
79,672,91,581,"weekday","lunch","working","unknown","grocery",0,1,0,"midday"
79,674,93,581,"weekend","lunch","travelling","freezing","restaurant",1,1,0,"midday"
79,677,96,581,"weekend","afternoon","unknown","warm","grocery",1,1,0,"midday"
79,681,100,581,"weekday","earlymorning","working","unknown","grocery",0,1,0,"morning"
79,686,105,581,"weekday","breakfast","travelling","unknown","restaurant",0,1,0,"morning"
79,689,108,581,"weekend","lunch","travelling","hot","restaurant",1,1,0,"midday"
79,690,109,581,"weekday","afternoon","working","freezing","grocery",0,1,0,"midday"
79,693,112,581,"weekday","lunch","travelling","unknown","grocery",0,1,0,"midday"
79,697,116,581,"weekend","night","unknown","unknown","grocery",0,1,1,"night"
79,698,117,581,"weekday","afternoon","travelling","unknown","restaurant",1,1,1,"midday"
79,700,119,581,"weekday","lunch","travelling","cold","restaurant",0,1,1,"midday"
79,702,121,581,"weekend","afternoon","travelling","cold","restaurant",0,1,1,"midday"
79,706,125,581,"weekend","earlymorning","unknown","warm","grocery",0,1,1,"morning"
79,709,128,581,"weekday","lunch","shopping","unknown","restaurant",0,1,1,"midday"
79,712,131,581,"weekday","lunch","travelling","warm","grocery",0,1,1,"midday"
79,715,134,581,"weekday","lunch","unknown","warm","restaurant",1,1,1,"midday"
79,717,136,581,"weekday","afternoon","travelling","unknown","grocery",1,1,1,"midday"
79,719,138,581,"weekday","afternoon","travelling","cold","grocery",0,1,1,"midday"
79,722,141,581,"unknown","afternoon","unknown","cold","restaurant",0,1,1,"midday"
79,724,143,581,"weekday","afternoon","travelling","unknown","grocery",0,1,1,"midday"
79,725,144,581,"unknown","lunch","travelling","unknown","grocery",0,1,1,"midday"
79,727,146,581,"weekday","afternoon","travelling","cold","grocery",0,1,1,"midday"
79,734,153,581,"weekday","afternoon","travelling","warm","grocery",0,1,1,"midday"
79,735,154,581,"weekday","beforelunch","travelling","unknown","restaurant",0,1,1,"midday"
79,737,156,581,"weekday","breakfast","travelling","hot","grocery",0,1,1,"morning"
79,738,157,581,"weekday","afternoon","shopping","warm","grocery",0,1,1,"midday"
79,739,158,581,"weekend","breakfast","travelling","unknown","grocery",0,1,1,"morning"
79,741,160,581,"weekday","dinner","travelling","freezing","restaurant",0,1,1,"night"
79,743,162,581,"weekend","beforelunch","travelling","freezing","restaurant",0,1,1,"midday"
79,747,166,581,"weekday","morning","travelling","unknown","restaurant",1,1,1,"morning"
79,748,167,581,"weekend","beforelunch","travelling","warm","grocery",1,1,1,"midday"
79,750,169,581,"weekday","lunch","working","cold","restaurant",0,1,1,"midday"
79,756,175,581,"weekday","beforelunch","morningrituals","cold","restaurant",0,1,1,"midday"
79,763,182,581,"weekday","beforelunch","leisure","hot","restaurant",0,1,1,"midday"
79,764,183,581,"weekend","lunch","unknown","warm","restaurant",0,1,1,"midday"
80,602,8,594,"weekday","afternoon","travelling","unknown","grocery",1,0,0,"midday"
80,604,10,594,"weekday","breakfast","travelling","hot","grocery",0,0,0,"morning"
80,605,11,594,"weekend","beforelunch","travelling","hot","restaurant",1,0,0,"midday"
80,608,14,594,"weekday","morning","shopping","freezing","restaurant",0,0,0,"morning"
80,610,16,594,"weekend","lunch","unknown","warm","grocery",0,0,0,"midday"
80,617,23,594,"weekday","beforelunch","unknown","freezing","restaurant",0,0,0,"midday"
80,625,31,594,"weekday","afternoon","travelling","freezing","restaurant",0,0,0,"midday"
80,633,39,594,"weekday","earlymorning","travelling","hot","grocery",0,0,0,"morning"
80,642,48,594,"weekday","beforelunch","leisure","freezing","grocery",0,0,0,"midday"
80,653,59,594,"weekday","morning","unknown","cold","restaurant",1,1,0,"morning"
80,654,60,594,"weekend","afternoon","unknown","freezing","restaurant",1,1,0,"midday"
80,665,71,594,"weekday","afternoon","unknown","hot","restaurant",0,1,0,"midday"
80,674,80,594,"weekday","morning","morningrituals","cold","grocery",0,1,0,"morning"
80,680,86,594,"weekday","beforelunch","leisure","freezing","restaurant",1,1,0,"midday"
80,682,88,594,"weekend","breakfast","working","freezing","restaurant",0,1,0,"morning"
80,686,92,594,"weekend","beforelunch","travelling","freezing","grocery",0,1,0,"midday"
80,693,99,594,"weekday","afternoon","leisure","hot","grocery",1,1,0,"midday"
80,699,105,594,"weekday","dinner","working","cold","restaurant",0,1,0,"night"
80,703,109,594,"weekday","afternoon","travelling","cold","restaurant",0,1,0,"midday"
80,710,116,594,"weekend","breakfast","travelling","hot","grocery",0,1,1,"morning"
80,711,117,594,"weekend","afternoon","travelling","unknown","grocery",0,1,1,"midday"
80,715,121,594,"weekday","beforelunch","working","unknown","grocery",0,1,1,"midday"
80,727,133,594,"weekday","beforelunch","travelling","cold","grocery",0,1,1,"midday"
80,737,143,594,"unknown","breakfast","travelling","cold","restaurant",1,1,1,"morning"
80,741,147,594,"weekend","dinner","travelling","cold","restaurant",1,1,1,"night"
80,743,149,594,"weekday","afternoon","shopping","cold","restaurant",1,1,1,"midday"
80,745,151,594,"weekday","lunch","travelling","unknown","restaurant",0,1,1,"midday"
80,749,155,594,"weekday","afternoon","travelling","unknown","restaurant",0,1,1,"midday"
80,753,159,594,"weekday","lunch","travelling","cold","restaurant",1,1,1,"midday"
80,754,160,594,"weekday","afternoon","leisure","cold","grocery",0,1,1,"midday"
80,755,161,594,"weekday","afternoon","travelling","cold","restaurant",0,1,1,"midday"
80,758,164,594,"weekday","breakfast","unknown","unknown","restaurant",0,1,1,"morning"
80,762,168,594,"weekend","lunch","shopping","cold","grocery",0,1,1,"midday"
80,766,172,594,"weekday","lunch","unknown","cold","grocery",0,1,1,"midday"
80,774,180,594,"weekend","night","unknown","cold","restaurant",0,1,1,"night"
81,595,0,595,"weekday","unknown","workingout","cold","grocery",0,0,0,"unknown"
81,597,2,595,"weekday","beforelunch","travelling","warm","restaurant",0,0,0,"midday"
81,604,9,595,"weekday","unknown","travelling","cold","grocery",1,0,0,"unknown"
81,605,10,595,"weekend","evening","travelling","unknown","grocery",0,0,0,"night"
81,606,11,595,"weekend","afternoon","leisure","unknown","restaurant",0,0,0,"midday"
81,608,13,595,"weekend","lunch","travelling","warm","grocery",1,0,0,"midday"
81,609,14,595,"weekend","morning","travelling","warm","grocery",1,0,0,"morning"
81,612,17,595,"weekday","afternoon","travelling","unknown","restaurant",1,0,0,"midday"
81,613,18,595,"weekday","morning","travelling","warm","grocery",0,0,0,"morning"
81,614,19,595,"weekend","breakfast","unknown","hot","restaurant",0,0,0,"morning"
81,616,21,595,"weekday","lunch","travelling","freezing","restaurant",0,0,0,"midday"
81,617,22,595,"weekday","breakfast","travelling","warm","grocery",0,0,0,"morning"
81,618,23,595,"weekend","afternoon","unknown","cold","grocery",0,0,0,"midday"
81,619,24,595,"weekend","beforelunch","travelling","hot","restaurant",0,0,0,"midday"
81,620,25,595,"weekend","afternoon","travelling","cold","grocery",0,0,0,"midday"
81,621,26,595,"weekday","lunch","travelling","unknown","grocery",0,0,0,"midday"
81,623,28,595,"weekday","lunch","travelling","unknown","restaurant",0,0,0,"midday"
81,627,32,595,"weekday","beforelunch","travelling","freezing","grocery",0,0,0,"midday"
81,628,33,595,"weekday","afternoon","working","freezing","restaurant",0,0,0,"midday"
81,629,34,595,"weekday","lunch","shopping","cold","grocery",0,0,0,"midday"
81,630,35,595,"weekday","beforelunch","working","freezing","grocery",0,0,0,"midday"
81,631,36,595,"weekday","afternoon","travelling","freezing","grocery",0,0,0,"midday"
81,633,38,595,"weekday","lunch","unknown","cold","restaurant",0,0,0,"midday"
81,635,40,595,"weekday","afternoon","leisure","warm","restaurant",1,0,0,"midday"
81,637,42,595,"weekday","afternoon","travelling","freezing","restaurant",0,0,0,"midday"
81,638,43,595,"weekend","morning","travelling","cold","grocery",0,0,0,"morning"
81,639,44,595,"weekday","beforelunch","unknown","unknown","grocery",0,0,0,"midday"
81,640,45,595,"weekday","beforelunch","travelling","cold","grocery",0,0,0,"midday"
81,641,46,595,"weekend","morning","working","warm","restaurant",1,0,0,"morning"
81,642,47,595,"weekday","lunch","leisure","cold","restaurant",1,0,0,"midday"
81,644,49,595,"weekday","breakfast","travelling","freezing","restaurant",1,0,0,"morning"
81,648,53,595,"weekday","lunch","working","cold","grocery",0,0,0,"midday"
81,650,55,595,"weekday","dinner","travelling","cold","restaurant",1,0,0,"night"
81,651,56,595,"weekend","afternoon","travelling","freezing","restaurant",1,0,0,"midday"
81,652,57,595,"weekday","night","travelling","unknown","restaurant",0,1,0,"night"
81,653,58,595,"weekend","afternoon","travelling","unknown","restaurant",0,1,0,"midday"
81,654,59,595,"weekday","breakfast","travelling","unknown","grocery",1,1,0,"morning"
81,655,60,595,"weekend","morning","travelling","cold","restaurant",1,1,0,"morning"
81,657,62,595,"weekday","lunch","working","freezing","restaurant",0,1,0,"midday"
81,659,64,595,"weekday","beforelunch","unknown","freezing","restaurant",1,1,0,"midday"
81,660,65,595,"weekend","afternoon","travelling","unknown","grocery",0,1,0,"midday"
81,661,66,595,"weekday","beforelunch","travelling","unknown","grocery",0,1,0,"midday"
81,662,67,595,"weekday","afternoon","travelling","cold","grocery",0,1,0,"midday"
81,663,68,595,"weekend","lunch","travelling","unknown","restaurant",1,1,0,"midday"
81,664,69,595,"weekday","afternoon","unknown","cold","grocery",0,1,0,"midday"
81,665,70,595,"weekday","breakfast","leisure","cold","grocery",0,1,0,"morning"
81,667,72,595,"weekday","afternoon","travelling","freezing","restaurant",0,1,0,"midday"
81,668,73,595,"weekend","morning","travelling","cold","grocery",0,1,0,"morning"
81,669,74,595,"weekday","evening","unknown","freezing","grocery",0,1,0,"night"
81,671,76,595,"weekday","lunch","travelling","cold","restaurant",0,1,0,"midday"
81,674,79,595,"weekday","lunch","shopping","warm","restaurant",0,1,0,"midday"
81,676,81,595,"weekday","beforelunch","unknown","freezing","restaurant",1,1,0,"midday"
81,677,82,595,"weekend","breakfast","working","unknown","restaurant",1,1,0,"morning"
81,678,83,595,"weekday","dinner","leisure","freezing","restaurant",1,1,0,"night"
81,679,84,595,"weekend","lunch","unknown","hot","grocery",1,1,0,"midday"
81,680,85,595,"weekend","afternoon","shopping","freezing","grocery",0,1,0,"midday"
81,681,86,595,"weekday","beforelunch","travelling","unknown","grocery",1,1,0,"midday"
81,682,87,595,"weekend","afternoon","travelling","unknown","grocery",0,1,0,"midday"
81,683,88,595,"weekend","afternoon","unknown","cold","restaurant",0,1,0,"midday"
81,684,89,595,"weekend","breakfast","travelling","freezing","restaurant",0,1,0,"morning"
81,685,90,595,"weekday","unknown","travelling","freezing","restaurant",0,1,0,"unknown"
81,686,91,595,"weekday","afternoon","travelling","freezing","restaurant",0,1,0,"midday"
81,687,92,595,"weekday","lunch","travelling","warm","grocery",1,1,0,"midday"
81,689,94,595,"weekday","breakfast","morningrituals","freezing","grocery",0,1,0,"morning"
81,690,95,595,"weekday","dinner","unknown","unknown","restaurant",1,1,0,"night"
81,693,98,595,"weekday","morning","travelling","freezing","restaurant",0,1,0,"morning"
81,694,99,595,"weekday","lunch","travelling","freezing","restaurant",0,1,0,"midday"
81,696,101,595,"weekday","afternoon","unknown","warm","restaurant",1,1,0,"midday"
81,697,102,595,"weekday","dinner","travelling","hot","restaurant",0,1,0,"night"
81,698,103,595,"weekday","lunch","travelling","freezing","grocery",0,1,0,"midday"
81,699,104,595,"weekday","lunch","unknown","freezing","grocery",0,1,0,"midday"
81,700,105,595,"weekday","afternoon","travelling","unknown","grocery",0,1,0,"midday"
81,701,106,595,"weekday","lunch","morningrituals","cold","grocery",0,1,0,"midday"
81,702,107,595,"weekday","afternoon","unknown","warm","grocery",0,1,0,"midday"
81,703,108,595,"weekday","afternoon","working","hot","restaurant",0,1,0,"midday"
81,704,109,595,"weekday","breakfast","travelling","warm","restaurant",0,1,0,"morning"
81,705,110,595,"unknown","afternoon","travelling","cold","restaurant",1,1,0,"midday"
81,706,111,595,"weekday","afternoon","shopping","freezing","grocery",0,1,0,"midday"
81,708,113,595,"weekday","breakfast","travelling","cold","grocery",0,1,1,"morning"
81,711,116,595,"weekday","afternoon","travelling","freezing","grocery",0,1,1,"midday"
81,713,118,595,"weekday","afternoon","leisure","cold","grocery",0,1,1,"midday"
81,714,119,595,"weekday","breakfast","travelling","freezing","grocery",0,1,1,"morning"
81,715,120,595,"weekday","breakfast","travelling","freezing","grocery",1,1,1,"morning"
81,717,122,595,"weekday","lunch","working","unknown","restaurant",0,1,1,"midday"
81,718,123,595,"weekday","night","travelling","warm","grocery",1,1,1,"night"
81,720,125,595,"weekend","beforelunch","travelling","freezing","restaurant",1,1,1,"midday"
81,721,126,595,"weekday","lunch","travelling","freezing","restaurant",1,1,1,"midday"
81,723,128,595,"weekend","afternoon","working","freezing","grocery",1,1,1,"midday"
81,724,129,595,"weekday","afternoon","travelling","cold","restaurant",0,1,1,"midday"
81,726,131,595,"weekday","breakfast","unknown","cold","restaurant",0,1,1,"morning"
81,727,132,595,"weekend","afternoon","travelling","unknown","grocery",0,1,1,"midday"
81,728,133,595,"weekend","lunch","travelling","unknown","restaurant",0,1,1,"midday"
81,730,135,595,"weekday","afternoon","travelling","freezing","restaurant",1,1,1,"midday"
81,736,141,595,"weekday","afternoon","travelling","warm","restaurant",1,1,1,"midday"
81,737,142,595,"weekday","afternoon","unknown","cold","restaurant",0,1,1,"midday"
81,738,143,595,"weekday","afternoon","travelling","cold","grocery",0,1,1,"midday"
81,740,145,595,"weekday","unknown","travelling","freezing","restaurant",0,1,1,"unknown"
81,741,146,595,"weekday","lunch","unknown","warm","grocery",0,1,1,"midday"
81,743,148,595,"weekday","breakfast","travelling","cold","grocery",0,1,1,"morning"
81,744,149,595,"weekday","lunch","unknown","hot","restaurant",0,1,1,"midday"
81,746,151,595,"weekend","lunch","travelling","unknown","restaurant",0,1,1,"midday"
81,747,152,595,"weekday","breakfast","travelling","unknown","grocery",0,1,1,"morning"
81,748,153,595,"weekend","morning","travelling","warm","grocery",0,1,1,"morning"
81,754,159,595,"weekend","afternoon","travelling","unknown","grocery",0,1,1,"midday"
81,755,160,595,"weekday","afternoon","leisure","hot","restaurant",0,1,1,"midday"
81,756,161,595,"weekday","afternoon","unknown","cold","restaurant",0,1,1,"midday"
81,758,163,595,"weekend","night","travelling","unknown","restaurant",0,1,1,"night"
81,759,164,595,"weekday","afternoon","travelling","cold","restaurant",0,1,1,"midday"
81,760,165,595,"weekday","lunch","shopping","freezing","grocery",0,1,1,"midday"
81,761,166,595,"weekday","beforelunch","leisure","warm","grocery",0,1,1,"midday"
81,763,168,595,"weekday","afternoon","leisure","freezing","restaurant",0,1,1,"midday"
81,764,169,595,"weekday","afternoon","working","unknown","restaurant",0,1,1,"midday"
81,767,172,595,"weekday","lunch","travelling","freezing","restaurant",1,1,1,"midday"
81,769,174,595,"weekday","dinner","unknown","cold","grocery",1,1,1,"night"
81,770,175,595,"weekday","lunch","shopping","cold","grocery",1,1,1,"midday"
81,771,176,595,"weekday","breakfast","travelling","cold","grocery",0,1,1,"morning"
81,773,178,595,"weekday","lunch","unknown","freezing","restaurant",1,1,1,"midday"
81,778,183,595,"weekend","afternoon","travelling","hot","restaurant",1,1,1,"midday"
82,616,13,603,"weekday","afternoon","travelling","freezing","grocery",0,0,0,"midday"
82,617,14,603,"weekday","lunch","travelling","freezing","grocery",0,0,0,"midday"
82,618,15,603,"weekday","beforelunch","travelling","freezing","grocery",0,0,0,"midday"
82,621,18,603,"weekday","afternoon","travelling","cold","restaurant",1,0,0,"midday"
82,632,29,603,"weekday","beforelunch","unknown","warm","grocery",0,0,0,"midday"
82,638,35,603,"weekday","unknown","travelling","cold","restaurant",0,0,0,"unknown"
82,640,37,603,"weekday","lunch","travelling","cold","restaurant",0,0,0,"midday"
82,648,45,603,"weekday","beforelunch","working","cold","restaurant",0,0,0,"midday"
82,651,48,603,"weekend","afternoon","travelling","unknown","grocery",1,0,0,"midday"
82,665,62,603,"weekday","afternoon","travelling","cold","grocery",0,1,0,"midday"
82,670,67,603,"weekday","earlymorning","travelling","cold","grocery",0,1,0,"morning"
82,671,68,603,"weekday","morning","shopping","cold","restaurant",0,1,0,"morning"
82,678,75,603,"weekend","lunch","unknown","cold","restaurant",0,1,0,"midday"
82,682,79,603,"weekend","lunch","unknown","cold","grocery",0,1,0,"midday"
82,694,91,603,"weekday","lunch","shopping","cold","grocery",0,1,0,"midday"
82,710,107,603,"unknown","lunch","leisure","unknown","grocery",1,1,0,"midday"
82,713,110,603,"weekday","dinner","working","warm","restaurant",1,1,0,"night"
82,723,120,603,"weekday","dinner","travelling","cold","restaurant",1,1,1,"night"
82,738,135,603,"weekday","afternoon","leisure","freezing","grocery",0,1,1,"midday"
82,741,138,603,"weekend","lunch","unknown","unknown","grocery",0,1,1,"midday"
82,744,141,603,"weekday","evening","travelling","cold","restaurant",1,1,1,"night"
82,767,164,603,"weekday","afternoon","travelling","unknown","grocery",0,1,1,"midday"
82,773,170,603,"weekday","afternoon","unknown","freezing","restaurant",1,1,1,"midday"
82,774,171,603,"weekday","afternoon","working","cold","grocery",1,1,1,"midday"
82,779,176,603,"weekend","afternoon","working","cold","grocery",0,1,1,"midday"
82,781,178,603,"weekday","beforelunch","travelling","freezing","grocery",0,1,1,"midday"
82,782,179,603,"weekday","breakfast","travelling","freezing","restaurant",0,1,1,"morning"
82,784,181,603,"weekday","breakfast","unknown","cold","grocery",0,1,1,"morning"
82,785,182,603,"weekend","lunch","working","hot","restaurant",1,1,1,"midday"
83,610,5,605,"weekday","breakfast","working","hot","grocery",0,0,0,"morning"
83,628,23,605,"weekday","afternoon","travelling","cold","grocery",0,0,0,"midday"
83,641,36,605,"weekday","beforelunch","travelling","unknown","restaurant",0,0,0,"midday"
83,654,49,605,"weekend","dinner","shopping","warm","grocery",0,0,0,"night"
83,668,63,605,"weekday","afternoon","working","unknown","grocery",0,1,0,"midday"
83,685,80,605,"weekday","afternoon","working","cold","grocery",1,1,0,"midday"
83,738,133,605,"weekend","breakfast","travelling","unknown","restaurant",1,1,1,"morning"
83,745,140,605,"weekday","breakfast","travelling","unknown","grocery",0,1,1,"morning"
83,750,145,605,"weekday","afternoon","working","freezing","grocery",0,1,1,"midday"
83,765,160,605,"weekday","dinner","leisure","freezing","grocery",1,1,1,"night"
83,767,162,605,"weekend","afternoon","travelling","freezing","grocery",0,1,1,"midday"
84,615,2,613,"weekday","lunch","morningrituals","freezing","restaurant",1,0,0,"midday"
84,617,4,613,"weekday","breakfast","working","cold","grocery",0,0,0,"morning"
84,630,17,613,"weekday","beforelunch","travelling","cold","grocery",0,0,0,"midday"
84,633,20,613,"weekend","afternoon","travelling","unknown","restaurant",0,0,0,"midday"
84,640,27,613,"weekday","afternoon","travelling","unknown","restaurant",0,0,0,"midday"
84,642,29,613,"weekend","afternoon","travelling","cold","restaurant",1,0,0,"midday"
84,646,33,613,"weekend","afternoon","shopping","cold","grocery",0,0,0,"midday"
84,648,35,613,"weekend","beforelunch","unknown","cold","grocery",0,0,0,"midday"
84,649,36,613,"weekend","lunch","travelling","freezing","restaurant",0,0,0,"midday"
84,652,39,613,"weekday","afternoon","working","cold","grocery",0,0,0,"midday"
84,657,44,613,"weekday","lunch","leisure","freezing","restaurant",0,0,0,"midday"
84,659,46,613,"weekday","dinner","travelling","freezing","restaurant",0,0,0,"night"
84,660,47,613,"weekday","dinner","travelling","freezing","grocery",0,0,0,"night"
84,666,53,613,"weekday","afternoon","travelling","cold","restaurant",1,0,0,"midday"
84,671,58,613,"weekday","beforelunch","travelling","cold","restaurant",0,1,0,"midday"
84,679,66,613,"weekday","lunch","leisure","unknown","restaurant",0,1,0,"midday"
84,683,70,613,"weekday","lunch","travelling","cold","grocery",1,1,0,"midday"
84,684,71,613,"weekday","night","working","freezing","restaurant",0,1,0,"night"
84,686,73,613,"weekend","lunch","travelling","unknown","grocery",1,1,0,"midday"
84,691,78,613,"weekend","morning","leisure","freezing","grocery",0,1,0,"morning"
84,693,80,613,"weekend","lunch","travelling","warm","grocery",1,1,0,"midday"
84,694,81,613,"weekday","afternoon","unknown","cold","restaurant",0,1,0,"midday"
84,695,82,613,"weekday","breakfast","travelling","freezing","grocery",0,1,0,"morning"
84,696,83,613,"weekday","afternoon","travelling","warm","grocery",0,1,0,"midday"
84,701,88,613,"weekday","lunch","shopping","freezing","grocery",0,1,0,"midday"
84,703,90,613,"weekday","lunch","unknown","unknown","restaurant",1,1,0,"midday"
84,707,94,613,"weekday","beforelunch","travelling","cold","grocery",0,1,0,"midday"
84,709,96,613,"weekday","dinner","travelling","freezing","restaurant",0,1,0,"night"
84,712,99,613,"weekday","lunch","travelling","warm","restaurant",0,1,0,"midday"
84,714,101,613,"unknown","unknown","travelling","freezing","restaurant",0,1,0,"unknown"
84,715,102,613,"weekday","lunch","travelling","cold","grocery",1,1,0,"midday"
84,718,105,613,"weekday","lunch","travelling","cold","restaurant",0,1,0,"midday"
84,728,115,613,"weekday","afternoon","travelling","cold","grocery",0,1,1,"midday"
84,729,116,613,"weekday","lunch","travelling","cold","grocery",0,1,1,"midday"
84,730,117,613,"weekend","beforelunch","travelling","unknown","grocery",0,1,1,"midday"
84,736,123,613,"weekend","lunch","travelling","cold","grocery",0,1,1,"midday"
84,737,124,613,"weekday","dinner","travelling","warm","grocery",0,1,1,"night"
84,740,127,613,"weekday","lunch","leisure","unknown","restaurant",0,1,1,"midday"
84,741,128,613,"weekday","lunch","working","cold","restaurant",0,1,1,"midday"
84,743,130,613,"weekday","morning","working","freezing","grocery",1,1,1,"morning"
84,749,136,613,"weekday","unknown","travelling","cold","restaurant",0,1,1,"unknown"
84,750,137,613,"weekday","lunch","shopping","cold","restaurant",0,1,1,"midday"
84,752,139,613,"weekday","earlymorning","travelling","cold","restaurant",1,1,1,"morning"
84,753,140,613,"unknown","morning","travelling","freezing","grocery",0,1,1,"morning"
84,755,142,613,"weekday","beforelunch","unknown","unknown","restaurant",1,1,1,"midday"
84,760,147,613,"weekday","beforelunch","unknown","warm","grocery",0,1,1,"midday"
84,765,152,613,"weekend","dinner","leisure","freezing","grocery",1,1,1,"night"
84,766,153,613,"weekday","beforelunch","travelling","hot","restaurant",0,1,1,"midday"
84,769,156,613,"weekend","afternoon","unknown","cold","restaurant",0,1,1,"midday"
84,770,157,613,"weekday","beforelunch","travelling","unknown","restaurant",1,1,1,"midday"
84,773,160,613,"weekday","dinner","leisure","freezing","restaurant",0,1,1,"night"
84,774,161,613,"weekday","morning","working","unknown","grocery",0,1,1,"morning"
84,775,162,613,"weekday","breakfast","working","cold","restaurant",0,1,1,"morning"
84,776,163,613,"weekday","beforelunch","travelling","cold","restaurant",0,1,1,"midday"
84,777,164,613,"weekday","beforelunch","travelling","cold","restaurant",0,1,1,"midday"
84,781,168,613,"weekday","afternoon","travelling","unknown","grocery",0,1,1,"midday"
84,785,172,613,"weekday","lunch","travelling","cold","restaurant",0,1,1,"midday"
84,786,173,613,"weekend","earlymorning","working","freezing","restaurant",0,1,1,"morning"
84,790,177,613,"weekday","breakfast","unknown","freezing","restaurant",0,1,1,"morning"
84,791,178,613,"weekday","afternoon","leisure","hot","restaurant",1,1,1,"midday"
84,796,183,613,"weekday","afternoon","travelling","cold","restaurant",0,1,1,"midday"
85,628,3,625,"weekday","dinner","working","unknown","grocery",1,0,0,"night"
85,634,9,625,"weekend","morning","travelling","unknown","restaurant",0,0,0,"morning"
85,732,107,625,"weekday","lunch","leisure","cold","restaurant",0,1,0,"midday"
85,734,109,625,"weekday","earlymorning","travelling","unknown","grocery",1,1,0,"morning"
85,762,137,625,"weekday","lunch","leisure","cold","restaurant",0,1,1,"midday"
85,766,141,625,"weekend","morning","working","cold","restaurant",1,1,1,"morning"
85,785,160,625,"weekday","night","travelling","warm","grocery",0,1,1,"night"
85,787,162,625,"weekend","beforelunch","unknown","hot","grocery",0,1,1,"midday"
85,791,166,625,"weekday","breakfast","unknown","cold","restaurant",0,1,1,"morning"
85,804,179,625,"weekday","lunch","unknown","unknown","restaurant",0,1,1,"midday"
86,633,0,633,"weekday","afternoon","unknown","unknown","restaurant",1,0,0,"midday"
86,634,1,633,"weekday","beforelunch","travelling","freezing","restaurant",0,0,0,"midday"
86,635,2,633,"weekend","afternoon","unknown","hot","grocery",1,0,0,"midday"
86,636,3,633,"weekend","beforelunch","travelling","cold","restaurant",0,0,0,"midday"
86,637,4,633,"weekday","breakfast","travelling","cold","grocery",0,0,0,"morning"
86,638,5,633,"weekday","morning","working","freezing","restaurant",0,0,0,"morning"
86,640,7,633,"weekday","beforelunch","travelling","warm","restaurant",0,0,0,"midday"
86,641,8,633,"weekday","afternoon","travelling","cold","grocery",1,0,0,"midday"
86,642,9,633,"weekday","afternoon","unknown","unknown","restaurant",0,0,0,"midday"
86,643,10,633,"weekend","night","unknown","warm","grocery",0,0,0,"night"
86,645,12,633,"weekday","beforelunch","travelling","warm","grocery",0,0,0,"midday"
86,647,14,633,"weekday","morning","working","cold","grocery",0,0,0,"morning"
86,651,18,633,"weekday","beforelunch","travelling","unknown","grocery",0,0,0,"midday"
86,652,19,633,"weekday","afternoon","travelling","freezing","restaurant",0,0,0,"midday"
86,653,20,633,"weekday","afternoon","unknown","cold","grocery",1,0,0,"midday"
86,655,22,633,"weekday","morning","travelling","cold","restaurant",0,0,0,"morning"
86,656,23,633,"weekday","lunch","leisure","unknown","restaurant",1,0,0,"midday"
86,657,24,633,"weekday","afternoon","travelling","hot","grocery",0,0,0,"midday"
86,658,25,633,"weekday","beforelunch","shopping","freezing","restaurant",1,0,0,"midday"
86,659,26,633,"weekend","breakfast","travelling","cold","restaurant",1,0,0,"morning"
86,660,27,633,"unknown","beforelunch","travelling","unknown","grocery",1,0,0,"midday"
86,662,29,633,"weekday","lunch","travelling","hot","restaurant",1,0,0,"midday"
86,663,30,633,"weekday","evening","unknown","unknown","restaurant",0,0,0,"night"
86,664,31,633,"weekday","beforelunch","travelling","warm","grocery",0,0,0,"midday"
86,666,33,633,"weekday","beforelunch","leisure","cold","restaurant",1,0,0,"midday"
86,667,34,633,"weekday","afternoon","travelling","hot","grocery",1,0,0,"midday"
86,668,35,633,"weekday","morning","leisure","freezing","grocery",0,0,0,"morning"
86,669,36,633,"weekday","morning","travelling","cold","restaurant",0,0,0,"morning"
86,670,37,633,"weekday","afternoon","travelling","hot","grocery",0,0,0,"midday"
86,671,38,633,"weekday","breakfast","travelling","unknown","grocery",0,0,0,"morning"
86,672,39,633,"weekend","lunch","travelling","freezing","restaurant",1,0,0,"midday"
86,673,40,633,"weekend","beforelunch","leisure","cold","grocery",1,0,0,"midday"
86,675,42,633,"weekend","beforelunch","travelling","unknown","restaurant",1,0,0,"midday"
86,677,44,633,"weekend","lunch","shopping","cold","restaurant",1,0,0,"midday"
86,679,46,633,"weekday","dinner","unknown","freezing","grocery",1,0,0,"night"
86,680,47,633,"weekday","lunch","travelling","cold","grocery",1,0,0,"midday"
86,682,49,633,"weekday","unknown","working","unknown","restaurant",0,0,0,"unknown"
86,683,50,633,"weekday","lunch","travelling","unknown","grocery",0,0,0,"midday"
86,684,51,633,"weekday","afternoon","travelling","unknown","grocery",0,0,0,"midday"
86,686,53,633,"weekday","afternoon","travelling","cold","restaurant",1,0,0,"midday"
86,687,54,633,"weekday","earlymorning","working","unknown","restaurant",0,0,0,"morning"
86,688,55,633,"weekday","afternoon","unknown","warm","restaurant",0,0,0,"midday"
86,689,56,633,"weekday","afternoon","leisure","freezing","grocery",1,0,0,"midday"
86,690,57,633,"weekday","afternoon","travelling","freezing","restaurant",0,1,0,"midday"
86,692,59,633,"weekday","breakfast","travelling","hot","grocery",0,1,0,"morning"
86,693,60,633,"weekend","morning","travelling","warm","restaurant",0,1,0,"morning"
86,694,61,633,"weekday","beforelunch","travelling","cold","grocery",1,1,0,"midday"
86,696,63,633,"weekend","afternoon","travelling","hot","grocery",0,1,0,"midday"
86,697,64,633,"weekday","afternoon","travelling","cold","restaurant",0,1,0,"midday"
86,698,65,633,"weekday","afternoon","travelling","warm","grocery",0,1,0,"midday"
86,699,66,633,"weekend","breakfast","unknown","cold","restaurant",0,1,0,"morning"
86,700,67,633,"weekday","beforelunch","travelling","unknown","restaurant",0,1,0,"midday"
86,701,68,633,"weekday","lunch","working","freezing","restaurant",0,1,0,"midday"
86,702,69,633,"weekday","beforelunch","working","warm","grocery",0,1,0,"midday"
86,703,70,633,"weekday","beforelunch","leisure","unknown","grocery",0,1,0,"midday"
86,705,72,633,"weekday","lunch","travelling","cold","restaurant",0,1,0,"midday"
86,707,74,633,"weekday","breakfast","working","warm","restaurant",1,1,0,"morning"
86,708,75,633,"weekday","afternoon","unknown","freezing","restaurant",1,1,0,"midday"
86,709,76,633,"weekday","breakfast","travelling","unknown","restaurant",1,1,0,"morning"
86,712,79,633,"weekday","afternoon","travelling","warm","restaurant",0,1,0,"midday"
86,713,80,633,"weekend","afternoon","unknown","warm","grocery",0,1,0,"midday"
86,714,81,633,"weekday","lunch","unknown","freezing","grocery",0,1,0,"midday"
86,715,82,633,"weekend","lunch","travelling","hot","restaurant",0,1,0,"midday"
86,716,83,633,"weekend","night","travelling","warm","restaurant",0,1,0,"night"
86,718,85,633,"weekday","beforelunch","travelling","unknown","restaurant",0,1,0,"midday"
86,719,86,633,"weekday","lunch","unknown","warm","grocery",1,1,0,"midday"
86,722,89,633,"weekend","beforelunch","travelling","cold","grocery",0,1,0,"midday"
86,725,92,633,"weekday","beforelunch","travelling","cold","grocery",1,1,0,"midday"
86,726,93,633,"weekday","lunch","travelling","freezing","grocery",0,1,0,"midday"
86,728,95,633,"weekday","morning","travelling","freezing","grocery",1,1,0,"morning"
86,730,97,633,"weekend","unknown","leisure","cold","grocery",0,1,0,"unknown"
86,734,101,633,"weekday","afternoon","travelling","unknown","grocery",0,1,0,"midday"
86,735,102,633,"weekday","afternoon","travelling","freezing","restaurant",1,1,0,"midday"
86,737,104,633,"weekday","beforelunch","leisure","unknown","grocery",0,1,0,"midday"
86,738,105,633,"weekday","afternoon","travelling","freezing","restaurant",0,1,0,"midday"
86,739,106,633,"weekday","afternoon","shopping","cold","restaurant",1,1,0,"midday"
86,741,108,633,"weekday","afternoon","unknown","freezing","restaurant",1,1,0,"midday"
86,742,109,633,"weekend","lunch","working","unknown","grocery",1,1,0,"midday"
86,745,112,633,"unknown","lunch","travelling","freezing","grocery",0,1,0,"midday"
86,747,114,633,"weekday","beforelunch","leisure","freezing","restaurant",1,1,1,"midday"
86,748,115,633,"weekend","afternoon","travelling","freezing","restaurant",0,1,1,"midday"
86,749,116,633,"weekday","evening","travelling","freezing","grocery",0,1,1,"night"
86,752,119,633,"weekday","afternoon","unknown","warm","restaurant",0,1,1,"midday"
86,754,121,633,"weekday","afternoon","shopping","warm","grocery",0,1,1,"midday"
86,757,124,633,"weekday","afternoon","unknown","unknown","grocery",0,1,1,"midday"
86,758,125,633,"weekday","dinner","travelling","warm","restaurant",0,1,1,"night"
86,759,126,633,"weekday","morning","travelling","unknown","restaurant",0,1,1,"morning"
86,760,127,633,"weekday","lunch","travelling","cold","grocery",0,1,1,"midday"
86,763,130,633,"weekend","afternoon","travelling","freezing","grocery",0,1,1,"midday"
86,764,131,633,"weekday","afternoon","travelling","cold","restaurant",1,1,1,"midday"
86,765,132,633,"weekday","lunch","leisure","cold","grocery",0,1,1,"midday"
86,766,133,633,"weekday","afternoon","travelling","cold","restaurant",0,1,1,"midday"
86,767,134,633,"weekday","lunch","travelling","unknown","restaurant",0,1,1,"midday"
86,769,136,633,"weekday","afternoon","unknown","warm","restaurant",1,1,1,"midday"
86,770,137,633,"weekday","lunch","travelling","freezing","restaurant",1,1,1,"midday"
86,771,138,633,"weekday","breakfast","travelling","cold","grocery",0,1,1,"morning"
86,773,140,633,"weekend","breakfast","travelling","hot","grocery",0,1,1,"morning"
86,774,141,633,"weekday","afternoon","morningrituals","cold","grocery",0,1,1,"midday"
86,775,142,633,"weekday","lunch","travelling","cold","grocery",1,1,1,"midday"
86,778,145,633,"weekday","beforelunch","travelling","cold","restaurant",1,1,1,"midday"
86,779,146,633,"weekday","afternoon","leisure","warm","grocery",1,1,1,"midday"
86,780,147,633,"weekday","afternoon","travelling","cold","grocery",0,1,1,"midday"
86,783,150,633,"weekday","afternoon","leisure","unknown","grocery",0,1,1,"midday"
86,786,153,633,"weekday","afternoon","travelling","freezing","restaurant",1,1,1,"midday"
86,790,157,633,"unknown","evening","unknown","cold","grocery",0,1,1,"night"
86,791,158,633,"weekday","beforelunch","unknown","warm","grocery",1,1,1,"midday"
86,793,160,633,"weekday","lunch","shopping","freezing","grocery",0,1,1,"midday"
86,794,161,633,"weekday","lunch","leisure","cold","restaurant",0,1,1,"midday"
86,797,164,633,"weekday","breakfast","working","warm","grocery",1,1,1,"morning"
86,798,165,633,"weekday","lunch","leisure","cold","grocery",0,1,1,"midday"
86,801,168,633,"weekday","breakfast","travelling","hot","grocery",0,1,1,"morning"
86,802,169,633,"weekday","afternoon","travelling","cold","restaurant",0,1,1,"midday"
86,803,170,633,"weekday","beforelunch","travelling","warm","grocery",0,1,1,"midday"
86,804,171,633,"weekday","afternoon","unknown","hot","grocery",1,1,1,"midday"
86,805,172,633,"weekday","lunch","travelling","freezing","grocery",1,1,1,"midday"
86,806,173,633,"weekday","breakfast","travelling","cold","grocery",1,1,1,"morning"
86,807,174,633,"weekday","afternoon","travelling","warm","restaurant",0,1,1,"midday"
86,809,176,633,"weekday","lunch","travelling","warm","restaurant",0,1,1,"midday"
86,814,181,633,"weekday","afternoon","unknown","cold","grocery",0,1,1,"midday"
86,816,183,633,"weekday","afternoon","travelling","unknown","grocery",1,1,1,"midday"
87,653,7,646,"weekday","afternoon","unknown","cold","restaurant",1,0,0,"midday"
87,654,8,646,"weekday","lunch","travelling","cold","grocery",0,0,0,"midday"
87,660,14,646,"weekday","beforelunch","travelling","unknown","restaurant",1,0,0,"midday"
87,666,20,646,"weekday","beforelunch","working","unknown","grocery",0,0,0,"midday"
87,673,27,646,"weekday","afternoon","morningrituals","hot","grocery",1,0,0,"midday"
87,683,37,646,"weekday","lunch","workingout","warm","grocery",0,0,0,"midday"
87,684,38,646,"weekday","lunch","working","warm","restaurant",0,0,0,"midday"
87,689,43,646,"weekday","lunch","travelling","freezing","grocery",1,0,0,"midday"
87,691,45,646,"weekday","afternoon","travelling","warm","grocery",0,0,0,"midday"
87,693,47,646,"weekday","night","leisure","unknown","grocery",0,0,0,"night"
87,695,49,646,"weekday","breakfast","morningrituals","warm","grocery",1,0,0,"morning"
87,708,62,646,"weekday","beforelunch","travelling","cold","restaurant",1,1,0,"midday"
87,714,68,646,"weekday","morning","unknown","unknown","restaurant",0,1,0,"morning"
87,719,73,646,"weekday","afternoon","leisure","unknown","grocery",0,1,0,"midday"
87,722,76,646,"weekday","morning","travelling","freezing","grocery",1,1,0,"morning"
87,730,84,646,"weekday","beforelunch","travelling","unknown","restaurant",0,1,0,"midday"
87,739,93,646,"weekday","lunch","travelling","unknown","restaurant",0,1,0,"midday"
87,740,94,646,"weekend","lunch","shopping","cold","grocery",1,1,0,"midday"
87,748,102,646,"weekend","lunch","leisure","freezing","restaurant",0,1,0,"midday"
87,754,108,646,"weekday","lunch","unknown","cold","restaurant",0,1,0,"midday"
87,760,114,646,"weekday","afternoon","travelling","freezing","grocery",1,1,1,"midday"
87,763,117,646,"weekday","beforelunch","travelling","freezing","restaurant",0,1,1,"midday"
87,766,120,646,"weekday","afternoon","travelling","cold","grocery",0,1,1,"midday"
87,771,125,646,"weekend","afternoon","travelling","unknown","restaurant",1,1,1,"midday"
87,772,126,646,"weekday","breakfast","unknown","freezing","restaurant",0,1,1,"morning"
87,781,135,646,"weekday","lunch","workingout","freezing","grocery",0,1,1,"midday"
87,783,137,646,"weekday","afternoon","unknown","freezing","grocery",0,1,1,"midday"
87,784,138,646,"weekday","afternoon","working","freezing","grocery",0,1,1,"midday"
87,788,142,646,"weekend","morning","leisure","unknown","grocery",0,1,1,"morning"
87,793,147,646,"weekday","lunch","working","hot","grocery",1,1,1,"midday"
87,796,150,646,"weekend","unknown","unknown","cold","restaurant",0,1,1,"unknown"
87,802,156,646,"weekday","beforelunch","working","unknown","restaurant",0,1,1,"midday"
87,807,161,646,"weekend","afternoon","travelling","warm","grocery",0,1,1,"midday"
87,811,165,646,"weekday","breakfast","shopping","cold","grocery",0,1,1,"morning"
87,818,172,646,"weekday","lunch","travelling","freezing","grocery",0,1,1,"midday"
87,824,178,646,"weekday","afternoon","travelling","unknown","restaurant",0,1,1,"midday"
87,827,181,646,"weekend","unknown","travelling","hot","restaurant",0,1,1,"unknown"
88,669,14,655,"weekday","lunch","shopping","unknown","restaurant",1,0,0,"midday"
88,679,24,655,"weekend","breakfast","travelling","freezing","grocery",0,0,0,"morning"
88,682,27,655,"weekday","afternoon","travelling","cold","grocery",0,0,0,"midday"
88,691,36,655,"weekday","afternoon","travelling","warm","restaurant",1,0,0,"midday"
88,697,42,655,"weekday","afternoon","morningrituals","cold","grocery",0,0,0,"midday"
88,701,46,655,"weekend","breakfast","unknown","unknown","grocery",0,0,0,"morning"
88,710,55,655,"weekday","morning","working","cold","grocery",0,0,0,"morning"
88,726,71,655,"weekday","afternoon","shopping","warm","restaurant",0,1,0,"midday"
88,728,73,655,"weekday","breakfast","travelling","hot","grocery",0,1,0,"morning"
88,733,78,655,"weekday","lunch","unknown","cold","restaurant",0,1,0,"midday"
88,735,80,655,"weekday","beforelunch","travelling","hot","grocery",0,1,0,"midday"
88,754,99,655,"weekday","afternoon","unknown","cold","restaurant",0,1,0,"midday"
88,775,120,655,"weekend","afternoon","morningrituals","freezing","grocery",0,1,1,"midday"
88,777,122,655,"weekday","lunch","shopping","freezing","grocery",0,1,1,"midday"
88,792,137,655,"weekday","beforelunch","working","cold","grocery",1,1,1,"midday"
88,795,140,655,"weekday","latenight","morningrituals","freezing","restaurant",0,1,1,"night"
88,800,145,655,"weekend","afternoon","travelling","unknown","grocery",0,1,1,"midday"
88,804,149,655,"weekday","beforelunch","travelling","warm","restaurant",1,1,1,"midday"
88,805,150,655,"weekday","dinner","travelling","cold","restaurant",0,1,1,"night"
88,808,153,655,"weekday","evening","travelling","cold","grocery",0,1,1,"night"
88,809,154,655,"weekday","breakfast","travelling","hot","grocery",0,1,1,"morning"
88,816,161,655,"weekday","lunch","leisure","freezing","restaurant",0,1,1,"midday"
88,818,163,655,"weekday","afternoon","working","cold","grocery",0,1,1,"midday"
88,826,171,655,"weekday","breakfast","working","unknown","grocery",1,1,1,"morning"
88,834,179,655,"weekend","lunch","leisure","cold","grocery",0,1,1,"midday"
88,836,181,655,"weekday","breakfast","unknown","unknown","restaurant",1,1,1,"morning"
88,837,182,655,"weekend","afternoon","travelling","freezing","grocery",1,1,1,"midday"
89,660,0,660,"weekday","afternoon","travelling","warm","grocery",0,0,0,"midday"
89,664,4,660,"weekday","morning","travelling","hot","grocery",0,0,0,"morning"
89,665,5,660,"weekday","lunch","travelling","warm","grocery",0,0,0,"midday"
89,666,6,660,"weekday","lunch","shopping","cold","grocery",1,0,0,"midday"
89,668,8,660,"weekday","afternoon","travelling","freezing","restaurant",0,0,0,"midday"
89,669,9,660,"weekday","afternoon","working","freezing","grocery",1,0,0,"midday"
89,670,10,660,"weekday","morning","travelling","warm","grocery",1,0,0,"morning"
89,671,11,660,"weekday","beforelunch","travelling","unknown","restaurant",0,0,0,"midday"
89,672,12,660,"weekday","afternoon","travelling","warm","grocery",0,0,0,"midday"
89,673,13,660,"weekday","afternoon","travelling","unknown","restaurant",0,0,0,"midday"
89,674,14,660,"weekend","beforelunch","travelling","cold","grocery",0,0,0,"midday"
89,676,16,660,"weekend","lunch","travelling","unknown","restaurant",0,0,0,"midday"
89,677,17,660,"weekend","beforelunch","working","warm","grocery",0,0,0,"midday"
89,678,18,660,"weekday","afternoon","unknown","freezing","restaurant",0,0,0,"midday"
89,680,20,660,"weekend","lunch","leisure","warm","grocery",0,0,0,"midday"
89,681,21,660,"weekday","beforelunch","travelling","cold","grocery",0,0,0,"midday"
89,682,22,660,"weekday","lunch","travelling","freezing","grocery",0,0,0,"midday"
89,683,23,660,"weekday","breakfast","travelling","freezing","grocery",0,0,0,"morning"
89,686,26,660,"weekday","beforelunch","working","hot","restaurant",0,0,0,"midday"
89,688,28,660,"weekday","afternoon","working","cold","grocery",0,0,0,"midday"
89,689,29,660,"weekday","afternoon","travelling","hot","restaurant",0,0,0,"midday"
89,692,32,660,"weekend","evening","travelling","freezing","restaurant",1,0,0,"night"
89,693,33,660,"weekend","morning","travelling","cold","restaurant",0,0,0,"morning"
89,695,35,660,"weekend","lunch","travelling","cold","restaurant",0,0,0,"midday"
89,696,36,660,"weekday","dinner","travelling","cold","grocery",0,0,0,"night"
89,698,38,660,"weekend","afternoon","travelling","cold","restaurant",0,0,0,"midday"
89,699,39,660,"weekday","lunch","travelling","freezing","restaurant",0,0,0,"midday"
89,703,43,660,"weekday","unknown","leisure","unknown","grocery",0,0,0,"unknown"
89,705,45,660,"weekend","morning","travelling","unknown","restaurant",1,0,0,"morning"
89,706,46,660,"weekday","latenight","travelling","cold","grocery",1,0,0,"night"
89,709,49,660,"weekday","afternoon","shopping","cold","restaurant",1,0,0,"midday"
89,710,50,660,"weekend","beforelunch","shopping","cold","restaurant",1,0,0,"midday"
89,711,51,660,"weekday","beforelunch","travelling","cold","grocery",1,0,0,"midday"
89,712,52,660,"weekday","afternoon","travelling","unknown","restaurant",0,0,0,"midday"
89,714,54,660,"weekday","afternoon","unknown","freezing","restaurant",0,0,0,"midday"
89,715,55,660,"weekday","lunch","travelling","cold","grocery",0,0,0,"midday"
89,717,57,660,"weekend","lunch","travelling","hot","grocery",1,1,0,"midday"
89,718,58,660,"weekday","beforelunch","shopping","freezing","restaurant",0,1,0,"midday"
89,721,61,660,"weekend","lunch","travelling","cold","restaurant",0,1,0,"midday"
89,723,63,660,"weekday","beforelunch","unknown","warm","grocery",1,1,0,"midday"
89,725,65,660,"weekday","lunch","working","warm","grocery",1,1,0,"midday"
89,726,66,660,"weekday","afternoon","travelling","cold","grocery",1,1,0,"midday"
89,727,67,660,"weekday","morning","leisure","cold","restaurant",0,1,0,"morning"
89,728,68,660,"weekend","lunch","working","unknown","restaurant",1,1,0,"midday"
89,729,69,660,"weekday","lunch","travelling","cold","restaurant",1,1,0,"midday"
89,731,71,660,"weekday","beforelunch","travelling","warm","restaurant",1,1,0,"midday"
89,732,72,660,"weekend","beforelunch","working","unknown","grocery",0,1,0,"midday"
89,733,73,660,"weekday","beforelunch","unknown","cold","restaurant",0,1,0,"midday"
89,735,75,660,"weekday","afternoon","travelling","unknown","restaurant",0,1,0,"midday"
89,736,76,660,"weekend","beforelunch","travelling","cold","grocery",1,1,0,"midday"
89,737,77,660,"weekday","morning","shopping","unknown","grocery",0,1,0,"morning"
89,738,78,660,"weekday","breakfast","travelling","cold","grocery",0,1,0,"morning"
89,739,79,660,"weekday","afternoon","unknown","cold","grocery",0,1,0,"midday"
89,740,80,660,"weekday","evening","travelling","unknown","grocery",0,1,0,"night"
89,741,81,660,"weekday","afternoon","travelling","warm","grocery",0,1,0,"midday"
89,742,82,660,"weekday","afternoon","shopping","cold","restaurant",0,1,0,"midday"
89,745,85,660,"weekday","breakfast","travelling","freezing","grocery",0,1,0,"morning"
89,747,87,660,"weekday","unknown","travelling","freezing","grocery",1,1,0,"unknown"
89,749,89,660,"weekday","afternoon","travelling","unknown","grocery",0,1,0,"midday"
89,750,90,660,"weekday","dinner","travelling","warm","grocery",0,1,0,"night"
89,751,91,660,"unknown","afternoon","travelling","cold","grocery",0,1,0,"midday"
89,752,92,660,"weekday","lunch","unknown","cold","grocery",1,1,0,"midday"
89,753,93,660,"weekend","afternoon","working","warm","restaurant",0,1,0,"midday"
89,756,96,660,"weekday","morning","travelling","cold","grocery",0,1,0,"morning"
89,757,97,660,"weekday","afternoon","travelling","freezing","restaurant",0,1,0,"midday"
89,760,100,660,"weekday","breakfast","travelling","cold","grocery",0,1,0,"morning"
89,761,101,660,"weekday","breakfast","travelling","cold","grocery",0,1,0,"morning"
89,763,103,660,"weekday","afternoon","travelling","cold","restaurant",1,1,0,"midday"
89,764,104,660,"weekday","afternoon","working","cold","grocery",0,1,0,"midday"
89,765,105,660,"weekday","afternoon","working","cold","restaurant",0,1,0,"midday"
89,766,106,660,"weekend","beforelunch","travelling","hot","grocery",1,1,0,"midday"
89,767,107,660,"weekend","morning","travelling","freezing","grocery",0,1,0,"morning"
89,770,110,660,"weekday","beforelunch","working","cold","restaurant",0,1,0,"midday"
89,773,113,660,"weekday","afternoon","unknown","hot","restaurant",0,1,1,"midday"
89,774,114,660,"weekday","afternoon","travelling","freezing","grocery",0,1,1,"midday"
89,775,115,660,"weekday","beforelunch","working","unknown","restaurant",0,1,1,"midday"
89,776,116,660,"weekday","morning","travelling","cold","restaurant",1,1,1,"morning"
89,777,117,660,"weekday","afternoon","travelling","unknown","restaurant",1,1,1,"midday"
89,780,120,660,"weekday","afternoon","travelling","unknown","grocery",0,1,1,"midday"
89,781,121,660,"weekday","afternoon","travelling","unknown","grocery",1,1,1,"midday"
89,782,122,660,"weekend","lunch","travelling","cold","restaurant",0,1,1,"midday"
89,783,123,660,"weekday","beforelunch","working","hot","restaurant",0,1,1,"midday"
89,784,124,660,"weekday","beforelunch","travelling","cold","restaurant",1,1,1,"midday"
89,785,125,660,"weekend","dinner","leisure","cold","restaurant",0,1,1,"night"
89,786,126,660,"weekend","lunch","travelling","cold","restaurant",0,1,1,"midday"
89,787,127,660,"weekday","dinner","travelling","freezing","restaurant",0,1,1,"night"
89,788,128,660,"weekday","beforelunch","working","hot","restaurant",0,1,1,"midday"
89,789,129,660,"weekday","afternoon","travelling","warm","restaurant",0,1,1,"midday"
89,794,134,660,"weekday","morning","working","freezing","grocery",1,1,1,"morning"
89,795,135,660,"weekday","afternoon","travelling","unknown","grocery",0,1,1,"midday"
89,796,136,660,"weekday","afternoon","travelling","warm","restaurant",0,1,1,"midday"
89,797,137,660,"unknown","lunch","travelling","freezing","restaurant",0,1,1,"midday"
89,798,138,660,"weekday","afternoon","unknown","unknown","restaurant",0,1,1,"midday"
89,799,139,660,"weekday","morning","unknown","cold","restaurant",0,1,1,"morning"
89,800,140,660,"weekday","lunch","travelling","cold","grocery",0,1,1,"midday"
89,801,141,660,"weekday","afternoon","shopping","unknown","grocery",0,1,1,"midday"
89,804,144,660,"weekday","afternoon","unknown","cold","grocery",1,1,1,"midday"
89,805,145,660,"weekday","beforelunch","unknown","warm","restaurant",0,1,1,"midday"
89,806,146,660,"weekend","afternoon","unknown","unknown","grocery",1,1,1,"midday"
89,807,147,660,"weekend","breakfast","working","freezing","grocery",0,1,1,"morning"
89,811,151,660,"weekday","beforelunch","travelling","warm","grocery",0,1,1,"midday"
89,812,152,660,"weekday","afternoon","unknown","cold","restaurant",0,1,1,"midday"
89,814,154,660,"weekend","lunch","morningrituals","freezing","restaurant",0,1,1,"midday"
89,815,155,660,"weekday","beforelunch","working","hot","restaurant",1,1,1,"midday"
89,817,157,660,"weekend","morning","travelling","cold","grocery",1,1,1,"morning"
89,820,160,660,"weekend","beforelunch","shopping","cold","grocery",0,1,1,"midday"
89,821,161,660,"weekday","afternoon","travelling","cold","grocery",0,1,1,"midday"
89,822,162,660,"weekday","afternoon","travelling","warm","grocery",1,1,1,"midday"
89,823,163,660,"weekday","morning","travelling","warm","grocery",0,1,1,"morning"
89,824,164,660,"weekday","dinner","unknown","freezing","restaurant",0,1,1,"night"
89,826,166,660,"weekday","lunch","travelling","cold","grocery",0,1,1,"midday"
89,827,167,660,"weekday","lunch","unknown","cold","grocery",1,1,1,"midday"
89,829,169,660,"weekday","beforelunch","travelling","freezing","restaurant",0,1,1,"midday"
89,830,170,660,"weekday","beforelunch","travelling","freezing","grocery",0,1,1,"midday"
89,831,171,660,"weekend","afternoon","working","unknown","grocery",0,1,1,"midday"
89,832,172,660,"weekday","breakfast","morningrituals","warm","restaurant",0,1,1,"morning"
89,833,173,660,"weekday","afternoon","travelling","cold","grocery",0,1,1,"midday"
89,834,174,660,"unknown","afternoon","travelling","hot","grocery",0,1,1,"midday"
89,835,175,660,"weekday","afternoon","travelling","unknown","restaurant",1,1,1,"midday"
89,836,176,660,"weekday","afternoon","leisure","hot","grocery",1,1,1,"midday"
89,838,178,660,"weekday","afternoon","leisure","warm","grocery",1,1,1,"midday"
89,839,179,660,"weekday","afternoon","unknown","unknown","grocery",0,1,1,"midday"
89,840,180,660,"weekday","morning","travelling","freezing","grocery",0,1,1,"morning"
89,841,181,660,"weekday","lunch","travelling","cold","restaurant",0,1,1,"midday"
89,842,182,660,"weekday","lunch","travelling","warm","restaurant",0,1,1,"midday"
89,843,183,660,"weekday","afternoon","shopping","cold","grocery",0,1,1,"midday"
90,664,0,664,"weekday","earlymorning","travelling","unknown","restaurant",1,0,0,"morning"
90,669,5,664,"weekday","earlymorning","unknown","warm","restaurant",1,0,0,"morning"
90,674,10,664,"weekday","beforelunch","working","cold","restaurant",0,0,0,"midday"
90,681,17,664,"weekday","lunch","leisure","cold","grocery",0,0,0,"midday"
90,688,24,664,"weekday","afternoon","unknown","cold","grocery",0,0,0,"midday"
90,690,26,664,"weekday","dinner","travelling","freezing","restaurant",1,0,0,"night"
90,693,29,664,"weekday","morning","travelling","hot","grocery",1,0,0,"morning"
90,703,39,664,"weekday","afternoon","travelling","freezing","grocery",1,0,0,"midday"
90,710,46,664,"weekend","breakfast","travelling","unknown","restaurant",0,0,0,"morning"
90,713,49,664,"weekend","beforelunch","travelling","hot","restaurant",0,0,0,"midday"
90,716,52,664,"unknown","lunch","morningrituals","warm","grocery",0,0,0,"midday"
90,723,59,664,"weekday","lunch","travelling","unknown","restaurant",0,1,0,"midday"
90,727,63,664,"weekday","afternoon","unknown","freezing","restaurant",0,1,0,"midday"
90,728,64,664,"weekday","afternoon","travelling","cold","restaurant",1,1,0,"midday"
90,729,65,664,"weekday","earlymorning","travelling","warm","restaurant",0,1,0,"morning"
90,734,70,664,"weekend","lunch","travelling","warm","grocery",0,1,0,"midday"
90,759,95,664,"weekend","afternoon","travelling","freezing","grocery",1,1,0,"midday"
90,760,96,664,"weekday","unknown","leisure","warm","grocery",0,1,0,"unknown"
90,772,108,664,"weekday","morning","travelling","unknown","restaurant",0,1,0,"morning"
90,780,116,664,"weekend","lunch","travelling","cold","grocery",1,1,1,"midday"
90,782,118,664,"weekend","afternoon","leisure","freezing","restaurant",0,1,1,"midday"
90,783,119,664,"weekday","afternoon","travelling","freezing","restaurant",0,1,1,"midday"
90,787,123,664,"weekday","latenight","working","freezing","grocery",0,1,1,"night"
90,790,126,664,"weekday","dinner","travelling","unknown","grocery",1,1,1,"night"
90,795,131,664,"weekday","lunch","leisure","cold","restaurant",0,1,1,"midday"
90,796,132,664,"weekday","lunch","travelling","hot","grocery",0,1,1,"midday"
90,803,139,664,"weekday","lunch","working","hot","grocery",0,1,1,"midday"
90,807,143,664,"weekday","afternoon","unknown","warm","grocery",1,1,1,"midday"
90,813,149,664,"weekday","breakfast","travelling","cold","grocery",0,1,1,"morning"
90,826,162,664,"weekend","night","travelling","unknown","restaurant",1,1,1,"night"
90,827,163,664,"weekday","lunch","travelling","cold","restaurant",0,1,1,"midday"
90,833,169,664,"weekday","earlymorning","travelling","hot","grocery",0,1,1,"morning"
91,668,0,668,"weekday","beforelunch","leisure","cold","grocery",0,0,0,"midday"
91,670,2,668,"weekend","beforelunch","unknown","unknown","grocery",1,0,0,"midday"
91,677,9,668,"weekend","breakfast","unknown","freezing","restaurant",0,0,0,"morning"
91,679,11,668,"weekday","lunch","travelling","warm","grocery",0,0,0,"midday"
91,680,12,668,"weekday","afternoon","travelling","cold","grocery",0,0,0,"midday"
91,681,13,668,"weekday","unknown","leisure","unknown","grocery",1,0,0,"unknown"
91,682,14,668,"weekday","beforelunch","travelling","freezing","restaurant",0,0,0,"midday"
91,686,18,668,"weekend","afternoon","travelling","cold","grocery",1,0,0,"midday"
91,687,19,668,"weekend","afternoon","travelling","unknown","restaurant",0,0,0,"midday"
91,688,20,668,"weekday","lunch","travelling","freezing","restaurant",0,0,0,"midday"
91,692,24,668,"weekend","morning","travelling","unknown","grocery",0,0,0,"morning"
91,697,29,668,"weekend","evening","leisure","warm","restaurant",0,0,0,"night"
91,698,30,668,"weekday","beforelunch","travelling","cold","grocery",0,0,0,"midday"
91,703,35,668,"weekday","lunch","leisure","cold","grocery",1,0,0,"midday"
91,705,37,668,"weekday","afternoon","travelling","hot","grocery",1,0,0,"midday"
91,707,39,668,"weekday","afternoon","unknown","unknown","restaurant",0,0,0,"midday"
91,708,40,668,"weekend","evening","travelling","freezing","grocery",0,0,0,"night"
91,710,42,668,"weekend","lunch","leisure","freezing","grocery",0,0,0,"midday"
91,711,43,668,"weekday","beforelunch","shopping","unknown","restaurant",1,0,0,"midday"
91,713,45,668,"weekday","beforelunch","travelling","warm","restaurant",0,0,0,"midday"
91,715,47,668,"weekday","lunch","travelling","cold","restaurant",0,0,0,"midday"
91,720,52,668,"weekend","dinner","shopping","warm","restaurant",1,0,0,"night"
91,721,53,668,"weekday","lunch","travelling","freezing","restaurant",0,0,0,"midday"
91,724,56,668,"weekday","breakfast","travelling","freezing","restaurant",0,0,0,"morning"
91,728,60,668,"weekday","afternoon","shopping","warm","restaurant",0,1,0,"midday"
91,729,61,668,"weekend","breakfast","travelling","unknown","restaurant",0,1,0,"morning"
91,730,62,668,"weekday","afternoon","travelling","freezing","restaurant",0,1,0,"midday"
91,733,65,668,"weekday","lunch","travelling","freezing","grocery",0,1,0,"midday"
91,739,71,668,"weekday","afternoon","leisure","warm","restaurant",0,1,0,"midday"
91,743,75,668,"weekday","beforelunch","travelling","cold","grocery",0,1,0,"midday"
91,747,79,668,"weekday","earlymorning","leisure","unknown","grocery",0,1,0,"morning"
91,750,82,668,"weekday","beforelunch","travelling","hot","grocery",0,1,0,"midday"
91,751,83,668,"weekday","afternoon","travelling","warm","grocery",0,1,0,"midday"
91,752,84,668,"weekday","beforelunch","unknown","freezing","restaurant",0,1,0,"midday"
91,753,85,668,"weekend","afternoon","travelling","unknown","grocery",0,1,0,"midday"
91,755,87,668,"weekend","afternoon","travelling","cold","grocery",1,1,0,"midday"
91,757,89,668,"weekday","lunch","travelling","hot","grocery",1,1,0,"midday"
91,761,93,668,"weekday","breakfast","travelling","cold","grocery",1,1,0,"morning"
91,773,105,668,"weekday","afternoon","working","cold","restaurant",1,1,0,"midday"
91,776,108,668,"weekday","lunch","shopping","cold","grocery",1,1,0,"midday"
91,782,114,668,"weekday","beforelunch","unknown","cold","grocery",1,1,1,"midday"
91,783,115,668,"weekend","afternoon","travelling","freezing","grocery",1,1,1,"midday"
91,785,117,668,"unknown","beforelunch","unknown","freezing","grocery",0,1,1,"midday"
91,787,119,668,"weekday","lunch","working","unknown","grocery",0,1,1,"midday"
91,789,121,668,"weekday","afternoon","travelling","freezing","grocery",0,1,1,"midday"
91,792,124,668,"weekday","afternoon","travelling","warm","grocery",0,1,1,"midday"
91,793,125,668,"weekend","lunch","working","freezing","grocery",0,1,1,"midday"
91,797,129,668,"weekend","afternoon","working","warm","restaurant",0,1,1,"midday"
91,799,131,668,"weekend","beforelunch","unknown","warm","restaurant",1,1,1,"midday"
91,800,132,668,"weekday","lunch","travelling","cold","restaurant",1,1,1,"midday"
91,807,139,668,"weekday","lunch","unknown","freezing","restaurant",1,1,1,"midday"
91,811,143,668,"weekday","afternoon","travelling","hot","restaurant",0,1,1,"midday"
91,812,144,668,"weekday","beforelunch","working","cold","grocery",0,1,1,"midday"
91,813,145,668,"weekend","afternoon","shopping","cold","grocery",1,1,1,"midday"
91,815,147,668,"weekday","afternoon","travelling","freezing","grocery",0,1,1,"midday"
91,816,148,668,"weekday","lunch","travelling","hot","restaurant",0,1,1,"midday"
91,821,153,668,"weekend","lunch","shopping","freezing","restaurant",1,1,1,"midday"
91,827,159,668,"weekend","beforelunch","unknown","warm","restaurant",0,1,1,"midday"
91,830,162,668,"weekday","breakfast","unknown","warm","restaurant",1,1,1,"morning"
91,834,166,668,"weekday","afternoon","travelling","cold","grocery",0,1,1,"midday"
91,835,167,668,"weekday","night","unknown","unknown","restaurant",0,1,1,"night"
91,836,168,668,"weekday","lunch","leisure","unknown","restaurant",0,1,1,"midday"
91,839,171,668,"weekend","beforelunch","leisure","unknown","grocery",1,1,1,"midday"
91,843,175,668,"weekday","dinner","unknown","unknown","grocery",0,1,1,"night"
91,844,176,668,"weekday","afternoon","travelling","freezing","grocery",0,1,1,"midday"
91,845,177,668,"weekday","dinner","travelling","warm","restaurant",0,1,1,"night"
91,847,179,668,"weekday","afternoon","working","freezing","restaurant",1,1,1,"midday"
91,851,183,668,"weekday","breakfast","travelling","warm","restaurant",0,1,1,"morning"
92,688,9,679,"weekend","morning","unknown","unknown","grocery",1,0,0,"morning"
92,692,13,679,"weekday","afternoon","unknown","unknown","restaurant",1,0,0,"midday"
92,699,20,679,"weekday","dinner","travelling","unknown","grocery",0,0,0,"night"
92,704,25,679,"weekday","breakfast","shopping","freezing","grocery",0,0,0,"morning"
92,706,27,679,"weekday","earlymorning","morningrituals","unknown","restaurant",1,0,0,"morning"
92,715,36,679,"weekday","afternoon","travelling","hot","restaurant",1,0,0,"midday"
92,716,37,679,"weekday","night","travelling","freezing","grocery",0,0,0,"night"
92,722,43,679,"weekend","beforelunch","travelling","unknown","restaurant",1,0,0,"midday"
92,735,56,679,"weekday","dinner","unknown","unknown","grocery",0,0,0,"night"
92,738,59,679,"weekday","afternoon","travelling","unknown","restaurant",0,1,0,"midday"
92,748,69,679,"weekend","night","travelling","cold","grocery",0,1,0,"night"
92,750,71,679,"weekday","beforelunch","working","cold","grocery",1,1,0,"midday"
92,753,74,679,"weekday","lunch","travelling","hot","restaurant",0,1,0,"midday"
92,761,82,679,"weekday","breakfast","unknown","unknown","restaurant",1,1,0,"morning"
92,762,83,679,"weekday","lunch","travelling","warm","restaurant",0,1,0,"midday"
92,763,84,679,"weekday","night","leisure","cold","grocery",0,1,0,"night"
92,767,88,679,"weekday","lunch","leisure","freezing","restaurant",0,1,0,"midday"
92,775,96,679,"weekend","breakfast","shopping","cold","restaurant",1,1,0,"morning"
92,777,98,679,"weekday","afternoon","shopping","warm","restaurant",1,1,0,"midday"
92,779,100,679,"weekend","afternoon","leisure","unknown","restaurant",1,1,0,"midday"
92,782,103,679,"weekday","breakfast","working","freezing","restaurant",0,1,0,"morning"
92,785,106,679,"weekday","breakfast","morningrituals","unknown","restaurant",0,1,0,"morning"
92,802,123,679,"weekday","afternoon","unknown","unknown","grocery",0,1,1,"midday"
92,805,126,679,"weekday","afternoon","leisure","freezing","grocery",0,1,1,"midday"
92,813,134,679,"weekend","breakfast","shopping","freezing","grocery",1,1,1,"morning"
92,818,139,679,"weekday","beforelunch","leisure","freezing","grocery",0,1,1,"midday"
92,826,147,679,"weekend","afternoon","travelling","freezing","restaurant",0,1,1,"midday"
92,843,164,679,"weekday","lunch","shopping","warm","grocery",0,1,1,"midday"
92,854,175,679,"weekend","lunch","travelling","unknown","grocery",1,1,1,"midday"
93,690,5,685,"weekday","morning","unknown","cold","restaurant",1,0,0,"morning"
93,692,7,685,"weekend","afternoon","shopping","freezing","grocery",1,0,0,"midday"
93,697,12,685,"weekday","lunch","travelling","hot","restaurant",0,0,0,"midday"
93,700,15,685,"weekday","beforelunch","travelling","cold","grocery",0,0,0,"midday"
93,702,17,685,"weekday","breakfast","travelling","cold","restaurant",0,0,0,"morning"
93,705,20,685,"weekday","lunch","working","cold","grocery",0,0,0,"midday"
93,706,21,685,"weekday","beforelunch","travelling","unknown","grocery",0,0,0,"midday"
93,709,24,685,"weekday","beforelunch","travelling","warm","restaurant",0,0,0,"midday"
93,712,27,685,"weekday","dinner","working","cold","grocery",0,0,0,"night"
93,716,31,685,"weekday","afternoon","travelling","cold","grocery",0,0,0,"midday"
93,718,33,685,"weekend","unknown","unknown","unknown","restaurant",0,0,0,"unknown"
93,719,34,685,"weekday","afternoon","travelling","warm","grocery",0,0,0,"midday"
93,727,42,685,"weekday","lunch","travelling","cold","grocery",0,0,0,"midday"
93,736,51,685,"weekend","breakfast","morningrituals","warm","restaurant",0,0,0,"morning"
93,738,53,685,"weekday","afternoon","unknown","cold","restaurant",0,0,0,"midday"
93,745,60,685,"weekday","lunch","travelling","hot","restaurant",0,1,0,"midday"
93,747,62,685,"weekday","lunch","unknown","unknown","grocery",1,1,0,"midday"
93,748,63,685,"weekday","lunch","working","freezing","grocery",1,1,0,"midday"
93,749,64,685,"weekday","beforelunch","leisure","unknown","restaurant",0,1,0,"midday"
93,750,65,685,"weekday","dinner","travelling","freezing","grocery",0,1,0,"night"
93,755,70,685,"weekday","lunch","travelling","cold","restaurant",0,1,0,"midday"
93,760,75,685,"weekend","earlymorning","leisure","hot","grocery",0,1,0,"morning"
93,767,82,685,"weekday","afternoon","unknown","unknown","restaurant",1,1,0,"midday"
93,772,87,685,"weekend","breakfast","travelling","unknown","restaurant",0,1,0,"morning"
93,773,88,685,"weekend","afternoon","travelling","freezing","grocery",0,1,0,"midday"
93,775,90,685,"weekday","afternoon","travelling","cold","restaurant",1,1,0,"midday"
93,778,93,685,"weekend","beforelunch","travelling","cold","restaurant",0,1,0,"midday"
93,779,94,685,"weekday","beforelunch","travelling","hot","grocery",1,1,0,"midday"
93,780,95,685,"weekday","afternoon","leisure","unknown","grocery",0,1,0,"midday"
93,781,96,685,"weekend","lunch","unknown","cold","grocery",1,1,0,"midday"
93,782,97,685,"weekday","lunch","unknown","freezing","grocery",0,1,0,"midday"
93,784,99,685,"weekday","lunch","travelling","unknown","restaurant",0,1,0,"midday"
93,788,103,685,"weekday","lunch","travelling","warm","restaurant",0,1,0,"midday"
93,793,108,685,"weekday","beforelunch","travelling","cold","restaurant",0,1,0,"midday"
93,794,109,685,"weekday","afternoon","travelling","cold","restaurant",0,1,0,"midday"
93,797,112,685,"weekday","afternoon","travelling","cold","grocery",1,1,0,"midday"
93,798,113,685,"weekday","lunch","working","unknown","restaurant",1,1,1,"midday"
93,799,114,685,"weekday","lunch","leisure","cold","grocery",0,1,1,"midday"
93,802,117,685,"weekday","breakfast","travelling","unknown","restaurant",1,1,1,"morning"
93,803,118,685,"weekday","lunch","travelling","hot","restaurant",0,1,1,"midday"
93,805,120,685,"weekday","afternoon","unknown","warm","grocery",1,1,1,"midday"
93,815,130,685,"weekday","morning","travelling","unknown","grocery",0,1,1,"morning"
93,818,133,685,"weekday","afternoon","travelling","hot","grocery",0,1,1,"midday"
93,819,134,685,"weekday","beforelunch","travelling","unknown","restaurant",1,1,1,"midday"
93,821,136,685,"unknown","breakfast","unknown","freezing","restaurant",0,1,1,"morning"
93,822,137,685,"weekday","lunch","travelling","cold","grocery",0,1,1,"midday"
93,824,139,685,"weekday","afternoon","leisure","cold","grocery",1,1,1,"midday"
93,829,144,685,"weekday","beforelunch","working","warm","grocery",1,1,1,"midday"
93,834,149,685,"weekday","beforelunch","travelling","warm","grocery",0,1,1,"midday"
93,838,153,685,"weekday","lunch","travelling","unknown","restaurant",0,1,1,"midday"
93,840,155,685,"weekday","lunch","working","warm","restaurant",1,1,1,"midday"
93,844,159,685,"weekday","morning","travelling","unknown","restaurant",0,1,1,"morning"
93,849,164,685,"weekday","morning","working","unknown","restaurant",0,1,1,"morning"
93,850,165,685,"weekend","lunch","travelling","cold","grocery",0,1,1,"midday"
93,853,168,685,"weekday","afternoon","travelling","freezing","grocery",1,1,1,"midday"
93,856,171,685,"weekday","lunch","travelling","unknown","restaurant",0,1,1,"midday"
93,857,172,685,"weekday","afternoon","unknown","warm","grocery",1,1,1,"midday"
93,860,175,685,"weekday","morning","shopping","cold","restaurant",0,1,1,"morning"
93,862,177,685,"weekend","breakfast","shopping","freezing","restaurant",1,1,1,"morning"
93,863,178,685,"weekday","afternoon","unknown","unknown","grocery",0,1,1,"midday"
93,868,183,685,"weekday","afternoon","unknown","unknown","restaurant",0,1,1,"midday"
94,698,0,698,"weekday","afternoon","travelling","warm","grocery",0,0,0,"midday"
94,699,1,698,"unknown","afternoon","travelling","warm","grocery",0,0,0,"midday"
94,701,3,698,"weekend","afternoon","travelling","warm","grocery",0,0,0,"midday"
94,702,4,698,"weekend","lunch","working","unknown","restaurant",1,0,0,"midday"
94,707,9,698,"weekday","lunch","travelling","hot","grocery",0,0,0,"midday"
94,708,10,698,"weekday","lunch","working","freezing","restaurant",0,0,0,"midday"
94,711,13,698,"weekday","night","travelling","freezing","grocery",0,0,0,"night"
94,714,16,698,"weekday","lunch","travelling","warm","restaurant",0,0,0,"midday"
94,716,18,698,"weekend","dinner","travelling","cold","grocery",0,0,0,"night"
94,718,20,698,"weekend","lunch","travelling","freezing","grocery",0,0,0,"midday"
94,720,22,698,"weekday","beforelunch","travelling","freezing","grocery",0,0,0,"midday"
94,723,25,698,"weekday","beforelunch","leisure","cold","grocery",0,0,0,"midday"
94,726,28,698,"weekday","lunch","travelling","cold","grocery",0,0,0,"midday"
94,728,30,698,"weekday","afternoon","travelling","unknown","grocery",1,0,0,"midday"
94,729,31,698,"weekend","lunch","travelling","hot","grocery",1,0,0,"midday"
94,733,35,698,"weekend","lunch","travelling","unknown","grocery",0,0,0,"midday"
94,735,37,698,"weekday","afternoon","unknown","cold","restaurant",0,0,0,"midday"
94,739,41,698,"unknown","afternoon","travelling","cold","grocery",0,0,0,"midday"
94,740,42,698,"weekday","lunch","unknown","cold","restaurant",0,0,0,"midday"
94,742,44,698,"weekend","beforelunch","travelling","freezing","grocery",0,0,0,"midday"
94,748,50,698,"weekday","breakfast","travelling","cold","grocery",1,0,0,"morning"
94,750,52,698,"unknown","breakfast","working","unknown","grocery",0,0,0,"morning"
94,751,53,698,"weekday","morning","unknown","unknown","restaurant",1,0,0,"morning"
94,753,55,698,"weekday","beforelunch","working","warm","restaurant",0,0,0,"midday"
94,760,62,698,"weekend","dinner","travelling","unknown","grocery",1,1,0,"night"
94,761,63,698,"weekday","dinner","unknown","unknown","restaurant",1,1,0,"night"
94,766,68,698,"weekend","breakfast","travelling","warm","restaurant",1,1,0,"morning"
94,767,69,698,"weekday","unknown","unknown","unknown","grocery",0,1,0,"unknown"
94,768,70,698,"weekend","afternoon","travelling","unknown","grocery",0,1,0,"midday"
94,771,73,698,"weekday","beforelunch","shopping","cold","grocery",0,1,0,"midday"
94,773,75,698,"weekday","breakfast","unknown","cold","grocery",0,1,0,"morning"
94,774,76,698,"weekday","breakfast","travelling","cold","restaurant",1,1,0,"morning"
94,775,77,698,"weekday","afternoon","travelling","warm","grocery",0,1,0,"midday"
94,777,79,698,"weekend","earlymorning","working","warm","grocery",0,1,0,"morning"
94,778,80,698,"weekday","afternoon","shopping","cold","restaurant",0,1,0,"midday"
94,781,83,698,"weekend","lunch","working","cold","grocery",1,1,0,"midday"
94,783,85,698,"weekend","dinner","unknown","cold","grocery",0,1,0,"night"
94,784,86,698,"weekend","breakfast","travelling","unknown","grocery",0,1,0,"morning"
94,785,87,698,"weekday","breakfast","morningrituals","warm","grocery",0,1,0,"morning"
94,788,90,698,"weekday","evening","travelling","freezing","restaurant",0,1,0,"night"
94,790,92,698,"weekend","breakfast","travelling","unknown","restaurant",1,1,0,"morning"
94,792,94,698,"weekday","breakfast","unknown","freezing","grocery",0,1,0,"morning"
94,794,96,698,"weekday","breakfast","working","freezing","grocery",0,1,0,"morning"
94,796,98,698,"weekday","unknown","travelling","cold","grocery",0,1,0,"unknown"
94,797,99,698,"weekday","beforelunch","travelling","freezing","restaurant",0,1,0,"midday"
94,801,103,698,"weekday","lunch","travelling","unknown","grocery",0,1,0,"midday"
94,806,108,698,"weekend","afternoon","travelling","unknown","grocery",0,1,0,"midday"
94,807,109,698,"weekday","beforelunch","travelling","warm","restaurant",0,1,0,"midday"
94,809,111,698,"weekday","breakfast","travelling","warm","restaurant",0,1,0,"morning"
94,811,113,698,"weekend","afternoon","unknown","warm","restaurant",0,1,1,"midday"
94,812,114,698,"unknown","lunch","travelling","freezing","restaurant",1,1,1,"midday"
94,818,120,698,"weekday","breakfast","travelling","unknown","restaurant",1,1,1,"morning"
94,820,122,698,"weekday","beforelunch","leisure","hot","restaurant",0,1,1,"midday"
94,824,126,698,"weekend","afternoon","travelling","warm","restaurant",0,1,1,"midday"
94,825,127,698,"weekday","beforelunch","travelling","unknown","grocery",0,1,1,"midday"
94,826,128,698,"weekday","unknown","travelling","hot","restaurant",0,1,1,"unknown"
94,830,132,698,"weekday","lunch","unknown","cold","restaurant",1,1,1,"midday"
94,831,133,698,"weekday","earlymorning","travelling","unknown","grocery",0,1,1,"morning"
94,834,136,698,"weekday","lunch","working","freezing","restaurant",0,1,1,"midday"
94,835,137,698,"weekday","beforelunch","leisure","freezing","restaurant",0,1,1,"midday"
94,838,140,698,"weekday","beforelunch","shopping","cold","grocery",0,1,1,"midday"
94,839,141,698,"weekday","afternoon","travelling","unknown","grocery",0,1,1,"midday"
94,841,143,698,"weekend","afternoon","travelling","hot","restaurant",0,1,1,"midday"
94,842,144,698,"weekday","morning","shopping","hot","restaurant",0,1,1,"morning"
94,843,145,698,"weekday","lunch","unknown","freezing","grocery",0,1,1,"midday"
94,845,147,698,"weekday","dinner","leisure","warm","restaurant",0,1,1,"night"
94,847,149,698,"weekday","afternoon","travelling","freezing","restaurant",0,1,1,"midday"
94,848,150,698,"weekday","earlymorning","travelling","warm","restaurant",1,1,1,"morning"
94,849,151,698,"weekend","beforelunch","travelling","unknown","restaurant",1,1,1,"midday"
94,852,154,698,"weekday","breakfast","travelling","warm","restaurant",0,1,1,"morning"
94,855,157,698,"weekday","lunch","travelling","cold","grocery",0,1,1,"midday"
94,857,159,698,"weekday","breakfast","travelling","warm","grocery",0,1,1,"morning"
94,859,161,698,"weekday","afternoon","travelling","cold","restaurant",0,1,1,"midday"
94,863,165,698,"weekday","earlymorning","travelling","cold","grocery",0,1,1,"morning"
94,865,167,698,"weekday","lunch","unknown","unknown","grocery",0,1,1,"midday"
94,868,170,698,"weekend","earlymorning","unknown","cold","grocery",1,1,1,"morning"
94,869,171,698,"weekend","morning","travelling","cold","grocery",1,1,1,"morning"
94,871,173,698,"weekday","evening","shopping","warm","grocery",1,1,1,"night"
94,873,175,698,"weekend","beforelunch","travelling","cold","restaurant",0,1,1,"midday"
94,875,177,698,"weekday","breakfast","travelling","freezing","restaurant",1,1,1,"morning"
94,879,181,698,"unknown","breakfast","travelling","unknown","grocery",1,1,1,"morning"
94,880,182,698,"weekend","morning","travelling","cold","restaurant",0,1,1,"morning"
94,881,183,698,"weekend","lunch","travelling","freezing","grocery",1,1,1,"midday"
95,710,2,708,"weekend","lunch","travelling","cold","restaurant",1,0,0,"midday"
95,712,4,708,"weekday","afternoon","unknown","hot","restaurant",0,0,0,"midday"
95,713,5,708,"weekday","breakfast","working","cold","grocery",0,0,0,"morning"
95,715,7,708,"weekday","dinner","travelling","cold","restaurant",0,0,0,"night"
95,717,9,708,"weekday","night","leisure","unknown","grocery",0,0,0,"night"
95,720,12,708,"weekday","dinner","leisure","cold","grocery",0,0,0,"night"
95,721,13,708,"weekend","breakfast","travelling","hot","restaurant",0,0,0,"morning"
95,722,14,708,"weekday","afternoon","unknown","unknown","restaurant",0,0,0,"midday"
95,727,19,708,"weekday","beforelunch","travelling","hot","grocery",1,0,0,"midday"
95,728,20,708,"weekday","afternoon","unknown","cold","restaurant",1,0,0,"midday"
95,729,21,708,"weekend","lunch","unknown","cold","grocery",0,0,0,"midday"
95,734,26,708,"weekday","night","travelling","cold","restaurant",0,0,0,"night"
95,735,27,708,"weekend","lunch","working","unknown","grocery",0,0,0,"midday"
95,736,28,708,"weekday","afternoon","shopping","unknown","grocery",0,0,0,"midday"
95,737,29,708,"weekend","lunch","unknown","cold","restaurant",0,0,0,"midday"
95,740,32,708,"weekday","afternoon","working","cold","grocery",0,0,0,"midday"
95,742,34,708,"weekend","lunch","travelling","hot","grocery",1,0,0,"midday"
95,748,40,708,"weekday","afternoon","unknown","unknown","grocery",0,0,0,"midday"
95,754,46,708,"weekday","dinner","travelling","unknown","grocery",0,0,0,"night"
95,755,47,708,"weekday","morning","working","cold","grocery",0,0,0,"morning"
95,757,49,708,"weekday","earlymorning","travelling","freezing","restaurant",1,0,0,"morning"
95,769,61,708,"weekend","afternoon","working","freezing","restaurant",1,1,0,"midday"
95,772,64,708,"weekday","afternoon","unknown","cold","restaurant",0,1,0,"midday"
95,773,65,708,"weekend","lunch","travelling","cold","grocery",0,1,0,"midday"
95,774,66,708,"weekday","afternoon","leisure","freezing","grocery",0,1,0,"midday"
95,775,67,708,"weekday","beforelunch","travelling","unknown","grocery",1,1,0,"midday"
95,778,70,708,"weekday","breakfast","unknown","unknown","grocery",0,1,0,"morning"
95,783,75,708,"weekend","lunch","travelling","unknown","restaurant",0,1,0,"midday"
95,786,78,708,"weekday","lunch","travelling","unknown","restaurant",0,1,0,"midday"
95,792,84,708,"weekday","afternoon","travelling","freezing","restaurant",0,1,0,"midday"
95,794,86,708,"weekday","afternoon","travelling","unknown","restaurant",0,1,0,"midday"
95,797,89,708,"weekday","afternoon","travelling","hot","grocery",0,1,0,"midday"
95,803,95,708,"weekend","night","unknown","cold","restaurant",0,1,0,"night"
95,806,98,708,"weekend","beforelunch","travelling","cold","grocery",1,1,0,"midday"
95,808,100,708,"weekend","beforelunch","travelling","freezing","restaurant",1,1,0,"midday"
95,809,101,708,"weekday","breakfast","working","cold","restaurant",0,1,0,"morning"
95,810,102,708,"weekend","dinner","shopping","unknown","restaurant",0,1,0,"night"
95,811,103,708,"weekday","afternoon","leisure","unknown","restaurant",0,1,0,"midday"
95,813,105,708,"weekday","lunch","travelling","cold","restaurant",0,1,0,"midday"
95,814,106,708,"weekend","morning","morningrituals","cold","grocery",1,1,0,"morning"
95,816,108,708,"weekday","breakfast","travelling","unknown","restaurant",0,1,0,"morning"
95,819,111,708,"weekday","night","travelling","warm","restaurant",0,1,0,"night"
95,823,115,708,"weekday","lunch","morningrituals","unknown","restaurant",1,1,1,"midday"
95,826,118,708,"weekend","afternoon","travelling","cold","grocery",0,1,1,"midday"
95,827,119,708,"weekday","afternoon","travelling","warm","restaurant",0,1,1,"midday"
95,836,128,708,"unknown","latenight","travelling","cold","grocery",0,1,1,"night"
95,837,129,708,"weekday","afternoon","leisure","cold","restaurant",0,1,1,"midday"
95,840,132,708,"weekday","lunch","unknown","cold","grocery",0,1,1,"midday"
95,842,134,708,"unknown","breakfast","travelling","cold","grocery",0,1,1,"morning"
95,843,135,708,"weekday","breakfast","working","freezing","grocery",1,1,1,"morning"
95,844,136,708,"weekend","afternoon","travelling","cold","grocery",0,1,1,"midday"
95,846,138,708,"weekend","beforelunch","unknown","warm","grocery",0,1,1,"midday"
95,847,139,708,"weekend","beforelunch","travelling","freezing","grocery",0,1,1,"midday"
95,849,141,708,"weekend","lunch","working","cold","restaurant",0,1,1,"midday"
95,853,145,708,"weekday","lunch","travelling","cold","restaurant",1,1,1,"midday"
95,854,146,708,"weekday","lunch","travelling","cold","grocery",0,1,1,"midday"
95,859,151,708,"weekday","beforelunch","travelling","hot","grocery",1,1,1,"midday"
95,864,156,708,"weekend","morning","travelling","hot","restaurant",1,1,1,"morning"
95,867,159,708,"weekday","afternoon","travelling","freezing","restaurant",1,1,1,"midday"
95,878,170,708,"weekday","afternoon","travelling","cold","grocery",0,1,1,"midday"
95,879,171,708,"weekday","earlymorning","travelling","cold","restaurant",0,1,1,"morning"
95,881,173,708,"weekday","dinner","travelling","freezing","grocery",0,1,1,"night"
95,885,177,708,"weekday","afternoon","working","unknown","restaurant",0,1,1,"midday"
96,717,1,716,"weekend","night","unknown","unknown","restaurant",1,0,0,"night"
96,721,5,716,"weekday","morning","working","warm","grocery",0,0,0,"morning"
96,722,6,716,"weekday","beforelunch","travelling","cold","grocery",0,0,0,"midday"
96,724,8,716,"weekend","lunch","travelling","cold","grocery",0,0,0,"midday"
96,729,13,716,"weekend","afternoon","travelling","unknown","restaurant",0,0,0,"midday"
96,733,17,716,"weekday","lunch","travelling","warm","restaurant",0,0,0,"midday"
96,734,18,716,"weekday","afternoon","travelling","cold","grocery",1,0,0,"midday"
96,739,23,716,"weekday","beforelunch","leisure","cold","restaurant",0,0,0,"midday"
96,741,25,716,"weekday","afternoon","travelling","warm","grocery",0,0,0,"midday"
96,746,30,716,"weekday","morning","unknown","cold","restaurant",0,0,0,"morning"
96,750,34,716,"weekday","lunch","travelling","cold","grocery",1,0,0,"midday"
96,752,36,716,"weekday","lunch","travelling","unknown","grocery",1,0,0,"midday"
96,753,37,716,"weekday","afternoon","travelling","hot","restaurant",0,0,0,"midday"
96,757,41,716,"weekday","earlymorning","travelling","warm","grocery",1,0,0,"morning"
96,770,54,716,"weekday","afternoon","working","unknown","restaurant",0,0,0,"midday"
96,772,56,716,"weekend","morning","unknown","unknown","restaurant",0,0,0,"morning"
96,776,60,716,"weekday","afternoon","unknown","freezing","restaurant",0,1,0,"midday"
96,777,61,716,"weekday","lunch","working","cold","restaurant",0,1,0,"midday"
96,778,62,716,"weekday","breakfast","travelling","cold","grocery",0,1,0,"morning"
96,790,74,716,"weekday","morning","unknown","freezing","restaurant",0,1,0,"morning"
96,792,76,716,"weekday","morning","unknown","freezing","restaurant",0,1,0,"morning"
96,793,77,716,"weekday","beforelunch","travelling","hot","grocery",0,1,0,"midday"
96,798,82,716,"weekday","afternoon","unknown","unknown","restaurant",1,1,0,"midday"
96,804,88,716,"weekday","beforelunch","travelling","unknown","restaurant",0,1,0,"midday"
96,817,101,716,"weekday","dinner","shopping","hot","grocery",0,1,0,"night"
96,821,105,716,"weekday","evening","travelling","cold","restaurant",1,1,0,"night"
96,822,106,716,"weekday","night","leisure","cold","grocery",1,1,0,"night"
96,824,108,716,"weekend","breakfast","travelling","freezing","restaurant",0,1,0,"morning"
96,834,118,716,"weekend","earlymorning","leisure","hot","grocery",1,1,1,"morning"
96,845,129,716,"weekday","lunch","travelling","hot","grocery",0,1,1,"midday"
96,847,131,716,"weekday","afternoon","working","unknown","restaurant",0,1,1,"midday"
96,848,132,716,"weekday","afternoon","travelling","freezing","grocery",1,1,1,"midday"
96,850,134,716,"weekday","afternoon","travelling","unknown","restaurant",1,1,1,"midday"
96,853,137,716,"weekday","beforelunch","travelling","cold","restaurant",0,1,1,"midday"
96,854,138,716,"weekday","afternoon","housework","cold","grocery",0,1,1,"midday"
96,859,143,716,"weekday","earlymorning","travelling","unknown","restaurant",0,1,1,"morning"
96,864,148,716,"weekend","breakfast","travelling","cold","restaurant",0,1,1,"morning"
96,870,154,716,"weekday","dinner","travelling","freezing","restaurant",1,1,1,"night"
96,875,159,716,"weekday","afternoon","unknown","cold","restaurant",1,1,1,"midday"
96,876,160,716,"weekday","lunch","travelling","freezing","grocery",0,1,1,"midday"
96,880,164,716,"weekend","lunch","travelling","cold","restaurant",0,1,1,"midday"
96,881,165,716,"weekday","morning","travelling","freezing","restaurant",0,1,1,"morning"
96,883,167,716,"weekday","earlymorning","shopping","cold","restaurant",1,1,1,"morning"
96,891,175,716,"weekday","night","travelling","hot","grocery",0,1,1,"night"
96,896,180,716,"weekday","dinner","shopping","unknown","restaurant",0,1,1,"night"
97,718,0,718,"weekday","breakfast","shopping","hot","restaurant",1,0,0,"morning"
97,721,3,718,"weekend","afternoon","unknown","warm","grocery",0,0,0,"midday"
97,727,9,718,"weekday","afternoon","working","unknown","grocery",0,0,0,"midday"
97,728,10,718,"weekend","beforelunch","leisure","warm","restaurant",0,0,0,"midday"
97,732,14,718,"weekday","morning","unknown","warm","restaurant",0,0,0,"morning"
97,738,20,718,"weekday","earlymorning","shopping","unknown","restaurant",0,0,0,"morning"
97,752,34,718,"weekday","earlymorning","travelling","unknown","grocery",0,0,0,"morning"
97,756,38,718,"weekday","morning","working","cold","grocery",0,0,0,"morning"
97,762,44,718,"weekend","afternoon","shopping","unknown","grocery",0,0,0,"midday"
97,764,46,718,"weekend","night","travelling","cold","grocery",1,0,0,"night"
97,767,49,718,"weekend","afternoon","morningrituals","hot","grocery",0,0,0,"midday"
97,770,52,718,"weekend","lunch","unknown","freezing","restaurant",0,0,0,"midday"
97,779,61,718,"weekday","beforelunch","unknown","unknown","grocery",0,1,0,"midday"
97,780,62,718,"weekday","breakfast","travelling","unknown","restaurant",0,1,0,"morning"
97,786,68,718,"weekday","afternoon","leisure","unknown","restaurant",0,1,0,"midday"
97,787,69,718,"weekday","morning","unknown","unknown","restaurant",0,1,0,"morning"
97,791,73,718,"weekday","earlymorning","unknown","hot","grocery",0,1,0,"morning"
97,799,81,718,"weekday","afternoon","travelling","unknown","grocery",0,1,0,"midday"
97,804,86,718,"weekday","breakfast","travelling","warm","grocery",0,1,0,"morning"
97,805,87,718,"weekday","lunch","travelling","cold","grocery",0,1,0,"midday"
97,806,88,718,"weekday","earlymorning","shopping","warm","grocery",0,1,0,"morning"
97,816,98,718,"weekday","lunch","unknown","hot","restaurant",0,1,0,"midday"
97,818,100,718,"weekday","lunch","shopping","freezing","grocery",1,1,0,"midday"
97,820,102,718,"weekend","breakfast","unknown","cold","restaurant",0,1,0,"morning"
97,821,103,718,"weekday","lunch","shopping","cold","restaurant",1,1,0,"midday"
97,823,105,718,"weekday","morning","travelling","hot","grocery",0,1,0,"morning"
97,824,106,718,"weekend","beforelunch","travelling","freezing","grocery",0,1,0,"midday"
97,826,108,718,"weekend","breakfast","travelling","freezing","grocery",0,1,0,"morning"
97,829,111,718,"weekday","afternoon","travelling","unknown","grocery",0,1,0,"midday"
97,830,112,718,"weekday","afternoon","leisure","hot","restaurant",0,1,0,"midday"
97,833,115,718,"unknown","dinner","travelling","cold","restaurant",0,1,1,"night"
97,835,117,718,"weekend","breakfast","working","cold","restaurant",1,1,1,"morning"
97,839,121,718,"weekday","beforelunch","leisure","unknown","restaurant",1,1,1,"midday"
97,840,122,718,"weekday","afternoon","travelling","hot","grocery",0,1,1,"midday"
97,843,125,718,"weekday","afternoon","travelling","cold","restaurant",0,1,1,"midday"
97,851,133,718,"weekday","lunch","travelling","cold","grocery",1,1,1,"midday"
97,853,135,718,"weekend","breakfast","travelling","cold","restaurant",0,1,1,"morning"
97,856,138,718,"weekday","beforelunch","working","cold","restaurant",0,1,1,"midday"
97,859,141,718,"weekday","breakfast","travelling","freezing","restaurant",0,1,1,"morning"
97,863,145,718,"weekday","afternoon","travelling","unknown","grocery",0,1,1,"midday"
97,866,148,718,"weekend","beforelunch","travelling","freezing","grocery",0,1,1,"midday"
97,869,151,718,"weekday","beforelunch","travelling","cold","restaurant",0,1,1,"midday"
97,874,156,718,"weekday","lunch","travelling","freezing","grocery",0,1,1,"midday"
97,876,158,718,"weekday","beforelunch","travelling","hot","restaurant",1,1,1,"midday"
97,879,161,718,"weekday","earlymorning","travelling","cold","restaurant",1,1,1,"morning"
97,882,164,718,"weekend","beforelunch","travelling","freezing","grocery",0,1,1,"midday"
97,886,168,718,"weekday","beforelunch","unknown","unknown","restaurant",1,1,1,"midday"
97,887,169,718,"weekday","breakfast","travelling","unknown","grocery",1,1,1,"morning"
97,892,174,718,"weekday","lunch","travelling","unknown","restaurant",0,1,1,"midday"
97,894,176,718,"weekday","afternoon","travelling","freezing","restaurant",0,1,1,"midday"
97,895,177,718,"weekend","earlymorning","travelling","freezing","restaurant",1,1,1,"morning"
97,899,181,718,"weekday","night","travelling","unknown","restaurant",1,1,1,"night"
98,719,0,719,"weekend","lunch","travelling","freezing","restaurant",0,0,0,"midday"
98,755,36,719,"weekday","afternoon","leisure","cold","grocery",0,0,0,"midday"
98,761,42,719,"weekday","breakfast","working","freezing","grocery",1,0,0,"morning"
98,777,58,719,"weekday","unknown","travelling","cold","restaurant",1,1,0,"unknown"
98,784,65,719,"weekday","beforelunch","travelling","cold","restaurant",1,1,0,"midday"
98,793,74,719,"weekend","breakfast","unknown","freezing","restaurant",0,1,0,"morning"
98,817,98,719,"weekday","unknown","travelling","freezing","grocery",0,1,0,"unknown"
98,821,102,719,"weekday","earlymorning","travelling","freezing","grocery",1,1,0,"morning"
98,822,103,719,"weekday","afternoon","shopping","freezing","restaurant",0,1,0,"midday"
98,853,134,719,"weekday","morning","travelling","unknown","grocery",0,1,1,"morning"
98,880,161,719,"weekday","lunch","leisure","cold","restaurant",1,1,1,"midday"
99,743,11,732,"weekday","afternoon","morningrituals","cold","grocery",0,0,0,"midday"
99,747,15,732,"weekday","beforelunch","morningrituals","cold","restaurant",0,0,0,"midday"
99,752,20,732,"weekend","afternoon","unknown","freezing","grocery",1,0,0,"midday"
99,763,31,732,"weekday","lunch","travelling","warm","restaurant",0,0,0,"midday"
99,764,32,732,"weekend","afternoon","travelling","cold","grocery",0,0,0,"midday"
99,766,34,732,"weekday","morning","travelling","cold","restaurant",0,0,0,"morning"
99,776,44,732,"weekend","breakfast","travelling","unknown","grocery",0,0,0,"morning"
99,786,54,732,"weekday","beforelunch","working","freezing","grocery",0,0,0,"midday"
99,788,56,732,"weekday","breakfast","working","unknown","restaurant",0,0,0,"morning"
99,792,60,732,"weekend","breakfast","unknown","freezing","grocery",0,1,0,"morning"
99,795,63,732,"weekday","lunch","travelling","unknown","restaurant",0,1,0,"midday"
99,798,66,732,"weekday","morning","morningrituals","cold","grocery",0,1,0,"morning"
99,801,69,732,"weekday","beforelunch","working","cold","grocery",0,1,0,"midday"
99,807,75,732,"weekday","afternoon","travelling","cold","restaurant",1,1,0,"midday"
99,820,88,732,"weekday","lunch","travelling","cold","grocery",1,1,0,"midday"
99,830,98,732,"weekend","beforelunch","unknown","cold","grocery",0,1,0,"midday"
99,831,99,732,"weekday","earlymorning","unknown","freezing","grocery",0,1,0,"morning"
99,832,100,732,"weekday","lunch","travelling","warm","grocery",1,1,0,"midday"
99,834,102,732,"weekday","beforelunch","leisure","cold","restaurant",0,1,0,"midday"
99,836,104,732,"weekday","morning","unknown","warm","restaurant",0,1,0,"morning"
99,837,105,732,"weekday","breakfast","travelling","unknown","restaurant",0,1,0,"morning"
99,845,113,732,"weekend","morning","travelling","freezing","grocery",0,1,1,"morning"
99,851,119,732,"weekday","beforelunch","travelling","freezing","restaurant",0,1,1,"midday"
99,854,122,732,"weekday","lunch","unknown","hot","restaurant",1,1,1,"midday"
99,863,131,732,"weekend","dinner","travelling","freezing","restaurant",1,1,1,"night"
99,866,134,732,"weekend","afternoon","travelling","cold","grocery",1,1,1,"midday"
99,869,137,732,"weekday","afternoon","working","cold","restaurant",0,1,1,"midday"
99,871,139,732,"weekend","beforelunch","travelling","freezing","grocery",0,1,1,"midday"
99,876,144,732,"weekend","lunch","travelling","unknown","grocery",0,1,1,"midday"
99,885,153,732,"weekday","lunch","shopping","freezing","restaurant",0,1,1,"midday"
99,886,154,732,"weekday","lunch","travelling","freezing","grocery",0,1,1,"midday"
99,898,166,732,"weekday","dinner","travelling","cold","restaurant",0,1,1,"night"
99,903,171,732,"weekday","morning","working","freezing","grocery",0,1,1,"morning"
99,905,173,732,"weekday","breakfast","travelling","unknown","restaurant",0,1,1,"morning"
99,906,174,732,"weekday","afternoon","travelling","cold","restaurant",0,1,1,"midday"
99,912,180,732,"weekend","afternoon","travelling","cold","grocery",0,1,1,"midday"
99,913,181,732,"weekday","lunch","travelling","freezing","grocery",0,1,1,"midday"
100,741,7,734,"weekday","breakfast","travelling","cold","restaurant",0,0,0,"morning"
100,743,9,734,"weekday","afternoon","travelling","cold","grocery",1,0,0,"midday"
100,750,16,734,"weekday","afternoon","leisure","cold","grocery",0,0,0,"midday"
100,756,22,734,"weekday","lunch","unknown","freezing","grocery",0,0,0,"midday"
100,758,24,734,"weekday","beforelunch","travelling","hot","grocery",0,0,0,"midday"
100,767,33,734,"weekday","afternoon","working","unknown","grocery",1,0,0,"midday"
100,771,37,734,"weekday","night","unknown","hot","grocery",0,0,0,"night"
100,772,38,734,"weekday","breakfast","travelling","cold","restaurant",1,0,0,"morning"
100,773,39,734,"weekday","beforelunch","travelling","freezing","restaurant",1,0,0,"midday"
100,782,48,734,"weekday","lunch","unknown","freezing","restaurant",1,0,0,"midday"
100,784,50,734,"unknown","lunch","travelling","cold","grocery",0,0,0,"midday"
100,795,61,734,"weekend","lunch","travelling","cold","restaurant",1,1,0,"midday"
100,796,62,734,"weekday","beforelunch","unknown","hot","grocery",0,1,0,"midday"
100,803,69,734,"weekday","breakfast","shopping","freezing","restaurant",1,1,0,"morning"
100,804,70,734,"weekday","lunch","leisure","cold","grocery",0,1,0,"midday"
100,812,78,734,"weekend","beforelunch","travelling","freezing","restaurant",0,1,0,"midday"
100,814,80,734,"weekend","night","leisure","cold","restaurant",0,1,0,"night"
100,829,95,734,"weekend","afternoon","travelling","unknown","grocery",0,1,0,"midday"
100,835,101,734,"weekday","unknown","unknown","freezing","grocery",0,1,0,"unknown"
100,837,103,734,"weekday","afternoon","morningrituals","freezing","grocery",0,1,0,"midday"
100,838,104,734,"weekend","afternoon","working","unknown","grocery",0,1,0,"midday"
100,859,125,734,"weekday","afternoon","travelling","cold","restaurant",0,1,1,"midday"
100,865,131,734,"weekend","lunch","travelling","freezing","grocery",0,1,1,"midday"
100,876,142,734,"weekday","afternoon","travelling","unknown","restaurant",1,1,1,"midday"
100,880,146,734,"weekend","beforelunch","travelling","unknown","grocery",0,1,1,"midday"
100,885,151,734,"weekday","afternoon","travelling","cold","restaurant",0,1,1,"midday"
100,889,155,734,"weekday","afternoon","morningrituals","unknown","restaurant",0,1,1,"midday"
100,891,157,734,"weekday","afternoon","travelling","cold","grocery",1,1,1,"midday"
100,896,162,734,"weekend","breakfast","shopping","freezing","restaurant",0,1,1,"morning"
100,901,167,734,"weekday","beforelunch","travelling","unknown","grocery",0,1,1,"midday"
100,908,174,734,"weekday","afternoon","travelling","freezing","restaurant",0,1,1,"midday"
100,917,183,734,"weekday","morning","travelling","freezing","restaurant",1,1,1,"morning"
