"pid","day","daysInStudy","day_zero","time_type","time_time","situation_major","weather_temperature","notification_type","engagement","S1","S2","time_time_simple"
1,1,1,0,"weekday","beforelunch","travelling","warm","restaurant",0,0,0,"midday"
1,3,3,0,"weekend","afternoon","travelling","cold","grocery",1,0,0,"midday"
1,4,4,0,"weekend","beforelunch","travelling","freezing","grocery",0,0,0,"midday"
1,5,5,0,"weekday","breakfast","shopping","cold","grocery",0,0,0,"morning"
1,6,6,0,"weekday","afternoon","travelling","cold","restaurant",1,0,0,"midday"
1,9,9,0,"weekday","lunch","travelling","freezing","restaurant",1,0,0,"midday"
1,12,12,0,"weekday","morning","travelling","cold","grocery",1,0,0,"morning"
1,14,14,0,"weekday","lunch","working","cold","grocery",1,0,0,"midday"
1,16,16,0,"weekday","earlymorning","travelling","warm","restaurant",1,0,0,"morning"
1,19,19,0,"weekday","lunch","working","cold","grocery",0,0,0,"midday"
1,21,21,0,"weekday","afternoon","travelling","freezing","grocery",0,0,0,"midday"
1,22,22,0,"weekend","lunch","unknown","cold","grocery",1,0,0,"midday"
1,23,23,0,"weekday","morning","travelling","cold","restaurant",0,0,0,"morning"
1,24,24,0,"weekend","morning","travelling","warm","grocery",0,0,0,"morning"
1,26,26,0,"weekday","afternoon","unknown","warm","restaurant",0,0,0,"midday"
1,27,27,0,"weekday","dinner","housework","cold","grocery",0,0,0,"night"
1,28,28,0,"weekday","breakfast","unknown","cold","grocery",0,0,0,"morning"
1,29,29,0,"weekday","beforelunch","travelling","freezing","grocery",1,0,0,"midday"
1,30,30,0,"weekday","lunch","travelling","warm","grocery",1,0,0,"midday"
1,32,32,0,"weekday","breakfast","shopping","cold","restaurant",1,0,0,"morning"
1,33,33,0,"weekday","morning","unknown","unknown","restaurant",1,0,0,"morning"
1,34,34,0,"weekday","lunch","travelling","hot","restaurant",1,0,0,"midday"
1,35,35,0,"weekday","afternoon","travelling","cold","grocery",0,0,0,"midday"
1,36,36,0,"weekend","lunch","travelling","cold","restaurant",0,0,0,"midday"
1,37,37,0,"weekday","unknown","leisure","cold","grocery",0,0,0,"unknown"
1,38,38,0,"weekday","breakfast","travelling","warm","grocery",0,0,0,"morning"
1,40,40,0,"weekend","breakfast","travelling","cold","grocery",1,0,0,"morning"
1,41,41,0,"weekday","breakfast","housework","warm","grocery",1,0,0,"morning"
1,42,42,0,"weekday","afternoon","shopping","hot","grocery",0,0,0,"midday"
1,45,45,0,"weekend","lunch","travelling","freezing","grocery",1,0,0,"midday"
1,51,51,0,"weekday","breakfast","travelling","hot","restaurant",0,0,0,"morning"
1,52,52,0,"weekend","afternoon","travelling","warm","grocery",0,0,0,"midday"
1,54,54,0,"weekend","afternoon","unknown","cold","grocery",0,0,0,"midday"
1,55,55,0,"weekday","morning","unknown","cold","restaurant",0,0,0,"morning"
1,57,57,0,"weekday","lunch","travelling","unknown","grocery",1,1,0,"midday"
1,58,58,0,"weekday","afternoon","travelling","warm","restaurant",0,1,0,"midday"
1,59,59,0,"unknown","lunch","travelling","unknown","grocery",1,1,0,"midday"
1,60,60,0,"weekday","evening","travelling","cold","grocery",0,1,0,"night"
1,62,62,0,"weekday","lunch","working","unknown","grocery",1,1,0,"midday"
1,64,64,0,"weekday","afternoon","unknown","cold","grocery",0,1,0,"midday"
1,65,65,0,"weekend","lunch","unknown","cold","grocery",1,1,0,"midday"
1,67,67,0,"weekday","dinner","travelling","warm","restaurant",1,1,0,"night"
1,69,69,0,"weekend","breakfast","travelling","freezing","restaurant",0,1,0,"morning"
1,71,71,0,"weekday","beforelunch","leisure","cold","grocery",0,1,0,"midday"
1,72,72,0,"weekday","lunch","travelling","unknown","restaurant",0,1,0,"midday"
1,74,74,0,"weekend","beforelunch","working","cold","grocery",1,1,0,"midday"
1,75,75,0,"weekday","beforelunch","travelling","unknown","grocery",0,1,0,"midday"
1,76,76,0,"weekday","afternoon","morningrituals","unknown","grocery",0,1,0,"midday"
1,78,78,0,"weekday","lunch","unknown","unknown","grocery",0,1,0,"midday"
1,82,82,0,"weekday","lunch","travelling","cold","restaurant",1,1,0,"midday"
1,83,83,0,"weekday","lunch","unknown","unknown","grocery",1,1,0,"midday"
1,84,84,0,"weekday","beforelunch","working","cold","grocery",0,1,0,"midday"
1,85,85,0,"weekday","afternoon","unknown","warm","grocery",0,1,0,"midday"
1,86,86,0,"weekday","lunch","travelling","hot","restaurant",1,1,0,"midday"
1,87,87,0,"weekend","breakfast","travelling","cold","restaurant",1,1,0,"morning"
1,88,88,0,"weekend","afternoon","travelling","cold","grocery",0,1,0,"midday"
1,93,93,0,"weekday","afternoon","unknown","hot","grocery",0,1,0,"midday"
1,94,94,0,"weekday","beforelunch","morningrituals","warm","grocery",0,1,0,"midday"
1,97,97,0,"weekday","lunch","travelling","cold","restaurant",0,1,0,"midday"
1,99,99,0,"weekday","lunch","travelling","cold","grocery",1,1,0,"midday"
1,100,100,0,"weekday","beforelunch","working","freezing","grocery",0,1,0,"midday"
1,101,101,0,"weekday","lunch","travelling","cold","restaurant",0,1,0,"midday"
1,102,102,0,"weekday","afternoon","travelling","unknown","grocery",0,1,0,"midday"
1,103,103,0,"weekday","lunch","working","cold","grocery",0,1,0,"midday"
1,104,104,0,"weekday","lunch","travelling","cold","grocery",0,1,0,"midday"
1,106,106,0,"weekday","lunch","working","hot","restaurant",1,1,0,"midday"
1,108,108,0,"weekday","lunch","leisure","unknown","grocery",1,1,0,"midday"
1,112,112,0,"weekday","morning","unknown","hot","grocery",0,1,0,"morning"
1,113,113,0,"weekday","morning","unknown","freezing","restaurant",0,1,1,"morning"
1,114,114,0,"weekday","lunch","unknown","cold","grocery",0,1,1,"midday"
1,115,115,0,"weekday","morning","travelling","cold","grocery",0,1,1,"morning"
1,117,117,0,"weekend","lunch","travelling","unknown","grocery",1,1,1,"midday"
1,119,119,0,"weekend","afternoon","unknown","unknown","grocery",0,1,1,"midday"
1,120,120,0,"weekday","afternoon","working","cold","grocery",0,1,1,"midday"
1,122,122,0,"weekday","beforelunch","travelling","warm","restaurant",1,1,1,"midday"
1,125,125,0,"weekday","morning","leisure","warm","grocery",0,1,1,"morning"
1,127,127,0,"weekday","dinner","travelling","cold","grocery",0,1,1,"night"
1,128,128,0,"weekday","lunch","travelling","unknown","restaurant",0,1,1,"midday"
1,130,130,0,"weekday","earlymorning","leisure","unknown","restaurant",0,1,1,"morning"
1,133,133,0,"weekday","afternoon","travelling","freezing","grocery",0,1,1,"midday"
1,134,134,0,"weekend","afternoon","working","cold","grocery",1,1,1,"midday"
1,135,135,0,"weekday","afternoon","travelling","freezing","restaurant",1,1,1,"midday"
1,136,136,0,"weekday","afternoon","travelling","cold","restaurant",0,1,1,"midday"
1,138,138,0,"weekday","afternoon","travelling","cold","restaurant",0,1,1,"midday"
1,139,139,0,"weekday","breakfast","travelling","cold","grocery",1,1,1,"morning"
1,140,140,0,"weekday","beforelunch","travelling","freezing","grocery",1,1,1,"midday"
1,141,141,0,"weekday","breakfast","unknown","cold","restaurant",0,1,1,"morning"
1,142,142,0,"weekday","afternoon","unknown","cold","grocery",0,1,1,"midday"
1,143,143,0,"weekday","dinner","unknown","unknown","grocery",0,1,1,"night"
1,144,144,0,"weekday","afternoon","travelling","freezing","grocery",1,1,1,"midday"
1,145,145,0,"weekend","lunch","unknown","freezing","restaurant",0,1,1,"midday"
1,146,146,0,"weekend","beforelunch","working","cold","restaurant",0,1,1,"midday"
1,147,147,0,"weekday","breakfast","unknown","unknown","grocery",0,1,1,"morning"
1,148,148,0,"weekday","morning","travelling","unknown","grocery",0,1,1,"morning"
1,150,150,0,"weekday","earlymorning","travelling","cold","grocery",1,1,1,"morning"
1,152,152,0,"weekday","afternoon","travelling","cold","grocery",0,1,1,"midday"
1,154,154,0,"weekday","earlymorning","travelling","cold","grocery",0,1,1,"morning"
1,157,157,0,"weekend","afternoon","travelling","unknown","restaurant",1,1,1,"midday"
1,160,160,0,"weekend","afternoon","travelling","warm","grocery",0,1,1,"midday"
1,161,161,0,"weekday","afternoon","unknown","hot","grocery",0,1,1,"midday"
1,164,164,0,"weekday","breakfast","travelling","warm","restaurant",1,1,1,"morning"
1,166,166,0,"weekday","lunch","travelling","freezing","restaurant",0,1,1,"midday"
1,170,170,0,"weekend","lunch","travelling","warm","grocery",1,1,1,"midday"
1,173,173,0,"weekday","afternoon","unknown","unknown","restaurant",0,1,1,"midday"
1,180,180,0,"weekend","beforelunch","travelling","cold","grocery",1,1,1,"midday"
1,181,181,0,"weekday","afternoon","travelling","warm","grocery",0,1,1,"midday"
1,182,182,0,"weekday","afternoon","travelling","hot","restaurant",0,1,1,"midday"
2,15,3,12,"weekday","beforelunch","travelling","freezing","grocery",1,0,0,"midday"
2,24,12,12,"weekday","beforelunch","travelling","freezing","grocery",0,0,0,"midday"
2,25,13,12,"weekend","lunch","travelling","cold","restaurant",1,0,0,"midday"
2,26,14,12,"weekend","breakfast","travelling","unknown","grocery",0,0,0,"morning"
2,27,15,12,"weekday","beforelunch","travelling","freezing","grocery",1,0,0,"midday"
2,28,16,12,"weekday","afternoon","travelling","cold","restaurant",0,0,0,"midday"
2,44,32,12,"weekend","beforelunch","working","freezing","grocery",0,0,0,"midday"
2,50,38,12,"weekday","morning","unknown","hot","restaurant",0,0,0,"morning"
2,52,40,12,"weekday","afternoon","travelling","warm","restaurant",0,0,0,"midday"
2,53,41,12,"weekend","unknown","leisure","freezing","grocery",1,0,0,"unknown"
2,58,46,12,"weekday","afternoon","travelling","cold","restaurant",0,0,0,"midday"
2,60,48,12,"weekend","lunch","travelling","unknown","restaurant",0,0,0,"midday"
2,63,51,12,"weekday","unknown","unknown","cold","grocery",1,0,0,"unknown"
2,64,52,12,"weekday","lunch","unknown","unknown","grocery",0,0,0,"midday"
2,65,53,12,"weekend","beforelunch","travelling","unknown","restaurant",0,0,0,"midday"
2,72,60,12,"weekday","unknown","travelling","unknown","restaurant",1,1,0,"unknown"
2,75,63,12,"weekday","lunch","travelling","freezing","grocery",1,1,0,"midday"
2,81,69,12,"weekday","beforelunch","travelling","unknown","restaurant",0,1,0,"midday"
2,83,71,12,"weekday","beforelunch","travelling","warm","grocery",1,1,0,"midday"
2,85,73,12,"weekend","beforelunch","travelling","cold","grocery",0,1,0,"midday"
2,87,75,12,"weekday","afternoon","unknown","warm","restaurant",0,1,0,"midday"
2,89,77,12,"weekend","afternoon","travelling","cold","grocery",0,1,0,"midday"
2,90,78,12,"weekday","lunch","unknown","hot","grocery",1,1,0,"midday"
2,94,82,12,"weekend","lunch","travelling","cold","restaurant",0,1,0,"midday"
2,97,85,12,"weekday","breakfast","travelling","freezing","grocery",1,1,0,"morning"
2,98,86,12,"weekday","evening","leisure","unknown","grocery",1,1,0,"night"
2,102,90,12,"weekday","lunch","unknown","cold","grocery",1,1,0,"midday"
2,108,96,12,"weekend","morning","leisure","freezing","grocery",0,1,0,"morning"
2,110,98,12,"weekday","lunch","working","unknown","restaurant",0,1,0,"midday"
2,112,100,12,"weekday","afternoon","working","freezing","restaurant",0,1,0,"midday"
2,125,113,12,"weekend","afternoon","leisure","warm","restaurant",1,1,1,"midday"
2,126,114,12,"weekday","afternoon","travelling","freezing","restaurant",0,1,1,"midday"
2,129,117,12,"weekday","breakfast","unknown","hot","restaurant",1,1,1,"morning"
2,133,121,12,"weekday","afternoon","travelling","hot","grocery",0,1,1,"midday"
2,135,123,12,"weekday","evening","travelling","unknown","grocery",0,1,1,"night"
2,136,124,12,"weekday","lunch","unknown","cold","restaurant",0,1,1,"midday"
2,152,140,12,"weekday","afternoon","travelling","freezing","grocery",1,1,1,"midday"
2,153,141,12,"weekday","lunch","travelling","hot","restaurant",0,1,1,"midday"
2,156,144,12,"weekday","lunch","working","cold","restaurant",0,1,1,"midday"
2,166,154,12,"weekday","breakfast","travelling","cold","grocery",0,1,1,"morning"
2,172,160,12,"weekday","beforelunch","shopping","cold","grocery",1,1,1,"midday"
2,179,167,12,"weekday","dinner","travelling","freezing","restaurant",1,1,1,"night"
2,183,171,12,"weekday","lunch","travelling","freezing","grocery",0,1,1,"midday"
2,184,172,12,"weekend","beforelunch","travelling","freezing","restaurant",0,1,1,"midday"
2,193,181,12,"weekend","breakfast","working","warm","restaurant",0,1,1,"morning"
3,24,2,22,"weekday","beforelunch","working","unknown","grocery",0,0,0,"midday"
3,25,3,22,"weekday","afternoon","travelling","freezing","restaurant",0,0,0,"midday"
3,31,9,22,"weekend","afternoon","travelling","hot","restaurant",0,0,0,"midday"
3,34,12,22,"weekday","morning","travelling","warm","restaurant",1,0,0,"morning"
3,35,13,22,"weekday","lunch","unknown","cold","restaurant",0,0,0,"midday"
3,39,17,22,"weekend","lunch","travelling","warm","restaurant",1,0,0,"midday"
3,40,18,22,"weekday","afternoon","unknown","freezing","restaurant",0,0,0,"midday"
3,41,19,22,"weekday","lunch","travelling","warm","restaurant",0,0,0,"midday"
3,42,20,22,"weekday","lunch","travelling","cold","grocery",0,0,0,"midday"
3,52,30,22,"weekend","afternoon","travelling","freezing","restaurant",0,0,0,"midday"
3,55,33,22,"weekday","breakfast","travelling","hot","restaurant",0,0,0,"morning"
3,56,34,22,"weekday","afternoon","travelling","unknown","restaurant",1,0,0,"midday"
3,71,49,22,"weekday","breakfast","travelling","unknown","restaurant",0,0,0,"morning"
3,73,51,22,"weekday","breakfast","working","cold","grocery",0,0,0,"morning"
3,74,52,22,"weekday","night","unknown","freezing","grocery",1,0,0,"night"
3,75,53,22,"weekday","breakfast","working","cold","grocery",0,0,0,"morning"
3,84,62,22,"weekday","morning","unknown","warm","grocery",1,1,0,"morning"
3,88,66,22,"weekday","lunch","travelling","cold","grocery",0,1,0,"midday"
3,95,73,22,"weekend","lunch","travelling","hot","grocery",0,1,0,"midday"
3,96,74,22,"weekday","beforelunch","leisure","cold","restaurant",0,1,0,"midday"
3,97,75,22,"weekday","morning","leisure","unknown","grocery",0,1,0,"morning"
3,98,76,22,"weekday","morning","unknown","cold","restaurant",0,1,0,"morning"
3,112,90,22,"weekend","breakfast","travelling","cold","restaurant",1,1,0,"morning"
3,115,93,22,"weekday","breakfast","travelling","cold","grocery",0,1,0,"morning"
3,116,94,22,"weekday","lunch","travelling","hot","grocery",1,1,0,"midday"
3,124,102,22,"weekend","lunch","unknown","hot","grocery",1,1,0,"midday"
3,126,104,22,"weekday","breakfast","unknown","unknown","grocery",1,1,0,"morning"
3,128,106,22,"weekend","unknown","travelling","unknown","restaurant",0,1,0,"unknown"
3,132,110,22,"weekday","breakfast","travelling","cold","restaurant",0,1,0,"morning"
3,141,119,22,"weekend","breakfast","shopping","cold","grocery",1,1,1,"morning"
3,144,122,22,"weekday","afternoon","unknown","cold","grocery",0,1,1,"midday"
3,148,126,22,"weekday","morning","shopping","cold","grocery",0,1,1,"morning"
3,162,140,22,"weekend","afternoon","unknown","warm","grocery",1,1,1,"midday"
3,163,141,22,"weekday","breakfast","travelling","warm","grocery",0,1,1,"morning"
3,164,142,22,"weekday","lunch","travelling","cold","restaurant",0,1,1,"midday"
3,169,147,22,"weekday","lunch","travelling","warm","grocery",0,1,1,"midday"
3,175,153,22,"weekend","afternoon","travelling","cold","grocery",0,1,1,"midday"
3,179,157,22,"unknown","unknown","travelling","unknown","grocery",0,1,1,"unknown"
3,183,161,22,"weekday","afternoon","travelling","cold","grocery",0,1,1,"midday"
3,185,163,22,"weekday","morning","travelling","unknown","restaurant",0,1,1,"morning"
3,189,167,22,"weekday","morning","leisure","unknown","restaurant",1,1,1,"morning"
3,193,171,22,"weekday","lunch","shopping","freezing","grocery",0,1,1,"midday"
3,198,176,22,"unknown","afternoon","travelling","freezing","grocery",0,1,1,"midday"
3,199,177,22,"weekday","afternoon","unknown","warm","grocery",0,1,1,"midday"
3,200,178,22,"weekday","beforelunch","unknown","warm","restaurant",0,1,1,"midday"
3,205,183,22,"weekend","afternoon","working","unknown","restaurant",0,1,1,"midday"
4,95,67,28,"weekday","morning","unknown","unknown","grocery",0,1,0,"morning"
4,122,94,28,"weekend","afternoon","travelling","warm","restaurant",1,1,0,"midday"
4,168,140,28,"weekday","beforelunch","travelling","unknown","restaurant",1,1,1,"midday"
5,43,10,33,"weekday","lunch","travelling","freezing","grocery",1,0,0,"midday"
5,81,48,33,"weekday","lunch","travelling","unknown","restaurant",0,0,0,"midday"
5,181,148,33,"weekday","afternoon","travelling","freezing","restaurant",0,1,1,"midday"
6,45,0,45,"weekday","breakfast","working","freezing","grocery",0,0,0,"morning"
6,46,1,45,"weekday","afternoon","unknown","freezing","grocery",0,0,0,"midday"
6,47,2,45,"weekday","breakfast","travelling","warm","grocery",0,0,0,"morning"
6,48,3,45,"weekday","lunch","travelling","freezing","grocery",0,0,0,"midday"
6,51,6,45,"weekday","morning","unknown","warm","grocery",1,0,0,"morning"
6,52,7,45,"weekday","afternoon","unknown","freezing","grocery",0,0,0,"midday"
6,53,8,45,"weekend","afternoon","shopping","unknown","grocery",0,0,0,"midday"
6,55,10,45,"weekday","morning","travelling","warm","restaurant",0,0,0,"morning"
6,56,11,45,"weekday","afternoon","shopping","unknown","grocery",0,0,0,"midday"
6,57,12,45,"weekend","dinner","unknown","cold","restaurant",0,0,0,"night"
6,58,13,45,"weekday","lunch","travelling","unknown","grocery",0,0,0,"midday"
6,59,14,45,"weekday","breakfast","leisure","freezing","restaurant",1,0,0,"morning"
6,60,15,45,"weekday","breakfast","leisure","freezing","restaurant",0,0,0,"morning"
6,62,17,45,"weekday","afternoon","working","freezing","restaurant",0,0,0,"midday"
6,63,18,45,"weekday","beforelunch","travelling","cold","restaurant",0,0,0,"midday"
6,64,19,45,"weekend","breakfast","travelling","hot","grocery",0,0,0,"morning"
6,65,20,45,"weekday","lunch","shopping","freezing","grocery",0,0,0,"midday"
6,66,21,45,"weekday","dinner","working","unknown","grocery",0,0,0,"night"
6,67,22,45,"weekday","lunch","travelling","cold","restaurant",0,0,0,"midday"
6,69,24,45,"weekday","afternoon","travelling","hot","grocery",0,0,0,"midday"
6,70,25,45,"weekday","afternoon","working","unknown","restaurant",0,0,0,"midday"
6,72,27,45,"weekday","lunch","travelling","warm","restaurant",1,0,0,"midday"
6,73,28,45,"weekday","morning","working","warm","grocery",1,0,0,"morning"
6,74,29,45,"weekday","lunch","travelling","cold","grocery",0,0,0,"midday"
6,75,30,45,"weekday","evening","leisure","freezing","restaurant",0,0,0,"night"
6,76,31,45,"weekday","breakfast","travelling","hot","grocery",0,0,0,"morning"
6,77,32,45,"weekday","lunch","working","warm","restaurant",1,0,0,"midday"
6,78,33,45,"weekday","unknown","travelling","cold","grocery",1,0,0,"unknown"
6,79,34,45,"weekend","breakfast","travelling","warm","grocery",0,0,0,"morning"
6,81,36,45,"weekday","beforelunch","travelling","cold","grocery",0,0,0,"midday"
6,83,38,45,"weekday","morning","working","cold","restaurant",0,0,0,"morning"
6,84,39,45,"weekday","night","travelling","unknown","grocery",1,0,0,"night"
6,86,41,45,"weekday","lunch","unknown","cold","restaurant",1,0,0,"midday"
6,87,42,45,"weekend","lunch","shopping","warm","restaurant",0,0,0,"midday"
6,89,44,45,"weekday","breakfast","travelling","warm","grocery",0,0,0,"morning"
6,90,45,45,"weekday","breakfast","unknown","warm","grocery",0,0,0,"morning"
6,93,48,45,"weekend","lunch","travelling","warm","grocery",1,0,0,"midday"
6,95,50,45,"weekend","lunch","leisure","unknown","grocery",0,0,0,"midday"
6,98,53,45,"weekday","breakfast","travelling","unknown","restaurant",0,0,0,"morning"
6,99,54,45,"weekday","beforelunch","unknown","unknown","grocery",0,0,0,"midday"
6,101,56,45,"weekday","lunch","travelling","hot","grocery",1,0,0,"midday"
6,102,57,45,"weekday","night","travelling","freezing","grocery",0,1,0,"night"
6,104,59,45,"weekend","afternoon","travelling","freezing","grocery",0,1,0,"midday"
6,106,61,45,"weekday","afternoon","unknown","unknown","grocery",0,1,0,"midday"
6,107,62,45,"weekday","afternoon","unknown","cold","restaurant",0,1,0,"midday"
6,108,63,45,"weekday","lunch","unknown","unknown","restaurant",0,1,0,"midday"
6,109,64,45,"weekend","lunch","travelling","hot","restaurant",0,1,0,"midday"
6,111,66,45,"weekday","dinner","travelling","unknown","grocery",0,1,0,"night"
6,112,67,45,"weekend","unknown","travelling","unknown","grocery",0,1,0,"unknown"
6,113,68,45,"weekday","beforelunch","travelling","freezing","restaurant",1,1,0,"midday"
6,114,69,45,"weekend","unknown","unknown","freezing","grocery",0,1,0,"unknown"
6,115,70,45,"weekend","breakfast","travelling","warm","restaurant",0,1,0,"morning"
6,117,72,45,"weekend","beforelunch","unknown","cold","restaurant",0,1,0,"midday"
6,118,73,45,"weekday","lunch","travelling","unknown","grocery",0,1,0,"midday"
6,119,74,45,"weekend","breakfast","travelling","unknown","restaurant",0,1,0,"morning"
6,120,75,45,"weekday","beforelunch","travelling","freezing","restaurant",0,1,0,"midday"
6,121,76,45,"weekday","afternoon","unknown","cold","grocery",0,1,0,"midday"
6,122,77,45,"weekday","beforelunch","travelling","cold","grocery",0,1,0,"midday"
6,123,78,45,"weekday","afternoon","travelling","freezing","grocery",0,1,0,"midday"
6,126,81,45,"unknown","lunch","travelling","warm","grocery",0,1,0,"midday"
6,129,84,45,"weekday","lunch","travelling","freezing","restaurant",1,1,0,"midday"
6,132,87,45,"weekday","beforelunch","travelling","cold","grocery",0,1,0,"midday"
6,134,89,45,"weekend","lunch","travelling","unknown","restaurant",1,1,0,"midday"
6,135,90,45,"weekday","beforelunch","travelling","hot","grocery",1,1,0,"midday"
6,136,91,45,"weekday","lunch","travelling","cold","grocery",0,1,0,"midday"
6,137,92,45,"weekend","afternoon","travelling","cold","restaurant",1,1,0,"midday"
6,139,94,45,"weekday","afternoon","travelling","cold","grocery",0,1,0,"midday"
6,140,95,45,"weekday","lunch","unknown","unknown","grocery",1,1,0,"midday"
6,141,96,45,"weekend","afternoon","leisure","freezing","grocery",1,1,0,"midday"
6,142,97,45,"weekday","beforelunch","leisure","cold","grocery",1,1,0,"midday"
6,143,98,45,"weekday","lunch","unknown","freezing","restaurant",1,1,0,"midday"
6,144,99,45,"weekday","beforelunch","travelling","cold","restaurant",0,1,0,"midday"
6,145,100,45,"weekend","dinner","unknown","unknown","restaurant",0,1,0,"night"
6,146,101,45,"weekday","beforelunch","unknown","freezing","restaurant",0,1,0,"midday"
6,147,102,45,"weekend","night","travelling","cold","grocery",1,1,0,"night"
6,148,103,45,"weekday","beforelunch","travelling","unknown","grocery",0,1,0,"midday"
6,149,104,45,"weekday","afternoon","leisure","cold","restaurant",1,1,0,"midday"
6,150,105,45,"weekday","lunch","travelling","cold","grocery",0,1,0,"midday"
6,151,106,45,"weekend","breakfast","leisure","warm","grocery",0,1,0,"morning"
6,152,107,45,"weekend","night","morningrituals","cold","grocery",0,1,0,"night"
6,153,108,45,"weekday","dinner","shopping","freezing","grocery",0,1,0,"night"
6,154,109,45,"weekday","morning","travelling","cold","grocery",0,1,0,"morning"
6,155,110,45,"weekday","afternoon","unknown","hot","restaurant",1,1,0,"midday"
6,156,111,45,"weekday","lunch","travelling","warm","grocery",0,1,0,"midday"
6,157,112,45,"unknown","beforelunch","unknown","warm","grocery",0,1,0,"midday"
6,158,113,45,"weekday","breakfast","unknown","unknown","grocery",0,1,1,"morning"
6,160,115,45,"weekday","beforelunch","travelling","hot","restaurant",0,1,1,"midday"
6,162,117,45,"weekend","beforelunch","travelling","unknown","restaurant",0,1,1,"midday"
6,163,118,45,"weekday","breakfast","travelling","freezing","restaurant",0,1,1,"morning"
6,164,119,45,"weekday","afternoon","shopping","unknown","grocery",0,1,1,"midday"
6,165,120,45,"weekday","unknown","travelling","hot","grocery",0,1,1,"unknown"
6,166,121,45,"weekend","afternoon","travelling","unknown","restaurant",0,1,1,"midday"
6,167,122,45,"weekend","afternoon","travelling","warm","grocery",1,1,1,"midday"
6,168,123,45,"weekend","breakfast","travelling","cold","grocery",1,1,1,"morning"
6,169,124,45,"weekday","morning","travelling","freezing","grocery",1,1,1,"morning"
6,170,125,45,"weekday","beforelunch","travelling","cold","grocery",1,1,1,"midday"
6,171,126,45,"weekday","beforelunch","unknown","freezing","grocery",0,1,1,"midday"
6,172,127,45,"weekday","lunch","travelling","cold","grocery",1,1,1,"midday"
6,173,128,45,"weekend","lunch","travelling","cold","grocery",0,1,1,"midday"
6,174,129,45,"weekend","afternoon","working","cold","grocery",0,1,1,"midday"
6,175,130,45,"unknown","beforelunch","travelling","freezing","grocery",1,1,1,"midday"
6,178,133,45,"weekday","lunch","travelling","hot","grocery",0,1,1,"midday"
6,179,134,45,"weekday","evening","travelling","cold","restaurant",0,1,1,"night"
6,181,136,45,"weekday","breakfast","unknown","cold","grocery",0,1,1,"morning"
6,183,138,45,"weekday","beforelunch","unknown","warm","grocery",1,1,1,"midday"
6,184,139,45,"weekday","afternoon","shopping","cold","restaurant",1,1,1,"midday"
6,185,140,45,"weekday","afternoon","travelling","cold","grocery",0,1,1,"midday"
6,186,141,45,"weekday","beforelunch","working","cold","restaurant",1,1,1,"midday"
6,187,142,45,"weekday","afternoon","travelling","cold","grocery",0,1,1,"midday"
6,190,145,45,"weekend","lunch","leisure","unknown","grocery",0,1,1,"midday"
6,192,147,45,"weekend","afternoon","travelling","freezing","grocery",1,1,1,"midday"
6,193,148,45,"weekday","lunch","travelling","warm","grocery",0,1,1,"midday"
6,194,149,45,"weekday","afternoon","working","cold","grocery",0,1,1,"midday"
6,196,151,45,"weekday","afternoon","travelling","cold","grocery",1,1,1,"midday"
6,197,152,45,"weekday","latenight","travelling","freezing","grocery",1,1,1,"night"
6,198,153,45,"weekend","lunch","leisure","cold","grocery",1,1,1,"midday"
6,199,154,45,"weekday","lunch","unknown","cold","restaurant",0,1,1,"midday"
6,200,155,45,"weekday","lunch","working","freezing","restaurant",1,1,1,"midday"
6,201,156,45,"weekend","earlymorning","working","cold","grocery",0,1,1,"morning"
6,202,157,45,"weekday","beforelunch","unknown","freezing","restaurant",0,1,1,"midday"
6,205,160,45,"weekday","afternoon","working","cold","grocery",0,1,1,"midday"
6,207,162,45,"weekday","dinner","unknown","cold","grocery",0,1,1,"night"
6,208,163,45,"weekday","unknown","travelling","cold","grocery",1,1,1,"unknown"
6,209,164,45,"weekend","morning","travelling","unknown","grocery",0,1,1,"morning"
6,210,165,45,"weekend","afternoon","travelling","warm","restaurant",1,1,1,"midday"
6,211,166,45,"weekend","morning","unknown","cold","restaurant",1,1,1,"morning"
6,212,167,45,"weekday","afternoon","travelling","hot","grocery",0,1,1,"midday"
6,213,168,45,"weekday","dinner","leisure","cold","grocery",0,1,1,"night"
6,214,169,45,"unknown","afternoon","travelling","cold","restaurant",1,1,1,"midday"
6,215,170,45,"weekday","dinner","shopping","cold","grocery",0,1,1,"night"
6,218,173,45,"weekday","lunch","shopping","cold","restaurant",1,1,1,"midday"
6,220,175,45,"weekend","lunch","travelling","cold","grocery",0,1,1,"midday"
6,221,176,45,"weekday","afternoon","travelling","freezing","restaurant",1,1,1,"midday"
6,223,178,45,"weekend","lunch","working","cold","restaurant",1,1,1,"midday"
6,224,179,45,"weekend","morning","travelling","unknown","grocery",0,1,1,"morning"
6,225,180,45,"weekday","afternoon","unknown","cold","grocery",0,1,1,"midday"
6,227,182,45,"weekday","breakfast","unknown","freezing","restaurant",1,1,1,"morning"
6,228,183,45,"weekday","lunch","travelling","unknown","grocery",0,1,1,"midday"
7,55,1,54,"weekday","night","leisure","freezing","grocery",1,0,0,"night"
7,74,20,54,"weekday","afternoon","shopping","hot","grocery",0,0,0,"midday"
7,76,22,54,"weekday","beforelunch","travelling","cold","grocery",0,0,0,"midday"
7,81,27,54,"weekend","breakfast","unknown","unknown","restaurant",0,0,0,"morning"
7,89,35,54,"weekend","beforelunch","unknown","freezing","grocery",1,0,0,"midday"
7,91,37,54,"weekday","afternoon","travelling","cold","grocery",0,0,0,"midday"
7,95,41,54,"weekday","beforelunch","travelling","freezing","grocery",0,0,0,"midday"
7,102,48,54,"weekend","afternoon","leisure","cold","restaurant",0,0,0,"midday"
7,106,52,54,"weekend","lunch","travelling","warm","grocery",1,0,0,"midday"
7,114,60,54,"weekend","beforelunch","travelling","hot","restaurant",1,1,0,"midday"
7,124,70,54,"weekday","morning","travelling","unknown","restaurant",1,1,0,"morning"
7,140,86,54,"weekend","unknown","leisure","cold","grocery",1,1,0,"unknown"
7,143,89,54,"weekday","breakfast","travelling","freezing","restaurant",0,1,0,"morning"
7,144,90,54,"weekday","beforelunch","travelling","cold","grocery",0,1,0,"midday"
7,151,97,54,"weekday","morning","unknown","cold","grocery",0,1,0,"morning"
7,153,99,54,"weekend","beforelunch","unknown","cold","grocery",0,1,0,"midday"
7,158,104,54,"weekend","dinner","unknown","cold","grocery",1,1,0,"night"
7,163,109,54,"weekday","lunch","unknown","warm","grocery",0,1,0,"midday"
7,165,111,54,"weekday","beforelunch","leisure","freezing","grocery",0,1,0,"midday"
7,171,117,54,"weekend","lunch","travelling","freezing","grocery",0,1,1,"midday"
7,174,120,54,"weekend","latenight","travelling","cold","grocery",0,1,1,"night"
7,176,122,54,"weekday","afternoon","travelling","freezing","restaurant",1,1,1,"midday"
7,177,123,54,"weekend","beforelunch","working","unknown","restaurant",0,1,1,"midday"
7,180,126,54,"weekday","lunch","unknown","freezing","grocery",0,1,1,"midday"
7,186,132,54,"weekday","afternoon","morningrituals","warm","restaurant",0,1,1,"midday"
7,193,139,54,"weekday","morning","unknown","unknown","grocery",1,1,1,"morning"
7,204,150,54,"weekday","afternoon","travelling","unknown","grocery",0,1,1,"midday"
7,209,155,54,"weekday","breakfast","travelling","cold","restaurant",0,1,1,"morning"
7,210,156,54,"weekday","afternoon","travelling","cold","restaurant",0,1,1,"midday"
7,214,160,54,"weekend","beforelunch","unknown","freezing","restaurant",0,1,1,"midday"
7,217,163,54,"weekday","afternoon","unknown","unknown","restaurant",1,1,1,"midday"
7,219,165,54,"weekday","breakfast","travelling","freezing","restaurant",0,1,1,"morning"
7,224,170,54,"weekday","breakfast","unknown","hot","restaurant",0,1,1,"morning"
7,234,180,54,"weekend","morning","unknown","freezing","grocery",0,1,1,"morning"
8,61,2,59,"weekday","morning","shopping","freezing","grocery",0,0,0,"morning"
8,70,11,59,"weekday","lunch","leisure","freezing","restaurant",0,0,0,"midday"
8,75,16,59,"weekday","afternoon","travelling","warm","restaurant",0,0,0,"midday"
8,78,19,59,"weekday","beforelunch","working","freezing","grocery",0,0,0,"midday"
8,80,21,59,"unknown","lunch","shopping","cold","grocery",0,0,0,"midday"
8,90,31,59,"weekday","afternoon","travelling","cold","restaurant",0,0,0,"midday"
8,93,34,59,"weekday","afternoon","unknown","hot","grocery",0,0,0,"midday"
8,106,47,59,"weekday","dinner","travelling","unknown","restaurant",0,0,0,"night"
8,107,48,59,"weekday","afternoon","working","cold","restaurant",0,0,0,"midday"
8,108,49,59,"weekday","afternoon","morningrituals","cold","grocery",0,0,0,"midday"
8,113,54,59,"weekday","afternoon","travelling","unknown","grocery",1,0,0,"midday"
8,129,70,59,"weekday","beforelunch","travelling","freezing","grocery",0,1,0,"midday"
8,133,74,59,"weekday","beforelunch","travelling","cold","restaurant",0,1,0,"midday"
8,138,79,59,"weekday","breakfast","travelling","warm","grocery",0,1,0,"morning"
8,145,86,59,"weekday","beforelunch","travelling","freezing","restaurant",0,1,0,"midday"
8,155,96,59,"weekday","afternoon","morningrituals","unknown","restaurant",0,1,0,"midday"
8,160,101,59,"unknown","beforelunch","travelling","unknown","restaurant",1,1,0,"midday"
8,185,126,59,"weekday","lunch","unknown","unknown","restaurant",0,1,1,"midday"
8,191,132,59,"weekday","breakfast","travelling","unknown","restaurant",0,1,1,"morning"
8,198,139,59,"weekday","beforelunch","unknown","unknown","restaurant",0,1,1,"midday"
8,216,157,59,"weekday","breakfast","travelling","freezing","grocery",1,1,1,"morning"
8,217,158,59,"weekday","unknown","unknown","unknown","grocery",1,1,1,"unknown"
8,218,159,59,"weekday","beforelunch","shopping","cold","restaurant",0,1,1,"midday"
8,219,160,59,"weekday","afternoon","shopping","freezing","grocery",1,1,1,"midday"
8,235,176,59,"weekend","afternoon","travelling","cold","restaurant",1,1,1,"midday"
8,240,181,59,"weekend","beforelunch","travelling","freezing","restaurant",0,1,1,"midday"
9,68,3,65,"weekday","earlymorning","travelling","freezing","grocery",0,0,0,"morning"
9,72,7,65,"weekend","breakfast","travelling","cold","grocery",0,0,0,"morning"
9,75,10,65,"weekday","unknown","shopping","unknown","grocery",0,0,0,"unknown"
9,77,12,65,"weekday","afternoon","travelling","cold","restaurant",1,0,0,"midday"
9,78,13,65,"weekday","lunch","travelling","freezing","restaurant",1,0,0,"midday"
9,80,15,65,"weekend","afternoon","unknown","hot","restaurant",0,0,0,"midday"
9,83,18,65,"weekday","morning","travelling","freezing","restaurant",1,0,0,"morning"
9,86,21,65,"weekend","afternoon","travelling","freezing","restaurant",0,0,0,"midday"
9,88,23,65,"weekday","lunch","travelling","cold","grocery",0,0,0,"midday"
9,96,31,65,"weekday","lunch","shopping","hot","restaurant",1,0,0,"midday"
9,98,33,65,"weekend","dinner","travelling","hot","grocery",1,0,0,"night"
9,106,41,65,"weekday","earlymorning","travelling","unknown","grocery",0,0,0,"morning"
9,113,48,65,"weekday","afternoon","travelling","unknown","restaurant",1,0,0,"midday"
9,127,62,65,"weekend","afternoon","travelling","hot","restaurant",0,1,0,"midday"
9,149,84,65,"weekday","afternoon","travelling","freezing","grocery",1,1,0,"midday"
9,150,85,65,"weekday","breakfast","travelling","cold","grocery",0,1,0,"morning"
9,155,90,65,"weekday","afternoon","travelling","freezing","grocery",0,1,0,"midday"
9,158,93,65,"weekday","morning","leisure","freezing","grocery",1,1,0,"morning"
9,160,95,65,"weekday","beforelunch","travelling","hot","restaurant",0,1,0,"midday"
9,167,102,65,"weekend","afternoon","travelling","freezing","grocery",0,1,0,"midday"
9,172,107,65,"weekend","afternoon","unknown","cold","restaurant",0,1,0,"midday"
9,174,109,65,"weekday","earlymorning","working","unknown","grocery",0,1,0,"morning"
9,181,116,65,"weekend","breakfast","travelling","cold","grocery",1,1,1,"morning"
9,188,123,65,"weekday","lunch","unknown","freezing","grocery",1,1,1,"midday"
9,193,128,65,"weekday","earlymorning","shopping","warm","restaurant",1,1,1,"morning"
9,202,137,65,"weekday","breakfast","shopping","warm","restaurant",0,1,1,"morning"
9,207,142,65,"weekday","afternoon","travelling","unknown","restaurant",1,1,1,"midday"
9,209,144,65,"weekend","lunch","working","warm","restaurant",0,1,1,"midday"
9,210,145,65,"weekday","evening","travelling","unknown","restaurant",0,1,1,"night"
9,211,146,65,"weekend","breakfast","unknown","warm","restaurant",0,1,1,"morning"
9,228,163,65,"weekday","lunch","leisure","freezing","restaurant",0,1,1,"midday"
9,229,164,65,"unknown","beforelunch","travelling","cold","grocery",0,1,1,"midday"
9,233,168,65,"weekday","afternoon","travelling","hot","grocery",1,1,1,"midday"
9,245,180,65,"weekday","earlymorning","travelling","cold","restaurant",0,1,1,"morning"
9,247,182,65,"weekday","morning","travelling","cold","restaurant",0,1,1,"morning"
10,71,2,69,"weekend","evening","travelling","freezing","restaurant",0,0,0,"night"
10,72,3,69,"weekday","lunch","travelling","freezing","restaurant",1,0,0,"midday"
10,75,6,69,"weekday","unknown","travelling","unknown","restaurant",0,0,0,"unknown"
10,80,11,69,"weekend","morning","travelling","cold","grocery",0,0,0,"morning"
10,82,13,69,"weekend","beforelunch","travelling","cold","grocery",1,0,0,"midday"
10,90,21,69,"weekday","beforelunch","working","cold","grocery",0,0,0,"midday"
10,92,23,69,"weekday","beforelunch","leisure","unknown","grocery",0,0,0,"midday"
10,93,24,69,"weekend","afternoon","travelling","cold","restaurant",0,0,0,"midday"
10,95,26,69,"weekend","afternoon","unknown","freezing","grocery",0,0,0,"midday"
10,96,27,69,"weekend","lunch","travelling","warm","restaurant",0,0,0,"midday"
10,101,32,69,"weekend","breakfast","unknown","freezing","grocery",0,0,0,"morning"
10,105,36,69,"weekday","breakfast","travelling","unknown","grocery",0,0,0,"morning"
10,109,40,69,"weekday","afternoon","travelling","cold","restaurant",0,0,0,"midday"
10,116,47,69,"weekday","lunch","travelling","unknown","grocery",0,0,0,"midday"
10,119,50,69,"weekday","breakfast","unknown","unknown","grocery",0,0,0,"morning"
10,133,64,69,"weekday","afternoon","working","unknown","restaurant",0,1,0,"midday"
10,134,65,69,"weekend","beforelunch","shopping","cold","restaurant",0,1,0,"midday"
10,135,66,69,"weekday","afternoon","travelling","cold","grocery",0,1,0,"midday"
10,150,81,69,"weekday","afternoon","travelling","freezing","restaurant",1,1,0,"midday"
10,151,82,69,"weekday","afternoon","travelling","cold","grocery",0,1,0,"midday"
10,159,90,69,"weekday","lunch","leisure","freezing","grocery",0,1,0,"midday"
10,165,96,69,"weekday","beforelunch","travelling","warm","grocery",0,1,0,"midday"
10,169,100,69,"weekend","beforelunch","morningrituals","freezing","grocery",0,1,0,"midday"
10,174,105,69,"weekday","morning","travelling","cold","grocery",0,1,0,"morning"
10,184,115,69,"weekday","afternoon","travelling","unknown","grocery",0,1,1,"midday"
10,190,121,69,"weekend","beforelunch","travelling","unknown","restaurant",1,1,1,"midday"
10,192,123,69,"weekend","beforelunch","shopping","unknown","restaurant",1,1,1,"midday"
10,194,125,69,"weekend","beforelunch","travelling","cold","grocery",0,1,1,"midday"
10,197,128,69,"weekday","afternoon","unknown","cold","grocery",1,1,1,"midday"
10,200,131,69,"weekend","dinner","travelling","unknown","grocery",0,1,1,"night"
10,203,134,69,"weekday","afternoon","travelling","unknown","restaurant",0,1,1,"midday"
10,204,135,69,"weekday","lunch","unknown","hot","restaurant",1,1,1,"midday"
10,206,137,69,"weekday","afternoon","unknown","cold","restaurant",1,1,1,"midday"
10,215,146,69,"weekday","morning","travelling","hot","restaurant",1,1,1,"morning"
10,218,149,69,"weekday","breakfast","travelling","cold","grocery",1,1,1,"morning"
10,222,153,69,"weekday","breakfast","working","freezing","restaurant",0,1,1,"morning"
10,223,154,69,"weekday","breakfast","travelling","unknown","restaurant",1,1,1,"morning"
10,231,162,69,"weekend","lunch","travelling","freezing","restaurant",0,1,1,"midday"
10,238,169,69,"weekend","earlymorning","leisure","freezing","restaurant",0,1,1,"morning"
10,241,172,69,"weekday","afternoon","travelling","unknown","restaurant",0,1,1,"midday"
10,242,173,69,"weekday","afternoon","travelling","cold","grocery",0,1,1,"midday"
10,243,174,69,"weekend","earlymorning","travelling","freezing","grocery",1,1,1,"morning"
10,244,175,69,"unknown","morning","travelling","unknown","restaurant",1,1,1,"morning"
10,245,176,69,"weekday","breakfast","travelling","freezing","grocery",0,1,1,"morning"
10,251,182,69,"weekend","lunch","travelling","freezing","restaurant",0,1,1,"midday"
10,252,183,69,"weekday","lunch","unknown","unknown","grocery",0,1,1,"midday"
11,76,5,71,"weekday","beforelunch","morningrituals","warm","grocery",1,0,0,"midday"
11,87,16,71,"weekday","afternoon","unknown","unknown","grocery",0,0,0,"midday"
11,93,22,71,"weekend","lunch","travelling","unknown","grocery",1,0,0,"midday"
11,94,23,71,"weekday","unknown","travelling","freezing","grocery",1,0,0,"unknown"
11,101,30,71,"weekday","lunch","travelling","freezing","restaurant",0,0,0,"midday"
11,105,34,71,"weekend","lunch","working","cold","grocery",0,0,0,"midday"
11,110,39,71,"weekday","beforelunch","travelling","cold","restaurant",0,0,0,"midday"
11,111,40,71,"weekday","lunch","travelling","warm","grocery",1,0,0,"midday"
11,122,51,71,"weekday","afternoon","travelling","cold","grocery",0,0,0,"midday"
11,124,53,71,"weekday","afternoon","working","warm","grocery",1,0,0,"midday"
11,125,54,71,"weekday","afternoon","travelling","unknown","restaurant",0,0,0,"midday"
11,127,56,71,"weekday","lunch","travelling","hot","restaurant",0,0,0,"midday"
11,134,63,71,"weekday","beforelunch","shopping","cold","grocery",1,1,0,"midday"
11,135,64,71,"weekday","evening","travelling","freezing","restaurant",0,1,0,"night"
11,141,70,71,"weekday","lunch","travelling","cold","grocery",0,1,0,"midday"
11,152,81,71,"weekday","morning","travelling","unknown","restaurant",0,1,0,"morning"
11,156,85,71,"weekday","lunch","travelling","cold","restaurant",0,1,0,"midday"
11,158,87,71,"weekday","dinner","unknown","cold","restaurant",0,1,0,"night"
11,160,89,71,"weekend","beforelunch","travelling","hot","restaurant",1,1,0,"midday"
11,163,92,71,"weekday","afternoon","travelling","cold","grocery",0,1,0,"midday"
11,167,96,71,"weekday","lunch","working","unknown","restaurant",1,1,0,"midday"
11,168,97,71,"weekend","morning","travelling","unknown","grocery",0,1,0,"morning"
11,171,100,71,"weekend","afternoon","travelling","cold","restaurant",0,1,0,"midday"
11,182,111,71,"weekday","lunch","shopping","freezing","restaurant",0,1,0,"midday"
11,183,112,71,"weekday","earlymorning","travelling","warm","grocery",1,1,0,"morning"
11,184,113,71,"weekday","lunch","travelling","unknown","grocery",0,1,1,"midday"
11,188,117,71,"weekend","lunch","travelling","freezing","restaurant",0,1,1,"midday"
11,189,118,71,"weekday","breakfast","travelling","freezing","restaurant",0,1,1,"morning"
11,193,122,71,"weekend","dinner","travelling","cold","grocery",1,1,1,"night"
11,197,126,71,"weekday","dinner","unknown","cold","grocery",0,1,1,"night"
11,220,149,71,"weekday","night","workingout","cold","grocery",0,1,1,"night"
11,221,150,71,"weekday","lunch","travelling","cold","grocery",1,1,1,"midday"
11,222,151,71,"weekday","lunch","unknown","freezing","grocery",0,1,1,"midday"
11,236,165,71,"weekday","afternoon","shopping","unknown","restaurant",0,1,1,"midday"
11,238,167,71,"weekday","afternoon","travelling","warm","grocery",0,1,1,"midday"
12,80,2,78,"weekday","morning","unknown","cold","grocery",0,0,0,"morning"
12,82,4,78,"weekday","beforelunch","travelling","warm","restaurant",0,0,0,"midday"
12,85,7,78,"weekend","lunch","travelling","freezing","restaurant",0,0,0,"midday"
12,86,8,78,"weekend","afternoon","travelling","warm","restaurant",1,0,0,"midday"
12,93,15,78,"weekday","lunch","travelling","freezing","grocery",0,0,0,"midday"
12,94,16,78,"weekday","breakfast","travelling","unknown","grocery",0,0,0,"morning"
12,96,18,78,"weekend","beforelunch","unknown","cold","restaurant",0,0,0,"midday"
12,99,21,78,"weekday","afternoon","unknown","hot","restaurant",0,0,0,"midday"
12,100,22,78,"weekday","afternoon","working","cold","grocery",1,0,0,"midday"
12,101,23,78,"weekday","beforelunch","unknown","cold","grocery",0,0,0,"midday"
12,104,26,78,"weekday","beforelunch","shopping","warm","restaurant",1,0,0,"midday"
12,105,27,78,"weekday","beforelunch","travelling","cold","restaurant",0,0,0,"midday"
12,107,29,78,"weekday","lunch","travelling","cold","restaurant",0,0,0,"midday"
12,110,32,78,"weekday","unknown","travelling","warm","restaurant",0,0,0,"unknown"
12,122,44,78,"weekend","breakfast","travelling","freezing","grocery",0,0,0,"morning"
12,125,47,78,"unknown","morning","unknown","unknown","grocery",0,0,0,"morning"
12,126,48,78,"weekday","morning","travelling","unknown","grocery",0,0,0,"morning"
12,129,51,78,"weekday","afternoon","leisure","cold","grocery",0,0,0,"midday"
12,133,55,78,"weekday","dinner","travelling","cold","restaurant",0,0,0,"night"
12,134,56,78,"weekday","lunch","unknown","hot","grocery",1,0,0,"midday"
12,135,57,78,"weekend","evening","travelling","cold","grocery",0,1,0,"night"
12,136,58,78,"weekend","afternoon","shopping","hot","restaurant",0,1,0,"midday"
12,137,59,78,"weekday","afternoon","travelling","cold","restaurant",0,1,0,"midday"
12,139,61,78,"weekday","lunch","travelling","unknown","grocery",0,1,0,"midday"
12,142,64,78,"weekday","evening","travelling","freezing","grocery",1,1,0,"night"
12,145,67,78,"weekend","lunch","travelling","freezing","grocery",1,1,0,"midday"
12,147,69,78,"weekday","lunch","travelling","freezing","restaurant",0,1,0,"midday"
12,148,70,78,"weekday","beforelunch","unknown","warm","grocery",0,1,0,"midday"
12,149,71,78,"weekday","lunch","travelling","warm","grocery",1,1,0,"midday"
12,152,74,78,"weekday","breakfast","travelling","hot","grocery",0,1,0,"morning"
12,154,76,78,"weekend","breakfast","travelling","freezing","grocery",0,1,0,"morning"
12,158,80,78,"weekday","beforelunch","travelling","warm","restaurant",0,1,0,"midday"
12,159,81,78,"weekday","breakfast","travelling","cold","grocery",0,1,0,"morning"
12,160,82,78,"weekend","lunch","travelling","warm","restaurant",0,1,0,"midday"
12,163,85,78,"weekend","unknown","travelling","unknown","restaurant",1,1,0,"unknown"
12,165,87,78,"weekend","morning","shopping","hot","restaurant",1,1,0,"morning"
12,168,90,78,"weekday","afternoon","travelling","warm","grocery",0,1,0,"midday"
12,172,94,78,"weekday","beforelunch","working","cold","grocery",0,1,0,"midday"
12,173,95,78,"weekday","lunch","travelling","unknown","grocery",0,1,0,"midday"
12,174,96,78,"weekend","lunch","unknown","cold","grocery",0,1,0,"midday"
12,177,99,78,"weekday","lunch","travelling","freezing","restaurant",0,1,0,"midday"
12,180,102,78,"weekday","lunch","travelling","unknown","grocery",0,1,0,"midday"
12,182,104,78,"weekend","breakfast","travelling","freezing","grocery",0,1,0,"morning"
12,184,106,78,"weekday","lunch","travelling","cold","restaurant",0,1,0,"midday"
12,189,111,78,"weekend","dinner","travelling","freezing","restaurant",1,1,0,"night"
12,190,112,78,"weekday","lunch","unknown","freezing","restaurant",1,1,0,"midday"
12,191,113,78,"weekday","afternoon","travelling","freezing","restaurant",0,1,1,"midday"
12,192,114,78,"weekend","breakfast","shopping","warm","restaurant",1,1,1,"morning"
12,194,116,78,"weekday","afternoon","unknown","warm","restaurant",0,1,1,"midday"
12,195,117,78,"weekend","breakfast","unknown","unknown","grocery",0,1,1,"morning"
12,198,120,78,"weekday","lunch","shopping","warm","restaurant",0,1,1,"midday"
12,200,122,78,"weekend","night","travelling","freezing","grocery",0,1,1,"night"
12,201,123,78,"weekend","dinner","travelling","warm","restaurant",1,1,1,"night"
12,202,124,78,"weekday","beforelunch","leisure","unknown","restaurant",0,1,1,"midday"
12,209,131,78,"weekday","afternoon","unknown","freezing","restaurant",1,1,1,"midday"
12,214,136,78,"weekend","night","travelling","unknown","grocery",1,1,1,"night"
12,218,140,78,"weekday","breakfast","travelling","cold","restaurant",0,1,1,"morning"
12,219,141,78,"weekday","beforelunch","travelling","cold","grocery",0,1,1,"midday"
12,221,143,78,"weekend","afternoon","shopping","unknown","grocery",0,1,1,"midday"
12,223,145,78,"weekday","beforelunch","travelling","unknown","grocery",0,1,1,"midday"
12,224,146,78,"weekday","beforelunch","travelling","hot","restaurant",1,1,1,"midday"
12,227,149,78,"weekday","beforelunch","travelling","cold","restaurant",1,1,1,"midday"
12,235,157,78,"weekday","beforelunch","travelling","freezing","restaurant",0,1,1,"midday"
12,236,158,78,"weekday","lunch","unknown","warm","restaurant",0,1,1,"midday"
12,238,160,78,"weekend","afternoon","working","cold","restaurant",0,1,1,"midday"
12,240,162,78,"weekday","dinner","travelling","cold","restaurant",0,1,1,"night"
12,242,164,78,"weekday","beforelunch","travelling","freezing","restaurant",0,1,1,"midday"
12,245,167,78,"weekday","lunch","leisure","freezing","grocery",0,1,1,"midday"
12,247,169,78,"weekend","lunch","shopping","unknown","grocery",0,1,1,"midday"
12,249,171,78,"weekday","beforelunch","unknown","hot","grocery",0,1,1,"midday"
12,250,172,78,"weekday","beforelunch","unknown","cold","grocery",0,1,1,"midday"
12,252,174,78,"weekend","afternoon","travelling","hot","grocery",0,1,1,"midday"
12,253,175,78,"weekday","afternoon","shopping","unknown","grocery",1,1,1,"midday"
13,85,1,84,"weekday","lunch","shopping","warm","restaurant",0,0,0,"midday"
13,88,4,84,"weekday","beforelunch","travelling","warm","grocery",0,0,0,"midday"
13,89,5,84,"weekday","lunch","leisure","warm","restaurant",0,0,0,"midday"
13,91,7,84,"weekday","evening","travelling","warm","grocery",1,0,0,"night"
13,93,9,84,"weekday","lunch","leisure","hot","grocery",0,0,0,"midday"
13,94,10,84,"weekend","lunch","unknown","cold","grocery",0,0,0,"midday"
13,97,13,84,"weekday","afternoon","working","unknown","restaurant",0,0,0,"midday"
13,105,21,84,"weekday","lunch","travelling","warm","grocery",0,0,0,"midday"
13,107,23,84,"weekday","afternoon","travelling","warm","grocery",0,0,0,"midday"
13,110,26,84,"weekday","breakfast","travelling","unknown","grocery",0,0,0,"morning"
13,111,27,84,"weekday","morning","working","unknown","grocery",0,0,0,"morning"
13,112,28,84,"weekday","lunch","unknown","cold","grocery",0,0,0,"midday"
13,113,29,84,"weekday","morning","travelling","unknown","restaurant",0,0,0,"morning"
13,115,31,84,"weekday","afternoon","travelling","hot","grocery",0,0,0,"midday"
13,117,33,84,"weekday","lunch","travelling","unknown","restaurant",0,0,0,"midday"
13,120,36,84,"weekday","afternoon","travelling","freezing","restaurant",0,0,0,"midday"
13,122,38,84,"weekend","breakfast","working","unknown","restaurant",0,0,0,"morning"
13,123,39,84,"unknown","lunch","travelling","freezing","restaurant",1,0,0,"midday"
13,124,40,84,"weekday","afternoon","travelling","cold","restaurant",0,0,0,"midday"
13,126,42,84,"weekday","lunch","travelling","cold","grocery",1,0,0,"midday"
13,128,44,84,"weekend","beforelunch","shopping","unknown","restaurant",1,0,0,"midday"
13,130,46,84,"weekday","beforelunch","travelling","unknown","restaurant",0,0,0,"midday"
13,131,47,84,"weekday","breakfast","unknown","unknown","restaurant",0,0,0,"morning"
13,134,50,84,"weekday","afternoon","travelling","cold","grocery",0,0,0,"midday"
13,136,52,84,"weekday","morning","travelling","cold","restaurant",0,0,0,"morning"
13,138,54,84,"weekday","lunch","working","cold","grocery",1,0,0,"midday"
13,139,55,84,"weekday","latenight","social","warm","restaurant",0,0,0,"night"
13,143,59,84,"weekday","afternoon","unknown","cold","restaurant",0,1,0,"midday"
13,147,63,84,"weekend","dinner","travelling","freezing","grocery",0,1,0,"night"
13,149,65,84,"weekday","afternoon","travelling","unknown","grocery",0,1,0,"midday"
13,151,67,84,"weekend","lunch","unknown","hot","grocery",0,1,0,"midday"
13,152,68,84,"weekend","afternoon","unknown","cold","restaurant",0,1,0,"midday"
13,154,70,84,"weekday","beforelunch","working","warm","grocery",1,1,0,"midday"
13,157,73,84,"weekday","dinner","unknown","cold","restaurant",1,1,0,"night"
13,158,74,84,"weekday","breakfast","unknown","freezing","restaurant",1,1,0,"morning"
13,161,77,84,"weekday","beforelunch","travelling","warm","restaurant",0,1,0,"midday"
13,163,79,84,"weekday","afternoon","travelling","hot","grocery",1,1,0,"midday"
13,164,80,84,"weekday","afternoon","leisure","warm","grocery",0,1,0,"midday"
13,167,83,84,"weekday","beforelunch","travelling","unknown","grocery",0,1,0,"midday"
13,175,91,84,"weekday","afternoon","travelling","freezing","grocery",0,1,0,"midday"
13,176,92,84,"weekday","lunch","travelling","unknown","restaurant",0,1,0,"midday"
13,177,93,84,"weekday","beforelunch","travelling","warm","restaurant",0,1,0,"midday"
13,178,94,84,"weekday","afternoon","travelling","warm","restaurant",0,1,0,"midday"
13,179,95,84,"weekday","lunch","leisure","hot","restaurant",0,1,0,"midday"
13,186,102,84,"weekend","beforelunch","travelling","freezing","grocery",0,1,0,"midday"
13,188,104,84,"weekday","dinner","leisure","freezing","grocery",0,1,0,"night"
13,190,106,84,"weekday","dinner","shopping","warm","grocery",0,1,0,"night"
13,192,108,84,"weekday","beforelunch","working","cold","grocery",0,1,0,"midday"
13,194,110,84,"weekday","morning","unknown","unknown","grocery",0,1,0,"morning"
13,198,114,84,"unknown","breakfast","shopping","cold","restaurant",1,1,1,"morning"
13,199,115,84,"weekend","lunch","travelling","unknown","grocery",0,1,1,"midday"
13,206,122,84,"weekday","morning","unknown","unknown","restaurant",0,1,1,"morning"
13,209,125,84,"weekday","beforelunch","morningrituals","unknown","restaurant",1,1,1,"midday"
13,211,127,84,"weekend","breakfast","travelling","hot","restaurant",0,1,1,"morning"
13,213,129,84,"weekend","beforelunch","travelling","unknown","grocery",0,1,1,"midday"
13,214,130,84,"weekend","breakfast","morningrituals","cold","grocery",0,1,1,"morning"
13,215,131,84,"weekday","afternoon","unknown","cold","restaurant",1,1,1,"midday"
13,216,132,84,"weekend","lunch","travelling","unknown","grocery",0,1,1,"midday"
13,217,133,84,"weekend","lunch","travelling","warm","restaurant",0,1,1,"midday"
13,218,134,84,"weekend","beforelunch","travelling","unknown","restaurant",1,1,1,"midday"
13,224,140,84,"weekday","morning","travelling","hot","restaurant",1,1,1,"morning"
13,225,141,84,"weekend","afternoon","travelling","cold","grocery",0,1,1,"midday"
13,226,142,84,"weekday","earlymorning","working","unknown","restaurant",1,1,1,"morning"
13,227,143,84,"weekend","beforelunch","travelling","unknown","restaurant",0,1,1,"midday"
13,229,145,84,"weekday","beforelunch","working","unknown","grocery",0,1,1,"midday"
13,233,149,84,"weekday","lunch","morningrituals","freezing","grocery",0,1,1,"midday"
13,234,150,84,"weekend","beforelunch","unknown","cold","grocery",0,1,1,"midday"
13,235,151,84,"weekday","afternoon","travelling","unknown","grocery",0,1,1,"midday"
13,237,153,84,"weekend","breakfast","working","cold","restaurant",0,1,1,"morning"
13,242,158,84,"weekday","lunch","unknown","unknown","grocery",0,1,1,"midday"
13,244,160,84,"weekday","evening","unknown","freezing","restaurant",1,1,1,"night"
13,245,161,84,"weekday","lunch","travelling","unknown","grocery",0,1,1,"midday"
13,247,163,84,"weekday","afternoon","travelling","cold","grocery",0,1,1,"midday"
13,248,164,84,"weekday","lunch","leisure","warm","restaurant",0,1,1,"midday"
13,249,165,84,"weekend","unknown","travelling","cold","restaurant",0,1,1,"unknown"
13,251,167,84,"weekday","lunch","leisure","warm","grocery",0,1,1,"midday"
13,259,175,84,"weekend","earlymorning","leisure","cold","grocery",0,1,1,"morning"
13,261,177,84,"weekday","breakfast","leisure","cold","grocery",0,1,1,"morning"
13,262,178,84,"weekend","afternoon","shopping","warm","grocery",0,1,1,"midday"
13,263,179,84,"weekday","latenight","travelling","freezing","grocery",0,1,1,"night"
13,264,180,84,"weekend","beforelunch","shopping","cold","restaurant",0,1,1,"midday"
13,266,182,84,"weekday","lunch","travelling","cold","restaurant",0,1,1,"midday"
13,267,183,84,"weekday","afternoon","travelling","freezing","grocery",1,1,1,"midday"
14,101,7,94,"weekday","lunch","travelling","cold","grocery",1,0,0,"midday"
14,106,12,94,"weekday","afternoon","unknown","cold","grocery",0,0,0,"midday"
14,116,22,94,"unknown","beforelunch","leisure","unknown","restaurant",1,0,0,"midday"
14,122,28,94,"weekday","afternoon","travelling","cold","grocery",0,0,0,"midday"
14,123,29,94,"weekday","afternoon","travelling","freezing","restaurant",0,0,0,"midday"
14,125,31,94,"weekend","lunch","shopping","unknown","restaurant",0,0,0,"midday"
14,134,40,94,"weekday","beforelunch","travelling","cold","restaurant",1,0,0,"midday"
14,138,44,94,"weekday","beforelunch","travelling","warm","restaurant",0,0,0,"midday"
14,140,46,94,"weekday","beforelunch","travelling","unknown","restaurant",0,0,0,"midday"
14,141,47,94,"weekend","beforelunch","travelling","unknown","restaurant",0,0,0,"midday"
14,144,50,94,"weekday","latenight","travelling","freezing","restaurant",0,0,0,"night"
14,147,53,94,"weekday","breakfast","travelling","unknown","restaurant",0,0,0,"morning"
14,150,56,94,"weekday","lunch","working","cold","grocery",0,0,0,"midday"
14,159,65,94,"weekday","morning","travelling","freezing","restaurant",0,1,0,"morning"
14,161,67,94,"weekday","night","travelling","freezing","restaurant",0,1,0,"night"
14,185,91,94,"weekday","afternoon","leisure","cold","restaurant",1,1,0,"midday"
14,207,113,94,"weekday","beforelunch","working","warm","restaurant",0,1,1,"midday"
14,220,126,94,"weekday","earlymorning","unknown","freezing","restaurant",1,1,1,"morning"
14,221,127,94,"weekend","breakfast","unknown","warm","grocery",0,1,1,"morning"
14,223,129,94,"weekday","afternoon","unknown","warm","restaurant",0,1,1,"midday"
14,227,133,94,"weekday","latenight","unknown","unknown","restaurant",0,1,1,"night"
14,269,175,94,"weekend","afternoon","travelling","cold","restaurant",1,1,1,"midday"
14,271,177,94,"weekend","beforelunch","shopping","cold","grocery",0,1,1,"midday"
14,272,178,94,"weekday","beforelunch","travelling","unknown","grocery",0,1,1,"midday"
14,277,183,94,"weekend","afternoon","travelling","cold","restaurant",0,1,1,"midday"
15,106,6,100,"weekday","breakfast","travelling","freezing","grocery",1,0,0,"morning"
15,111,11,100,"weekend","lunch","travelling","cold","restaurant",1,0,0,"midday"
15,113,13,100,"weekday","lunch","travelling","hot","restaurant",1,0,0,"midday"
15,119,19,100,"weekday","afternoon","travelling","freezing","restaurant",0,0,0,"midday"
15,133,33,100,"weekday","beforelunch","travelling","hot","restaurant",1,0,0,"midday"
15,137,37,100,"weekday","afternoon","travelling","unknown","restaurant",0,0,0,"midday"
15,139,39,100,"weekday","beforelunch","morningrituals","unknown","restaurant",0,0,0,"midday"
15,141,41,100,"weekday","beforelunch","travelling","hot","grocery",0,0,0,"midday"
15,142,42,100,"weekday","beforelunch","travelling","cold","grocery",0,0,0,"midday"
15,145,45,100,"weekday","afternoon","travelling","freezing","grocery",1,0,0,"midday"
15,148,48,100,"weekday","afternoon","travelling","cold","grocery",0,0,0,"midday"
15,149,49,100,"weekday","morning","leisure","freezing","grocery",0,0,0,"morning"
15,150,50,100,"unknown","morning","shopping","unknown","grocery",0,0,0,"morning"
15,155,55,100,"weekday","morning","leisure","warm","restaurant",0,0,0,"morning"
15,158,58,100,"weekday","afternoon","travelling","warm","grocery",0,1,0,"midday"
15,159,59,100,"weekday","lunch","travelling","cold","restaurant",1,1,0,"midday"
15,163,63,100,"weekday","lunch","unknown","cold","restaurant",0,1,0,"midday"
15,164,64,100,"weekday","morning","travelling","unknown","grocery",0,1,0,"morning"
15,165,65,100,"weekday","lunch","travelling","cold","grocery",1,1,0,"midday"
15,171,71,100,"weekday","lunch","travelling","freezing","restaurant",0,1,0,"midday"
15,172,72,100,"weekday","beforelunch","working","hot","grocery",0,1,0,"midday"
15,175,75,100,"weekend","lunch","leisure","cold","grocery",1,1,0,"midday"
15,180,80,100,"weekday","afternoon","unknown","freezing","grocery",0,1,0,"midday"
15,183,83,100,"weekday","lunch","unknown","unknown","grocery",0,1,0,"midday"
15,184,84,100,"weekend","breakfast","travelling","unknown","restaurant",0,1,0,"morning"
15,191,91,100,"weekday","afternoon","working","freezing","grocery",0,1,0,"midday"
15,192,92,100,"weekday","unknown","travelling","cold","restaurant",0,1,0,"unknown"
15,194,94,100,"weekday","morning","working","warm","grocery",1,1,0,"morning"
15,205,105,100,"weekend","beforelunch","travelling","freezing","restaurant",1,1,0,"midday"
15,211,111,100,"weekday","morning","travelling","unknown","restaurant",0,1,0,"morning"
15,216,116,100,"weekend","afternoon","unknown","unknown","grocery",0,1,1,"midday"
15,219,119,100,"weekend","afternoon","leisure","freezing","restaurant",1,1,1,"midday"
15,227,127,100,"weekday","lunch","working","freezing","restaurant",0,1,1,"midday"
15,228,128,100,"weekday","beforelunch","leisure","unknown","restaurant",0,1,1,"midday"
15,233,133,100,"weekend","dinner","travelling","cold","grocery",0,1,1,"night"
15,234,134,100,"weekday","beforelunch","unknown","warm","grocery",0,1,1,"midday"
15,235,135,100,"weekend","morning","travelling","hot","grocery",0,1,1,"morning"
15,239,139,100,"weekend","unknown","leisure","warm","restaurant",1,1,1,"unknown"
15,244,144,100,"weekend","morning","travelling","warm","restaurant",1,1,1,"morning"
15,245,145,100,"weekday","afternoon","travelling","cold","restaurant",0,1,1,"midday"
15,250,150,100,"weekday","lunch","working","freezing","restaurant",0,1,1,"midday"
15,253,153,100,"weekday","night","unknown","cold","grocery",0,1,1,"night"
15,256,156,100,"weekday","afternoon","working","freezing","restaurant",0,1,1,"midday"
15,263,163,100,"weekday","afternoon","travelling","warm","grocery",1,1,1,"midday"
15,264,164,100,"weekend","afternoon","travelling","warm","restaurant",0,1,1,"midday"
15,266,166,100,"weekend","beforelunch","travelling","cold","grocery",0,1,1,"midday"
15,267,167,100,"weekday","beforelunch","travelling","unknown","grocery",0,1,1,"midday"
15,269,169,100,"weekday","afternoon","travelling","unknown","restaurant",0,1,1,"midday"
15,270,170,100,"weekday","afternoon","unknown","warm","restaurant",1,1,1,"midday"
15,271,171,100,"weekday","beforelunch","morningrituals","freezing","grocery",1,1,1,"midday"
15,273,173,100,"weekend","beforelunch","travelling","hot","grocery",0,1,1,"midday"
15,274,174,100,"weekday","breakfast","travelling","warm","restaurant",1,1,1,"morning"
15,276,176,100,"weekday","lunch","working","cold","restaurant",0,1,1,"midday"
16,105,1,104,"weekday","morning","travelling","unknown","grocery",1,0,0,"morning"
16,112,8,104,"weekend","lunch","unknown","cold","restaurant",0,0,0,"midday"
16,126,22,104,"weekday","lunch","leisure","cold","grocery",0,0,0,"midday"
16,128,24,104,"weekday","morning","unknown","warm","grocery",0,0,0,"morning"
16,138,34,104,"weekend","afternoon","travelling","unknown","restaurant",0,0,0,"midday"
16,139,35,104,"weekday","breakfast","travelling","warm","grocery",1,0,0,"morning"
16,145,41,104,"weekday","morning","travelling","hot","restaurant",0,0,0,"morning"
16,156,52,104,"weekday","beforelunch","leisure","freezing","restaurant",1,0,0,"midday"
16,162,58,104,"weekday","lunch","working","cold","grocery",0,1,0,"midday"
16,167,63,104,"weekday","lunch","travelling","warm","restaurant",0,1,0,"midday"
16,170,66,104,"weekend","breakfast","travelling","cold","restaurant",0,1,0,"morning"
16,171,67,104,"weekday","lunch","travelling","unknown","grocery",0,1,0,"midday"
16,172,68,104,"weekday","afternoon","morningrituals","unknown","grocery",1,1,0,"midday"
16,178,74,104,"weekend","morning","working","freezing","grocery",1,1,0,"morning"
16,179,75,104,"weekday","afternoon","unknown","warm","grocery",1,1,0,"midday"
16,186,82,104,"weekday","latenight","travelling","freezing","restaurant",0,1,0,"night"
16,202,98,104,"weekend","morning","travelling","unknown","grocery",1,1,0,"morning"
16,207,103,104,"weekday","lunch","travelling","cold","restaurant",0,1,0,"midday"
16,209,105,104,"weekday","lunch","working","freezing","restaurant",0,1,0,"midday"
16,215,111,104,"weekday","beforelunch","leisure","freezing","restaurant",0,1,0,"midday"
16,218,114,104,"weekday","beforelunch","travelling","unknown","restaurant",1,1,1,"midday"
16,219,115,104,"weekday","afternoon","travelling","cold","restaurant",1,1,1,"midday"
16,224,120,104,"weekend","afternoon","travelling","hot","restaurant",0,1,1,"midday"
16,228,124,104,"weekday","afternoon","leisure","cold","restaurant",1,1,1,"midday"
16,229,125,104,"weekend","unknown","travelling","warm","restaurant",0,1,1,"unknown"
16,234,130,104,"weekend","afternoon","shopping","cold","restaurant",0,1,1,"midday"
16,235,131,104,"weekday","afternoon","travelling","warm","restaurant",1,1,1,"midday"
16,248,144,104,"weekend","morning","unknown","unknown","restaurant",0,1,1,"morning"
16,252,148,104,"weekend","afternoon","unknown","freezing","restaurant",0,1,1,"midday"
16,253,149,104,"weekday","lunch","unknown","freezing","grocery",0,1,1,"midday"
16,268,164,104,"weekday","breakfast","travelling","freezing","grocery",0,1,1,"morning"
16,272,168,104,"weekend","afternoon","leisure","unknown","restaurant",0,1,1,"midday"
16,279,175,104,"weekday","beforelunch","working","cold","grocery",1,1,1,"midday"
17,138,26,112,"weekday","afternoon","unknown","unknown","restaurant",0,0,0,"midday"
17,144,32,112,"weekday","morning","leisure","unknown","grocery",0,0,0,"morning"
17,162,50,112,"weekday","lunch","unknown","unknown","restaurant",0,0,0,"midday"
17,186,74,112,"weekday","afternoon","unknown","unknown","restaurant",0,1,0,"midday"
17,191,79,112,"weekday","afternoon","travelling","hot","grocery",0,1,0,"midday"
17,192,80,112,"weekday","afternoon","morningrituals","unknown","restaurant",0,1,0,"midday"
17,193,81,112,"weekday","lunch","travelling","cold","grocery",1,1,0,"midday"
17,195,83,112,"weekend","breakfast","travelling","cold","restaurant",1,1,0,"morning"
17,212,100,112,"weekend","dinner","leisure","unknown","restaurant",0,1,0,"night"
17,233,121,112,"weekday","lunch","travelling","hot","grocery",1,1,1,"midday"
17,261,149,112,"weekend","afternoon","travelling","unknown","restaurant",0,1,1,"midday"
17,267,155,112,"weekday","lunch","unknown","cold","grocery",0,1,1,"midday"
17,283,171,112,"weekday","lunch","travelling","hot","restaurant",1,1,1,"midday"
18,118,2,116,"weekend","lunch","travelling","unknown","restaurant",0,0,0,"midday"
18,119,3,116,"weekend","lunch","travelling","unknown","restaurant",0,0,0,"midday"
18,126,10,116,"weekday","afternoon","shopping","cold","grocery",0,0,0,"midday"
18,127,11,116,"weekday","afternoon","travelling","unknown","restaurant",0,0,0,"midday"
18,138,22,116,"weekday","breakfast","travelling","unknown","restaurant",0,0,0,"morning"
18,147,31,116,"weekday","breakfast","working","freezing","restaurant",0,0,0,"morning"
18,148,32,116,"weekday","afternoon","working","cold","grocery",0,0,0,"midday"
18,149,33,116,"weekday","lunch","unknown","warm","restaurant",1,0,0,"midday"
18,150,34,116,"weekday","breakfast","working","cold","grocery",0,0,0,"morning"
18,152,36,116,"weekday","beforelunch","unknown","cold","restaurant",0,0,0,"midday"
18,153,37,116,"weekday","morning","travelling","cold","grocery",1,0,0,"morning"
18,154,38,116,"weekday","lunch","travelling","cold","grocery",1,0,0,"midday"
18,155,39,116,"weekday","afternoon","travelling","freezing","restaurant",0,0,0,"midday"
18,160,44,116,"weekday","dinner","travelling","freezing","grocery",1,0,0,"night"
18,163,47,116,"weekday","lunch","travelling","cold","restaurant",0,0,0,"midday"
18,166,50,116,"weekday","breakfast","travelling","warm","restaurant",0,0,0,"morning"
18,168,52,116,"weekday","morning","travelling","freezing","grocery",0,0,0,"morning"
18,169,53,116,"weekday","beforelunch","travelling","cold","restaurant",1,0,0,"midday"
18,172,56,116,"weekend","dinner","travelling","warm","grocery",0,0,0,"night"
18,185,69,116,"weekday","afternoon","travelling","cold","restaurant",0,1,0,"midday"
18,188,72,116,"weekday","dinner","travelling","cold","restaurant",1,1,0,"night"
18,192,76,116,"weekend","breakfast","unknown","cold","grocery",0,1,0,"morning"
18,193,77,116,"weekend","lunch","travelling","hot","restaurant",0,1,0,"midday"
18,195,79,116,"weekday","afternoon","travelling","cold","restaurant",0,1,0,"midday"
18,197,81,116,"weekday","afternoon","travelling","warm","grocery",0,1,0,"midday"
18,201,85,116,"weekend","breakfast","travelling","cold","restaurant",0,1,0,"morning"
18,206,90,116,"weekday","earlymorning","working","cold","grocery",1,1,0,"morning"
18,210,94,116,"weekday","beforelunch","shopping","cold","restaurant",1,1,0,"midday"
18,214,98,116,"weekday","afternoon","travelling","warm","grocery",1,1,0,"midday"
18,221,105,116,"weekday","beforelunch","travelling","unknown","grocery",0,1,0,"midday"
18,227,111,116,"weekend","beforelunch","travelling","cold","grocery",1,1,0,"midday"
18,228,112,116,"weekday","afternoon","working","cold","restaurant",0,1,0,"midday"
18,231,115,116,"weekday","beforelunch","travelling","cold","restaurant",0,1,1,"midday"
18,240,124,116,"weekday","lunch","working","cold","grocery",0,1,1,"midday"
18,241,125,116,"weekend","evening","unknown","unknown","grocery",0,1,1,"night"
18,242,126,116,"weekday","dinner","travelling","hot","restaurant",0,1,1,"night"
18,243,127,116,"weekday","beforelunch","travelling","unknown","restaurant",0,1,1,"midday"
18,250,134,116,"weekday","breakfast","travelling","hot","grocery",0,1,1,"morning"
18,251,135,116,"weekend","afternoon","travelling","unknown","grocery",1,1,1,"midday"
18,253,137,116,"weekday","beforelunch","travelling","cold","restaurant",0,1,1,"midday"
18,259,143,116,"weekday","lunch","unknown","cold","restaurant",0,1,1,"midday"
18,262,146,116,"weekday","afternoon","unknown","cold","grocery",0,1,1,"midday"
18,266,150,116,"weekday","lunch","travelling","warm","grocery",0,1,1,"midday"
18,273,157,116,"weekday","beforelunch","shopping","warm","grocery",1,1,1,"midday"
18,278,162,116,"weekday","breakfast","travelling","cold","restaurant",0,1,1,"morning"
18,282,166,116,"weekday","lunch","travelling","hot","grocery",0,1,1,"midday"
18,284,168,116,"weekday","beforelunch","travelling","cold","grocery",0,1,1,"midday"
18,285,169,116,"weekend","dinner","travelling","cold","grocery",0,1,1,"night"
18,288,172,116,"weekend","afternoon","travelling","cold","restaurant",0,1,1,"midday"
18,291,175,116,"unknown","lunch","leisure","warm","restaurant",0,1,1,"midday"
18,293,177,116,"weekday","lunch","leisure","freezing","restaurant",0,1,1,"midday"
18,295,179,116,"weekend","breakfast","travelling","cold","restaurant",0,1,1,"morning"
18,297,181,116,"weekday","morning","shopping","cold","restaurant",0,1,1,"morning"
19,180,60,120,"weekday","afternoon","travelling","hot","restaurant",0,1,0,"midday"
19,270,150,120,"weekday","beforelunch","leisure","freezing","restaurant",0,1,1,"midday"
19,288,168,120,"weekday","morning","unknown","hot","restaurant",1,1,1,"morning"
20,125,0,125,"weekday","lunch","travelling","cold","grocery",0,0,0,"midday"
20,127,2,125,"weekday","morning","travelling","warm","grocery",0,0,0,"morning"
20,129,4,125,"weekday","beforelunch","travelling","cold","restaurant",0,0,0,"midday"
20,130,5,125,"weekend","afternoon","leisure","cold","grocery",1,0,0,"midday"
20,131,6,125,"weekday","afternoon","travelling","cold","restaurant",0,0,0,"midday"
20,132,7,125,"weekday","lunch","travelling","freezing","grocery",0,0,0,"midday"
20,133,8,125,"weekday","lunch","shopping","freezing","grocery",0,0,0,"midday"
20,135,10,125,"weekend","lunch","unknown","unknown","grocery",0,0,0,"midday"
20,140,15,125,"weekend","morning","travelling","cold","grocery",0,0,0,"morning"
20,141,16,125,"weekday","beforelunch","working","cold","grocery",0,0,0,"midday"
20,143,18,125,"weekend","dinner","travelling","hot","restaurant",1,0,0,"night"
20,144,19,125,"weekday","lunch","travelling","cold","restaurant",0,0,0,"midday"
20,145,20,125,"weekday","afternoon","travelling","unknown","grocery",1,0,0,"midday"
20,146,21,125,"weekday","lunch","unknown","freezing","grocery",1,0,0,"midday"
20,148,23,125,"weekday","unknown","travelling","freezing","restaurant",0,0,0,"unknown"
20,149,24,125,"weekday","lunch","travelling","hot","grocery",0,0,0,"midday"
20,150,25,125,"weekend","afternoon","travelling","warm","grocery",0,0,0,"midday"
20,151,26,125,"weekday","morning","travelling","warm","grocery",0,0,0,"morning"
20,152,27,125,"weekend","morning","unknown","freezing","grocery",0,0,0,"morning"
20,153,28,125,"weekday","breakfast","travelling","warm","grocery",0,0,0,"morning"
20,154,29,125,"weekday","afternoon","travelling","cold","restaurant",0,0,0,"midday"
20,155,30,125,"weekday","morning","travelling","unknown","restaurant",1,0,0,"morning"
20,156,31,125,"weekday","afternoon","travelling","cold","restaurant",0,0,0,"midday"
20,162,37,125,"weekday","evening","travelling","unknown","grocery",0,0,0,"night"
20,163,38,125,"weekend","beforelunch","working","cold","grocery",0,0,0,"midday"
20,165,40,125,"weekday","breakfast","leisure","warm","restaurant",0,0,0,"morning"
20,167,42,125,"weekend","beforelunch","travelling","freezing","restaurant",1,0,0,"midday"
20,169,44,125,"weekday","lunch","shopping","unknown","grocery",0,0,0,"midday"
20,170,45,125,"weekend","lunch","morningrituals","unknown","grocery",0,0,0,"midday"
20,171,46,125,"weekday","afternoon","leisure","unknown","restaurant",1,0,0,"midday"
20,172,47,125,"weekday","breakfast","travelling","hot","grocery",0,0,0,"morning"
20,173,48,125,"weekend","afternoon","travelling","freezing","restaurant",0,0,0,"midday"
20,176,51,125,"weekday","beforelunch","travelling","freezing","grocery",0,0,0,"midday"
20,178,53,125,"weekday","earlymorning","travelling","unknown","restaurant",0,0,0,"morning"
20,179,54,125,"weekday","afternoon","shopping","freezing","restaurant",0,0,0,"midday"
20,180,55,125,"weekday","lunch","unknown","warm","restaurant",0,0,0,"midday"
20,181,56,125,"weekday","morning","travelling","freezing","grocery",1,0,0,"morning"
20,183,58,125,"weekday","breakfast","unknown","cold","grocery",1,1,0,"morning"
20,184,59,125,"weekend","lunch","unknown","freezing","grocery",0,1,0,"midday"
20,185,60,125,"weekday","night","unknown","hot","restaurant",1,1,0,"night"
20,186,61,125,"weekend","lunch","working","unknown","grocery",0,1,0,"midday"
20,188,63,125,"weekday","beforelunch","working","freezing","grocery",0,1,0,"midday"
20,189,64,125,"weekday","breakfast","unknown","cold","grocery",1,1,0,"morning"
20,192,67,125,"weekday","beforelunch","travelling","cold","restaurant",0,1,0,"midday"
20,195,70,125,"weekday","lunch","unknown","hot","restaurant",1,1,0,"midday"
20,196,71,125,"weekday","beforelunch","unknown","unknown","grocery",0,1,0,"midday"
20,197,72,125,"weekday","night","working","cold","restaurant",0,1,0,"night"
20,198,73,125,"weekday","morning","travelling","warm","restaurant",0,1,0,"morning"
20,199,74,125,"weekday","dinner","unknown","freezing","grocery",0,1,0,"night"
20,201,76,125,"weekday","afternoon","travelling","unknown","grocery",1,1,0,"midday"
20,202,77,125,"weekday","beforelunch","leisure","cold","grocery",1,1,0,"midday"
20,204,79,125,"weekday","afternoon","travelling","cold","grocery",0,1,0,"midday"
20,205,80,125,"weekday","afternoon","travelling","warm","restaurant",1,1,0,"midday"
20,208,83,125,"weekday","afternoon","travelling","cold","restaurant",0,1,0,"midday"
20,209,84,125,"weekday","beforelunch","unknown","cold","grocery",0,1,0,"midday"
20,210,85,125,"weekday","breakfast","shopping","cold","restaurant",0,1,0,"morning"
20,211,86,125,"weekday","lunch","travelling","warm","restaurant",1,1,0,"midday"
20,213,88,125,"weekend","beforelunch","travelling","cold","grocery",0,1,0,"midday"
20,215,90,125,"weekday","breakfast","travelling","warm","grocery",1,1,0,"morning"
20,216,91,125,"weekday","morning","housework","cold","grocery",0,1,0,"morning"
20,218,93,125,"weekend","beforelunch","travelling","cold","grocery",0,1,0,"midday"
20,219,94,125,"weekday","beforelunch","travelling","warm","restaurant",0,1,0,"midday"
20,220,95,125,"weekday","earlymorning","travelling","cold","restaurant",0,1,0,"morning"
20,222,97,125,"weekday","beforelunch","travelling","unknown","grocery",1,1,0,"midday"
20,224,99,125,"weekday","afternoon","travelling","unknown","grocery",0,1,0,"midday"
20,226,101,125,"weekday","beforelunch","travelling","cold","restaurant",0,1,0,"midday"
20,227,102,125,"weekday","afternoon","working","cold","grocery",0,1,0,"midday"
20,228,103,125,"weekend","morning","unknown","cold","grocery",1,1,0,"morning"
20,229,104,125,"weekend","morning","travelling","warm","grocery",0,1,0,"morning"
20,231,106,125,"weekday","breakfast","shopping","unknown","restaurant",1,1,0,"morning"
20,232,107,125,"weekday","night","leisure","freezing","grocery",1,1,0,"night"
20,233,108,125,"weekday","breakfast","travelling","cold","grocery",0,1,0,"morning"
20,234,109,125,"weekday","evening","leisure","freezing","restaurant",0,1,0,"night"
20,235,110,125,"weekday","afternoon","travelling","freezing","restaurant",1,1,0,"midday"
20,238,113,125,"weekend","lunch","travelling","freezing","grocery",0,1,1,"midday"
20,239,114,125,"weekday","afternoon","travelling","freezing","restaurant",0,1,1,"midday"
20,240,115,125,"weekday","breakfast","working","freezing","grocery",1,1,1,"morning"
20,241,116,125,"weekend","afternoon","unknown","unknown","grocery",0,1,1,"midday"
20,244,119,125,"weekend","beforelunch","travelling","unknown","grocery",0,1,1,"midday"
20,245,120,125,"weekend","lunch","shopping","freezing","restaurant",1,1,1,"midday"
20,246,121,125,"weekday","lunch","travelling","freezing","restaurant",0,1,1,"midday"
20,248,123,125,"weekday","morning","leisure","freezing","restaurant",1,1,1,"morning"
20,249,124,125,"weekend","dinner","travelling","unknown","restaurant",0,1,1,"night"
20,250,125,125,"weekday","unknown","leisure","cold","restaurant",1,1,1,"unknown"
20,251,126,125,"weekday","lunch","unknown","freezing","grocery",0,1,1,"midday"
20,253,128,125,"weekday","morning","travelling","unknown","restaurant",1,1,1,"morning"
20,255,130,125,"weekday","breakfast","leisure","hot","grocery",0,1,1,"morning"
20,257,132,125,"weekday","afternoon","travelling","cold","grocery",0,1,1,"midday"
20,259,134,125,"weekday","beforelunch","travelling","freezing","restaurant",0,1,1,"midday"
20,260,135,125,"weekday","breakfast","travelling","cold","restaurant",0,1,1,"morning"
20,262,137,125,"weekday","breakfast","travelling","cold","grocery",0,1,1,"morning"
20,264,139,125,"weekday","beforelunch","working","warm","restaurant",0,1,1,"midday"
20,265,140,125,"weekend","afternoon","unknown","unknown","grocery",1,1,1,"midday"
20,266,141,125,"weekday","lunch","travelling","freezing","restaurant",1,1,1,"midday"
20,267,142,125,"weekday","breakfast","shopping","cold","grocery",1,1,1,"morning"
20,268,143,125,"weekday","lunch","travelling","unknown","restaurant",0,1,1,"midday"
20,269,144,125,"weekday","lunch","travelling","hot","grocery",1,1,1,"midday"
20,270,145,125,"weekend","breakfast","travelling","unknown","restaurant",0,1,1,"morning"
20,271,146,125,"weekend","breakfast","travelling","freezing","restaurant",0,1,1,"morning"
20,272,147,125,"weekend","night","travelling","freezing","restaurant",1,1,1,"night"
20,274,149,125,"weekday","lunch","morningrituals","warm","restaurant",0,1,1,"midday"
20,275,150,125,"weekend","beforelunch","travelling","cold","restaurant",0,1,1,"midday"
20,276,151,125,"weekday","afternoon","travelling","freezing","restaurant",0,1,1,"midday"
20,277,152,125,"weekday","afternoon","working","warm","grocery",0,1,1,"midday"
20,278,153,125,"weekday","lunch","travelling","warm","restaurant",1,1,1,"midday"
20,279,154,125,"weekday","beforelunch","travelling","cold","grocery",0,1,1,"midday"
20,280,155,125,"weekend","beforelunch","travelling","unknown","restaurant",0,1,1,"midday"
20,282,157,125,"weekend","afternoon","travelling","warm","grocery",0,1,1,"midday"
20,283,158,125,"weekday","lunch","travelling","warm","grocery",0,1,1,"midday"
20,284,159,125,"weekday","lunch","travelling","warm","grocery",0,1,1,"midday"
20,286,161,125,"weekend","beforelunch","travelling","freezing","grocery",0,1,1,"midday"
20,287,162,125,"weekday","lunch","travelling","hot","grocery",1,1,1,"midday"
20,288,163,125,"weekday","afternoon","travelling","cold","restaurant",0,1,1,"midday"
20,289,164,125,"weekday","lunch","unknown","warm","grocery",0,1,1,"midday"
20,292,167,125,"weekday","lunch","unknown","cold","grocery",0,1,1,"midday"
20,293,168,125,"weekday","lunch","travelling","hot","grocery",0,1,1,"midday"
20,294,169,125,"weekday","afternoon","working","unknown","restaurant",1,1,1,"midday"
20,295,170,125,"weekend","lunch","travelling","freezing","grocery",0,1,1,"midday"
20,297,172,125,"weekday","afternoon","unknown","cold","restaurant",0,1,1,"midday"
20,298,173,125,"weekday","beforelunch","travelling","freezing","restaurant",1,1,1,"midday"
20,302,177,125,"weekday","beforelunch","working","cold","grocery",0,1,1,"midday"
20,303,178,125,"weekday","afternoon","travelling","cold","restaurant",0,1,1,"midday"
20,304,179,125,"weekday","beforelunch","travelling","warm","restaurant",0,1,1,"midday"
20,305,180,125,"weekday","dinner","shopping","freezing","restaurant",0,1,1,"night"
20,306,181,125,"weekday","morning","travelling","hot","restaurant",0,1,1,"morning"
20,307,182,125,"weekend","breakfast","travelling","cold","restaurant",0,1,1,"morning"
21,137,4,133,"weekday","beforelunch","travelling","unknown","grocery",1,0,0,"midday"
21,138,5,133,"weekday","breakfast","shopping","cold","restaurant",1,0,0,"morning"
21,140,7,133,"weekday","afternoon","travelling","freezing","restaurant",1,0,0,"midday"
21,141,8,133,"weekend","night","unknown","warm","restaurant",0,0,0,"night"
21,142,9,133,"weekend","lunch","travelling","hot","grocery",0,0,0,"midday"
21,143,10,133,"weekend","afternoon","leisure","cold","grocery",0,0,0,"midday"
21,148,15,133,"weekday","afternoon","travelling","unknown","restaurant",1,0,0,"midday"
21,151,18,133,"weekday","morning","travelling","freezing","restaurant",0,0,0,"morning"
21,152,19,133,"weekday","night","shopping","freezing","grocery",0,0,0,"night"
21,153,20,133,"weekday","afternoon","travelling","freezing","grocery",0,0,0,"midday"
21,154,21,133,"weekday","morning","unknown","warm","grocery",1,0,0,"morning"
21,155,22,133,"weekday","beforelunch","unknown","cold","restaurant",0,0,0,"midday"
21,156,23,133,"weekday","lunch","working","warm","grocery",1,0,0,"midday"
21,157,24,133,"weekday","afternoon","travelling","cold","restaurant",0,0,0,"midday"
21,158,25,133,"weekday","morning","travelling","warm","grocery",0,0,0,"morning"
21,160,27,133,"weekend","afternoon","travelling","unknown","restaurant",1,0,0,"midday"
21,161,28,133,"weekday","breakfast","leisure","unknown","restaurant",1,0,0,"morning"
21,163,30,133,"weekday","breakfast","travelling","cold","grocery",0,0,0,"morning"
21,164,31,133,"weekday","afternoon","travelling","cold","grocery",0,0,0,"midday"
21,166,33,133,"weekday","afternoon","travelling","cold","restaurant",0,0,0,"midday"
21,168,35,133,"weekday","breakfast","leisure","freezing","grocery",0,0,0,"morning"
21,170,37,133,"weekday","lunch","travelling","freezing","restaurant",0,0,0,"midday"
21,171,38,133,"weekday","breakfast","travelling","cold","grocery",1,0,0,"morning"
21,174,41,133,"weekday","afternoon","travelling","unknown","restaurant",0,0,0,"midday"
21,175,42,133,"weekday","afternoon","unknown","hot","restaurant",1,0,0,"midday"
21,176,43,133,"weekend","lunch","leisure","warm","grocery",0,0,0,"midday"
21,182,49,133,"weekday","breakfast","travelling","hot","grocery",0,0,0,"morning"
21,184,51,133,"weekend","afternoon","travelling","cold","restaurant",1,0,0,"midday"
21,187,54,133,"weekday","beforelunch","shopping","freezing","restaurant",0,0,0,"midday"
21,190,57,133,"weekend","dinner","shopping","cold","grocery",0,1,0,"night"
21,191,58,133,"weekday","afternoon","leisure","freezing","grocery",0,1,0,"midday"
21,192,59,133,"weekday","afternoon","travelling","freezing","grocery",1,1,0,"midday"
21,194,61,133,"weekday","afternoon","travelling","freezing","grocery",0,1,0,"midday"
21,196,63,133,"weekday","dinner","travelling","unknown","grocery",0,1,0,"night"
21,197,64,133,"weekday","morning","unknown","warm","restaurant",0,1,0,"morning"
21,198,65,133,"weekday","beforelunch","leisure","cold","grocery",1,1,0,"midday"
21,199,66,133,"weekday","morning","unknown","freezing","grocery",0,1,0,"morning"
21,200,67,133,"weekend","afternoon","working","unknown","restaurant",0,1,0,"midday"
21,201,68,133,"weekday","beforelunch","travelling","warm","grocery",1,1,0,"midday"
21,202,69,133,"weekday","beforelunch","leisure","unknown","grocery",0,1,0,"midday"
21,203,70,133,"weekday","beforelunch","working","unknown","grocery",0,1,0,"midday"
21,204,71,133,"weekday","night","travelling","freezing","restaurant",1,1,0,"night"
21,205,72,133,"weekday","afternoon","shopping","freezing","restaurant",0,1,0,"midday"
21,207,74,133,"weekend","lunch","working","cold","grocery",1,1,0,"midday"
21,208,75,133,"weekday","afternoon","morningrituals","cold","grocery",1,1,0,"midday"
21,212,79,133,"weekday","lunch","leisure","cold","restaurant",0,1,0,"midday"
21,214,81,133,"weekday","lunch","leisure","warm","grocery",1,1,0,"midday"
21,215,82,133,"weekday","beforelunch","travelling","cold","grocery",1,1,0,"midday"
21,216,83,133,"weekday","breakfast","travelling","cold","grocery",1,1,0,"morning"
21,218,85,133,"weekday","morning","travelling","cold","restaurant",0,1,0,"morning"
21,220,87,133,"weekend","breakfast","working","unknown","grocery",0,1,0,"morning"
21,223,90,133,"weekend","lunch","unknown","warm","restaurant",0,1,0,"midday"
21,224,91,133,"weekday","lunch","unknown","hot","restaurant",1,1,0,"midday"
21,226,93,133,"weekday","beforelunch","unknown","cold","grocery",0,1,0,"midday"
21,228,95,133,"weekday","lunch","travelling","freezing","grocery",0,1,0,"midday"
21,229,96,133,"weekday","lunch","travelling","cold","restaurant",1,1,0,"midday"
21,230,97,133,"weekday","beforelunch","travelling","warm","restaurant",0,1,0,"midday"
21,232,99,133,"weekday","breakfast","travelling","warm","restaurant",0,1,0,"morning"
21,237,104,133,"weekday","beforelunch","working","unknown","grocery",1,1,0,"midday"
21,238,105,133,"weekend","afternoon","travelling","unknown","restaurant",1,1,0,"midday"
21,243,110,133,"weekday","afternoon","unknown","cold","grocery",0,1,0,"midday"
21,246,113,133,"weekday","lunch","unknown","warm","restaurant",0,1,1,"midday"
21,248,115,133,"weekend","unknown","travelling","cold","grocery",1,1,1,"unknown"
21,250,117,133,"weekend","afternoon","working","warm","restaurant",0,1,1,"midday"
21,252,119,133,"weekend","afternoon","travelling","freezing","restaurant",1,1,1,"midday"
21,254,121,133,"weekday","breakfast","working","cold","grocery",0,1,1,"morning"
21,255,122,133,"unknown","beforelunch","travelling","unknown","restaurant",0,1,1,"midday"
21,256,123,133,"weekend","lunch","shopping","warm","grocery",0,1,1,"midday"
21,257,124,133,"weekday","evening","travelling","freezing","restaurant",1,1,1,"night"
21,258,125,133,"weekday","lunch","travelling","warm","grocery",0,1,1,"midday"
21,259,126,133,"weekday","breakfast","travelling","hot","restaurant",0,1,1,"morning"
21,261,128,133,"weekend","afternoon","leisure","hot","grocery",0,1,1,"midday"
21,263,130,133,"weekday","afternoon","unknown","freezing","restaurant",0,1,1,"midday"
21,264,131,133,"weekday","breakfast","working","unknown","restaurant",1,1,1,"morning"
21,265,132,133,"weekday","breakfast","working","unknown","grocery",0,1,1,"morning"
21,267,134,133,"weekday","lunch","unknown","cold","grocery",1,1,1,"midday"
21,269,136,133,"weekend","afternoon","travelling","warm","grocery",0,1,1,"midday"
21,270,137,133,"weekend","morning","travelling","warm","grocery",0,1,1,"morning"
21,271,138,133,"weekday","afternoon","travelling","cold","restaurant",0,1,1,"midday"
21,272,139,133,"weekday","lunch","leisure","hot","restaurant",1,1,1,"midday"
21,275,142,133,"weekend","lunch","shopping","freezing","grocery",0,1,1,"midday"
21,278,145,133,"weekday","lunch","working","cold","grocery",0,1,1,"midday"
21,279,146,133,"weekday","afternoon","leisure","cold","grocery",1,1,1,"midday"
21,280,147,133,"weekday","afternoon","travelling","cold","restaurant",1,1,1,"midday"
21,283,150,133,"weekday","afternoon","travelling","freezing","restaurant",0,1,1,"midday"
21,284,151,133,"weekend","dinner","travelling","hot","grocery",1,1,1,"night"
21,285,152,133,"weekday","morning","morningrituals","cold","grocery",0,1,1,"morning"
21,286,153,133,"weekend","breakfast","leisure","cold","grocery",0,1,1,"morning"
21,288,155,133,"weekday","breakfast","travelling","unknown","grocery",0,1,1,"morning"
21,289,156,133,"weekend","morning","travelling","cold","grocery",0,1,1,"morning"
21,290,157,133,"weekend","breakfast","working","freezing","grocery",0,1,1,"morning"
21,291,158,133,"weekday","morning","unknown","warm","grocery",0,1,1,"morning"
21,294,161,133,"weekday","lunch","shopping","unknown","grocery",0,1,1,"midday"
21,295,162,133,"weekday","breakfast","leisure","warm","restaurant",0,1,1,"morning"
21,296,163,133,"weekend","evening","unknown","unknown","restaurant",0,1,1,"night"
21,297,164,133,"unknown","lunch","travelling","warm","restaurant",0,1,1,"midday"
21,298,165,133,"weekday","lunch","travelling","cold","grocery",1,1,1,"midday"
21,299,166,133,"weekday","breakfast","travelling","unknown","restaurant",0,1,1,"morning"
21,302,169,133,"weekday","beforelunch","travelling","hot","restaurant",0,1,1,"midday"
21,304,171,133,"weekday","afternoon","travelling","freezing","grocery",0,1,1,"midday"
21,305,172,133,"weekday","lunch","unknown","unknown","grocery",0,1,1,"midday"
21,306,173,133,"weekend","lunch","leisure","cold","restaurant",0,1,1,"midday"
21,307,174,133,"weekend","beforelunch","unknown","hot","restaurant",0,1,1,"midday"
21,308,175,133,"weekend","morning","travelling","warm","grocery",0,1,1,"morning"
21,309,176,133,"weekend","afternoon","unknown","unknown","grocery",0,1,1,"midday"
21,311,178,133,"weekend","beforelunch","shopping","unknown","restaurant",0,1,1,"midday"
21,315,182,133,"weekday","beforelunch","workingout","warm","restaurant",1,1,1,"midday"
22,141,4,137,"weekday","lunch","travelling","unknown","restaurant",1,0,0,"midday"
22,151,14,137,"weekday","dinner","travelling","unknown","grocery",0,0,0,"night"
22,152,15,137,"weekend","beforelunch","travelling","unknown","grocery",1,0,0,"midday"
22,157,20,137,"weekend","unknown","travelling","freezing","restaurant",1,0,0,"unknown"
22,162,25,137,"weekday","morning","travelling","unknown","restaurant",1,0,0,"morning"
22,163,26,137,"weekday","afternoon","morningrituals","unknown","grocery",0,0,0,"midday"
22,168,31,137,"weekday","afternoon","travelling","hot","grocery",1,0,0,"midday"
22,172,35,137,"weekday","breakfast","travelling","hot","grocery",1,0,0,"morning"
22,178,41,137,"weekday","afternoon","leisure","freezing","restaurant",0,0,0,"midday"
22,182,45,137,"weekday","lunch","travelling","warm","restaurant",0,0,0,"midday"
22,183,46,137,"weekday","unknown","unknown","cold","restaurant",1,0,0,"unknown"
22,185,48,137,"weekday","morning","travelling","cold","restaurant",0,0,0,"morning"
22,193,56,137,"weekday","night","travelling","warm","restaurant",0,0,0,"night"
22,206,69,137,"weekday","afternoon","unknown","warm","grocery",0,1,0,"midday"
22,208,71,137,"weekday","lunch","unknown","cold","grocery",0,1,0,"midday"
22,214,77,137,"weekday","afternoon","travelling","warm","grocery",0,1,0,"midday"
22,218,81,137,"weekend","breakfast","travelling","freezing","restaurant",0,1,0,"morning"
22,220,83,137,"weekend","lunch","travelling","freezing","grocery",0,1,0,"midday"
22,222,85,137,"weekday","afternoon","unknown","unknown","grocery",0,1,0,"midday"
22,223,86,137,"weekday","breakfast","travelling","freezing","restaurant",0,1,0,"morning"
22,228,91,137,"weekend","morning","travelling","freezing","restaurant",0,1,0,"morning"
22,231,94,137,"weekday","afternoon","shopping","unknown","restaurant",0,1,0,"midday"
22,241,104,137,"weekday","afternoon","shopping","unknown","grocery",0,1,0,"midday"
22,244,107,137,"weekday","afternoon","unknown","warm","grocery",0,1,0,"midday"
22,246,109,137,"weekday","lunch","working","freezing","grocery",0,1,0,"midday"
22,249,112,137,"weekday","lunch","unknown","unknown","restaurant",1,1,0,"midday"
22,253,116,137,"weekday","afternoon","working","freezing","grocery",0,1,1,"midday"
22,254,117,137,"weekday","afternoon","working","cold","grocery",0,1,1,"midday"
22,255,118,137,"weekend","lunch","unknown","warm","restaurant",0,1,1,"midday"
22,257,120,137,"unknown","lunch","morningrituals","warm","restaurant",1,1,1,"midday"
22,258,121,137,"weekday","afternoon","travelling","warm","grocery",1,1,1,"midday"
22,260,123,137,"weekend","lunch","unknown","cold","grocery",0,1,1,"midday"
22,271,134,137,"weekend","beforelunch","travelling","cold","restaurant",0,1,1,"midday"
22,273,136,137,"weekend","beforelunch","unknown","warm","restaurant",0,1,1,"midday"
22,274,137,137,"weekday","afternoon","travelling","unknown","restaurant",0,1,1,"midday"
22,275,138,137,"weekday","afternoon","shopping","unknown","restaurant",0,1,1,"midday"
22,284,147,137,"weekend","lunch","travelling","unknown","grocery",0,1,1,"midday"
22,291,154,137,"weekday","morning","travelling","unknown","grocery",1,1,1,"morning"
22,292,155,137,"weekday","beforelunch","unknown","cold","grocery",0,1,1,"midday"
22,293,156,137,"weekday","lunch","unknown","freezing","grocery",0,1,1,"midday"
22,295,158,137,"weekday","afternoon","travelling","cold","grocery",0,1,1,"midday"
22,301,164,137,"weekend","afternoon","unknown","unknown","restaurant",0,1,1,"midday"
22,310,173,137,"weekend","lunch","unknown","hot","grocery",1,1,1,"midday"
22,312,175,137,"weekday","afternoon","working","unknown","grocery",1,1,1,"midday"
22,317,180,137,"weekday","afternoon","working","hot","grocery",1,1,1,"midday"
22,318,181,137,"weekday","lunch","travelling","warm","grocery",1,1,1,"midday"
23,146,1,145,"weekday","afternoon","travelling","freezing","restaurant",0,0,0,"midday"
23,147,2,145,"weekend","beforelunch","travelling","unknown","restaurant",0,0,0,"midday"
23,157,12,145,"weekday","dinner","travelling","unknown","restaurant",0,0,0,"night"
23,159,14,145,"weekday","breakfast","unknown","cold","grocery",0,0,0,"morning"
23,161,16,145,"unknown","lunch","working","cold","grocery",1,0,0,"midday"
23,165,20,145,"weekday","breakfast","travelling","freezing","grocery",0,0,0,"morning"
23,183,38,145,"weekend","morning","shopping","hot","grocery",0,0,0,"morning"
23,194,49,145,"weekday","morning","travelling","warm","restaurant",0,0,0,"morning"
23,197,52,145,"weekday","lunch","working","hot","grocery",1,0,0,"midday"
23,209,64,145,"weekend","breakfast","travelling","freezing","restaurant",0,1,0,"morning"
23,212,67,145,"weekday","afternoon","travelling","unknown","grocery",0,1,0,"midday"
23,213,68,145,"weekend","morning","travelling","freezing","grocery",0,1,0,"morning"
23,219,74,145,"weekday","afternoon","travelling","unknown","restaurant",1,1,0,"midday"
23,220,75,145,"weekday","lunch","unknown","cold","restaurant",0,1,0,"midday"
23,223,78,145,"weekday","breakfast","unknown","unknown","restaurant",0,1,0,"morning"
23,229,84,145,"weekday","lunch","travelling","unknown","restaurant",0,1,0,"midday"
23,235,90,145,"weekday","afternoon","travelling","unknown","grocery",0,1,0,"midday"
23,236,91,145,"weekday","lunch","travelling","cold","grocery",0,1,0,"midday"
23,240,95,145,"weekday","unknown","unknown","unknown","grocery",0,1,0,"unknown"
23,255,110,145,"weekend","morning","travelling","cold","grocery",0,1,0,"morning"
23,260,115,145,"weekend","morning","working","freezing","restaurant",0,1,1,"morning"
23,269,124,145,"weekday","lunch","unknown","unknown","grocery",1,1,1,"midday"
23,275,130,145,"weekend","lunch","shopping","cold","grocery",1,1,1,"midday"
23,298,153,145,"weekday","beforelunch","shopping","freezing","restaurant",1,1,1,"midday"
23,314,169,145,"weekday","lunch","shopping","unknown","grocery",0,1,1,"midday"
23,320,175,145,"weekday","lunch","travelling","freezing","grocery",0,1,1,"midday"
23,323,178,145,"weekend","breakfast","leisure","unknown","grocery",0,1,1,"morning"
24,149,1,148,"weekday","beforelunch","travelling","unknown","grocery",0,0,0,"midday"
24,152,4,148,"weekday","lunch","unknown","cold","restaurant",0,0,0,"midday"
24,155,7,148,"weekend","breakfast","working","cold","grocery",0,0,0,"morning"
24,160,12,148,"weekday","lunch","travelling","warm","restaurant",1,0,0,"midday"
24,161,13,148,"weekday","lunch","travelling","hot","grocery",0,0,0,"midday"
24,171,23,148,"weekend","beforelunch","unknown","cold","grocery",0,0,0,"midday"
24,172,24,148,"weekend","afternoon","travelling","cold","restaurant",0,0,0,"midday"
24,175,27,148,"weekend","beforelunch","travelling","freezing","grocery",0,0,0,"midday"
24,181,33,148,"weekday","lunch","travelling","cold","restaurant",1,0,0,"midday"
24,186,38,148,"weekend","beforelunch","travelling","unknown","grocery",0,0,0,"midday"
24,191,43,148,"weekday","unknown","working","cold","restaurant",0,0,0,"unknown"
24,192,44,148,"weekend","lunch","travelling","unknown","restaurant",0,0,0,"midday"
24,214,66,148,"weekday","breakfast","unknown","cold","restaurant",0,1,0,"morning"
24,224,76,148,"weekday","earlymorning","travelling","cold","restaurant",0,1,0,"morning"
24,225,77,148,"weekday","lunch","travelling","warm","grocery",1,1,0,"midday"
24,228,80,148,"weekday","unknown","shopping","warm","grocery",0,1,0,"unknown"
24,229,81,148,"weekday","beforelunch","unknown","warm","restaurant",0,1,0,"midday"
24,234,86,148,"weekend","lunch","leisure","unknown","grocery",0,1,0,"midday"
24,236,88,148,"weekday","lunch","travelling","freezing","restaurant",1,1,0,"midday"
24,238,90,148,"weekday","lunch","unknown","freezing","grocery",0,1,0,"midday"
24,239,91,148,"weekday","lunch","working","freezing","restaurant",0,1,0,"midday"
24,241,93,148,"weekday","beforelunch","travelling","unknown","grocery",1,1,0,"midday"
24,243,95,148,"weekend","afternoon","unknown","unknown","restaurant",0,1,0,"midday"
24,245,97,148,"weekday","afternoon","travelling","cold","restaurant",0,1,0,"midday"
24,250,102,148,"weekday","breakfast","shopping","unknown","restaurant",0,1,0,"morning"
24,256,108,148,"weekend","afternoon","travelling","warm","grocery",1,1,0,"midday"
24,257,109,148,"weekday","afternoon","travelling","cold","restaurant",0,1,0,"midday"
24,258,110,148,"weekend","beforelunch","travelling","unknown","grocery",1,1,0,"midday"
24,260,112,148,"weekday","afternoon","unknown","freezing","grocery",0,1,0,"midday"
24,261,113,148,"weekend","lunch","working","freezing","restaurant",0,1,1,"midday"
24,262,114,148,"weekday","afternoon","leisure","cold","restaurant",0,1,1,"midday"
24,263,115,148,"weekend","morning","travelling","unknown","grocery",0,1,1,"morning"
24,264,116,148,"weekday","evening","travelling","cold","grocery",1,1,1,"night"
24,265,117,148,"weekday","afternoon","travelling","cold","restaurant",1,1,1,"midday"
24,268,120,148,"weekday","unknown","shopping","unknown","grocery",0,1,1,"unknown"
24,270,122,148,"weekday","lunch","unknown","cold","grocery",0,1,1,"midday"
24,272,124,148,"weekday","lunch","unknown","freezing","grocery",0,1,1,"midday"
24,275,127,148,"weekend","beforelunch","travelling","warm","restaurant",0,1,1,"midday"
24,276,128,148,"weekend","afternoon","travelling","cold","grocery",1,1,1,"midday"
24,282,134,148,"weekend","afternoon","working","freezing","grocery",0,1,1,"midday"
24,285,137,148,"weekend","dinner","travelling","unknown","restaurant",0,1,1,"night"
24,296,148,148,"weekend","beforelunch","working","cold","grocery",1,1,1,"midday"
24,307,159,148,"weekday","beforelunch","shopping","unknown","grocery",0,1,1,"midday"
24,312,164,148,"weekday","lunch","unknown","freezing","restaurant",1,1,1,"midday"
24,313,165,148,"weekday","lunch","shopping","freezing","grocery",0,1,1,"midday"
24,314,166,148,"weekday","lunch","travelling","cold","restaurant",0,1,1,"midday"
24,316,168,148,"weekday","lunch","shopping","unknown","restaurant",1,1,1,"midday"
24,318,170,148,"weekday","lunch","travelling","cold","restaurant",0,1,1,"midday"
24,320,172,148,"weekend","unknown","travelling","warm","grocery",1,1,1,"unknown"
24,323,175,148,"weekday","morning","working","freezing","grocery",0,1,1,"morning"
24,325,177,148,"weekday","breakfast","travelling","cold","grocery",0,1,1,"morning"
24,331,183,148,"unknown","lunch","travelling","cold","grocery",0,1,1,"midday"
25,157,5,152,"weekday","lunch","travelling","unknown","restaurant",0,0,0,"midday"
25,158,6,152,"weekday","afternoon","unknown","cold","grocery",1,0,0,"midday"
25,160,8,152,"weekday","beforelunch","working","cold","restaurant",0,0,0,"midday"
25,166,14,152,"weekday","lunch","travelling","freezing","restaurant",1,0,0,"midday"
25,167,15,152,"weekday","breakfast","travelling","cold","grocery",0,0,0,"morning"
25,171,19,152,"weekend","breakfast","travelling","cold","restaurant",0,0,0,"morning"
25,172,20,152,"weekday","morning","travelling","cold","restaurant",0,0,0,"morning"
25,173,21,152,"weekday","lunch","travelling","cold","grocery",0,0,0,"midday"
25,175,23,152,"weekday","afternoon","leisure","warm","grocery",0,0,0,"midday"
25,179,27,152,"weekday","afternoon","travelling","freezing","grocery",0,0,0,"midday"
25,181,29,152,"weekday","afternoon","travelling","unknown","grocery",0,0,0,"midday"
25,188,36,152,"weekday","unknown","shopping","warm","restaurant",0,0,0,"unknown"
25,193,41,152,"weekday","morning","working","warm","grocery",1,0,0,"morning"
25,196,44,152,"weekday","beforelunch","shopping","cold","grocery",1,0,0,"midday"
25,210,58,152,"weekend","afternoon","leisure","unknown","restaurant",0,1,0,"midday"
25,214,62,152,"weekday","morning","travelling","cold","restaurant",1,1,0,"morning"
25,215,63,152,"weekday","beforelunch","morningrituals","freezing","restaurant",1,1,0,"midday"
25,216,64,152,"weekday","lunch","unknown","warm","grocery",0,1,0,"midday"
25,218,66,152,"weekday","beforelunch","travelling","cold","restaurant",1,1,0,"midday"
25,225,73,152,"weekday","lunch","travelling","cold","restaurant",0,1,0,"midday"
25,227,75,152,"weekend","afternoon","travelling","freezing","grocery",1,1,0,"midday"
25,231,79,152,"weekday","afternoon","leisure","cold","grocery",1,1,0,"midday"
25,234,82,152,"weekday","breakfast","travelling","cold","grocery",1,1,0,"morning"
25,237,85,152,"weekend","lunch","travelling","warm","grocery",0,1,0,"midday"
25,238,86,152,"weekday","night","travelling","cold","grocery",0,1,0,"night"
25,240,88,152,"weekday","lunch","unknown","unknown","grocery",0,1,0,"midday"
25,247,95,152,"weekend","afternoon","travelling","warm","restaurant",0,1,0,"midday"
25,250,98,152,"weekday","lunch","unknown","unknown","restaurant",0,1,0,"midday"
25,251,99,152,"weekday","lunch","travelling","cold","restaurant",1,1,0,"midday"
25,252,100,152,"weekend","breakfast","travelling","unknown","grocery",1,1,0,"morning"
25,255,103,152,"weekend","unknown","travelling","warm","restaurant",0,1,0,"unknown"
25,257,105,152,"weekday","morning","leisure","warm","grocery",0,1,0,"morning"
25,260,108,152,"weekday","lunch","unknown","cold","restaurant",0,1,0,"midday"
25,262,110,152,"weekday","afternoon","travelling","unknown","restaurant",1,1,0,"midday"
25,267,115,152,"weekend","afternoon","leisure","freezing","grocery",0,1,1,"midday"
25,268,116,152,"weekday","morning","leisure","unknown","restaurant",1,1,1,"morning"
25,270,118,152,"weekend","unknown","working","cold","grocery",0,1,1,"unknown"
25,274,122,152,"weekday","afternoon","unknown","unknown","restaurant",0,1,1,"midday"
25,276,124,152,"weekday","afternoon","travelling","hot","restaurant",1,1,1,"midday"
25,279,127,152,"weekday","beforelunch","travelling","cold","restaurant",0,1,1,"midday"
25,281,129,152,"weekday","morning","shopping","freezing","grocery",1,1,1,"morning"
25,287,135,152,"weekday","lunch","working","freezing","restaurant",0,1,1,"midday"
25,290,138,152,"weekday","afternoon","travelling","unknown","grocery",1,1,1,"midday"
25,292,140,152,"weekday","afternoon","travelling","cold","restaurant",1,1,1,"midday"
25,293,141,152,"weekday","afternoon","shopping","unknown","grocery",1,1,1,"midday"
25,295,143,152,"weekday","lunch","travelling","cold","restaurant",1,1,1,"midday"
25,297,145,152,"weekday","lunch","travelling","cold","grocery",0,1,1,"midday"
25,309,157,152,"weekday","lunch","travelling","warm","restaurant",0,1,1,"midday"
25,310,158,152,"weekday","night","leisure","warm","restaurant",0,1,1,"night"
25,315,163,152,"weekend","afternoon","working","cold","restaurant",0,1,1,"midday"
25,317,165,152,"weekday","lunch","travelling","warm","grocery",1,1,1,"midday"
25,318,166,152,"weekday","dinner","travelling","cold","grocery",0,1,1,"night"
25,329,177,152,"weekday","lunch","working","freezing","grocery",0,1,1,"midday"
26,166,1,165,"weekend","lunch","travelling","hot","grocery",0,0,0,"midday"
26,174,9,165,"weekday","lunch","travelling","unknown","restaurant",0,0,0,"midday"
26,178,13,165,"weekend","lunch","travelling","freezing","restaurant",0,0,0,"midday"
26,188,23,165,"weekday","lunch","travelling","warm","restaurant",0,0,0,"midday"
26,190,25,165,"weekday","afternoon","travelling","freezing","grocery",1,0,0,"midday"
26,205,40,165,"weekday","afternoon","working","unknown","restaurant",1,0,0,"midday"
26,215,50,165,"weekend","lunch","shopping","cold","grocery",0,0,0,"midday"
26,217,52,165,"weekend","lunch","leisure","unknown","restaurant",0,0,0,"midday"
26,220,55,165,"weekday","afternoon","travelling","freezing","restaurant",0,0,0,"midday"
26,222,57,165,"weekday","afternoon","travelling","warm","restaurant",1,1,0,"midday"
26,224,59,165,"weekday","earlymorning","travelling","warm","grocery",0,1,0,"morning"
26,227,62,165,"weekend","afternoon","travelling","cold","grocery",0,1,0,"midday"
26,228,63,165,"weekday","afternoon","unknown","cold","grocery",0,1,0,"midday"
26,230,65,165,"weekday","afternoon","leisure","unknown","grocery",1,1,0,"midday"
26,233,68,165,"weekday","lunch","travelling","cold","restaurant",1,1,0,"midday"
26,235,70,165,"weekday","beforelunch","travelling","freezing","restaurant",0,1,0,"midday"
26,236,71,165,"weekday","lunch","leisure","unknown","restaurant",0,1,0,"midday"
26,242,77,165,"weekday","lunch","unknown","cold","grocery",0,1,0,"midday"
26,245,80,165,"weekday","breakfast","shopping","cold","restaurant",1,1,0,"morning"
26,247,82,165,"weekday","afternoon","unknown","cold","grocery",1,1,0,"midday"
26,249,84,165,"weekend","lunch","travelling","freezing","restaurant",0,1,0,"midday"
26,251,86,165,"weekday","dinner","working","cold","restaurant",0,1,0,"night"
26,252,87,165,"weekend","afternoon","shopping","cold","grocery",0,1,0,"midday"
26,259,94,165,"weekday","dinner","travelling","unknown","restaurant",0,1,0,"night"
26,269,104,165,"weekday","beforelunch","travelling","cold","restaurant",0,1,0,"midday"
26,270,105,165,"weekday","morning","leisure","warm","restaurant",0,1,0,"morning"
26,275,110,165,"weekend","dinner","travelling","freezing","grocery",0,1,0,"night"
26,281,116,165,"weekend","lunch","leisure","warm","grocery",1,1,1,"midday"
26,285,120,165,"weekend","lunch","travelling","warm","grocery",0,1,1,"midday"
26,287,122,165,"weekday","breakfast","travelling","cold","grocery",0,1,1,"morning"
26,288,123,165,"weekday","breakfast","travelling","warm","grocery",1,1,1,"morning"
26,292,127,165,"weekday","morning","travelling","unknown","grocery",0,1,1,"morning"
26,296,131,165,"weekday","afternoon","unknown","hot","grocery",0,1,1,"midday"
26,300,135,165,"weekday","evening","working","cold","restaurant",1,1,1,"night"
26,301,136,165,"weekend","lunch","leisure","unknown","restaurant",0,1,1,"midday"
26,303,138,165,"weekday","beforelunch","travelling","hot","grocery",0,1,1,"midday"
26,305,140,165,"weekday","afternoon","leisure","hot","grocery",0,1,1,"midday"
26,306,141,165,"weekday","beforelunch","unknown","freezing","grocery",0,1,1,"midday"
26,309,144,165,"weekday","afternoon","unknown","unknown","grocery",0,1,1,"midday"
26,320,155,165,"weekend","afternoon","shopping","warm","restaurant",0,1,1,"midday"
26,335,170,165,"weekday","breakfast","travelling","freezing","grocery",0,1,1,"morning"
26,339,174,165,"weekend","lunch","travelling","cold","restaurant",0,1,1,"midday"
26,343,178,165,"weekday","afternoon","leisure","unknown","restaurant",0,1,1,"midday"
26,346,181,165,"weekday","dinner","travelling","unknown","grocery",1,1,1,"night"
26,348,183,165,"weekday","morning","travelling","hot","restaurant",0,1,1,"morning"
27,176,1,175,"weekday","beforelunch","travelling","cold","grocery",0,0,0,"midday"
27,178,3,175,"weekend","afternoon","shopping","cold","restaurant",0,0,0,"midday"
27,179,4,175,"weekday","beforelunch","travelling","cold","grocery",0,0,0,"midday"
27,180,5,175,"weekend","dinner","working","cold","grocery",0,0,0,"night"
27,186,11,175,"weekend","afternoon","leisure","cold","grocery",1,0,0,"midday"
27,188,13,175,"weekend","beforelunch","unknown","freezing","grocery",1,0,0,"midday"
27,189,14,175,"weekday","afternoon","travelling","unknown","restaurant",1,0,0,"midday"
27,190,15,175,"weekday","afternoon","leisure","hot","grocery",0,0,0,"midday"
27,191,16,175,"weekday","lunch","travelling","unknown","grocery",0,0,0,"midday"
27,195,20,175,"weekday","latenight","unknown","freezing","grocery",0,0,0,"night"
27,196,21,175,"weekend","beforelunch","unknown","cold","grocery",0,0,0,"midday"
27,197,22,175,"weekday","morning","unknown","warm","grocery",0,0,0,"morning"
27,199,24,175,"weekend","afternoon","travelling","unknown","restaurant",1,0,0,"midday"
27,200,25,175,"weekday","breakfast","unknown","cold","grocery",1,0,0,"morning"
27,201,26,175,"weekday","lunch","travelling","warm","grocery",1,0,0,"midday"
27,203,28,175,"weekday","beforelunch","travelling","unknown","restaurant",0,0,0,"midday"
27,204,29,175,"weekend","morning","working","cold","grocery",0,0,0,"morning"
27,206,31,175,"weekday","lunch","unknown","unknown","restaurant",0,0,0,"midday"
27,207,32,175,"weekday","earlymorning","travelling","cold","restaurant",0,0,0,"morning"
27,208,33,175,"weekend","beforelunch","leisure","unknown","grocery",0,0,0,"midday"
27,209,34,175,"weekend","lunch","unknown","freezing","grocery",0,0,0,"midday"
27,211,36,175,"weekend","breakfast","travelling","unknown","grocery",0,0,0,"morning"
27,212,37,175,"weekday","afternoon","travelling","unknown","restaurant",0,0,0,"midday"
27,213,38,175,"weekday","afternoon","travelling","unknown","restaurant",0,0,0,"midday"
27,215,40,175,"weekend","lunch","shopping","hot","restaurant",0,0,0,"midday"
27,217,42,175,"weekend","dinner","unknown","cold","restaurant",1,0,0,"night"
27,218,43,175,"weekday","lunch","travelling","unknown","restaurant",1,0,0,"midday"
27,219,44,175,"weekday","breakfast","leisure","unknown","grocery",0,0,0,"morning"
27,220,45,175,"weekday","lunch","travelling","unknown","grocery",0,0,0,"midday"
27,222,47,175,"weekday","afternoon","travelling","hot","restaurant",0,0,0,"midday"
27,223,48,175,"weekday","evening","travelling","unknown","restaurant",0,0,0,"night"
27,225,50,175,"weekday","afternoon","travelling","hot","restaurant",0,0,0,"midday"
27,227,52,175,"weekday","afternoon","travelling","cold","restaurant",0,0,0,"midday"
27,229,54,175,"weekday","lunch","travelling","hot","restaurant",1,0,0,"midday"
27,230,55,175,"unknown","afternoon","working","unknown","grocery",0,0,0,"midday"
27,231,56,175,"weekend","beforelunch","travelling","cold","grocery",0,0,0,"midday"
27,232,57,175,"weekend","afternoon","travelling","cold","restaurant",0,1,0,"midday"
27,234,59,175,"weekday","afternoon","travelling","freezing","grocery",0,1,0,"midday"
27,235,60,175,"weekend","lunch","shopping","hot","restaurant",0,1,0,"midday"
27,236,61,175,"weekend","breakfast","travelling","unknown","restaurant",0,1,0,"morning"
27,237,62,175,"weekday","beforelunch","unknown","freezing","restaurant",1,1,0,"midday"
27,238,63,175,"weekday","breakfast","unknown","freezing","grocery",1,1,0,"morning"
27,239,64,175,"weekend","afternoon","unknown","cold","grocery",1,1,0,"midday"
27,241,66,175,"weekday","afternoon","travelling","freezing","grocery",0,1,0,"midday"
27,243,68,175,"weekend","lunch","travelling","unknown","grocery",1,1,0,"midday"
27,244,69,175,"weekday","lunch","travelling","unknown","grocery",0,1,0,"midday"
27,245,70,175,"weekday","morning","unknown","cold","restaurant",1,1,0,"morning"
27,248,73,175,"weekday","afternoon","travelling","cold","restaurant",0,1,0,"midday"
27,250,75,175,"weekday","lunch","travelling","unknown","grocery",0,1,0,"midday"
27,251,76,175,"weekday","lunch","travelling","warm","grocery",0,1,0,"midday"
27,252,77,175,"weekday","afternoon","unknown","warm","restaurant",0,1,0,"midday"
27,253,78,175,"weekday","beforelunch","unknown","unknown","restaurant",0,1,0,"midday"
27,254,79,175,"weekend","afternoon","travelling","cold","grocery",0,1,0,"midday"
27,255,80,175,"weekday","breakfast","shopping","hot","restaurant",0,1,0,"morning"
27,256,81,175,"weekday","morning","travelling","hot","restaurant",0,1,0,"morning"
27,257,82,175,"weekday","lunch","travelling","cold","grocery",0,1,0,"midday"
27,260,85,175,"weekday","beforelunch","travelling","cold","restaurant",0,1,0,"midday"
27,261,86,175,"weekday","morning","travelling","cold","restaurant",0,1,0,"morning"
27,263,88,175,"weekday","breakfast","travelling","freezing","grocery",1,1,0,"morning"
27,265,90,175,"weekday","beforelunch","travelling","warm","grocery",0,1,0,"midday"
27,266,91,175,"weekend","lunch","workingout","freezing","grocery",0,1,0,"midday"
27,267,92,175,"weekend","afternoon","unknown","cold","restaurant",0,1,0,"midday"
27,268,93,175,"weekday","beforelunch","unknown","warm","grocery",0,1,0,"midday"
27,270,95,175,"weekday","beforelunch","travelling","unknown","grocery",0,1,0,"midday"
27,272,97,175,"weekday","afternoon","shopping","unknown","restaurant",0,1,0,"midday"
27,273,98,175,"weekend","beforelunch","travelling","freezing","grocery",0,1,0,"midday"
27,275,100,175,"weekday","beforelunch","travelling","cold","restaurant",0,1,0,"midday"
27,277,102,175,"weekday","afternoon","morningrituals","hot","restaurant",1,1,0,"midday"
27,278,103,175,"weekday","lunch","travelling","unknown","grocery",0,1,0,"midday"
27,279,104,175,"weekday","lunch","travelling","unknown","restaurant",0,1,0,"midday"
27,283,108,175,"weekday","beforelunch","leisure","warm","restaurant",0,1,0,"midday"
27,284,109,175,"weekday","afternoon","travelling","freezing","restaurant",0,1,0,"midday"
27,285,110,175,"weekday","afternoon","leisure","cold","restaurant",1,1,0,"midday"
27,286,111,175,"weekday","beforelunch","leisure","hot","grocery",0,1,0,"midday"
27,288,113,175,"weekend","breakfast","travelling","freezing","restaurant",0,1,1,"morning"
27,289,114,175,"weekend","lunch","travelling","freezing","grocery",1,1,1,"midday"
27,290,115,175,"weekday","lunch","travelling","freezing","restaurant",0,1,1,"midday"
27,291,116,175,"weekend","beforelunch","travelling","unknown","restaurant",0,1,1,"midday"
27,292,117,175,"weekday","lunch","morningrituals","freezing","grocery",0,1,1,"midday"
27,293,118,175,"weekday","beforelunch","travelling","cold","grocery",1,1,1,"midday"
27,294,119,175,"weekday","breakfast","travelling","freezing","restaurant",1,1,1,"morning"
27,295,120,175,"weekday","lunch","travelling","warm","restaurant",0,1,1,"midday"
27,296,121,175,"weekday","evening","working","warm","grocery",0,1,1,"night"
27,299,124,175,"weekday","beforelunch","travelling","freezing","grocery",0,1,1,"midday"
27,300,125,175,"weekday","lunch","unknown","unknown","grocery",1,1,1,"midday"
27,301,126,175,"weekday","dinner","unknown","cold","restaurant",0,1,1,"night"
27,302,127,175,"weekday","afternoon","travelling","freezing","restaurant",0,1,1,"midday"
27,303,128,175,"weekday","earlymorning","unknown","freezing","restaurant",1,1,1,"morning"
27,305,130,175,"weekday","morning","working","freezing","restaurant",1,1,1,"morning"
27,307,132,175,"weekend","morning","shopping","cold","restaurant",1,1,1,"morning"
27,308,133,175,"weekday","lunch","travelling","unknown","restaurant",1,1,1,"midday"
27,309,134,175,"weekday","lunch","working","warm","restaurant",1,1,1,"midday"
27,310,135,175,"weekday","unknown","travelling","freezing","grocery",0,1,1,"unknown"
27,311,136,175,"weekday","breakfast","unknown","hot","grocery",1,1,1,"morning"
27,315,140,175,"weekday","morning","unknown","hot","restaurant",0,1,1,"morning"
27,317,142,175,"weekday","lunch","travelling","warm","restaurant",0,1,1,"midday"
27,318,143,175,"weekday","morning","leisure","unknown","restaurant",1,1,1,"morning"
27,319,144,175,"weekday","lunch","travelling","cold","grocery",0,1,1,"midday"
27,320,145,175,"weekend","beforelunch","travelling","cold","restaurant",0,1,1,"midday"
27,321,146,175,"weekday","afternoon","travelling","unknown","grocery",0,1,1,"midday"
27,322,147,175,"weekday","beforelunch","working","cold","grocery",1,1,1,"midday"
27,326,151,175,"weekday","night","working","freezing","grocery",0,1,1,"night"
27,327,152,175,"weekend","lunch","travelling","unknown","restaurant",0,1,1,"midday"
27,328,153,175,"weekday","unknown","travelling","warm","grocery",0,1,1,"unknown"
27,330,155,175,"weekday","beforelunch","travelling","cold","grocery",0,1,1,"midday"
27,331,156,175,"weekday","lunch","travelling","unknown","grocery",1,1,1,"midday"
27,332,157,175,"weekend","breakfast","unknown","freezing","grocery",0,1,1,"morning"
27,333,158,175,"weekend","beforelunch","leisure","unknown","grocery",0,1,1,"midday"
27,334,159,175,"weekday","beforelunch","travelling","unknown","restaurant",1,1,1,"midday"
27,335,160,175,"weekday","morning","travelling","cold","restaurant",0,1,1,"morning"
27,336,161,175,"weekday","lunch","working","warm","grocery",0,1,1,"midday"
27,337,162,175,"weekday","morning","unknown","cold","grocery",1,1,1,"morning"
27,339,164,175,"weekday","lunch","travelling","hot","grocery",1,1,1,"midday"
27,342,167,175,"weekend","beforelunch","unknown","warm","grocery",1,1,1,"midday"
27,344,169,175,"weekday","breakfast","travelling","cold","restaurant",1,1,1,"morning"
27,345,170,175,"weekday","morning","travelling","cold","grocery",0,1,1,"morning"
27,346,171,175,"weekend","afternoon","unknown","warm","restaurant",0,1,1,"midday"
27,347,172,175,"weekday","breakfast","travelling","cold","grocery",0,1,1,"morning"
27,348,173,175,"weekend","lunch","leisure","cold","restaurant",0,1,1,"midday"
27,350,175,175,"weekday","breakfast","travelling","warm","grocery",0,1,1,"morning"
27,352,177,175,"weekend","lunch","working","freezing","restaurant",0,1,1,"midday"
27,355,180,175,"weekday","afternoon","unknown","cold","grocery",1,1,1,"midday"
27,356,181,175,"weekday","lunch","travelling","cold","restaurant",0,1,1,"midday"
27,357,182,175,"weekend","breakfast","travelling","hot","restaurant",0,1,1,"morning"
28,186,6,180,"weekday","lunch","travelling","cold","grocery",0,0,0,"midday"
28,191,11,180,"weekday","afternoon","travelling","cold","restaurant",0,0,0,"midday"
28,194,14,180,"weekday","afternoon","unknown","unknown","grocery",0,0,0,"midday"
28,195,15,180,"weekday","evening","travelling","cold","restaurant",1,0,0,"night"
28,196,16,180,"weekday","breakfast","travelling","cold","restaurant",1,0,0,"morning"
28,200,20,180,"weekend","morning","travelling","warm","grocery",0,0,0,"morning"
28,201,21,180,"weekend","morning","working","cold","grocery",0,0,0,"morning"
28,205,25,180,"weekday","morning","travelling","freezing","grocery",0,0,0,"morning"
28,206,26,180,"weekend","morning","working","freezing","restaurant",0,0,0,"morning"
28,208,28,180,"weekday","morning","unknown","freezing","grocery",1,0,0,"morning"
28,209,29,180,"weekday","afternoon","unknown","warm","grocery",0,0,0,"midday"
28,214,34,180,"weekend","afternoon","travelling","freezing","grocery",1,0,0,"midday"
28,216,36,180,"weekday","lunch","travelling","cold","grocery",0,0,0,"midday"
28,219,39,180,"weekday","beforelunch","leisure","cold","restaurant",0,0,0,"midday"
28,226,46,180,"weekday","beforelunch","travelling","hot","restaurant",1,0,0,"midday"
28,230,50,180,"weekday","lunch","unknown","unknown","restaurant",1,0,0,"midday"
28,231,51,180,"weekday","beforelunch","travelling","cold","restaurant",1,0,0,"midday"
28,233,53,180,"weekend","breakfast","unknown","warm","grocery",0,0,0,"morning"
28,236,56,180,"weekday","afternoon","travelling","cold","restaurant",1,0,0,"midday"
28,238,58,180,"weekday","beforelunch","leisure","freezing","restaurant",0,1,0,"midday"
28,239,59,180,"weekday","breakfast","travelling","freezing","grocery",0,1,0,"morning"
28,243,63,180,"weekday","afternoon","working","unknown","restaurant",0,1,0,"midday"
28,244,64,180,"weekday","lunch","working","hot","grocery",0,1,0,"midday"
28,249,69,180,"weekday","lunch","shopping","unknown","grocery",0,1,0,"midday"
28,257,77,180,"weekday","morning","travelling","cold","grocery",1,1,0,"morning"
28,258,78,180,"weekday","beforelunch","morningrituals","warm","restaurant",0,1,0,"midday"
28,267,87,180,"weekday","lunch","unknown","freezing","grocery",1,1,0,"midday"
28,270,90,180,"weekday","afternoon","travelling","freezing","grocery",0,1,0,"midday"
28,273,93,180,"weekend","lunch","travelling","freezing","grocery",0,1,0,"midday"
28,275,95,180,"weekday","afternoon","travelling","warm","restaurant",1,1,0,"midday"
28,276,96,180,"weekday","afternoon","shopping","cold","restaurant",0,1,0,"midday"
28,278,98,180,"weekday","lunch","unknown","hot","restaurant",0,1,0,"midday"
28,281,101,180,"weekday","beforelunch","travelling","unknown","restaurant",0,1,0,"midday"
28,284,104,180,"weekday","lunch","travelling","unknown","restaurant",1,1,0,"midday"
28,291,111,180,"weekday","afternoon","travelling","cold","restaurant",1,1,0,"midday"
28,292,112,180,"weekday","dinner","travelling","cold","grocery",0,1,0,"night"
28,293,113,180,"weekday","morning","travelling","cold","grocery",1,1,1,"morning"
28,294,114,180,"weekday","morning","travelling","freezing","grocery",1,1,1,"morning"
28,296,116,180,"weekday","evening","travelling","cold","restaurant",0,1,1,"night"
28,297,117,180,"weekend","afternoon","shopping","freezing","grocery",1,1,1,"midday"
28,299,119,180,"weekday","earlymorning","leisure","unknown","grocery",1,1,1,"morning"
28,303,123,180,"weekday","afternoon","travelling","cold","grocery",0,1,1,"midday"
28,309,129,180,"weekday","lunch","working","unknown","grocery",1,1,1,"midday"
28,313,133,180,"weekend","afternoon","travelling","freezing","grocery",1,1,1,"midday"
28,314,134,180,"weekday","breakfast","travelling","warm","restaurant",1,1,1,"morning"
28,316,136,180,"weekday","afternoon","travelling","cold","restaurant",0,1,1,"midday"
28,318,138,180,"weekday","beforelunch","leisure","hot","restaurant",1,1,1,"midday"
28,319,139,180,"weekday","lunch","travelling","freezing","restaurant",1,1,1,"midday"
28,325,145,180,"weekday","lunch","unknown","cold","grocery",0,1,1,"midday"
28,327,147,180,"weekend","afternoon","travelling","cold","grocery",0,1,1,"midday"
28,329,149,180,"weekend","afternoon","shopping","cold","grocery",0,1,1,"midday"
28,331,151,180,"weekday","afternoon","unknown","freezing","grocery",0,1,1,"midday"
28,332,152,180,"weekday","beforelunch","leisure","warm","restaurant",1,1,1,"midday"
28,334,154,180,"weekday","afternoon","working","hot","restaurant",0,1,1,"midday"
28,335,155,180,"weekday","beforelunch","travelling","cold","restaurant",0,1,1,"midday"
28,336,156,180,"weekday","afternoon","travelling","unknown","restaurant",0,1,1,"midday"
28,339,159,180,"weekend","afternoon","travelling","unknown","restaurant",0,1,1,"midday"
28,344,164,180,"weekend","afternoon","travelling","unknown","restaurant",0,1,1,"midday"
28,345,165,180,"unknown","afternoon","morningrituals","warm","grocery",1,1,1,"midday"
28,346,166,180,"weekday","lunch","unknown","cold","restaurant",0,1,1,"midday"
28,347,167,180,"weekday","afternoon","travelling","unknown","grocery",0,1,1,"midday"
28,348,168,180,"weekday","lunch","travelling","unknown","grocery",1,1,1,"midday"
28,351,171,180,"weekend","unknown","workingout","freezing","restaurant",0,1,1,"unknown"
28,353,173,180,"weekday","lunch","travelling","warm","restaurant",0,1,1,"midday"
28,354,174,180,"weekday","afternoon","shopping","cold","restaurant",0,1,1,"midday"
28,355,175,180,"weekend","breakfast","travelling","cold","grocery",1,1,1,"morning"
28,358,178,180,"weekday","afternoon","unknown","cold","grocery",0,1,1,"midday"
28,359,179,180,"weekend","beforelunch","unknown","unknown","grocery",1,1,1,"midday"
29,182,0,182,"weekday","breakfast","travelling","unknown","grocery",0,0,0,"morning"
29,183,1,182,"weekend","lunch","travelling","warm","restaurant",1,0,0,"midday"
29,184,2,182,"weekday","afternoon","travelling","cold","restaurant",0,0,0,"midday"
29,185,3,182,"weekday","beforelunch","travelling","cold","grocery",0,0,0,"midday"
29,187,5,182,"weekend","lunch","working","cold","restaurant",1,0,0,"midday"
29,188,6,182,"weekend","afternoon","travelling","warm","grocery",0,0,0,"midday"
29,190,8,182,"weekend","afternoon","travelling","cold","restaurant",1,0,0,"midday"
29,193,11,182,"weekday","morning","travelling","warm","grocery",0,0,0,"morning"
29,194,12,182,"weekday","afternoon","travelling","cold","grocery",1,0,0,"midday"
29,197,15,182,"weekend","lunch","unknown","freezing","grocery",0,0,0,"midday"
29,198,16,182,"weekend","afternoon","travelling","cold","grocery",1,0,0,"midday"
29,199,17,182,"weekday","earlymorning","leisure","warm","restaurant",0,0,0,"morning"
29,200,18,182,"weekday","afternoon","travelling","hot","grocery",0,0,0,"midday"
29,201,19,182,"weekday","lunch","shopping","cold","grocery",1,0,0,"midday"
29,202,20,182,"weekday","beforelunch","travelling","freezing","grocery",0,0,0,"midday"
29,203,21,182,"weekday","lunch","travelling","cold","restaurant",0,0,0,"midday"
29,204,22,182,"weekday","afternoon","unknown","cold","grocery",0,0,0,"midday"
29,205,23,182,"weekday","afternoon","travelling","freezing","restaurant",0,0,0,"midday"
29,212,30,182,"weekday","latenight","travelling","freezing","restaurant",0,0,0,"night"
29,215,33,182,"weekend","beforelunch","travelling","freezing","restaurant",0,0,0,"midday"
29,219,37,182,"weekday","unknown","travelling","unknown","restaurant",1,0,0,"unknown"
29,221,39,182,"weekday","afternoon","unknown","hot","grocery",1,0,0,"midday"
29,222,40,182,"weekday","afternoon","travelling","freezing","grocery",0,0,0,"midday"
29,223,41,182,"weekday","lunch","travelling","unknown","grocery",0,0,0,"midday"
29,225,43,182,"weekday","lunch","travelling","freezing","restaurant",0,0,0,"midday"
29,227,45,182,"unknown","breakfast","working","unknown","restaurant",1,0,0,"morning"
29,229,47,182,"weekday","lunch","working","unknown","restaurant",0,0,0,"midday"
29,230,48,182,"weekday","afternoon","travelling","cold","grocery",0,0,0,"midday"
29,231,49,182,"weekday","afternoon","travelling","hot","restaurant",1,0,0,"midday"
29,232,50,182,"weekend","afternoon","travelling","cold","restaurant",1,0,0,"midday"
29,233,51,182,"weekday","beforelunch","travelling","warm","restaurant",0,0,0,"midday"
29,235,53,182,"weekday","lunch","working","freezing","restaurant",0,0,0,"midday"
29,238,56,182,"weekday","afternoon","shopping","warm","restaurant",1,0,0,"midday"
29,240,58,182,"weekday","breakfast","travelling","freezing","restaurant",1,1,0,"morning"
29,243,61,182,"weekday","beforelunch","travelling","cold","restaurant",0,1,0,"midday"
29,244,62,182,"weekday","lunch","morningrituals","unknown","restaurant",1,1,0,"midday"
29,246,64,182,"weekend","beforelunch","travelling","unknown","grocery",1,1,0,"midday"
29,247,65,182,"weekday","lunch","travelling","warm","grocery",0,1,0,"midday"
29,250,68,182,"weekend","lunch","travelling","cold","restaurant",0,1,0,"midday"
29,252,70,182,"weekday","dinner","working","warm","restaurant",0,1,0,"night"
29,254,72,182,"weekday","evening","travelling","freezing","grocery",1,1,0,"night"
29,255,73,182,"weekend","evening","travelling","freezing","restaurant",1,1,0,"night"
29,256,74,182,"weekend","morning","working","unknown","grocery",0,1,0,"morning"
29,257,75,182,"weekend","afternoon","travelling","unknown","restaurant",1,1,0,"midday"
29,259,77,182,"weekend","beforelunch","unknown","unknown","grocery",0,1,0,"midday"
29,261,79,182,"weekday","afternoon","leisure","hot","restaurant",0,1,0,"midday"
29,263,81,182,"weekday","night","unknown","hot","grocery",0,1,0,"night"
29,267,85,182,"weekday","lunch","leisure","cold","restaurant",0,1,0,"midday"
29,268,86,182,"weekday","lunch","travelling","freezing","grocery",0,1,0,"midday"
29,269,87,182,"weekday","lunch","working","cold","restaurant",1,1,0,"midday"
29,271,89,182,"weekend","lunch","travelling","cold","restaurant",1,1,0,"midday"
29,273,91,182,"weekday","lunch","travelling","cold","grocery",1,1,0,"midday"
29,280,98,182,"weekday","breakfast","travelling","cold","grocery",0,1,0,"morning"
29,283,101,182,"weekday","beforelunch","travelling","unknown","restaurant",1,1,0,"midday"
29,284,102,182,"weekday","lunch","travelling","warm","grocery",0,1,0,"midday"
29,285,103,182,"weekday","afternoon","shopping","cold","grocery",0,1,0,"midday"
29,286,104,182,"weekend","beforelunch","unknown","cold","grocery",1,1,0,"midday"
29,287,105,182,"weekday","beforelunch","shopping","unknown","grocery",0,1,0,"midday"
29,289,107,182,"weekday","afternoon","travelling","cold","grocery",1,1,0,"midday"
29,293,111,182,"weekend","lunch","unknown","warm","restaurant",0,1,0,"midday"
29,294,112,182,"weekday","unknown","unknown","cold","grocery",1,1,0,"unknown"
29,295,113,182,"weekday","breakfast","unknown","cold","restaurant",0,1,1,"morning"
29,296,114,182,"weekday","lunch","unknown","cold","restaurant",1,1,1,"midday"
29,297,115,182,"weekday","beforelunch","shopping","freezing","restaurant",1,1,1,"midday"
29,298,116,182,"weekday","lunch","unknown","cold","restaurant",0,1,1,"midday"
29,300,118,182,"weekday","lunch","shopping","cold","grocery",1,1,1,"midday"
29,301,119,182,"weekend","night","unknown","unknown","grocery",1,1,1,"night"
29,302,120,182,"weekday","breakfast","travelling","unknown","restaurant",1,1,1,"morning"
29,305,123,182,"weekday","beforelunch","travelling","cold","restaurant",1,1,1,"midday"
29,306,124,182,"weekend","dinner","unknown","unknown","grocery",0,1,1,"night"
29,307,125,182,"weekday","unknown","travelling","cold","restaurant",0,1,1,"unknown"
29,309,127,182,"weekday","beforelunch","shopping","unknown","restaurant",0,1,1,"midday"
29,311,129,182,"weekday","breakfast","unknown","unknown","grocery",0,1,1,"morning"
29,315,133,182,"weekend","morning","travelling","cold","restaurant",1,1,1,"morning"
29,316,134,182,"weekday","afternoon","unknown","cold","restaurant",1,1,1,"midday"
29,317,135,182,"weekend","lunch","travelling","cold","grocery",1,1,1,"midday"
29,319,137,182,"weekday","breakfast","travelling","cold","restaurant",0,1,1,"morning"
29,320,138,182,"weekday","breakfast","travelling","unknown","grocery",0,1,1,"morning"
29,321,139,182,"weekday","afternoon","travelling","freezing","restaurant",0,1,1,"midday"
29,323,141,182,"weekday","lunch","travelling","unknown","restaurant",1,1,1,"midday"
29,325,143,182,"weekend","beforelunch","travelling","warm","grocery",0,1,1,"midday"
29,326,144,182,"weekday","morning","working","cold","restaurant",0,1,1,"morning"
29,328,146,182,"weekend","beforelunch","travelling","freezing","grocery",1,1,1,"midday"
29,329,147,182,"weekend","afternoon","working","unknown","restaurant",1,1,1,"midday"
29,331,149,182,"weekday","afternoon","travelling","cold","restaurant",0,1,1,"midday"
29,333,151,182,"weekday","breakfast","travelling","cold","grocery",0,1,1,"morning"
29,337,155,182,"weekday","beforelunch","travelling","unknown","grocery",0,1,1,"midday"
29,339,157,182,"weekday","afternoon","travelling","hot","grocery",1,1,1,"midday"
29,341,159,182,"weekday","morning","morningrituals","cold","grocery",1,1,1,"morning"
29,342,160,182,"weekday","lunch","travelling","freezing","restaurant",0,1,1,"midday"
29,344,162,182,"weekday","breakfast","travelling","cold","grocery",0,1,1,"morning"
29,347,165,182,"weekday","breakfast","travelling","cold","restaurant",0,1,1,"morning"
29,350,168,182,"weekday","breakfast","travelling","cold","restaurant",0,1,1,"morning"
29,351,169,182,"weekday","afternoon","travelling","warm","grocery",1,1,1,"midday"
29,352,170,182,"weekday","lunch","travelling","warm","grocery",0,1,1,"midday"
29,353,171,182,"weekday","afternoon","travelling","unknown","grocery",1,1,1,"midday"
29,355,173,182,"weekday","beforelunch","working","cold","restaurant",0,1,1,"midday"
29,357,175,182,"weekend","afternoon","leisure","cold","grocery",1,1,1,"midday"
29,358,176,182,"weekday","beforelunch","travelling","cold","restaurant",1,1,1,"midday"
29,360,178,182,"weekday","lunch","travelling","unknown","restaurant",0,1,1,"midday"
29,363,181,182,"weekday","dinner","shopping","warm","grocery",0,1,1,"night"
30,193,3,190,"weekend","beforelunch","travelling","freezing","grocery",1,0,0,"midday"
30,236,46,190,"unknown","breakfast","travelling","cold","restaurant",0,0,0,"morning"
30,264,74,190,"weekend","afternoon","travelling","cold","restaurant",1,1,0,"midday"
30,277,87,190,"weekday","afternoon","shopping","freezing","grocery",0,1,0,"midday"
30,279,89,190,"weekday","afternoon","unknown","cold","restaurant",1,1,0,"midday"
30,282,92,190,"weekday","afternoon","travelling","freezing","grocery",0,1,0,"midday"
30,290,100,190,"weekday","afternoon","travelling","warm","restaurant",0,1,0,"midday"
30,293,103,190,"weekend","beforelunch","unknown","warm","restaurant",0,1,0,"midday"
30,330,140,190,"weekday","beforelunch","morningrituals","cold","grocery",1,1,1,"midday"
30,357,167,190,"weekday","lunch","unknown","cold","grocery",0,1,1,"midday"
31,203,2,201,"weekday","afternoon","unknown","freezing","grocery",0,0,0,"midday"
31,204,3,201,"weekday","afternoon","leisure","cold","restaurant",0,0,0,"midday"
31,207,6,201,"weekday","afternoon","working","warm","grocery",0,0,0,"midday"
31,209,8,201,"weekday","afternoon","shopping","freezing","restaurant",0,0,0,"midday"
31,212,11,201,"weekday","dinner","shopping","unknown","restaurant",0,0,0,"night"
31,213,12,201,"weekday","afternoon","travelling","cold","restaurant",1,0,0,"midday"
31,215,14,201,"weekend","morning","unknown","unknown","restaurant",0,0,0,"morning"
31,221,20,201,"weekday","lunch","travelling","freezing","restaurant",0,0,0,"midday"
31,223,22,201,"weekday","beforelunch","shopping","unknown","grocery",0,0,0,"midday"
31,224,23,201,"weekday","lunch","working","cold","restaurant",0,0,0,"midday"
31,225,24,201,"weekend","beforelunch","leisure","cold","grocery",0,0,0,"midday"
31,226,25,201,"weekday","morning","travelling","freezing","restaurant",0,0,0,"morning"
31,229,28,201,"weekday","breakfast","travelling","warm","grocery",0,0,0,"morning"
31,230,29,201,"weekend","breakfast","shopping","cold","grocery",0,0,0,"morning"
31,231,30,201,"weekday","afternoon","morningrituals","unknown","grocery",0,0,0,"midday"
31,232,31,201,"weekend","morning","travelling","unknown","grocery",0,0,0,"morning"
31,235,34,201,"weekday","night","travelling","unknown","grocery",1,0,0,"night"
31,237,36,201,"weekday","lunch","travelling","freezing","restaurant",0,0,0,"midday"
31,238,37,201,"weekday","afternoon","travelling","freezing","restaurant",0,0,0,"midday"
31,240,39,201,"weekend","morning","morningrituals","cold","grocery",0,0,0,"morning"
31,241,40,201,"weekday","lunch","unknown","unknown","restaurant",0,0,0,"midday"
31,242,41,201,"weekday","beforelunch","travelling","warm","grocery",0,0,0,"midday"
31,244,43,201,"weekend","afternoon","travelling","hot","grocery",0,0,0,"midday"
31,245,44,201,"weekday","beforelunch","shopping","freezing","grocery",1,0,0,"midday"
31,246,45,201,"weekday","earlymorning","travelling","warm","grocery",1,0,0,"morning"
31,249,48,201,"weekend","breakfast","shopping","unknown","grocery",0,0,0,"morning"
31,250,49,201,"weekday","afternoon","travelling","freezing","restaurant",0,0,0,"midday"
31,253,52,201,"weekday","lunch","morningrituals","cold","grocery",0,0,0,"midday"
31,255,54,201,"weekday","beforelunch","travelling","unknown","restaurant",0,0,0,"midday"
31,256,55,201,"weekend","afternoon","unknown","cold","restaurant",0,0,0,"midday"
31,257,56,201,"weekday","afternoon","shopping","unknown","grocery",1,0,0,"midday"
31,258,57,201,"weekday","afternoon","unknown","unknown","grocery",1,1,0,"midday"
31,261,60,201,"weekday","lunch","morningrituals","cold","restaurant",0,1,0,"midday"
31,262,61,201,"weekday","lunch","unknown","unknown","restaurant",1,1,0,"midday"
31,263,62,201,"weekday","afternoon","working","cold","grocery",0,1,0,"midday"
31,268,67,201,"weekday","morning","travelling","cold","restaurant",0,1,0,"morning"
31,270,69,201,"weekday","afternoon","travelling","cold","restaurant",0,1,0,"midday"
31,274,73,201,"unknown","morning","shopping","freezing","restaurant",0,1,0,"morning"
31,275,74,201,"weekday","afternoon","travelling","warm","grocery",0,1,0,"midday"
31,276,75,201,"weekday","beforelunch","morningrituals","cold","grocery",0,1,0,"midday"
31,277,76,201,"weekday","lunch","travelling","freezing","grocery",0,1,0,"midday"
31,280,79,201,"weekday","breakfast","unknown","unknown","grocery",0,1,0,"morning"
31,281,80,201,"weekend","earlymorning","morningrituals","warm","restaurant",0,1,0,"morning"
31,285,84,201,"weekday","afternoon","unknown","cold","grocery",0,1,0,"midday"
31,286,85,201,"weekday","afternoon","travelling","warm","restaurant",0,1,0,"midday"
31,287,86,201,"weekday","lunch","shopping","cold","restaurant",0,1,0,"midday"
31,290,89,201,"weekday","morning","travelling","freezing","grocery",0,1,0,"morning"
31,291,90,201,"weekend","afternoon","travelling","freezing","grocery",0,1,0,"midday"
31,292,91,201,"weekday","beforelunch","travelling","freezing","grocery",0,1,0,"midday"
31,293,92,201,"weekday","breakfast","travelling","unknown","grocery",0,1,0,"morning"
31,294,93,201,"weekday","lunch","travelling","hot","restaurant",0,1,0,"midday"
31,295,94,201,"weekday","morning","travelling","cold","restaurant",1,1,0,"morning"
31,297,96,201,"weekend","afternoon","travelling","unknown","grocery",0,1,0,"midday"
31,299,98,201,"weekday","afternoon","travelling","unknown","grocery",0,1,0,"midday"
31,302,101,201,"weekday","morning","working","cold","restaurant",0,1,0,"morning"
31,303,102,201,"weekday","afternoon","travelling","warm","restaurant",0,1,0,"midday"
31,305,104,201,"weekday","lunch","leisure","unknown","restaurant",1,1,0,"midday"
31,308,107,201,"weekday","lunch","travelling","hot","grocery",0,1,0,"midday"
31,310,109,201,"weekday","dinner","travelling","cold","grocery",1,1,0,"night"
31,311,110,201,"weekend","breakfast","travelling","freezing","grocery",0,1,0,"morning"
31,312,111,201,"weekday","lunch","working","cold","restaurant",0,1,0,"midday"
31,313,112,201,"weekday","lunch","travelling","unknown","restaurant",0,1,0,"midday"
31,315,114,201,"weekday","lunch","travelling","freezing","grocery",0,1,1,"midday"
31,316,115,201,"weekday","lunch","travelling","hot","grocery",0,1,1,"midday"
31,317,116,201,"weekday","lunch","travelling","unknown","grocery",0,1,1,"midday"
31,318,117,201,"weekday","beforelunch","leisure","cold","grocery",0,1,1,"midday"
31,320,119,201,"weekend","lunch","working","hot","restaurant",1,1,1,"midday"
31,323,122,201,"weekday","breakfast","unknown","unknown","grocery",0,1,1,"morning"
31,325,124,201,"weekend","lunch","travelling","freezing","restaurant",0,1,1,"midday"
31,327,126,201,"weekday","beforelunch","unknown","unknown","restaurant",0,1,1,"midday"
31,329,128,201,"weekend","dinner","travelling","freezing","restaurant",0,1,1,"night"
31,330,129,201,"weekday","breakfast","travelling","freezing","grocery",0,1,1,"morning"
31,332,131,201,"weekend","beforelunch","unknown","hot","restaurant",0,1,1,"midday"
31,335,134,201,"weekend","lunch","travelling","cold","restaurant",0,1,1,"midday"
31,337,136,201,"weekend","beforelunch","travelling","unknown","grocery",0,1,1,"midday"
31,339,138,201,"weekday","earlymorning","travelling","cold","grocery",0,1,1,"morning"
31,340,139,201,"weekday","breakfast","shopping","cold","grocery",1,1,1,"morning"
31,341,140,201,"weekday","earlymorning","travelling","warm","restaurant",0,1,1,"morning"
31,343,142,201,"weekend","beforelunch","unknown","unknown","grocery",0,1,1,"midday"
31,344,143,201,"weekday","evening","travelling","warm","restaurant",0,1,1,"night"
31,347,146,201,"weekday","afternoon","travelling","unknown","grocery",1,1,1,"midday"
31,348,147,201,"weekday","breakfast","travelling","warm","restaurant",0,1,1,"morning"
31,349,148,201,"weekend","lunch","unknown","unknown","grocery",0,1,1,"midday"
31,350,149,201,"weekend","lunch","unknown","freezing","restaurant",0,1,1,"midday"
31,357,156,201,"weekday","lunch","travelling","freezing","restaurant",1,1,1,"midday"
31,360,159,201,"weekend","lunch","working","freezing","restaurant",1,1,1,"midday"
31,362,161,201,"weekday","lunch","working","cold","grocery",1,1,1,"midday"
31,363,162,201,"weekend","afternoon","travelling","freezing","grocery",0,1,1,"midday"
31,364,163,201,"weekday","lunch","travelling","cold","restaurant",0,1,1,"midday"
31,365,164,201,"weekend","breakfast","shopping","cold","restaurant",0,1,1,"morning"
31,366,165,201,"weekday","afternoon","travelling","unknown","grocery",0,1,1,"midday"
31,367,166,201,"weekend","beforelunch","unknown","cold","grocery",1,1,1,"midday"
31,368,167,201,"weekday","breakfast","travelling","unknown","grocery",0,1,1,"morning"
31,371,170,201,"weekend","morning","leisure","unknown","grocery",0,1,1,"morning"
31,372,171,201,"weekday","afternoon","unknown","cold","grocery",0,1,1,"midday"
31,375,174,201,"weekday","breakfast","travelling","warm","grocery",0,1,1,"morning"
31,377,176,201,"weekend","afternoon","travelling","cold","grocery",0,1,1,"midday"
31,381,180,201,"unknown","afternoon","travelling","unknown","grocery",0,1,1,"midday"
31,382,181,201,"weekend","beforelunch","working","unknown","grocery",1,1,1,"midday"
32,205,0,205,"weekday","beforelunch","unknown","unknown","grocery",0,0,0,"midday"
32,207,2,205,"weekend","beforelunch","unknown","unknown","restaurant",0,0,0,"midday"
32,210,5,205,"unknown","beforelunch","leisure","cold","restaurant",1,0,0,"midday"
32,212,7,205,"weekend","afternoon","shopping","cold","grocery",0,0,0,"midday"
32,213,8,205,"unknown","beforelunch","shopping","unknown","grocery",1,0,0,"midday"
32,214,9,205,"weekday","night","travelling","unknown","restaurant",1,0,0,"night"
32,219,14,205,"weekend","beforelunch","working","unknown","grocery",0,0,0,"midday"
32,220,15,205,"weekday","morning","morningrituals","unknown","grocery",0,0,0,"morning"
32,221,16,205,"weekday","afternoon","leisure","warm","restaurant",0,0,0,"midday"
32,228,23,205,"weekday","unknown","unknown","freezing","restaurant",1,0,0,"unknown"
32,232,27,205,"weekday","afternoon","unknown","unknown","restaurant",1,0,0,"midday"
32,235,30,205,"weekday","latenight","travelling","freezing","restaurant",0,0,0,"night"
32,236,31,205,"weekday","morning","unknown","cold","restaurant",0,0,0,"morning"
32,240,35,205,"weekday","afternoon","travelling","cold","grocery",1,0,0,"midday"
32,242,37,205,"weekday","breakfast","leisure","hot","grocery",0,0,0,"morning"
32,243,38,205,"weekend","dinner","travelling","cold","grocery",0,0,0,"night"
32,244,39,205,"unknown","lunch","travelling","freezing","restaurant",1,0,0,"midday"
32,247,42,205,"weekday","afternoon","travelling","unknown","restaurant",1,0,0,"midday"
32,255,50,205,"weekday","morning","travelling","unknown","restaurant",0,0,0,"morning"
32,257,52,205,"weekday","breakfast","unknown","unknown","grocery",1,0,0,"morning"
32,259,54,205,"weekday","afternoon","working","warm","grocery",0,0,0,"midday"
32,261,56,205,"weekday","beforelunch","travelling","warm","grocery",0,0,0,"midday"
32,263,58,205,"weekday","breakfast","travelling","unknown","restaurant",1,1,0,"morning"
32,264,59,205,"weekday","afternoon","shopping","freezing","grocery",0,1,0,"midday"
32,267,62,205,"weekday","afternoon","morningrituals","cold","restaurant",1,1,0,"midday"
32,269,64,205,"weekday","lunch","travelling","freezing","grocery",0,1,0,"midday"
32,270,65,205,"weekday","breakfast","travelling","cold","restaurant",1,1,0,"morning"
32,272,67,205,"weekday","lunch","morningrituals","cold","restaurant",0,1,0,"midday"
32,276,71,205,"weekday","lunch","leisure","freezing","grocery",0,1,0,"midday"
32,277,72,205,"weekday","earlymorning","travelling","hot","grocery",1,1,0,"morning"
32,281,76,205,"weekend","lunch","unknown","unknown","restaurant",0,1,0,"midday"
32,282,77,205,"weekday","lunch","travelling","cold","restaurant",0,1,0,"midday"
32,283,78,205,"weekday","breakfast","working","cold","grocery",0,1,0,"morning"
32,285,80,205,"unknown","afternoon","unknown","freezing","restaurant",0,1,0,"midday"
32,286,81,205,"weekday","beforelunch","travelling","cold","restaurant",0,1,0,"midday"
32,287,82,205,"weekday","lunch","travelling","freezing","grocery",0,1,0,"midday"
32,289,84,205,"weekend","lunch","working","cold","grocery",0,1,0,"midday"
32,290,85,205,"weekday","beforelunch","travelling","cold","grocery",0,1,0,"midday"
32,292,87,205,"weekend","breakfast","travelling","unknown","restaurant",0,1,0,"morning"
32,293,88,205,"weekend","dinner","shopping","cold","restaurant",0,1,0,"night"
32,295,90,205,"weekday","beforelunch","travelling","unknown","grocery",1,1,0,"midday"
32,296,91,205,"weekend","afternoon","travelling","cold","restaurant",0,1,0,"midday"
32,298,93,205,"weekend","lunch","travelling","unknown","restaurant",0,1,0,"midday"
32,301,96,205,"weekday","lunch","travelling","unknown","grocery",0,1,0,"midday"
32,305,100,205,"weekday","beforelunch","travelling","cold","restaurant",1,1,0,"midday"
32,309,104,205,"weekday","lunch","travelling","hot","grocery",0,1,0,"midday"
32,311,106,205,"weekday","lunch","travelling","freezing","restaurant",0,1,0,"midday"
32,312,107,205,"weekend","lunch","morningrituals","unknown","grocery",0,1,0,"midday"
32,317,112,205,"weekday","afternoon","unknown","cold","grocery",0,1,0,"midday"
32,318,113,205,"weekend","breakfast","travelling","warm","restaurant",0,1,1,"morning"
32,320,115,205,"weekday","afternoon","travelling","warm","grocery",1,1,1,"midday"
32,323,118,205,"weekend","lunch","travelling","cold","grocery",0,1,1,"midday"
32,324,119,205,"unknown","morning","travelling","cold","restaurant",0,1,1,"morning"
32,325,120,205,"weekday","night","unknown","cold","grocery",0,1,1,"night"
32,326,121,205,"weekend","beforelunch","travelling","warm","restaurant",0,1,1,"midday"
32,327,122,205,"weekday","lunch","working","warm","restaurant",0,1,1,"midday"
32,328,123,205,"weekend","lunch","travelling","unknown","grocery",0,1,1,"midday"
32,331,126,205,"weekday","afternoon","travelling","hot","grocery",0,1,1,"midday"
32,332,127,205,"weekday","morning","travelling","cold","grocery",0,1,1,"morning"
32,335,130,205,"weekday","morning","travelling","freezing","restaurant",0,1,1,"morning"
32,337,132,205,"weekday","night","unknown","warm","grocery",1,1,1,"night"
32,339,134,205,"weekend","lunch","travelling","warm","restaurant",0,1,1,"midday"
32,340,135,205,"weekend","afternoon","leisure","freezing","grocery",1,1,1,"midday"
32,343,138,205,"weekday","beforelunch","travelling","unknown","grocery",0,1,1,"midday"
32,344,139,205,"weekend","morning","shopping","unknown","restaurant",1,1,1,"morning"
32,345,140,205,"weekday","evening","travelling","cold","restaurant",0,1,1,"night"
32,348,143,205,"weekday","afternoon","leisure","freezing","restaurant",0,1,1,"midday"
32,349,144,205,"weekday","lunch","travelling","freezing","restaurant",0,1,1,"midday"
32,351,146,205,"weekday","afternoon","unknown","cold","grocery",0,1,1,"midday"
32,360,155,205,"weekday","latenight","travelling","hot","grocery",1,1,1,"night"
32,365,160,205,"weekend","beforelunch","travelling","unknown","restaurant",0,1,1,"midday"
32,366,161,205,"weekday","lunch","travelling","cold","grocery",1,1,1,"midday"
32,368,163,205,"weekday","breakfast","travelling","hot","restaurant",0,1,1,"morning"
32,369,164,205,"weekday","lunch","shopping","freezing","grocery",0,1,1,"midday"
32,370,165,205,"weekday","unknown","travelling","cold","restaurant",0,1,1,"unknown"
32,374,169,205,"weekday","afternoon","leisure","unknown","restaurant",0,1,1,"midday"
32,375,170,205,"weekday","afternoon","travelling","cold","grocery",0,1,1,"midday"
32,376,171,205,"weekend","lunch","unknown","cold","grocery",0,1,1,"midday"
32,377,172,205,"weekday","afternoon","unknown","cold","grocery",1,1,1,"midday"
32,380,175,205,"weekday","beforelunch","travelling","freezing","grocery",0,1,1,"midday"
32,382,177,205,"weekend","beforelunch","travelling","cold","restaurant",0,1,1,"midday"
32,383,178,205,"weekday","unknown","morningrituals","hot","grocery",0,1,1,"unknown"
32,386,181,205,"unknown","afternoon","travelling","hot","restaurant",1,1,1,"midday"
33,225,8,217,"weekday","beforelunch","travelling","cold","restaurant",1,0,0,"midday"
33,227,10,217,"weekday","morning","leisure","freezing","grocery",1,0,0,"morning"
33,229,12,217,"weekday","beforelunch","working","freezing","grocery",1,0,0,"midday"
33,234,17,217,"weekday","afternoon","shopping","unknown","restaurant",1,0,0,"midday"
33,244,27,217,"weekday","afternoon","travelling","freezing","grocery",0,0,0,"midday"
33,269,52,217,"weekend","unknown","travelling","cold","restaurant",0,0,0,"unknown"
33,278,61,217,"weekday","afternoon","travelling","freezing","grocery",0,1,0,"midday"
33,281,64,217,"weekday","beforelunch","unknown","freezing","restaurant",0,1,0,"midday"
33,283,66,217,"weekday","afternoon","travelling","freezing","grocery",1,1,0,"midday"
33,287,70,217,"weekend","breakfast","working","freezing","grocery",1,1,0,"morning"
33,294,77,217,"weekday","beforelunch","travelling","warm","grocery",1,1,0,"midday"
33,299,82,217,"weekday","unknown","working","unknown","grocery",0,1,0,"unknown"
33,301,84,217,"weekend","lunch","unknown","freezing","restaurant",1,1,0,"midday"
33,306,89,217,"weekday","beforelunch","unknown","cold","grocery",0,1,0,"midday"
33,308,91,217,"unknown","breakfast","travelling","warm","grocery",1,1,0,"morning"
33,318,101,217,"weekday","afternoon","morningrituals","freezing","grocery",0,1,0,"midday"
33,320,103,217,"weekday","lunch","shopping","unknown","grocery",1,1,0,"midday"
33,325,108,217,"weekday","afternoon","travelling","freezing","grocery",0,1,0,"midday"
33,328,111,217,"weekend","afternoon","travelling","unknown","restaurant",1,1,0,"midday"
33,334,117,217,"weekend","lunch","travelling","freezing","restaurant",0,1,1,"midday"
33,336,119,217,"weekday","beforelunch","unknown","cold","grocery",0,1,1,"midday"
33,338,121,217,"weekday","beforelunch","travelling","cold","grocery",0,1,1,"midday"
33,352,135,217,"weekday","dinner","working","warm","grocery",0,1,1,"night"
33,355,138,217,"weekend","beforelunch","unknown","freezing","restaurant",0,1,1,"midday"
33,359,142,217,"weekday","afternoon","unknown","cold","grocery",0,1,1,"midday"
33,366,149,217,"weekday","breakfast","working","cold","grocery",0,1,1,"morning"
33,367,150,217,"weekday","afternoon","travelling","unknown","grocery",0,1,1,"midday"
33,371,154,217,"weekday","lunch","travelling","cold","grocery",0,1,1,"midday"
33,378,161,217,"weekday","morning","shopping","freezing","grocery",1,1,1,"morning"
33,387,170,217,"weekend","morning","travelling","hot","restaurant",0,1,1,"morning"
33,388,171,217,"weekday","lunch","travelling","unknown","restaurant",0,1,1,"midday"
33,389,172,217,"weekday","beforelunch","leisure","freezing","grocery",1,1,1,"midday"
33,391,174,217,"weekend","unknown","unknown","cold","grocery",1,1,1,"unknown"
33,392,175,217,"weekday","morning","leisure","unknown","restaurant",0,1,1,"morning"
33,393,176,217,"weekday","beforelunch","travelling","freezing","grocery",1,1,1,"midday"
34,220,0,220,"weekday","lunch","travelling","unknown","restaurant",0,0,0,"midday"
34,221,1,220,"weekday","afternoon","working","unknown","grocery",0,0,0,"midday"
34,222,2,220,"weekday","lunch","travelling","cold","restaurant",1,0,0,"midday"
34,223,3,220,"weekday","morning","travelling","unknown","restaurant",0,0,0,"morning"
34,224,4,220,"weekday","morning","travelling","freezing","restaurant",0,0,0,"morning"
34,225,5,220,"weekend","evening","travelling","unknown","grocery",1,0,0,"night"
34,226,6,220,"weekday","night","travelling","cold","grocery",1,0,0,"night"
34,234,14,220,"unknown","afternoon","travelling","warm","grocery",1,0,0,"midday"
34,235,15,220,"weekday","lunch","travelling","warm","restaurant",0,0,0,"midday"
34,237,17,220,"weekday","unknown","travelling","unknown","restaurant",0,0,0,"unknown"
34,240,20,220,"weekday","afternoon","travelling","warm","restaurant",0,0,0,"midday"
34,241,21,220,"weekday","lunch","travelling","warm","restaurant",0,0,0,"midday"
34,246,26,220,"weekday","earlymorning","travelling","unknown","restaurant",0,0,0,"morning"
34,248,28,220,"weekday","lunch","working","cold","grocery",0,0,0,"midday"
34,249,29,220,"weekday","afternoon","travelling","cold","grocery",0,0,0,"midday"
34,254,34,220,"weekday","breakfast","working","cold","grocery",0,0,0,"morning"
34,255,35,220,"weekday","breakfast","shopping","freezing","grocery",1,0,0,"morning"
34,256,36,220,"weekend","afternoon","travelling","warm","restaurant",0,0,0,"midday"
34,259,39,220,"weekend","afternoon","travelling","cold","grocery",1,0,0,"midday"
34,260,40,220,"weekday","breakfast","travelling","unknown","grocery",0,0,0,"morning"
34,261,41,220,"weekday","lunch","shopping","hot","grocery",0,0,0,"midday"
34,263,43,220,"weekday","lunch","working","hot","restaurant",0,0,0,"midday"
34,265,45,220,"weekday","lunch","travelling","cold","grocery",0,0,0,"midday"
34,266,46,220,"weekend","dinner","shopping","hot","grocery",1,0,0,"night"
34,268,48,220,"weekday","afternoon","travelling","cold","grocery",0,0,0,"midday"
34,269,49,220,"weekend","lunch","unknown","unknown","grocery",0,0,0,"midday"
34,270,50,220,"weekday","morning","shopping","freezing","grocery",0,0,0,"morning"
34,271,51,220,"weekday","afternoon","leisure","cold","grocery",1,0,0,"midday"
34,272,52,220,"weekday","breakfast","unknown","hot","restaurant",0,0,0,"morning"
34,274,54,220,"weekday","lunch","travelling","cold","restaurant",0,0,0,"midday"
34,276,56,220,"weekday","afternoon","shopping","freezing","grocery",0,0,0,"midday"
34,277,57,220,"weekday","beforelunch","working","cold","grocery",0,1,0,"midday"
34,278,58,220,"weekend","beforelunch","travelling","hot","restaurant",1,1,0,"midday"
34,280,60,220,"weekday","lunch","workingout","cold","restaurant",0,1,0,"midday"
34,281,61,220,"weekday","dinner","travelling","cold","grocery",1,1,0,"night"
34,283,63,220,"weekday","beforelunch","travelling","unknown","restaurant",1,1,0,"midday"
34,284,64,220,"weekday","lunch","travelling","warm","grocery",0,1,0,"midday"
34,287,67,220,"weekday","breakfast","travelling","freezing","restaurant",0,1,0,"morning"
34,288,68,220,"weekday","breakfast","shopping","cold","restaurant",1,1,0,"morning"
34,289,69,220,"weekend","beforelunch","travelling","warm","grocery",1,1,0,"midday"
34,290,70,220,"weekday","breakfast","travelling","cold","grocery",1,1,0,"morning"
34,291,71,220,"weekday","unknown","travelling","unknown","restaurant",0,1,0,"unknown"
34,293,73,220,"weekday","beforelunch","travelling","unknown","restaurant",0,1,0,"midday"
34,294,74,220,"weekend","morning","travelling","unknown","grocery",0,1,0,"morning"
34,296,76,220,"weekday","afternoon","working","unknown","restaurant",0,1,0,"midday"
34,297,77,220,"weekday","beforelunch","travelling","unknown","grocery",1,1,0,"midday"
34,300,80,220,"weekday","beforelunch","travelling","cold","restaurant",1,1,0,"midday"
34,301,81,220,"weekday","beforelunch","travelling","warm","grocery",0,1,0,"midday"
34,302,82,220,"weekday","beforelunch","shopping","cold","restaurant",0,1,0,"midday"
34,303,83,220,"weekday","lunch","morningrituals","freezing","grocery",1,1,0,"midday"
34,304,84,220,"weekday","afternoon","working","warm","restaurant",1,1,0,"midday"
34,305,85,220,"weekend","afternoon","unknown","cold","restaurant",0,1,0,"midday"
34,307,87,220,"weekday","afternoon","travelling","unknown","grocery",0,1,0,"midday"
34,308,88,220,"weekday","breakfast","workingout","cold","restaurant",0,1,0,"morning"
34,309,89,220,"weekday","lunch","travelling","warm","grocery",1,1,0,"midday"
34,310,90,220,"weekend","earlymorning","travelling","cold","restaurant",0,1,0,"morning"
34,312,92,220,"weekend","evening","travelling","cold","grocery",0,1,0,"night"
34,313,93,220,"weekday","lunch","travelling","unknown","grocery",1,1,0,"midday"
34,314,94,220,"weekday","beforelunch","unknown","warm","restaurant",1,1,0,"midday"
34,315,95,220,"weekend","lunch","travelling","hot","grocery",0,1,0,"midday"
34,316,96,220,"weekday","breakfast","unknown","warm","grocery",1,1,0,"morning"
34,318,98,220,"weekend","lunch","travelling","cold","restaurant",0,1,0,"midday"
34,319,99,220,"weekday","lunch","travelling","cold","grocery",0,1,0,"midday"
34,320,100,220,"weekday","beforelunch","unknown","unknown","restaurant",0,1,0,"midday"
34,321,101,220,"weekday","dinner","travelling","warm","restaurant",0,1,0,"night"
34,323,103,220,"weekend","afternoon","travelling","cold","grocery",0,1,0,"midday"
34,325,105,220,"weekday","morning","working","unknown","grocery",0,1,0,"morning"
34,326,106,220,"weekday","breakfast","working","cold","restaurant",1,1,0,"morning"
34,329,109,220,"weekend","breakfast","working","unknown","grocery",0,1,0,"morning"
34,330,110,220,"weekday","beforelunch","travelling","cold","grocery",0,1,0,"midday"
34,332,112,220,"weekend","afternoon","travelling","cold","restaurant",1,1,0,"midday"
34,334,114,220,"weekday","dinner","travelling","freezing","restaurant",0,1,1,"night"
34,336,116,220,"weekday","lunch","travelling","cold","grocery",0,1,1,"midday"
34,339,119,220,"weekday","evening","unknown","unknown","restaurant",0,1,1,"night"
34,342,122,220,"weekday","afternoon","travelling","cold","restaurant",0,1,1,"midday"
34,343,123,220,"weekday","afternoon","travelling","warm","restaurant",0,1,1,"midday"
34,344,124,220,"weekday","afternoon","morningrituals","cold","grocery",0,1,1,"midday"
34,345,125,220,"weekend","afternoon","working","freezing","restaurant",0,1,1,"midday"
34,347,127,220,"weekday","afternoon","travelling","warm","grocery",1,1,1,"midday"
34,350,130,220,"weekday","afternoon","morningrituals","cold","restaurant",0,1,1,"midday"
34,351,131,220,"weekday","lunch","travelling","unknown","grocery",0,1,1,"midday"
34,352,132,220,"weekday","breakfast","leisure","hot","restaurant",0,1,1,"morning"
34,356,136,220,"weekday","lunch","travelling","cold","restaurant",1,1,1,"midday"
34,360,140,220,"weekday","morning","leisure","cold","grocery",0,1,1,"morning"
34,362,142,220,"weekday","afternoon","travelling","freezing","restaurant",0,1,1,"midday"
34,364,144,220,"weekday","breakfast","travelling","warm","restaurant",0,1,1,"morning"
34,365,145,220,"weekend","breakfast","leisure","hot","grocery",0,1,1,"morning"
34,366,146,220,"weekday","afternoon","travelling","cold","restaurant",0,1,1,"midday"
34,367,147,220,"weekday","afternoon","travelling","cold","restaurant",0,1,1,"midday"
34,369,149,220,"weekday","beforelunch","travelling","cold","restaurant",0,1,1,"midday"
34,370,150,220,"weekday","afternoon","unknown","hot","grocery",0,1,1,"midday"
34,374,154,220,"weekday","afternoon","travelling","hot","grocery",0,1,1,"midday"
34,377,157,220,"weekday","beforelunch","working","warm","grocery",0,1,1,"midday"
34,378,158,220,"weekday","lunch","travelling","unknown","grocery",0,1,1,"midday"
34,381,161,220,"weekend","morning","travelling","cold","grocery",0,1,1,"morning"
34,383,163,220,"weekday","lunch","travelling","hot","restaurant",0,1,1,"midday"
34,384,164,220,"weekend","breakfast","working","cold","restaurant",0,1,1,"morning"
34,385,165,220,"weekday","beforelunch","working","cold","grocery",0,1,1,"midday"
34,386,166,220,"weekend","afternoon","working","freezing","grocery",1,1,1,"midday"
34,387,167,220,"weekend","afternoon","travelling","unknown","grocery",0,1,1,"midday"
34,394,174,220,"weekday","lunch","morningrituals","freezing","restaurant",1,1,1,"midday"
34,395,175,220,"weekday","afternoon","travelling","warm","restaurant",0,1,1,"midday"
34,398,178,220,"weekday","lunch","travelling","unknown","restaurant",0,1,1,"midday"
34,399,179,220,"weekday","afternoon","working","warm","grocery",0,1,1,"midday"
34,400,180,220,"weekday","lunch","unknown","cold","restaurant",1,1,1,"midday"
34,401,181,220,"weekend","unknown","travelling","unknown","restaurant",0,1,1,"unknown"
34,402,182,220,"weekend","afternoon","travelling","freezing","grocery",0,1,1,"midday"
35,228,1,227,"weekend","lunch","leisure","cold","grocery",0,0,0,"midday"
35,229,2,227,"weekend","breakfast","travelling","cold","grocery",0,0,0,"morning"
35,230,3,227,"weekday","night","working","freezing","restaurant",0,0,0,"night"
35,231,4,227,"weekend","afternoon","travelling","cold","restaurant",0,0,0,"midday"
35,232,5,227,"weekend","breakfast","travelling","freezing","restaurant",0,0,0,"morning"
35,233,6,227,"weekday","lunch","travelling","cold","grocery",1,0,0,"midday"
35,234,7,227,"weekend","lunch","travelling","freezing","grocery",1,0,0,"midday"
35,241,14,227,"weekday","morning","travelling","freezing","grocery",0,0,0,"morning"
35,243,16,227,"weekday","unknown","travelling","cold","grocery",0,0,0,"unknown"
35,249,22,227,"weekday","breakfast","travelling","cold","grocery",0,0,0,"morning"
35,258,31,227,"weekday","afternoon","travelling","hot","grocery",0,0,0,"midday"
35,260,33,227,"weekday","lunch","travelling","cold","restaurant",0,0,0,"midday"
35,270,43,227,"weekday","latenight","travelling","warm","grocery",0,0,0,"night"
35,273,46,227,"weekday","afternoon","travelling","warm","grocery",0,0,0,"midday"
35,274,47,227,"weekend","lunch","unknown","cold","restaurant",1,0,0,"midday"
35,275,48,227,"weekend","beforelunch","morningrituals","warm","grocery",0,0,0,"midday"
35,279,52,227,"weekday","morning","travelling","freezing","grocery",0,0,0,"morning"
35,280,53,227,"weekend","afternoon","leisure","hot","grocery",1,0,0,"midday"
35,281,54,227,"weekend","afternoon","unknown","cold","grocery",1,0,0,"midday"
35,282,55,227,"weekday","beforelunch","travelling","cold","restaurant",1,0,0,"midday"
35,288,61,227,"weekday","afternoon","travelling","cold","grocery",0,1,0,"midday"
35,290,63,227,"weekday","breakfast","shopping","warm","grocery",0,1,0,"morning"
35,291,64,227,"weekday","lunch","travelling","cold","restaurant",0,1,0,"midday"
35,293,66,227,"weekday","breakfast","shopping","unknown","grocery",0,1,0,"morning"
35,294,67,227,"weekday","breakfast","shopping","cold","restaurant",0,1,0,"morning"
35,295,68,227,"weekday","beforelunch","unknown","freezing","grocery",0,1,0,"midday"
35,296,69,227,"weekend","morning","travelling","freezing","restaurant",1,1,0,"morning"
35,306,79,227,"weekend","beforelunch","travelling","freezing","restaurant",0,1,0,"midday"
35,309,82,227,"weekend","beforelunch","travelling","warm","grocery",0,1,0,"midday"
35,313,86,227,"weekday","beforelunch","travelling","warm","grocery",0,1,0,"midday"
35,321,94,227,"weekday","afternoon","working","hot","grocery",1,1,0,"midday"
35,324,97,227,"weekday","unknown","working","warm","grocery",0,1,0,"unknown"
35,325,98,227,"weekday","beforelunch","travelling","warm","restaurant",0,1,0,"midday"
35,326,99,227,"weekday","afternoon","leisure","warm","restaurant",0,1,0,"midday"
35,328,101,227,"weekday","breakfast","leisure","unknown","restaurant",0,1,0,"morning"
35,332,105,227,"weekend","lunch","unknown","freezing","grocery",0,1,0,"midday"
35,337,110,227,"weekday","beforelunch","unknown","unknown","grocery",1,1,0,"midday"
35,342,115,227,"weekday","beforelunch","shopping","hot","grocery",1,1,1,"midday"
35,344,117,227,"weekday","morning","social","freezing","restaurant",0,1,1,"morning"
35,346,119,227,"weekend","breakfast","unknown","freezing","restaurant",0,1,1,"morning"
35,353,126,227,"weekend","breakfast","morningrituals","unknown","grocery",0,1,1,"morning"
35,358,131,227,"weekday","earlymorning","travelling","cold","restaurant",1,1,1,"morning"
35,364,137,227,"weekend","lunch","travelling","cold","grocery",0,1,1,"midday"
35,365,138,227,"weekday","beforelunch","leisure","unknown","grocery",0,1,1,"midday"
35,369,142,227,"weekday","lunch","shopping","cold","restaurant",0,1,1,"midday"
35,370,143,227,"weekday","lunch","unknown","warm","grocery",0,1,1,"midday"
35,371,144,227,"weekday","lunch","travelling","cold","restaurant",1,1,1,"midday"
35,372,145,227,"weekday","breakfast","travelling","warm","restaurant",0,1,1,"morning"
35,373,146,227,"weekday","afternoon","travelling","warm","grocery",0,1,1,"midday"
35,374,147,227,"weekend","earlymorning","unknown","freezing","restaurant",0,1,1,"morning"
35,380,153,227,"weekend","afternoon","travelling","unknown","grocery",0,1,1,"midday"
35,381,154,227,"weekday","beforelunch","travelling","cold","grocery",1,1,1,"midday"
35,383,156,227,"weekend","afternoon","travelling","unknown","grocery",0,1,1,"midday"
35,385,158,227,"weekend","afternoon","shopping","freezing","restaurant",0,1,1,"midday"
35,386,159,227,"weekday","afternoon","travelling","unknown","grocery",1,1,1,"midday"
35,389,162,227,"weekday","lunch","travelling","warm","grocery",0,1,1,"midday"
35,391,164,227,"weekday","lunch","unknown","unknown","restaurant",0,1,1,"midday"
35,395,168,227,"weekday","morning","shopping","freezing","grocery",0,1,1,"morning"
35,403,176,227,"weekday","lunch","unknown","unknown","restaurant",0,1,1,"midday"
35,409,182,227,"weekday","afternoon","travelling","unknown","restaurant",0,1,1,"midday"
36,236,0,236,"weekday","afternoon","shopping","cold","grocery",1,0,0,"midday"
36,237,1,236,"weekday","earlymorning","leisure","cold","restaurant",1,0,0,"morning"
36,238,2,236,"weekend","afternoon","travelling","warm","grocery",0,0,0,"midday"
36,239,3,236,"weekday","breakfast","travelling","warm","grocery",1,0,0,"morning"
36,240,4,236,"weekday","breakfast","travelling","freezing","grocery",0,0,0,"morning"
36,241,5,236,"weekend","afternoon","travelling","freezing","grocery",0,0,0,"midday"
36,244,8,236,"weekday","dinner","unknown","freezing","grocery",0,0,0,"night"
36,247,11,236,"weekday","lunch","travelling","unknown","restaurant",1,0,0,"midday"
36,250,14,236,"weekend","beforelunch","travelling","cold","restaurant",1,0,0,"midday"
36,251,15,236,"weekday","breakfast","travelling","freezing","grocery",0,0,0,"morning"
36,253,17,236,"weekend","afternoon","travelling","freezing","grocery",0,0,0,"midday"
36,254,18,236,"weekend","afternoon","travelling","freezing","grocery",0,0,0,"midday"
36,255,19,236,"weekday","afternoon","shopping","freezing","restaurant",0,0,0,"midday"
36,256,20,236,"weekday","afternoon","unknown","warm","restaurant",1,0,0,"midday"
36,257,21,236,"weekday","night","travelling","freezing","grocery",0,0,0,"night"
36,259,23,236,"weekend","beforelunch","travelling","cold","grocery",0,0,0,"midday"
36,261,25,236,"weekday","lunch","travelling","unknown","grocery",1,0,0,"midday"
36,262,26,236,"weekday","lunch","leisure","freezing","grocery",0,0,0,"midday"
36,264,28,236,"weekday","afternoon","working","warm","grocery",0,0,0,"midday"
36,265,29,236,"weekday","evening","travelling","warm","restaurant",0,0,0,"night"
36,266,30,236,"weekday","afternoon","leisure","freezing","grocery",0,0,0,"midday"
36,267,31,236,"weekday","breakfast","travelling","cold","grocery",0,0,0,"morning"
36,268,32,236,"weekday","afternoon","unknown","cold","grocery",1,0,0,"midday"
36,269,33,236,"weekend","lunch","working","cold","grocery",0,0,0,"midday"
36,270,34,236,"weekday","lunch","unknown","cold","grocery",0,0,0,"midday"
36,272,36,236,"weekday","afternoon","shopping","cold","restaurant",0,0,0,"midday"
36,273,37,236,"weekday","lunch","leisure","unknown","restaurant",0,0,0,"midday"
36,274,38,236,"weekday","beforelunch","travelling","freezing","restaurant",0,0,0,"midday"
36,277,41,236,"weekday","afternoon","travelling","cold","grocery",1,0,0,"midday"
36,278,42,236,"weekday","beforelunch","travelling","cold","restaurant",1,0,0,"midday"
36,279,43,236,"weekday","beforelunch","unknown","freezing","restaurant",1,0,0,"midday"
36,280,44,236,"weekend","lunch","travelling","cold","restaurant",1,0,0,"midday"
36,281,45,236,"weekday","afternoon","leisure","warm","restaurant",1,0,0,"midday"
36,282,46,236,"unknown","afternoon","travelling","cold","grocery",0,0,0,"midday"
36,283,47,236,"weekday","breakfast","travelling","freezing","grocery",0,0,0,"morning"
36,285,49,236,"weekend","night","housework","unknown","restaurant",1,0,0,"night"
36,286,50,236,"weekday","afternoon","travelling","warm","grocery",0,0,0,"midday"
36,287,51,236,"weekend","breakfast","travelling","hot","restaurant",0,0,0,"morning"
36,288,52,236,"weekend","afternoon","unknown","hot","grocery",0,0,0,"midday"
36,289,53,236,"weekend","breakfast","travelling","freezing","restaurant",0,0,0,"morning"
36,290,54,236,"weekday","breakfast","travelling","freezing","grocery",1,0,0,"morning"
36,292,56,236,"weekday","night","travelling","unknown","restaurant",0,0,0,"night"
36,294,58,236,"weekday","afternoon","travelling","hot","restaurant",1,1,0,"midday"
36,295,59,236,"weekday","lunch","unknown","cold","grocery",0,1,0,"midday"
36,298,62,236,"weekday","lunch","travelling","cold","grocery",0,1,0,"midday"
36,301,65,236,"weekday","lunch","travelling","cold","restaurant",0,1,0,"midday"
36,302,66,236,"weekend","beforelunch","travelling","freezing","restaurant",1,1,0,"midday"
36,303,67,236,"weekday","breakfast","shopping","cold","grocery",1,1,0,"morning"
36,305,69,236,"weekday","lunch","leisure","unknown","restaurant",0,1,0,"midday"
36,306,70,236,"weekend","dinner","travelling","cold","grocery",1,1,0,"night"
36,307,71,236,"weekday","lunch","morningrituals","hot","restaurant",0,1,0,"midday"
36,308,72,236,"weekend","lunch","travelling","hot","grocery",0,1,0,"midday"
36,309,73,236,"weekday","lunch","leisure","unknown","restaurant",0,1,0,"midday"
36,310,74,236,"weekend","breakfast","travelling","cold","restaurant",0,1,0,"morning"
36,311,75,236,"weekday","beforelunch","working","warm","restaurant",1,1,0,"midday"
36,312,76,236,"weekend","afternoon","leisure","cold","restaurant",0,1,0,"midday"
36,313,77,236,"weekday","beforelunch","unknown","cold","grocery",0,1,0,"midday"
36,315,79,236,"weekend","afternoon","travelling","freezing","grocery",1,1,0,"midday"
36,318,82,236,"weekday","afternoon","travelling","unknown","restaurant",0,1,0,"midday"
36,321,85,236,"weekday","afternoon","unknown","freezing","restaurant",0,1,0,"midday"
36,327,91,236,"weekend","lunch","travelling","unknown","grocery",1,1,0,"midday"
36,329,93,236,"weekend","beforelunch","unknown","warm","restaurant",1,1,0,"midday"
36,331,95,236,"weekday","afternoon","unknown","freezing","restaurant",0,1,0,"midday"
36,332,96,236,"weekday","earlymorning","leisure","unknown","grocery",1,1,0,"morning"
36,333,97,236,"weekday","afternoon","unknown","unknown","grocery",0,1,0,"midday"
36,334,98,236,"weekday","lunch","travelling","freezing","restaurant",1,1,0,"midday"
36,336,100,236,"weekend","afternoon","travelling","freezing","grocery",0,1,0,"midday"
36,337,101,236,"weekday","morning","shopping","warm","grocery",0,1,0,"morning"
36,338,102,236,"weekday","afternoon","travelling","cold","grocery",0,1,0,"midday"
36,339,103,236,"weekday","afternoon","travelling","warm","restaurant",1,1,0,"midday"
36,341,105,236,"weekend","breakfast","shopping","cold","restaurant",0,1,0,"morning"
36,343,107,236,"weekend","afternoon","working","cold","grocery",0,1,0,"midday"
36,344,108,236,"weekday","beforelunch","leisure","cold","grocery",1,1,0,"midday"
36,345,109,236,"weekday","lunch","unknown","warm","restaurant",0,1,0,"midday"
36,347,111,236,"weekday","breakfast","working","cold","restaurant",0,1,0,"morning"
36,348,112,236,"weekday","unknown","travelling","unknown","restaurant",0,1,0,"unknown"
36,349,113,236,"weekend","dinner","travelling","hot","restaurant",0,1,1,"night"
36,350,114,236,"weekday","morning","travelling","cold","restaurant",0,1,1,"morning"
36,351,115,236,"weekday","breakfast","shopping","warm","restaurant",1,1,1,"morning"
36,353,117,236,"weekday","evening","shopping","cold","grocery",1,1,1,"night"
36,354,118,236,"weekday","lunch","travelling","freezing","restaurant",1,1,1,"midday"
36,355,119,236,"weekend","breakfast","travelling","cold","grocery",1,1,1,"morning"
36,356,120,236,"weekday","morning","travelling","cold","restaurant",0,1,1,"morning"
36,358,122,236,"weekend","afternoon","unknown","warm","grocery",0,1,1,"midday"
36,359,123,236,"weekday","lunch","travelling","warm","restaurant",1,1,1,"midday"
36,360,124,236,"weekend","afternoon","working","cold","grocery",0,1,1,"midday"
36,364,128,236,"weekend","morning","leisure","cold","grocery",0,1,1,"morning"
36,365,129,236,"weekday","dinner","travelling","freezing","grocery",0,1,1,"night"
36,366,130,236,"weekday","afternoon","travelling","cold","grocery",0,1,1,"midday"
36,367,131,236,"weekday","afternoon","shopping","freezing","restaurant",1,1,1,"midday"
36,370,134,236,"weekend","morning","travelling","cold","grocery",0,1,1,"morning"
36,371,135,236,"weekend","lunch","shopping","unknown","grocery",0,1,1,"midday"
36,373,137,236,"weekday","breakfast","travelling","unknown","restaurant",1,1,1,"morning"
36,375,139,236,"weekday","lunch","unknown","unknown","restaurant",0,1,1,"midday"
36,377,141,236,"weekday","unknown","shopping","freezing","restaurant",1,1,1,"unknown"
36,379,143,236,"weekday","breakfast","leisure","unknown","restaurant",1,1,1,"morning"
36,382,146,236,"weekend","lunch","travelling","warm","grocery",0,1,1,"midday"
36,383,147,236,"weekend","night","travelling","freezing","restaurant",0,1,1,"night"
36,385,149,236,"weekday","afternoon","shopping","unknown","grocery",1,1,1,"midday"
36,386,150,236,"weekday","afternoon","travelling","unknown","restaurant",0,1,1,"midday"
36,387,151,236,"weekday","afternoon","travelling","hot","restaurant",0,1,1,"midday"
36,389,153,236,"weekday","breakfast","travelling","unknown","grocery",1,1,1,"morning"
36,390,154,236,"weekday","beforelunch","travelling","unknown","grocery",0,1,1,"midday"
36,391,155,236,"weekday","breakfast","travelling","cold","grocery",0,1,1,"morning"
36,393,157,236,"weekday","breakfast","unknown","warm","grocery",0,1,1,"morning"
36,395,159,236,"weekday","afternoon","travelling","warm","restaurant",1,1,1,"midday"
36,397,161,236,"weekend","breakfast","unknown","freezing","restaurant",0,1,1,"morning"
36,399,163,236,"unknown","latenight","travelling","cold","restaurant",1,1,1,"night"
36,404,168,236,"weekend","lunch","unknown","unknown","grocery",0,1,1,"midday"
36,405,169,236,"weekday","beforelunch","morningrituals","cold","restaurant",0,1,1,"midday"
36,406,170,236,"weekday","unknown","shopping","freezing","restaurant",1,1,1,"unknown"
36,409,173,236,"weekday","lunch","travelling","cold","grocery",0,1,1,"midday"
36,410,174,236,"weekday","beforelunch","travelling","freezing","grocery",0,1,1,"midday"
36,411,175,236,"weekday","lunch","leisure","cold","grocery",1,1,1,"midday"
36,412,176,236,"weekend","lunch","working","freezing","grocery",0,1,1,"midday"
36,414,178,236,"weekend","afternoon","travelling","hot","grocery",1,1,1,"midday"
36,415,179,236,"weekday","breakfast","working","unknown","restaurant",1,1,1,"morning"
36,418,182,236,"weekday","beforelunch","travelling","freezing","grocery",0,1,1,"midday"
37,240,1,239,"weekend","beforelunch","unknown","warm","restaurant",1,0,0,"midday"
37,241,2,239,"weekday","beforelunch","housework","cold","grocery",1,0,0,"midday"
37,245,6,239,"unknown","evening","travelling","freezing","grocery",0,0,0,"night"
37,246,7,239,"weekday","breakfast","travelling","freezing","restaurant",0,0,0,"morning"
37,249,10,239,"weekend","afternoon","shopping","unknown","restaurant",1,0,0,"midday"
37,253,14,239,"weekend","night","unknown","freezing","restaurant",0,0,0,"night"
37,255,16,239,"weekday","morning","working","warm","grocery",0,0,0,"morning"
37,258,19,239,"weekend","afternoon","travelling","cold","restaurant",0,0,0,"midday"
37,259,20,239,"unknown","morning","travelling","hot","grocery",1,0,0,"morning"
37,260,21,239,"weekday","dinner","unknown","unknown","grocery",1,0,0,"night"
37,262,23,239,"weekend","beforelunch","travelling","unknown","restaurant",1,0,0,"midday"
37,264,25,239,"weekday","afternoon","travelling","cold","grocery",0,0,0,"midday"
37,265,26,239,"weekday","unknown","leisure","hot","restaurant",0,0,0,"unknown"
37,268,29,239,"weekend","afternoon","unknown","unknown","restaurant",1,0,0,"midday"
37,286,47,239,"weekday","afternoon","travelling","cold","restaurant",0,0,0,"midday"
37,288,49,239,"weekend","lunch","travelling","unknown","grocery",1,0,0,"midday"
37,289,50,239,"weekday","afternoon","travelling","hot","grocery",0,0,0,"midday"
37,291,52,239,"weekday","breakfast","travelling","warm","restaurant",0,0,0,"morning"
37,293,54,239,"weekend","afternoon","travelling","freezing","grocery",0,0,0,"midday"
37,302,63,239,"weekday","beforelunch","travelling","unknown","grocery",0,1,0,"midday"
37,311,72,239,"weekday","breakfast","travelling","hot","restaurant",1,1,0,"morning"
37,316,77,239,"unknown","lunch","travelling","unknown","restaurant",1,1,0,"midday"
37,317,78,239,"weekday","evening","travelling","freezing","grocery",0,1,0,"night"
37,323,84,239,"weekend","afternoon","travelling","warm","grocery",1,1,0,"midday"
37,328,89,239,"weekday","beforelunch","unknown","cold","restaurant",1,1,0,"midday"
37,329,90,239,"weekday","unknown","travelling","cold","grocery",1,1,0,"unknown"
37,331,92,239,"weekend","breakfast","travelling","warm","restaurant",1,1,0,"morning"
37,337,98,239,"weekday","afternoon","travelling","warm","restaurant",1,1,0,"midday"
37,340,101,239,"weekday","lunch","travelling","hot","grocery",0,1,0,"midday"
37,342,103,239,"weekday","morning","working","cold","grocery",0,1,0,"morning"
37,343,104,239,"weekday","beforelunch","unknown","freezing","grocery",1,1,0,"midday"
37,346,107,239,"weekday","lunch","travelling","warm","grocery",0,1,0,"midday"
37,348,109,239,"weekday","afternoon","shopping","freezing","grocery",1,1,0,"midday"
37,353,114,239,"weekday","evening","travelling","warm","grocery",0,1,1,"night"
37,366,127,239,"weekday","morning","unknown","freezing","grocery",0,1,1,"morning"
37,368,129,239,"weekday","afternoon","travelling","cold","grocery",0,1,1,"midday"
37,369,130,239,"weekday","lunch","travelling","freezing","grocery",0,1,1,"midday"
37,373,134,239,"weekend","afternoon","leisure","freezing","grocery",1,1,1,"midday"
37,374,135,239,"weekday","afternoon","leisure","freezing","grocery",1,1,1,"midday"
37,381,142,239,"weekend","breakfast","travelling","cold","restaurant",0,1,1,"morning"
37,386,147,239,"weekday","afternoon","travelling","unknown","restaurant",0,1,1,"midday"
37,388,149,239,"weekend","afternoon","unknown","unknown","restaurant",1,1,1,"midday"
37,400,161,239,"weekday","afternoon","shopping","warm","restaurant",1,1,1,"midday"
37,402,163,239,"weekend","lunch","morningrituals","warm","grocery",0,1,1,"midday"
37,409,170,239,"weekend","lunch","travelling","cold","grocery",1,1,1,"midday"
37,410,171,239,"weekday","breakfast","travelling","warm","restaurant",1,1,1,"morning"
37,411,172,239,"weekend","lunch","unknown","unknown","grocery",0,1,1,"midday"
37,412,173,239,"weekend","morning","travelling","cold","restaurant",1,1,1,"morning"
37,413,174,239,"weekday","breakfast","travelling","cold","grocery",1,1,1,"morning"
37,416,177,239,"weekday","beforelunch","travelling","warm","grocery",1,1,1,"midday"
37,418,179,239,"weekend","afternoon","unknown","freezing","restaurant",1,1,1,"midday"
37,422,183,239,"weekday","beforelunch","travelling","hot","restaurant",0,1,1,"midday"
38,246,1,245,"weekday","lunch","travelling","cold","restaurant",1,0,0,"midday"
38,247,2,245,"weekday","lunch","travelling","warm","grocery",0,0,0,"midday"
38,252,7,245,"weekday","lunch","shopping","unknown","grocery",0,0,0,"midday"
38,257,12,245,"weekday","lunch","shopping","unknown","grocery",0,0,0,"midday"
38,260,15,245,"weekday","morning","unknown","warm","restaurant",0,0,0,"morning"
38,266,21,245,"weekday","beforelunch","travelling","freezing","restaurant",0,0,0,"midday"
38,270,25,245,"weekday","afternoon","unknown","unknown","grocery",0,0,0,"midday"
38,271,26,245,"weekday","afternoon","travelling","freezing","grocery",0,0,0,"midday"
38,272,27,245,"weekday","night","travelling","cold","restaurant",1,0,0,"night"
38,274,29,245,"weekday","breakfast","travelling","warm","grocery",0,0,0,"morning"
38,275,30,245,"weekday","breakfast","travelling","unknown","grocery",1,0,0,"morning"
38,279,34,245,"weekday","beforelunch","travelling","freezing","restaurant",0,0,0,"midday"
38,281,36,245,"weekend","breakfast","working","freezing","restaurant",0,0,0,"morning"
38,286,41,245,"weekday","afternoon","unknown","hot","grocery",1,0,0,"midday"
38,287,42,245,"weekend","afternoon","travelling","freezing","grocery",0,0,0,"midday"
38,289,44,245,"weekday","breakfast","travelling","cold","grocery",0,0,0,"morning"
38,291,46,245,"weekday","lunch","travelling","cold","grocery",0,0,0,"midday"
38,297,52,245,"weekday","beforelunch","shopping","hot","restaurant",1,0,0,"midday"
38,299,54,245,"weekday","lunch","shopping","freezing","restaurant",1,0,0,"midday"
38,300,55,245,"weekday","lunch","travelling","cold","grocery",1,0,0,"midday"
38,304,59,245,"weekend","lunch","travelling","warm","restaurant",0,1,0,"midday"
38,305,60,245,"weekday","breakfast","travelling","unknown","grocery",0,1,0,"morning"
38,310,65,245,"weekday","beforelunch","travelling","warm","restaurant",0,1,0,"midday"
38,320,75,245,"weekday","breakfast","travelling","freezing","restaurant",0,1,0,"morning"
38,330,85,245,"weekend","lunch","working","freezing","grocery",0,1,0,"midday"
38,332,87,245,"weekend","dinner","leisure","unknown","restaurant",1,1,0,"night"
38,339,94,245,"weekday","beforelunch","unknown","cold","restaurant",0,1,0,"midday"
38,342,97,245,"weekday","beforelunch","unknown","freezing","grocery",0,1,0,"midday"
38,344,99,245,"weekday","afternoon","travelling","cold","restaurant",0,1,0,"midday"
38,352,107,245,"unknown","afternoon","travelling","freezing","grocery",1,1,0,"midday"
38,363,118,245,"weekday","morning","travelling","freezing","restaurant",1,1,1,"morning"
38,367,122,245,"weekday","beforelunch","unknown","unknown","restaurant",0,1,1,"midday"
38,373,128,245,"weekday","lunch","working","freezing","restaurant",1,1,1,"midday"
38,390,145,245,"weekday","beforelunch","morningrituals","unknown","grocery",0,1,1,"midday"
38,395,150,245,"weekend","afternoon","travelling","freezing","grocery",0,1,1,"midday"
38,396,151,245,"weekday","lunch","shopping","hot","restaurant",0,1,1,"midday"
38,400,155,245,"weekday","lunch","travelling","cold","restaurant",1,1,1,"midday"
38,402,157,245,"weekday","afternoon","working","cold","restaurant",0,1,1,"midday"
38,404,159,245,"unknown","dinner","working","freezing","grocery",1,1,1,"night"
38,405,160,245,"weekend","lunch","unknown","cold","restaurant",0,1,1,"midday"
38,407,162,245,"weekend","beforelunch","travelling","freezing","restaurant",0,1,1,"midday"
38,411,166,245,"weekday","breakfast","travelling","freezing","restaurant",0,1,1,"morning"
38,414,169,245,"weekday","lunch","shopping","unknown","grocery",1,1,1,"midday"
38,416,171,245,"weekday","dinner","travelling","warm","restaurant",1,1,1,"night"
38,419,174,245,"weekday","beforelunch","travelling","warm","grocery",1,1,1,"midday"
38,421,176,245,"weekday","lunch","leisure","freezing","restaurant",0,1,1,"midday"
39,249,0,249,"weekday","beforelunch","unknown","freezing","grocery",0,0,0,"midday"
39,250,1,249,"weekend","lunch","working","unknown","restaurant",0,0,0,"midday"
39,251,2,249,"weekend","breakfast","working","cold","restaurant",0,0,0,"morning"
39,253,4,249,"weekday","afternoon","travelling","unknown","restaurant",0,0,0,"midday"
39,257,8,249,"weekday","afternoon","working","cold","restaurant",0,0,0,"midday"
39,258,9,249,"weekday","beforelunch","travelling","cold","restaurant",1,0,0,"midday"
39,259,10,249,"weekend","beforelunch","working","unknown","grocery",0,0,0,"midday"
39,260,11,249,"weekend","morning","shopping","unknown","restaurant",1,0,0,"morning"
39,261,12,249,"weekend","lunch","travelling","warm","restaurant",0,0,0,"midday"
39,262,13,249,"weekend","afternoon","working","cold","grocery",0,0,0,"midday"
39,264,15,249,"weekday","unknown","unknown","freezing","restaurant",0,0,0,"unknown"
39,265,16,249,"weekend","morning","leisure","freezing","grocery",0,0,0,"morning"
39,267,18,249,"weekday","lunch","travelling","cold","grocery",0,0,0,"midday"
39,268,19,249,"weekday","afternoon","travelling","cold","grocery",0,0,0,"midday"
39,269,20,249,"weekday","beforelunch","working","cold","restaurant",0,0,0,"midday"
39,270,21,249,"weekday","afternoon","travelling","cold","grocery",0,0,0,"midday"
39,271,22,249,"weekday","beforelunch","travelling","cold","restaurant",0,0,0,"midday"
39,273,24,249,"weekday","lunch","travelling","cold","grocery",0,0,0,"midday"
39,274,25,249,"weekday","afternoon","unknown","unknown","grocery",0,0,0,"midday"
39,276,27,249,"weekend","beforelunch","travelling","cold","restaurant",0,0,0,"midday"
39,277,28,249,"weekend","lunch","shopping","unknown","restaurant",0,0,0,"midday"
39,279,30,249,"weekday","earlymorning","working","warm","restaurant",0,0,0,"morning"
39,280,31,249,"weekday","afternoon","travelling","hot","restaurant",1,0,0,"midday"
39,281,32,249,"weekday","unknown","unknown","hot","restaurant",1,0,0,"unknown"
39,282,33,249,"weekday","lunch","unknown","cold","grocery",0,0,0,"midday"
39,283,34,249,"weekday","lunch","working","warm","grocery",0,0,0,"midday"
39,284,35,249,"weekday","lunch","housework","freezing","grocery",0,0,0,"midday"
39,286,37,249,"weekday","breakfast","travelling","cold","restaurant",0,0,0,"morning"
39,287,38,249,"weekday","dinner","leisure","unknown","grocery",0,0,0,"night"
39,289,40,249,"weekday","breakfast","travelling","cold","restaurant",0,0,0,"morning"
39,292,43,249,"weekday","beforelunch","working","unknown","restaurant",0,0,0,"midday"
39,293,44,249,"weekend","lunch","working","cold","grocery",0,0,0,"midday"
39,296,47,249,"weekend","unknown","shopping","cold","restaurant",0,0,0,"unknown"
39,297,48,249,"weekend","beforelunch","travelling","hot","restaurant",0,0,0,"midday"
39,298,49,249,"weekend","lunch","travelling","hot","grocery",1,0,0,"midday"
39,301,52,249,"weekday","afternoon","working","freezing","restaurant",0,0,0,"midday"
39,302,53,249,"weekday","breakfast","unknown","freezing","grocery",0,0,0,"morning"
39,303,54,249,"weekday","afternoon","travelling","freezing","grocery",0,0,0,"midday"
39,304,55,249,"weekday","lunch","shopping","freezing","grocery",1,0,0,"midday"
39,305,56,249,"weekday","afternoon","travelling","hot","restaurant",1,0,0,"midday"
39,307,58,249,"weekend","afternoon","travelling","unknown","grocery",0,1,0,"midday"
39,310,61,249,"weekday","beforelunch","travelling","hot","grocery",0,1,0,"midday"
39,311,62,249,"unknown","afternoon","leisure","cold","grocery",0,1,0,"midday"
39,312,63,249,"weekend","breakfast","travelling","unknown","grocery",0,1,0,"morning"
39,313,64,249,"weekday","lunch","unknown","unknown","restaurant",0,1,0,"midday"
39,316,67,249,"weekday","morning","working","warm","restaurant",0,1,0,"morning"
39,317,68,249,"weekday","afternoon","travelling","warm","grocery",0,1,0,"midday"
39,320,71,249,"weekend","dinner","travelling","cold","restaurant",0,1,0,"night"
39,321,72,249,"weekday","lunch","travelling","freezing","grocery",0,1,0,"midday"
39,323,74,249,"weekday","beforelunch","travelling","freezing","grocery",0,1,0,"midday"
39,324,75,249,"weekday","dinner","travelling","cold","restaurant",0,1,0,"night"
39,325,76,249,"weekday","morning","travelling","cold","restaurant",1,1,0,"morning"
39,326,77,249,"weekday","afternoon","working","hot","grocery",0,1,0,"midday"
39,330,81,249,"weekday","beforelunch","travelling","warm","grocery",0,1,0,"midday"
39,331,82,249,"weekday","breakfast","unknown","hot","grocery",0,1,0,"morning"
39,332,83,249,"weekend","beforelunch","travelling","cold","grocery",0,1,0,"midday"
39,333,84,249,"weekday","afternoon","morningrituals","cold","restaurant",0,1,0,"midday"
39,336,87,249,"weekday","beforelunch","unknown","freezing","restaurant",0,1,0,"midday"
39,337,88,249,"weekday","afternoon","travelling","cold","grocery",0,1,0,"midday"
39,338,89,249,"weekend","lunch","travelling","unknown","grocery",0,1,0,"midday"
39,339,90,249,"weekday","breakfast","travelling","freezing","grocery",0,1,0,"morning"
39,340,91,249,"weekday","afternoon","shopping","cold","restaurant",0,1,0,"midday"
39,341,92,249,"weekday","night","travelling","unknown","restaurant",0,1,0,"night"
39,343,94,249,"weekday","night","working","warm","restaurant",1,1,0,"night"
39,346,97,249,"weekday","beforelunch","leisure","freezing","grocery",0,1,0,"midday"
39,349,100,249,"weekday","earlymorning","working","warm","restaurant",0,1,0,"morning"
39,350,101,249,"weekday","breakfast","shopping","unknown","grocery",0,1,0,"morning"
39,351,102,249,"weekday","morning","travelling","cold","grocery",0,1,0,"morning"
39,352,103,249,"weekday","afternoon","shopping","unknown","grocery",1,1,0,"midday"
39,353,104,249,"weekday","beforelunch","unknown","warm","grocery",1,1,0,"midday"
39,354,105,249,"weekend","lunch","shopping","warm","restaurant",0,1,0,"midday"
39,355,106,249,"weekend","morning","travelling","freezing","grocery",0,1,0,"morning"
39,356,107,249,"weekday","afternoon","leisure","cold","restaurant",0,1,0,"midday"
39,357,108,249,"weekday","afternoon","travelling","freezing","grocery",0,1,0,"midday"
39,359,110,249,"weekend","afternoon","leisure","warm","restaurant",1,1,0,"midday"
39,361,112,249,"weekend","afternoon","leisure","cold","restaurant",0,1,0,"midday"
39,364,115,249,"weekday","breakfast","unknown","cold","restaurant",0,1,1,"morning"
39,365,116,249,"weekend","afternoon","travelling","unknown","grocery",0,1,1,"midday"
39,368,119,249,"weekend","afternoon","travelling","freezing","grocery",1,1,1,"midday"
39,369,120,249,"weekday","afternoon","travelling","unknown","grocery",0,1,1,"midday"
39,371,122,249,"weekday","afternoon","leisure","warm","restaurant",0,1,1,"midday"
39,372,123,249,"weekday","morning","travelling","cold","restaurant",0,1,1,"morning"
39,373,124,249,"weekday","afternoon","unknown","freezing","grocery",0,1,1,"midday"
39,374,125,249,"weekday","afternoon","travelling","cold","grocery",0,1,1,"midday"
39,375,126,249,"weekday","breakfast","travelling","warm","grocery",1,1,1,"morning"
39,376,127,249,"weekend","unknown","travelling","warm","restaurant",0,1,1,"unknown"
39,378,129,249,"weekday","lunch","travelling","unknown","grocery",0,1,1,"midday"
39,379,130,249,"weekday","morning","travelling","warm","restaurant",1,1,1,"morning"
39,381,132,249,"weekday","beforelunch","travelling","unknown","grocery",0,1,1,"midday"
39,382,133,249,"weekday","afternoon","shopping","hot","grocery",0,1,1,"midday"
39,383,134,249,"weekend","unknown","shopping","warm","grocery",1,1,1,"unknown"
39,384,135,249,"weekend","lunch","travelling","unknown","grocery",1,1,1,"midday"
39,385,136,249,"weekday","afternoon","unknown","cold","grocery",0,1,1,"midday"
39,386,137,249,"weekday","afternoon","working","unknown","grocery",0,1,1,"midday"
39,387,138,249,"weekday","morning","travelling","cold","grocery",1,1,1,"morning"
39,389,140,249,"weekday","night","travelling","freezing","grocery",0,1,1,"night"
39,390,141,249,"weekend","beforelunch","shopping","warm","restaurant",0,1,1,"midday"
39,391,142,249,"weekend","beforelunch","unknown","freezing","grocery",0,1,1,"midday"
39,393,144,249,"weekend","morning","travelling","unknown","grocery",0,1,1,"morning"
39,394,145,249,"weekday","breakfast","travelling","unknown","restaurant",0,1,1,"morning"
39,395,146,249,"weekday","breakfast","travelling","cold","grocery",0,1,1,"morning"
39,398,149,249,"weekday","lunch","travelling","unknown","grocery",0,1,1,"midday"
39,399,150,249,"weekday","lunch","unknown","cold","grocery",1,1,1,"midday"
39,402,153,249,"weekday","breakfast","unknown","warm","restaurant",0,1,1,"morning"
39,403,154,249,"weekday","afternoon","travelling","unknown","grocery",1,1,1,"midday"
39,406,157,249,"weekend","breakfast","working","cold","restaurant",0,1,1,"morning"
39,407,158,249,"weekday","dinner","travelling","unknown","grocery",0,1,1,"night"
39,409,160,249,"weekday","breakfast","travelling","hot","restaurant",0,1,1,"morning"
39,412,163,249,"weekday","breakfast","travelling","cold","restaurant",0,1,1,"morning"
39,414,165,249,"weekday","night","travelling","unknown","restaurant",0,1,1,"night"
39,417,168,249,"weekday","afternoon","working","unknown","restaurant",0,1,1,"midday"
39,419,170,249,"weekend","breakfast","unknown","freezing","grocery",0,1,1,"morning"
39,421,172,249,"weekday","afternoon","travelling","unknown","grocery",0,1,1,"midday"
39,423,174,249,"weekend","afternoon","travelling","freezing","restaurant",1,1,1,"midday"
39,425,176,249,"unknown","afternoon","travelling","cold","grocery",0,1,1,"midday"
39,426,177,249,"weekday","morning","travelling","freezing","grocery",1,1,1,"morning"
39,427,178,249,"weekend","breakfast","unknown","unknown","grocery",0,1,1,"morning"
39,432,183,249,"weekday","afternoon","travelling","unknown","grocery",0,1,1,"midday"
40,257,0,257,"weekday","beforelunch","working","warm","grocery",1,0,0,"midday"
40,266,9,257,"weekday","afternoon","unknown","freezing","grocery",0,0,0,"midday"
40,268,11,257,"weekend","beforelunch","unknown","unknown","grocery",0,0,0,"midday"
40,271,14,257,"weekday","night","travelling","unknown","grocery",1,0,0,"night"
40,272,15,257,"weekday","beforelunch","leisure","warm","restaurant",1,0,0,"midday"
40,273,16,257,"weekend","beforelunch","unknown","unknown","restaurant",0,0,0,"midday"
40,279,22,257,"weekday","lunch","unknown","cold","grocery",0,0,0,"midday"
40,285,28,257,"weekday","unknown","travelling","warm","restaurant",1,0,0,"unknown"
40,287,30,257,"unknown","morning","working","unknown","grocery",0,0,0,"morning"
40,289,32,257,"weekday","morning","travelling","warm","grocery",0,0,0,"morning"
40,294,37,257,"weekday","beforelunch","unknown","cold","grocery",1,0,0,"midday"
40,295,38,257,"weekday","afternoon","travelling","hot","grocery",0,0,0,"midday"
40,300,43,257,"weekday","dinner","unknown","warm","grocery",0,0,0,"night"
40,302,45,257,"weekend","breakfast","travelling","freezing","grocery",0,0,0,"morning"
40,303,46,257,"weekend","breakfast","unknown","cold","grocery",0,0,0,"morning"
40,306,49,257,"weekday","afternoon","morningrituals","hot","grocery",1,0,0,"midday"
40,308,51,257,"weekday","breakfast","travelling","cold","grocery",0,0,0,"morning"
40,315,58,257,"weekday","beforelunch","travelling","freezing","restaurant",0,1,0,"midday"
40,316,59,257,"weekday","afternoon","unknown","cold","grocery",0,1,0,"midday"
40,318,61,257,"weekend","lunch","shopping","warm","restaurant",0,1,0,"midday"
40,320,63,257,"weekday","unknown","travelling","unknown","restaurant",0,1,0,"unknown"
40,322,65,257,"weekday","lunch","morningrituals","cold","grocery",0,1,0,"midday"
40,324,67,257,"weekday","lunch","shopping","warm","restaurant",0,1,0,"midday"
40,330,73,257,"weekday","dinner","unknown","warm","grocery",0,1,0,"night"
40,334,77,257,"weekday","beforelunch","shopping","unknown","grocery",0,1,0,"midday"
40,339,82,257,"weekend","beforelunch","travelling","warm","restaurant",0,1,0,"midday"
40,344,87,257,"weekday","afternoon","travelling","freezing","restaurant",0,1,0,"midday"
40,347,90,257,"weekday","afternoon","travelling","warm","grocery",1,1,0,"midday"
40,350,93,257,"weekday","afternoon","morningrituals","hot","restaurant",0,1,0,"midday"
40,351,94,257,"weekday","breakfast","travelling","freezing","restaurant",0,1,0,"morning"
40,353,96,257,"weekday","afternoon","travelling","unknown","grocery",0,1,0,"midday"
40,356,99,257,"weekday","breakfast","working","unknown","grocery",1,1,0,"morning"
40,363,106,257,"weekday","breakfast","unknown","unknown","restaurant",0,1,0,"morning"
40,364,107,257,"weekday","lunch","travelling","cold","restaurant",1,1,0,"midday"
40,367,110,257,"weekday","afternoon","unknown","warm","restaurant",0,1,0,"midday"
40,368,111,257,"weekday","beforelunch","unknown","cold","restaurant",0,1,0,"midday"
40,373,116,257,"weekend","afternoon","travelling","unknown","grocery",0,1,1,"midday"
40,378,121,257,"weekend","lunch","travelling","hot","grocery",0,1,1,"midday"
40,389,132,257,"weekday","lunch","travelling","unknown","grocery",0,1,1,"midday"
40,398,141,257,"weekend","morning","travelling","warm","grocery",1,1,1,"morning"
40,401,144,257,"weekday","lunch","leisure","unknown","grocery",0,1,1,"midday"
40,403,146,257,"weekday","afternoon","working","cold","grocery",0,1,1,"midday"
40,408,151,257,"weekday","lunch","morningrituals","hot","grocery",1,1,1,"midday"
40,409,152,257,"weekday","lunch","unknown","cold","restaurant",0,1,1,"midday"
40,415,158,257,"weekday","beforelunch","shopping","freezing","restaurant",0,1,1,"midday"
40,416,159,257,"weekend","afternoon","travelling","freezing","grocery",0,1,1,"midday"
40,419,162,257,"weekday","afternoon","travelling","warm","grocery",0,1,1,"midday"
40,424,167,257,"weekday","lunch","unknown","warm","restaurant",1,1,1,"midday"
40,427,170,257,"weekday","afternoon","travelling","warm","grocery",0,1,1,"midday"
40,428,171,257,"weekday","lunch","travelling","hot","restaurant",1,1,1,"midday"
40,438,181,257,"weekday","morning","travelling","cold","restaurant",0,1,1,"morning"
40,439,182,257,"weekday","evening","travelling","cold","grocery",0,1,1,"night"
40,440,183,257,"weekday","afternoon","morningrituals","cold","restaurant",0,1,1,"midday"
41,273,6,267,"weekday","afternoon","travelling","cold","restaurant",0,0,0,"midday"
41,277,10,267,"weekday","afternoon","shopping","freezing","restaurant",1,0,0,"midday"
41,281,14,267,"weekday","lunch","travelling","cold","restaurant",0,0,0,"midday"
41,282,15,267,"weekday","breakfast","travelling","warm","restaurant",1,0,0,"morning"
41,284,17,267,"weekday","afternoon","travelling","cold","grocery",0,0,0,"midday"
41,285,18,267,"weekday","beforelunch","working","cold","grocery",0,0,0,"midday"
41,288,21,267,"weekday","afternoon","unknown","unknown","grocery",0,0,0,"midday"
41,289,22,267,"weekday","afternoon","unknown","freezing","restaurant",1,0,0,"midday"
41,291,24,267,"weekday","dinner","travelling","cold","restaurant",0,0,0,"night"
41,292,25,267,"weekend","dinner","travelling","cold","grocery",1,0,0,"night"
41,298,31,267,"weekday","afternoon","travelling","cold","restaurant",0,0,0,"midday"
41,322,55,267,"weekday","lunch","travelling","cold","restaurant",0,0,0,"midday"
41,326,59,267,"weekday","afternoon","unknown","warm","grocery",0,1,0,"midday"
41,328,61,267,"weekday","beforelunch","travelling","unknown","restaurant",0,1,0,"midday"
41,330,63,267,"weekday","breakfast","working","cold","grocery",1,1,0,"morning"
41,335,68,267,"weekday","beforelunch","unknown","warm","restaurant",0,1,0,"midday"
41,336,69,267,"weekday","lunch","travelling","warm","restaurant",0,1,0,"midday"
41,339,72,267,"weekday","breakfast","unknown","warm","grocery",1,1,0,"morning"
41,343,76,267,"weekday","lunch","travelling","warm","grocery",1,1,0,"midday"
41,348,81,267,"weekday","evening","travelling","freezing","grocery",1,1,0,"night"
41,353,86,267,"weekday","beforelunch","travelling","freezing","restaurant",1,1,0,"midday"
41,354,87,267,"weekday","breakfast","travelling","cold","grocery",0,1,0,"morning"
41,357,90,267,"weekday","beforelunch","travelling","hot","restaurant",1,1,0,"midday"
41,358,91,267,"weekday","breakfast","shopping","freezing","grocery",0,1,0,"morning"
41,364,97,267,"weekday","beforelunch","working","cold","grocery",0,1,0,"midday"
41,390,123,267,"weekday","lunch","travelling","freezing","restaurant",1,1,1,"midday"
41,392,125,267,"weekday","lunch","travelling","unknown","restaurant",0,1,1,"midday"
41,396,129,267,"weekend","afternoon","unknown","cold","grocery",1,1,1,"midday"
41,402,135,267,"weekday","afternoon","working","unknown","restaurant",0,1,1,"midday"
41,403,136,267,"weekday","beforelunch","working","cold","grocery",0,1,1,"midday"
41,407,140,267,"weekday","beforelunch","unknown","unknown","restaurant",0,1,1,"midday"
41,409,142,267,"weekday","evening","travelling","cold","restaurant",0,1,1,"night"
41,417,150,267,"weekday","dinner","working","unknown","restaurant",0,1,1,"night"
41,428,161,267,"weekday","breakfast","leisure","cold","grocery",0,1,1,"morning"
41,433,166,267,"weekend","lunch","working","cold","restaurant",0,1,1,"midday"
41,442,175,267,"weekday","lunch","leisure","freezing","grocery",1,1,1,"midday"
41,443,176,267,"weekend","beforelunch","travelling","freezing","grocery",0,1,1,"midday"
41,445,178,267,"weekend","lunch","unknown","cold","restaurant",0,1,1,"midday"
41,450,183,267,"weekend","beforelunch","unknown","cold","grocery",0,1,1,"midday"
42,330,52,278,"weekend","breakfast","working","cold","restaurant",0,0,0,"morning"
42,334,56,278,"unknown","breakfast","travelling","freezing","grocery",1,0,0,"morning"
42,344,66,278,"weekday","beforelunch","travelling","unknown","grocery",1,1,0,"midday"
42,345,67,278,"weekday","lunch","travelling","cold","grocery",0,1,0,"midday"
42,457,179,278,"weekday","lunch","travelling","hot","restaurant",0,1,1,"midday"
43,280,0,280,"weekend","afternoon","travelling","freezing","grocery",1,0,0,"midday"
43,281,1,280,"weekend","afternoon","unknown","freezing","restaurant",0,0,0,"midday"
43,284,4,280,"weekend","breakfast","shopping","freezing","grocery",0,0,0,"morning"
43,288,8,280,"weekday","morning","travelling","freezing","grocery",1,0,0,"morning"
43,290,10,280,"weekend","beforelunch","travelling","warm","restaurant",1,0,0,"midday"
43,291,11,280,"weekday","afternoon","unknown","unknown","restaurant",0,0,0,"midday"
43,292,12,280,"weekend","morning","leisure","cold","grocery",0,0,0,"morning"
43,296,16,280,"weekend","afternoon","travelling","unknown","grocery",0,0,0,"midday"
43,297,17,280,"weekday","breakfast","morningrituals","unknown","grocery",0,0,0,"morning"
43,300,20,280,"unknown","afternoon","travelling","unknown","grocery",1,0,0,"midday"
43,303,23,280,"weekday","afternoon","unknown","cold","restaurant",0,0,0,"midday"
43,308,28,280,"weekday","night","travelling","freezing","grocery",0,0,0,"night"
43,314,34,280,"weekend","morning","travelling","freezing","restaurant",0,0,0,"morning"
43,315,35,280,"weekday","earlymorning","unknown","cold","grocery",0,0,0,"morning"
43,316,36,280,"weekend","afternoon","unknown","freezing","restaurant",1,0,0,"midday"
43,318,38,280,"weekend","afternoon","travelling","cold","restaurant",0,0,0,"midday"
43,320,40,280,"weekday","lunch","unknown","unknown","grocery",1,0,0,"midday"
43,324,44,280,"weekday","beforelunch","shopping","cold","restaurant",0,0,0,"midday"
43,328,48,280,"weekday","night","working","freezing","restaurant",0,0,0,"night"
43,329,49,280,"weekend","lunch","working","hot","grocery",1,0,0,"midday"
43,330,50,280,"weekday","lunch","travelling","unknown","grocery",0,0,0,"midday"
43,333,53,280,"weekend","breakfast","working","freezing","grocery",0,0,0,"morning"
43,336,56,280,"weekday","afternoon","working","hot","restaurant",0,0,0,"midday"
43,338,58,280,"weekday","morning","travelling","hot","grocery",0,1,0,"morning"
43,341,61,280,"weekend","afternoon","working","unknown","restaurant",1,1,0,"midday"
43,346,66,280,"weekend","beforelunch","travelling","hot","restaurant",0,1,0,"midday"
43,350,70,280,"weekday","lunch","travelling","warm","grocery",0,1,0,"midday"
43,351,71,280,"weekend","lunch","unknown","freezing","restaurant",1,1,0,"midday"
43,357,77,280,"weekend","afternoon","morningrituals","warm","grocery",0,1,0,"midday"
43,363,83,280,"weekday","morning","travelling","cold","grocery",0,1,0,"morning"
43,370,90,280,"weekday","unknown","travelling","unknown","grocery",1,1,0,"unknown"
43,375,95,280,"weekday","beforelunch","working","cold","grocery",0,1,0,"midday"
43,380,100,280,"weekday","beforelunch","unknown","freezing","restaurant",0,1,0,"midday"
43,383,103,280,"weekend","afternoon","travelling","warm","grocery",0,1,0,"midday"
43,385,105,280,"weekday","lunch","travelling","freezing","grocery",0,1,0,"midday"
43,386,106,280,"weekday","dinner","unknown","warm","grocery",1,1,0,"night"
43,388,108,280,"weekday","afternoon","travelling","warm","grocery",1,1,0,"midday"
43,389,109,280,"weekday","afternoon","shopping","unknown","grocery",0,1,0,"midday"
43,390,110,280,"weekday","afternoon","unknown","freezing","restaurant",0,1,0,"midday"
43,394,114,280,"weekday","lunch","shopping","freezing","grocery",0,1,1,"midday"
43,400,120,280,"weekend","beforelunch","travelling","warm","grocery",1,1,1,"midday"
43,405,125,280,"weekend","dinner","unknown","unknown","restaurant",1,1,1,"night"
43,407,127,280,"weekday","afternoon","travelling","cold","grocery",0,1,1,"midday"
43,409,129,280,"weekday","beforelunch","travelling","unknown","grocery",1,1,1,"midday"
43,410,130,280,"weekday","lunch","morningrituals","freezing","restaurant",0,1,1,"midday"
43,411,131,280,"weekday","evening","travelling","freezing","restaurant",0,1,1,"night"
43,412,132,280,"weekday","breakfast","shopping","warm","restaurant",0,1,1,"morning"
43,414,134,280,"weekday","morning","travelling","unknown","grocery",1,1,1,"morning"
43,418,138,280,"weekend","breakfast","travelling","cold","grocery",1,1,1,"morning"
43,422,142,280,"weekday","morning","leisure","cold","restaurant",0,1,1,"morning"
43,425,145,280,"weekday","lunch","travelling","cold","grocery",0,1,1,"midday"
43,426,146,280,"weekday","breakfast","unknown","unknown","grocery",0,1,1,"morning"
43,429,149,280,"weekday","afternoon","leisure","cold","grocery",1,1,1,"midday"
43,430,150,280,"weekday","dinner","travelling","warm","grocery",0,1,1,"night"
43,432,152,280,"weekday","unknown","shopping","freezing","restaurant",0,1,1,"unknown"
43,435,155,280,"weekday","afternoon","travelling","unknown","restaurant",0,1,1,"midday"
43,437,157,280,"weekday","breakfast","leisure","cold","grocery",0,1,1,"morning"
43,439,159,280,"weekend","dinner","travelling","cold","grocery",0,1,1,"night"
43,441,161,280,"weekend","beforelunch","travelling","unknown","grocery",0,1,1,"midday"
43,442,162,280,"weekday","afternoon","travelling","freezing","restaurant",0,1,1,"midday"
43,443,163,280,"weekday","breakfast","travelling","cold","grocery",1,1,1,"morning"
43,444,164,280,"weekday","morning","travelling","freezing","grocery",1,1,1,"morning"
43,445,165,280,"weekday","afternoon","travelling","warm","restaurant",1,1,1,"midday"
43,448,168,280,"weekday","lunch","travelling","freezing","grocery",0,1,1,"midday"
43,449,169,280,"weekday","breakfast","shopping","hot","grocery",1,1,1,"morning"
43,454,174,280,"weekday","lunch","unknown","hot","restaurant",1,1,1,"midday"
43,455,175,280,"weekday","afternoon","leisure","cold","grocery",0,1,1,"midday"
43,456,176,280,"weekend","beforelunch","unknown","warm","restaurant",0,1,1,"midday"
43,457,177,280,"weekday","lunch","working","unknown","restaurant",0,1,1,"midday"
43,458,178,280,"weekend","lunch","morningrituals","unknown","grocery",0,1,1,"midday"
43,459,179,280,"weekday","lunch","travelling","hot","restaurant",0,1,1,"midday"
43,462,182,280,"weekday","dinner","leisure","freezing","restaurant",1,1,1,"night"
43,463,183,280,"weekday","beforelunch","working","freezing","restaurant",0,1,1,"midday"
44,287,2,285,"weekend","breakfast","travelling","unknown","grocery",0,0,0,"morning"
44,294,9,285,"weekday","beforelunch","travelling","freezing","grocery",0,0,0,"midday"
44,296,11,285,"weekend","beforelunch","unknown","cold","grocery",0,0,0,"midday"
44,306,21,285,"weekday","beforelunch","travelling","cold","restaurant",0,0,0,"midday"
44,311,26,285,"weekday","lunch","travelling","unknown","restaurant",0,0,0,"midday"
44,313,28,285,"weekday","afternoon","unknown","cold","restaurant",1,0,0,"midday"
44,315,30,285,"weekday","afternoon","travelling","warm","grocery",0,0,0,"midday"
44,318,33,285,"weekday","breakfast","travelling","cold","grocery",0,0,0,"morning"
44,321,36,285,"weekday","lunch","travelling","hot","restaurant",0,0,0,"midday"
44,322,37,285,"weekday","beforelunch","working","warm","restaurant",1,0,0,"midday"
44,324,39,285,"weekend","breakfast","travelling","cold","restaurant",0,0,0,"morning"
44,325,40,285,"weekend","dinner","unknown","freezing","restaurant",0,0,0,"night"
44,331,46,285,"weekday","morning","leisure","freezing","grocery",1,0,0,"morning"
44,340,55,285,"weekday","lunch","travelling","cold","restaurant",0,0,0,"midday"
44,347,62,285,"weekday","earlymorning","travelling","cold","restaurant",0,1,0,"morning"
44,350,65,285,"weekday","beforelunch","morningrituals","freezing","restaurant",0,1,0,"midday"
44,351,66,285,"weekday","lunch","leisure","warm","restaurant",0,1,0,"midday"
44,355,70,285,"weekend","breakfast","travelling","warm","restaurant",1,1,0,"morning"
44,360,75,285,"unknown","lunch","travelling","warm","restaurant",0,1,0,"midday"
44,362,77,285,"weekend","afternoon","working","cold","restaurant",1,1,0,"midday"
44,365,80,285,"weekday","beforelunch","travelling","warm","restaurant",1,1,0,"midday"
44,370,85,285,"weekday","afternoon","travelling","cold","restaurant",0,1,0,"midday"
44,375,90,285,"weekday","lunch","unknown","unknown","restaurant",0,1,0,"midday"
44,380,95,285,"weekday","morning","travelling","unknown","restaurant",0,1,0,"morning"
44,382,97,285,"weekday","breakfast","travelling","cold","grocery",0,1,0,"morning"
44,388,103,285,"weekday","afternoon","shopping","unknown","grocery",0,1,0,"midday"
44,389,104,285,"weekday","lunch","shopping","cold","restaurant",1,1,0,"midday"
44,394,109,285,"weekday","night","travelling","warm","grocery",0,1,0,"night"
44,395,110,285,"weekday","earlymorning","travelling","unknown","restaurant",0,1,0,"morning"
44,401,116,285,"weekday","morning","unknown","cold","grocery",0,1,1,"morning"
44,402,117,285,"weekday","afternoon","travelling","warm","restaurant",0,1,1,"midday"
44,407,122,285,"weekday","afternoon","travelling","cold","restaurant",1,1,1,"midday"
44,412,127,285,"weekday","morning","travelling","cold","restaurant",0,1,1,"morning"
44,422,137,285,"weekday","morning","travelling","hot","grocery",0,1,1,"morning"
44,424,139,285,"weekend","lunch","travelling","freezing","restaurant",0,1,1,"midday"
44,427,142,285,"weekend","breakfast","travelling","warm","restaurant",0,1,1,"morning"
44,432,147,285,"weekday","breakfast","unknown","cold","grocery",0,1,1,"morning"
44,438,153,285,"weekday","dinner","travelling","freezing","restaurant",1,1,1,"night"
44,439,154,285,"weekend","afternoon","travelling","unknown","grocery",1,1,1,"midday"
44,446,161,285,"weekday","lunch","leisure","warm","grocery",1,1,1,"midday"
44,451,166,285,"weekday","night","travelling","freezing","restaurant",0,1,1,"night"
44,453,168,285,"weekday","dinner","travelling","warm","grocery",0,1,1,"night"
44,457,172,285,"weekday","lunch","leisure","freezing","restaurant",1,1,1,"midday"
44,465,180,285,"weekday","breakfast","morningrituals","freezing","restaurant",0,1,1,"morning"
44,467,182,285,"weekday","lunch","travelling","unknown","restaurant",1,1,1,"midday"
45,294,3,291,"weekday","breakfast","travelling","cold","restaurant",0,0,0,"morning"
45,295,4,291,"weekday","lunch","unknown","cold","grocery",0,0,0,"midday"
45,298,7,291,"weekday","afternoon","travelling","warm","grocery",0,0,0,"midday"
45,300,9,291,"unknown","evening","travelling","cold","restaurant",0,0,0,"night"
45,301,10,291,"weekend","afternoon","travelling","unknown","grocery",0,0,0,"midday"
45,302,11,291,"weekday","afternoon","travelling","hot","restaurant",0,0,0,"midday"
45,304,13,291,"weekend","morning","working","freezing","restaurant",0,0,0,"morning"
45,305,14,291,"weekday","breakfast","working","cold","grocery",1,0,0,"morning"
45,306,15,291,"weekday","afternoon","travelling","freezing","grocery",0,0,0,"midday"
45,307,16,291,"weekday","beforelunch","shopping","warm","restaurant",0,0,0,"midday"
45,308,17,291,"weekend","earlymorning","travelling","freezing","grocery",0,0,0,"morning"
45,309,18,291,"weekday","morning","shopping","unknown","grocery",0,0,0,"morning"
45,311,20,291,"weekend","afternoon","leisure","freezing","grocery",0,0,0,"midday"
45,314,23,291,"weekend","lunch","travelling","hot","restaurant",0,0,0,"midday"
45,316,25,291,"weekday","morning","leisure","cold","restaurant",0,0,0,"morning"
45,317,26,291,"weekday","lunch","working","freezing","grocery",0,0,0,"midday"
45,320,29,291,"weekday","night","shopping","unknown","restaurant",0,0,0,"night"
45,321,30,291,"weekday","lunch","travelling","cold","restaurant",1,0,0,"midday"
45,323,32,291,"weekend","lunch","travelling","freezing","grocery",0,0,0,"midday"
45,324,33,291,"weekday","lunch","leisure","cold","grocery",0,0,0,"midday"
45,328,37,291,"weekday","breakfast","travelling","freezing","restaurant",1,0,0,"morning"
45,329,38,291,"weekend","lunch","unknown","cold","grocery",0,0,0,"midday"
45,330,39,291,"weekday","beforelunch","travelling","cold","restaurant",0,0,0,"midday"
45,332,41,291,"weekday","beforelunch","leisure","freezing","grocery",0,0,0,"midday"
45,333,42,291,"weekday","afternoon","shopping","hot","grocery",0,0,0,"midday"
45,334,43,291,"weekday","lunch","leisure","cold","restaurant",1,0,0,"midday"
45,335,44,291,"weekday","beforelunch","travelling","cold","grocery",0,0,0,"midday"
45,336,45,291,"weekday","evening","working","unknown","restaurant",0,0,0,"night"
45,338,47,291,"weekday","afternoon","unknown","freezing","restaurant",0,0,0,"midday"
45,341,50,291,"weekend","unknown","unknown","warm","grocery",0,0,0,"unknown"
45,342,51,291,"weekday","unknown","travelling","unknown","grocery",1,0,0,"unknown"
45,343,52,291,"weekday","lunch","travelling","freezing","grocery",1,0,0,"midday"
45,344,53,291,"weekday","afternoon","travelling","unknown","restaurant",0,0,0,"midday"
45,345,54,291,"weekday","beforelunch","unknown","freezing","restaurant",0,0,0,"midday"
45,347,56,291,"weekday","breakfast","travelling","hot","restaurant",0,0,0,"morning"
45,348,57,291,"weekday","breakfast","travelling","cold","grocery",0,1,0,"morning"
45,355,64,291,"weekday","afternoon","unknown","cold","grocery",0,1,0,"midday"
45,358,67,291,"weekday","afternoon","travelling","unknown","grocery",0,1,0,"midday"
45,359,68,291,"weekday","breakfast","travelling","cold","grocery",0,1,0,"morning"
45,362,71,291,"weekend","lunch","working","cold","grocery",0,1,0,"midday"
45,364,73,291,"weekend","afternoon","working","unknown","restaurant",1,1,0,"midday"
45,365,74,291,"weekday","afternoon","workingout","unknown","restaurant",0,1,0,"midday"
45,366,75,291,"weekday","afternoon","unknown","freezing","restaurant",0,1,0,"midday"
45,367,76,291,"weekday","lunch","travelling","freezing","restaurant",0,1,0,"midday"
45,368,77,291,"weekday","beforelunch","travelling","unknown","grocery",0,1,0,"midday"
45,369,78,291,"weekday","lunch","shopping","freezing","grocery",0,1,0,"midday"
45,377,86,291,"weekday","afternoon","travelling","cold","restaurant",0,1,0,"midday"
45,381,90,291,"weekend","lunch","travelling","unknown","grocery",1,1,0,"midday"
45,382,91,291,"weekday","lunch","travelling","unknown","grocery",0,1,0,"midday"
45,383,92,291,"weekend","lunch","travelling","unknown","restaurant",0,1,0,"midday"
45,386,95,291,"weekday","dinner","travelling","unknown","restaurant",0,1,0,"night"
45,387,96,291,"weekday","breakfast","travelling","unknown","grocery",0,1,0,"morning"
45,390,99,291,"weekday","lunch","travelling","cold","restaurant",1,1,0,"midday"
45,391,100,291,"weekday","afternoon","unknown","cold","grocery",0,1,0,"midday"
45,394,103,291,"weekday","lunch","travelling","cold","grocery",0,1,0,"midday"
45,395,104,291,"weekday","morning","working","freezing","grocery",0,1,0,"morning"
45,396,105,291,"weekday","dinner","working","hot","restaurant",1,1,0,"night"
45,399,108,291,"weekend","lunch","travelling","cold","restaurant",0,1,0,"midday"
45,400,109,291,"weekend","lunch","travelling","warm","restaurant",0,1,0,"midday"
45,402,111,291,"unknown","lunch","shopping","freezing","grocery",0,1,0,"midday"
45,404,113,291,"weekday","earlymorning","travelling","cold","restaurant",0,1,1,"morning"
45,407,116,291,"weekday","lunch","travelling","freezing","restaurant",0,1,1,"midday"
45,408,117,291,"weekend","afternoon","unknown","freezing","restaurant",0,1,1,"midday"
45,409,118,291,"weekday","lunch","travelling","unknown","restaurant",0,1,1,"midday"
45,412,121,291,"weekday","dinner","unknown","freezing","restaurant",1,1,1,"night"
45,413,122,291,"weekend","breakfast","travelling","cold","grocery",0,1,1,"morning"
45,415,124,291,"unknown","afternoon","travelling","cold","restaurant",0,1,1,"midday"
45,422,131,291,"unknown","morning","working","unknown","grocery",1,1,1,"morning"
45,423,132,291,"weekday","lunch","unknown","freezing","restaurant",0,1,1,"midday"
45,430,139,291,"weekday","afternoon","travelling","warm","grocery",0,1,1,"midday"
45,433,142,291,"weekend","beforelunch","travelling","cold","grocery",0,1,1,"midday"
45,437,146,291,"weekday","afternoon","travelling","cold","grocery",0,1,1,"midday"
45,441,150,291,"weekend","morning","leisure","unknown","restaurant",0,1,1,"morning"
45,443,152,291,"weekend","afternoon","shopping","cold","restaurant",0,1,1,"midday"
45,447,156,291,"weekday","beforelunch","unknown","cold","grocery",0,1,1,"midday"
45,448,157,291,"weekend","afternoon","unknown","freezing","grocery",0,1,1,"midday"
45,451,160,291,"weekend","afternoon","travelling","unknown","grocery",0,1,1,"midday"
45,453,162,291,"weekday","breakfast","social","unknown","grocery",0,1,1,"morning"
45,454,163,291,"weekday","lunch","unknown","freezing","grocery",0,1,1,"midday"
45,455,164,291,"weekday","beforelunch","workingout","unknown","restaurant",0,1,1,"midday"
45,456,165,291,"weekday","beforelunch","unknown","freezing","grocery",0,1,1,"midday"
45,457,166,291,"weekday","beforelunch","working","freezing","grocery",1,1,1,"midday"
45,458,167,291,"weekend","afternoon","unknown","warm","grocery",0,1,1,"midday"
45,459,168,291,"weekend","lunch","travelling","freezing","restaurant",0,1,1,"midday"
45,460,169,291,"weekend","beforelunch","working","unknown","grocery",0,1,1,"midday"
45,462,171,291,"weekend","afternoon","shopping","freezing","restaurant",0,1,1,"midday"
45,463,172,291,"weekday","night","unknown","cold","restaurant",1,1,1,"night"
45,464,173,291,"weekday","dinner","travelling","freezing","grocery",1,1,1,"night"
45,466,175,291,"weekend","afternoon","unknown","unknown","grocery",0,1,1,"midday"
45,468,177,291,"weekday","afternoon","unknown","warm","grocery",0,1,1,"midday"
45,469,178,291,"weekday","lunch","travelling","warm","restaurant",0,1,1,"midday"
45,470,179,291,"weekday","afternoon","travelling","unknown","grocery",0,1,1,"midday"
45,471,180,291,"weekend","evening","travelling","freezing","restaurant",1,1,1,"night"
45,472,181,291,"weekday","breakfast","working","freezing","grocery",0,1,1,"morning"
45,473,182,291,"weekday","breakfast","travelling","cold","grocery",0,1,1,"morning"
45,474,183,291,"weekday","breakfast","leisure","freezing","restaurant",0,1,1,"morning"
46,295,3,292,"weekend","breakfast","travelling","cold","grocery",0,0,0,"morning"
46,296,4,292,"weekend","afternoon","leisure","unknown","restaurant",1,0,0,"midday"
46,300,8,292,"weekday","afternoon","travelling","warm","grocery",0,0,0,"midday"
46,312,20,292,"weekend","lunch","travelling","warm","restaurant",0,0,0,"midday"
46,313,21,292,"weekday","afternoon","leisure","freezing","grocery",1,0,0,"midday"
46,318,26,292,"weekday","night","working","hot","restaurant",0,0,0,"night"
46,319,27,292,"weekend","morning","unknown","hot","grocery",1,0,0,"morning"
46,326,34,292,"weekday","morning","morningrituals","cold","restaurant",0,0,0,"morning"
46,332,40,292,"weekday","morning","unknown","hot","restaurant",0,0,0,"morning"
46,333,41,292,"unknown","breakfast","travelling","cold","grocery",0,0,0,"morning"
46,341,49,292,"weekend","breakfast","travelling","cold","restaurant",0,0,0,"morning"
46,342,50,292,"weekend","breakfast","travelling","freezing","restaurant",0,0,0,"morning"
46,347,55,292,"weekend","dinner","travelling","hot","grocery",0,0,0,"night"
46,352,60,292,"weekday","lunch","shopping","cold","restaurant",1,1,0,"midday"
46,355,63,292,"weekday","lunch","travelling","unknown","grocery",0,1,0,"midday"
46,356,64,292,"weekday","earlymorning","working","unknown","restaurant",0,1,0,"morning"
46,362,70,292,"weekday","beforelunch","travelling","freezing","grocery",0,1,0,"midday"
46,363,71,292,"weekend","beforelunch","leisure","cold","grocery",0,1,0,"midday"
46,364,72,292,"weekday","lunch","travelling","warm","restaurant",0,1,0,"midday"
46,370,78,292,"weekday","afternoon","travelling","unknown","grocery",0,1,0,"midday"
46,377,85,292,"weekday","unknown","unknown","unknown","restaurant",0,1,0,"unknown"
46,384,92,292,"weekday","lunch","travelling","hot","grocery",1,1,0,"midday"
46,385,93,292,"weekday","afternoon","shopping","freezing","grocery",0,1,0,"midday"
46,388,96,292,"weekday","breakfast","travelling","hot","restaurant",0,1,0,"morning"
46,400,108,292,"weekday","afternoon","leisure","unknown","grocery",1,1,0,"midday"
46,410,118,292,"weekday","afternoon","leisure","unknown","restaurant",1,1,1,"midday"
46,417,125,292,"weekday","afternoon","unknown","freezing","grocery",1,1,1,"midday"
46,419,127,292,"weekend","afternoon","leisure","unknown","grocery",0,1,1,"midday"
46,420,128,292,"weekend","afternoon","working","hot","restaurant",1,1,1,"midday"
46,426,134,292,"weekend","latenight","unknown","warm","restaurant",0,1,1,"night"
46,428,136,292,"weekday","afternoon","unknown","cold","restaurant",0,1,1,"midday"
46,440,148,292,"weekday","afternoon","travelling","cold","grocery",0,1,1,"midday"
46,442,150,292,"weekend","morning","working","cold","restaurant",0,1,1,"morning"
46,460,168,292,"weekend","afternoon","leisure","unknown","grocery",0,1,1,"midday"
46,462,170,292,"weekday","beforelunch","travelling","cold","restaurant",0,1,1,"midday"
46,471,179,292,"weekday","unknown","travelling","warm","restaurant",1,1,1,"unknown"
47,301,3,298,"weekday","lunch","unknown","freezing","grocery",1,0,0,"midday"
47,312,14,298,"weekend","earlymorning","travelling","cold","restaurant",0,0,0,"morning"
47,316,18,298,"weekday","lunch","unknown","hot","restaurant",0,0,0,"midday"
47,317,19,298,"weekday","breakfast","leisure","cold","restaurant",0,0,0,"morning"
47,319,21,298,"weekday","unknown","travelling","cold","restaurant",1,0,0,"unknown"
47,321,23,298,"weekday","afternoon","unknown","freezing","restaurant",1,0,0,"midday"
47,322,24,298,"weekday","beforelunch","shopping","cold","grocery",0,0,0,"midday"
47,327,29,298,"weekday","lunch","travelling","hot","grocery",0,0,0,"midday"
47,328,30,298,"weekday","lunch","travelling","freezing","restaurant",0,0,0,"midday"
47,330,32,298,"weekend","dinner","unknown","cold","restaurant",0,0,0,"night"
47,331,33,298,"weekday","evening","travelling","hot","grocery",1,0,0,"night"
47,332,34,298,"weekend","morning","travelling","hot","grocery",0,0,0,"morning"
47,335,37,298,"weekday","afternoon","shopping","cold","grocery",0,0,0,"midday"
47,339,41,298,"weekday","morning","travelling","cold","restaurant",0,0,0,"morning"
47,341,43,298,"weekday","lunch","travelling","unknown","grocery",1,0,0,"midday"
47,349,51,298,"weekday","morning","working","warm","restaurant",1,0,0,"morning"
47,354,56,298,"weekend","beforelunch","travelling","freezing","grocery",0,0,0,"midday"
47,359,61,298,"weekend","afternoon","travelling","cold","restaurant",0,1,0,"midday"
47,360,62,298,"weekday","afternoon","unknown","hot","grocery",0,1,0,"midday"
47,361,63,298,"weekday","beforelunch","unknown","cold","restaurant",0,1,0,"midday"
47,362,64,298,"weekday","breakfast","travelling","warm","grocery",0,1,0,"morning"
47,365,67,298,"weekday","afternoon","leisure","warm","grocery",0,1,0,"midday"
47,369,71,298,"weekend","afternoon","unknown","freezing","grocery",0,1,0,"midday"
47,372,74,298,"weekday","lunch","leisure","unknown","grocery",0,1,0,"midday"
47,373,75,298,"weekday","afternoon","unknown","freezing","restaurant",0,1,0,"midday"
47,374,76,298,"weekday","lunch","travelling","cold","restaurant",0,1,0,"midday"
47,381,83,298,"weekend","lunch","leisure","freezing","grocery",0,1,0,"midday"
47,387,89,298,"weekday","lunch","travelling","unknown","grocery",1,1,0,"midday"
47,390,92,298,"weekend","night","travelling","cold","restaurant",0,1,0,"night"
47,394,96,298,"weekend","beforelunch","travelling","freezing","grocery",0,1,0,"midday"
47,402,104,298,"weekday","lunch","shopping","cold","grocery",0,1,0,"midday"
47,407,109,298,"weekday","morning","travelling","warm","restaurant",0,1,0,"morning"
47,410,112,298,"weekday","afternoon","travelling","unknown","grocery",0,1,0,"midday"
47,413,115,298,"weekend","earlymorning","shopping","hot","grocery",1,1,1,"morning"
47,414,116,298,"weekday","beforelunch","travelling","unknown","grocery",1,1,1,"midday"
47,420,122,298,"weekday","breakfast","travelling","freezing","restaurant",1,1,1,"morning"
47,423,125,298,"weekday","afternoon","travelling","freezing","restaurant",0,1,1,"midday"
47,424,126,298,"weekday","beforelunch","travelling","freezing","restaurant",1,1,1,"midday"
47,425,127,298,"weekend","lunch","working","cold","restaurant",1,1,1,"midday"
47,427,129,298,"weekday","afternoon","travelling","unknown","grocery",1,1,1,"midday"
47,430,132,298,"weekend","evening","unknown","cold","restaurant",0,1,1,"night"
47,431,133,298,"weekday","dinner","shopping","hot","restaurant",0,1,1,"night"
47,435,137,298,"weekday","beforelunch","travelling","freezing","grocery",1,1,1,"midday"
47,442,144,298,"weekday","lunch","travelling","freezing","restaurant",0,1,1,"midday"
47,450,152,298,"weekday","afternoon","working","cold","restaurant",0,1,1,"midday"
47,456,158,298,"weekday","morning","leisure","unknown","grocery",1,1,1,"morning"
47,457,159,298,"weekend","lunch","working","hot","restaurant",0,1,1,"midday"
47,459,161,298,"weekday","afternoon","shopping","freezing","restaurant",0,1,1,"midday"
47,461,163,298,"weekday","night","travelling","cold","grocery",1,1,1,"night"
47,464,166,298,"weekday","afternoon","leisure","warm","restaurant",0,1,1,"midday"
47,467,169,298,"weekday","afternoon","travelling","unknown","restaurant",1,1,1,"midday"
47,468,170,298,"weekday","afternoon","leisure","cold","grocery",0,1,1,"midday"
47,475,177,298,"weekday","earlymorning","travelling","freezing","restaurant",0,1,1,"morning"
48,310,4,306,"weekend","latenight","travelling","cold","grocery",0,0,0,"night"
48,315,9,306,"weekday","dinner","working","cold","grocery",0,0,0,"night"
48,320,14,306,"weekday","afternoon","leisure","cold","restaurant",1,0,0,"midday"
48,323,17,306,"weekend","night","unknown","cold","grocery",1,0,0,"night"
48,330,24,306,"weekday","afternoon","shopping","freezing","grocery",0,0,0,"midday"
48,331,25,306,"weekday","lunch","leisure","warm","restaurant",0,0,0,"midday"
48,339,33,306,"weekday","morning","unknown","cold","restaurant",0,0,0,"morning"
48,350,44,306,"unknown","afternoon","unknown","cold","grocery",0,0,0,"midday"
48,352,46,306,"weekend","afternoon","travelling","unknown","grocery",0,0,0,"midday"
48,353,47,306,"weekend","lunch","travelling","cold","restaurant",0,0,0,"midday"
48,357,51,306,"weekend","lunch","shopping","warm","grocery",0,0,0,"midday"
48,360,54,306,"weekday","breakfast","travelling","cold","restaurant",0,0,0,"morning"
48,362,56,306,"weekend","unknown","travelling","cold","restaurant",0,0,0,"unknown"
48,373,67,306,"weekday","lunch","travelling","cold","grocery",0,1,0,"midday"
48,375,69,306,"weekend","beforelunch","working","hot","grocery",0,1,0,"midday"
48,378,72,306,"weekday","afternoon","travelling","cold","grocery",1,1,0,"midday"
48,381,75,306,"weekday","afternoon","travelling","cold","restaurant",0,1,0,"midday"
48,386,80,306,"weekday","breakfast","travelling","cold","grocery",0,1,0,"morning"
48,393,87,306,"weekend","beforelunch","working","freezing","restaurant",0,1,0,"midday"
48,394,88,306,"unknown","dinner","travelling","freezing","grocery",0,1,0,"night"
48,396,90,306,"weekday","beforelunch","travelling","unknown","grocery",0,1,0,"midday"
48,400,94,306,"weekday","beforelunch","travelling","freezing","grocery",1,1,0,"midday"
48,402,96,306,"weekend","beforelunch","travelling","unknown","restaurant",0,1,0,"midday"
48,406,100,306,"weekend","beforelunch","unknown","freezing","grocery",1,1,0,"midday"
48,408,102,306,"weekend","lunch","travelling","warm","grocery",0,1,0,"midday"
48,413,107,306,"weekday","beforelunch","travelling","freezing","restaurant",0,1,0,"midday"
48,414,108,306,"weekday","afternoon","unknown","warm","grocery",0,1,0,"midday"
48,419,113,306,"unknown","breakfast","unknown","unknown","grocery",0,1,1,"morning"
48,422,116,306,"weekday","afternoon","unknown","warm","grocery",0,1,1,"midday"
48,423,117,306,"weekday","unknown","travelling","warm","grocery",1,1,1,"unknown"
48,424,118,306,"weekend","beforelunch","travelling","unknown","restaurant",1,1,1,"midday"
48,425,119,306,"weekday","lunch","unknown","unknown","restaurant",1,1,1,"midday"
48,426,120,306,"weekday","afternoon","working","unknown","restaurant",0,1,1,"midday"
48,429,123,306,"weekday","afternoon","travelling","unknown","restaurant",1,1,1,"midday"
48,431,125,306,"weekend","lunch","shopping","unknown","grocery",1,1,1,"midday"
48,433,127,306,"weekend","breakfast","morningrituals","freezing","restaurant",0,1,1,"morning"
48,435,129,306,"weekend","beforelunch","travelling","freezing","grocery",0,1,1,"midday"
48,436,130,306,"weekday","beforelunch","travelling","cold","restaurant",1,1,1,"midday"
48,438,132,306,"weekday","afternoon","working","unknown","grocery",0,1,1,"midday"
48,442,136,306,"weekend","lunch","unknown","cold","grocery",0,1,1,"midday"
48,445,139,306,"weekday","beforelunch","morningrituals","freezing","restaurant",1,1,1,"midday"
48,449,143,306,"weekend","morning","travelling","unknown","restaurant",0,1,1,"morning"
48,452,146,306,"weekday","lunch","housework","freezing","grocery",1,1,1,"midday"
48,459,153,306,"weekday","evening","travelling","unknown","grocery",1,1,1,"night"
48,461,155,306,"weekday","beforelunch","travelling","cold","grocery",0,1,1,"midday"
48,466,160,306,"weekend","afternoon","travelling","freezing","grocery",0,1,1,"midday"
48,467,161,306,"weekend","dinner","unknown","hot","grocery",1,1,1,"night"
48,468,162,306,"weekday","lunch","travelling","hot","restaurant",1,1,1,"midday"
48,469,163,306,"weekday","latenight","workingout","freezing","restaurant",0,1,1,"night"
48,476,170,306,"weekday","afternoon","travelling","warm","grocery",1,1,1,"midday"
48,477,171,306,"weekday","afternoon","travelling","freezing","restaurant",1,1,1,"midday"
48,481,175,306,"weekday","lunch","unknown","unknown","grocery",0,1,1,"midday"
48,489,183,306,"weekend","breakfast","travelling","warm","grocery",0,1,1,"morning"
49,309,0,309,"weekday","lunch","travelling","hot","grocery",0,0,0,"midday"
49,311,2,309,"weekday","earlymorning","travelling","unknown","grocery",0,0,0,"morning"
49,312,3,309,"weekend","lunch","unknown","hot","grocery",1,0,0,"midday"
49,315,6,309,"weekend","dinner","working","freezing","grocery",1,0,0,"night"
49,316,7,309,"weekend","lunch","unknown","unknown","grocery",1,0,0,"midday"
49,317,8,309,"weekend","breakfast","travelling","unknown","grocery",0,0,0,"morning"
49,318,9,309,"weekday","afternoon","travelling","unknown","grocery",1,0,0,"midday"
49,321,12,309,"weekday","beforelunch","travelling","unknown","grocery",0,0,0,"midday"
49,324,15,309,"weekday","afternoon","leisure","unknown","restaurant",1,0,0,"midday"
49,326,17,309,"weekday","breakfast","leisure","cold","restaurant",1,0,0,"morning"
49,334,25,309,"weekday","lunch","travelling","unknown","restaurant",0,0,0,"midday"
49,344,35,309,"weekend","afternoon","travelling","cold","restaurant",1,0,0,"midday"
49,347,38,309,"weekday","unknown","travelling","cold","grocery",1,0,0,"unknown"
49,353,44,309,"weekend","afternoon","travelling","freezing","restaurant",0,0,0,"midday"
49,359,50,309,"weekday","beforelunch","unknown","cold","restaurant",1,0,0,"midday"
49,365,56,309,"weekday","afternoon","unknown","freezing","restaurant",0,0,0,"midday"
49,366,57,309,"weekday","beforelunch","travelling","unknown","restaurant",1,1,0,"midday"
49,368,59,309,"weekday","morning","travelling","unknown","grocery",1,1,0,"morning"
49,372,63,309,"weekday","beforelunch","travelling","cold","restaurant",0,1,0,"midday"
49,374,65,309,"unknown","afternoon","travelling","warm","restaurant",0,1,0,"midday"
49,375,66,309,"weekday","afternoon","travelling","warm","grocery",0,1,0,"midday"
49,376,67,309,"weekday","beforelunch","travelling","cold","restaurant",1,1,0,"midday"
49,378,69,309,"weekend","breakfast","shopping","cold","grocery",1,1,0,"morning"
49,381,72,309,"weekday","breakfast","travelling","cold","grocery",0,1,0,"morning"
49,382,73,309,"weekend","morning","travelling","warm","grocery",0,1,0,"morning"
49,386,77,309,"unknown","dinner","travelling","warm","grocery",0,1,0,"night"
49,391,82,309,"weekday","afternoon","working","cold","grocery",0,1,0,"midday"
49,393,84,309,"weekday","lunch","travelling","cold","restaurant",0,1,0,"midday"
49,394,85,309,"weekday","morning","travelling","cold","grocery",0,1,0,"morning"
49,396,87,309,"weekday","morning","leisure","warm","restaurant",1,1,0,"morning"
49,401,92,309,"weekday","lunch","shopping","unknown","grocery",0,1,0,"midday"
49,403,94,309,"weekend","lunch","working","unknown","restaurant",0,1,0,"midday"
49,406,97,309,"weekday","lunch","housework","cold","restaurant",0,1,0,"midday"
49,409,100,309,"weekday","lunch","working","cold","restaurant",0,1,0,"midday"
49,411,102,309,"weekend","lunch","travelling","freezing","restaurant",0,1,0,"midday"
49,413,104,309,"weekday","afternoon","shopping","cold","restaurant",0,1,0,"midday"
49,414,105,309,"weekday","breakfast","leisure","hot","grocery",0,1,0,"morning"
49,428,119,309,"weekday","beforelunch","travelling","freezing","grocery",0,1,1,"midday"
49,432,123,309,"weekday","breakfast","unknown","unknown","restaurant",0,1,1,"morning"
49,434,125,309,"weekday","lunch","workingout","unknown","grocery",0,1,1,"midday"
49,439,130,309,"weekday","afternoon","unknown","freezing","restaurant",0,1,1,"midday"
49,440,131,309,"weekday","lunch","travelling","hot","restaurant",0,1,1,"midday"
49,452,143,309,"weekend","dinner","working","warm","restaurant",1,1,1,"night"
49,457,148,309,"weekday","beforelunch","morningrituals","cold","restaurant",0,1,1,"midday"
49,458,149,309,"weekday","afternoon","travelling","freezing","grocery",1,1,1,"midday"
49,465,156,309,"weekday","beforelunch","travelling","freezing","grocery",0,1,1,"midday"
49,466,157,309,"weekend","lunch","travelling","freezing","restaurant",1,1,1,"midday"
49,469,160,309,"weekday","afternoon","travelling","cold","grocery",0,1,1,"midday"
49,471,162,309,"weekday","lunch","shopping","warm","grocery",0,1,1,"midday"
49,472,163,309,"weekday","afternoon","travelling","unknown","grocery",1,1,1,"midday"
49,475,166,309,"unknown","lunch","travelling","unknown","restaurant",0,1,1,"midday"
49,477,168,309,"weekday","morning","travelling","cold","restaurant",0,1,1,"morning"
49,483,174,309,"weekend","lunch","travelling","hot","grocery",0,1,1,"midday"
49,484,175,309,"weekday","afternoon","leisure","warm","restaurant",0,1,1,"midday"
49,485,176,309,"weekday","lunch","leisure","freezing","grocery",0,1,1,"midday"
49,490,181,309,"weekday","afternoon","travelling","unknown","restaurant",1,1,1,"midday"
50,317,2,315,"weekend","afternoon","working","warm","restaurant",0,0,0,"midday"
50,322,7,315,"weekday","afternoon","travelling","hot","restaurant",0,0,0,"midday"
50,330,15,315,"weekend","morning","travelling","hot","grocery",1,0,0,"morning"
50,332,17,315,"weekend","afternoon","travelling","cold","restaurant",0,0,0,"midday"
50,348,33,315,"weekday","breakfast","leisure","unknown","restaurant",0,0,0,"morning"
50,349,34,315,"weekday","afternoon","travelling","cold","grocery",0,0,0,"midday"
50,352,37,315,"weekday","breakfast","shopping","unknown","restaurant",0,0,0,"morning"
50,356,41,315,"weekday","afternoon","leisure","unknown","grocery",1,0,0,"midday"
50,357,42,315,"weekday","afternoon","leisure","freezing","grocery",0,0,0,"midday"
50,360,45,315,"weekday","earlymorning","travelling","cold","grocery",0,0,0,"morning"
50,377,62,315,"weekday","breakfast","unknown","unknown","restaurant",0,1,0,"morning"
50,383,68,315,"weekend","afternoon","travelling","cold","grocery",1,1,0,"midday"
50,384,69,315,"weekday","lunch","travelling","unknown","restaurant",0,1,0,"midday"
50,386,71,315,"weekday","lunch","unknown","cold","restaurant",0,1,0,"midday"
50,393,78,315,"weekend","breakfast","leisure","cold","grocery",1,1,0,"morning"
50,398,83,315,"weekday","afternoon","travelling","warm","restaurant",0,1,0,"midday"
50,400,85,315,"weekday","lunch","shopping","cold","grocery",0,1,0,"midday"
50,409,94,315,"weekday","afternoon","leisure","cold","restaurant",0,1,0,"midday"
50,412,97,315,"weekday","beforelunch","travelling","hot","restaurant",0,1,0,"midday"
50,413,98,315,"weekday","beforelunch","travelling","hot","restaurant",0,1,0,"midday"
50,451,136,315,"weekend","beforelunch","unknown","warm","grocery",0,1,1,"midday"
50,454,139,315,"weekday","afternoon","unknown","cold","restaurant",0,1,1,"midday"
50,459,144,315,"weekday","afternoon","unknown","warm","grocery",0,1,1,"midday"
50,467,152,315,"weekend","morning","unknown","unknown","grocery",1,1,1,"morning"
50,469,154,315,"weekday","lunch","travelling","warm","restaurant",0,1,1,"midday"
50,472,157,315,"weekday","unknown","working","freezing","restaurant",0,1,1,"unknown"
50,473,158,315,"weekday","afternoon","working","cold","grocery",0,1,1,"midday"
51,322,6,316,"weekday","earlymorning","travelling","freezing","grocery",0,0,0,"morning"
51,336,20,316,"weekday","lunch","travelling","cold","grocery",0,0,0,"midday"
51,337,21,316,"weekday","unknown","travelling","cold","restaurant",1,0,0,"unknown"
51,377,61,316,"weekday","lunch","working","unknown","restaurant",1,1,0,"midday"
51,402,86,316,"weekday","afternoon","unknown","unknown","restaurant",0,1,0,"midday"
51,452,136,316,"weekend","lunch","travelling","freezing","grocery",0,1,1,"midday"
51,493,177,316,"weekday","afternoon","travelling","freezing","grocery",0,1,1,"midday"
52,330,1,329,"weekday","morning","travelling","freezing","grocery",0,0,0,"morning"
52,333,4,329,"weekend","afternoon","working","unknown","grocery",0,0,0,"midday"
52,336,7,329,"weekend","afternoon","unknown","warm","grocery",0,0,0,"midday"
52,337,8,329,"weekday","lunch","travelling","cold","grocery",0,0,0,"midday"
52,339,10,329,"weekday","lunch","travelling","unknown","grocery",1,0,0,"midday"
52,350,21,329,"weekday","morning","travelling","unknown","grocery",0,0,0,"morning"
52,351,22,329,"weekday","earlymorning","shopping","hot","restaurant",0,0,0,"morning"
52,352,23,329,"weekday","lunch","travelling","cold","grocery",0,0,0,"midday"
52,353,24,329,"weekday","lunch","unknown","cold","restaurant",0,0,0,"midday"
52,355,26,329,"weekend","latenight","travelling","hot","restaurant",0,0,0,"night"
52,357,28,329,"weekday","dinner","travelling","cold","grocery",0,0,0,"night"
52,364,35,329,"weekend","breakfast","working","unknown","restaurant",0,0,0,"morning"
52,365,36,329,"weekday","earlymorning","travelling","cold","restaurant",0,0,0,"morning"
52,367,38,329,"weekday","lunch","travelling","cold","restaurant",1,0,0,"midday"
52,371,42,329,"weekend","beforelunch","working","cold","grocery",0,0,0,"midday"
52,373,44,329,"weekday","beforelunch","unknown","warm","grocery",0,0,0,"midday"
52,374,45,329,"weekday","afternoon","shopping","cold","grocery",0,0,0,"midday"
52,375,46,329,"weekday","morning","shopping","freezing","grocery",1,0,0,"morning"
52,376,47,329,"weekend","afternoon","leisure","unknown","grocery",0,0,0,"midday"
52,380,51,329,"weekday","night","travelling","unknown","restaurant",0,0,0,"night"
52,381,52,329,"weekday","lunch","unknown","hot","grocery",1,0,0,"midday"
52,385,56,329,"weekday","lunch","working","unknown","grocery",1,0,0,"midday"
52,386,57,329,"weekday","afternoon","travelling","hot","restaurant",0,1,0,"midday"
52,387,58,329,"weekday","lunch","travelling","hot","grocery",0,1,0,"midday"
52,391,62,329,"weekend","afternoon","travelling","warm","grocery",0,1,0,"midday"
52,397,68,329,"weekend","beforelunch","shopping","freezing","restaurant",0,1,0,"midday"
52,399,70,329,"weekday","beforelunch","shopping","freezing","restaurant",0,1,0,"midday"
52,400,71,329,"weekday","beforelunch","travelling","freezing","grocery",0,1,0,"midday"
52,402,73,329,"weekday","breakfast","shopping","unknown","restaurant",0,1,0,"morning"
52,404,75,329,"weekday","dinner","travelling","unknown","grocery",1,1,0,"night"
52,406,77,329,"unknown","lunch","leisure","warm","restaurant",0,1,0,"midday"
52,410,81,329,"weekday","beforelunch","working","cold","grocery",0,1,0,"midday"
52,411,82,329,"weekday","dinner","travelling","hot","grocery",0,1,0,"night"
52,412,83,329,"weekend","beforelunch","unknown","cold","grocery",0,1,0,"midday"
52,413,84,329,"weekday","lunch","unknown","cold","grocery",0,1,0,"midday"
52,415,86,329,"weekday","lunch","travelling","cold","grocery",0,1,0,"midday"
52,416,87,329,"weekend","afternoon","travelling","hot","grocery",0,1,0,"midday"
52,422,93,329,"weekday","morning","travelling","warm","restaurant",0,1,0,"morning"
52,423,94,329,"weekend","breakfast","unknown","cold","restaurant",0,1,0,"morning"
52,427,98,329,"weekend","morning","leisure","unknown","grocery",0,1,0,"morning"
52,433,104,329,"weekday","lunch","travelling","freezing","restaurant",0,1,0,"midday"
52,434,105,329,"weekend","breakfast","travelling","warm","grocery",0,1,0,"morning"
52,436,107,329,"weekday","lunch","unknown","hot","restaurant",0,1,0,"midday"
52,437,108,329,"weekday","afternoon","travelling","hot","restaurant",1,1,0,"midday"
52,439,110,329,"weekday","lunch","leisure","unknown","grocery",0,1,0,"midday"
52,440,111,329,"weekday","lunch","shopping","cold","grocery",0,1,0,"midday"
52,451,122,329,"weekend","unknown","travelling","freezing","grocery",1,1,1,"unknown"
52,454,125,329,"weekday","lunch","travelling","warm","restaurant",0,1,1,"midday"
52,461,132,329,"weekday","lunch","leisure","cold","grocery",0,1,1,"midday"
52,463,134,329,"weekday","breakfast","travelling","cold","grocery",0,1,1,"morning"
52,467,138,329,"weekend","breakfast","travelling","freezing","restaurant",1,1,1,"morning"
52,468,139,329,"weekday","beforelunch","travelling","cold","grocery",0,1,1,"midday"
52,469,140,329,"weekday","beforelunch","travelling","cold","restaurant",1,1,1,"midday"
52,470,141,329,"weekday","beforelunch","travelling","unknown","grocery",1,1,1,"midday"
52,471,142,329,"weekday","morning","travelling","cold","grocery",1,1,1,"morning"
52,473,144,329,"unknown","lunch","working","freezing","grocery",0,1,1,"midday"
52,479,150,329,"weekday","breakfast","travelling","unknown","grocery",1,1,1,"morning"
52,485,156,329,"weekend","beforelunch","travelling","cold","restaurant",1,1,1,"midday"
52,486,157,329,"weekday","afternoon","unknown","unknown","grocery",1,1,1,"midday"
52,490,161,329,"weekday","lunch","travelling","freezing","restaurant",0,1,1,"midday"
52,491,162,329,"weekday","afternoon","leisure","freezing","grocery",1,1,1,"midday"
52,492,163,329,"weekday","afternoon","travelling","unknown","restaurant",0,1,1,"midday"
52,496,167,329,"weekday","afternoon","travelling","warm","grocery",1,1,1,"midday"
52,503,174,329,"weekend","beforelunch","travelling","warm","restaurant",1,1,1,"midday"
52,504,175,329,"weekday","beforelunch","travelling","hot","grocery",1,1,1,"midday"
52,507,178,329,"weekend","afternoon","travelling","cold","restaurant",1,1,1,"midday"
52,508,179,329,"weekday","beforelunch","unknown","freezing","restaurant",1,1,1,"midday"
52,509,180,329,"weekday","beforelunch","travelling","unknown","restaurant",1,1,1,"midday"
53,342,12,330,"weekday","evening","travelling","freezing","grocery",0,0,0,"night"
53,343,13,330,"weekend","afternoon","working","unknown","grocery",0,0,0,"midday"
53,348,18,330,"weekend","breakfast","travelling","cold","grocery",0,0,0,"morning"
53,350,20,330,"weekday","breakfast","unknown","warm","grocery",0,0,0,"morning"
53,351,21,330,"weekend","lunch","travelling","cold","grocery",1,0,0,"midday"
53,356,26,330,"weekday","afternoon","travelling","unknown","restaurant",0,0,0,"midday"
53,357,27,330,"weekend","evening","unknown","cold","grocery",0,0,0,"night"
53,368,38,330,"weekday","unknown","unknown","freezing","restaurant",1,0,0,"unknown"
53,373,43,330,"weekday","morning","travelling","hot","restaurant",0,0,0,"morning"
53,385,55,330,"weekday","afternoon","unknown","freezing","grocery",0,0,0,"midday"
53,386,56,330,"weekday","afternoon","travelling","freezing","grocery",1,0,0,"midday"
53,389,59,330,"weekday","afternoon","travelling","cold","grocery",0,1,0,"midday"
53,392,62,330,"weekday","lunch","travelling","cold","grocery",1,1,0,"midday"
53,396,66,330,"weekday","beforelunch","unknown","cold","grocery",1,1,0,"midday"
53,402,72,330,"weekday","beforelunch","travelling","cold","restaurant",0,1,0,"midday"
53,404,74,330,"weekend","morning","travelling","cold","grocery",1,1,0,"morning"
53,408,78,330,"weekday","lunch","travelling","warm","grocery",0,1,0,"midday"
53,422,92,330,"weekday","afternoon","unknown","freezing","restaurant",0,1,0,"midday"
53,432,102,330,"weekday","beforelunch","morningrituals","cold","restaurant",0,1,0,"midday"
53,438,108,330,"weekday","breakfast","morningrituals","freezing","grocery",0,1,0,"morning"
53,443,113,330,"weekday","breakfast","travelling","unknown","grocery",0,1,1,"morning"
53,451,121,330,"weekday","morning","travelling","cold","restaurant",0,1,1,"morning"
53,455,125,330,"weekday","lunch","travelling","warm","restaurant",0,1,1,"midday"
53,457,127,330,"weekday","afternoon","travelling","cold","grocery",0,1,1,"midday"
53,463,133,330,"weekday","lunch","travelling","freezing","restaurant",0,1,1,"midday"
53,471,141,330,"weekday","afternoon","unknown","unknown","restaurant",1,1,1,"midday"
53,473,143,330,"weekday","unknown","unknown","unknown","grocery",0,1,1,"unknown"
53,477,147,330,"weekday","beforelunch","unknown","unknown","restaurant",1,1,1,"midday"
53,484,154,330,"weekday","afternoon","travelling","hot","grocery",0,1,1,"midday"
53,498,168,330,"weekday","morning","unknown","cold","grocery",0,1,1,"morning"
53,503,173,330,"weekday","morning","travelling","warm","grocery",0,1,1,"morning"
53,504,174,330,"weekend","afternoon","unknown","freezing","grocery",0,1,1,"midday"
53,507,177,330,"weekday","beforelunch","travelling","cold","restaurant",0,1,1,"midday"
54,343,4,339,"weekday","lunch","leisure","warm","restaurant",0,0,0,"midday"
54,362,23,339,"weekday","lunch","travelling","unknown","grocery",0,0,0,"midday"
54,369,30,339,"weekday","beforelunch","travelling","freezing","grocery",0,0,0,"midday"
54,386,47,339,"weekday","beforelunch","travelling","unknown","grocery",0,0,0,"midday"
54,395,56,339,"weekday","night","travelling","warm","grocery",0,0,0,"night"
54,398,59,339,"weekday","afternoon","shopping","warm","grocery",0,1,0,"midday"
54,405,66,339,"weekday","beforelunch","unknown","freezing","grocery",1,1,0,"midday"
54,433,94,339,"weekday","evening","working","unknown","restaurant",0,1,0,"night"
54,441,102,339,"weekday","afternoon","travelling","unknown","restaurant",0,1,0,"midday"
54,444,105,339,"weekday","lunch","travelling","unknown","restaurant",0,1,0,"midday"
54,468,129,339,"weekday","morning","working","warm","restaurant",0,1,1,"morning"
54,488,149,339,"weekday","breakfast","shopping","cold","grocery",1,1,1,"morning"
54,507,168,339,"weekday","beforelunch","travelling","unknown","grocery",0,1,1,"midday"
55,347,0,347,"weekday","dinner","travelling","unknown","grocery",0,0,0,"night"
55,350,3,347,"weekend","lunch","travelling","unknown","grocery",0,0,0,"midday"
55,351,4,347,"weekend","beforelunch","travelling","cold","restaurant",1,0,0,"midday"
55,353,6,347,"weekday","lunch","travelling","cold","restaurant",0,0,0,"midday"
55,354,7,347,"weekday","lunch","morningrituals","warm","grocery",0,0,0,"midday"
55,357,10,347,"weekday","lunch","working","freezing","grocery",0,0,0,"midday"
55,358,11,347,"weekday","lunch","travelling","cold","grocery",0,0,0,"midday"
55,360,13,347,"weekday","beforelunch","travelling","freezing","restaurant",0,0,0,"midday"
55,362,15,347,"weekend","beforelunch","travelling","warm","restaurant",0,0,0,"midday"
55,364,17,347,"weekend","breakfast","travelling","hot","grocery",0,0,0,"morning"
55,365,18,347,"weekday","breakfast","travelling","unknown","restaurant",0,0,0,"morning"
55,367,20,347,"weekday","afternoon","unknown","unknown","grocery",0,0,0,"midday"
55,369,22,347,"weekday","lunch","unknown","freezing","restaurant",1,0,0,"midday"
55,370,23,347,"weekday","lunch","unknown","freezing","grocery",0,0,0,"midday"
55,372,25,347,"weekday","lunch","travelling","freezing","restaurant",0,0,0,"midday"
55,373,26,347,"weekday","breakfast","travelling","warm","restaurant",0,0,0,"morning"
55,375,28,347,"weekday","afternoon","travelling","freezing","restaurant",0,0,0,"midday"
55,377,30,347,"weekday","beforelunch","travelling","warm","restaurant",0,0,0,"midday"
55,378,31,347,"weekday","dinner","travelling","cold","grocery",0,0,0,"night"
55,380,33,347,"weekday","beforelunch","travelling","cold","restaurant",0,0,0,"midday"
55,381,34,347,"weekend","afternoon","unknown","freezing","restaurant",1,0,0,"midday"
55,385,38,347,"weekday","afternoon","travelling","hot","grocery",1,0,0,"midday"
55,386,39,347,"weekday","afternoon","leisure","cold","grocery",0,0,0,"midday"
55,391,44,347,"weekday","lunch","travelling","cold","restaurant",0,0,0,"midday"
55,394,47,347,"weekday","breakfast","travelling","unknown","grocery",1,0,0,"morning"
55,396,49,347,"weekday","beforelunch","shopping","unknown","restaurant",0,0,0,"midday"
55,408,61,347,"weekday","dinner","leisure","hot","grocery",1,1,0,"night"
55,409,62,347,"weekday","lunch","travelling","cold","restaurant",0,1,0,"midday"
55,410,63,347,"weekday","breakfast","travelling","unknown","grocery",0,1,0,"morning"
55,411,64,347,"weekend","morning","working","freezing","restaurant",1,1,0,"morning"
55,418,71,347,"weekday","afternoon","unknown","cold","grocery",0,1,0,"midday"
55,427,80,347,"weekday","earlymorning","travelling","freezing","grocery",0,1,0,"morning"
55,428,81,347,"weekday","beforelunch","travelling","warm","restaurant",0,1,0,"midday"
55,429,82,347,"weekend","afternoon","working","warm","grocery",0,1,0,"midday"
55,430,83,347,"weekday","beforelunch","travelling","freezing","restaurant",0,1,0,"midday"
55,439,92,347,"weekday","lunch","unknown","freezing","grocery",1,1,0,"midday"
55,440,93,347,"weekend","beforelunch","travelling","freezing","grocery",0,1,0,"midday"
55,441,94,347,"weekday","beforelunch","travelling","cold","restaurant",1,1,0,"midday"
55,442,95,347,"weekend","beforelunch","travelling","freezing","grocery",0,1,0,"midday"
55,445,98,347,"weekday","afternoon","unknown","cold","grocery",0,1,0,"midday"
55,447,100,347,"weekday","breakfast","unknown","cold","restaurant",0,1,0,"morning"
55,448,101,347,"weekday","lunch","leisure","freezing","restaurant",0,1,0,"midday"
55,450,103,347,"weekday","morning","leisure","warm","grocery",1,1,0,"morning"
55,451,104,347,"weekday","breakfast","working","hot","restaurant",0,1,0,"morning"
55,453,106,347,"weekend","dinner","working","warm","restaurant",1,1,0,"night"
55,454,107,347,"weekday","afternoon","working","unknown","grocery",0,1,0,"midday"
55,455,108,347,"weekday","breakfast","leisure","unknown","restaurant",1,1,0,"morning"
55,460,113,347,"weekday","lunch","unknown","warm","grocery",0,1,1,"midday"
55,463,116,347,"weekday","beforelunch","travelling","warm","restaurant",0,1,1,"midday"
55,464,117,347,"weekday","afternoon","unknown","cold","grocery",0,1,1,"midday"
55,465,118,347,"weekend","afternoon","travelling","freezing","restaurant",0,1,1,"midday"
55,469,122,347,"weekday","breakfast","travelling","freezing","restaurant",0,1,1,"morning"
55,470,123,347,"weekday","morning","working","cold","grocery",0,1,1,"morning"
55,471,124,347,"weekday","breakfast","travelling","freezing","grocery",0,1,1,"morning"
55,473,126,347,"weekday","lunch","travelling","unknown","grocery",1,1,1,"midday"
55,481,134,347,"weekend","lunch","travelling","warm","restaurant",1,1,1,"midday"
55,485,138,347,"weekday","beforelunch","travelling","cold","grocery",0,1,1,"midday"
55,487,140,347,"weekday","breakfast","travelling","freezing","grocery",1,1,1,"morning"
55,488,141,347,"weekday","afternoon","travelling","freezing","restaurant",1,1,1,"midday"
55,489,142,347,"weekend","morning","travelling","warm","restaurant",1,1,1,"morning"
55,492,145,347,"weekday","lunch","leisure","freezing","restaurant",0,1,1,"midday"
55,493,146,347,"weekday","lunch","travelling","cold","restaurant",0,1,1,"midday"
55,494,147,347,"weekend","lunch","travelling","cold","restaurant",0,1,1,"midday"
55,496,149,347,"weekday","morning","travelling","cold","restaurant",1,1,1,"morning"
55,497,150,347,"unknown","beforelunch","travelling","cold","restaurant",0,1,1,"midday"
55,498,151,347,"weekday","lunch","unknown","warm","restaurant",0,1,1,"midday"
55,499,152,347,"weekday","afternoon","travelling","unknown","grocery",0,1,1,"midday"
55,500,153,347,"unknown","beforelunch","travelling","unknown","restaurant",0,1,1,"midday"
55,501,154,347,"weekday","night","travelling","unknown","restaurant",1,1,1,"night"
55,502,155,347,"weekday","earlymorning","travelling","cold","restaurant",1,1,1,"morning"
55,503,156,347,"weekday","latenight","leisure","freezing","grocery",1,1,1,"night"
55,505,158,347,"weekday","afternoon","travelling","freezing","restaurant",0,1,1,"midday"
55,506,159,347,"weekend","afternoon","leisure","freezing","restaurant",1,1,1,"midday"
55,508,161,347,"weekday","afternoon","travelling","freezing","grocery",1,1,1,"midday"
55,510,163,347,"weekday","evening","travelling","unknown","grocery",0,1,1,"night"
55,513,166,347,"unknown","afternoon","travelling","cold","grocery",0,1,1,"midday"
55,515,168,347,"weekday","breakfast","shopping","unknown","grocery",0,1,1,"morning"
55,519,172,347,"weekday","beforelunch","travelling","cold","grocery",1,1,1,"midday"
55,520,173,347,"weekday","evening","unknown","warm","restaurant",0,1,1,"night"
55,522,175,347,"weekday","beforelunch","leisure","hot","grocery",0,1,1,"midday"
55,523,176,347,"weekday","breakfast","travelling","freezing","grocery",0,1,1,"morning"
55,528,181,347,"weekend","beforelunch","working","warm","grocery",0,1,1,"midday"
55,530,183,347,"weekend","lunch","leisure","unknown","grocery",0,1,1,"midday"
56,363,6,357,"weekday","lunch","travelling","hot","grocery",0,0,0,"midday"
56,366,9,357,"weekday","afternoon","travelling","unknown","restaurant",0,0,0,"midday"
56,368,11,357,"weekday","lunch","shopping","unknown","grocery",1,0,0,"midday"
56,370,13,357,"weekend","lunch","leisure","cold","grocery",0,0,0,"midday"
56,373,16,357,"weekday","lunch","travelling","warm","restaurant",0,0,0,"midday"
56,376,19,357,"weekday","afternoon","leisure","warm","restaurant",0,0,0,"midday"
56,377,20,357,"weekday","beforelunch","unknown","freezing","restaurant",0,0,0,"midday"
56,378,21,357,"weekday","afternoon","travelling","unknown","grocery",0,0,0,"midday"
56,382,25,357,"weekday","lunch","leisure","hot","grocery",1,0,0,"midday"
56,389,32,357,"weekend","lunch","shopping","freezing","restaurant",0,0,0,"midday"
56,390,33,357,"weekday","beforelunch","travelling","cold","grocery",0,0,0,"midday"
56,392,35,357,"weekday","breakfast","unknown","warm","restaurant",1,0,0,"morning"
56,395,38,357,"weekday","beforelunch","travelling","warm","restaurant",0,0,0,"midday"
56,401,44,357,"weekday","lunch","working","unknown","grocery",1,0,0,"midday"
56,402,45,357,"weekend","dinner","travelling","cold","restaurant",0,0,0,"night"
56,408,51,357,"weekend","beforelunch","travelling","unknown","grocery",1,0,0,"midday"
56,410,53,357,"weekend","lunch","shopping","unknown","grocery",1,0,0,"midday"
56,412,55,357,"weekday","afternoon","travelling","cold","restaurant",0,0,0,"midday"
56,424,67,357,"weekday","breakfast","unknown","cold","restaurant",0,1,0,"morning"
56,426,69,357,"weekday","beforelunch","travelling","warm","grocery",0,1,0,"midday"
56,428,71,357,"weekday","afternoon","travelling","cold","grocery",0,1,0,"midday"
56,443,86,357,"weekend","afternoon","shopping","cold","grocery",0,1,0,"midday"
56,444,87,357,"weekday","beforelunch","travelling","cold","grocery",0,1,0,"midday"
56,445,88,357,"weekday","beforelunch","travelling","cold","grocery",0,1,0,"midday"
56,446,89,357,"weekday","lunch","travelling","freezing","restaurant",0,1,0,"midday"
56,455,98,357,"weekday","lunch","travelling","unknown","grocery",1,1,0,"midday"
56,456,99,357,"weekday","beforelunch","travelling","warm","restaurant",0,1,0,"midday"
56,463,106,357,"weekday","lunch","working","freezing","restaurant",0,1,0,"midday"
56,466,109,357,"weekday","lunch","travelling","cold","grocery",0,1,0,"midday"
56,471,114,357,"weekend","afternoon","unknown","freezing","grocery",0,1,1,"midday"
56,477,120,357,"weekday","afternoon","travelling","freezing","restaurant",0,1,1,"midday"
56,478,121,357,"weekday","afternoon","working","unknown","restaurant",0,1,1,"midday"
56,481,124,357,"weekday","afternoon","travelling","warm","restaurant",0,1,1,"midday"
56,484,127,357,"weekend","beforelunch","travelling","unknown","grocery",0,1,1,"midday"
56,496,139,357,"weekend","afternoon","travelling","cold","grocery",1,1,1,"midday"
56,499,142,357,"weekday","evening","travelling","warm","restaurant",1,1,1,"night"
56,500,143,357,"weekday","breakfast","travelling","cold","restaurant",0,1,1,"morning"
56,502,145,357,"weekday","beforelunch","working","freezing","grocery",1,1,1,"midday"
56,504,147,357,"weekday","lunch","travelling","freezing","restaurant",1,1,1,"midday"
56,510,153,357,"weekday","morning","travelling","unknown","restaurant",0,1,1,"morning"
56,523,166,357,"weekday","beforelunch","working","warm","grocery",0,1,1,"midday"
56,524,167,357,"weekday","unknown","travelling","freezing","grocery",0,1,1,"unknown"
56,525,168,357,"weekday","lunch","travelling","freezing","grocery",1,1,1,"midday"
56,531,174,357,"weekday","lunch","working","freezing","restaurant",0,1,1,"midday"
56,533,176,357,"weekday","breakfast","travelling","unknown","restaurant",1,1,1,"morning"
57,359,1,358,"weekday","morning","shopping","unknown","restaurant",0,0,0,"morning"
57,360,2,358,"weekday","beforelunch","unknown","hot","restaurant",1,0,0,"midday"
57,361,3,358,"weekday","dinner","travelling","cold","restaurant",1,0,0,"night"
57,365,7,358,"weekday","unknown","travelling","cold","grocery",0,0,0,"unknown"
57,372,14,358,"weekday","lunch","leisure","cold","restaurant",0,0,0,"midday"
57,373,15,358,"weekday","latenight","unknown","unknown","grocery",1,0,0,"night"
57,377,19,358,"weekend","lunch","morningrituals","cold","grocery",0,0,0,"midday"
57,389,31,358,"weekend","afternoon","travelling","cold","restaurant",1,0,0,"midday"
57,393,35,358,"weekday","lunch","leisure","unknown","restaurant",0,0,0,"midday"
57,396,38,358,"weekday","beforelunch","travelling","hot","grocery",1,0,0,"midday"
57,397,39,358,"weekday","lunch","unknown","hot","restaurant",1,0,0,"midday"
57,403,45,358,"weekend","unknown","workingout","freezing","grocery",0,0,0,"unknown"
57,404,46,358,"weekday","night","leisure","cold","restaurant",1,0,0,"night"
57,411,53,358,"weekday","beforelunch","travelling","unknown","grocery",1,0,0,"midday"
57,428,70,358,"weekday","afternoon","travelling","cold","restaurant",0,1,0,"midday"
57,434,76,358,"weekday","afternoon","travelling","freezing","grocery",0,1,0,"midday"
57,445,87,358,"weekend","beforelunch","leisure","warm","grocery",0,1,0,"midday"
57,459,101,358,"weekend","dinner","travelling","cold","restaurant",0,1,0,"night"
57,466,108,358,"weekday","lunch","unknown","cold","grocery",0,1,0,"midday"
57,473,115,358,"weekday","morning","travelling","freezing","grocery",0,1,1,"morning"
57,474,116,358,"weekday","afternoon","travelling","hot","restaurant",1,1,1,"midday"
57,482,124,358,"weekend","lunch","leisure","freezing","grocery",0,1,1,"midday"
57,487,129,358,"weekend","lunch","travelling","cold","grocery",0,1,1,"midday"
57,489,131,358,"weekday","beforelunch","travelling","cold","restaurant",1,1,1,"midday"
57,490,132,358,"weekday","afternoon","shopping","hot","grocery",0,1,1,"midday"
57,494,136,358,"weekday","lunch","morningrituals","unknown","grocery",0,1,1,"midday"
57,495,137,358,"weekend","afternoon","travelling","unknown","restaurant",1,1,1,"midday"
57,509,151,358,"weekday","afternoon","unknown","warm","restaurant",0,1,1,"midday"
57,510,152,358,"weekday","morning","travelling","freezing","grocery",0,1,1,"morning"
57,512,154,358,"weekend","morning","leisure","freezing","grocery",1,1,1,"morning"
57,517,159,358,"weekend","beforelunch","travelling","cold","restaurant",0,1,1,"midday"
57,518,160,358,"weekday","afternoon","travelling","freezing","restaurant",0,1,1,"midday"
57,520,162,358,"weekend","afternoon","travelling","freezing","restaurant",0,1,1,"midday"
57,523,165,358,"weekday","lunch","travelling","unknown","grocery",1,1,1,"midday"
57,527,169,358,"weekday","dinner","travelling","cold","restaurant",1,1,1,"night"
57,541,183,358,"weekday","lunch","travelling","freezing","restaurant",0,1,1,"midday"
58,373,4,369,"weekend","afternoon","shopping","cold","grocery",0,0,0,"midday"
58,376,7,369,"weekday","breakfast","unknown","hot","grocery",0,0,0,"morning"
58,380,11,369,"weekday","morning","leisure","cold","restaurant",0,0,0,"morning"
58,381,12,369,"weekday","lunch","travelling","cold","grocery",0,0,0,"midday"
58,382,13,369,"weekday","beforelunch","working","cold","grocery",1,0,0,"midday"
58,386,17,369,"weekday","breakfast","travelling","cold","restaurant",0,0,0,"morning"
58,387,18,369,"weekday","morning","travelling","warm","restaurant",0,0,0,"morning"
58,388,19,369,"weekend","morning","unknown","unknown","restaurant",0,0,0,"morning"
58,389,20,369,"weekend","afternoon","travelling","freezing","restaurant",1,0,0,"midday"
58,390,21,369,"weekday","morning","leisure","unknown","restaurant",0,0,0,"morning"
58,394,25,369,"weekend","lunch","shopping","cold","grocery",0,0,0,"midday"
58,395,26,369,"weekend","dinner","leisure","cold","restaurant",0,0,0,"night"
58,396,27,369,"weekday","afternoon","unknown","hot","grocery",0,0,0,"midday"
58,397,28,369,"weekday","morning","travelling","warm","restaurant",0,0,0,"morning"
58,398,29,369,"weekday","earlymorning","working","cold","restaurant",0,0,0,"morning"
58,399,30,369,"weekday","beforelunch","unknown","cold","restaurant",0,0,0,"midday"
58,400,31,369,"weekday","afternoon","unknown","hot","grocery",1,0,0,"midday"
58,401,32,369,"weekend","breakfast","working","hot","grocery",0,0,0,"morning"
58,402,33,369,"weekday","lunch","shopping","unknown","grocery",0,0,0,"midday"
58,404,35,369,"weekend","lunch","travelling","unknown","restaurant",0,0,0,"midday"
58,405,36,369,"weekend","morning","leisure","unknown","restaurant",0,0,0,"morning"
58,409,40,369,"weekday","afternoon","shopping","unknown","restaurant",0,0,0,"midday"
58,413,44,369,"weekday","afternoon","travelling","warm","grocery",0,0,0,"midday"
58,416,47,369,"weekday","beforelunch","unknown","cold","grocery",1,0,0,"midday"
58,417,48,369,"weekday","lunch","working","warm","grocery",0,0,0,"midday"
58,419,50,369,"weekday","afternoon","shopping","unknown","restaurant",0,0,0,"midday"
58,421,52,369,"weekday","afternoon","travelling","cold","grocery",1,0,0,"midday"
58,422,53,369,"weekday","morning","travelling","cold","grocery",0,0,0,"morning"
58,423,54,369,"weekday","morning","travelling","hot","grocery",0,0,0,"morning"
58,425,56,369,"weekday","beforelunch","leisure","unknown","restaurant",1,0,0,"midday"
58,426,57,369,"weekday","beforelunch","unknown","unknown","grocery",0,1,0,"midday"
58,428,59,369,"weekend","afternoon","travelling","cold","grocery",0,1,0,"midday"
58,430,61,369,"weekend","lunch","travelling","freezing","grocery",0,1,0,"midday"
58,434,65,369,"weekday","breakfast","working","freezing","restaurant",0,1,0,"morning"
58,435,66,369,"unknown","night","working","cold","restaurant",1,1,0,"night"
58,436,67,369,"weekday","beforelunch","travelling","warm","restaurant",1,1,0,"midday"
58,437,68,369,"weekday","night","leisure","warm","grocery",0,1,0,"night"
58,438,69,369,"weekend","beforelunch","shopping","freezing","grocery",0,1,0,"midday"
58,440,71,369,"weekend","breakfast","unknown","cold","grocery",1,1,0,"morning"
58,441,72,369,"weekday","afternoon","travelling","freezing","grocery",0,1,0,"midday"
58,443,74,369,"weekend","dinner","travelling","hot","grocery",0,1,0,"night"
58,445,76,369,"weekday","afternoon","travelling","cold","grocery",0,1,0,"midday"
58,446,77,369,"weekday","afternoon","travelling","cold","grocery",0,1,0,"midday"
58,447,78,369,"weekday","afternoon","travelling","cold","restaurant",0,1,0,"midday"
58,448,79,369,"weekend","beforelunch","travelling","freezing","grocery",0,1,0,"midday"
58,449,80,369,"weekday","afternoon","shopping","warm","grocery",0,1,0,"midday"
58,450,81,369,"weekend","earlymorning","travelling","cold","grocery",0,1,0,"morning"
58,452,83,369,"weekday","morning","unknown","freezing","grocery",0,1,0,"morning"
58,453,84,369,"weekend","lunch","travelling","warm","restaurant",0,1,0,"midday"
58,455,86,369,"weekday","unknown","travelling","warm","grocery",0,1,0,"unknown"
58,457,88,369,"unknown","lunch","travelling","cold","grocery",0,1,0,"midday"
58,458,89,369,"weekend","breakfast","unknown","cold","restaurant",0,1,0,"morning"
58,460,91,369,"weekday","afternoon","unknown","cold","restaurant",0,1,0,"midday"
58,463,94,369,"weekday","afternoon","unknown","warm","grocery",0,1,0,"midday"
58,464,95,369,"weekend","lunch","shopping","unknown","grocery",0,1,0,"midday"
58,466,97,369,"weekday","afternoon","travelling","freezing","restaurant",0,1,0,"midday"
58,469,100,369,"weekend","beforelunch","leisure","unknown","restaurant",0,1,0,"midday"
58,477,108,369,"weekend","afternoon","travelling","warm","grocery",0,1,0,"midday"
58,478,109,369,"weekday","beforelunch","leisure","cold","restaurant",1,1,0,"midday"
58,480,111,369,"weekday","lunch","travelling","cold","grocery",0,1,0,"midday"
58,481,112,369,"weekday","afternoon","leisure","cold","grocery",0,1,0,"midday"
58,483,114,369,"weekday","earlymorning","working","freezing","grocery",0,1,1,"morning"
58,486,117,369,"weekend","lunch","travelling","unknown","grocery",1,1,1,"midday"
58,489,120,369,"weekend","lunch","unknown","warm","grocery",0,1,1,"midday"
58,492,123,369,"weekend","afternoon","leisure","warm","grocery",1,1,1,"midday"
58,498,129,369,"weekday","beforelunch","working","cold","restaurant",0,1,1,"midday"
58,501,132,369,"weekday","beforelunch","morningrituals","freezing","restaurant",0,1,1,"midday"
58,505,136,369,"weekend","morning","travelling","cold","restaurant",0,1,1,"morning"
58,506,137,369,"unknown","lunch","travelling","warm","grocery",0,1,1,"midday"
58,508,139,369,"weekend","afternoon","travelling","freezing","restaurant",0,1,1,"midday"
58,514,145,369,"weekday","lunch","leisure","cold","restaurant",0,1,1,"midday"
58,515,146,369,"weekday","beforelunch","travelling","freezing","grocery",0,1,1,"midday"
58,528,159,369,"weekday","afternoon","unknown","unknown","restaurant",0,1,1,"midday"
58,529,160,369,"weekday","morning","leisure","unknown","grocery",1,1,1,"morning"
58,530,161,369,"weekday","breakfast","travelling","cold","grocery",1,1,1,"morning"
58,532,163,369,"weekend","breakfast","unknown","cold","restaurant",0,1,1,"morning"
58,538,169,369,"weekday","afternoon","unknown","freezing","grocery",1,1,1,"midday"
58,539,170,369,"weekend","beforelunch","travelling","cold","restaurant",0,1,1,"midday"
58,540,171,369,"weekday","morning","travelling","warm","grocery",0,1,1,"morning"
58,541,172,369,"weekend","beforelunch","travelling","freezing","grocery",1,1,1,"midday"
58,544,175,369,"weekday","dinner","travelling","cold","restaurant",0,1,1,"night"
58,546,177,369,"weekday","lunch","unknown","freezing","restaurant",0,1,1,"midday"
58,547,178,369,"weekend","lunch","unknown","hot","grocery",0,1,1,"midday"
58,549,180,369,"weekday","afternoon","unknown","freezing","restaurant",0,1,1,"midday"
58,551,182,369,"weekday","breakfast","unknown","freezing","grocery",0,1,1,"morning"
59,378,1,377,"weekday","breakfast","morningrituals","hot","restaurant",0,0,0,"morning"
59,379,2,377,"weekday","morning","unknown","cold","restaurant",0,0,0,"morning"
59,380,3,377,"weekend","lunch","leisure","hot","restaurant",0,0,0,"midday"
59,381,4,377,"weekday","beforelunch","travelling","cold","restaurant",1,0,0,"midday"
59,383,6,377,"weekday","morning","travelling","freezing","grocery",1,0,0,"morning"
59,384,7,377,"weekend","night","leisure","freezing","restaurant",0,0,0,"night"
59,385,8,377,"weekday","beforelunch","unknown","cold","grocery",0,0,0,"midday"
59,386,9,377,"weekday","earlymorning","morningrituals","unknown","grocery",0,0,0,"morning"
59,387,10,377,"weekday","afternoon","unknown","freezing","restaurant",0,0,0,"midday"
59,388,11,377,"weekday","afternoon","working","cold","restaurant",0,0,0,"midday"
59,389,12,377,"weekday","lunch","travelling","hot","restaurant",0,0,0,"midday"
59,391,14,377,"weekday","lunch","travelling","unknown","grocery",0,0,0,"midday"
59,393,16,377,"weekday","unknown","travelling","unknown","grocery",0,0,0,"unknown"
59,394,17,377,"weekend","unknown","leisure","unknown","restaurant",0,0,0,"unknown"
59,395,18,377,"weekday","earlymorning","travelling","warm","restaurant",0,0,0,"morning"
59,396,19,377,"weekend","breakfast","travelling","freezing","restaurant",0,0,0,"morning"
59,397,20,377,"weekend","afternoon","unknown","warm","restaurant",0,0,0,"midday"
59,398,21,377,"weekday","night","unknown","cold","grocery",0,0,0,"night"
59,399,22,377,"weekday","afternoon","travelling","cold","grocery",0,0,0,"midday"
59,400,23,377,"weekday","breakfast","leisure","unknown","restaurant",1,0,0,"morning"
59,401,24,377,"weekend","lunch","unknown","cold","restaurant",0,0,0,"midday"
59,402,25,377,"weekday","afternoon","working","unknown","restaurant",0,0,0,"midday"
59,403,26,377,"weekend","beforelunch","travelling","warm","restaurant",0,0,0,"midday"
59,405,28,377,"weekend","beforelunch","travelling","warm","grocery",0,0,0,"midday"
59,407,30,377,"weekday","afternoon","travelling","cold","restaurant",1,0,0,"midday"
59,408,31,377,"weekend","lunch","travelling","unknown","restaurant",1,0,0,"midday"
59,409,32,377,"weekday","lunch","travelling","unknown","restaurant",0,0,0,"midday"
59,410,33,377,"weekday","morning","unknown","warm","grocery",0,0,0,"morning"
59,412,35,377,"weekend","breakfast","travelling","freezing","grocery",0,0,0,"morning"
59,413,36,377,"weekend","afternoon","working","warm","grocery",0,0,0,"midday"
59,414,37,377,"weekend","breakfast","travelling","warm","restaurant",0,0,0,"morning"
59,415,38,377,"weekday","dinner","travelling","hot","restaurant",0,0,0,"night"
59,416,39,377,"weekday","breakfast","travelling","hot","restaurant",0,0,0,"morning"
59,417,40,377,"weekend","breakfast","leisure","warm","grocery",1,0,0,"morning"
59,418,41,377,"weekday","afternoon","travelling","hot","grocery",0,0,0,"midday"
59,419,42,377,"weekday","lunch","travelling","cold","restaurant",1,0,0,"midday"
59,420,43,377,"weekday","breakfast","travelling","freezing","grocery",1,0,0,"morning"
59,421,44,377,"weekday","morning","unknown","unknown","restaurant",0,0,0,"morning"
59,422,45,377,"weekday","afternoon","morningrituals","cold","restaurant",0,0,0,"midday"
59,423,46,377,"weekday","morning","travelling","unknown","restaurant",1,0,0,"morning"
59,424,47,377,"weekend","beforelunch","working","hot","grocery",0,0,0,"midday"
59,425,48,377,"weekday","afternoon","working","unknown","restaurant",0,0,0,"midday"
59,426,49,377,"weekday","afternoon","travelling","freezing","grocery",0,0,0,"midday"
59,428,51,377,"weekday","morning","workingout","warm","grocery",0,0,0,"morning"
59,430,53,377,"weekday","lunch","unknown","unknown","grocery",0,0,0,"midday"
59,431,54,377,"weekday","beforelunch","unknown","hot","grocery",0,0,0,"midday"
59,432,55,377,"weekday","afternoon","working","unknown","grocery",1,0,0,"midday"
59,433,56,377,"weekday","afternoon","unknown","cold","grocery",0,0,0,"midday"
59,435,58,377,"weekend","lunch","unknown","cold","grocery",0,1,0,"midday"
59,436,59,377,"weekday","morning","working","cold","grocery",1,1,0,"morning"
59,437,60,377,"weekday","afternoon","travelling","cold","restaurant",1,1,0,"midday"
59,438,61,377,"weekend","afternoon","travelling","warm","restaurant",0,1,0,"midday"
59,439,62,377,"weekend","breakfast","travelling","hot","grocery",1,1,0,"morning"
59,440,63,377,"weekend","earlymorning","morningrituals","freezing","grocery",0,1,0,"morning"
59,442,65,377,"weekday","afternoon","unknown","hot","restaurant",0,1,0,"midday"
59,443,66,377,"weekday","lunch","travelling","cold","grocery",1,1,0,"midday"
59,444,67,377,"weekday","morning","working","cold","restaurant",0,1,0,"morning"
59,446,69,377,"weekday","breakfast","travelling","warm","restaurant",0,1,0,"morning"
59,448,71,377,"weekday","unknown","leisure","cold","restaurant",0,1,0,"unknown"
59,449,72,377,"weekday","breakfast","travelling","cold","grocery",0,1,0,"morning"
59,450,73,377,"weekday","night","unknown","hot","grocery",0,1,0,"night"
59,452,75,377,"weekday","earlymorning","travelling","unknown","restaurant",0,1,0,"morning"
59,453,76,377,"weekday","earlymorning","working","unknown","restaurant",0,1,0,"morning"
59,454,77,377,"weekday","morning","travelling","freezing","grocery",0,1,0,"morning"
59,455,78,377,"weekday","afternoon","unknown","unknown","grocery",1,1,0,"midday"
59,456,79,377,"weekday","afternoon","travelling","freezing","restaurant",1,1,0,"midday"
59,457,80,377,"weekday","afternoon","travelling","cold","restaurant",0,1,0,"midday"
59,458,81,377,"weekend","breakfast","unknown","unknown","restaurant",0,1,0,"morning"
59,461,84,377,"weekday","lunch","leisure","unknown","restaurant",1,1,0,"midday"
59,462,85,377,"weekday","afternoon","travelling","cold","restaurant",1,1,0,"midday"
59,463,86,377,"weekday","lunch","leisure","cold","restaurant",1,1,0,"midday"
59,465,88,377,"weekday","beforelunch","unknown","cold","restaurant",1,1,0,"midday"
59,467,90,377,"weekday","beforelunch","travelling","unknown","restaurant",1,1,0,"midday"
59,469,92,377,"weekday","lunch","travelling","unknown","grocery",1,1,0,"midday"
59,470,93,377,"weekday","beforelunch","travelling","freezing","grocery",1,1,0,"midday"
59,471,94,377,"weekend","morning","travelling","warm","restaurant",1,1,0,"morning"
59,472,95,377,"weekday","lunch","travelling","unknown","restaurant",0,1,0,"midday"
59,473,96,377,"weekend","breakfast","working","freezing","grocery",0,1,0,"morning"
59,474,97,377,"weekday","breakfast","travelling","freezing","grocery",0,1,0,"morning"
59,475,98,377,"weekday","afternoon","travelling","unknown","grocery",0,1,0,"midday"
59,476,99,377,"weekend","lunch","leisure","freezing","grocery",0,1,0,"midday"
59,477,100,377,"weekday","lunch","travelling","freezing","restaurant",1,1,0,"midday"
59,478,101,377,"weekend","lunch","leisure","cold","grocery",0,1,0,"midday"
59,479,102,377,"weekday","earlymorning","working","warm","restaurant",1,1,0,"morning"
59,480,103,377,"weekday","afternoon","travelling","unknown","restaurant",0,1,0,"midday"
59,481,104,377,"weekday","beforelunch","unknown","warm","restaurant",0,1,0,"midday"
59,482,105,377,"weekday","breakfast","unknown","freezing","grocery",0,1,0,"morning"
59,483,106,377,"weekend","afternoon","unknown","hot","grocery",0,1,0,"midday"
59,484,107,377,"weekend","evening","travelling","hot","restaurant",0,1,0,"night"
59,485,108,377,"weekend","lunch","social","cold","restaurant",0,1,0,"midday"
59,486,109,377,"weekday","breakfast","leisure","hot","restaurant",1,1,0,"morning"
59,487,110,377,"weekday","afternoon","travelling","cold","grocery",0,1,0,"midday"
59,488,111,377,"weekday","breakfast","working","cold","restaurant",1,1,0,"morning"
59,490,113,377,"weekday","afternoon","shopping","freezing","restaurant",1,1,1,"midday"
59,491,114,377,"weekend","lunch","unknown","freezing","restaurant",0,1,1,"midday"
59,492,115,377,"weekday","afternoon","travelling","freezing","grocery",0,1,1,"midday"
59,493,116,377,"weekday","afternoon","travelling","unknown","restaurant",0,1,1,"midday"
59,494,117,377,"weekday","lunch","travelling","freezing","restaurant",0,1,1,"midday"
59,495,118,377,"weekend","lunch","travelling","freezing","restaurant",0,1,1,"midday"
59,496,119,377,"weekday","afternoon","unknown","cold","restaurant",1,1,1,"midday"
59,497,120,377,"weekday","afternoon","travelling","warm","restaurant",0,1,1,"midday"
59,498,121,377,"weekday","afternoon","travelling","unknown","grocery",0,1,1,"midday"
59,499,122,377,"weekday","unknown","travelling","cold","grocery",1,1,1,"unknown"
59,501,124,377,"weekday","lunch","travelling","cold","grocery",1,1,1,"midday"
59,503,126,377,"weekday","earlymorning","travelling","unknown","grocery",0,1,1,"morning"
59,504,127,377,"weekend","breakfast","travelling","warm","grocery",1,1,1,"morning"
59,505,128,377,"weekday","lunch","travelling","unknown","grocery",0,1,1,"midday"
59,506,129,377,"unknown","unknown","travelling","unknown","restaurant",1,1,1,"unknown"
59,507,130,377,"weekday","dinner","shopping","cold","grocery",0,1,1,"night"
59,509,132,377,"weekend","lunch","leisure","cold","grocery",1,1,1,"midday"
59,511,134,377,"weekday","beforelunch","leisure","warm","restaurant",0,1,1,"midday"
59,512,135,377,"weekend","lunch","social","cold","grocery",0,1,1,"midday"
59,517,140,377,"weekday","afternoon","unknown","freezing","grocery",1,1,1,"midday"
59,518,141,377,"weekend","lunch","travelling","unknown","restaurant",0,1,1,"midday"
59,519,142,377,"weekend","lunch","travelling","cold","grocery",0,1,1,"midday"
59,520,143,377,"weekday","beforelunch","travelling","unknown","grocery",0,1,1,"midday"
59,521,144,377,"weekday","afternoon","travelling","unknown","restaurant",0,1,1,"midday"
59,522,145,377,"weekday","lunch","travelling","freezing","restaurant",1,1,1,"midday"
59,523,146,377,"weekday","lunch","travelling","unknown","grocery",0,1,1,"midday"
59,524,147,377,"weekday","afternoon","unknown","unknown","grocery",0,1,1,"midday"
59,525,148,377,"weekend","afternoon","shopping","hot","restaurant",0,1,1,"midday"
59,527,150,377,"weekday","afternoon","travelling","warm","restaurant",0,1,1,"midday"
59,528,151,377,"weekday","afternoon","travelling","unknown","restaurant",0,1,1,"midday"
59,529,152,377,"weekday","afternoon","unknown","warm","grocery",0,1,1,"midday"
59,531,154,377,"weekday","beforelunch","travelling","warm","restaurant",1,1,1,"midday"
59,532,155,377,"weekday","afternoon","travelling","cold","restaurant",1,1,1,"midday"
59,534,157,377,"weekday","afternoon","leisure","unknown","grocery",0,1,1,"midday"
59,535,158,377,"weekday","beforelunch","travelling","hot","restaurant",1,1,1,"midday"
59,536,159,377,"weekday","beforelunch","unknown","hot","grocery",1,1,1,"midday"
59,537,160,377,"weekday","dinner","working","unknown","grocery",1,1,1,"night"
59,539,162,377,"weekday","beforelunch","travelling","cold","restaurant",0,1,1,"midday"
59,540,163,377,"weekday","afternoon","unknown","warm","grocery",0,1,1,"midday"
59,541,164,377,"weekday","lunch","shopping","hot","grocery",0,1,1,"midday"
59,542,165,377,"weekday","lunch","travelling","cold","restaurant",0,1,1,"midday"
59,543,166,377,"weekend","lunch","working","cold","restaurant",0,1,1,"midday"
59,544,167,377,"weekend","breakfast","travelling","warm","grocery",1,1,1,"morning"
59,545,168,377,"weekday","beforelunch","travelling","freezing","restaurant",0,1,1,"midday"
59,546,169,377,"weekday","dinner","shopping","freezing","restaurant",1,1,1,"night"
59,547,170,377,"weekend","afternoon","travelling","warm","grocery",0,1,1,"midday"
59,548,171,377,"weekday","lunch","working","cold","restaurant",0,1,1,"midday"
59,550,173,377,"weekday","beforelunch","travelling","freezing","restaurant",0,1,1,"midday"
59,551,174,377,"weekday","afternoon","travelling","freezing","grocery",0,1,1,"midday"
59,554,177,377,"weekday","lunch","travelling","freezing","grocery",0,1,1,"midday"
59,555,178,377,"weekday","lunch","travelling","freezing","grocery",1,1,1,"midday"
59,556,179,377,"weekday","afternoon","leisure","cold","grocery",0,1,1,"midday"
59,557,180,377,"weekday","morning","travelling","freezing","grocery",0,1,1,"morning"
59,558,181,377,"weekday","lunch","travelling","cold","grocery",0,1,1,"midday"
59,559,182,377,"weekday","beforelunch","unknown","hot","grocery",0,1,1,"midday"
59,560,183,377,"weekday","unknown","travelling","cold","restaurant",0,1,1,"unknown"
60,391,4,387,"weekday","beforelunch","travelling","cold","restaurant",0,0,0,"midday"
60,392,5,387,"weekday","breakfast","travelling","cold","restaurant",0,0,0,"morning"
60,396,9,387,"weekday","morning","working","cold","grocery",0,0,0,"morning"
60,401,14,387,"weekend","afternoon","travelling","unknown","restaurant",0,0,0,"midday"
60,406,19,387,"weekend","afternoon","working","cold","restaurant",0,0,0,"midday"
60,407,20,387,"weekday","beforelunch","travelling","cold","grocery",0,0,0,"midday"
60,413,26,387,"weekend","lunch","working","warm","grocery",0,0,0,"midday"
60,415,28,387,"weekend","afternoon","leisure","cold","restaurant",1,0,0,"midday"
60,436,49,387,"weekday","afternoon","travelling","cold","grocery",1,0,0,"midday"
60,452,65,387,"weekend","breakfast","leisure","unknown","grocery",0,1,0,"morning"
60,453,66,387,"weekend","beforelunch","shopping","cold","grocery",0,1,0,"midday"
60,457,70,387,"weekday","afternoon","travelling","hot","restaurant",0,1,0,"midday"
60,458,71,387,"weekday","beforelunch","travelling","cold","grocery",0,1,0,"midday"
60,472,85,387,"weekend","afternoon","travelling","warm","restaurant",0,1,0,"midday"
60,489,102,387,"weekday","afternoon","unknown","cold","grocery",0,1,0,"midday"
60,491,104,387,"weekend","breakfast","morningrituals","cold","restaurant",0,1,0,"morning"
60,496,109,387,"weekday","lunch","leisure","freezing","restaurant",0,1,0,"midday"
60,497,110,387,"unknown","morning","shopping","warm","restaurant",0,1,0,"morning"
60,498,111,387,"weekday","beforelunch","shopping","warm","grocery",1,1,0,"midday"
60,506,119,387,"weekday","afternoon","travelling","warm","restaurant",0,1,1,"midday"
60,510,123,387,"weekday","afternoon","unknown","freezing","restaurant",0,1,1,"midday"
60,512,125,387,"weekday","earlymorning","leisure","warm","grocery",0,1,1,"morning"
60,515,128,387,"weekend","breakfast","working","cold","grocery",0,1,1,"morning"
60,518,131,387,"weekday","afternoon","travelling","unknown","restaurant",0,1,1,"midday"
60,530,143,387,"weekday","breakfast","leisure","warm","restaurant",0,1,1,"morning"
60,537,150,387,"weekday","lunch","working","unknown","grocery",0,1,1,"midday"
60,540,153,387,"weekend","beforelunch","unknown","freezing","restaurant",0,1,1,"midday"
60,541,154,387,"weekday","lunch","travelling","warm","restaurant",0,1,1,"midday"
60,542,155,387,"weekday","breakfast","unknown","unknown","restaurant",0,1,1,"morning"
60,550,163,387,"weekday","afternoon","travelling","unknown","restaurant",0,1,1,"midday"
60,556,169,387,"weekday","beforelunch","travelling","freezing","grocery",0,1,1,"midday"
60,563,176,387,"weekday","beforelunch","travelling","cold","restaurant",0,1,1,"midday"
61,411,18,393,"weekday","afternoon","working","cold","restaurant",1,0,0,"midday"
61,447,54,393,"weekend","breakfast","leisure","unknown","grocery",1,0,0,"morning"
61,457,64,393,"weekday","afternoon","working","unknown","grocery",0,1,0,"midday"
61,492,99,393,"weekday","beforelunch","working","unknown","grocery",0,1,0,"midday"
61,516,123,393,"weekday","afternoon","unknown","cold","restaurant",0,1,1,"midday"
61,542,149,393,"weekday","morning","travelling","unknown","grocery",0,1,1,"morning"
61,548,155,393,"weekday","afternoon","unknown","warm","restaurant",0,1,1,"midday"
62,415,19,396,"weekend","dinner","morningrituals","freezing","restaurant",0,0,0,"night"
62,470,74,396,"weekday","breakfast","travelling","unknown","restaurant",0,1,0,"morning"
62,510,114,396,"weekend","breakfast","shopping","hot","grocery",0,1,1,"morning"
63,405,0,405,"weekend","afternoon","travelling","cold","restaurant",0,0,0,"midday"
63,406,1,405,"unknown","lunch","travelling","warm","restaurant",0,0,0,"midday"
63,407,2,405,"weekday","lunch","travelling","cold","grocery",0,0,0,"midday"
63,413,8,405,"weekday","morning","travelling","unknown","restaurant",0,0,0,"morning"
63,421,16,405,"weekday","latenight","morningrituals","freezing","restaurant",0,0,0,"night"
63,433,28,405,"weekend","earlymorning","leisure","warm","restaurant",0,0,0,"morning"
63,449,44,405,"weekday","lunch","travelling","hot","grocery",0,0,0,"midday"
63,451,46,405,"weekday","earlymorning","leisure","warm","grocery",0,0,0,"morning"
63,452,47,405,"weekday","afternoon","travelling","unknown","restaurant",1,0,0,"midday"
63,454,49,405,"weekend","unknown","working","freezing","grocery",0,0,0,"unknown"
63,460,55,405,"weekday","latenight","travelling","warm","restaurant",1,0,0,"night"
63,466,61,405,"weekday","dinner","travelling","freezing","grocery",0,1,0,"night"
63,476,71,405,"weekday","breakfast","travelling","warm","restaurant",0,1,0,"morning"
63,478,73,405,"weekend","afternoon","travelling","cold","restaurant",0,1,0,"midday"
63,481,76,405,"weekday","beforelunch","leisure","cold","grocery",0,1,0,"midday"
63,483,78,405,"weekend","lunch","travelling","unknown","restaurant",0,1,0,"midday"
63,484,79,405,"weekday","afternoon","unknown","freezing","grocery",0,1,0,"midday"
63,487,82,405,"weekday","lunch","leisure","cold","restaurant",0,1,0,"midday"
63,491,86,405,"weekend","dinner","travelling","freezing","grocery",0,1,0,"night"
63,492,87,405,"weekday","lunch","unknown","freezing","grocery",1,1,0,"midday"
63,503,98,405,"weekend","beforelunch","leisure","cold","grocery",0,1,0,"midday"
63,517,112,405,"weekday","afternoon","leisure","unknown","grocery",1,1,0,"midday"
63,518,113,405,"weekday","lunch","travelling","unknown","grocery",0,1,1,"midday"
63,523,118,405,"weekday","afternoon","unknown","cold","restaurant",1,1,1,"midday"
63,525,120,405,"weekday","breakfast","working","freezing","grocery",0,1,1,"morning"
63,527,122,405,"weekday","afternoon","working","cold","grocery",0,1,1,"midday"
63,529,124,405,"weekday","lunch","leisure","freezing","grocery",0,1,1,"midday"
63,535,130,405,"weekday","unknown","travelling","cold","restaurant",0,1,1,"unknown"
63,536,131,405,"weekday","lunch","travelling","cold","restaurant",1,1,1,"midday"
63,544,139,405,"weekday","beforelunch","travelling","unknown","grocery",0,1,1,"midday"
63,552,147,405,"weekend","breakfast","travelling","warm","grocery",0,1,1,"morning"
63,555,150,405,"weekend","beforelunch","travelling","warm","restaurant",0,1,1,"midday"
63,564,159,405,"weekend","afternoon","travelling","warm","restaurant",1,1,1,"midday"
63,569,164,405,"weekday","lunch","social","hot","grocery",1,1,1,"midday"
63,577,172,405,"weekday","afternoon","shopping","unknown","grocery",1,1,1,"midday"
63,579,174,405,"weekend","beforelunch","travelling","cold","grocery",1,1,1,"midday"
63,585,180,405,"weekday","afternoon","travelling","cold","grocery",0,1,1,"midday"
64,411,3,408,"weekday","afternoon","travelling","freezing","restaurant",1,0,0,"midday"
64,413,5,408,"weekday","beforelunch","working","cold","restaurant",0,0,0,"midday"
64,423,15,408,"weekday","unknown","leisure","hot","grocery",1,0,0,"unknown"
64,428,20,408,"weekday","afternoon","working","hot","restaurant",1,0,0,"midday"
64,429,21,408,"weekday","afternoon","travelling","cold","grocery",0,0,0,"midday"
64,430,22,408,"weekday","afternoon","travelling","unknown","grocery",1,0,0,"midday"
64,433,25,408,"weekend","breakfast","shopping","unknown","grocery",0,0,0,"morning"
64,444,36,408,"weekday","afternoon","unknown","cold","grocery",0,0,0,"midday"
64,447,39,408,"weekday","breakfast","working","cold","restaurant",0,0,0,"morning"
64,457,49,408,"weekday","night","travelling","cold","restaurant",1,0,0,"night"
64,460,52,408,"weekday","afternoon","travelling","freezing","restaurant",0,0,0,"midday"
64,472,64,408,"weekday","breakfast","travelling","unknown","restaurant",0,1,0,"morning"
64,485,77,408,"weekday","breakfast","morningrituals","warm","restaurant",0,1,0,"morning"
64,492,84,408,"weekday","afternoon","unknown","hot","restaurant",0,1,0,"midday"
64,497,89,408,"weekday","evening","leisure","unknown","restaurant",0,1,0,"night"
64,498,90,408,"weekday","lunch","travelling","cold","restaurant",0,1,0,"midday"
64,499,91,408,"weekend","afternoon","shopping","cold","grocery",1,1,0,"midday"
64,500,92,408,"weekday","afternoon","travelling","cold","restaurant",0,1,0,"midday"
64,511,103,408,"weekday","afternoon","travelling","unknown","restaurant",0,1,0,"midday"
64,517,109,408,"weekday","lunch","unknown","cold","restaurant",0,1,0,"midday"
64,523,115,408,"weekday","evening","travelling","cold","grocery",0,1,1,"night"
64,529,121,408,"weekday","beforelunch","travelling","cold","restaurant",1,1,1,"midday"
64,532,124,408,"weekday","afternoon","travelling","freezing","grocery",1,1,1,"midday"
64,545,137,408,"weekday","lunch","unknown","unknown","grocery",1,1,1,"midday"
64,556,148,408,"weekday","afternoon","travelling","unknown","restaurant",1,1,1,"midday"
64,559,151,408,"weekday","lunch","travelling","cold","grocery",0,1,1,"midday"
64,560,152,408,"weekday","lunch","shopping","unknown","restaurant",0,1,1,"midday"
64,565,157,408,"weekday","breakfast","travelling","cold","grocery",0,1,1,"morning"
64,567,159,408,"weekday","beforelunch","travelling","warm","grocery",0,1,1,"midday"
64,573,165,408,"weekday","lunch","unknown","cold","restaurant",0,1,1,"midday"
64,579,171,408,"weekday","breakfast","morningrituals","freezing","grocery",1,1,1,"morning"
64,582,174,408,"weekday","unknown","travelling","freezing","restaurant",1,1,1,"unknown"
64,584,176,408,"weekday","beforelunch","travelling","freezing","grocery",0,1,1,"midday"
65,417,3,414,"weekday","afternoon","travelling","unknown","grocery",0,0,0,"midday"
65,419,5,414,"weekend","beforelunch","working","cold","restaurant",0,0,0,"midday"
65,420,6,414,"weekday","afternoon","travelling","freezing","grocery",1,0,0,"midday"
65,421,7,414,"weekday","morning","travelling","cold","grocery",0,0,0,"morning"
65,426,12,414,"weekday","lunch","unknown","unknown","grocery",0,0,0,"midday"
65,427,13,414,"weekday","lunch","unknown","cold","restaurant",0,0,0,"midday"
65,429,15,414,"weekday","beforelunch","travelling","freezing","restaurant",1,0,0,"midday"
65,430,16,414,"weekday","afternoon","travelling","unknown","grocery",0,0,0,"midday"
65,433,19,414,"weekday","dinner","travelling","hot","grocery",0,0,0,"night"
65,434,20,414,"weekday","beforelunch","travelling","hot","grocery",0,0,0,"midday"
65,435,21,414,"weekday","unknown","leisure","freezing","restaurant",0,0,0,"unknown"
65,440,26,414,"weekday","latenight","working","unknown","restaurant",1,0,0,"night"
65,442,28,414,"weekday","afternoon","unknown","cold","grocery",1,0,0,"midday"
65,443,29,414,"weekday","dinner","working","cold","grocery",0,0,0,"night"
65,446,32,414,"weekday","lunch","shopping","unknown","restaurant",0,0,0,"midday"
65,450,36,414,"weekday","afternoon","shopping","cold","restaurant",1,0,0,"midday"
65,451,37,414,"weekday","beforelunch","working","freezing","grocery",0,0,0,"midday"
65,455,41,414,"weekday","evening","travelling","freezing","grocery",1,0,0,"night"
65,457,43,414,"weekday","morning","social","hot","restaurant",0,0,0,"morning"
65,458,44,414,"weekday","beforelunch","travelling","freezing","restaurant",0,0,0,"midday"
65,459,45,414,"weekday","lunch","travelling","warm","grocery",1,0,0,"midday"
65,461,47,414,"weekday","beforelunch","travelling","unknown","grocery",0,0,0,"midday"
65,464,50,414,"weekday","lunch","working","hot","grocery",0,0,0,"midday"
65,467,53,414,"weekday","beforelunch","travelling","cold","grocery",1,0,0,"midday"
65,468,54,414,"weekday","afternoon","unknown","warm","restaurant",0,0,0,"midday"
65,470,56,414,"weekday","lunch","travelling","warm","grocery",0,0,0,"midday"
65,471,57,414,"weekday","lunch","unknown","freezing","grocery",0,1,0,"midday"
65,474,60,414,"weekday","unknown","leisure","hot","restaurant",1,1,0,"unknown"
65,475,61,414,"weekday","lunch","unknown","freezing","grocery",0,1,0,"midday"
65,478,64,414,"weekday","night","unknown","freezing","restaurant",1,1,0,"night"
65,483,69,414,"weekday","afternoon","working","cold","restaurant",0,1,0,"midday"
65,488,74,414,"weekday","afternoon","travelling","cold","grocery",0,1,0,"midday"
65,489,75,414,"weekday","lunch","travelling","unknown","grocery",0,1,0,"midday"
65,491,77,414,"weekend","beforelunch","travelling","cold","restaurant",0,1,0,"midday"
65,510,96,414,"weekday","morning","leisure","warm","grocery",0,1,0,"morning"
65,511,97,414,"weekend","beforelunch","travelling","cold","restaurant",0,1,0,"midday"
65,514,100,414,"weekday","breakfast","travelling","unknown","grocery",1,1,0,"morning"
65,515,101,414,"weekday","afternoon","unknown","cold","grocery",0,1,0,"midday"
65,516,102,414,"weekday","lunch","working","unknown","grocery",0,1,0,"midday"
65,517,103,414,"weekend","afternoon","housework","cold","restaurant",0,1,0,"midday"
65,519,105,414,"weekday","lunch","unknown","warm","restaurant",0,1,0,"midday"
65,525,111,414,"weekday","evening","travelling","unknown","grocery",1,1,0,"night"
65,528,114,414,"weekday","evening","unknown","unknown","grocery",0,1,1,"night"
65,534,120,414,"weekend","lunch","unknown","cold","restaurant",1,1,1,"midday"
65,537,123,414,"weekday","afternoon","travelling","cold","restaurant",0,1,1,"midday"
65,538,124,414,"weekend","afternoon","travelling","freezing","grocery",1,1,1,"midday"
65,539,125,414,"weekend","lunch","travelling","cold","restaurant",0,1,1,"midday"
65,541,127,414,"weekend","beforelunch","travelling","freezing","restaurant",0,1,1,"midday"
65,543,129,414,"weekday","earlymorning","travelling","unknown","restaurant",1,1,1,"morning"
65,551,137,414,"weekday","breakfast","travelling","cold","grocery",1,1,1,"morning"
65,552,138,414,"weekend","lunch","travelling","unknown","restaurant",0,1,1,"midday"
65,554,140,414,"weekday","lunch","travelling","hot","grocery",0,1,1,"midday"
65,557,143,414,"weekday","evening","working","unknown","restaurant",0,1,1,"night"
65,559,145,414,"weekend","afternoon","leisure","cold","restaurant",0,1,1,"midday"
65,564,150,414,"weekday","afternoon","travelling","hot","grocery",1,1,1,"midday"
65,565,151,414,"weekday","beforelunch","travelling","warm","grocery",0,1,1,"midday"
65,566,152,414,"weekday","evening","travelling","hot","grocery",1,1,1,"night"
65,568,154,414,"weekday","lunch","unknown","freezing","restaurant",0,1,1,"midday"
65,571,157,414,"weekday","unknown","travelling","unknown","restaurant",0,1,1,"unknown"
65,572,158,414,"weekday","afternoon","leisure","hot","restaurant",0,1,1,"midday"
65,579,165,414,"weekend","afternoon","travelling","freezing","restaurant",0,1,1,"midday"
65,580,166,414,"weekend","beforelunch","working","cold","restaurant",0,1,1,"midday"
65,582,168,414,"unknown","lunch","travelling","cold","restaurant",1,1,1,"midday"
65,583,169,414,"weekday","afternoon","shopping","freezing","grocery",0,1,1,"midday"
65,584,170,414,"weekday","afternoon","working","unknown","grocery",0,1,1,"midday"
65,587,173,414,"weekday","afternoon","travelling","hot","restaurant",0,1,1,"midday"
65,591,177,414,"weekday","unknown","travelling","cold","grocery",0,1,1,"unknown"
65,596,182,414,"weekday","afternoon","travelling","freezing","grocery",1,1,1,"midday"
66,424,1,423,"weekday","lunch","travelling","freezing","grocery",1,0,0,"midday"
66,427,4,423,"weekday","lunch","travelling","freezing","grocery",1,0,0,"midday"
66,429,6,423,"weekend","afternoon","leisure","freezing","restaurant",1,0,0,"midday"
66,434,11,423,"weekday","earlymorning","travelling","freezing","grocery",0,0,0,"morning"
66,435,12,423,"weekday","beforelunch","leisure","freezing","restaurant",0,0,0,"midday"
66,437,14,423,"weekday","afternoon","travelling","freezing","grocery",1,0,0,"midday"
66,439,16,423,"weekday","dinner","leisure","unknown","grocery",0,0,0,"night"
66,440,17,423,"weekend","dinner","unknown","cold","restaurant",1,0,0,"night"
66,441,18,423,"weekday","beforelunch","working","cold","restaurant",1,0,0,"midday"
66,444,21,423,"weekday","lunch","travelling","cold","restaurant",0,0,0,"midday"
66,445,22,423,"weekend","unknown","travelling","freezing","grocery",0,0,0,"unknown"
66,449,26,423,"weekday","breakfast","travelling","cold","restaurant",1,0,0,"morning"
66,451,28,423,"weekday","lunch","travelling","cold","restaurant",0,0,0,"midday"
66,452,29,423,"weekend","beforelunch","travelling","cold","grocery",0,0,0,"midday"
66,453,30,423,"weekday","morning","travelling","cold","restaurant",1,0,0,"morning"
66,454,31,423,"weekday","afternoon","leisure","unknown","grocery",0,0,0,"midday"
66,455,32,423,"weekday","lunch","travelling","freezing","restaurant",0,0,0,"midday"
66,456,33,423,"weekday","afternoon","travelling","cold","grocery",1,0,0,"midday"
66,459,36,423,"weekend","morning","working","unknown","restaurant",1,0,0,"morning"
66,461,38,423,"weekday","afternoon","travelling","warm","restaurant",0,0,0,"midday"
66,462,39,423,"weekday","night","travelling","cold","restaurant",1,0,0,"night"
66,463,40,423,"weekday","breakfast","travelling","freezing","restaurant",0,0,0,"morning"
66,464,41,423,"weekday","morning","travelling","cold","restaurant",0,0,0,"morning"
66,465,42,423,"weekday","afternoon","travelling","freezing","grocery",0,0,0,"midday"
66,466,43,423,"weekday","lunch","travelling","freezing","grocery",0,0,0,"midday"
66,467,44,423,"weekday","afternoon","travelling","cold","grocery",0,0,0,"midday"
66,472,49,423,"weekday","afternoon","unknown","hot","restaurant",0,0,0,"midday"
66,476,53,423,"weekday","breakfast","working","warm","grocery",0,0,0,"morning"
66,477,54,423,"weekday","afternoon","unknown","freezing","grocery",0,0,0,"midday"
66,478,55,423,"weekend","lunch","unknown","hot","restaurant",0,0,0,"midday"
66,479,56,423,"weekday","morning","travelling","freezing","restaurant",0,0,0,"morning"
66,480,57,423,"weekday","breakfast","unknown","freezing","restaurant",1,1,0,"morning"
66,481,58,423,"weekend","lunch","shopping","cold","restaurant",1,1,0,"midday"
66,482,59,423,"weekend","afternoon","travelling","freezing","restaurant",1,1,0,"midday"
66,483,60,423,"weekday","lunch","morningrituals","warm","grocery",1,1,0,"midday"
66,484,61,423,"weekend","beforelunch","travelling","unknown","grocery",0,1,0,"midday"
66,485,62,423,"weekday","beforelunch","travelling","hot","grocery",1,1,0,"midday"
66,486,63,423,"weekend","beforelunch","travelling","freezing","grocery",1,1,0,"midday"
66,487,64,423,"weekday","beforelunch","unknown","warm","restaurant",0,1,0,"midday"
66,488,65,423,"weekday","afternoon","unknown","freezing","grocery",1,1,0,"midday"
66,489,66,423,"weekday","breakfast","shopping","unknown","grocery",1,1,0,"morning"
66,491,68,423,"weekday","dinner","travelling","cold","restaurant",0,1,0,"night"
66,493,70,423,"weekend","morning","unknown","warm","restaurant",1,1,0,"morning"
66,495,72,423,"weekday","afternoon","unknown","freezing","restaurant",0,1,0,"midday"
66,496,73,423,"weekday","afternoon","travelling","warm","restaurant",1,1,0,"midday"
66,499,76,423,"weekday","evening","travelling","cold","restaurant",0,1,0,"night"
66,500,77,423,"weekend","lunch","travelling","warm","restaurant",0,1,0,"midday"
66,501,78,423,"weekday","morning","working","hot","restaurant",1,1,0,"morning"
66,502,79,423,"weekday","afternoon","travelling","unknown","restaurant",0,1,0,"midday"
66,503,80,423,"weekday","morning","travelling","cold","grocery",0,1,0,"morning"
66,505,82,423,"weekday","beforelunch","travelling","freezing","grocery",1,1,0,"midday"
66,506,83,423,"weekend","breakfast","leisure","cold","restaurant",0,1,0,"morning"
66,507,84,423,"weekend","beforelunch","shopping","unknown","restaurant",0,1,0,"midday"
66,508,85,423,"unknown","morning","travelling","freezing","grocery",0,1,0,"morning"
66,509,86,423,"weekday","morning","shopping","cold","grocery",1,1,0,"morning"
66,510,87,423,"weekday","lunch","working","unknown","restaurant",1,1,0,"midday"
66,513,90,423,"weekend","lunch","travelling","unknown","grocery",0,1,0,"midday"
66,514,91,423,"weekday","breakfast","working","unknown","grocery",1,1,0,"morning"
66,516,93,423,"weekday","beforelunch","leisure","warm","grocery",0,1,0,"midday"
66,518,95,423,"weekend","afternoon","unknown","cold","grocery",1,1,0,"midday"
66,519,96,423,"weekday","morning","travelling","unknown","restaurant",0,1,0,"morning"
66,520,97,423,"weekday","afternoon","leisure","hot","restaurant",0,1,0,"midday"
66,523,100,423,"weekday","breakfast","working","warm","grocery",1,1,0,"morning"
66,529,106,423,"weekday","afternoon","travelling","unknown","grocery",0,1,0,"midday"
66,530,107,423,"weekday","beforelunch","travelling","freezing","restaurant",0,1,0,"midday"
66,532,109,423,"weekday","afternoon","travelling","freezing","grocery",0,1,0,"midday"
66,533,110,423,"weekday","dinner","travelling","freezing","grocery",1,1,0,"night"
66,535,112,423,"weekday","afternoon","unknown","warm","grocery",0,1,0,"midday"
66,536,113,423,"weekday","lunch","travelling","unknown","grocery",0,1,1,"midday"
66,537,114,423,"weekday","afternoon","travelling","freezing","grocery",0,1,1,"midday"
66,538,115,423,"weekday","breakfast","travelling","unknown","grocery",1,1,1,"morning"
66,539,116,423,"weekend","beforelunch","shopping","cold","grocery",0,1,1,"midday"
66,540,117,423,"weekend","lunch","unknown","hot","restaurant",0,1,1,"midday"
66,541,118,423,"weekday","afternoon","unknown","unknown","restaurant",0,1,1,"midday"
66,544,121,423,"weekday","breakfast","working","cold","restaurant",1,1,1,"morning"
66,548,125,423,"unknown","earlymorning","travelling","warm","grocery",0,1,1,"morning"
66,549,126,423,"weekday","breakfast","travelling","warm","restaurant",0,1,1,"morning"
66,550,127,423,"weekday","beforelunch","travelling","cold","grocery",0,1,1,"midday"
66,551,128,423,"weekday","lunch","shopping","cold","restaurant",1,1,1,"midday"
66,555,132,423,"weekday","lunch","unknown","cold","grocery",0,1,1,"midday"
66,557,134,423,"weekday","afternoon","travelling","cold","restaurant",1,1,1,"midday"
66,559,136,423,"weekday","afternoon","social","cold","grocery",0,1,1,"midday"
66,560,137,423,"weekday","afternoon","working","cold","restaurant",0,1,1,"midday"
66,561,138,423,"weekend","beforelunch","working","cold","restaurant",1,1,1,"midday"
66,562,139,423,"weekday","beforelunch","travelling","cold","restaurant",0,1,1,"midday"
66,563,140,423,"weekday","morning","travelling","cold","grocery",1,1,1,"morning"
66,565,142,423,"weekday","breakfast","travelling","cold","grocery",0,1,1,"morning"
66,566,143,423,"weekday","afternoon","travelling","unknown","restaurant",0,1,1,"midday"
66,567,144,423,"weekday","lunch","unknown","cold","grocery",1,1,1,"midday"
66,571,148,423,"weekday","afternoon","travelling","hot","grocery",0,1,1,"midday"
66,572,149,423,"weekend","afternoon","travelling","cold","grocery",0,1,1,"midday"
66,574,151,423,"weekday","lunch","travelling","unknown","grocery",0,1,1,"midday"
66,576,153,423,"weekday","lunch","travelling","unknown","restaurant",1,1,1,"midday"
66,577,154,423,"weekday","dinner","travelling","freezing","grocery",0,1,1,"night"
66,578,155,423,"weekday","lunch","travelling","warm","restaurant",0,1,1,"midday"
66,580,157,423,"weekday","breakfast","travelling","cold","restaurant",0,1,1,"morning"
66,582,159,423,"weekday","lunch","travelling","warm","restaurant",0,1,1,"midday"
66,583,160,423,"weekend","morning","working","cold","restaurant",0,1,1,"morning"
66,584,161,423,"weekend","afternoon","travelling","unknown","grocery",1,1,1,"midday"
66,586,163,423,"weekday","beforelunch","travelling","warm","grocery",0,1,1,"midday"
66,588,165,423,"weekday","lunch","travelling","cold","grocery",1,1,1,"midday"
66,590,167,423,"weekday","afternoon","unknown","cold","restaurant",0,1,1,"midday"
66,592,169,423,"weekday","afternoon","travelling","warm","restaurant",1,1,1,"midday"
66,593,170,423,"weekday","afternoon","shopping","unknown","restaurant",0,1,1,"midday"
66,596,173,423,"weekday","afternoon","leisure","freezing","grocery",0,1,1,"midday"
66,597,174,423,"weekday","lunch","travelling","cold","restaurant",0,1,1,"midday"
66,604,181,423,"weekday","afternoon","unknown","cold","restaurant",1,1,1,"midday"
66,605,182,423,"weekday","beforelunch","unknown","warm","restaurant",0,1,1,"midday"
66,606,183,423,"weekday","breakfast","travelling","freezing","grocery",0,1,1,"morning"
67,441,8,433,"weekend","afternoon","leisure","freezing","grocery",1,0,0,"midday"
67,484,51,433,"weekend","afternoon","unknown","warm","grocery",0,0,0,"midday"
67,501,68,433,"weekday","lunch","travelling","freezing","restaurant",0,1,0,"midday"
67,503,70,433,"weekday","earlymorning","unknown","warm","grocery",0,1,0,"morning"
67,516,83,433,"weekday","dinner","shopping","warm","restaurant",0,1,0,"night"
67,522,89,433,"weekend","beforelunch","travelling","freezing","restaurant",0,1,0,"midday"
67,559,126,433,"weekday","latenight","travelling","cold","restaurant",0,1,1,"night"
68,443,3,440,"weekend","afternoon","travelling","unknown","restaurant",0,0,0,"midday"
68,446,6,440,"weekday","lunch","travelling","unknown","grocery",0,0,0,"midday"
68,452,12,440,"weekday","lunch","unknown","unknown","grocery",1,0,0,"midday"
68,462,22,440,"weekday","afternoon","travelling","hot","grocery",0,0,0,"midday"
68,466,26,440,"weekday","morning","travelling","freezing","grocery",0,0,0,"morning"
68,476,36,440,"weekday","dinner","morningrituals","cold","grocery",1,0,0,"night"
68,484,44,440,"weekend","afternoon","travelling","warm","grocery",0,0,0,"midday"
68,485,45,440,"weekday","lunch","travelling","unknown","restaurant",1,0,0,"midday"
68,487,47,440,"weekday","afternoon","working","unknown","restaurant",1,0,0,"midday"
68,491,51,440,"weekday","afternoon","travelling","warm","restaurant",1,0,0,"midday"
68,496,56,440,"weekday","afternoon","travelling","cold","grocery",0,0,0,"midday"
68,498,58,440,"weekday","breakfast","unknown","cold","grocery",0,1,0,"morning"
68,500,60,440,"unknown","afternoon","travelling","unknown","grocery",0,1,0,"midday"
68,502,62,440,"weekday","breakfast","working","hot","grocery",0,1,0,"morning"
68,510,70,440,"weekend","afternoon","leisure","cold","grocery",0,1,0,"midday"
68,511,71,440,"weekday","afternoon","travelling","freezing","grocery",0,1,0,"midday"
68,513,73,440,"unknown","lunch","travelling","cold","grocery",0,1,0,"midday"
68,514,74,440,"weekend","afternoon","travelling","freezing","restaurant",0,1,0,"midday"
68,515,75,440,"weekday","lunch","working","cold","grocery",0,1,0,"midday"
68,521,81,440,"weekday","unknown","unknown","freezing","grocery",0,1,0,"unknown"
68,522,82,440,"weekday","beforelunch","shopping","freezing","grocery",1,1,0,"midday"
68,525,85,440,"weekend","afternoon","travelling","freezing","restaurant",0,1,0,"midday"
68,526,86,440,"weekday","morning","morningrituals","freezing","restaurant",0,1,0,"morning"
68,529,89,440,"weekday","afternoon","travelling","cold","restaurant",1,1,0,"midday"
68,532,92,440,"weekday","beforelunch","travelling","freezing","grocery",0,1,0,"midday"
68,533,93,440,"weekend","lunch","leisure","unknown","restaurant",0,1,0,"midday"
68,543,103,440,"weekday","lunch","travelling","hot","grocery",0,1,0,"midday"
68,547,107,440,"weekday","lunch","leisure","cold","restaurant",0,1,0,"midday"
68,549,109,440,"weekday","latenight","working","freezing","grocery",0,1,0,"night"
68,550,110,440,"weekday","morning","travelling","cold","grocery",0,1,0,"morning"
68,551,111,440,"weekend","afternoon","travelling","cold","grocery",0,1,0,"midday"
68,552,112,440,"weekday","night","travelling","freezing","restaurant",1,1,0,"night"
68,553,113,440,"weekend","afternoon","unknown","hot","grocery",1,1,1,"midday"
68,554,114,440,"weekday","lunch","unknown","cold","grocery",0,1,1,"midday"
68,558,118,440,"weekend","dinner","travelling","freezing","restaurant",1,1,1,"night"
68,559,119,440,"weekday","afternoon","unknown","unknown","grocery",1,1,1,"midday"
68,560,120,440,"weekday","afternoon","unknown","freezing","grocery",1,1,1,"midday"
68,562,122,440,"weekday","beforelunch","travelling","warm","restaurant",1,1,1,"midday"
68,568,128,440,"weekend","lunch","working","warm","grocery",0,1,1,"midday"
68,570,130,440,"weekday","beforelunch","shopping","freezing","grocery",0,1,1,"midday"
68,577,137,440,"weekday","breakfast","unknown","freezing","restaurant",0,1,1,"morning"
68,579,139,440,"weekday","night","shopping","warm","restaurant",1,1,1,"night"
68,582,142,440,"weekday","morning","travelling","freezing","restaurant",1,1,1,"morning"
68,583,143,440,"weekday","afternoon","travelling","warm","restaurant",0,1,1,"midday"
68,584,144,440,"weekend","afternoon","working","unknown","grocery",0,1,1,"midday"
68,586,146,440,"weekday","beforelunch","shopping","warm","restaurant",0,1,1,"midday"
68,592,152,440,"weekday","afternoon","unknown","unknown","grocery",0,1,1,"midday"
68,593,153,440,"weekday","afternoon","leisure","cold","restaurant",0,1,1,"midday"
68,597,157,440,"weekend","afternoon","travelling","cold","grocery",0,1,1,"midday"
68,604,164,440,"weekday","breakfast","unknown","freezing","restaurant",1,1,1,"morning"
68,608,168,440,"weekday","lunch","shopping","freezing","grocery",0,1,1,"midday"
68,616,176,440,"weekday","lunch","travelling","cold","restaurant",0,1,1,"midday"
68,621,181,440,"weekend","breakfast","travelling","cold","restaurant",0,1,1,"morning"
69,456,10,446,"weekday","afternoon","leisure","warm","restaurant",1,0,0,"midday"
69,475,29,446,"weekday","beforelunch","travelling","freezing","grocery",0,0,0,"midday"
69,480,34,446,"weekday","earlymorning","unknown","freezing","grocery",0,0,0,"morning"
69,486,40,446,"weekday","afternoon","working","freezing","grocery",1,0,0,"midday"
69,557,111,446,"weekday","beforelunch","travelling","cold","grocery",0,1,0,"midday"
69,578,132,446,"weekday","lunch","travelling","warm","grocery",0,1,1,"midday"
69,587,141,446,"unknown","afternoon","unknown","hot","grocery",0,1,1,"midday"
69,590,144,446,"weekday","morning","shopping","warm","grocery",0,1,1,"morning"
69,596,150,446,"weekend","afternoon","leisure","cold","grocery",1,1,1,"midday"
69,608,162,446,"weekday","afternoon","travelling","unknown","restaurant",1,1,1,"midday"
70,472,18,454,"weekend","dinner","travelling","cold","restaurant",0,0,0,"night"
70,475,21,454,"weekday","afternoon","unknown","cold","grocery",1,0,0,"midday"
70,484,30,454,"weekend","afternoon","shopping","freezing","grocery",0,0,0,"midday"
70,490,36,454,"weekday","afternoon","leisure","cold","grocery",0,0,0,"midday"
70,491,37,454,"weekday","breakfast","travelling","freezing","restaurant",0,0,0,"morning"
70,498,44,454,"weekend","breakfast","leisure","warm","restaurant",0,0,0,"morning"
70,501,47,454,"weekday","dinner","travelling","hot","restaurant",0,0,0,"night"
70,507,53,454,"weekday","breakfast","travelling","unknown","restaurant",0,0,0,"morning"
70,509,55,454,"weekday","lunch","travelling","warm","restaurant",0,0,0,"midday"
70,524,70,454,"weekday","afternoon","travelling","freezing","restaurant",0,1,0,"midday"
70,528,74,454,"weekday","lunch","unknown","unknown","restaurant",0,1,0,"midday"
70,544,90,454,"weekend","afternoon","travelling","unknown","restaurant",0,1,0,"midday"
70,550,96,454,"weekday","beforelunch","unknown","freezing","grocery",0,1,0,"midday"
70,554,100,454,"weekday","beforelunch","travelling","freezing","restaurant",0,1,0,"midday"
70,557,103,454,"weekday","morning","travelling","freezing","restaurant",0,1,0,"morning"
70,558,104,454,"weekend","evening","travelling","cold","grocery",0,1,0,"night"
70,567,113,454,"weekday","afternoon","travelling","unknown","restaurant",0,1,1,"midday"
70,568,114,454,"weekday","dinner","workingout","warm","grocery",1,1,1,"night"
70,577,123,454,"weekday","morning","leisure","hot","grocery",1,1,1,"morning"
70,578,124,454,"weekday","breakfast","travelling","warm","grocery",0,1,1,"morning"
70,580,126,454,"weekend","lunch","working","unknown","restaurant",0,1,1,"midday"
70,582,128,454,"weekday","beforelunch","unknown","unknown","grocery",0,1,1,"midday"
70,591,137,454,"weekend","earlymorning","travelling","cold","grocery",0,1,1,"morning"
70,597,143,454,"weekday","lunch","travelling","unknown","grocery",0,1,1,"midday"
70,614,160,454,"weekend","beforelunch","unknown","unknown","restaurant",0,1,1,"midday"
70,615,161,454,"weekday","afternoon","travelling","freezing","restaurant",1,1,1,"midday"
70,618,164,454,"weekend","lunch","travelling","cold","grocery",0,1,1,"midday"
70,623,169,454,"weekday","afternoon","travelling","unknown","grocery",1,1,1,"midday"
70,633,179,454,"weekday","lunch","working","hot","grocery",0,1,1,"midday"
71,467,0,467,"weekday","beforelunch","travelling","unknown","grocery",1,0,0,"midday"
71,468,1,467,"weekend","unknown","unknown","unknown","grocery",0,0,0,"unknown"
71,469,2,467,"weekday","breakfast","working","unknown","restaurant",0,0,0,"morning"
71,471,4,467,"weekend","latenight","travelling","freezing","grocery",1,0,0,"night"
71,473,6,467,"weekday","beforelunch","travelling","hot","restaurant",0,0,0,"midday"
71,476,9,467,"weekday","beforelunch","travelling","freezing","restaurant",0,0,0,"midday"
71,479,12,467,"weekday","lunch","unknown","freezing","restaurant",0,0,0,"midday"
71,481,14,467,"weekend","afternoon","leisure","unknown","grocery",0,0,0,"midday"
71,482,15,467,"weekday","lunch","travelling","freezing","restaurant",1,0,0,"midday"
71,485,18,467,"weekend","lunch","working","freezing","grocery",1,0,0,"midday"
71,486,19,467,"unknown","afternoon","travelling","unknown","restaurant",0,0,0,"midday"
71,489,22,467,"weekday","breakfast","travelling","unknown","grocery",0,0,0,"morning"
71,490,23,467,"weekday","beforelunch","working","cold","grocery",0,0,0,"midday"
71,492,25,467,"weekday","beforelunch","unknown","unknown","restaurant",1,0,0,"midday"
71,494,27,467,"weekday","lunch","working","cold","restaurant",0,0,0,"midday"
71,495,28,467,"weekend","lunch","travelling","cold","restaurant",1,0,0,"midday"
71,497,30,467,"weekday","breakfast","travelling","unknown","restaurant",0,0,0,"morning"
71,498,31,467,"weekday","lunch","travelling","warm","grocery",0,0,0,"midday"
71,499,32,467,"weekday","lunch","unknown","unknown","grocery",0,0,0,"midday"
71,504,37,467,"weekend","afternoon","shopping","unknown","grocery",0,0,0,"midday"
71,505,38,467,"weekday","night","shopping","unknown","restaurant",0,0,0,"night"
71,508,41,467,"weekday","morning","travelling","freezing","grocery",0,0,0,"morning"
71,510,43,467,"weekday","beforelunch","working","cold","restaurant",1,0,0,"midday"
71,511,44,467,"weekend","lunch","travelling","warm","grocery",1,0,0,"midday"
71,512,45,467,"weekend","beforelunch","travelling","hot","grocery",0,0,0,"midday"
71,513,46,467,"weekday","morning","travelling","warm","restaurant",1,0,0,"morning"
71,514,47,467,"weekend","afternoon","travelling","cold","restaurant",0,0,0,"midday"
71,518,51,467,"weekday","evening","unknown","hot","grocery",0,0,0,"night"
71,519,52,467,"weekday","beforelunch","shopping","cold","restaurant",0,0,0,"midday"
71,523,56,467,"weekday","afternoon","unknown","warm","grocery",0,0,0,"midday"
71,524,57,467,"weekday","morning","unknown","freezing","restaurant",0,1,0,"morning"
71,529,62,467,"unknown","afternoon","travelling","hot","grocery",1,1,0,"midday"
71,530,63,467,"weekend","breakfast","travelling","freezing","grocery",1,1,0,"morning"
71,531,64,467,"weekday","morning","travelling","cold","grocery",1,1,0,"morning"
71,532,65,467,"weekday","afternoon","travelling","unknown","restaurant",1,1,0,"midday"
71,537,70,467,"weekday","unknown","unknown","warm","grocery",0,1,0,"unknown"
71,539,72,467,"weekday","beforelunch","travelling","cold","restaurant",1,1,0,"midday"
71,542,75,467,"weekday","breakfast","travelling","unknown","restaurant",0,1,0,"morning"
71,543,76,467,"weekend","afternoon","travelling","hot","grocery",1,1,0,"midday"
71,544,77,467,"weekday","breakfast","travelling","cold","grocery",0,1,0,"morning"
71,545,78,467,"weekend","afternoon","unknown","unknown","restaurant",1,1,0,"midday"
71,546,79,467,"weekday","lunch","travelling","freezing","restaurant",0,1,0,"midday"
71,549,82,467,"weekday","beforelunch","travelling","cold","restaurant",0,1,0,"midday"
71,550,83,467,"weekday","beforelunch","unknown","freezing","grocery",0,1,0,"midday"
71,551,84,467,"weekend","afternoon","travelling","cold","restaurant",0,1,0,"midday"
71,557,90,467,"weekday","lunch","unknown","unknown","restaurant",0,1,0,"midday"
71,559,92,467,"weekday","afternoon","travelling","warm","restaurant",0,1,0,"midday"
71,562,95,467,"weekend","afternoon","travelling","cold","grocery",0,1,0,"midday"
71,564,97,467,"weekday","beforelunch","travelling","unknown","grocery",0,1,0,"midday"
71,565,98,467,"weekday","unknown","leisure","unknown","grocery",0,1,0,"unknown"
71,568,101,467,"weekend","beforelunch","travelling","cold","grocery",1,1,0,"midday"
71,569,102,467,"weekday","afternoon","morningrituals","unknown","grocery",1,1,0,"midday"
71,571,104,467,"weekday","morning","travelling","warm","restaurant",0,1,0,"morning"
71,573,106,467,"weekday","beforelunch","unknown","cold","restaurant",1,1,0,"midday"
71,574,107,467,"weekday","unknown","unknown","warm","restaurant",1,1,0,"unknown"
71,575,108,467,"weekend","beforelunch","travelling","warm","grocery",1,1,0,"midday"
71,577,110,467,"weekday","afternoon","working","freezing","grocery",0,1,0,"midday"
71,578,111,467,"weekend","lunch","morningrituals","freezing","restaurant",0,1,0,"midday"
71,579,112,467,"weekday","afternoon","travelling","warm","restaurant",0,1,0,"midday"
71,580,113,467,"weekday","lunch","leisure","unknown","restaurant",1,1,1,"midday"
71,581,114,467,"weekday","earlymorning","leisure","hot","restaurant",0,1,1,"morning"
71,582,115,467,"weekend","beforelunch","leisure","unknown","restaurant",0,1,1,"midday"
71,583,116,467,"weekday","afternoon","unknown","freezing","restaurant",0,1,1,"midday"
71,585,118,467,"weekday","lunch","travelling","freezing","grocery",0,1,1,"midday"
71,586,119,467,"weekend","lunch","unknown","cold","restaurant",1,1,1,"midday"
71,587,120,467,"weekday","morning","working","unknown","restaurant",0,1,1,"morning"
71,588,121,467,"weekday","lunch","travelling","cold","grocery",0,1,1,"midday"
71,590,123,467,"weekday","morning","travelling","warm","grocery",0,1,1,"morning"
71,591,124,467,"weekend","morning","travelling","freezing","grocery",1,1,1,"morning"
71,596,129,467,"weekday","morning","unknown","warm","grocery",0,1,1,"morning"
71,598,131,467,"weekday","afternoon","travelling","cold","grocery",0,1,1,"midday"
71,601,134,467,"weekday","afternoon","travelling","hot","restaurant",0,1,1,"midday"
71,602,135,467,"weekend","afternoon","travelling","cold","grocery",1,1,1,"midday"
71,606,139,467,"weekday","earlymorning","unknown","hot","restaurant",1,1,1,"morning"
71,607,140,467,"weekday","beforelunch","unknown","warm","grocery",1,1,1,"midday"
71,610,143,467,"weekday","beforelunch","travelling","cold","grocery",1,1,1,"midday"
71,611,144,467,"weekday","afternoon","travelling","freezing","restaurant",0,1,1,"midday"
71,612,145,467,"weekday","dinner","travelling","unknown","grocery",0,1,1,"night"
71,614,147,467,"weekend","lunch","travelling","cold","grocery",0,1,1,"midday"
71,616,149,467,"weekend","breakfast","unknown","warm","grocery",0,1,1,"morning"
71,620,153,467,"weekend","breakfast","travelling","hot","restaurant",0,1,1,"morning"
71,623,156,467,"weekday","earlymorning","travelling","warm","grocery",0,1,1,"morning"
71,626,159,467,"weekday","afternoon","working","freezing","restaurant",0,1,1,"midday"
71,628,161,467,"weekday","afternoon","travelling","cold","restaurant",1,1,1,"midday"
71,631,164,467,"weekend","afternoon","travelling","cold","grocery",0,1,1,"midday"
71,632,165,467,"weekday","afternoon","travelling","hot","restaurant",0,1,1,"midday"
71,633,166,467,"weekend","morning","travelling","warm","grocery",0,1,1,"morning"
71,634,167,467,"weekday","beforelunch","unknown","freezing","restaurant",1,1,1,"midday"
71,635,168,467,"weekend","lunch","travelling","unknown","restaurant",0,1,1,"midday"
71,636,169,467,"weekday","afternoon","travelling","freezing","restaurant",1,1,1,"midday"
71,637,170,467,"weekday","dinner","travelling","cold","grocery",0,1,1,"night"
71,639,172,467,"weekday","evening","shopping","freezing","restaurant",0,1,1,"night"
71,641,174,467,"weekday","breakfast","travelling","cold","restaurant",0,1,1,"morning"
71,644,177,467,"weekday","night","travelling","freezing","grocery",0,1,1,"night"
71,647,180,467,"weekday","unknown","shopping","cold","grocery",1,1,1,"unknown"
71,648,181,467,"weekday","afternoon","travelling","warm","restaurant",0,1,1,"midday"
71,650,183,467,"weekend","lunch","shopping","warm","restaurant",0,1,1,"midday"
72,476,0,476,"weekday","afternoon","travelling","unknown","grocery",0,0,0,"midday"
72,481,5,476,"weekday","lunch","travelling","cold","restaurant",1,0,0,"midday"
72,482,6,476,"weekend","afternoon","travelling","unknown","restaurant",0,0,0,"midday"
72,487,11,476,"weekend","afternoon","working","cold","restaurant",0,0,0,"midday"
72,503,27,476,"weekday","unknown","leisure","unknown","grocery",0,0,0,"unknown"
72,509,33,476,"weekday","morning","leisure","warm","grocery",0,0,0,"morning"
72,511,35,476,"weekday","afternoon","travelling","warm","restaurant",1,0,0,"midday"
72,514,38,476,"weekday","lunch","working","freezing","grocery",1,0,0,"midday"
72,515,39,476,"weekend","evening","shopping","cold","restaurant",0,0,0,"night"
72,519,43,476,"weekend","afternoon","leisure","cold","grocery",0,0,0,"midday"
72,527,51,476,"weekday","afternoon","leisure","unknown","grocery",0,0,0,"midday"
72,532,56,476,"weekday","breakfast","unknown","freezing","grocery",0,0,0,"morning"
72,533,57,476,"weekday","lunch","travelling","cold","restaurant",1,1,0,"midday"
72,538,62,476,"weekday","afternoon","travelling","unknown","restaurant",0,1,0,"midday"
72,539,63,476,"weekday","breakfast","working","cold","grocery",0,1,0,"morning"
72,540,64,476,"weekday","afternoon","travelling","warm","restaurant",0,1,0,"midday"
72,542,66,476,"weekday","lunch","shopping","freezing","grocery",0,1,0,"midday"
72,547,71,476,"weekend","lunch","travelling","hot","grocery",0,1,0,"midday"
72,549,73,476,"weekday","afternoon","travelling","cold","restaurant",0,1,0,"midday"
72,553,77,476,"weekday","lunch","unknown","freezing","grocery",1,1,0,"midday"
72,557,81,476,"weekday","beforelunch","travelling","cold","restaurant",1,1,0,"midday"
72,561,85,476,"weekday","afternoon","travelling","cold","grocery",1,1,0,"midday"
72,562,86,476,"weekend","lunch","shopping","unknown","grocery",0,1,0,"midday"
72,565,89,476,"weekend","morning","travelling","unknown","grocery",0,1,0,"morning"
72,566,90,476,"weekday","afternoon","travelling","warm","grocery",1,1,0,"midday"
72,572,96,476,"weekday","breakfast","travelling","unknown","restaurant",1,1,0,"morning"
72,574,98,476,"weekday","beforelunch","travelling","warm","grocery",1,1,0,"midday"
72,575,99,476,"weekend","morning","leisure","freezing","grocery",0,1,0,"morning"
72,578,102,476,"weekday","night","unknown","unknown","grocery",1,1,0,"night"
72,581,105,476,"weekday","lunch","travelling","cold","restaurant",0,1,0,"midday"
72,588,112,476,"weekday","afternoon","working","hot","grocery",0,1,0,"midday"
72,591,115,476,"weekday","morning","travelling","warm","grocery",1,1,1,"morning"
72,594,118,476,"weekday","lunch","shopping","warm","restaurant",1,1,1,"midday"
72,597,121,476,"weekday","lunch","leisure","warm","restaurant",1,1,1,"midday"
72,598,122,476,"weekday","afternoon","leisure","cold","grocery",0,1,1,"midday"
72,599,123,476,"weekday","afternoon","unknown","unknown","grocery",1,1,1,"midday"
72,604,128,476,"weekday","lunch","travelling","warm","grocery",1,1,1,"midday"
72,607,131,476,"weekday","lunch","working","freezing","grocery",0,1,1,"midday"
72,611,135,476,"weekday","beforelunch","travelling","cold","restaurant",0,1,1,"midday"
72,612,136,476,"weekend","afternoon","shopping","cold","restaurant",1,1,1,"midday"
72,619,143,476,"unknown","dinner","shopping","warm","grocery",0,1,1,"night"
72,620,144,476,"weekend","lunch","travelling","freezing","restaurant",1,1,1,"midday"
72,625,149,476,"weekend","afternoon","unknown","cold","grocery",1,1,1,"midday"
72,626,150,476,"weekday","morning","travelling","unknown","restaurant",0,1,1,"morning"
72,631,155,476,"weekend","morning","unknown","cold","grocery",0,1,1,"morning"
72,633,157,476,"weekday","breakfast","unknown","freezing","grocery",0,1,1,"morning"
72,638,162,476,"weekday","lunch","travelling","cold","restaurant",0,1,1,"midday"
72,639,163,476,"weekday","unknown","working","freezing","grocery",0,1,1,"unknown"
72,642,166,476,"weekday","afternoon","travelling","unknown","grocery",0,1,1,"midday"
72,647,171,476,"weekday","dinner","travelling","freezing","grocery",0,1,1,"night"
72,649,173,476,"weekday","unknown","travelling","cold","grocery",0,1,1,"unknown"
72,656,180,476,"weekday","afternoon","workingout","cold","grocery",0,1,1,"midday"
72,657,181,476,"weekday","afternoon","travelling","cold","restaurant",0,1,1,"midday"
73,483,4,479,"weekday","breakfast","leisure","cold","grocery",1,0,0,"morning"
73,484,5,479,"weekend","afternoon","travelling","freezing","grocery",0,0,0,"midday"
73,485,6,479,"weekday","beforelunch","shopping","freezing","restaurant",0,0,0,"midday"
73,486,7,479,"weekend","beforelunch","shopping","warm","grocery",0,0,0,"midday"
73,488,9,479,"weekend","breakfast","travelling","warm","grocery",0,0,0,"morning"
73,494,15,479,"weekday","afternoon","travelling","hot","grocery",0,0,0,"midday"
73,496,17,479,"weekend","evening","shopping","cold","restaurant",1,0,0,"night"
73,498,19,479,"weekday","lunch","working","cold","restaurant",0,0,0,"midday"
73,500,21,479,"weekend","beforelunch","morningrituals","warm","grocery",0,0,0,"midday"
73,501,22,479,"weekday","breakfast","shopping","cold","grocery",0,0,0,"morning"
73,503,24,479,"weekday","lunch","unknown","cold","grocery",1,0,0,"midday"
73,504,25,479,"weekday","afternoon","unknown","unknown","restaurant",1,0,0,"midday"
73,505,26,479,"weekday","afternoon","leisure","cold","restaurant",1,0,0,"midday"
73,510,31,479,"weekend","breakfast","travelling","hot","grocery",0,0,0,"morning"
73,518,39,479,"weekday","lunch","travelling","cold","restaurant",1,0,0,"midday"
73,527,48,479,"weekday","afternoon","travelling","cold","restaurant",1,0,0,"midday"
73,531,52,479,"weekday","lunch","travelling","freezing","grocery",0,0,0,"midday"
73,536,57,479,"weekday","breakfast","unknown","unknown","grocery",0,1,0,"morning"
73,540,61,479,"weekday","breakfast","travelling","cold","grocery",1,1,0,"morning"
73,543,64,479,"weekday","afternoon","unknown","cold","grocery",0,1,0,"midday"
73,547,68,479,"weekend","beforelunch","travelling","warm","grocery",0,1,0,"midday"
73,549,70,479,"weekend","lunch","unknown","unknown","restaurant",0,1,0,"midday"
73,550,71,479,"weekend","beforelunch","travelling","unknown","restaurant",0,1,0,"midday"
73,552,73,479,"weekday","beforelunch","working","hot","grocery",0,1,0,"midday"
73,557,78,479,"weekday","lunch","unknown","cold","restaurant",0,1,0,"midday"
73,559,80,479,"weekday","afternoon","morningrituals","warm","grocery",0,1,0,"midday"
73,561,82,479,"weekend","afternoon","travelling","warm","grocery",1,1,0,"midday"
73,564,85,479,"weekend","beforelunch","leisure","cold","restaurant",0,1,0,"midday"
73,569,90,479,"weekend","lunch","travelling","unknown","restaurant",1,1,0,"midday"
73,571,92,479,"weekday","lunch","travelling","cold","restaurant",0,1,0,"midday"
73,574,95,479,"weekend","unknown","shopping","unknown","restaurant",1,1,0,"unknown"
73,576,97,479,"weekday","breakfast","leisure","freezing","restaurant",0,1,0,"morning"
73,577,98,479,"weekday","afternoon","unknown","freezing","grocery",0,1,0,"midday"
73,579,100,479,"weekday","beforelunch","morningrituals","cold","restaurant",1,1,0,"midday"
73,585,106,479,"weekday","lunch","shopping","unknown","restaurant",0,1,0,"midday"
73,586,107,479,"weekday","breakfast","travelling","unknown","grocery",0,1,0,"morning"
73,594,115,479,"weekday","afternoon","travelling","unknown","grocery",0,1,1,"midday"
73,595,116,479,"weekday","afternoon","unknown","cold","restaurant",1,1,1,"midday"
73,597,118,479,"weekday","lunch","working","warm","restaurant",0,1,1,"midday"
73,599,120,479,"weekend","afternoon","unknown","cold","restaurant",1,1,1,"midday"
73,604,125,479,"weekday","beforelunch","travelling","cold","restaurant",0,1,1,"midday"
73,608,129,479,"weekend","lunch","travelling","cold","restaurant",0,1,1,"midday"
73,612,133,479,"weekend","breakfast","travelling","unknown","grocery",0,1,1,"morning"
73,621,142,479,"weekday","afternoon","travelling","unknown","grocery",1,1,1,"midday"
73,629,150,479,"weekday","morning","leisure","unknown","restaurant",0,1,1,"morning"
73,632,153,479,"weekend","morning","unknown","warm","grocery",0,1,1,"morning"
73,634,155,479,"weekday","afternoon","shopping","hot","grocery",0,1,1,"midday"
73,639,160,479,"weekday","breakfast","travelling","unknown","grocery",0,1,1,"morning"
73,642,163,479,"weekend","beforelunch","travelling","warm","grocery",0,1,1,"midday"
73,646,167,479,"weekday","lunch","travelling","unknown","restaurant",0,1,1,"midday"
73,647,168,479,"weekday","lunch","working","unknown","grocery",0,1,1,"midday"
73,649,170,479,"weekday","dinner","travelling","freezing","grocery",0,1,1,"night"
73,658,179,479,"weekday","lunch","unknown","unknown","restaurant",0,1,1,"midday"
73,659,180,479,"weekday","earlymorning","unknown","hot","grocery",0,1,1,"morning"
73,661,182,479,"weekday","breakfast","travelling","freezing","restaurant",0,1,1,"morning"
73,662,183,479,"weekend","night","shopping","cold","restaurant",0,1,1,"night"
74,482,0,482,"weekday","lunch","morningrituals","unknown","grocery",1,0,0,"midday"
74,483,1,482,"weekday","lunch","unknown","freezing","restaurant",0,0,0,"midday"
74,484,2,482,"weekend","lunch","travelling","freezing","grocery",0,0,0,"midday"
74,485,3,482,"weekday","breakfast","travelling","cold","restaurant",0,0,0,"morning"
74,486,4,482,"weekday","beforelunch","travelling","cold","grocery",0,0,0,"midday"
74,491,9,482,"weekday","breakfast","travelling","cold","restaurant",0,0,0,"morning"
74,492,10,482,"weekday","afternoon","leisure","cold","grocery",1,0,0,"midday"
74,494,12,482,"weekday","afternoon","travelling","freezing","restaurant",1,0,0,"midday"
74,495,13,482,"weekday","beforelunch","unknown","cold","restaurant",0,0,0,"midday"
74,497,15,482,"weekday","morning","travelling","warm","restaurant",0,0,0,"morning"
74,498,16,482,"weekend","breakfast","travelling","unknown","restaurant",0,0,0,"morning"
74,499,17,482,"weekday","lunch","unknown","cold","grocery",0,0,0,"midday"
74,500,18,482,"weekend","beforelunch","travelling","unknown","restaurant",1,0,0,"midday"
74,501,19,482,"weekday","lunch","shopping","freezing","grocery",0,0,0,"midday"
74,502,20,482,"weekday","afternoon","travelling","freezing","grocery",0,0,0,"midday"
74,503,21,482,"weekend","morning","travelling","cold","restaurant",1,0,0,"morning"
74,504,22,482,"weekday","dinner","travelling","warm","restaurant",0,0,0,"night"
74,505,23,482,"weekend","beforelunch","travelling","warm","restaurant",0,0,0,"midday"
74,506,24,482,"weekday","afternoon","unknown","unknown","restaurant",0,0,0,"midday"
74,507,25,482,"weekend","lunch","shopping","cold","grocery",0,0,0,"midday"
74,509,27,482,"weekend","lunch","travelling","hot","restaurant",1,0,0,"midday"
74,512,30,482,"weekday","breakfast","shopping","warm","restaurant",0,0,0,"morning"
74,513,31,482,"weekday","lunch","travelling","freezing","grocery",1,0,0,"midday"
74,514,32,482,"weekday","lunch","travelling","unknown","grocery",1,0,0,"midday"
74,515,33,482,"weekday","beforelunch","unknown","hot","restaurant",0,0,0,"midday"
74,517,35,482,"weekday","afternoon","unknown","warm","grocery",0,0,0,"midday"
74,518,36,482,"weekend","lunch","unknown","freezing","restaurant",0,0,0,"midday"
74,519,37,482,"weekday","lunch","working","unknown","restaurant",0,0,0,"midday"
74,520,38,482,"weekend","beforelunch","working","freezing","restaurant",1,0,0,"midday"
74,521,39,482,"weekday","lunch","travelling","unknown","restaurant",0,0,0,"midday"
74,522,40,482,"weekday","afternoon","unknown","unknown","grocery",0,0,0,"midday"
74,523,41,482,"weekday","afternoon","unknown","cold","grocery",1,0,0,"midday"
74,524,42,482,"weekend","lunch","travelling","hot","grocery",1,0,0,"midday"
74,525,43,482,"weekday","lunch","unknown","freezing","grocery",0,0,0,"midday"
74,526,44,482,"weekend","lunch","working","hot","grocery",0,0,0,"midday"
74,527,45,482,"weekend","beforelunch","travelling","cold","grocery",0,0,0,"midday"
74,528,46,482,"weekend","beforelunch","travelling","unknown","grocery",0,0,0,"midday"
74,530,48,482,"weekday","breakfast","working","unknown","grocery",0,0,0,"morning"
74,531,49,482,"weekday","afternoon","leisure","cold","grocery",1,0,0,"midday"
74,532,50,482,"weekday","dinner","travelling","warm","grocery",0,0,0,"night"
74,533,51,482,"weekday","beforelunch","unknown","cold","restaurant",1,0,0,"midday"
74,534,52,482,"weekday","lunch","travelling","cold","grocery",0,0,0,"midday"
74,536,54,482,"weekday","morning","unknown","unknown","grocery",0,0,0,"morning"
74,537,55,482,"weekday","morning","unknown","warm","grocery",1,0,0,"morning"
74,539,57,482,"weekday","morning","travelling","cold","restaurant",0,1,0,"morning"
74,541,59,482,"weekday","lunch","working","cold","restaurant",1,1,0,"midday"
74,542,60,482,"weekday","afternoon","unknown","unknown","restaurant",0,1,0,"midday"
74,544,62,482,"weekday","lunch","travelling","unknown","grocery",0,1,0,"midday"
74,545,63,482,"weekday","lunch","unknown","hot","restaurant",0,1,0,"midday"
74,546,64,482,"weekday","afternoon","shopping","unknown","grocery",0,1,0,"midday"
74,547,65,482,"weekday","afternoon","travelling","unknown","grocery",0,1,0,"midday"
74,548,66,482,"weekend","beforelunch","working","unknown","restaurant",0,1,0,"midday"
74,549,67,482,"weekday","morning","travelling","freezing","restaurant",1,1,0,"morning"
74,550,68,482,"weekend","dinner","working","cold","grocery",0,1,0,"night"
74,551,69,482,"weekday","lunch","working","unknown","grocery",0,1,0,"midday"
74,552,70,482,"weekday","afternoon","travelling","cold","restaurant",0,1,0,"midday"
74,555,73,482,"weekday","lunch","travelling","cold","restaurant",1,1,0,"midday"
74,556,74,482,"weekday","beforelunch","leisure","hot","restaurant",1,1,0,"midday"
74,557,75,482,"weekday","afternoon","travelling","cold","grocery",1,1,0,"midday"
74,558,76,482,"weekend","dinner","working","freezing","grocery",0,1,0,"night"
74,559,77,482,"weekday","evening","travelling","unknown","restaurant",0,1,0,"night"
74,560,78,482,"weekday","evening","leisure","warm","grocery",1,1,0,"night"
74,561,79,482,"weekday","lunch","travelling","cold","restaurant",0,1,0,"midday"
74,562,80,482,"weekend","afternoon","travelling","unknown","grocery",0,1,0,"midday"
74,563,81,482,"weekend","lunch","travelling","warm","restaurant",0,1,0,"midday"
74,564,82,482,"weekend","afternoon","travelling","cold","restaurant",0,1,0,"midday"
74,565,83,482,"weekday","beforelunch","travelling","cold","restaurant",0,1,0,"midday"
74,566,84,482,"weekday","breakfast","unknown","cold","grocery",1,1,0,"morning"
74,568,86,482,"weekday","dinner","travelling","cold","grocery",0,1,0,"night"
74,570,88,482,"unknown","breakfast","morningrituals","unknown","restaurant",0,1,0,"morning"
74,571,89,482,"weekend","beforelunch","travelling","unknown","restaurant",0,1,0,"midday"
74,573,91,482,"weekday","afternoon","morningrituals","freezing","grocery",0,1,0,"midday"
74,574,92,482,"weekday","dinner","shopping","cold","grocery",0,1,0,"night"
74,575,93,482,"weekday","afternoon","travelling","cold","restaurant",0,1,0,"midday"
74,576,94,482,"weekend","morning","unknown","warm","grocery",0,1,0,"morning"
74,579,97,482,"weekend","lunch","travelling","unknown","grocery",0,1,0,"midday"
74,583,101,482,"weekday","lunch","travelling","cold","grocery",1,1,0,"midday"
74,584,102,482,"weekday","beforelunch","travelling","warm","restaurant",0,1,0,"midday"
74,590,108,482,"weekday","beforelunch","travelling","freezing","grocery",0,1,0,"midday"
74,591,109,482,"weekend","afternoon","travelling","unknown","grocery",0,1,0,"midday"
74,592,110,482,"weekend","morning","travelling","warm","grocery",1,1,0,"morning"
74,593,111,482,"weekday","latenight","travelling","freezing","restaurant",0,1,0,"night"
74,594,112,482,"weekend","beforelunch","unknown","warm","grocery",0,1,0,"midday"
74,596,114,482,"weekday","afternoon","working","warm","restaurant",0,1,1,"midday"
74,597,115,482,"weekday","dinner","unknown","warm","restaurant",0,1,1,"night"
74,599,117,482,"weekend","morning","travelling","cold","grocery",0,1,1,"morning"
74,600,118,482,"weekday","beforelunch","working","unknown","restaurant",0,1,1,"midday"
74,601,119,482,"weekday","lunch","travelling","unknown","restaurant",0,1,1,"midday"
74,602,120,482,"weekday","beforelunch","travelling","freezing","restaurant",0,1,1,"midday"
74,604,122,482,"weekday","afternoon","shopping","freezing","restaurant",0,1,1,"midday"
74,605,123,482,"weekday","lunch","travelling","warm","restaurant",0,1,1,"midday"
74,607,125,482,"weekday","afternoon","working","cold","grocery",1,1,1,"midday"
74,609,127,482,"weekday","beforelunch","travelling","cold","restaurant",0,1,1,"midday"
74,610,128,482,"weekday","dinner","travelling","cold","grocery",0,1,1,"night"
74,611,129,482,"weekend","lunch","unknown","cold","restaurant",0,1,1,"midday"
74,612,130,482,"weekday","lunch","travelling","freezing","restaurant",0,1,1,"midday"
74,613,131,482,"weekend","breakfast","unknown","unknown","restaurant",0,1,1,"morning"
74,614,132,482,"weekday","breakfast","shopping","unknown","grocery",1,1,1,"morning"
74,615,133,482,"weekend","afternoon","unknown","freezing","grocery",0,1,1,"midday"
74,616,134,482,"weekday","breakfast","shopping","hot","grocery",0,1,1,"morning"
74,617,135,482,"weekday","lunch","travelling","freezing","grocery",1,1,1,"midday"
74,618,136,482,"weekday","afternoon","travelling","unknown","grocery",0,1,1,"midday"
74,619,137,482,"weekday","morning","housework","warm","restaurant",0,1,1,"morning"
74,620,138,482,"weekday","lunch","travelling","unknown","restaurant",0,1,1,"midday"
74,621,139,482,"weekday","beforelunch","travelling","freezing","restaurant",1,1,1,"midday"
74,623,141,482,"weekday","morning","travelling","warm","grocery",0,1,1,"morning"
74,625,143,482,"weekday","beforelunch","travelling","unknown","restaurant",0,1,1,"midday"
74,626,144,482,"weekday","beforelunch","travelling","cold","grocery",0,1,1,"midday"
74,629,147,482,"weekday","afternoon","travelling","unknown","restaurant",1,1,1,"midday"
74,632,150,482,"weekday","afternoon","shopping","unknown","restaurant",0,1,1,"midday"
74,633,151,482,"weekend","dinner","unknown","cold","grocery",0,1,1,"night"
74,634,152,482,"weekday","lunch","working","freezing","grocery",1,1,1,"midday"
74,635,153,482,"weekend","breakfast","travelling","freezing","grocery",1,1,1,"morning"
74,636,154,482,"weekend","afternoon","travelling","warm","restaurant",1,1,1,"midday"
74,637,155,482,"weekday","afternoon","travelling","warm","grocery",0,1,1,"midday"
74,638,156,482,"weekend","unknown","unknown","cold","grocery",0,1,1,"unknown"
74,639,157,482,"weekday","afternoon","travelling","freezing","grocery",0,1,1,"midday"
74,640,158,482,"weekday","beforelunch","unknown","warm","restaurant",0,1,1,"midday"
74,641,159,482,"weekend","beforelunch","working","unknown","restaurant",0,1,1,"midday"
74,643,161,482,"weekday","afternoon","travelling","cold","grocery",0,1,1,"midday"
74,644,162,482,"weekday","morning","travelling","warm","grocery",1,1,1,"morning"
74,645,163,482,"weekday","beforelunch","unknown","unknown","grocery",0,1,1,"midday"
74,647,165,482,"weekend","lunch","travelling","unknown","grocery",0,1,1,"midday"
74,648,166,482,"unknown","afternoon","travelling","hot","restaurant",1,1,1,"midday"
74,649,167,482,"weekday","breakfast","travelling","unknown","grocery",0,1,1,"morning"
74,650,168,482,"weekday","afternoon","travelling","unknown","grocery",0,1,1,"midday"
74,651,169,482,"weekday","beforelunch","travelling","cold","grocery",0,1,1,"midday"
74,652,170,482,"weekday","afternoon","travelling","freezing","restaurant",0,1,1,"midday"
74,655,173,482,"weekday","breakfast","travelling","cold","restaurant",0,1,1,"morning"
74,656,174,482,"weekday","afternoon","leisure","unknown","grocery",0,1,1,"midday"
74,657,175,482,"weekday","lunch","unknown","hot","grocery",0,1,1,"midday"
74,658,176,482,"weekend","dinner","unknown","hot","grocery",0,1,1,"night"
74,659,177,482,"weekday","lunch","unknown","hot","restaurant",0,1,1,"midday"
74,660,178,482,"weekend","beforelunch","shopping","unknown","grocery",1,1,1,"midday"
74,661,179,482,"weekday","afternoon","unknown","hot","grocery",1,1,1,"midday"
74,662,180,482,"weekday","earlymorning","unknown","cold","grocery",0,1,1,"morning"
74,663,181,482,"weekday","afternoon","travelling","unknown","restaurant",0,1,1,"midday"
74,665,183,482,"weekday","beforelunch","travelling","cold","grocery",1,1,1,"midday"
75,485,1,484,"weekday","afternoon","travelling","unknown","grocery",0,0,0,"midday"
75,491,7,484,"weekday","morning","working","cold","restaurant",0,0,0,"morning"
75,492,8,484,"weekday","lunch","shopping","hot","restaurant",0,0,0,"midday"
75,493,9,484,"unknown","beforelunch","unknown","cold","grocery",0,0,0,"midday"
75,496,12,484,"weekend","beforelunch","morningrituals","cold","restaurant",0,0,0,"midday"
75,503,19,484,"weekday","lunch","shopping","freezing","grocery",1,0,0,"midday"
75,504,20,484,"weekday","beforelunch","travelling","cold","grocery",0,0,0,"midday"
75,513,29,484,"weekday","beforelunch","travelling","unknown","grocery",0,0,0,"midday"
75,517,33,484,"weekday","lunch","working","cold","restaurant",1,0,0,"midday"
75,529,45,484,"unknown","beforelunch","travelling","unknown","grocery",0,0,0,"midday"
75,542,58,484,"weekday","beforelunch","travelling","cold","restaurant",0,1,0,"midday"
75,544,60,484,"weekday","afternoon","travelling","cold","restaurant",0,1,0,"midday"
75,546,62,484,"weekday","night","travelling","freezing","restaurant",0,1,0,"night"
75,563,79,484,"weekday","morning","travelling","cold","grocery",0,1,0,"morning"
75,574,90,484,"weekday","lunch","shopping","freezing","grocery",1,1,0,"midday"
75,580,96,484,"weekday","earlymorning","travelling","cold","grocery",0,1,0,"morning"
75,582,98,484,"weekend","afternoon","travelling","unknown","grocery",0,1,0,"midday"
75,589,105,484,"weekday","morning","travelling","freezing","restaurant",0,1,0,"morning"
75,593,109,484,"weekend","breakfast","unknown","cold","grocery",0,1,0,"morning"
75,596,112,484,"weekday","afternoon","travelling","hot","restaurant",0,1,0,"midday"
75,608,124,484,"weekend","lunch","travelling","cold","grocery",0,1,1,"midday"
75,609,125,484,"weekday","afternoon","travelling","hot","restaurant",1,1,1,"midday"
75,627,143,484,"weekday","morning","travelling","cold","grocery",0,1,1,"morning"
75,639,155,484,"weekday","afternoon","morningrituals","unknown","restaurant",1,1,1,"midday"
75,642,158,484,"weekday","lunch","morningrituals","unknown","restaurant",1,1,1,"midday"
75,651,167,484,"weekday","afternoon","leisure","freezing","restaurant",1,1,1,"midday"
76,509,20,489,"weekend","lunch","working","freezing","grocery",1,0,0,"midday"
76,514,25,489,"weekday","lunch","working","hot","grocery",0,0,0,"midday"
76,515,26,489,"weekday","morning","travelling","cold","grocery",0,0,0,"morning"
76,519,30,489,"weekend","afternoon","unknown","cold","restaurant",0,0,0,"midday"
76,520,31,489,"weekend","afternoon","unknown","freezing","grocery",0,0,0,"midday"
76,525,36,489,"weekday","afternoon","shopping","freezing","grocery",0,0,0,"midday"
76,537,48,489,"weekday","afternoon","travelling","unknown","restaurant",0,0,0,"midday"
76,553,64,489,"weekday","lunch","travelling","warm","restaurant",1,1,0,"midday"
76,555,66,489,"weekday","breakfast","travelling","cold","grocery",0,1,0,"morning"
76,560,71,489,"weekend","earlymorning","unknown","unknown","grocery",0,1,0,"morning"
76,561,72,489,"weekday","earlymorning","travelling","cold","restaurant",1,1,0,"morning"
76,566,77,489,"weekday","lunch","shopping","freezing","grocery",0,1,0,"midday"
76,575,86,489,"weekday","lunch","working","warm","grocery",1,1,0,"midday"
76,588,99,489,"weekend","morning","shopping","warm","restaurant",1,1,0,"morning"
76,594,105,489,"weekend","beforelunch","working","cold","grocery",0,1,0,"midday"
76,601,112,489,"weekday","night","unknown","warm","restaurant",0,1,0,"night"
76,604,115,489,"weekday","lunch","travelling","hot","restaurant",0,1,1,"midday"
76,611,122,489,"weekend","lunch","unknown","warm","grocery",0,1,1,"midday"
76,620,131,489,"weekday","morning","unknown","cold","restaurant",0,1,1,"morning"
76,621,132,489,"weekday","earlymorning","unknown","warm","grocery",1,1,1,"morning"
76,630,141,489,"weekday","breakfast","unknown","cold","restaurant",0,1,1,"morning"
76,651,162,489,"weekday","afternoon","unknown","unknown","restaurant",0,1,1,"midday"
76,661,172,489,"weekend","afternoon","unknown","unknown","restaurant",0,1,1,"midday"
76,663,174,489,"weekday","lunch","unknown","cold","restaurant",0,1,1,"midday"
76,666,177,489,"weekday","breakfast","travelling","unknown","grocery",0,1,1,"morning"
76,668,179,489,"weekend","beforelunch","travelling","freezing","grocery",0,1,1,"midday"
76,669,180,489,"weekday","beforelunch","travelling","hot","grocery",0,1,1,"midday"
76,670,181,489,"weekday","lunch","travelling","unknown","restaurant",1,1,1,"midday"
76,671,182,489,"weekday","afternoon","leisure","hot","grocery",0,1,1,"midday"
77,499,2,497,"weekend","afternoon","travelling","freezing","grocery",1,0,0,"midday"
77,504,7,497,"weekday","lunch","travelling","freezing","restaurant",0,0,0,"midday"
77,511,14,497,"weekend","lunch","travelling","unknown","grocery",1,0,0,"midday"
77,513,16,497,"weekday","lunch","working","hot","grocery",0,0,0,"midday"
77,523,26,497,"weekday","dinner","travelling","freezing","restaurant",0,0,0,"night"
77,530,33,497,"weekday","afternoon","unknown","cold","restaurant",1,0,0,"midday"
77,537,40,497,"weekend","beforelunch","travelling","freezing","grocery",0,0,0,"midday"
77,539,42,497,"weekday","beforelunch","travelling","hot","grocery",0,0,0,"midday"
77,541,44,497,"weekend","beforelunch","shopping","warm","grocery",0,0,0,"midday"
77,542,45,497,"weekday","lunch","unknown","cold","grocery",0,0,0,"midday"
77,543,46,497,"weekend","unknown","leisure","hot","grocery",0,0,0,"unknown"
77,550,53,497,"weekend","beforelunch","travelling","warm","restaurant",1,0,0,"midday"
77,552,55,497,"weekend","lunch","travelling","cold","restaurant",0,0,0,"midday"
77,562,65,497,"weekend","beforelunch","working","hot","grocery",0,1,0,"midday"
77,565,68,497,"weekend","breakfast","travelling","hot","restaurant",0,1,0,"morning"
77,570,73,497,"weekend","afternoon","travelling","warm","restaurant",0,1,0,"midday"
77,580,83,497,"weekday","lunch","travelling","warm","grocery",0,1,0,"midday"
77,585,88,497,"weekday","afternoon","travelling","freezing","grocery",0,1,0,"midday"
77,586,89,497,"weekday","afternoon","travelling","warm","restaurant",0,1,0,"midday"
77,592,95,497,"weekday","afternoon","shopping","unknown","grocery",1,1,0,"midday"
77,595,98,497,"weekend","afternoon","shopping","warm","grocery",0,1,0,"midday"
77,596,99,497,"weekday","lunch","travelling","cold","restaurant",0,1,0,"midday"
77,599,102,497,"weekday","dinner","travelling","unknown","restaurant",1,1,0,"night"
77,611,114,497,"weekday","lunch","travelling","unknown","grocery",0,1,1,"midday"
77,617,120,497,"weekday","unknown","travelling","warm","restaurant",0,1,1,"unknown"
77,622,125,497,"weekday","morning","morningrituals","hot","grocery",1,1,1,"morning"
77,625,128,497,"weekday","afternoon","travelling","freezing","restaurant",1,1,1,"midday"
77,628,131,497,"weekday","beforelunch","travelling","freezing","restaurant",0,1,1,"midday"
77,635,138,497,"weekday","beforelunch","leisure","unknown","grocery",0,1,1,"midday"
77,637,140,497,"weekend","unknown","travelling","cold","grocery",0,1,1,"unknown"
77,640,143,497,"weekday","afternoon","travelling","warm","grocery",0,1,1,"midday"
77,678,181,497,"weekday","lunch","shopping","cold","grocery",1,1,1,"midday"
77,679,182,497,"weekend","afternoon","unknown","freezing","restaurant",0,1,1,"midday"
78,508,1,507,"weekend","morning","unknown","hot","restaurant",0,0,0,"morning"
78,525,18,507,"weekday","afternoon","travelling","cold","restaurant",1,0,0,"midday"
78,529,22,507,"weekday","beforelunch","unknown","unknown","restaurant",1,0,0,"midday"
78,536,29,507,"weekday","lunch","travelling","freezing","restaurant",1,0,0,"midday"
78,538,31,507,"weekday","breakfast","travelling","freezing","grocery",0,0,0,"morning"
78,539,32,507,"weekday","beforelunch","working","cold","restaurant",0,0,0,"midday"
78,544,37,507,"weekend","breakfast","travelling","freezing","restaurant",1,0,0,"morning"
78,550,43,507,"weekday","beforelunch","travelling","warm","grocery",0,0,0,"midday"
78,554,47,507,"weekend","lunch","shopping","unknown","grocery",0,0,0,"midday"
78,565,58,507,"weekday","afternoon","shopping","freezing","grocery",0,1,0,"midday"
78,566,59,507,"weekday","breakfast","housework","hot","grocery",0,1,0,"morning"
78,569,62,507,"weekend","afternoon","travelling","cold","grocery",0,1,0,"midday"
78,582,75,507,"weekday","breakfast","travelling","hot","grocery",1,1,0,"morning"
78,592,85,507,"weekday","beforelunch","travelling","hot","grocery",0,1,0,"midday"
78,606,99,507,"weekday","afternoon","working","freezing","restaurant",0,1,0,"midday"
78,612,105,507,"weekday","afternoon","travelling","unknown","restaurant",0,1,0,"midday"
78,614,107,507,"weekday","morning","working","hot","restaurant",1,1,0,"morning"
78,620,113,507,"weekday","lunch","travelling","unknown","restaurant",0,1,1,"midday"
78,626,119,507,"weekday","lunch","travelling","freezing","restaurant",0,1,1,"midday"
78,634,127,507,"weekend","morning","travelling","freezing","grocery",0,1,1,"morning"
78,636,129,507,"weekend","breakfast","travelling","unknown","restaurant",0,1,1,"morning"
78,638,131,507,"weekend","lunch","travelling","freezing","grocery",0,1,1,"midday"
78,639,132,507,"weekday","dinner","working","freezing","grocery",0,1,1,"night"
78,644,137,507,"weekday","unknown","travelling","unknown","restaurant",0,1,1,"unknown"
78,646,139,507,"weekday","lunch","working","cold","grocery",0,1,1,"midday"
78,648,141,507,"weekday","unknown","travelling","freezing","grocery",0,1,1,"unknown"
78,652,145,507,"weekday","afternoon","travelling","cold","restaurant",0,1,1,"midday"
78,659,152,507,"weekday","afternoon","leisure","hot","restaurant",0,1,1,"midday"
78,660,153,507,"weekday","dinner","leisure","warm","grocery",1,1,1,"night"
78,661,154,507,"weekday","lunch","working","freezing","grocery",0,1,1,"midday"
78,664,157,507,"weekday","afternoon","travelling","freezing","grocery",0,1,1,"midday"
78,666,159,507,"weekday","lunch","leisure","unknown","restaurant",1,1,1,"midday"
78,676,169,507,"weekday","afternoon","unknown","unknown","grocery",0,1,1,"midday"
78,680,173,507,"weekend","beforelunch","travelling","freezing","grocery",0,1,1,"midday"
78,689,182,507,"weekday","beforelunch","working","warm","restaurant",0,1,1,"midday"
79,518,4,514,"weekend","afternoon","working","unknown","grocery",0,0,0,"midday"
79,540,26,514,"weekday","beforelunch","working","hot","restaurant",0,0,0,"midday"
79,544,30,514,"weekday","lunch","unknown","freezing","restaurant",1,0,0,"midday"
79,545,31,514,"weekday","beforelunch","travelling","warm","grocery",0,0,0,"midday"
79,547,33,514,"weekend","lunch","travelling","unknown","restaurant",0,0,0,"midday"
79,550,36,514,"weekday","beforelunch","travelling","cold","restaurant",0,0,0,"midday"
79,555,41,514,"weekday","lunch","travelling","cold","grocery",0,0,0,"midday"
79,560,46,514,"weekday","evening","travelling","unknown","restaurant",0,0,0,"night"
79,563,49,514,"weekday","morning","travelling","cold","grocery",1,0,0,"morning"
79,565,51,514,"weekday","beforelunch","travelling","hot","restaurant",0,0,0,"midday"
79,572,58,514,"weekday","breakfast","travelling","unknown","restaurant",0,1,0,"morning"
79,587,73,514,"weekday","afternoon","unknown","unknown","grocery",0,1,0,"midday"
79,594,80,514,"weekday","lunch","unknown","unknown","restaurant",0,1,0,"midday"
79,602,88,514,"unknown","afternoon","shopping","cold","grocery",1,1,0,"midday"
79,614,100,514,"weekday","afternoon","travelling","warm","grocery",0,1,0,"midday"
79,621,107,514,"weekday","afternoon","travelling","unknown","restaurant",0,1,0,"midday"
79,625,111,514,"weekday","lunch","travelling","freezing","grocery",0,1,0,"midday"
79,630,116,514,"weekend","lunch","travelling","unknown","restaurant",0,1,1,"midday"
79,635,121,514,"weekday","beforelunch","travelling","cold","restaurant",1,1,1,"midday"
79,641,127,514,"weekday","afternoon","unknown","freezing","grocery",1,1,1,"midday"
79,645,131,514,"weekday","beforelunch","travelling","warm","grocery",0,1,1,"midday"
79,650,136,514,"weekend","lunch","travelling","hot","restaurant",0,1,1,"midday"
79,653,139,514,"weekend","afternoon","working","hot","grocery",0,1,1,"midday"
79,660,146,514,"weekday","afternoon","travelling","unknown","grocery",1,1,1,"midday"
79,663,149,514,"weekend","morning","travelling","freezing","grocery",0,1,1,"morning"
79,670,156,514,"weekday","morning","unknown","warm","grocery",0,1,1,"morning"
79,672,158,514,"weekday","lunch","travelling","warm","grocery",1,1,1,"midday"
79,673,159,514,"weekday","breakfast","unknown","cold","grocery",0,1,1,"morning"
79,679,165,514,"weekday","afternoon","unknown","unknown","restaurant",0,1,1,"midday"
79,683,169,514,"weekend","lunch","morningrituals","cold","grocery",0,1,1,"midday"
79,684,170,514,"weekday","beforelunch","unknown","freezing","grocery",1,1,1,"midday"
79,695,181,514,"weekday","morning","travelling","warm","grocery",0,1,1,"morning"
80,520,0,520,"weekday","afternoon","leisure","unknown","grocery",0,0,0,"midday"
80,521,1,520,"weekend","dinner","unknown","cold","grocery",1,0,0,"night"
80,526,6,520,"weekday","breakfast","travelling","cold","grocery",0,0,0,"morning"
80,529,9,520,"weekday","lunch","travelling","unknown","restaurant",1,0,0,"midday"
80,533,13,520,"weekday","morning","unknown","freezing","restaurant",1,0,0,"morning"
80,542,22,520,"weekday","beforelunch","shopping","cold","restaurant",0,0,0,"midday"
80,562,42,520,"weekday","unknown","travelling","cold","restaurant",1,0,0,"unknown"
80,564,44,520,"weekend","beforelunch","travelling","cold","restaurant",0,0,0,"midday"
80,568,48,520,"weekday","beforelunch","unknown","cold","grocery",0,0,0,"midday"
80,593,73,520,"weekday","beforelunch","unknown","freezing","grocery",1,1,0,"midday"
80,594,74,520,"weekday","night","travelling","unknown","restaurant",1,1,0,"night"
80,596,76,520,"weekday","lunch","travelling","unknown","restaurant",0,1,0,"midday"
80,598,78,520,"weekday","afternoon","unknown","cold","restaurant",1,1,0,"midday"
80,619,99,520,"weekday","lunch","unknown","freezing","grocery",0,1,0,"midday"
80,623,103,520,"weekday","morning","travelling","cold","restaurant",0,1,0,"morning"
80,624,104,520,"weekday","unknown","travelling","unknown","grocery",0,1,0,"unknown"
80,631,111,520,"weekend","morning","travelling","freezing","restaurant",0,1,0,"morning"
80,637,117,520,"weekend","lunch","travelling","unknown","grocery",0,1,1,"midday"
80,652,132,520,"unknown","beforelunch","unknown","warm","restaurant",0,1,1,"midday"
80,657,137,520,"weekday","beforelunch","travelling","unknown","restaurant",0,1,1,"midday"
80,662,142,520,"weekday","lunch","travelling","warm","restaurant",0,1,1,"midday"
80,685,165,520,"weekend","beforelunch","unknown","cold","restaurant",0,1,1,"midday"
80,691,171,520,"weekday","earlymorning","travelling","freezing","grocery",0,1,1,"morning"
80,695,175,520,"weekday","beforelunch","working","hot","restaurant",0,1,1,"midday"
81,542,10,532,"weekday","evening","travelling","freezing","grocery",0,0,0,"night"
81,547,15,532,"weekday","afternoon","leisure","cold","grocery",0,0,0,"midday"
81,548,16,532,"weekday","beforelunch","travelling","warm","restaurant",0,0,0,"midday"
81,554,22,532,"weekday","afternoon","working","cold","restaurant",1,0,0,"midday"
81,555,23,532,"weekend","night","travelling","unknown","restaurant",0,0,0,"night"
81,567,35,532,"unknown","afternoon","travelling","unknown","grocery",0,0,0,"midday"
81,590,58,532,"weekday","afternoon","unknown","cold","restaurant",0,1,0,"midday"
81,597,65,532,"weekday","afternoon","travelling","unknown","grocery",0,1,0,"midday"
81,612,80,532,"weekday","beforelunch","unknown","cold","grocery",1,1,0,"midday"
81,618,86,532,"weekday","afternoon","shopping","freezing","restaurant",0,1,0,"midday"
81,621,89,532,"weekend","afternoon","travelling","warm","restaurant",0,1,0,"midday"
81,641,109,532,"weekday","dinner","unknown","warm","restaurant",0,1,0,"night"
81,648,116,532,"weekend","dinner","unknown","freezing","grocery",1,1,1,"night"
81,653,121,532,"weekday","lunch","travelling","cold","restaurant",0,1,1,"midday"
81,664,132,532,"weekday","lunch","leisure","hot","restaurant",0,1,1,"midday"
81,672,140,532,"weekend","lunch","travelling","warm","grocery",0,1,1,"midday"
81,674,142,532,"weekend","morning","working","cold","restaurant",0,1,1,"morning"
81,684,152,532,"weekday","afternoon","travelling","warm","grocery",0,1,1,"midday"
81,689,157,532,"weekday","breakfast","unknown","cold","grocery",1,1,1,"morning"
81,693,161,532,"weekday","beforelunch","working","unknown","grocery",0,1,1,"midday"
81,694,162,532,"weekday","lunch","leisure","freezing","restaurant",1,1,1,"midday"
81,704,172,532,"weekday","afternoon","travelling","freezing","grocery",0,1,1,"midday"
81,711,179,532,"weekend","lunch","travelling","cold","restaurant",1,1,1,"midday"
81,714,182,532,"weekday","afternoon","travelling","hot","grocery",0,1,1,"midday"
82,536,0,536,"weekday","afternoon","unknown","unknown","restaurant",1,0,0,"midday"
82,538,2,536,"weekday","unknown","travelling","warm","restaurant",0,0,0,"unknown"
82,539,3,536,"weekday","lunch","travelling","cold","grocery",0,0,0,"midday"
82,540,4,536,"weekend","breakfast","unknown","freezing","restaurant",0,0,0,"morning"
82,541,5,536,"weekday","lunch","travelling","hot","grocery",0,0,0,"midday"
82,542,6,536,"weekday","dinner","travelling","hot","restaurant",1,0,0,"night"
82,543,7,536,"weekday","evening","working","hot","grocery",0,0,0,"night"
82,544,8,536,"weekday","beforelunch","travelling","warm","restaurant",1,0,0,"midday"
82,545,9,536,"weekday","afternoon","travelling","freezing","restaurant",1,0,0,"midday"
82,546,10,536,"weekend","beforelunch","travelling","unknown","grocery",0,0,0,"midday"
82,547,11,536,"weekday","breakfast","travelling","warm","restaurant",0,0,0,"morning"
82,549,13,536,"weekday","afternoon","travelling","freezing","grocery",0,0,0,"midday"
82,550,14,536,"weekday","lunch","travelling","cold","grocery",0,0,0,"midday"
82,551,15,536,"weekday","lunch","working","cold","grocery",0,0,0,"midday"
82,555,19,536,"weekday","beforelunch","unknown","cold","grocery",1,0,0,"midday"
82,557,21,536,"weekday","breakfast","travelling","cold","restaurant",1,0,0,"morning"
82,559,23,536,"weekday","morning","unknown","warm","grocery",0,0,0,"morning"
82,561,25,536,"weekday","latenight","travelling","unknown","restaurant",0,0,0,"night"
82,569,33,536,"weekday","morning","travelling","unknown","grocery",0,0,0,"morning"
82,571,35,536,"weekend","beforelunch","unknown","freezing","restaurant",0,0,0,"midday"
82,572,36,536,"weekday","lunch","travelling","warm","restaurant",0,0,0,"midday"
82,573,37,536,"weekend","afternoon","travelling","freezing","grocery",0,0,0,"midday"
82,575,39,536,"weekday","breakfast","shopping","cold","grocery",0,0,0,"morning"
82,576,40,536,"weekend","beforelunch","travelling","warm","grocery",0,0,0,"midday"
82,578,42,536,"weekday","afternoon","unknown","unknown","grocery",0,0,0,"midday"
82,579,43,536,"weekday","afternoon","travelling","cold","restaurant",0,0,0,"midday"
82,580,44,536,"weekend","morning","travelling","cold","grocery",0,0,0,"morning"
82,581,45,536,"weekday","afternoon","travelling","cold","grocery",0,0,0,"midday"
82,582,46,536,"weekend","night","leisure","freezing","restaurant",0,0,0,"night"
82,583,47,536,"weekday","unknown","travelling","warm","restaurant",0,0,0,"unknown"
82,586,50,536,"weekend","dinner","travelling","warm","grocery",1,0,0,"night"
82,587,51,536,"weekday","afternoon","working","unknown","restaurant",0,0,0,"midday"
82,590,54,536,"weekend","earlymorning","travelling","unknown","grocery",0,0,0,"morning"
82,591,55,536,"weekend","afternoon","travelling","cold","grocery",1,0,0,"midday"
82,593,57,536,"weekday","afternoon","travelling","freezing","grocery",0,1,0,"midday"
82,594,58,536,"weekday","beforelunch","shopping","cold","restaurant",1,1,0,"midday"
82,596,60,536,"weekday","morning","travelling","hot","restaurant",1,1,0,"morning"
82,597,61,536,"weekday","breakfast","travelling","unknown","grocery",0,1,0,"morning"
82,599,63,536,"weekday","breakfast","travelling","cold","restaurant",0,1,0,"morning"
82,600,64,536,"weekday","lunch","travelling","cold","grocery",0,1,0,"midday"
82,601,65,536,"weekday","afternoon","travelling","cold","restaurant",0,1,0,"midday"
82,602,66,536,"weekend","lunch","unknown","freezing","grocery",0,1,0,"midday"
82,603,67,536,"weekday","breakfast","travelling","cold","grocery",1,1,0,"morning"
82,604,68,536,"weekday","beforelunch","travelling","cold","restaurant",1,1,0,"midday"
82,606,70,536,"weekday","breakfast","travelling","freezing","grocery",0,1,0,"morning"
82,608,72,536,"weekday","lunch","unknown","cold","restaurant",1,1,0,"midday"
82,609,73,536,"weekday","afternoon","travelling","unknown","grocery",1,1,0,"midday"
82,610,74,536,"weekday","lunch","shopping","cold","grocery",0,1,0,"midday"
82,611,75,536,"weekend","beforelunch","morningrituals","freezing","restaurant",0,1,0,"midday"
82,612,76,536,"weekday","lunch","travelling","freezing","restaurant",1,1,0,"midday"
82,614,78,536,"weekday","afternoon","travelling","cold","grocery",1,1,0,"midday"
82,615,79,536,"weekday","breakfast","travelling","cold","grocery",0,1,0,"morning"
82,617,81,536,"weekend","beforelunch","travelling","freezing","restaurant",0,1,0,"midday"
82,620,84,536,"weekend","lunch","travelling","unknown","restaurant",0,1,0,"midday"
82,621,85,536,"weekday","afternoon","travelling","unknown","restaurant",1,1,0,"midday"
82,623,87,536,"weekday","lunch","travelling","unknown","restaurant",0,1,0,"midday"
82,624,88,536,"weekday","dinner","unknown","cold","grocery",0,1,0,"night"
82,626,90,536,"weekday","beforelunch","morningrituals","freezing","grocery",0,1,0,"midday"
82,627,91,536,"weekend","afternoon","travelling","freezing","grocery",0,1,0,"midday"
82,629,93,536,"weekday","afternoon","travelling","unknown","restaurant",0,1,0,"midday"
82,630,94,536,"weekday","dinner","unknown","freezing","grocery",0,1,0,"night"
82,631,95,536,"weekday","afternoon","travelling","hot","restaurant",0,1,0,"midday"
82,633,97,536,"weekday","afternoon","unknown","freezing","restaurant",0,1,0,"midday"
82,635,99,536,"weekday","evening","travelling","cold","grocery",1,1,0,"night"
82,640,104,536,"weekday","lunch","shopping","unknown","restaurant",0,1,0,"midday"
82,642,106,536,"weekend","beforelunch","unknown","cold","restaurant",0,1,0,"midday"
82,643,107,536,"weekend","breakfast","unknown","cold","grocery",1,1,0,"morning"
82,644,108,536,"weekday","beforelunch","travelling","freezing","grocery",0,1,0,"midday"
82,645,109,536,"unknown","lunch","travelling","freezing","restaurant",0,1,0,"midday"
82,646,110,536,"weekend","lunch","travelling","unknown","restaurant",0,1,0,"midday"
82,647,111,536,"weekday","dinner","travelling","warm","grocery",0,1,0,"night"
82,648,112,536,"weekday","lunch","travelling","freezing","restaurant",0,1,0,"midday"
82,649,113,536,"weekday","lunch","travelling","cold","restaurant",0,1,1,"midday"
82,650,114,536,"weekday","lunch","leisure","cold","grocery",0,1,1,"midday"
82,651,115,536,"weekday","beforelunch","unknown","unknown","grocery",0,1,1,"midday"
82,653,117,536,"weekday","afternoon","travelling","cold","restaurant",0,1,1,"midday"
82,654,118,536,"weekday","breakfast","travelling","warm","restaurant",1,1,1,"morning"
82,655,119,536,"weekday","morning","shopping","freezing","grocery",0,1,1,"morning"
82,656,120,536,"weekday","afternoon","travelling","freezing","grocery",0,1,1,"midday"
82,657,121,536,"weekday","beforelunch","working","cold","grocery",0,1,1,"midday"
82,658,122,536,"weekday","beforelunch","leisure","cold","grocery",1,1,1,"midday"
82,659,123,536,"weekday","lunch","unknown","warm","grocery",0,1,1,"midday"
82,663,127,536,"weekday","beforelunch","travelling","freezing","grocery",0,1,1,"midday"
82,665,129,536,"weekday","dinner","unknown","unknown","restaurant",0,1,1,"night"
82,666,130,536,"weekday","morning","travelling","freezing","grocery",0,1,1,"morning"
82,667,131,536,"weekend","breakfast","travelling","cold","restaurant",0,1,1,"morning"
82,668,132,536,"weekend","afternoon","unknown","unknown","grocery",1,1,1,"midday"
82,669,133,536,"weekday","lunch","travelling","unknown","grocery",0,1,1,"midday"
82,670,134,536,"weekend","lunch","travelling","freezing","restaurant",0,1,1,"midday"
82,671,135,536,"weekday","beforelunch","working","cold","grocery",1,1,1,"midday"
82,672,136,536,"weekend","afternoon","unknown","cold","restaurant",0,1,1,"midday"
82,673,137,536,"weekday","breakfast","travelling","unknown","grocery",0,1,1,"morning"
82,674,138,536,"weekday","lunch","shopping","cold","grocery",1,1,1,"midday"
82,676,140,536,"weekday","beforelunch","working","warm","restaurant",0,1,1,"midday"
82,679,143,536,"weekend","beforelunch","travelling","warm","grocery",1,1,1,"midday"
82,683,147,536,"weekday","lunch","shopping","cold","grocery",1,1,1,"midday"
82,684,148,536,"weekend","lunch","unknown","unknown","grocery",0,1,1,"midday"
82,685,149,536,"weekend","afternoon","unknown","unknown","grocery",0,1,1,"midday"
82,687,151,536,"weekday","afternoon","travelling","freezing","grocery",0,1,1,"midday"
82,688,152,536,"weekday","beforelunch","travelling","cold","grocery",0,1,1,"midday"
82,689,153,536,"weekday","beforelunch","travelling","hot","restaurant",0,1,1,"midday"
82,690,154,536,"weekday","night","morningrituals","unknown","restaurant",1,1,1,"night"
82,692,156,536,"weekday","afternoon","shopping","warm","grocery",0,1,1,"midday"
82,693,157,536,"weekend","afternoon","shopping","cold","restaurant",0,1,1,"midday"
82,695,159,536,"weekday","lunch","travelling","freezing","grocery",0,1,1,"midday"
82,696,160,536,"weekday","beforelunch","working","cold","restaurant",1,1,1,"midday"
82,697,161,536,"weekend","afternoon","travelling","unknown","grocery",0,1,1,"midday"
82,700,164,536,"weekday","lunch","travelling","warm","restaurant",0,1,1,"midday"
82,703,167,536,"weekday","beforelunch","morningrituals","warm","grocery",0,1,1,"midday"
82,705,169,536,"weekend","afternoon","leisure","cold","restaurant",0,1,1,"midday"
82,708,172,536,"unknown","afternoon","travelling","warm","grocery",0,1,1,"midday"
82,710,174,536,"weekday","morning","working","freezing","restaurant",0,1,1,"morning"
82,712,176,536,"weekday","breakfast","unknown","hot","restaurant",1,1,1,"morning"
82,714,178,536,"weekday","afternoon","unknown","cold","grocery",0,1,1,"midday"
82,715,179,536,"weekday","breakfast","travelling","warm","restaurant",0,1,1,"morning"
82,716,180,536,"weekday","beforelunch","unknown","warm","restaurant",0,1,1,"midday"
82,717,181,536,"weekend","beforelunch","travelling","cold","restaurant",0,1,1,"midday"
82,718,182,536,"weekday","lunch","unknown","unknown","restaurant",0,1,1,"midday"
83,545,0,545,"weekday","afternoon","travelling","cold","grocery",0,0,0,"midday"
83,553,8,545,"weekend","evening","shopping","cold","restaurant",1,0,0,"night"
83,558,13,545,"weekend","afternoon","travelling","freezing","grocery",1,0,0,"midday"
83,559,14,545,"weekday","beforelunch","travelling","freezing","grocery",1,0,0,"midday"
83,563,18,545,"weekend","lunch","shopping","cold","grocery",0,0,0,"midday"
83,566,21,545,"weekday","morning","unknown","unknown","grocery",1,0,0,"morning"
83,570,25,545,"weekday","beforelunch","travelling","hot","grocery",0,0,0,"midday"
83,574,29,545,"weekend","afternoon","travelling","freezing","grocery",0,0,0,"midday"
83,576,31,545,"weekend","afternoon","travelling","cold","restaurant",1,0,0,"midday"
83,581,36,545,"weekend","morning","travelling","cold","grocery",0,0,0,"morning"
83,587,42,545,"weekday","afternoon","travelling","cold","restaurant",1,0,0,"midday"
83,588,43,545,"weekday","afternoon","travelling","unknown","restaurant",1,0,0,"midday"
83,591,46,545,"weekend","lunch","shopping","cold","grocery",0,0,0,"midday"
83,595,50,545,"weekend","breakfast","leisure","unknown","grocery",0,0,0,"morning"
83,601,56,545,"weekday","lunch","unknown","freezing","restaurant",0,0,0,"midday"
83,602,57,545,"weekday","lunch","travelling","freezing","grocery",0,1,0,"midday"
83,604,59,545,"weekday","afternoon","travelling","unknown","restaurant",0,1,0,"midday"
83,609,64,545,"weekday","breakfast","travelling","cold","grocery",0,1,0,"morning"
83,610,65,545,"weekday","afternoon","working","freezing","restaurant",0,1,0,"midday"
83,614,69,545,"weekday","afternoon","travelling","warm","grocery",1,1,0,"midday"
83,620,75,545,"weekday","breakfast","working","cold","restaurant",1,1,0,"morning"
83,623,78,545,"weekday","beforelunch","travelling","warm","restaurant",0,1,0,"midday"
83,625,80,545,"weekday","lunch","shopping","freezing","restaurant",0,1,0,"midday"
83,630,85,545,"weekday","breakfast","leisure","cold","restaurant",1,1,0,"morning"
83,632,87,545,"weekday","afternoon","travelling","freezing","restaurant",1,1,0,"midday"
83,640,95,545,"weekend","lunch","shopping","freezing","restaurant",0,1,0,"midday"
83,643,98,545,"weekday","beforelunch","working","cold","grocery",0,1,0,"midday"
83,649,104,545,"weekday","breakfast","working","freezing","restaurant",1,1,0,"morning"
83,653,108,545,"weekday","afternoon","leisure","cold","grocery",0,1,0,"midday"
83,655,110,545,"weekday","dinner","travelling","freezing","restaurant",1,1,0,"night"
83,660,115,545,"weekend","night","working","unknown","restaurant",1,1,1,"night"
83,661,116,545,"weekend","beforelunch","leisure","cold","restaurant",0,1,1,"midday"
83,666,121,545,"weekday","afternoon","unknown","freezing","restaurant",1,1,1,"midday"
83,673,128,545,"weekday","beforelunch","travelling","hot","restaurant",0,1,1,"midday"
83,678,133,545,"weekday","dinner","travelling","cold","grocery",1,1,1,"night"
83,680,135,545,"weekday","afternoon","travelling","unknown","grocery",0,1,1,"midday"
83,682,137,545,"weekday","beforelunch","travelling","freezing","grocery",0,1,1,"midday"
83,685,140,545,"weekend","lunch","travelling","freezing","grocery",0,1,1,"midday"
83,688,143,545,"weekend","breakfast","shopping","freezing","restaurant",0,1,1,"morning"
83,690,145,545,"weekday","breakfast","travelling","unknown","restaurant",0,1,1,"morning"
83,692,147,545,"weekday","afternoon","travelling","cold","grocery",1,1,1,"midday"
83,695,150,545,"weekend","lunch","travelling","cold","grocery",0,1,1,"midday"
83,700,155,545,"weekday","afternoon","travelling","unknown","restaurant",0,1,1,"midday"
83,703,158,545,"weekday","beforelunch","unknown","cold","restaurant",0,1,1,"midday"
83,715,170,545,"weekend","lunch","morningrituals","freezing","grocery",1,1,1,"midday"
83,717,172,545,"weekday","evening","travelling","cold","grocery",0,1,1,"night"
83,719,174,545,"weekend","evening","travelling","cold","grocery",1,1,1,"night"
83,720,175,545,"weekend","morning","travelling","unknown","restaurant",1,1,1,"morning"
83,721,176,545,"weekend","afternoon","shopping","unknown","grocery",0,1,1,"midday"
83,723,178,545,"weekday","beforelunch","shopping","hot","restaurant",0,1,1,"midday"
83,725,180,545,"weekday","afternoon","travelling","freezing","grocery",0,1,1,"midday"
83,728,183,545,"weekday","beforelunch","travelling","unknown","grocery",1,1,1,"midday"
84,553,1,552,"weekday","beforelunch","travelling","cold","grocery",0,0,0,"midday"
84,554,2,552,"weekend","morning","unknown","warm","grocery",0,0,0,"morning"
84,563,11,552,"weekday","lunch","leisure","cold","restaurant",0,0,0,"midday"
84,576,24,552,"weekday","lunch","working","cold","restaurant",1,0,0,"midday"
84,589,37,552,"weekday","beforelunch","travelling","unknown","grocery",0,0,0,"midday"
84,590,38,552,"weekday","beforelunch","leisure","cold","restaurant",1,0,0,"midday"
84,591,39,552,"weekday","latenight","travelling","warm","grocery",0,0,0,"night"
84,593,41,552,"weekday","lunch","working","cold","restaurant",1,0,0,"midday"
84,595,43,552,"weekday","afternoon","travelling","unknown","restaurant",1,0,0,"midday"
84,599,47,552,"weekday","afternoon","travelling","warm","grocery",0,0,0,"midday"
84,600,48,552,"weekday","afternoon","travelling","unknown","restaurant",0,0,0,"midday"
84,601,49,552,"weekday","afternoon","working","freezing","grocery",0,0,0,"midday"
84,611,59,552,"weekday","afternoon","travelling","warm","grocery",0,1,0,"midday"
84,617,65,552,"weekday","morning","workingout","cold","grocery",0,1,0,"morning"
84,619,67,552,"weekday","breakfast","shopping","freezing","grocery",0,1,0,"morning"
84,620,68,552,"weekday","dinner","shopping","unknown","restaurant",0,1,0,"night"
84,625,73,552,"weekend","earlymorning","travelling","cold","grocery",0,1,0,"morning"
84,628,76,552,"weekday","morning","travelling","unknown","grocery",0,1,0,"morning"
84,631,79,552,"weekend","beforelunch","travelling","hot","grocery",1,1,0,"midday"
84,632,80,552,"weekday","lunch","leisure","unknown","grocery",0,1,0,"midday"
84,636,84,552,"weekday","lunch","travelling","cold","grocery",1,1,0,"midday"
84,639,87,552,"weekday","lunch","working","unknown","restaurant",0,1,0,"midday"
84,641,89,552,"weekday","afternoon","travelling","warm","restaurant",0,1,0,"midday"
84,646,94,552,"weekday","breakfast","travelling","freezing","grocery",0,1,0,"morning"
84,647,95,552,"weekend","beforelunch","unknown","unknown","grocery",0,1,0,"midday"
84,648,96,552,"weekday","breakfast","travelling","cold","restaurant",0,1,0,"morning"
84,662,110,552,"weekday","lunch","travelling","unknown","grocery",0,1,0,"midday"
84,663,111,552,"weekday","afternoon","travelling","hot","grocery",0,1,0,"midday"
84,665,113,552,"weekday","breakfast","unknown","cold","grocery",1,1,1,"morning"
84,668,116,552,"weekday","dinner","working","cold","grocery",0,1,1,"night"
84,669,117,552,"weekday","afternoon","leisure","hot","grocery",1,1,1,"midday"
84,678,126,552,"weekday","beforelunch","travelling","freezing","restaurant",0,1,1,"midday"
84,685,133,552,"weekend","unknown","working","freezing","grocery",1,1,1,"unknown"
84,686,134,552,"weekday","evening","unknown","warm","restaurant",0,1,1,"night"
84,689,137,552,"weekday","lunch","shopping","cold","restaurant",0,1,1,"midday"
84,695,143,552,"weekday","beforelunch","travelling","unknown","grocery",0,1,1,"midday"
84,698,146,552,"weekend","lunch","travelling","cold","grocery",0,1,1,"midday"
84,699,147,552,"weekday","unknown","leisure","freezing","restaurant",1,1,1,"unknown"
84,700,148,552,"weekday","unknown","unknown","unknown","restaurant",0,1,1,"unknown"
84,704,152,552,"weekday","beforelunch","leisure","freezing","restaurant",0,1,1,"midday"
84,713,161,552,"weekday","beforelunch","travelling","cold","grocery",0,1,1,"midday"
84,722,170,552,"weekend","beforelunch","unknown","cold","restaurant",1,1,1,"midday"
84,723,171,552,"weekday","morning","leisure","unknown","grocery",0,1,1,"morning"
84,725,173,552,"weekday","beforelunch","morningrituals","warm","grocery",0,1,1,"midday"
84,733,181,552,"weekend","afternoon","shopping","freezing","restaurant",0,1,1,"midday"
85,569,4,565,"weekend","evening","travelling","warm","grocery",1,0,0,"night"
85,584,19,565,"weekday","lunch","unknown","cold","restaurant",1,0,0,"midday"
85,607,42,565,"weekday","beforelunch","travelling","unknown","grocery",0,0,0,"midday"
85,655,90,565,"weekend","afternoon","travelling","cold","grocery",1,1,0,"midday"
85,669,104,565,"weekday","morning","unknown","unknown","restaurant",0,1,0,"morning"
85,684,119,565,"weekday","lunch","travelling","warm","restaurant",0,1,1,"midday"
85,690,125,565,"weekend","afternoon","travelling","warm","grocery",0,1,1,"midday"
85,696,131,565,"weekday","afternoon","working","cold","restaurant",0,1,1,"midday"
85,711,146,565,"weekday","breakfast","travelling","unknown","restaurant",1,1,1,"morning"
85,729,164,565,"weekday","lunch","unknown","freezing","restaurant",0,1,1,"midday"
86,573,5,568,"weekday","afternoon","travelling","freezing","grocery",0,0,0,"midday"
86,578,10,568,"weekday","morning","unknown","unknown","restaurant",0,0,0,"morning"
86,581,13,568,"weekend","morning","travelling","warm","restaurant",0,0,0,"morning"
86,583,15,568,"weekday","beforelunch","working","freezing","restaurant",0,0,0,"midday"
86,586,18,568,"weekday","lunch","morningrituals","cold","grocery",0,0,0,"midday"
86,600,32,568,"weekday","breakfast","travelling","unknown","restaurant",0,0,0,"morning"
86,603,35,568,"weekday","beforelunch","travelling","cold","grocery",0,0,0,"midday"
86,617,49,568,"weekend","beforelunch","travelling","unknown","restaurant",0,0,0,"midday"
86,626,58,568,"weekend","lunch","travelling","freezing","grocery",0,1,0,"midday"
86,627,59,568,"weekend","lunch","travelling","cold","restaurant",0,1,0,"midday"
86,635,67,568,"weekday","lunch","travelling","unknown","restaurant",1,1,0,"midday"
86,637,69,568,"weekday","afternoon","travelling","unknown","restaurant",1,1,0,"midday"
86,650,82,568,"weekday","beforelunch","travelling","unknown","grocery",1,1,0,"midday"
86,653,85,568,"weekday","night","travelling","cold","restaurant",1,1,0,"night"
86,662,94,568,"weekday","lunch","unknown","warm","grocery",1,1,0,"midday"
86,665,97,568,"weekday","lunch","travelling","unknown","restaurant",0,1,0,"midday"
86,666,98,568,"weekday","breakfast","leisure","freezing","restaurant",1,1,0,"morning"
86,667,99,568,"weekend","lunch","travelling","freezing","grocery",0,1,0,"midday"
86,670,102,568,"weekday","afternoon","unknown","freezing","restaurant",0,1,0,"midday"
86,672,104,568,"weekend","afternoon","travelling","cold","restaurant",0,1,0,"midday"
86,673,105,568,"unknown","afternoon","unknown","cold","restaurant",0,1,0,"midday"
86,675,107,568,"weekday","afternoon","unknown","warm","grocery",0,1,0,"midday"
86,685,117,568,"weekday","earlymorning","travelling","unknown","grocery",0,1,1,"morning"
86,698,130,568,"weekday","lunch","travelling","warm","restaurant",0,1,1,"midday"
86,699,131,568,"weekend","afternoon","travelling","unknown","grocery",0,1,1,"midday"
86,709,141,568,"weekday","afternoon","travelling","freezing","grocery",0,1,1,"midday"
86,710,142,568,"weekend","afternoon","travelling","freezing","restaurant",1,1,1,"midday"
86,718,150,568,"weekday","afternoon","travelling","cold","restaurant",1,1,1,"midday"
86,719,151,568,"weekend","afternoon","working","cold","grocery",1,1,1,"midday"
86,721,153,568,"weekday","afternoon","travelling","freezing","restaurant",0,1,1,"midday"
86,729,161,568,"weekend","evening","morningrituals","freezing","grocery",0,1,1,"night"
86,741,173,568,"weekday","lunch","leisure","warm","grocery",0,1,1,"midday"
86,748,180,568,"weekday","lunch","travelling","unknown","restaurant",0,1,1,"midday"
87,594,20,574,"weekday","afternoon","unknown","warm","restaurant",0,0,0,"midday"
87,599,25,574,"weekend","breakfast","working","cold","restaurant",0,0,0,"morning"
87,603,29,574,"weekday","lunch","travelling","unknown","restaurant",0,0,0,"midday"
87,604,30,574,"weekend","lunch","working","freezing","grocery",0,0,0,"midday"
87,607,33,574,"weekend","beforelunch","shopping","freezing","grocery",1,0,0,"midday"
87,608,34,574,"weekday","beforelunch","travelling","freezing","grocery",0,0,0,"midday"
87,613,39,574,"weekday","afternoon","leisure","unknown","grocery",1,0,0,"midday"
87,618,44,574,"weekday","beforelunch","unknown","unknown","grocery",1,0,0,"midday"
87,620,46,574,"weekday","lunch","travelling","cold","grocery",0,0,0,"midday"
87,633,59,574,"weekend","lunch","travelling","hot","restaurant",0,1,0,"midday"
87,638,64,574,"weekday","beforelunch","shopping","cold","grocery",0,1,0,"midday"
87,643,69,574,"weekday","afternoon","travelling","unknown","restaurant",0,1,0,"midday"
87,644,70,574,"weekend","unknown","shopping","cold","restaurant",0,1,0,"unknown"
87,656,82,574,"weekday","beforelunch","working","hot","grocery",1,1,0,"midday"
87,658,84,574,"weekday","lunch","travelling","freezing","grocery",0,1,0,"midday"
87,659,85,574,"weekday","morning","leisure","cold","grocery",0,1,0,"morning"
87,670,96,574,"weekend","beforelunch","unknown","unknown","restaurant",0,1,0,"midday"
87,684,110,574,"weekend","afternoon","travelling","freezing","restaurant",0,1,0,"midday"
87,686,112,574,"weekday","afternoon","travelling","unknown","grocery",1,1,0,"midday"
87,689,115,574,"weekday","lunch","working","unknown","restaurant",0,1,1,"midday"
87,691,117,574,"weekday","lunch","travelling","unknown","grocery",0,1,1,"midday"
87,699,125,574,"weekday","morning","unknown","unknown","grocery",0,1,1,"morning"
87,706,132,574,"weekday","afternoon","travelling","unknown","grocery",1,1,1,"midday"
87,714,140,574,"weekday","afternoon","travelling","freezing","grocery",0,1,1,"midday"
87,716,142,574,"weekday","beforelunch","unknown","unknown","restaurant",1,1,1,"midday"
87,725,151,574,"weekday","lunch","working","cold","restaurant",1,1,1,"midday"
87,727,153,574,"weekday","afternoon","travelling","warm","restaurant",0,1,1,"midday"
87,736,162,574,"weekday","afternoon","travelling","freezing","restaurant",0,1,1,"midday"
87,753,179,574,"weekday","morning","travelling","freezing","restaurant",0,1,1,"morning"
88,580,1,579,"weekday","breakfast","travelling","cold","restaurant",0,0,0,"morning"
88,581,2,579,"weekend","afternoon","travelling","unknown","restaurant",0,0,0,"midday"
88,582,3,579,"weekday","earlymorning","travelling","cold","restaurant",1,0,0,"morning"
88,583,4,579,"weekday","afternoon","travelling","freezing","restaurant",0,0,0,"midday"
88,584,5,579,"weekend","lunch","unknown","hot","restaurant",0,0,0,"midday"
88,585,6,579,"weekday","afternoon","unknown","hot","restaurant",0,0,0,"midday"
88,586,7,579,"weekday","breakfast","leisure","freezing","grocery",0,0,0,"morning"
88,590,11,579,"weekday","breakfast","travelling","hot","restaurant",0,0,0,"morning"
88,592,13,579,"weekday","latenight","travelling","cold","grocery",0,0,0,"night"
88,593,14,579,"weekday","night","unknown","unknown","restaurant",0,0,0,"night"
88,595,16,579,"weekend","morning","unknown","unknown","restaurant",0,0,0,"morning"
88,603,24,579,"weekday","night","leisure","hot","grocery",0,0,0,"night"
88,604,25,579,"weekend","afternoon","travelling","freezing","grocery",1,0,0,"midday"
88,607,28,579,"weekend","earlymorning","working","hot","restaurant",0,0,0,"morning"
88,608,29,579,"weekend","afternoon","travelling","unknown","restaurant",0,0,0,"midday"
88,613,34,579,"weekday","afternoon","leisure","warm","restaurant",0,0,0,"midday"
88,616,37,579,"weekday","lunch","travelling","freezing","grocery",0,0,0,"midday"
88,618,39,579,"weekday","beforelunch","unknown","warm","grocery",1,0,0,"midday"
88,620,41,579,"weekday","afternoon","travelling","cold","restaurant",0,0,0,"midday"
88,622,43,579,"weekend","beforelunch","working","cold","grocery",0,0,0,"midday"
88,626,47,579,"weekday","earlymorning","travelling","unknown","restaurant",1,0,0,"morning"
88,628,49,579,"weekend","beforelunch","working","cold","restaurant",0,0,0,"midday"
88,631,52,579,"weekday","beforelunch","leisure","cold","restaurant",1,0,0,"midday"
88,632,53,579,"weekday","lunch","unknown","cold","grocery",0,0,0,"midday"
88,633,54,579,"weekday","morning","travelling","freezing","grocery",0,0,0,"morning"
88,636,57,579,"weekday","beforelunch","unknown","unknown","restaurant",0,1,0,"midday"
88,639,60,579,"weekday","beforelunch","unknown","cold","grocery",1,1,0,"midday"
88,644,65,579,"weekday","breakfast","travelling","cold","restaurant",0,1,0,"morning"
88,645,66,579,"weekday","breakfast","travelling","freezing","restaurant",0,1,0,"morning"
88,646,67,579,"weekday","morning","unknown","cold","restaurant",1,1,0,"morning"
88,647,68,579,"weekday","lunch","leisure","hot","restaurant",0,1,0,"midday"
88,649,70,579,"weekday","afternoon","leisure","unknown","restaurant",1,1,0,"midday"
88,650,71,579,"weekday","lunch","travelling","unknown","restaurant",0,1,0,"midday"
88,653,74,579,"weekday","afternoon","leisure","cold","restaurant",1,1,0,"midday"
88,654,75,579,"weekday","lunch","unknown","cold","restaurant",0,1,0,"midday"
88,665,86,579,"weekday","evening","working","unknown","grocery",0,1,0,"night"
88,666,87,579,"weekend","afternoon","travelling","freezing","grocery",0,1,0,"midday"
88,667,88,579,"unknown","afternoon","leisure","cold","restaurant",0,1,0,"midday"
88,672,93,579,"weekday","lunch","unknown","unknown","restaurant",0,1,0,"midday"
88,674,95,579,"weekend","lunch","unknown","cold","grocery",1,1,0,"midday"
88,679,100,579,"weekday","morning","travelling","cold","grocery",1,1,0,"morning"
88,682,103,579,"weekday","beforelunch","morningrituals","freezing","restaurant",0,1,0,"midday"
88,685,106,579,"weekday","afternoon","travelling","cold","grocery",0,1,0,"midday"
88,686,107,579,"weekday","lunch","travelling","freezing","grocery",0,1,0,"midday"
88,687,108,579,"weekday","afternoon","leisure","cold","grocery",0,1,0,"midday"
88,689,110,579,"weekday","beforelunch","leisure","warm","restaurant",0,1,0,"midday"
88,690,111,579,"weekday","morning","travelling","unknown","restaurant",1,1,0,"morning"
88,693,114,579,"weekend","afternoon","travelling","unknown","grocery",0,1,1,"midday"
88,694,115,579,"weekday","beforelunch","leisure","unknown","grocery",0,1,1,"midday"
88,695,116,579,"weekday","beforelunch","travelling","cold","grocery",1,1,1,"midday"
88,696,117,579,"weekend","unknown","morningrituals","unknown","restaurant",1,1,1,"unknown"
88,697,118,579,"weekday","morning","working","warm","restaurant",1,1,1,"morning"
88,701,122,579,"weekday","afternoon","working","cold","restaurant",0,1,1,"midday"
88,703,124,579,"weekend","afternoon","leisure","cold","restaurant",0,1,1,"midday"
88,704,125,579,"weekend","beforelunch","travelling","warm","restaurant",0,1,1,"midday"
88,707,128,579,"unknown","dinner","travelling","cold","restaurant",1,1,1,"night"
88,708,129,579,"weekday","lunch","travelling","freezing","restaurant",0,1,1,"midday"
88,709,130,579,"weekend","beforelunch","shopping","cold","grocery",0,1,1,"midday"
88,710,131,579,"weekday","morning","travelling","freezing","grocery",0,1,1,"morning"
88,711,132,579,"weekday","beforelunch","travelling","cold","grocery",0,1,1,"midday"
88,712,133,579,"weekday","latenight","travelling","unknown","restaurant",0,1,1,"night"
88,713,134,579,"weekday","evening","morningrituals","unknown","grocery",1,1,1,"night"
88,719,140,579,"weekday","beforelunch","travelling","hot","grocery",0,1,1,"midday"
88,722,143,579,"weekend","afternoon","travelling","cold","grocery",0,1,1,"midday"
88,725,146,579,"weekday","afternoon","morningrituals","warm","restaurant",0,1,1,"midday"
88,728,149,579,"weekday","breakfast","working","freezing","restaurant",0,1,1,"morning"
88,730,151,579,"weekday","beforelunch","travelling","unknown","grocery",0,1,1,"midday"
88,731,152,579,"weekend","afternoon","shopping","freezing","grocery",0,1,1,"midday"
88,732,153,579,"weekend","lunch","travelling","cold","grocery",0,1,1,"midday"
88,733,154,579,"weekend","lunch","travelling","cold","restaurant",0,1,1,"midday"
88,739,160,579,"weekday","beforelunch","unknown","warm","grocery",0,1,1,"midday"
88,741,162,579,"weekday","afternoon","travelling","freezing","grocery",0,1,1,"midday"
88,748,169,579,"weekday","beforelunch","unknown","cold","restaurant",1,1,1,"midday"
88,752,173,579,"weekday","beforelunch","working","unknown","restaurant",0,1,1,"midday"
88,753,174,579,"weekend","breakfast","travelling","hot","restaurant",1,1,1,"morning"
88,755,176,579,"weekend","night","travelling","cold","restaurant",0,1,1,"night"
88,756,177,579,"weekend","breakfast","travelling","unknown","grocery",0,1,1,"morning"
88,757,178,579,"weekday","beforelunch","travelling","cold","restaurant",0,1,1,"midday"
88,758,179,579,"weekend","morning","working","cold","grocery",0,1,1,"morning"
88,759,180,579,"weekend","morning","travelling","freezing","grocery",0,1,1,"morning"
88,760,181,579,"weekend","morning","unknown","freezing","grocery",0,1,1,"morning"
88,761,182,579,"weekend","unknown","shopping","unknown","restaurant",0,1,1,"unknown"
88,762,183,579,"weekday","morning","travelling","unknown","grocery",1,1,1,"morning"
89,598,8,590,"weekend","lunch","travelling","warm","restaurant",0,0,0,"midday"
89,599,9,590,"weekend","breakfast","travelling","freezing","grocery",0,0,0,"morning"
89,600,10,590,"weekday","beforelunch","workingout","freezing","grocery",1,0,0,"midday"
89,609,19,590,"weekend","beforelunch","travelling","cold","grocery",0,0,0,"midday"
89,612,22,590,"weekend","beforelunch","leisure","cold","grocery",0,0,0,"midday"
89,642,52,590,"weekday","beforelunch","unknown","unknown","grocery",0,0,0,"midday"
89,654,64,590,"weekend","lunch","travelling","cold","restaurant",0,1,0,"midday"
89,655,65,590,"weekday","afternoon","working","unknown","grocery",0,1,0,"midday"
89,661,71,590,"unknown","beforelunch","travelling","unknown","restaurant",0,1,0,"midday"
89,664,74,590,"weekend","evening","travelling","cold","restaurant",0,1,0,"night"
89,679,89,590,"weekday","afternoon","travelling","unknown","grocery",0,1,0,"midday"
89,686,96,590,"weekday","breakfast","working","cold","restaurant",0,1,0,"morning"
89,691,101,590,"weekday","breakfast","travelling","hot","restaurant",1,1,0,"morning"
89,693,103,590,"weekday","beforelunch","travelling","freezing","grocery",0,1,0,"midday"
89,694,104,590,"weekend","lunch","unknown","unknown","grocery",0,1,0,"midday"
89,696,106,590,"weekday","afternoon","travelling","freezing","restaurant",0,1,0,"midday"
89,702,112,590,"weekday","night","travelling","cold","restaurant",1,1,0,"night"
89,729,139,590,"weekday","lunch","working","hot","restaurant",0,1,1,"midday"
89,735,145,590,"weekday","beforelunch","travelling","hot","grocery",0,1,1,"midday"
89,736,146,590,"unknown","breakfast","travelling","cold","grocery",1,1,1,"morning"
89,738,148,590,"weekday","afternoon","travelling","cold","restaurant",1,1,1,"midday"
89,743,153,590,"weekday","breakfast","travelling","cold","grocery",0,1,1,"morning"
89,757,167,590,"weekday","lunch","travelling","hot","grocery",1,1,1,"midday"
89,765,175,590,"weekend","beforelunch","travelling","cold","restaurant",1,1,1,"midday"
89,767,177,590,"weekday","afternoon","travelling","warm","restaurant",0,1,1,"midday"
89,771,181,590,"weekday","lunch","working","cold","restaurant",0,1,1,"midday"
89,773,183,590,"weekday","unknown","leisure","freezing","restaurant",1,1,1,"unknown"
90,603,1,602,"weekday","breakfast","travelling","unknown","grocery",1,0,0,"morning"
90,604,2,602,"weekday","lunch","travelling","unknown","restaurant",0,0,0,"midday"
90,605,3,602,"weekday","lunch","travelling","freezing","grocery",1,0,0,"midday"
90,607,5,602,"weekday","afternoon","unknown","unknown","restaurant",0,0,0,"midday"
90,608,6,602,"weekday","afternoon","travelling","hot","restaurant",0,0,0,"midday"
90,609,7,602,"weekend","morning","travelling","cold","grocery",0,0,0,"morning"
90,613,11,602,"weekend","afternoon","unknown","unknown","grocery",0,0,0,"midday"
90,618,16,602,"weekday","breakfast","travelling","freezing","grocery",0,0,0,"morning"
90,619,17,602,"weekend","lunch","working","cold","grocery",0,0,0,"midday"
90,620,18,602,"weekday","lunch","travelling","cold","restaurant",0,0,0,"midday"
90,625,23,602,"weekday","lunch","travelling","cold","grocery",0,0,0,"midday"
90,627,25,602,"weekend","night","travelling","unknown","restaurant",0,0,0,"night"
90,630,28,602,"weekday","beforelunch","morningrituals","hot","restaurant",0,0,0,"midday"
90,631,29,602,"weekday","lunch","travelling","hot","restaurant",0,0,0,"midday"
90,632,30,602,"weekday","afternoon","travelling","hot","restaurant",0,0,0,"midday"
90,633,31,602,"weekday","afternoon","travelling","unknown","grocery",0,0,0,"midday"
90,634,32,602,"weekday","beforelunch","working","hot","restaurant",0,0,0,"midday"
90,635,33,602,"weekday","breakfast","travelling","cold","grocery",0,0,0,"morning"
90,637,35,602,"weekday","beforelunch","unknown","unknown","restaurant",0,0,0,"midday"
90,638,36,602,"weekend","lunch","travelling","freezing","grocery",0,0,0,"midday"
90,641,39,602,"weekday","lunch","shopping","freezing","grocery",0,0,0,"midday"
90,644,42,602,"weekday","breakfast","morningrituals","cold","grocery",1,0,0,"morning"
90,648,46,602,"weekday","afternoon","travelling","cold","restaurant",0,0,0,"midday"
90,653,51,602,"weekday","beforelunch","travelling","unknown","grocery",0,0,0,"midday"
90,654,52,602,"unknown","lunch","unknown","freezing","grocery",0,0,0,"midday"
90,663,61,602,"weekday","breakfast","travelling","freezing","grocery",1,1,0,"morning"
90,666,64,602,"weekday","beforelunch","unknown","freezing","grocery",0,1,0,"midday"
90,667,65,602,"weekday","lunch","travelling","cold","restaurant",1,1,0,"midday"
90,668,66,602,"weekday","afternoon","travelling","cold","grocery",0,1,0,"midday"
90,669,67,602,"weekend","afternoon","travelling","hot","grocery",0,1,0,"midday"
90,671,69,602,"weekday","afternoon","unknown","cold","restaurant",0,1,0,"midday"
90,672,70,602,"weekday","earlymorning","travelling","freezing","grocery",0,1,0,"morning"
90,674,72,602,"weekday","breakfast","travelling","freezing","grocery",0,1,0,"morning"
90,676,74,602,"weekday","breakfast","travelling","freezing","restaurant",0,1,0,"morning"
90,677,75,602,"weekday","morning","travelling","freezing","restaurant",1,1,0,"morning"
90,680,78,602,"weekend","lunch","travelling","unknown","grocery",0,1,0,"midday"
90,681,79,602,"weekday","night","travelling","cold","restaurant",0,1,0,"night"
90,683,81,602,"weekend","earlymorning","travelling","cold","grocery",0,1,0,"morning"
90,685,83,602,"weekday","breakfast","unknown","cold","grocery",0,1,0,"morning"
90,686,84,602,"weekday","breakfast","shopping","cold","grocery",1,1,0,"morning"
90,689,87,602,"weekend","dinner","unknown","unknown","restaurant",0,1,0,"night"
90,691,89,602,"weekday","lunch","unknown","freezing","grocery",0,1,0,"midday"
90,694,92,602,"weekend","lunch","travelling","cold","grocery",0,1,0,"midday"
90,695,93,602,"weekday","morning","travelling","cold","restaurant",0,1,0,"morning"
90,697,95,602,"weekday","afternoon","travelling","cold","grocery",0,1,0,"midday"
90,698,96,602,"weekday","afternoon","working","unknown","grocery",1,1,0,"midday"
90,699,97,602,"weekend","dinner","unknown","freezing","grocery",0,1,0,"night"
90,700,98,602,"unknown","afternoon","travelling","freezing","grocery",0,1,0,"midday"
90,701,99,602,"weekday","afternoon","leisure","unknown","restaurant",1,1,0,"midday"
90,703,101,602,"weekday","dinner","travelling","warm","restaurant",0,1,0,"night"
90,704,102,602,"weekday","night","travelling","cold","restaurant",0,1,0,"night"
90,705,103,602,"weekend","afternoon","working","unknown","grocery",0,1,0,"midday"
90,709,107,602,"weekday","breakfast","working","freezing","grocery",1,1,0,"morning"
90,710,108,602,"weekend","lunch","travelling","cold","grocery",0,1,0,"midday"
90,712,110,602,"unknown","afternoon","travelling","cold","restaurant",0,1,0,"midday"
90,713,111,602,"weekend","breakfast","travelling","cold","grocery",0,1,0,"morning"
90,715,113,602,"weekday","dinner","unknown","unknown","restaurant",0,1,1,"night"
90,716,114,602,"weekend","beforelunch","travelling","freezing","grocery",0,1,1,"midday"
90,717,115,602,"weekday","beforelunch","unknown","cold","restaurant",0,1,1,"midday"
90,719,117,602,"weekday","afternoon","travelling","cold","grocery",1,1,1,"midday"
90,720,118,602,"weekday","lunch","travelling","cold","restaurant",0,1,1,"midday"
90,721,119,602,"weekday","afternoon","travelling","cold","restaurant",0,1,1,"midday"
90,722,120,602,"weekday","morning","travelling","cold","grocery",0,1,1,"morning"
90,723,121,602,"weekday","afternoon","working","freezing","restaurant",0,1,1,"midday"
90,726,124,602,"weekend","breakfast","travelling","cold","grocery",1,1,1,"morning"
90,728,126,602,"weekday","afternoon","leisure","warm","grocery",0,1,1,"midday"
90,730,128,602,"weekday","afternoon","shopping","cold","grocery",0,1,1,"midday"
90,732,130,602,"weekday","latenight","leisure","freezing","restaurant",1,1,1,"night"
90,734,132,602,"weekend","lunch","shopping","freezing","restaurant",0,1,1,"midday"
90,735,133,602,"weekday","afternoon","working","warm","restaurant",0,1,1,"midday"
90,737,135,602,"weekday","evening","working","cold","grocery",0,1,1,"night"
90,738,136,602,"weekend","afternoon","travelling","freezing","grocery",1,1,1,"midday"
90,740,138,602,"unknown","lunch","travelling","warm","grocery",0,1,1,"midday"
90,743,141,602,"weekday","beforelunch","morningrituals","freezing","restaurant",0,1,1,"midday"
90,744,142,602,"weekday","afternoon","travelling","cold","restaurant",1,1,1,"midday"
90,745,143,602,"weekday","night","travelling","cold","restaurant",1,1,1,"night"
90,747,145,602,"weekday","breakfast","travelling","warm","grocery",1,1,1,"morning"
90,751,149,602,"weekday","breakfast","travelling","warm","restaurant",1,1,1,"morning"
90,752,150,602,"weekday","breakfast","travelling","cold","grocery",0,1,1,"morning"
90,755,153,602,"weekday","morning","travelling","unknown","restaurant",1,1,1,"morning"
90,756,154,602,"weekend","breakfast","travelling","cold","restaurant",0,1,1,"morning"
90,761,159,602,"weekend","afternoon","travelling","warm","grocery",1,1,1,"midday"
90,762,160,602,"weekend","lunch","travelling","cold","restaurant",0,1,1,"midday"
90,765,163,602,"weekday","lunch","social","unknown","grocery",1,1,1,"midday"
90,766,164,602,"weekday","lunch","morningrituals","warm","grocery",0,1,1,"midday"
90,767,165,602,"weekday","beforelunch","travelling","cold","restaurant",0,1,1,"midday"
90,769,167,602,"weekday","evening","travelling","freezing","grocery",0,1,1,"night"
90,770,168,602,"weekday","breakfast","unknown","warm","grocery",1,1,1,"morning"
90,771,169,602,"weekend","lunch","travelling","cold","grocery",0,1,1,"midday"
90,772,170,602,"unknown","beforelunch","travelling","warm","grocery",0,1,1,"midday"
90,776,174,602,"weekend","beforelunch","travelling","unknown","restaurant",0,1,1,"midday"
90,777,175,602,"weekday","beforelunch","travelling","unknown","restaurant",0,1,1,"midday"
90,778,176,602,"unknown","lunch","leisure","unknown","restaurant",0,1,1,"midday"
90,779,177,602,"weekday","afternoon","unknown","cold","restaurant",0,1,1,"midday"
90,780,178,602,"weekday","lunch","travelling","freezing","restaurant",1,1,1,"midday"
90,782,180,602,"weekday","lunch","travelling","freezing","grocery",0,1,1,"midday"
90,783,181,602,"weekend","dinner","travelling","unknown","restaurant",0,1,1,"night"
91,611,1,610,"weekday","morning","leisure","cold","grocery",1,0,0,"morning"
91,614,4,610,"weekday","dinner","morningrituals","cold","restaurant",0,0,0,"night"
91,621,11,610,"weekday","breakfast","leisure","unknown","grocery",0,0,0,"morning"
91,624,14,610,"weekday","beforelunch","travelling","unknown","restaurant",1,0,0,"midday"
91,628,18,610,"weekday","unknown","unknown","cold","restaurant",0,0,0,"unknown"
91,630,20,610,"weekend","beforelunch","unknown","cold","grocery",0,0,0,"midday"
91,631,21,610,"weekday","lunch","travelling","freezing","restaurant",0,0,0,"midday"
91,635,25,610,"weekday","afternoon","travelling","freezing","restaurant",1,0,0,"midday"
91,638,28,610,"weekend","beforelunch","working","freezing","restaurant",0,0,0,"midday"
91,640,30,610,"weekday","breakfast","travelling","warm","restaurant",0,0,0,"morning"
91,642,32,610,"weekday","beforelunch","travelling","unknown","grocery",0,0,0,"midday"
91,643,33,610,"weekday","morning","shopping","unknown","restaurant",0,0,0,"morning"
91,644,34,610,"weekday","afternoon","travelling","cold","grocery",0,0,0,"midday"
91,646,36,610,"weekday","evening","travelling","freezing","grocery",0,0,0,"night"
91,647,37,610,"weekend","breakfast","travelling","hot","restaurant",1,0,0,"morning"
91,648,38,610,"weekday","beforelunch","unknown","unknown","restaurant",0,0,0,"midday"
91,650,40,610,"weekday","afternoon","travelling","cold","grocery",1,0,0,"midday"
91,651,41,610,"weekday","unknown","travelling","freezing","restaurant",1,0,0,"unknown"
91,653,43,610,"weekday","breakfast","working","cold","restaurant",0,0,0,"morning"
91,654,44,610,"weekend","breakfast","leisure","cold","grocery",1,0,0,"morning"
91,655,45,610,"weekday","breakfast","travelling","freezing","grocery",1,0,0,"morning"
91,658,48,610,"weekend","earlymorning","travelling","freezing","restaurant",0,0,0,"morning"
91,659,49,610,"weekday","breakfast","leisure","freezing","restaurant",1,0,0,"morning"
91,660,50,610,"weekday","beforelunch","travelling","warm","restaurant",0,0,0,"midday"
91,663,53,610,"weekday","lunch","unknown","cold","restaurant",1,0,0,"midday"
91,667,57,610,"weekend","breakfast","travelling","freezing","grocery",1,1,0,"morning"
91,668,58,610,"weekday","earlymorning","travelling","freezing","grocery",0,1,0,"morning"
91,671,61,610,"weekday","lunch","working","cold","grocery",0,1,0,"midday"
91,673,63,610,"weekday","afternoon","travelling","cold","grocery",0,1,0,"midday"
91,674,64,610,"weekday","afternoon","travelling","unknown","restaurant",0,1,0,"midday"
91,675,65,610,"weekday","afternoon","travelling","freezing","restaurant",0,1,0,"midday"
91,683,73,610,"weekday","lunch","shopping","unknown","grocery",0,1,0,"midday"
91,687,77,610,"weekday","beforelunch","working","warm","grocery",0,1,0,"midday"
91,688,78,610,"weekday","lunch","unknown","unknown","grocery",1,1,0,"midday"
91,690,80,610,"weekday","dinner","unknown","unknown","restaurant",0,1,0,"night"
91,695,85,610,"weekday","dinner","travelling","hot","grocery",1,1,0,"night"
91,696,86,610,"weekday","afternoon","travelling","freezing","restaurant",0,1,0,"midday"
91,697,87,610,"weekday","beforelunch","travelling","cold","restaurant",0,1,0,"midday"
91,702,92,610,"weekday","afternoon","travelling","warm","grocery",0,1,0,"midday"
91,710,100,610,"weekday","morning","working","freezing","grocery",0,1,0,"morning"
91,712,102,610,"weekend","beforelunch","travelling","freezing","restaurant",0,1,0,"midday"
91,713,103,610,"weekday","evening","travelling","freezing","restaurant",0,1,0,"night"
91,716,106,610,"weekday","beforelunch","shopping","unknown","restaurant",0,1,0,"midday"
91,717,107,610,"weekday","beforelunch","shopping","unknown","grocery",0,1,0,"midday"
91,720,110,610,"weekday","beforelunch","travelling","warm","grocery",0,1,0,"midday"
91,723,113,610,"weekend","beforelunch","working","unknown","grocery",0,1,1,"midday"
91,727,117,610,"weekday","afternoon","travelling","freezing","grocery",1,1,1,"midday"
91,732,122,610,"weekday","lunch","travelling","cold","grocery",1,1,1,"midday"
91,738,128,610,"weekday","morning","working","unknown","grocery",0,1,1,"morning"
91,740,130,610,"weekday","afternoon","travelling","cold","grocery",1,1,1,"midday"
91,744,134,610,"weekday","lunch","travelling","unknown","grocery",0,1,1,"midday"
91,747,137,610,"weekday","breakfast","unknown","cold","restaurant",1,1,1,"morning"
91,748,138,610,"weekday","lunch","unknown","hot","grocery",1,1,1,"midday"
91,753,143,610,"weekday","afternoon","unknown","cold","grocery",0,1,1,"midday"
91,755,145,610,"weekday","breakfast","unknown","cold","grocery",0,1,1,"morning"
91,764,154,610,"weekday","lunch","travelling","warm","restaurant",1,1,1,"midday"
91,766,156,610,"weekend","breakfast","working","hot","grocery",0,1,1,"morning"
91,770,160,610,"weekday","lunch","travelling","warm","grocery",0,1,1,"midday"
91,772,162,610,"weekday","beforelunch","travelling","warm","grocery",0,1,1,"midday"
91,773,163,610,"weekday","beforelunch","travelling","warm","restaurant",0,1,1,"midday"
91,774,164,610,"weekend","earlymorning","travelling","unknown","grocery",1,1,1,"morning"
91,778,168,610,"weekday","morning","leisure","cold","restaurant",0,1,1,"morning"
91,780,170,610,"weekday","beforelunch","leisure","warm","grocery",1,1,1,"midday"
91,782,172,610,"weekend","dinner","unknown","freezing","restaurant",0,1,1,"night"
91,784,174,610,"weekend","afternoon","travelling","hot","restaurant",0,1,1,"midday"
91,786,176,610,"weekend","earlymorning","travelling","unknown","grocery",0,1,1,"morning"
91,791,181,610,"weekend","unknown","working","cold","restaurant",0,1,1,"unknown"
91,793,183,610,"weekend","beforelunch","leisure","cold","restaurant",0,1,1,"midday"
92,639,17,622,"weekday","breakfast","travelling","unknown","restaurant",1,0,0,"morning"
92,640,18,622,"weekday","lunch","travelling","unknown","restaurant",0,0,0,"midday"
92,643,21,622,"weekday","breakfast","leisure","warm","grocery",1,0,0,"morning"
92,648,26,622,"weekday","afternoon","travelling","hot","grocery",0,0,0,"midday"
92,654,32,622,"weekday","earlymorning","travelling","freezing","grocery",0,0,0,"morning"
92,663,41,622,"weekday","afternoon","travelling","warm","grocery",1,0,0,"midday"
92,665,43,622,"weekday","beforelunch","unknown","hot","grocery",0,0,0,"midday"
92,669,47,622,"weekday","lunch","morningrituals","hot","grocery",1,0,0,"midday"
92,670,48,622,"weekday","beforelunch","travelling","unknown","grocery",0,0,0,"midday"
92,675,53,622,"weekday","afternoon","unknown","unknown","grocery",0,0,0,"midday"
92,677,55,622,"weekday","lunch","shopping","freezing","restaurant",0,0,0,"midday"
92,678,56,622,"weekend","beforelunch","unknown","warm","grocery",1,0,0,"midday"
92,685,63,622,"weekday","breakfast","working","cold","grocery",0,1,0,"morning"
92,703,81,622,"weekday","beforelunch","morningrituals","cold","restaurant",1,1,0,"midday"
92,713,91,622,"weekend","afternoon","travelling","warm","grocery",1,1,0,"midday"
92,716,94,622,"weekday","afternoon","leisure","freezing","grocery",0,1,0,"midday"
92,728,106,622,"weekday","afternoon","travelling","freezing","restaurant",1,1,0,"midday"
92,729,107,622,"weekday","beforelunch","leisure","warm","restaurant",0,1,0,"midday"
92,731,109,622,"weekday","breakfast","shopping","cold","grocery",1,1,0,"morning"
92,740,118,622,"weekday","night","leisure","freezing","grocery",0,1,1,"night"
92,741,119,622,"weekday","dinner","leisure","freezing","grocery",1,1,1,"night"
92,752,130,622,"weekday","afternoon","unknown","freezing","grocery",1,1,1,"midday"
92,763,141,622,"weekend","afternoon","housework","hot","grocery",0,1,1,"midday"
92,767,145,622,"weekend","breakfast","working","unknown","restaurant",0,1,1,"morning"
92,769,147,622,"weekday","breakfast","travelling","cold","grocery",0,1,1,"morning"
92,777,155,622,"weekday","beforelunch","leisure","cold","grocery",0,1,1,"midday"
92,780,158,622,"weekday","latenight","travelling","freezing","grocery",0,1,1,"night"
92,784,162,622,"weekday","morning","travelling","cold","grocery",1,1,1,"morning"
92,785,163,622,"weekday","afternoon","shopping","unknown","restaurant",0,1,1,"midday"
92,790,168,622,"weekday","lunch","travelling","cold","grocery",1,1,1,"midday"
92,798,176,622,"unknown","beforelunch","leisure","freezing","grocery",0,1,1,"midday"
92,804,182,622,"weekday","lunch","morningrituals","freezing","grocery",0,1,1,"midday"
93,625,2,623,"weekend","afternoon","travelling","hot","restaurant",1,0,0,"midday"
93,628,5,623,"weekday","morning","travelling","cold","grocery",0,0,0,"morning"
93,631,8,623,"weekday","beforelunch","leisure","hot","grocery",0,0,0,"midday"
93,639,16,623,"weekday","beforelunch","travelling","cold","grocery",0,0,0,"midday"
93,647,24,623,"weekend","breakfast","travelling","unknown","grocery",1,0,0,"morning"
93,655,32,623,"weekday","lunch","travelling","cold","grocery",0,0,0,"midday"
93,668,45,623,"weekend","morning","unknown","cold","restaurant",0,0,0,"morning"
93,694,71,623,"weekday","afternoon","leisure","warm","grocery",1,1,0,"midday"
93,699,76,623,"weekday","afternoon","working","warm","restaurant",0,1,0,"midday"
93,700,77,623,"weekday","lunch","travelling","freezing","restaurant",0,1,0,"midday"
93,710,87,623,"weekday","afternoon","travelling","cold","grocery",0,1,0,"midday"
93,723,100,623,"weekday","beforelunch","shopping","warm","grocery",0,1,0,"midday"
93,731,108,623,"weekday","afternoon","travelling","warm","restaurant",0,1,0,"midday"
93,734,111,623,"weekend","breakfast","travelling","unknown","grocery",0,1,0,"morning"
93,740,117,623,"weekend","breakfast","unknown","freezing","grocery",0,1,1,"morning"
93,753,130,623,"weekday","afternoon","leisure","unknown","grocery",0,1,1,"midday"
93,775,152,623,"weekend","afternoon","unknown","cold","grocery",1,1,1,"midday"
93,778,155,623,"weekday","afternoon","travelling","cold","restaurant",0,1,1,"midday"
93,782,159,623,"weekday","breakfast","leisure","cold","grocery",1,1,1,"morning"
93,785,162,623,"weekday","beforelunch","travelling","warm","grocery",1,1,1,"midday"
93,788,165,623,"weekend","afternoon","travelling","freezing","grocery",0,1,1,"midday"
93,790,167,623,"weekend","morning","morningrituals","freezing","restaurant",1,1,1,"morning"
93,796,173,623,"weekday","afternoon","travelling","cold","grocery",0,1,1,"midday"
93,798,175,623,"weekday","lunch","travelling","freezing","restaurant",1,1,1,"midday"
93,802,179,623,"weekday","lunch","travelling","cold","grocery",0,1,1,"midday"
93,803,180,623,"weekday","beforelunch","travelling","hot","restaurant",0,1,1,"midday"
94,627,0,627,"weekday","beforelunch","unknown","freezing","restaurant",0,0,0,"midday"
94,629,2,627,"weekday","breakfast","leisure","warm","grocery",0,0,0,"morning"
94,630,3,627,"weekday","afternoon","travelling","unknown","grocery",1,0,0,"midday"
94,631,4,627,"weekday","lunch","travelling","warm","restaurant",0,0,0,"midday"
94,632,5,627,"weekday","morning","travelling","unknown","restaurant",1,0,0,"morning"
94,633,6,627,"weekend","afternoon","unknown","unknown","restaurant",0,0,0,"midday"
94,635,8,627,"weekday","night","travelling","warm","grocery",0,0,0,"night"
94,636,9,627,"weekday","lunch","travelling","unknown","restaurant",0,0,0,"midday"
94,637,10,627,"weekday","earlymorning","unknown","hot","restaurant",1,0,0,"morning"
94,642,15,627,"weekday","dinner","travelling","warm","grocery",1,0,0,"night"
94,645,18,627,"weekday","afternoon","unknown","cold","grocery",1,0,0,"midday"
94,652,25,627,"weekday","morning","travelling","cold","grocery",1,0,0,"morning"
94,657,30,627,"weekday","afternoon","working","hot","restaurant",0,0,0,"midday"
94,658,31,627,"weekday","beforelunch","travelling","hot","grocery",0,0,0,"midday"
94,659,32,627,"weekday","afternoon","leisure","cold","grocery",1,0,0,"midday"
94,661,34,627,"weekday","lunch","unknown","freezing","grocery",0,0,0,"midday"
94,662,35,627,"weekday","afternoon","travelling","freezing","restaurant",0,0,0,"midday"
94,664,37,627,"weekend","lunch","unknown","freezing","restaurant",0,0,0,"midday"
94,666,39,627,"weekend","afternoon","shopping","freezing","restaurant",0,0,0,"midday"
94,667,40,627,"weekday","beforelunch","travelling","cold","restaurant",0,0,0,"midday"
94,668,41,627,"weekday","breakfast","unknown","cold","grocery",1,0,0,"morning"
94,670,43,627,"weekend","afternoon","working","hot","grocery",0,0,0,"midday"
94,671,44,627,"weekday","night","travelling","freezing","grocery",0,0,0,"night"
94,672,45,627,"weekday","dinner","travelling","cold","grocery",0,0,0,"night"
94,674,47,627,"weekend","breakfast","travelling","warm","restaurant",0,0,0,"morning"
94,676,49,627,"weekend","lunch","travelling","warm","restaurant",0,0,0,"midday"
94,677,50,627,"weekday","afternoon","leisure","cold","restaurant",0,0,0,"midday"
94,678,51,627,"weekday","breakfast","travelling","cold","restaurant",0,0,0,"morning"
94,679,52,627,"weekday","beforelunch","unknown","cold","grocery",0,0,0,"midday"
94,681,54,627,"weekend","beforelunch","shopping","freezing","restaurant",0,0,0,"midday"
94,682,55,627,"weekday","afternoon","travelling","cold","restaurant",0,0,0,"midday"
94,684,57,627,"weekday","lunch","travelling","freezing","grocery",0,1,0,"midday"
94,685,58,627,"weekend","dinner","unknown","hot","restaurant",1,1,0,"night"
94,688,61,627,"weekday","lunch","shopping","cold","grocery",0,1,0,"midday"
94,690,63,627,"weekday","afternoon","shopping","freezing","grocery",0,1,0,"midday"
94,691,64,627,"weekday","beforelunch","travelling","freezing","grocery",0,1,0,"midday"
94,692,65,627,"weekday","lunch","travelling","freezing","grocery",1,1,0,"midday"
94,694,67,627,"weekday","lunch","travelling","cold","restaurant",0,1,0,"midday"
94,696,69,627,"weekday","beforelunch","unknown","warm","grocery",1,1,0,"midday"
94,697,70,627,"weekday","lunch","travelling","warm","restaurant",0,1,0,"midday"
94,698,71,627,"weekday","beforelunch","unknown","cold","grocery",0,1,0,"midday"
94,700,73,627,"weekday","afternoon","travelling","cold","restaurant",1,1,0,"midday"
94,703,76,627,"weekday","beforelunch","working","warm","restaurant",0,1,0,"midday"
94,704,77,627,"weekday","morning","working","freezing","restaurant",1,1,0,"morning"
94,705,78,627,"weekday","lunch","travelling","warm","restaurant",0,1,0,"midday"
94,706,79,627,"weekend","afternoon","travelling","cold","grocery",0,1,0,"midday"
94,711,84,627,"weekday","earlymorning","unknown","warm","grocery",1,1,0,"morning"
94,712,85,627,"weekday","lunch","travelling","freezing","grocery",0,1,0,"midday"
94,713,86,627,"weekend","afternoon","leisure","freezing","restaurant",1,1,0,"midday"
94,714,87,627,"weekday","afternoon","travelling","unknown","restaurant",0,1,0,"midday"
94,715,88,627,"weekday","afternoon","travelling","unknown","restaurant",0,1,0,"midday"
94,718,91,627,"weekday","dinner","travelling","warm","restaurant",0,1,0,"night"
94,719,92,627,"weekday","afternoon","travelling","freezing","grocery",0,1,0,"midday"
94,723,96,627,"weekend","lunch","morningrituals","unknown","restaurant",0,1,0,"midday"
94,724,97,627,"weekday","dinner","travelling","freezing","grocery",0,1,0,"night"
94,725,98,627,"weekday","afternoon","travelling","cold","restaurant",1,1,0,"midday"
94,727,100,627,"weekend","breakfast","unknown","unknown","restaurant",0,1,0,"morning"
94,729,102,627,"weekend","breakfast","leisure","cold","restaurant",0,1,0,"morning"
94,731,104,627,"weekday","lunch","working","unknown","grocery",0,1,0,"midday"
94,732,105,627,"unknown","afternoon","unknown","cold","restaurant",1,1,0,"midday"
94,735,108,627,"weekday","beforelunch","travelling","unknown","restaurant",1,1,0,"midday"
94,736,109,627,"weekday","lunch","travelling","unknown","grocery",0,1,0,"midday"
94,737,110,627,"weekend","breakfast","travelling","freezing","grocery",0,1,0,"morning"
94,738,111,627,"weekday","breakfast","working","cold","grocery",0,1,0,"morning"
94,740,113,627,"weekend","beforelunch","shopping","unknown","grocery",0,1,1,"midday"
94,741,114,627,"weekday","afternoon","travelling","freezing","restaurant",1,1,1,"midday"
94,742,115,627,"weekday","morning","travelling","unknown","grocery",0,1,1,"morning"
94,744,117,627,"weekday","afternoon","travelling","cold","restaurant",0,1,1,"midday"
94,745,118,627,"weekend","afternoon","shopping","cold","grocery",1,1,1,"midday"
94,747,120,627,"weekday","breakfast","travelling","unknown","restaurant",1,1,1,"morning"
94,748,121,627,"weekday","afternoon","shopping","cold","grocery",0,1,1,"midday"
94,750,123,627,"weekday","afternoon","leisure","cold","restaurant",0,1,1,"midday"
94,751,124,627,"weekday","lunch","working","freezing","restaurant",0,1,1,"midday"
94,752,125,627,"weekday","lunch","unknown","warm","grocery",0,1,1,"midday"
94,755,128,627,"weekday","lunch","unknown","unknown","grocery",0,1,1,"midday"
94,757,130,627,"weekend","morning","unknown","freezing","restaurant",1,1,1,"morning"
94,758,131,627,"weekday","afternoon","shopping","warm","restaurant",0,1,1,"midday"
94,759,132,627,"weekday","afternoon","unknown","cold","restaurant",0,1,1,"midday"
94,762,135,627,"weekday","lunch","shopping","unknown","grocery",0,1,1,"midday"
94,763,136,627,"weekday","lunch","unknown","cold","grocery",0,1,1,"midday"
94,764,137,627,"weekend","earlymorning","travelling","cold","restaurant",0,1,1,"morning"
94,766,139,627,"weekday","beforelunch","shopping","cold","grocery",1,1,1,"midday"
94,768,141,627,"weekday","afternoon","travelling","warm","restaurant",0,1,1,"midday"
94,769,142,627,"weekday","earlymorning","unknown","unknown","restaurant",1,1,1,"morning"
94,771,144,627,"weekday","afternoon","travelling","cold","grocery",0,1,1,"midday"
94,772,145,627,"weekday","beforelunch","travelling","cold","restaurant",0,1,1,"midday"
94,774,147,627,"weekday","afternoon","unknown","cold","grocery",0,1,1,"midday"
94,776,149,627,"weekday","lunch","travelling","freezing","grocery",0,1,1,"midday"
94,778,151,627,"weekend","dinner","travelling","freezing","restaurant",0,1,1,"night"
94,780,153,627,"weekday","morning","unknown","freezing","grocery",1,1,1,"morning"
94,781,154,627,"weekday","beforelunch","travelling","unknown","restaurant",1,1,1,"midday"
94,782,155,627,"weekday","afternoon","travelling","unknown","restaurant",0,1,1,"midday"
94,784,157,627,"weekday","beforelunch","unknown","unknown","restaurant",0,1,1,"midday"
94,785,158,627,"weekday","beforelunch","travelling","warm","grocery",0,1,1,"midday"
94,787,160,627,"weekday","afternoon","unknown","hot","grocery",0,1,1,"midday"
94,788,161,627,"weekday","afternoon","travelling","cold","restaurant",0,1,1,"midday"
94,789,162,627,"weekday","night","unknown","warm","grocery",0,1,1,"night"
94,790,163,627,"weekend","dinner","leisure","cold","restaurant",0,1,1,"night"
94,791,164,627,"weekend","afternoon","unknown","cold","grocery",1,1,1,"midday"
94,792,165,627,"weekend","lunch","travelling","freezing","grocery",0,1,1,"midday"
94,795,168,627,"weekday","morning","travelling","warm","restaurant",0,1,1,"morning"
94,796,169,627,"weekend","afternoon","travelling","freezing","restaurant",1,1,1,"midday"
94,801,174,627,"weekend","afternoon","leisure","cold","restaurant",1,1,1,"midday"
94,802,175,627,"weekend","beforelunch","travelling","hot","restaurant",0,1,1,"midday"
94,804,177,627,"weekday","beforelunch","travelling","cold","grocery",0,1,1,"midday"
94,806,179,627,"weekday","lunch","travelling","cold","grocery",0,1,1,"midday"
94,807,180,627,"weekend","afternoon","working","unknown","grocery",0,1,1,"midday"
94,809,182,627,"weekend","night","travelling","freezing","restaurant",0,1,1,"night"
94,810,183,627,"weekend","lunch","leisure","cold","grocery",1,1,1,"midday"
95,639,5,634,"weekday","earlymorning","travelling","unknown","grocery",0,0,0,"morning"
95,640,6,634,"weekend","lunch","travelling","unknown","grocery",0,0,0,"midday"
95,650,16,634,"weekday","breakfast","shopping","warm","restaurant",0,0,0,"morning"
95,657,23,634,"weekday","afternoon","unknown","cold","restaurant",0,0,0,"midday"
95,660,26,634,"weekday","lunch","travelling","unknown","grocery",0,0,0,"midday"
95,675,41,634,"weekday","morning","travelling","cold","restaurant",0,0,0,"morning"
95,677,43,634,"weekday","beforelunch","travelling","hot","restaurant",0,0,0,"midday"
95,679,45,634,"weekday","lunch","leisure","warm","restaurant",1,0,0,"midday"
95,681,47,634,"weekday","lunch","travelling","unknown","grocery",0,0,0,"midday"
95,682,48,634,"weekday","afternoon","working","cold","restaurant",0,0,0,"midday"
95,683,49,634,"weekday","lunch","travelling","freezing","restaurant",1,0,0,"midday"
95,696,62,634,"weekday","lunch","leisure","freezing","grocery",0,1,0,"midday"
95,717,83,634,"weekend","afternoon","travelling","unknown","grocery",1,1,0,"midday"
95,718,84,634,"weekend","dinner","unknown","unknown","grocery",0,1,0,"night"
95,721,87,634,"weekday","morning","travelling","unknown","grocery",1,1,0,"morning"
95,723,89,634,"weekend","morning","unknown","freezing","grocery",0,1,0,"morning"
95,741,107,634,"weekday","unknown","travelling","unknown","grocery",0,1,0,"unknown"
95,743,109,634,"weekend","afternoon","unknown","warm","grocery",0,1,0,"midday"
95,775,141,634,"weekday","night","travelling","warm","grocery",0,1,1,"night"
95,792,158,634,"unknown","afternoon","travelling","hot","grocery",0,1,1,"midday"
95,797,163,634,"weekday","lunch","leisure","freezing","grocery",0,1,1,"midday"
95,799,165,634,"weekend","evening","travelling","warm","grocery",0,1,1,"night"
95,809,175,634,"weekend","afternoon","travelling","hot","grocery",0,1,1,"midday"
95,812,178,634,"weekday","morning","travelling","warm","grocery",1,1,1,"morning"
96,646,0,646,"weekday","beforelunch","travelling","warm","restaurant",0,0,0,"midday"
96,649,3,646,"weekend","afternoon","travelling","cold","grocery",0,0,0,"midday"
96,651,5,646,"weekday","lunch","workingout","cold","restaurant",1,0,0,"midday"
96,652,6,646,"weekday","lunch","working","freezing","grocery",0,0,0,"midday"
96,654,8,646,"weekday","lunch","travelling","unknown","grocery",1,0,0,"midday"
96,655,9,646,"weekday","lunch","travelling","unknown","grocery",0,0,0,"midday"
96,668,22,646,"weekday","lunch","travelling","unknown","restaurant",0,0,0,"midday"
96,673,27,646,"weekday","unknown","travelling","freezing","grocery",1,0,0,"unknown"
96,674,28,646,"weekday","morning","travelling","unknown","grocery",0,0,0,"morning"
96,679,33,646,"weekday","evening","travelling","freezing","grocery",1,0,0,"night"
96,685,39,646,"weekday","breakfast","travelling","cold","grocery",0,0,0,"morning"
96,691,45,646,"weekday","afternoon","unknown","freezing","restaurant",0,0,0,"midday"
96,696,50,646,"weekend","lunch","shopping","hot","restaurant",0,0,0,"midday"
96,697,51,646,"weekday","afternoon","working","freezing","restaurant",0,0,0,"midday"
96,699,53,646,"weekend","morning","travelling","hot","grocery",0,0,0,"morning"
96,701,55,646,"weekday","beforelunch","travelling","freezing","grocery",0,0,0,"midday"
96,703,57,646,"weekday","morning","travelling","warm","grocery",0,1,0,"morning"
96,706,60,646,"unknown","beforelunch","workingout","hot","restaurant",0,1,0,"midday"
96,708,62,646,"weekday","afternoon","leisure","warm","restaurant",0,1,0,"midday"
96,709,63,646,"weekend","afternoon","travelling","unknown","grocery",0,1,0,"midday"
96,712,66,646,"weekend","beforelunch","unknown","unknown","grocery",0,1,0,"midday"
96,723,77,646,"weekday","breakfast","travelling","freezing","grocery",0,1,0,"morning"
96,724,78,646,"weekend","afternoon","travelling","hot","grocery",0,1,0,"midday"
96,729,83,646,"weekday","lunch","travelling","freezing","grocery",0,1,0,"midday"
96,732,86,646,"weekday","evening","leisure","unknown","restaurant",0,1,0,"night"
96,736,90,646,"weekday","beforelunch","working","unknown","restaurant",0,1,0,"midday"
96,738,92,646,"weekend","afternoon","travelling","hot","restaurant",1,1,0,"midday"
96,751,105,646,"weekday","lunch","travelling","cold","grocery",0,1,0,"midday"
96,754,108,646,"weekday","afternoon","travelling","unknown","grocery",0,1,0,"midday"
96,759,113,646,"weekday","beforelunch","travelling","cold","restaurant",0,1,1,"midday"
96,763,117,646,"weekend","lunch","travelling","warm","restaurant",0,1,1,"midday"
96,767,121,646,"weekday","unknown","travelling","hot","restaurant",0,1,1,"unknown"
96,770,124,646,"weekend","beforelunch","travelling","warm","restaurant",0,1,1,"midday"
96,777,131,646,"weekday","afternoon","unknown","warm","restaurant",0,1,1,"midday"
96,779,133,646,"weekend","breakfast","unknown","hot","restaurant",1,1,1,"morning"
96,781,135,646,"weekend","afternoon","shopping","warm","grocery",0,1,1,"midday"
96,785,139,646,"weekday","afternoon","morningrituals","cold","restaurant",0,1,1,"midday"
96,790,144,646,"weekday","beforelunch","travelling","cold","grocery",1,1,1,"midday"
96,794,148,646,"weekday","beforelunch","working","cold","restaurant",0,1,1,"midday"
96,800,154,646,"weekday","breakfast","leisure","freezing","restaurant",0,1,1,"morning"
96,812,166,646,"weekday","beforelunch","travelling","unknown","grocery",0,1,1,"midday"
96,814,168,646,"weekday","afternoon","travelling","cold","restaurant",0,1,1,"midday"
96,821,175,646,"weekday","beforelunch","working","unknown","grocery",1,1,1,"midday"
96,822,176,646,"weekday","morning","shopping","warm","grocery",0,1,1,"morning"
96,824,178,646,"weekday","breakfast","working","warm","grocery",0,1,1,"morning"
97,652,3,649,"weekday","lunch","travelling","freezing","grocery",0,0,0,"midday"
97,656,7,649,"weekend","morning","shopping","cold","grocery",0,0,0,"morning"
97,657,8,649,"weekend","lunch","travelling","cold","restaurant",1,0,0,"midday"
97,661,12,649,"weekday","afternoon","travelling","hot","grocery",0,0,0,"midday"
97,671,22,649,"weekday","lunch","travelling","unknown","restaurant",0,0,0,"midday"
97,673,24,649,"weekend","beforelunch","morningrituals","unknown","grocery",1,0,0,"midday"
97,676,27,649,"weekday","beforelunch","travelling","cold","grocery",0,0,0,"midday"
97,679,30,649,"weekday","afternoon","travelling","cold","grocery",0,0,0,"midday"
97,686,37,649,"weekday","lunch","travelling","warm","restaurant",1,0,0,"midday"
97,689,40,649,"weekday","beforelunch","unknown","cold","grocery",1,0,0,"midday"
97,696,47,649,"weekday","afternoon","shopping","freezing","restaurant",0,0,0,"midday"
97,701,52,649,"weekday","breakfast","travelling","unknown","grocery",0,0,0,"morning"
97,702,53,649,"weekday","lunch","travelling","cold","restaurant",0,0,0,"midday"
97,712,63,649,"weekday","lunch","travelling","unknown","grocery",0,1,0,"midday"
97,714,65,649,"weekday","morning","working","cold","restaurant",1,1,0,"morning"
97,715,66,649,"weekday","afternoon","leisure","unknown","grocery",1,1,0,"midday"
97,718,69,649,"weekday","afternoon","shopping","cold","grocery",0,1,0,"midday"
97,723,74,649,"weekday","afternoon","unknown","hot","grocery",0,1,0,"midday"
97,725,76,649,"weekday","afternoon","unknown","freezing","restaurant",1,1,0,"midday"
97,748,99,649,"weekday","evening","travelling","freezing","grocery",1,1,0,"night"
97,771,122,649,"weekend","afternoon","travelling","hot","grocery",1,1,1,"midday"
97,779,130,649,"unknown","lunch","travelling","cold","restaurant",0,1,1,"midday"
97,785,136,649,"weekday","afternoon","travelling","hot","restaurant",0,1,1,"midday"
97,797,148,649,"weekday","unknown","travelling","freezing","restaurant",1,1,1,"unknown"
97,808,159,649,"weekday","evening","unknown","cold","restaurant",0,1,1,"night"
97,809,160,649,"weekday","lunch","travelling","cold","grocery",0,1,1,"midday"
97,813,164,649,"weekend","beforelunch","leisure","freezing","grocery",0,1,1,"midday"
97,814,165,649,"weekday","earlymorning","travelling","unknown","restaurant",1,1,1,"morning"
97,819,170,649,"weekday","morning","unknown","unknown","restaurant",0,1,1,"morning"
97,822,173,649,"weekend","afternoon","working","freezing","grocery",0,1,1,"midday"
97,826,177,649,"weekday","afternoon","working","warm","restaurant",0,1,1,"midday"
97,827,178,649,"weekend","lunch","shopping","cold","grocery",1,1,1,"midday"
98,659,1,658,"weekday","breakfast","travelling","cold","restaurant",0,0,0,"morning"
98,660,2,658,"weekend","lunch","leisure","warm","restaurant",0,0,0,"midday"
98,662,4,658,"weekend","beforelunch","shopping","unknown","grocery",0,0,0,"midday"
98,663,5,658,"weekday","beforelunch","travelling","cold","grocery",0,0,0,"midday"
98,665,7,658,"weekday","beforelunch","working","unknown","grocery",0,0,0,"midday"
98,671,13,658,"weekend","breakfast","unknown","cold","restaurant",1,0,0,"morning"
98,673,15,658,"weekday","breakfast","travelling","freezing","restaurant",1,0,0,"morning"
98,674,16,658,"weekday","lunch","travelling","freezing","grocery",0,0,0,"midday"
98,675,17,658,"weekday","afternoon","travelling","unknown","restaurant",0,0,0,"midday"
98,676,18,658,"weekend","afternoon","travelling","warm","restaurant",0,0,0,"midday"
98,679,21,658,"weekday","beforelunch","travelling","unknown","restaurant",0,0,0,"midday"
98,680,22,658,"weekday","afternoon","unknown","warm","restaurant",0,0,0,"midday"
98,684,26,658,"weekend","beforelunch","travelling","warm","grocery",1,0,0,"midday"
98,686,28,658,"weekday","lunch","travelling","freezing","restaurant",1,0,0,"midday"
98,687,29,658,"weekday","afternoon","unknown","cold","grocery",1,0,0,"midday"
98,688,30,658,"weekend","lunch","travelling","cold","grocery",1,0,0,"midday"
98,689,31,658,"weekend","afternoon","travelling","freezing","grocery",0,0,0,"midday"
98,690,32,658,"weekend","beforelunch","travelling","unknown","grocery",1,0,0,"midday"
98,692,34,658,"weekday","breakfast","travelling","unknown","restaurant",0,0,0,"morning"
98,696,38,658,"weekend","afternoon","travelling","cold","restaurant",0,0,0,"midday"
98,700,42,658,"weekday","morning","travelling","unknown","grocery",0,0,0,"morning"
98,701,43,658,"weekend","lunch","travelling","freezing","grocery",1,0,0,"midday"
98,702,44,658,"weekend","afternoon","travelling","warm","restaurant",1,0,0,"midday"
98,703,45,658,"weekend","lunch","shopping","hot","grocery",0,0,0,"midday"
98,706,48,658,"weekday","breakfast","unknown","cold","restaurant",0,0,0,"morning"
98,707,49,658,"weekday","beforelunch","unknown","freezing","restaurant",0,0,0,"midday"
98,708,50,658,"weekday","afternoon","morningrituals","cold","grocery",1,0,0,"midday"
98,711,53,658,"weekday","afternoon","travelling","freezing","restaurant",0,0,0,"midday"
98,712,54,658,"weekday","lunch","travelling","unknown","restaurant",0,0,0,"midday"
98,713,55,658,"weekday","lunch","travelling","freezing","restaurant",0,0,0,"midday"
98,714,56,658,"weekend","beforelunch","unknown","freezing","grocery",0,0,0,"midday"
98,715,57,658,"weekday","afternoon","travelling","warm","grocery",0,1,0,"midday"
98,717,59,658,"weekday","afternoon","shopping","freezing","grocery",0,1,0,"midday"
98,720,62,658,"weekend","lunch","travelling","cold","grocery",0,1,0,"midday"
98,723,65,658,"weekend","breakfast","working","cold","restaurant",0,1,0,"morning"
98,724,66,658,"weekday","lunch","travelling","unknown","grocery",1,1,0,"midday"
98,725,67,658,"weekend","morning","leisure","freezing","grocery",0,1,0,"morning"
98,726,68,658,"weekday","earlymorning","unknown","freezing","grocery",1,1,0,"morning"
98,727,69,658,"weekday","breakfast","leisure","unknown","grocery",0,1,0,"morning"
98,729,71,658,"weekday","afternoon","leisure","hot","restaurant",0,1,0,"midday"
98,730,72,658,"weekday","afternoon","travelling","warm","grocery",1,1,0,"midday"
98,731,73,658,"weekend","lunch","travelling","warm","grocery",0,1,0,"midday"
98,733,75,658,"weekday","lunch","unknown","cold","grocery",0,1,0,"midday"
98,734,76,658,"weekday","afternoon","travelling","freezing","grocery",0,1,0,"midday"
98,736,78,658,"unknown","morning","travelling","unknown","restaurant",1,1,0,"morning"
98,737,79,658,"weekend","beforelunch","travelling","unknown","grocery",1,1,0,"midday"
98,743,85,658,"unknown","lunch","travelling","cold","grocery",1,1,0,"midday"
98,744,86,658,"weekend","afternoon","travelling","cold","grocery",0,1,0,"midday"
98,745,87,658,"weekday","night","travelling","unknown","restaurant",0,1,0,"night"
98,746,88,658,"weekday","morning","travelling","warm","grocery",0,1,0,"morning"
98,747,89,658,"weekday","afternoon","unknown","warm","restaurant",0,1,0,"midday"
98,748,90,658,"weekday","beforelunch","unknown","unknown","restaurant",0,1,0,"midday"
98,749,91,658,"weekday","lunch","unknown","warm","restaurant",0,1,0,"midday"
98,753,95,658,"weekday","dinner","unknown","cold","grocery",0,1,0,"night"
98,755,97,658,"weekend","afternoon","unknown","cold","grocery",0,1,0,"midday"
98,756,98,658,"weekday","lunch","travelling","warm","grocery",0,1,0,"midday"
98,757,99,658,"weekday","lunch","unknown","cold","restaurant",0,1,0,"midday"
98,758,100,658,"weekday","beforelunch","shopping","cold","restaurant",0,1,0,"midday"
98,762,104,658,"weekday","morning","travelling","freezing","grocery",1,1,0,"morning"
98,763,105,658,"weekday","breakfast","unknown","freezing","restaurant",0,1,0,"morning"
98,764,106,658,"weekday","afternoon","unknown","cold","restaurant",1,1,0,"midday"
98,766,108,658,"weekday","afternoon","shopping","unknown","grocery",0,1,0,"midday"
98,767,109,658,"weekend","afternoon","travelling","freezing","restaurant",0,1,0,"midday"
98,768,110,658,"weekday","afternoon","travelling","cold","grocery",0,1,0,"midday"
98,774,116,658,"weekend","lunch","travelling","cold","restaurant",0,1,1,"midday"
98,775,117,658,"weekday","beforelunch","unknown","hot","grocery",1,1,1,"midday"
98,776,118,658,"weekend","lunch","shopping","unknown","restaurant",0,1,1,"midday"
98,778,120,658,"weekday","afternoon","leisure","warm","restaurant",0,1,1,"midday"
98,779,121,658,"weekday","lunch","travelling","warm","grocery",0,1,1,"midday"
98,780,122,658,"weekday","breakfast","working","unknown","restaurant",0,1,1,"morning"
98,781,123,658,"weekday","lunch","travelling","unknown","grocery",1,1,1,"midday"
98,783,125,658,"weekday","beforelunch","morningrituals","unknown","grocery",1,1,1,"midday"
98,784,126,658,"weekend","breakfast","travelling","unknown","restaurant",0,1,1,"morning"
98,787,129,658,"weekday","earlymorning","shopping","freezing","restaurant",1,1,1,"morning"
98,788,130,658,"weekday","afternoon","travelling","cold","grocery",0,1,1,"midday"
98,790,132,658,"weekend","afternoon","travelling","unknown","restaurant",0,1,1,"midday"
98,793,135,658,"weekday","evening","travelling","freezing","restaurant",1,1,1,"night"
98,794,136,658,"weekend","breakfast","leisure","cold","restaurant",0,1,1,"morning"
98,795,137,658,"weekend","afternoon","leisure","unknown","restaurant",0,1,1,"midday"
98,796,138,658,"weekday","lunch","travelling","warm","restaurant",0,1,1,"midday"
98,797,139,658,"weekend","afternoon","leisure","cold","grocery",1,1,1,"midday"
98,798,140,658,"weekday","breakfast","leisure","hot","restaurant",1,1,1,"morning"
98,799,141,658,"weekday","afternoon","travelling","hot","grocery",0,1,1,"midday"
98,800,142,658,"weekend","breakfast","unknown","freezing","restaurant",0,1,1,"morning"
98,804,146,658,"weekday","beforelunch","working","hot","restaurant",1,1,1,"midday"
98,806,148,658,"weekend","dinner","travelling","cold","grocery",1,1,1,"night"
98,807,149,658,"weekend","breakfast","working","warm","grocery",1,1,1,"morning"
98,808,150,658,"weekday","lunch","unknown","freezing","restaurant",1,1,1,"midday"
98,809,151,658,"weekday","dinner","travelling","cold","grocery",0,1,1,"night"
98,811,153,658,"weekday","breakfast","travelling","cold","restaurant",0,1,1,"morning"
98,812,154,658,"weekday","breakfast","travelling","cold","restaurant",0,1,1,"morning"
98,814,156,658,"weekend","lunch","working","freezing","restaurant",0,1,1,"midday"
98,815,157,658,"weekday","beforelunch","travelling","cold","grocery",0,1,1,"midday"
98,816,158,658,"weekend","night","travelling","unknown","grocery",0,1,1,"night"
98,817,159,658,"weekday","beforelunch","leisure","freezing","restaurant",0,1,1,"midday"
98,818,160,658,"weekend","morning","morningrituals","cold","grocery",0,1,1,"morning"
98,819,161,658,"weekend","beforelunch","travelling","freezing","grocery",0,1,1,"midday"
98,820,162,658,"weekend","breakfast","travelling","unknown","restaurant",0,1,1,"morning"
98,828,170,658,"weekday","lunch","travelling","cold","grocery",0,1,1,"midday"
98,829,171,658,"weekday","morning","travelling","cold","grocery",0,1,1,"morning"
98,832,174,658,"weekday","breakfast","travelling","warm","grocery",0,1,1,"morning"
98,833,175,658,"weekday","afternoon","travelling","unknown","restaurant",0,1,1,"midday"
98,835,177,658,"weekend","dinner","working","unknown","grocery",0,1,1,"night"
98,836,178,658,"weekday","unknown","leisure","hot","grocery",0,1,1,"unknown"
98,838,180,658,"weekday","afternoon","travelling","warm","grocery",0,1,1,"midday"
98,839,181,658,"weekday","breakfast","working","cold","grocery",0,1,1,"morning"
98,841,183,658,"weekday","breakfast","travelling","hot","restaurant",0,1,1,"morning"
99,663,1,662,"weekday","afternoon","travelling","hot","grocery",1,0,0,"midday"
99,665,3,662,"weekday","lunch","travelling","freezing","grocery",0,0,0,"midday"
99,669,7,662,"weekend","beforelunch","travelling","cold","restaurant",0,0,0,"midday"
99,671,9,662,"weekend","lunch","travelling","unknown","grocery",0,0,0,"midday"
99,672,10,662,"weekend","breakfast","travelling","freezing","restaurant",0,0,0,"morning"
99,675,13,662,"weekend","afternoon","leisure","cold","grocery",0,0,0,"midday"
99,680,18,662,"weekday","lunch","travelling","hot","restaurant",1,0,0,"midday"
99,681,19,662,"weekend","lunch","working","cold","grocery",1,0,0,"midday"
99,682,20,662,"weekday","lunch","travelling","unknown","grocery",0,0,0,"midday"
99,684,22,662,"weekend","beforelunch","travelling","warm","restaurant",0,0,0,"midday"
99,685,23,662,"weekday","breakfast","travelling","hot","grocery",0,0,0,"morning"
99,687,25,662,"weekday","afternoon","travelling","hot","grocery",0,0,0,"midday"
99,690,28,662,"weekend","lunch","working","cold","grocery",0,0,0,"midday"
99,692,30,662,"weekday","beforelunch","travelling","cold","restaurant",0,0,0,"midday"
99,694,32,662,"weekend","afternoon","travelling","freezing","grocery",0,0,0,"midday"
99,696,34,662,"weekend","lunch","shopping","freezing","restaurant",1,0,0,"midday"
99,700,38,662,"weekend","lunch","travelling","warm","grocery",1,0,0,"midday"
99,701,39,662,"weekday","unknown","travelling","hot","restaurant",0,0,0,"unknown"
99,702,40,662,"weekday","lunch","leisure","freezing","grocery",0,0,0,"midday"
99,704,42,662,"weekday","morning","travelling","freezing","grocery",0,0,0,"morning"
99,710,48,662,"weekday","earlymorning","travelling","cold","restaurant",0,0,0,"morning"
99,719,57,662,"weekday","lunch","unknown","cold","restaurant",1,1,0,"midday"
99,725,63,662,"weekend","lunch","shopping","freezing","grocery",0,1,0,"midday"
99,727,65,662,"weekday","evening","travelling","unknown","restaurant",1,1,0,"night"
99,732,70,662,"weekend","afternoon","travelling","freezing","restaurant",0,1,0,"midday"
99,740,78,662,"weekday","afternoon","travelling","hot","restaurant",1,1,0,"midday"
99,756,94,662,"weekend","breakfast","travelling","cold","restaurant",1,1,0,"morning"
99,759,97,662,"weekday","breakfast","travelling","cold","grocery",1,1,0,"morning"
99,769,107,662,"weekend","lunch","travelling","warm","restaurant",0,1,0,"midday"
99,770,108,662,"weekday","afternoon","travelling","cold","grocery",0,1,0,"midday"
99,771,109,662,"weekday","morning","travelling","warm","restaurant",0,1,0,"morning"
99,773,111,662,"weekend","lunch","leisure","freezing","restaurant",0,1,0,"midday"
99,775,113,662,"weekday","morning","travelling","warm","restaurant",0,1,1,"morning"
99,781,119,662,"weekend","lunch","travelling","freezing","grocery",0,1,1,"midday"
99,793,131,662,"weekday","lunch","travelling","cold","restaurant",1,1,1,"midday"
99,798,136,662,"weekday","afternoon","travelling","hot","grocery",1,1,1,"midday"
99,808,146,662,"weekday","afternoon","travelling","cold","restaurant",0,1,1,"midday"
99,809,147,662,"weekend","morning","travelling","unknown","grocery",0,1,1,"morning"
99,814,152,662,"weekday","lunch","shopping","cold","restaurant",1,1,1,"midday"
99,824,162,662,"weekday","earlymorning","travelling","unknown","grocery",0,1,1,"morning"
99,829,167,662,"weekday","dinner","travelling","freezing","restaurant",0,1,1,"night"
99,833,171,662,"weekday","lunch","shopping","freezing","restaurant",1,1,1,"midday"
99,837,175,662,"weekday","morning","unknown","cold","restaurant",0,1,1,"morning"
99,839,177,662,"weekday","earlymorning","travelling","warm","grocery",0,1,1,"morning"
100,664,1,663,"weekday","afternoon","travelling","unknown","restaurant",1,0,0,"midday"
100,665,2,663,"weekday","breakfast","travelling","freezing","restaurant",0,0,0,"morning"
100,667,4,663,"weekday","lunch","travelling","cold","grocery",0,0,0,"midday"
100,670,7,663,"weekday","afternoon","travelling","unknown","grocery",0,0,0,"midday"
100,671,8,663,"weekday","afternoon","unknown","unknown","grocery",0,0,0,"midday"
100,672,9,663,"weekday","lunch","travelling","freezing","grocery",1,0,0,"midday"
100,674,11,663,"weekday","morning","working","cold","grocery",0,0,0,"morning"
100,675,12,663,"weekend","afternoon","working","freezing","grocery",0,0,0,"midday"
100,677,14,663,"weekday","lunch","unknown","freezing","restaurant",1,0,0,"midday"
100,679,16,663,"weekday","beforelunch","travelling","hot","grocery",1,0,0,"midday"
100,680,17,663,"weekday","lunch","travelling","freezing","restaurant",0,0,0,"midday"
100,682,19,663,"weekday","unknown","leisure","unknown","grocery",1,0,0,"unknown"
100,684,21,663,"weekday","lunch","travelling","cold","restaurant",1,0,0,"midday"
100,686,23,663,"weekday","beforelunch","housework","warm","grocery",0,0,0,"midday"
100,687,24,663,"weekday","lunch","unknown","unknown","grocery",0,0,0,"midday"
100,688,25,663,"weekday","lunch","travelling","freezing","restaurant",0,0,0,"midday"
100,690,27,663,"weekday","morning","travelling","unknown","restaurant",1,0,0,"morning"
100,691,28,663,"weekday","afternoon","travelling","cold","restaurant",0,0,0,"midday"
100,694,31,663,"weekday","afternoon","unknown","freezing","restaurant",0,0,0,"midday"
100,695,32,663,"weekday","afternoon","travelling","warm","restaurant",0,0,0,"midday"
100,696,33,663,"weekend","lunch","travelling","unknown","restaurant",0,0,0,"midday"
100,697,34,663,"weekday","lunch","shopping","unknown","restaurant",1,0,0,"midday"
100,698,35,663,"weekday","morning","travelling","cold","restaurant",0,0,0,"morning"
100,699,36,663,"weekday","breakfast","travelling","cold","restaurant",0,0,0,"morning"
100,702,39,663,"weekday","afternoon","working","unknown","grocery",0,0,0,"midday"
100,705,42,663,"weekday","morning","shopping","cold","grocery",0,0,0,"morning"
100,706,43,663,"weekday","afternoon","travelling","unknown","grocery",0,0,0,"midday"
100,708,45,663,"weekday","lunch","working","unknown","grocery",0,0,0,"midday"
100,709,46,663,"weekday","beforelunch","unknown","freezing","restaurant",0,0,0,"midday"
100,710,47,663,"weekend","afternoon","unknown","cold","grocery",0,0,0,"midday"
100,713,50,663,"weekday","afternoon","travelling","cold","grocery",0,0,0,"midday"
100,715,52,663,"weekday","afternoon","travelling","unknown","restaurant",1,0,0,"midday"
100,716,53,663,"weekday","afternoon","shopping","cold","grocery",0,0,0,"midday"
100,717,54,663,"weekday","afternoon","travelling","warm","restaurant",1,0,0,"midday"
100,718,55,663,"weekend","night","travelling","unknown","restaurant",1,0,0,"night"
100,719,56,663,"weekday","lunch","unknown","unknown","restaurant",0,0,0,"midday"
100,720,57,663,"weekday","lunch","travelling","cold","grocery",0,1,0,"midday"
100,722,59,663,"weekday","lunch","leisure","cold","grocery",0,1,0,"midday"
100,724,61,663,"weekend","lunch","travelling","cold","grocery",1,1,0,"midday"
100,725,62,663,"weekday","unknown","travelling","cold","grocery",0,1,0,"unknown"
100,726,63,663,"weekend","lunch","travelling","hot","grocery",0,1,0,"midday"
100,729,66,663,"unknown","dinner","travelling","cold","restaurant",0,1,0,"night"
100,730,67,663,"weekday","breakfast","unknown","cold","grocery",0,1,0,"morning"
100,732,69,663,"weekday","afternoon","unknown","unknown","restaurant",0,1,0,"midday"
100,735,72,663,"weekday","night","working","cold","grocery",1,1,0,"night"
100,736,73,663,"weekday","beforelunch","travelling","hot","grocery",0,1,0,"midday"
100,737,74,663,"weekday","afternoon","leisure","freezing","restaurant",0,1,0,"midday"
100,738,75,663,"weekend","afternoon","working","hot","grocery",1,1,0,"midday"
100,740,77,663,"weekday","lunch","shopping","freezing","grocery",0,1,0,"midday"
100,742,79,663,"weekend","breakfast","unknown","hot","grocery",0,1,0,"morning"
100,743,80,663,"weekday","lunch","travelling","freezing","restaurant",0,1,0,"midday"
100,744,81,663,"weekday","dinner","travelling","freezing","grocery",0,1,0,"night"
100,745,82,663,"weekday","lunch","travelling","unknown","restaurant",0,1,0,"midday"
100,746,83,663,"weekday","afternoon","unknown","warm","grocery",1,1,0,"midday"
100,747,84,663,"unknown","beforelunch","travelling","cold","restaurant",0,1,0,"midday"
100,749,86,663,"unknown","breakfast","travelling","cold","grocery",0,1,0,"morning"
100,750,87,663,"weekday","dinner","travelling","unknown","restaurant",0,1,0,"night"
100,751,88,663,"weekday","night","leisure","freezing","grocery",0,1,0,"night"
100,752,89,663,"weekend","lunch","travelling","cold","restaurant",0,1,0,"midday"
100,753,90,663,"weekday","beforelunch","travelling","freezing","grocery",0,1,0,"midday"
100,754,91,663,"weekend","beforelunch","shopping","unknown","restaurant",0,1,0,"midday"
100,757,94,663,"weekend","dinner","unknown","hot","grocery",0,1,0,"night"
100,759,96,663,"weekend","afternoon","leisure","unknown","restaurant",1,1,0,"midday"
100,760,97,663,"weekday","morning","travelling","freezing","restaurant",0,1,0,"morning"
100,761,98,663,"weekday","beforelunch","shopping","freezing","grocery",1,1,0,"midday"
100,763,100,663,"weekday","beforelunch","shopping","freezing","restaurant",1,1,0,"midday"
100,765,102,663,"weekend","afternoon","travelling","hot","restaurant",0,1,0,"midday"
100,766,103,663,"weekday","earlymorning","working","freezing","restaurant",0,1,0,"morning"
100,767,104,663,"weekday","afternoon","shopping","hot","grocery",1,1,0,"midday"
100,769,106,663,"weekday","beforelunch","travelling","unknown","restaurant",1,1,0,"midday"
100,770,107,663,"weekday","afternoon","working","cold","grocery",0,1,0,"midday"
100,773,110,663,"weekday","afternoon","working","cold","restaurant",0,1,0,"midday"
100,774,111,663,"weekday","afternoon","travelling","unknown","grocery",0,1,0,"midday"
100,776,113,663,"weekend","beforelunch","unknown","freezing","grocery",1,1,1,"midday"
100,777,114,663,"weekday","beforelunch","travelling","hot","restaurant",0,1,1,"midday"
100,778,115,663,"weekday","morning","unknown","freezing","restaurant",0,1,1,"morning"
100,780,117,663,"weekday","lunch","morningrituals","freezing","restaurant",0,1,1,"midday"
100,781,118,663,"weekday","morning","travelling","warm","grocery",0,1,1,"morning"
100,783,120,663,"weekday","morning","travelling","cold","grocery",1,1,1,"morning"
100,784,121,663,"weekday","afternoon","travelling","cold","grocery",0,1,1,"midday"
100,786,123,663,"weekend","lunch","travelling","freezing","restaurant",1,1,1,"midday"
100,788,125,663,"weekend","dinner","travelling","cold","grocery",0,1,1,"night"
100,790,127,663,"weekday","beforelunch","travelling","warm","restaurant",0,1,1,"midday"
100,791,128,663,"weekday","lunch","travelling","freezing","grocery",0,1,1,"midday"
100,792,129,663,"weekday","afternoon","unknown","hot","grocery",0,1,1,"midday"
100,793,130,663,"weekday","beforelunch","unknown","cold","restaurant",1,1,1,"midday"
100,794,131,663,"weekday","lunch","travelling","cold","grocery",1,1,1,"midday"
100,795,132,663,"weekday","beforelunch","travelling","warm","grocery",0,1,1,"midday"
100,797,134,663,"weekday","beforelunch","travelling","freezing","grocery",1,1,1,"midday"
100,798,135,663,"weekend","afternoon","shopping","hot","restaurant",0,1,1,"midday"
100,800,137,663,"weekend","lunch","shopping","warm","restaurant",1,1,1,"midday"
100,802,139,663,"weekday","afternoon","travelling","cold","grocery",0,1,1,"midday"
100,804,141,663,"weekday","afternoon","travelling","hot","grocery",0,1,1,"midday"
100,807,144,663,"weekend","lunch","leisure","cold","grocery",0,1,1,"midday"
100,808,145,663,"weekday","afternoon","unknown","freezing","grocery",1,1,1,"midday"
100,809,146,663,"weekend","beforelunch","shopping","freezing","restaurant",0,1,1,"midday"
100,810,147,663,"weekday","afternoon","leisure","unknown","grocery",0,1,1,"midday"
100,811,148,663,"weekend","beforelunch","travelling","cold","restaurant",0,1,1,"midday"
100,812,149,663,"weekday","lunch","travelling","warm","restaurant",0,1,1,"midday"
100,815,152,663,"weekday","afternoon","working","warm","grocery",0,1,1,"midday"
100,816,153,663,"weekend","night","travelling","cold","restaurant",0,1,1,"night"
100,818,155,663,"weekday","breakfast","leisure","cold","grocery",0,1,1,"morning"
100,820,157,663,"weekend","morning","unknown","cold","grocery",0,1,1,"morning"
100,821,158,663,"weekday","beforelunch","morningrituals","hot","grocery",1,1,1,"midday"
100,822,159,663,"weekend","afternoon","travelling","cold","grocery",0,1,1,"midday"
100,823,160,663,"weekday","dinner","travelling","warm","restaurant",0,1,1,"night"
100,824,161,663,"weekday","earlymorning","working","cold","restaurant",1,1,1,"morning"
100,827,164,663,"weekday","earlymorning","travelling","unknown","grocery",0,1,1,"morning"
100,829,166,663,"weekend","morning","leisure","freezing","restaurant",0,1,1,"morning"
100,830,167,663,"weekday","morning","shopping","cold","restaurant",1,1,1,"morning"
100,834,171,663,"weekday","lunch","travelling","unknown","grocery",1,1,1,"midday"
100,836,173,663,"weekday","afternoon","working","cold","restaurant",0,1,1,"midday"
100,837,174,663,"weekday","breakfast","leisure","warm","grocery",0,1,1,"morning"
100,839,176,663,"weekday","dinner","travelling","warm","grocery",0,1,1,"night"
100,842,179,663,"weekday","afternoon","leisure","warm","restaurant",1,1,1,"midday"
100,843,180,663,"weekend","beforelunch","travelling","freezing","grocery",1,1,1,"midday"
100,844,181,663,"weekend","breakfast","travelling","warm","restaurant",1,1,1,"morning"
100,846,183,663,"weekend","breakfast","travelling","cold","grocery",0,1,1,"morning"
